ID,state
0,TNFRSF1A -- TNFRSF1B -- MAPK8 -- STAT1 -- FOS -- BIRC2 -- BIRC3 -- SIRT1 -- MYC -- TNFAIP3 -- TRAF1 -- MAPK14 -- RHOA -- NR3C1 -- TGFB2 -- RAC1 -- MAP2K7 -- MAP3K1 -- VEGFA -- RET -- TRADD -- ATM -- CHUK -- RPS6KA5 -- PPP1R13L -- MAPK9 -- LYN -- IRF1 -- CYCS -- HIP1 -- CDK4 -- RNF11 -- PSEN1 -- SOD1 -- HNRNPK -- RPA4 -- SMPD1 -- TNIK -- BRCA1 -- PELP1 -- BID -- MCL1 -- PCNA -- TAF1 -- PLAC8 -- DIABLO
1,TNFRSF1A -- TNFRSF1B -- NFKB1 -- MAPK8 -- JUN -- FOS -- SIRT1 -- RB1 -- TNFAIP3 -- CCND1 -- TRAF1 -- MAPK14 -- RHOA -- RAC1 -- MAP2K7 -- MAP3K1 -- IGF1 -- MAP3K14 -- TRADD -- TNFRSF10B -- CASP2 -- MDM2 -- CHUK -- RPS6KA5 -- PPP1R13L -- MAPK9 -- IRF1 -- EIF4G2 -- HTRA2 -- MYB -- HIP1 -- CDK4 -- OTUD7B -- RNF11 -- CASP10 -- PSEN1 -- SOD1 -- RPA4 -- SMPD1 -- TNIK -- HTT -- PELP1 -- BAX -- BAK1 -- BID -- FOXM1 -- PCNA -- PLAC8 -- CASP9 -- DIABLO -- APAF1
2,TNFRSF1A -- TNFRSF1B -- NFKB1 -- MAPK8 -- JUN -- FOS -- SIRT1 -- RB1 -- TNFAIP3 -- CCND1 -- TRAF1 -- MAPK14 -- RHOA -- RAC1 -- MAP2K7 -- MAP3K1 -- IGF1 -- MAP3K14 -- TRADD -- TNFRSF10B -- ATM -- CASP2 -- MDM2 -- CHUK -- RPS6KA5 -- PPP1R13L -- MAPK9 -- IRF1 -- EIF4G2 -- HTRA2 -- HIP1 -- CDK4 -- OTUD7B -- RNF11 -- CASP10 -- PSEN1 -- SOD1 -- RPA4 -- SMPD1 -- TNIK -- HTT -- PELP1 -- BAX -- BAK1 -- BID -- FOXM1 -- PCNA -- PLAC8 -- CASP9 -- DIABLO -- APAF1
3,TNFRSF1A -- TNFRSF1B -- NFKB1 -- MAPK8 -- BIRC2 -- SIRT1 -- RB1 -- TNFAIP3 -- CCND1 -- MAPK14 -- PTMA -- RHOA -- RAC1 -- MAP2K7 -- MAP3K1 -- IGF1 -- TRADD -- TNFRSF10B -- MDM2 -- CHUK -- RPS6KA5 -- PPP1R13L -- MAPK9 -- LYN -- IRF1 -- EIF4G2 -- CYCS -- CDK4 -- OTUD7B -- RNF11 -- PSEN1 -- BAD -- SOD1 -- RPA4 -- SMPD1 -- TNIK -- PELP1 -- BID -- FOXM1 -- PCNA -- TAF1 -- DIABLO -- RANGAP1
4,TNFRSF1A -- TNFRSF1B -- NFKB1 -- MAPK8 -- BIRC2 -- SIRT1 -- MYC -- TNFAIP3 -- CCND1 -- MAPK14 -- PTMA -- RHOA -- RAC1 -- MAP2K7 -- MAP3K1 -- IGF1 -- RET -- TRADD -- TNFRSF10B -- ATM -- MDM2 -- CHUK -- PPP1R13L -- MAPK9 -- LYN -- IRF1 -- CYCS -- CDK4 -- RNF11 -- PSEN1 -- BAD -- SOD1 -- RPA4 -- SMPD1 -- TNIK -- PELP1 -- EIF4E -- BID -- FOXM1 -- PCNA -- TAF1 -- DIABLO -- RANGAP1
5,TNFRSF1A -- TNFRSF1B -- MAPK8 -- STAT1 -- BIRC2 -- BIRC3 -- SIRT1 -- TNFAIP3 -- TRAF1 -- MAPK14 -- RHOA -- NR3C1 -- RAC1 -- MAP2K7 -- MAP3K1 -- VEGFA -- RET -- TRADD -- ATM -- CHUK -- RPS6KA5 -- PPP1R13L -- MAPK9 -- LYN -- IRF1 -- MYB -- CYCS -- HIP1 -- RNF11 -- PSEN1 -- SOD1 -- HNRNPK -- SMPD1 -- TNIK -- BRCA1 -- EIF4E -- BID -- MCL1 -- PCNA -- TAF1 -- PLAC8 -- DIABLO -- RASSF1
6,TNFRSF1A -- TNFRSF1B -- MAPK8 -- STAT1 -- BIRC2 -- SIRT1 -- MYC -- TNFAIP3 -- MAPK14 -- PTMA -- RHOA -- TGFB2 -- RAC1 -- MAP2K7 -- MAP3K1 -- IGF1 -- VEGFA -- RET -- TRADD -- MDM2 -- CHUK -- PPP1R13L -- MAPK9 -- LYN -- IRF1 -- CYCS -- CDK4 -- RNF11 -- PSEN1 -- BAD -- SOD1 -- SMPD1 -- TNIK -- BRCA1 -- PELP1 -- EIF4E -- BID -- FOXM1 -- MCL1 -- PCNA -- TAF1 -- DIABLO
7,TNFRSF1A -- TNFRSF1B -- MAPK8 -- STAT1 -- JUN -- FOS -- SIRT1 -- TNFAIP3 -- TRAF1 -- MAPK14 -- RHOA -- NR3C1 -- TGFB2 -- RAC1 -- MAP2K7 -- MAP3K1 -- VEGFA -- MAP3K14 -- RET -- TRADD -- ATM -- CASP2 -- CHUK -- RPS6KA5 -- PPP1R13L -- MAPK9 -- IRF1 -- EIF4G2 -- HTRA2 -- MYB -- HIP1 -- RNF11 -- PSEN1 -- SOD1 -- HNRNPK -- SMPD1 -- TNIK -- HTT -- BRCA1 -- CDKN2A -- BAK1 -- BID -- MCL1 -- PCNA -- TAF1 -- PLAC8 -- CASP9 -- DIABLO -- APAF1 -- RASSF1
8,TNFRSF1A -- TNFRSF1B -- MAPK8 -- STAT1 -- BIRC2 -- SIRT1 -- TNFAIP3 -- TRAF1 -- MAPK14 -- RHOA -- NR3C1 -- RAC1 -- MAP2K7 -- MAP3K1 -- VEGFA -- RET -- TRADD -- ATM -- CHUK -- RPS6KA5 -- PPP1R13L -- MAPK9 -- LYN -- IRF1 -- CYCS -- HIP1 -- RNF11 -- PSEN1 -- SOD1 -- HNRNPK -- SMPD1 -- TNIK -- HTT -- BRCA1 -- CDKN2A -- EIF4E -- BID -- MCL1 -- PCNA -- TAF1 -- PLAC8 -- DIABLO -- RASSF1
9,NFKB1 -- STAT1 -- BIRC2 -- TNFAIP3 -- TRAF1 -- MAPK14 -- IL2 -- RAC1 -- MAP2K7 -- MAP3K1 -- IGF1 -- VEGFA -- TRADD -- MAPK1 -- TRAF2 -- TNFRSF10B -- AKT1 -- MDM2 -- CHUK -- RPS6KA5 -- PPP1R13L -- MAPK9 -- LYN -- IRF1 -- CYCS -- HIP1 -- CDK4 -- OTUD7B -- CASP10 -- PARP1 -- PSEN1 -- SOD1 -- RPA4 -- SMPD1 -- TNIK -- PELP1 -- EIF4E -- BID -- FOXM1 -- MCL1 -- CTBP1 -- PCNA -- DIABLO
10,TNFRSF1A -- TNFRSF1B -- MAPK8 -- FOS -- BIRC2 -- SIRT1 -- MYC -- TNFAIP3 -- CCND1 -- MAPK14 -- PTMA -- RHOA -- TGFB2 -- RAC1 -- MAP2K7 -- MAP3K1 -- TRADD -- MDM2 -- CHUK -- PPP1R13L -- MAPK9 -- LYN -- IRF1 -- CYCS -- HIP1 -- CDK4 -- OTUD7B -- RNF11 -- PSEN1 -- SOD1 -- RPA4 -- SMPD1 -- TNIK -- BRCA1 -- PELP1 -- EIF4E -- BID -- PCNA -- TAF1 -- PLAC8 -- DIABLO -- RANGAP1
11,TNFRSF1A -- TNFRSF1B -- MAPK8 -- STAT1 -- JUN -- FOS -- BIRC3 -- SIRT1 -- TNFAIP3 -- TRAF1 -- MAPK14 -- RHOA -- TGFB2 -- RAC1 -- MAP2K7 -- MAP3K1 -- VEGFA -- MAP3K14 -- RET -- TRADD -- ATM -- CASP2 -- CHUK -- RPS6KA5 -- PPP1R13L -- MAPK9 -- IRF1 -- EIF4G2 -- MYB -- CYCS -- HIP1 -- RNF11 -- PSEN1 -- SOD1 -- HNRNPK -- CASP7 -- SMPD1 -- TNIK -- HTT -- BRCA1 -- CDKN2A -- BID -- MCL1 -- PCNA -- TAF1 -- PLAC8 -- CASP9 -- DIABLO -- APAF1 -- RASSF1
12,TNFRSF1A -- TNFRSF1B -- MAPK8 -- STAT1 -- BIRC2 -- SIRT1 -- MYC -- TNFAIP3 -- CCND1 -- MAPK14 -- PTMA -- RHOA -- TGFB2 -- RAC1 -- MAP2K7 -- MAP3K1 -- IGF1 -- VEGFA -- TRADD -- TNFRSF10B -- MDM2 -- CHUK -- PPP1R13L -- MAPK9 -- LYN -- IRF1 -- EIF4G2 -- CYCS -- CDK4 -- OTUD7B -- RNF11 -- CASP10 -- PSEN1 -- BAD -- SOD1 -- RPA4 -- SMPD1 -- TNIK -- PELP1 -- EIF4E -- BID -- FOXM1 -- MCL1 -- PCNA -- TAF1 -- DIABLO -- RANGAP1
13,TNFRSF1A -- TNFRSF1B -- NFKB1 -- MAPK8 -- SIRT1 -- RB1 -- TNFAIP3 -- CCND1 -- MAPK14 -- PTMA -- RHOA -- RAC1 -- MAP2K7 -- MAP3K1 -- IGF1 -- MAP3K14 -- TRADD -- TNFRSF10B -- ATM -- CASP2 -- MDM2 -- CHUK -- PPP1R13L -- MAPK9 -- LYN -- IRF1 -- HTRA2 -- HIP1 -- CDK4 -- OTUD7B -- RNF11 -- CASP10 -- PSEN1 -- SOD1 -- RPA4 -- SMPD1 -- TNIK -- HTT -- PELP1 -- BAX -- BAK1 -- EIF4E -- BID -- FOXM1 -- PCNA -- PLAC8 -- DIABLO -- APAF1 -- RANGAP1
14,TNFRSF1A -- TNFRSF1B -- MAPK8 -- STAT1 -- FOS -- BIRC2 -- BIRC3 -- SIRT1 -- MYC -- TNFAIP3 -- TRAF1 -- MAPK14 -- RHOA -- NR3C1 -- TGFB2 -- RAC1 -- MAP2K7 -- MAP3K1 -- VEGFA -- RET -- TRADD -- ATM -- CHUK -- RPS6KA5 -- PPP1R13L -- MAPK9 -- LYN -- IRF1 -- CYCS -- RNF11 -- PSEN1 -- SOD1 -- HNRNPK -- SMPD1 -- TNIK -- BRCA1 -- CDKN2A -- BID -- MCL1 -- PCNA -- TAF1 -- PLAC8 -- DIABLO -- RASSF1
15,TNFRSF1A -- TNFRSF1B -- MAPK8 -- STAT1 -- JUN -- FOS -- BIRC2 -- BIRC3 -- SIRT1 -- TNFAIP3 -- TRAF1 -- MAPK14 -- RHOA -- NR3C1 -- TGFB2 -- RAC1 -- MAP2K7 -- MAP3K1 -- VEGFA -- RET -- TRADD -- ATM -- CHUK -- RPS6KA5 -- PPP1R13L -- MAPK9 -- IRF1 -- EIF4G2 -- MYB -- CYCS -- HIP1 -- RNF11 -- PSEN1 -- SOD1 -- HNRNPK -- SMPD1 -- TNIK -- BRCA1 -- CDKN2A -- BID -- MCL1 -- PCNA -- TAF1 -- PLAC8 -- DIABLO -- RASSF1
16,TNFRSF1A -- TNFRSF1B -- MAPK8 -- STAT1 -- BIRC2 -- BIRC3 -- SIRT1 -- MYC -- RB1 -- TNFAIP3 -- CCND1 -- MAPK14 -- PTMA -- RHOA -- TGFB2 -- RAC1 -- MAP2K7 -- MAP3K1 -- RET -- TRADD -- CHUK -- PPP1R13L -- MAPK9 -- LYN -- IRF1 -- EIF4G2 -- CYCS -- CDK4 -- OTUD7B -- RNF11 -- PSEN1 -- BAD -- SOD1 -- HNRNPK -- RPA4 -- SMPD1 -- TNIK -- HTT -- PELP1 -- BID -- FOXM1 -- MCL1 -- PCNA -- TAF1 -- DIABLO -- RANGAP1
17,TNFRSF1A -- TNFRSF1B -- NFKB1 -- MAPK8 -- BIRC3 -- SIRT1 -- RB1 -- TNFAIP3 -- CCND1 -- TRAF1 -- MAPK14 -- RHOA -- RAC1 -- MAP2K7 -- MAP3K1 -- TRADD -- TNFRSF10B -- ATM -- MDM2 -- CHUK -- RPS6KA5 -- PPP1R13L -- MAPK9 -- LYN -- IRF1 -- EIF4G2 -- HTRA2 -- CDK4 -- OTUD7B -- RNF11 -- CASP10 -- PSEN1 -- SOD1 -- RPA4 -- SMPD1 -- TNIK -- PELP1 -- BAX -- BAK1 -- BID -- FOXM1 -- PCNA -- DIABLO
18,TNFRSF1A -- TNFRSF1B -- NFKB1 -- MAPK8 -- SIRT1 -- TNFAIP3 -- CCND1 -- TRAF1 -- MAPK14 -- RHOA -- RAC1 -- MAP2K7 -- MAP3K1 -- RET -- TRADD -- ATM -- CASP2 -- MDM2 -- CHUK -- RPS6KA5 -- PPP1R13L -- MAPK9 -- LYN -- IRF1 -- EIF4G2 -- HTRA2 -- MYB -- HIP1 -- CDK4 -- OTUD7B -- RNF11 -- PSEN1 -- SOD1 -- RPA4 -- CASP7 -- SMPD1 -- TNIK -- PELP1 -- BAX -- BAK1 -- BID -- FOXM1 -- PCNA -- TAF1 -- PLAC8 -- DIABLO -- APAF1
19,TNFRSF1A -- TNFRSF1B -- NFKB1 -- MAPK8 -- SIRT1 -- RB1 -- TNFAIP3 -- CCND1 -- TRAF1 -- MAPK14 -- RHOA -- RAC1 -- MAP2K7 -- MAP3K1 -- TRADD -- TNFRSF10B -- CASP2 -- MDM2 -- CHUK -- RPS6KA5 -- PPP1R13L -- MAPK9 -- LYN -- IRF1 -- EIF4G2 -- HTRA2 -- HIP1 -- CDK4 -- OTUD7B -- RNF11 -- CASP10 -- PSEN1 -- SOD1 -- RPA4 -- SMPD1 -- TNIK -- HTT -- PELP1 -- BAX -- BAK1 -- BID -- FOXM1 -- PCNA -- PLAC8 -- CASP9 -- DIABLO -- APAF1
20,TNFRSF1A -- TNFRSF1B -- MAPK8 -- JUN -- FOS -- SIRT1 -- RB1 -- TNFAIP3 -- TRAF1 -- MAPK14 -- RHOA -- RAC1 -- MAP2K7 -- MAP3K1 -- MAP3K14 -- TRADD -- TNFRSF10B -- ATM -- CASP2 -- CHUK -- RPS6KA5 -- PPP1R13L -- MAPK9 -- IRF1 -- EIF4G2 -- HTRA2 -- MYB -- HIP1 -- CDK4 -- OTUD7B -- RNF11 -- CASP10 -- PSEN1 -- SOD1 -- RPA4 -- SMPD1 -- TNIK -- HTT -- CDKN2A -- PELP1 -- BAX -- BAK1 -- BID -- FOXM1 -- PCNA -- PLAC8 -- CASP9 -- DIABLO -- APAF1
21,STAT1 -- SIRT1 -- TRAF1 -- MAPK14 -- TGFB2 -- RAC1 -- MAP2K7 -- MAP3K1 -- VEGFA -- MAPK1 -- AKT1 -- ATM -- MDM2 -- CHUK -- RPS6KA5 -- PPP1R13L -- MAPK9 -- LYN -- IRF1 -- CYCS -- HIP1 -- CDK4 -- OTUD7B -- PARP1 -- PSEN1 -- SOD1 -- RPA4 -- PELP1 -- BAK1 -- BID -- FOXM1 -- CTBP1 -- PCNA -- TAF1 -- PLAC8 -- DIABLO -- APAF1
22,TNFRSF1A -- TNFRSF1B -- NFKB1 -- MAPK8 -- JUN -- FOS -- SIRT1 -- RB1 -- TNFAIP3 -- CCND1 -- TRAF1 -- MAPK14 -- RHOA -- RAC1 -- MAP2K7 -- MAP3K1 -- TRADD -- TNFRSF10B -- CASP2 -- MDM2 -- CHUK -- RPS6KA5 -- PPP1R13L -- MAPK9 -- IRF1 -- EIF4G2 -- HTRA2 -- HIP1 -- CDK4 -- OTUD7B -- RNF11 -- CASP10 -- PSEN1 -- SOD1 -- RPA4 -- SMPD1 -- TNIK -- HTT -- PELP1 -- BAX -- BAK1 -- BID -- FOXM1 -- PCNA -- PLAC8 -- CASP9 -- DIABLO
23,TNFRSF1A -- TNFRSF1B -- NFKB1 -- MAPK8 -- STAT1 -- JUN -- FOS -- SIRT1 -- TNFAIP3 -- TRAF1 -- MAPK14 -- RHOA -- RAC1 -- MAP2K7 -- MAP3K1 -- VEGFA -- MAP3K14 -- RET -- TRADD -- TNFRSF10B -- ATM -- CASP2 -- CHUK -- RPS6KA5 -- PPP1R13L -- MAPK9 -- IRF1 -- EIF4G2 -- HTRA2 -- MYB -- HIP1 -- OTUD7B -- RNF11 -- CASP10 -- PSEN1 -- SOD1 -- SMPD1 -- TNIK -- HTT -- BRCA1 -- CDKN2A -- PELP1 -- BAX -- BAK1 -- BID -- MCL1 -- PCNA -- PLAC8 -- CASP9 -- DIABLO -- APAF1 -- RASSF1
800,TNFRSF1A -- TNFRSF1B -- MAPK8 -- STAT1 -- BIRC2 -- SIRT1 -- TNFAIP3 -- TRAF1 -- MAPK14 -- RHOA -- NR3C1 -- RAC1 -- MAP2K7 -- MAP3K1 -- IGF1 -- VEGFA -- RET -- TRADD -- CHUK -- RPS6KA5 -- PPP1R13L -- MAPK9 -- LYN -- IRF1 -- CYCS -- HIP1 -- CDK4 -- RNF11 -- PSEN1 -- SOD1 -- HNRNPK -- RPA4 -- SMPD1 -- TNIK -- BRCA1 -- PELP1 -- EIF4E -- BID -- FOXM1 -- MCL1 -- PCNA -- TAF1 -- PLAC8 -- DIABLO -- RASSF1
25,TNFRSF1A -- TNFRSF1B -- MAPK8 -- STAT1 -- JUN -- BIRC2 -- BIRC3 -- SIRT1 -- TNFAIP3 -- TRAF1 -- MAPK14 -- RHOA -- NR3C1 -- TGFB2 -- RAC1 -- MAP2K7 -- MAP3K1 -- VEGFA -- RET -- TRADD -- ATM -- CHUK -- RPS6KA5 -- PPP1R13L -- MAPK9 -- LYN -- IRF1 -- MYB -- CYCS -- HIP1 -- RNF11 -- PSEN1 -- SOD1 -- HNRNPK -- SMPD1 -- TNIK -- BRCA1 -- CDKN2A -- EIF4E -- BID -- MCL1 -- PCNA -- TAF1 -- PLAC8 -- DIABLO -- RASSF1
26,TNFRSF1A -- TNFRSF1B -- NFKB1 -- MAPK8 -- JUN -- FOS -- SIRT1 -- RB1 -- TNFAIP3 -- CCND1 -- TRAF1 -- MAPK14 -- RHOA -- RAC1 -- MAP2K7 -- MAP3K1 -- MAP3K14 -- TRADD -- TNFRSF10B -- CASP2 -- MDM2 -- CHUK -- RPS6KA5 -- PPP1R13L -- MAPK9 -- IRF1 -- EIF4G2 -- HTRA2 -- MYB -- HIP1 -- CDK4 -- OTUD7B -- RNF11 -- CASP10 -- PSEN1 -- SOD1 -- RPA4 -- SMPD1 -- TNIK -- HTT -- PELP1 -- BAX -- BAK1 -- BID -- FOXM1 -- PCNA -- PLAC8 -- CASP9 -- DIABLO -- APAF1
27,TNFRSF1A -- TNFRSF1B -- MAPK8 -- STAT1 -- BIRC2 -- SIRT1 -- TNFAIP3 -- TRAF1 -- MAPK14 -- RHOA -- NR3C1 -- MAP2K7 -- MAP3K1 -- VEGFA -- TRADD -- CHUK -- RPS6KA5 -- PPP1R13L -- MAPK9 -- LYN -- IRF1 -- EIF4G2 -- CYCS -- HIP1 -- CDK4 -- OTUD7B -- RNF11 -- PSEN1 -- SOD1 -- HNRNPK -- SMPD1 -- TNIK -- HTT -- BRCA1 -- BID -- FOXM1 -- MCL1 -- PCNA -- TAF1 -- PLAC8 -- DIABLO
28,TNFRSF1A -- TNFRSF1B -- MAPK8 -- STAT1 -- JUN -- FOS -- BIRC2 -- BIRC3 -- SIRT1 -- TNFAIP3 -- TRAF1 -- MAPK14 -- RHOA -- NR3C1 -- TGFB2 -- RAC1 -- MAP2K7 -- MAP3K1 -- VEGFA -- RET -- TRADD -- ATM -- CHUK -- RPS6KA5 -- PPP1R13L -- MAPK9 -- IRF1 -- MYB -- CYCS -- HIP1 -- RNF11 -- PSEN1 -- SOD1 -- HNRNPK -- SMPD1 -- TNIK -- BRCA1 -- CDKN2A -- EIF4E -- BID -- MCL1 -- PCNA -- TAF1 -- PLAC8 -- DIABLO -- RASSF1
29,TNFRSF1A -- TNFRSF1B -- NFKB1 -- MAPK8 -- JUN -- FOS -- SIRT1 -- RB1 -- TNFAIP3 -- CCND1 -- TRAF1 -- MAPK14 -- RHOA -- RAC1 -- MAP2K7 -- MAP3K1 -- MAP3K14 -- TRADD -- TNFRSF10B -- ATM -- CASP2 -- MDM2 -- CHUK -- RPS6KA5 -- PPP1R13L -- MAPK9 -- IRF1 -- EIF4G2 -- HTRA2 -- MYB -- HIP1 -- CDK4 -- OTUD7B -- RNF11 -- CASP10 -- PSEN1 -- SOD1 -- RPA4 -- SMPD1 -- TNIK -- HTT -- CDKN2A -- PELP1 -- BAX -- BAK1 -- BID -- FOXM1 -- PCNA -- PLAC8 -- CASP9 -- DIABLO -- APAF1
759,TNFRSF1A -- TNFRSF1B -- NFKB1 -- MAPK8 -- SIRT1 -- RB1 -- TNFAIP3 -- CCND1 -- TRAF1 -- MAPK14 -- RHOA -- RAC1 -- MAP2K7 -- MAP3K1 -- MAP3K14 -- TRADD -- TNFRSF10B -- ATM -- CASP2 -- MDM2 -- CHUK -- RPS6KA5 -- PPP1R13L -- MAPK9 -- LYN -- IRF1 -- EIF4G2 -- HTRA2 -- HIP1 -- CDK4 -- OTUD7B -- RNF11 -- CASP10 -- PSEN1 -- SOD1 -- RPA4 -- SMPD1 -- TNIK -- HTT -- PELP1 -- BAX -- BAK1 -- BID -- FOXM1 -- PCNA -- PLAC8 -- DIABLO -- APAF1
31,TNFRSF1A -- TNFRSF1B -- MAPK8 -- JUN -- FOS -- SIRT1 -- RB1 -- TNFAIP3 -- TRAF1 -- MAPK14 -- RHOA -- RAC1 -- MAP2K7 -- MAP3K1 -- MAP3K14 -- RET -- TRADD -- ATM -- CASP2 -- CHUK -- RPS6KA5 -- PPP1R13L -- MAPK9 -- IRF1 -- EIF4G2 -- HTRA2 -- MYB -- HIP1 -- OTUD7B -- RNF11 -- CASP10 -- PSEN1 -- SOD1 -- HNRNPK -- RPA4 -- SMPD1 -- TNIK -- HTT -- CDKN2A -- PELP1 -- BAX -- BAK1 -- BID -- FOXM1 -- PCNA -- PLAC8 -- CASP9 -- DIABLO -- APAF1
32,TNFRSF1A -- TNFRSF1B -- NFKB1 -- MAPK8 -- SIRT1 -- RB1 -- TNFAIP3 -- CCND1 -- TRAF1 -- MAPK14 -- RHOA -- RAC1 -- MAP2K7 -- MAP3K1 -- MAP3K14 -- TRADD -- TNFRSF10B -- CASP2 -- MDM2 -- CHUK -- RPS6KA5 -- PPP1R13L -- MAPK9 -- LYN -- IRF1 -- EIF4G2 -- HTRA2 -- HIP1 -- CDK4 -- OTUD7B -- RNF11 -- CASP10 -- PSEN1 -- SOD1 -- RPA4 -- SMPD1 -- TNIK -- HTT -- PELP1 -- BAX -- BAK1 -- BID -- FOXM1 -- PCNA -- PLAC8 -- DIABLO -- APAF1
33,STAT1 -- BIRC2 -- BIRC3 -- MAPK14 -- IL2 -- RAC1 -- MAP2K7 -- MAP3K1 -- IGF1 -- VEGFA -- RET -- MAPK1 -- AKT1 -- E2F1 -- CHUK -- RPS6KA5 -- PPP1R13L -- MAPK9 -- LYN -- IRF1 -- EIF4G2 -- MYB -- CYCS -- HIP1 -- CDK4 -- OTUD7B -- PARP1 -- PSEN1 -- HNRNPK -- RPA4 -- SMPD1 -- PELP1 -- BAK1 -- BID -- FOXM1 -- MCL1 -- CTBP1 -- RBL1 -- PCNA -- TAF1 -- PLAC8 -- DIABLO
34,TNFRSF1A -- TNFRSF1B -- MAPK8 -- BIRC2 -- SIRT1 -- MYC -- RB1 -- TNFAIP3 -- CCND1 -- MAPK14 -- PTMA -- RHOA -- RAC1 -- MAP2K7 -- MAP3K1 -- IGF1 -- TRADD -- MDM2 -- CHUK -- PPP1R13L -- MAPK9 -- LYN -- IRF1 -- CYCS -- CDK4 -- OTUD7B -- RNF11 -- PSEN1 -- BAD -- SOD1 -- RPA4 -- SMPD1 -- TNIK -- PELP1 -- EIF4E -- BID -- FOXM1 -- PCNA -- TAF1 -- DIABLO -- RANGAP1
35,TNFRSF1A -- TNFRSF1B -- MAPK8 -- STAT1 -- BIRC3 -- SIRT1 -- TNFAIP3 -- TRAF1 -- MAPK14 -- RHOA -- RAC1 -- MAP2K7 -- MAP3K1 -- IGF1 -- VEGFA -- TRADD -- ATM -- MDM2 -- CHUK -- RPS6KA5 -- PPP1R13L -- MAPK9 -- LYN -- IRF1 -- EIF4G2 -- HTRA2 -- HIP1 -- CDK4 -- OTUD7B -- RNF11 -- PARP1 -- PSEN1 -- SOD1 -- RPA4 -- SMPD1 -- TNIK -- PELP1 -- BID -- FOXM1 -- MCL1 -- PCNA -- TAF1 -- PLAC8 -- DIABLO
36,TNFRSF1A -- TNFRSF1B -- MAPK8 -- STAT1 -- JUN -- SIRT1 -- RB1 -- TNFAIP3 -- TRAF1 -- MAPK14 -- RHOA -- RAC1 -- MAP2K7 -- MAP3K1 -- IGF1 -- VEGFA -- MAP3K14 -- RET -- TRADD -- TNFRSF10B -- CASP2 -- CHUK -- RPS6KA5 -- PPP1R13L -- MAPK9 -- IRF1 -- EIF4G2 -- HTRA2 -- MYB -- HIP1 -- CDK4 -- OTUD7B -- RNF11 -- CASP10 -- PSEN1 -- SOD1 -- HNRNPK -- RPA4 -- SMPD1 -- TNIK -- CDKN2A -- PELP1 -- BAX -- BAK1 -- BID -- FOXM1 -- PCNA -- PLAC8 -- CASP9 -- DIABLO -- APAF1
37,TNFRSF1A -- TNFRSF1B -- NFKB1 -- MAPK8 -- BIRC2 -- SIRT1 -- MYC -- TNFAIP3 -- CCND1 -- MAPK14 -- PTMA -- RHOA -- TGFB2 -- RAC1 -- MAP2K7 -- MAP3K1 -- IGF1 -- RET -- TRADD -- ATM -- MDM2 -- CHUK -- PPP1R13L -- MAPK9 -- LYN -- IRF1 -- CYCS -- CDK4 -- OTUD7B -- RNF11 -- PSEN1 -- BAD -- SOD1 -- RPA4 -- SMPD1 -- TNIK -- PELP1 -- EIF4E -- BID -- FOXM1 -- MCL1 -- PCNA -- TAF1 -- DIABLO -- RANGAP1
38,TNFRSF1A -- TNFRSF1B -- MAPK8 -- BIRC2 -- SIRT1 -- MYC -- TNFAIP3 -- CCND1 -- MAPK14 -- RHOA -- RAC1 -- MAP2K7 -- MAP3K1 -- VEGFA -- RET -- TRADD -- MDM2 -- CHUK -- PPP1R13L -- MAPK9 -- LYN -- IRF1 -- CYCS -- CDK4 -- OTUD7B -- RNF11 -- PSEN1 -- SOD1 -- HNRNPK -- RPA4 -- SMPD1 -- TNIK -- PELP1 -- EIF4E -- BID -- FOXM1 -- MCL1 -- PCNA -- TAF1 -- DIABLO -- RANGAP1
39,TNFRSF1A -- TNFRSF1B -- NFKB1 -- MAPK8 -- SIRT1 -- RB1 -- TNFAIP3 -- CCND1 -- TRAF1 -- MAPK14 -- RHOA -- RAC1 -- MAP2K7 -- MAP3K1 -- IGF1 -- MAP3K14 -- TRADD -- TNFRSF10B -- ATM -- MDM2 -- CHUK -- RPS6KA5 -- PPP1R13L -- MAPK9 -- LYN -- IRF1 -- HTRA2 -- HIP1 -- CDK4 -- OTUD7B -- RNF11 -- CASP10 -- PSEN1 -- SOD1 -- RPA4 -- SMPD1 -- TNIK -- PELP1 -- BAX -- BAK1 -- EIF4E -- BID -- FOXM1 -- PCNA -- PLAC8 -- DIABLO -- APAF1
40,TNFRSF1A -- TNFRSF1B -- MAPK8 -- STAT1 -- JUN -- FOS -- SIRT1 -- TNFAIP3 -- TRAF1 -- MAPK14 -- RHOA -- NR3C1 -- TGFB2 -- RAC1 -- MAP2K7 -- MAP3K1 -- VEGFA -- MAP3K14 -- RET -- TRADD -- ATM -- CASP2 -- CHUK -- RPS6KA5 -- PPP1R13L -- MAPK9 -- IRF1 -- EIF4G2 -- MYB -- HIP1 -- RNF11 -- PSEN1 -- SOD1 -- HNRNPK -- CASP7 -- SMPD1 -- TNIK -- HTT -- BRCA1 -- CDKN2A -- BID -- MCL1 -- PCNA -- TAF1 -- PLAC8 -- CASP9 -- DIABLO -- APAF1 -- RASSF1
41,TNFRSF1A -- TNFRSF1B -- MAPK8 -- STAT1 -- JUN -- FOS -- SIRT1 -- TNFAIP3 -- TRAF1 -- MAPK14 -- RHOA -- NR3C1 -- RAC1 -- MAP2K7 -- MAP3K1 -- VEGFA -- MAP3K14 -- RET -- TRADD -- ATM -- CASP2 -- CHUK -- RPS6KA5 -- PPP1R13L -- MAPK9 -- IRF1 -- EIF4G2 -- HTRA2 -- MYB -- HIP1 -- RNF11 -- PSEN1 -- SOD1 -- HNRNPK -- SMPD1 -- TNIK -- HTT -- BRCA1 -- CDKN2A -- BID -- MCL1 -- PCNA -- PLAC8 -- CASP9 -- DIABLO -- APAF1 -- RASSF1
42,TNFRSF1A -- TNFRSF1B -- NFKB1 -- MAPK8 -- SIRT1 -- RB1 -- TNFAIP3 -- CCND1 -- TRAF1 -- MAPK14 -- RHOA -- RAC1 -- MAP2K7 -- MAP3K1 -- IGF1 -- MAP3K14 -- TRADD -- TNFRSF10B -- ATM -- CASP2 -- MDM2 -- CHUK -- RPS6KA5 -- PPP1R13L -- MAPK9 -- LYN -- IRF1 -- EIF4G2 -- HTRA2 -- HIP1 -- CDK4 -- OTUD7B -- RNF11 -- CASP10 -- PSEN1 -- SOD1 -- RPA4 -- SMPD1 -- TNIK -- PELP1 -- BAX -- BAK1 -- BID -- FOXM1 -- PCNA -- PLAC8 -- CASP9 -- DIABLO -- APAF1
796,TNFRSF1A -- TNFRSF1B -- MAPK8 -- BIRC2 -- SIRT1 -- MYC -- TNFAIP3 -- CCND1 -- MAPK14 -- PTMA -- RHOA -- RAC1 -- MAP2K7 -- MAP3K1 -- VEGFA -- RET -- TRADD -- CHUK -- PPP1R13L -- MAPK9 -- LYN -- IRF1 -- EIF4G2 -- CYCS -- CDK4 -- RNF11 -- PSEN1 -- SOD1 -- HNRNPK -- SMPD1 -- TNIK -- BID -- MCL1 -- PCNA -- TAF1 -- DIABLO -- RANGAP1
44,TNFRSF1A -- TNFRSF1B -- MAPK8 -- JUN -- FOS -- SIRT1 -- RB1 -- TNFAIP3 -- CCND1 -- TRAF1 -- MAPK14 -- RHOA -- RAC1 -- MAP2K7 -- MAP3K1 -- MAP3K14 -- TRADD -- ATM -- CASP2 -- CHUK -- RPS6KA5 -- PPP1R13L -- MAPK9 -- IRF1 -- EIF4G2 -- HTRA2 -- MYB -- HIP1 -- RNF11 -- CASP10 -- PSEN1 -- SOD1 -- SMPD1 -- TNIK -- HTT -- CDKN2A -- BAX -- BAK1 -- BID -- PCNA -- PLAC8 -- CASP9 -- DIABLO -- APAF1 -- RASSF1
45,TNFRSF1A -- TNFRSF1B -- MAPK8 -- STAT1 -- JUN -- FOS -- SIRT1 -- TNFAIP3 -- TRAF1 -- MAPK14 -- RHOA -- TGFB2 -- RAC1 -- MAP2K7 -- MAP3K1 -- VEGFA -- MAP3K14 -- RET -- TRADD -- TNFRSF10B -- ATM -- CASP2 -- CHUK -- RPS6KA5 -- PPP1R13L -- MAPK9 -- IRF1 -- EIF4G2 -- MYB -- CYCS -- HIP1 -- RNF11 -- CASP10 -- PSEN1 -- SOD1 -- HNRNPK -- CASP7 -- SMPD1 -- TNIK -- HTT -- BRCA1 -- CDKN2A -- BID -- MCL1 -- PCNA -- TAF1 -- PLAC8 -- CASP9 -- DIABLO -- APAF1 -- RASSF1
46,TNFRSF1A -- TNFRSF1B -- MAPK8 -- STAT1 -- BIRC2 -- SIRT1 -- MYC -- TNFAIP3 -- TRAF1 -- MAPK14 -- RHOA -- NR3C1 -- TGFB2 -- RAC1 -- MAP2K7 -- MAP3K1 -- VEGFA -- RET -- TRADD -- TNFRSF10B -- CHUK -- RPS6KA5 -- PPP1R13L -- MAPK9 -- LYN -- IRF1 -- EIF4G2 -- HTRA2 -- MYB -- HIP1 -- CDK4 -- OTUD7B -- CASP10 -- PSEN1 -- SOD1 -- SMPD1 -- TNIK -- BAK1 -- BID -- TFDP1 -- PCNA -- TAF1 -- PLAC8 -- DIABLO
47,TNFRSF1A -- TNFRSF1B -- MAPK8 -- STAT1 -- JUN -- FOS -- SIRT1 -- TNFAIP3 -- TRAF1 -- MAPK14 -- RHOA -- NR3C1 -- TGFB2 -- RAC1 -- MAP2K7 -- MAP3K1 -- VEGFA -- MAP3K14 -- RET -- TRADD -- ATM -- CASP2 -- CHUK -- RPS6KA5 -- PPP1R13L -- MAPK9 -- IRF1 -- HTRA2 -- MYB -- HIP1 -- RNF11 -- PSEN1 -- SOD1 -- HNRNPK -- CASP7 -- SMPD1 -- TNIK -- HTT -- BRCA1 -- CDKN2A -- BAK1 -- EIF4E -- BID -- MCL1 -- PCNA -- TAF1 -- PLAC8 -- CASP9 -- DIABLO -- APAF1 -- RASSF1
48,TNFRSF1A -- TNFRSF1B -- NFKB1 -- MAPK8 -- BIRC2 -- BIRC3 -- SIRT1 -- RB1 -- TNFAIP3 -- CCND1 -- MAPK14 -- RHOA -- RAC1 -- MAP2K7 -- MAP3K1 -- IGF1 -- TRADD -- TNFRSF10B -- ATM -- MDM2 -- CHUK -- PPP1R13L -- MAPK9 -- LYN -- IRF1 -- CYCS -- CDK4 -- OTUD7B -- RNF11 -- CASP10 -- PSEN1 -- SOD1 -- RPA4 -- SMPD1 -- TNIK -- PELP1 -- BAX -- BAK1 -- EIF4E -- BID -- FOXM1 -- PCNA -- TAF1 -- PLAC8 -- DIABLO
49,TNFRSF1A -- TNFRSF1B -- NFKB1 -- MAPK8 -- STAT1 -- SIRT1 -- MYC -- TNFAIP3 -- CCND1 -- MAPK14 -- PTMA -- RHOA -- TGFB2 -- RAC1 -- MAP2K7 -- MAP3K1 -- VEGFA -- MAP3K14 -- TRADD -- TNFRSF10B -- CASP2 -- MDM2 -- CHUK -- PPP1R13L -- MAPK9 -- IRF1 -- EIF4G2 -- HTRA2 -- CDK4 -- OTUD7B -- RNF11 -- CASP10 -- PSEN1 -- SOD1 -- RPA4 -- CASP7 -- SMPD1 -- TNIK -- HTT -- PELP1 -- BID -- FOXM1 -- MCL1 -- PCNA -- TAF1 -- DIABLO -- APAF1 -- RANGAP1
50,TNFRSF1A -- TNFRSF1B -- NFKB1 -- MAPK8 -- BIRC2 -- BIRC3 -- SIRT1 -- MYC -- TNFAIP3 -- CCND1 -- TRAF1 -- MAPK14 -- PTMA -- RHOA -- TGFB2 -- RAC1 -- MAP2K7 -- MAP3K1 -- VEGFA -- TRADD -- TNFRSF10B -- ATM -- MDM2 -- CHUK -- PPP1R13L -- MAPK9 -- LYN -- IRF1 -- MYB -- CYCS -- CDK4 -- RNF11 -- CASP10 -- PSEN1 -- BAD -- SOD1 -- HNRNPK -- SMPD1 -- TNIK -- PELP1 -- BID -- FOXM1 -- MCL1 -- PCNA -- TAF1 -- DIABLO -- RANGAP1
51,TNFRSF1A -- TNFRSF1B -- MAPK8 -- JUN -- FOS -- SIRT1 -- TNFAIP3 -- CCND1 -- TRAF1 -- MAPK14 -- RHOA -- TGFB2 -- RAC1 -- MAP2K7 -- MAP3K1 -- MAP3K14 -- TRADD -- ATM -- CASP2 -- MDM2 -- CHUK -- RPS6KA5 -- PPP1R13L -- MAPK9 -- IRF1 -- EIF4G2 -- HTRA2 -- MYB -- HIP1 -- CDK4 -- OTUD7B -- RNF11 -- PSEN1 -- SOD1 -- RPA4 -- CASP7 -- SMPD1 -- TNIK -- HTT -- CDKN2A -- PELP1 -- BID -- FOXM1 -- MCL1 -- PCNA -- TAF1 -- DIABLO -- APAF1 -- RANGAP1
52,TNFRSF1A -- TNFRSF1B -- MAPK8 -- FOS -- SIRT1 -- RB1 -- TNFAIP3 -- CCND1 -- TRAF1 -- MAPK14 -- RHOA -- TGFB2 -- RAC1 -- MAP2K7 -- MAP3K1 -- IGF1 -- MAP3K14 -- TRADD -- CASP2 -- MDM2 -- CHUK -- RPS6KA5 -- PPP1R13L -- MAPK9 -- IRF1 -- EIF4G2 -- HTRA2 -- HIP1 -- CDK4 -- OTUD7B -- RNF11 -- PSEN1 -- SOD1 -- RPA4 -- SMPD1 -- TNIK -- HTT -- PELP1 -- BAX -- BAK1 -- BID -- FOXM1 -- PCNA -- PLAC8 -- CASP9 -- DIABLO -- APAF1
53,TNFRSF1A -- TNFRSF1B -- NFKB1 -- MAPK8 -- SIRT1 -- RB1 -- TNFAIP3 -- CCND1 -- TRAF1 -- MAPK14 -- RHOA -- RAC1 -- MAP2K7 -- MAP3K1 -- IGF1 -- MAP3K14 -- TRADD -- TNFRSF10B -- CASP2 -- MDM2 -- CHUK -- RPS6KA5 -- PPP1R13L -- MAPK9 -- LYN -- IRF1 -- EIF4G2 -- HTRA2 -- HIP1 -- CDK4 -- OTUD7B -- RNF11 -- CASP10 -- PSEN1 -- SOD1 -- RPA4 -- SMPD1 -- TNIK -- HTT -- PELP1 -- BAX -- BAK1 -- BID -- FOXM1 -- PCNA -- PLAC8 -- CASP9 -- DIABLO -- APAF1
54,TNFRSF1A -- TNFRSF1B -- MAPK8 -- STAT1 -- JUN -- FOS -- BIRC2 -- BIRC3 -- SIRT1 -- TNFAIP3 -- TRAF1 -- MAPK14 -- RHOA -- NR3C1 -- TGFB2 -- RAC1 -- MAP2K7 -- MAP3K1 -- VEGFA -- RET -- TRADD -- ATM -- CASP2 -- CHUK -- RPS6KA5 -- PPP1R13L -- MAPK9 -- IRF1 -- EIF4G2 -- MYB -- CYCS -- HIP1 -- RNF11 -- PSEN1 -- SOD1 -- HNRNPK -- SMPD1 -- TNIK -- HTT -- BRCA1 -- CDKN2A -- BID -- MCL1 -- PCNA -- TAF1 -- PLAC8 -- DIABLO -- RASSF1
55,TNFRSF1A -- TNFRSF1B -- MAPK8 -- STAT1 -- BIRC2 -- BIRC3 -- SIRT1 -- MYC -- TNFAIP3 -- MAPK14 -- PTMA -- RHOA -- NR3C1 -- RAC1 -- MAP2K7 -- MAP3K1 -- VEGFA -- RET -- TRADD -- ATM -- CHUK -- PPP1R13L -- MAPK9 -- LYN -- IRF1 -- CYCS -- CDK4 -- RNF11 -- PSEN1 -- BAD -- SOD1 -- HNRNPK -- RPA4 -- SMPD1 -- TNIK -- PELP1 -- EIF4E -- BID -- FOXM1 -- MCL1 -- PCNA -- TAF1 -- DIABLO -- RANGAP1
56,TP53 -- BIRC2 -- BIRC3 -- SIRT1 -- RB1 -- MAPK14 -- IL2 -- MAP2K7 -- MAP3K1 -- TRADD -- MAPK1 -- TNFRSF10B -- AKT1 -- MDM2 -- CHUK -- PPP1R13L -- MAPK9 -- LYN -- EIF4G2 -- CYCS -- HIP1 -- CDK4 -- OTUD7B -- RNF11 -- CASP10 -- PARP1 -- PSEN1 -- SOD1 -- RPA4 -- SMPD1 -- TNIK -- HTT -- BBC3 -- PELP1 -- BAK1 -- BID -- FOXM1 -- CTBP1 -- PCNA -- PLAC8 -- DIABLO -- RANGAP1
57,TNFRSF1A -- TNFRSF1B -- NFKB1 -- MAPK8 -- STAT1 -- SIRT1 -- MYC -- TNFAIP3 -- MAPK14 -- PTMA -- RHOA -- RAC1 -- MAP2K7 -- MAP3K1 -- VEGFA -- MAP3K14 -- RET -- TRADD -- TNFRSF10B -- CASP2 -- CHUK -- PPP1R13L -- MAPK9 -- LYN -- IRF1 -- EIF4G2 -- HTRA2 -- CDK4 -- OTUD7B -- RNF11 -- CASP10 -- PSEN1 -- SOD1 -- HNRNPK -- CASP7 -- SMPD1 -- TNIK -- HTT -- BAX -- BAK1 -- BID -- FOXM1 -- MCL1 -- PCNA -- TAF1 -- DIABLO -- APAF1 -- RANGAP1
58,TNFRSF1A -- TNFRSF1B -- MAPK8 -- STAT1 -- JUN -- FOS -- BIRC2 -- SIRT1 -- TNFAIP3 -- TRAF1 -- MAPK14 -- RHOA -- NR3C1 -- TGFB2 -- RAC1 -- MAP2K7 -- MAP3K1 -- VEGFA -- MAP3K14 -- RET -- TRADD -- ATM -- CASP2 -- CHUK -- RPS6KA5 -- PPP1R13L -- MAPK9 -- IRF1 -- EIF4G2 -- MYB -- HIP1 -- RNF11 -- CASP10 -- PSEN1 -- SOD1 -- HNRNPK -- SMPD1 -- TNIK -- HTT -- BRCA1 -- CDKN2A -- BID -- MCL1 -- PCNA -- TAF1 -- PLAC8 -- CASP9 -- DIABLO -- APAF1 -- RASSF1
59,TNFRSF1A -- TNFRSF1B -- MAPK8 -- STAT1 -- BIRC2 -- BIRC3 -- SIRT1 -- MYC -- TNFAIP3 -- TRAF1 -- MAPK14 -- RHOA -- NR3C1 -- TGFB2 -- RAC1 -- MAP2K7 -- MAP3K1 -- VEGFA -- RET -- TRADD -- ATM -- CHUK -- RPS6KA5 -- PPP1R13L -- MAPK9 -- LYN -- IRF1 -- MYB -- CYCS -- HIP1 -- RNF11 -- PSEN1 -- SOD1 -- HNRNPK -- SMPD1 -- TNIK -- BRCA1 -- EIF4E -- BID -- MCL1 -- PCNA -- TAF1 -- PLAC8 -- DIABLO -- RASSF1
60,TNFRSF1A -- TNFRSF1B -- MAPK8 -- STAT1 -- JUN -- BIRC2 -- BIRC3 -- SIRT1 -- TNFAIP3 -- TRAF1 -- MAPK14 -- RHOA -- NR3C1 -- TGFB2 -- RAC1 -- MAP2K7 -- MAP3K1 -- VEGFA -- RET -- TRADD -- ATM -- CHUK -- RPS6KA5 -- PPP1R13L -- MAPK9 -- LYN -- IRF1 -- MYB -- CYCS -- HIP1 -- RNF11 -- PSEN1 -- SOD1 -- HNRNPK -- SMPD1 -- TNIK -- BRCA1 -- CDKN2A -- BID -- MCL1 -- PCNA -- TAF1 -- PLAC8 -- DIABLO -- RASSF1
61,TNFRSF1A -- TNFRSF1B -- MAPK8 -- JUN -- FOS -- SIRT1 -- RB1 -- TNFAIP3 -- CCND1 -- TRAF1 -- MAPK14 -- RHOA -- RAC1 -- MAP2K7 -- MAP3K1 -- MAP3K14 -- TRADD -- TNFRSF10B -- ATM -- CASP2 -- MDM2 -- CHUK -- RPS6KA5 -- PPP1R13L -- MAPK9 -- IRF1 -- EIF4G2 -- HTRA2 -- MYB -- HIP1 -- CDK4 -- OTUD7B -- RNF11 -- CASP10 -- PSEN1 -- SOD1 -- RPA4 -- SMPD1 -- TNIK -- HTT -- CDKN2A -- PELP1 -- BAX -- BAK1 -- BID -- FOXM1 -- PCNA -- PLAC8 -- CASP9 -- DIABLO -- APAF1
62,TNFRSF1A -- TNFRSF1B -- MAPK8 -- STAT1 -- BIRC2 -- BIRC3 -- SIRT1 -- TNFAIP3 -- TRAF1 -- MAPK14 -- RHOA -- NR3C1 -- RAC1 -- MAP2K7 -- MAP3K1 -- VEGFA -- RET -- TRADD -- ATM -- CHUK -- RPS6KA5 -- PPP1R13L -- MAPK9 -- LYN -- IRF1 -- CYCS -- HIP1 -- RNF11 -- PSEN1 -- SOD1 -- HNRNPK -- SMPD1 -- TNIK -- BRCA1 -- EIF4E -- BID -- TFDP1 -- MCL1 -- PCNA -- TAF1 -- PLAC8 -- DIABLO -- RASSF1
63,TNFRSF1A -- TNFRSF1B -- NFKB1 -- MAPK8 -- FOS -- SIRT1 -- RB1 -- TNFAIP3 -- CCND1 -- TRAF1 -- MAPK14 -- RHOA -- RAC1 -- MAP2K7 -- MAP3K1 -- IGF1 -- MAP3K14 -- TRADD -- TNFRSF10B -- ATM -- CASP2 -- MDM2 -- CHUK -- RPS6KA5 -- PPP1R13L -- MAPK9 -- IRF1 -- EIF4G2 -- HTRA2 -- HIP1 -- CDK4 -- OTUD7B -- RNF11 -- CASP10 -- PSEN1 -- SOD1 -- RPA4 -- SMPD1 -- TNIK -- HTT -- PELP1 -- BAX -- BAK1 -- BID -- FOXM1 -- PCNA -- PLAC8 -- CASP9 -- DIABLO -- APAF1
64,TNFRSF1A -- TNFRSF1B -- NFKB1 -- MAPK8 -- JUN -- FOS -- SIRT1 -- RB1 -- TNFAIP3 -- CCND1 -- TRAF1 -- MAPK14 -- RHOA -- RAC1 -- MAP2K7 -- MAP3K1 -- MAP3K14 -- TRADD -- TNFRSF10B -- ATM -- CASP2 -- MDM2 -- CHUK -- RPS6KA5 -- PPP1R13L -- MAPK9 -- IRF1 -- EIF4G2 -- HTRA2 -- MYB -- HIP1 -- OTUD7B -- RNF11 -- CASP10 -- PSEN1 -- SOD1 -- RPA4 -- SMPD1 -- TNIK -- HTT -- CDKN2A -- PELP1 -- BAX -- BAK1 -- BID -- FOXM1 -- PCNA -- PLAC8 -- CASP9 -- DIABLO -- APAF1
65,TNFRSF1A -- TNFRSF1B -- NFKB1 -- MAPK8 -- BIRC2 -- BIRC3 -- SIRT1 -- MYC -- RB1 -- TNFAIP3 -- CCND1 -- MAPK14 -- PTMA -- RHOA -- RAC1 -- MAP2K7 -- MAP3K1 -- TRADD -- TNFRSF10B -- ATM -- MDM2 -- CHUK -- PPP1R13L -- MAPK9 -- LYN -- IRF1 -- CYCS -- CDK4 -- OTUD7B -- RNF11 -- CASP10 -- PSEN1 -- BAD -- SOD1 -- RPA4 -- SMPD1 -- TNIK -- PELP1 -- EIF4E -- BID -- FOXM1 -- PCNA -- DIABLO -- RANGAP1
66,TNFRSF1A -- TNFRSF1B -- MAPK8 -- STAT1 -- JUN -- FOS -- BIRC2 -- BIRC3 -- SIRT1 -- TNFAIP3 -- TRAF1 -- MAPK14 -- RHOA -- TGFB2 -- RAC1 -- MAP2K7 -- MAP3K1 -- VEGFA -- RET -- TRADD -- ATM -- CASP2 -- CHUK -- RPS6KA5 -- PPP1R13L -- MAPK9 -- IRF1 -- EIF4G2 -- MYB -- CYCS -- HIP1 -- OTUD7B -- RNF11 -- PSEN1 -- SOD1 -- HNRNPK -- RPA4 -- SMPD1 -- TNIK -- HTT -- CDKN2A -- PELP1 -- BID -- FOXM1 -- MCL1 -- PCNA -- TAF1 -- PLAC8 -- CASP9 -- DIABLO
67,TNFRSF1A -- TNFRSF1B -- NFKB1 -- MAPK8 -- SIRT1 -- MYC -- TNFAIP3 -- CCND1 -- MAPK14 -- PTMA -- RHOA -- RAC1 -- MAP2K7 -- MAP3K1 -- IGF1 -- TRADD -- ATM -- MDM2 -- CHUK -- PPP1R13L -- MAPK9 -- LYN -- IRF1 -- EIF4G2 -- HTRA2 -- CYCS -- CDK4 -- OTUD7B -- RNF11 -- CASP10 -- PSEN1 -- SOD1 -- RPA4 -- SMPD1 -- TNIK -- PELP1 -- BAK1 -- BID -- FOXM1 -- PCNA -- TAF1 -- DIABLO -- RANGAP1
68,TP53 -- MAPK8 -- STAT1 -- BIRC2 -- TRAF1 -- MAPK14 -- MAP2K7 -- MAP3K1 -- VEGFA -- RET -- TRADD -- TNFRSF10B -- AKT1 -- ATM -- NFKB2 -- CHUK -- RPS6KA5 -- PPP1R13L -- MAPK9 -- LYN -- IRF1 -- CYCS -- HIP1 -- CDK4 -- OTUD7B -- CASP10 -- PARP1 -- PSEN1 -- HNRNPK -- RPA4 -- SMPD1 -- TNIK -- HTT -- PELP1 -- BAK1 -- BID -- FOXM1 -- CTBP1 -- PCNA -- TAF1 -- PLAC8 -- DIABLO
69,TNFRSF1A -- TNFRSF1B -- MAPK8 -- STAT1 -- JUN -- FOS -- BIRC2 -- BIRC3 -- SIRT1 -- TNFAIP3 -- TRAF1 -- MAPK14 -- RHOA -- NR3C1 -- TGFB2 -- RAC1 -- MAP2K7 -- MAP3K1 -- VEGFA -- RET -- TRADD -- ATM -- CHUK -- RPS6KA5 -- PPP1R13L -- MAPK9 -- IRF1 -- EIF4G2 -- MYB -- CYCS -- HIP1 -- RNF11 -- PSEN1 -- SOD1 -- HNRNPK -- SMPD1 -- TNIK -- HTT -- BRCA1 -- CDKN2A -- BID -- MCL1 -- PCNA -- TAF1 -- PLAC8 -- CASP9 -- DIABLO -- RASSF1
70,TNFRSF1A -- TNFRSF1B -- MAPK8 -- STAT1 -- BIRC2 -- SIRT1 -- MYC -- TNFAIP3 -- MAPK14 -- PTMA -- RHOA -- RAC1 -- MAP2K7 -- MAP3K1 -- VEGFA -- RET -- TRADD -- ATM -- CHUK -- PPP1R13L -- MAPK9 -- LYN -- IRF1 -- CYCS -- CDK4 -- RNF11 -- PSEN1 -- BAD -- SOD1 -- HNRNPK -- RPA4 -- SMPD1 -- TNIK -- EIF4E -- BID -- MCL1 -- PCNA -- TAF1 -- DIABLO -- RASSF1 -- RANGAP1
71,TNFRSF1A -- TNFRSF1B -- MAPK8 -- STAT1 -- BIRC2 -- SIRT1 -- MYC -- TNFAIP3 -- MAPK14 -- PTMA -- RHOA -- TGFB2 -- RAC1 -- MAP2K7 -- MAP3K1 -- IGF1 -- VEGFA -- TRADD -- ATM -- MDM2 -- CHUK -- PPP1R13L -- MAPK9 -- LYN -- IRF1 -- EIF4G2 -- CYCS -- HIP1 -- CDK4 -- OTUD7B -- RNF11 -- PSEN1 -- SOD1 -- RPA4 -- SMPD1 -- TNIK -- PELP1 -- BID -- FOXM1 -- MCL1 -- PCNA -- TAF1 -- PLAC8 -- DIABLO -- RANGAP1
72,TNFRSF1A -- TNFRSF1B -- NFKB1 -- MAPK8 -- BIRC2 -- BIRC3 -- SIRT1 -- RB1 -- TNFAIP3 -- CCND1 -- TRAF1 -- MAPK14 -- RHOA -- RAC1 -- MAP2K7 -- MAP3K1 -- TRADD -- TNFRSF10B -- MDM2 -- CHUK -- RPS6KA5 -- PPP1R13L -- MAPK9 -- LYN -- IRF1 -- CYCS -- HIP1 -- CDK4 -- OTUD7B -- RNF11 -- CASP10 -- PSEN1 -- BAD -- SOD1 -- RPA4 -- SMPD1 -- TNIK -- PELP1 -- BAX -- BAK1 -- EIF4E -- BID -- FOXM1 -- PCNA -- PLAC8 -- DIABLO
73,TNFRSF1A -- TNFRSF1B -- MAPK8 -- STAT1 -- SIRT1 -- MYC -- TNFAIP3 -- MAPK14 -- PTMA -- RHOA -- TGFB2 -- RAC1 -- MAP2K7 -- MAP3K1 -- IGF1 -- VEGFA -- MAP3K14 -- RET -- TRADD -- CASP2 -- CHUK -- PPP1R13L -- MAPK9 -- LYN -- IRF1 -- EIF4G2 -- HTRA2 -- CDK4 -- OTUD7B -- RNF11 -- CASP10 -- PSEN1 -- SOD1 -- HNRNPK -- RPA4 -- SMPD1 -- TNIK -- HTT -- PELP1 -- BID -- FOXM1 -- MCL1 -- PCNA -- TAF1 -- DIABLO -- RANGAP1
74,TNFRSF1A -- TNFRSF1B -- MAPK8 -- STAT1 -- JUN -- FOS -- SIRT1 -- TNFAIP3 -- TRAF1 -- MAPK14 -- RHOA -- TGFB2 -- RAC1 -- MAP2K7 -- MAP3K1 -- VEGFA -- MAP3K14 -- TRADD -- ATM -- CASP2 -- CHUK -- RPS6KA5 -- PPP1R13L -- MAPK9 -- IRF1 -- EIF4G2 -- HTRA2 -- MYB -- HIP1 -- RNF11 -- PSEN1 -- SOD1 -- CASP7 -- SMPD1 -- TNIK -- HTT -- BRCA1 -- CDKN2A -- PELP1 -- BID -- MCL1 -- PCNA -- PLAC8 -- CASP9 -- DIABLO -- APAF1 -- RASSF1
75,TNFRSF1A -- TNFRSF1B -- MAPK8 -- STAT1 -- BIRC2 -- SIRT1 -- MYC -- TNFAIP3 -- MAPK14 -- PTMA -- RHOA -- RAC1 -- MAP2K7 -- MAP3K1 -- IGF1 -- VEGFA -- RET -- TRADD -- CHUK -- PPP1R13L -- MAPK9 -- LYN -- IRF1 -- CYCS -- CDK4 -- OTUD7B -- RNF11 -- PSEN1 -- BAD -- SOD1 -- HNRNPK -- RPA4 -- SMPD1 -- TNIK -- PELP1 -- EIF4E -- BID -- FOXM1 -- MCL1 -- PCNA -- TAF1 -- DIABLO -- RANGAP1
792,NFKB1 -- STAT1 -- BIRC2 -- BIRC3 -- TNFAIP3 -- TRAF1 -- MAPK14 -- RHOA -- TGFB2 -- IL2 -- RAC1 -- MAP2K7 -- MAP3K1 -- IGF1 -- VEGFA -- RET -- MAPK1 -- TNFRSF10B -- AKT1 -- ATM -- E2F1 -- CHUK -- RPS6KA5 -- PPP1R13L -- MAPK9 -- LYN -- IRF1 -- CYCS -- HIP1 -- CDK4 -- OTUD7B -- PARP1 -- PSEN1 -- RPA4 -- PELP1 -- EIF4E -- BID -- FOXM1 -- MCL1 -- CTBP1 -- PCNA -- TAF1 -- PLAC8 -- DIABLO
77,TNFRSF1A -- TNFRSF1B -- MAPK8 -- STAT1 -- BIRC2 -- SIRT1 -- MYC -- TNFAIP3 -- MAPK14 -- PTMA -- RHOA -- RAC1 -- MAP2K7 -- MAP3K1 -- VEGFA -- RET -- TRADD -- CHUK -- PPP1R13L -- MAPK9 -- LYN -- IRF1 -- CYCS -- RNF11 -- PSEN1 -- BAD -- SOD1 -- HNRNPK -- SMPD1 -- TNIK -- EIF4E -- BID -- TFDP1 -- MCL1 -- PCNA -- TAF1 -- PLAC8 -- DIABLO -- RASSF1 -- RANGAP1
78,TNFRSF1A -- TNFRSF1B -- MAPK8 -- STAT1 -- BIRC2 -- BIRC3 -- SIRT1 -- MYC -- TNFAIP3 -- TRAF1 -- MAPK14 -- PTMA -- RHOA -- NR3C1 -- RAC1 -- MAP2K7 -- MAP3K1 -- VEGFA -- RET -- TRADD -- CHUK -- PPP1R13L -- MAPK9 -- LYN -- IRF1 -- MYB -- CYCS -- HIP1 -- CDK4 -- RNF11 -- PSEN1 -- SOD1 -- HNRNPK -- SMPD1 -- TNIK -- EIF4E -- BID -- TFDP1 -- PCNA -- TAF1 -- DIABLO -- RASSF1
79,TNFRSF1A -- TNFRSF1B -- MAPK8 -- STAT1 -- BIRC2 -- SIRT1 -- MYC -- TNFAIP3 -- MAPK14 -- PTMA -- RHOA -- RAC1 -- MAP2K7 -- MAP3K1 -- IGF1 -- VEGFA -- RET -- TRADD -- CHUK -- PPP1R13L -- MAPK9 -- LYN -- IRF1 -- CYCS -- CDK4 -- OTUD7B -- RNF11 -- PSEN1 -- SOD1 -- HNRNPK -- RPA4 -- SMPD1 -- TNIK -- HTT -- BRCA1 -- PELP1 -- EIF4E -- BID -- FOXM1 -- MCL1 -- PCNA -- TAF1 -- PLAC8 -- DIABLO -- RASSF1 -- RANGAP1
80,TNFRSF1A -- TNFRSF1B -- NFKB1 -- MAPK8 -- JUN -- FOS -- SIRT1 -- RB1 -- TNFAIP3 -- CCND1 -- TRAF1 -- MAPK14 -- RHOA -- RAC1 -- MAP2K7 -- MAP3K1 -- MAP3K14 -- TRADD -- TNFRSF10B -- ATM -- CASP2 -- MDM2 -- CHUK -- RPS6KA5 -- PPP1R13L -- MAPK9 -- IRF1 -- EIF4G2 -- HTRA2 -- MYB -- HIP1 -- CDK4 -- OTUD7B -- RNF11 -- PSEN1 -- SOD1 -- RPA4 -- SMPD1 -- TNIK -- HTT -- PELP1 -- BAX -- BAK1 -- BID -- FOXM1 -- PCNA -- PLAC8 -- CASP9 -- DIABLO -- APAF1
81,TNFRSF1A -- TNFRSF1B -- MAPK8 -- STAT1 -- JUN -- FOS -- BIRC3 -- SIRT1 -- TNFAIP3 -- TRAF1 -- MAPK14 -- RHOA -- NR3C1 -- TGFB2 -- RAC1 -- MAP2K7 -- MAP3K1 -- VEGFA -- RET -- TRADD -- ATM -- CASP2 -- CHUK -- RPS6KA5 -- PPP1R13L -- MAPK9 -- IRF1 -- EIF4G2 -- MYB -- CYCS -- HIP1 -- RNF11 -- PSEN1 -- SOD1 -- HNRNPK -- CASP7 -- SMPD1 -- TNIK -- HTT -- BRCA1 -- CDKN2A -- BID -- MCL1 -- PCNA -- TAF1 -- PLAC8 -- CASP9 -- DIABLO -- APAF1 -- RASSF1
82,TNFRSF1A -- TNFRSF1B -- NFKB1 -- MAPK8 -- SIRT1 -- RB1 -- TNFAIP3 -- CCND1 -- TRAF1 -- MAPK14 -- RHOA -- RAC1 -- MAP2K7 -- MAP3K1 -- MAP3K14 -- TRADD -- TNFRSF10B -- CASP2 -- MDM2 -- CHUK -- RPS6KA5 -- PPP1R13L -- MAPK9 -- IRF1 -- EIF4G2 -- HTRA2 -- HIP1 -- CDK4 -- OTUD7B -- RNF11 -- CASP10 -- PSEN1 -- SOD1 -- RPA4 -- SMPD1 -- TNIK -- HTT -- PELP1 -- BAX -- BAK1 -- BID -- FOXM1 -- PCNA -- PLAC8 -- CASP9 -- DIABLO -- APAF1
83,TNFRSF1A -- TNFRSF1B -- NFKB1 -- MAPK8 -- SIRT1 -- RB1 -- TNFAIP3 -- CCND1 -- TRAF1 -- MAPK14 -- RHOA -- RAC1 -- MAP2K7 -- MAP3K1 -- MAP3K14 -- TRADD -- TNFRSF10B -- ATM -- CASP2 -- MDM2 -- CHUK -- RPS6KA5 -- PPP1R13L -- MAPK9 -- LYN -- IRF1 -- EIF4G2 -- HTRA2 -- HIP1 -- CDK4 -- OTUD7B -- RNF11 -- CASP10 -- PSEN1 -- SOD1 -- RPA4 -- SMPD1 -- TNIK -- HTT -- PELP1 -- BAX -- BAK1 -- BID -- FOXM1 -- PCNA -- PLAC8 -- CASP9 -- DIABLO -- APAF1
84,TNFRSF1A -- TNFRSF1B -- NFKB1 -- MAPK8 -- JUN -- FOS -- SIRT1 -- RB1 -- TNFAIP3 -- CCND1 -- TRAF1 -- MAPK14 -- RHOA -- RAC1 -- MAP2K7 -- MAP3K1 -- IGF1 -- MAP3K14 -- TRADD -- TNFRSF10B -- ATM -- CASP2 -- MDM2 -- CHUK -- RPS6KA5 -- PPP1R13L -- MAPK9 -- IRF1 -- EIF4G2 -- HTRA2 -- HIP1 -- OTUD7B -- RNF11 -- CASP10 -- PSEN1 -- SOD1 -- SMPD1 -- TNIK -- HTT -- CDKN2A -- PELP1 -- BAX -- BAK1 -- BID -- FOXM1 -- PCNA -- PLAC8 -- CASP9 -- DIABLO -- APAF1
85,TNFRSF1A -- TNFRSF1B -- MAPK8 -- BIRC2 -- SIRT1 -- MYC -- TNFAIP3 -- CCND1 -- MAPK14 -- PTMA -- RHOA -- RAC1 -- MAP2K7 -- MAP3K1 -- TRADD -- MDM2 -- CHUK -- PPP1R13L -- MAPK9 -- LYN -- IRF1 -- CYCS -- CDK4 -- RNF11 -- PSEN1 -- BAD -- SOD1 -- RPA4 -- SMPD1 -- TNIK -- BRCA1 -- EIF4E -- BID -- MCL1 -- PCNA -- TAF1 -- DIABLO -- RANGAP1
86,TNFRSF1A -- TNFRSF1B -- MAPK8 -- JUN -- FOS -- SIRT1 -- TNFAIP3 -- TRAF1 -- MAPK14 -- RHOA -- RAC1 -- MAP2K7 -- MAP3K1 -- VEGFA -- MAP3K14 -- RET -- TRADD -- ATM -- CASP2 -- CHUK -- RPS6KA5 -- PPP1R13L -- MAPK9 -- IRF1 -- EIF4G2 -- HTRA2 -- MYB -- HIP1 -- RNF11 -- PSEN1 -- SOD1 -- HNRNPK -- RPA4 -- SMPD1 -- TNIK -- HTT -- CDKN2A -- PELP1 -- BAX -- BAK1 -- BID -- FOXM1 -- MCL1 -- PCNA -- PLAC8 -- CASP9 -- DIABLO -- APAF1
87,TNFRSF1A -- TNFRSF1B -- NFKB1 -- MAPK8 -- BIRC2 -- SIRT1 -- RB1 -- TNFAIP3 -- CCND1 -- TRAF1 -- MAPK14 -- RHOA -- RAC1 -- MAP2K7 -- MAP3K1 -- TRADD -- TNFRSF10B -- ATM -- MDM2 -- CHUK -- RPS6KA5 -- PPP1R13L -- MAPK9 -- LYN -- IRF1 -- EIF4G2 -- HTRA2 -- MYB -- HIP1 -- CDK4 -- OTUD7B -- RNF11 -- CASP10 -- PSEN1 -- SOD1 -- RPA4 -- SMPD1 -- TNIK -- PELP1 -- BAX -- BAK1 -- BID -- FOXM1 -- PCNA -- PLAC8 -- DIABLO
761,TNFRSF1A -- TNFRSF1B -- MAPK8 -- STAT1 -- JUN -- FOS -- SIRT1 -- MYC -- RB1 -- TNFAIP3 -- CCND1 -- MAPK14 -- PTMA -- RHOA -- RAC1 -- MAP2K7 -- MAP3K1 -- IGF1 -- MAP3K14 -- TRADD -- CASP2 -- MDM2 -- CHUK -- PPP1R13L -- MAPK9 -- IRF1 -- EIF4G2 -- HTRA2 -- CDK4 -- OTUD7B -- RNF11 -- PSEN1 -- BAD -- SOD1 -- RPA4 -- CASP7 -- SMPD1 -- TNIK -- HTT -- PELP1 -- BID -- FOXM1 -- PCNA -- TAF1 -- DIABLO -- APAF1 -- RANGAP1
89,TNFRSF1A -- TNFRSF1B -- MAPK8 -- STAT1 -- BIRC2 -- BIRC3 -- SIRT1 -- MYC -- TNFAIP3 -- MAPK14 -- PTMA -- RHOA -- RAC1 -- MAP2K7 -- MAP3K1 -- VEGFA -- RET -- TRADD -- ATM -- CHUK -- RPS6KA5 -- PPP1R13L -- MAPK9 -- LYN -- IRF1 -- CYCS -- HIP1 -- CDK4 -- OTUD7B -- RNF11 -- PSEN1 -- SOD1 -- HNRNPK -- RPA4 -- SMPD1 -- TNIK -- HTT -- BRCA1 -- EIF4E -- BID -- FOXM1 -- MCL1 -- PCNA -- TAF1 -- PLAC8 -- DIABLO
90,TNFRSF1A -- TNFRSF1B -- MAPK8 -- STAT1 -- JUN -- FOS -- BIRC2 -- SIRT1 -- TNFAIP3 -- TRAF1 -- MAPK14 -- RHOA -- TGFB2 -- RAC1 -- MAP2K7 -- MAP3K1 -- VEGFA -- RET -- TRADD -- ATM -- CHUK -- RPS6KA5 -- PPP1R13L -- MAPK9 -- IRF1 -- EIF4G2 -- MYB -- CYCS -- HIP1 -- RNF11 -- PSEN1 -- SOD1 -- HNRNPK -- CASP7 -- SMPD1 -- TNIK -- HTT -- BRCA1 -- CDKN2A -- BID -- MCL1 -- PCNA -- TAF1 -- PLAC8 -- DIABLO -- RASSF1
91,TNFRSF1A -- TNFRSF1B -- MAPK8 -- STAT1 -- BIRC2 -- SIRT1 -- MYC -- TNFAIP3 -- MAPK14 -- PTMA -- RHOA -- NR3C1 -- RAC1 -- MAP2K7 -- MAP3K1 -- IGF1 -- VEGFA -- RET -- TRADD -- ATM -- CHUK -- PPP1R13L -- MAPK9 -- LYN -- IRF1 -- EIF4G2 -- CYCS -- HIP1 -- CDK4 -- RNF11 -- PSEN1 -- SOD1 -- HNRNPK -- SMPD1 -- TNIK -- PELP1 -- BID -- FOXM1 -- MCL1 -- PCNA -- TAF1 -- DIABLO -- RASSF1 -- RANGAP1
92,TNFRSF1A -- TNFRSF1B -- NFKB1 -- MAPK8 -- SIRT1 -- RB1 -- TNFAIP3 -- CCND1 -- TRAF1 -- MAPK14 -- RHOA -- RAC1 -- MAP2K7 -- MAP3K1 -- IGF1 -- TRADD -- TNFRSF10B -- ATM -- CASP2 -- MDM2 -- CHUK -- RPS6KA5 -- PPP1R13L -- MAPK9 -- LYN -- IRF1 -- HTRA2 -- HIP1 -- CDK4 -- OTUD7B -- RNF11 -- CASP10 -- PSEN1 -- SOD1 -- RPA4 -- SMPD1 -- TNIK -- HTT -- PELP1 -- BAX -- BAK1 -- BID -- FOXM1 -- PCNA -- PLAC8 -- DIABLO
760,TNFRSF1A -- TNFRSF1B -- NFKB1 -- MAPK8 -- STAT1 -- BIRC2 -- SIRT1 -- MYC -- TNFAIP3 -- MAPK14 -- PTMA -- RHOA -- TGFB2 -- RAC1 -- MAP2K7 -- MAP3K1 -- IGF1 -- VEGFA -- TRADD -- ATM -- MDM2 -- CHUK -- PPP1R13L -- MAPK9 -- LYN -- IRF1 -- EIF4G2 -- CYCS -- CDK4 -- OTUD7B -- RNF11 -- PSEN1 -- BAD -- SOD1 -- HNRNPK -- RPA4 -- SMPD1 -- TNIK -- BRCA1 -- PELP1 -- BID -- FOXM1 -- MCL1 -- PCNA -- TAF1 -- DIABLO -- RANGAP1
94,TNFRSF1A -- TNFRSF1B -- NFKB1 -- MAPK8 -- SIRT1 -- RB1 -- TNFAIP3 -- CCND1 -- TRAF1 -- MAPK14 -- RHOA -- RAC1 -- MAP2K7 -- MAP3K1 -- MAP3K14 -- TRADD -- TNFRSF10B -- CASP2 -- MDM2 -- CHUK -- RPS6KA5 -- PPP1R13L -- MAPK9 -- IRF1 -- EIF4G2 -- HTRA2 -- HIP1 -- CDK4 -- OTUD7B -- RNF11 -- CASP10 -- PSEN1 -- SOD1 -- RPA4 -- SMPD1 -- TNIK -- HTT -- PELP1 -- BAX -- BAK1 -- BID -- FOXM1 -- PCNA -- PLAC8 -- CASP9 -- DIABLO -- APAF1
758,STAT1 -- BIRC2 -- BIRC3 -- SIRT1 -- MAPK14 -- TGFB2 -- RAC1 -- MAP2K7 -- MAP3K1 -- VEGFA -- MAPK1 -- AKT1 -- E2F1 -- CHUK -- RPS6KA5 -- PPP1R13L -- MAPK9 -- LYN -- IRF1 -- MYB -- CYCS -- HIP1 -- OTUD7B -- PARP1 -- PSEN1 -- SMPD1 -- BRCA1 -- CDKN2A -- BBC3 -- BAK1 -- EIF4E -- BID -- PCNA -- TAF1 -- PLAC8 -- DIABLO
96,TNFRSF1A -- TNFRSF1B -- MAPK8 -- STAT1 -- JUN -- FOS -- BIRC2 -- BIRC3 -- SIRT1 -- TNFAIP3 -- TRAF1 -- MAPK14 -- RHOA -- NR3C1 -- RAC1 -- MAP2K7 -- MAP3K1 -- VEGFA -- RET -- TRADD -- ATM -- CHUK -- RPS6KA5 -- PPP1R13L -- MAPK9 -- IRF1 -- EIF4G2 -- MYB -- CYCS -- HIP1 -- RNF11 -- PSEN1 -- SOD1 -- HNRNPK -- CASP7 -- SMPD1 -- TNIK -- HTT -- BRCA1 -- CDKN2A -- BID -- MCL1 -- PCNA -- TAF1 -- PLAC8 -- DIABLO -- APAF1 -- RASSF1
97,TNFRSF1A -- TNFRSF1B -- NFKB1 -- MAPK8 -- SIRT1 -- RB1 -- TNFAIP3 -- CCND1 -- TRAF1 -- MAPK14 -- RHOA -- RAC1 -- MAP2K7 -- MAP3K1 -- TRADD -- TNFRSF10B -- CASP2 -- MDM2 -- CHUK -- RPS6KA5 -- PPP1R13L -- MAPK9 -- LYN -- IRF1 -- EIF4G2 -- HTRA2 -- HIP1 -- CDK4 -- OTUD7B -- RNF11 -- CASP10 -- PSEN1 -- SOD1 -- RPA4 -- SMPD1 -- TNIK -- PELP1 -- BAX -- BAK1 -- BID -- FOXM1 -- PCNA -- PLAC8 -- CASP9 -- DIABLO -- APAF1
98,TNFRSF1A -- TNFRSF1B -- MAPK8 -- STAT1 -- BIRC2 -- SIRT1 -- MYC -- TNFAIP3 -- TRAF1 -- MAPK14 -- RHOA -- TGFB2 -- RAC1 -- MAP2K7 -- MAP3K1 -- IGF1 -- VEGFA -- RET -- TRADD -- ATM -- MDM2 -- CHUK -- RPS6KA5 -- PPP1R13L -- MAPK9 -- LYN -- IRF1 -- CYCS -- CDK4 -- OTUD7B -- RNF11 -- PSEN1 -- SOD1 -- HNRNPK -- RPA4 -- SMPD1 -- TNIK -- PELP1 -- BID -- MCL1 -- PCNA -- TAF1 -- PLAC8 -- DIABLO
99,TNFRSF1A -- TNFRSF1B -- NFKB1 -- MAPK8 -- SIRT1 -- RB1 -- TNFAIP3 -- CCND1 -- TRAF1 -- MAPK14 -- RHOA -- RAC1 -- MAP2K7 -- MAP3K1 -- IGF1 -- MAP3K14 -- TRADD -- TNFRSF10B -- MDM2 -- CHUK -- RPS6KA5 -- PPP1R13L -- MAPK9 -- LYN -- IRF1 -- EIF4G2 -- HTRA2 -- HIP1 -- CDK4 -- OTUD7B -- RNF11 -- CASP10 -- PSEN1 -- SOD1 -- RPA4 -- SMPD1 -- TNIK -- PELP1 -- BAX -- BAK1 -- BID -- FOXM1 -- PCNA -- PLAC8 -- CASP9 -- DIABLO
100,TNFRSF1A -- TNFRSF1B -- MAPK8 -- JUN -- SIRT1 -- RB1 -- TNFAIP3 -- CCND1 -- TRAF1 -- MAPK14 -- RHOA -- RAC1 -- MAP2K7 -- MAP3K1 -- MAP3K14 -- RET -- TRADD -- TNFRSF10B -- ATM -- CASP2 -- MDM2 -- CHUK -- RPS6KA5 -- PPP1R13L -- MAPK9 -- IRF1 -- EIF4G2 -- HTRA2 -- MYB -- HIP1 -- CDK4 -- OTUD7B -- RNF11 -- PSEN1 -- SOD1 -- RPA4 -- SMPD1 -- TNIK -- HTT -- CDKN2A -- PELP1 -- BAX -- BAK1 -- BID -- FOXM1 -- PCNA -- PLAC8 -- CASP9 -- DIABLO -- APAF1
101,TNFRSF1A -- TNFRSF1B -- NFKB1 -- MAPK8 -- SIRT1 -- RB1 -- TNFAIP3 -- CCND1 -- TRAF1 -- MAPK14 -- RHOA -- RAC1 -- MAP2K7 -- MAP3K1 -- IGF1 -- TRADD -- TNFRSF10B -- MDM2 -- CHUK -- RPS6KA5 -- PPP1R13L -- MAPK9 -- IRF1 -- EIF4G2 -- HTRA2 -- CDK4 -- OTUD7B -- RNF11 -- CASP10 -- PSEN1 -- SOD1 -- RPA4 -- SMPD1 -- TNIK -- PELP1 -- BAX -- BAK1 -- BID -- FOXM1 -- PCNA -- CASP9 -- DIABLO -- APAF1
102,TNFRSF1A -- TNFRSF1B -- MAPK8 -- STAT1 -- JUN -- FOS -- BIRC3 -- SIRT1 -- TNFAIP3 -- TRAF1 -- MAPK14 -- RHOA -- NR3C1 -- TGFB2 -- RAC1 -- MAP2K7 -- MAP3K1 -- VEGFA -- RET -- TRADD -- ATM -- CASP2 -- CHUK -- RPS6KA5 -- PPP1R13L -- MAPK9 -- IRF1 -- EIF4G2 -- MYB -- HIP1 -- RNF11 -- PSEN1 -- SOD1 -- HNRNPK -- SMPD1 -- TNIK -- HTT -- BRCA1 -- CDKN2A -- BID -- MCL1 -- PCNA -- TAF1 -- PLAC8 -- DIABLO -- APAF1 -- RASSF1
103,TNFRSF1A -- TNFRSF1B -- NFKB1 -- MAPK8 -- STAT1 -- BIRC2 -- BIRC3 -- SIRT1 -- MYC -- TNFAIP3 -- CCND1 -- TRAF1 -- MAPK14 -- PTMA -- RHOA -- RAC1 -- MAP2K7 -- MAP3K1 -- IGF1 -- VEGFA -- TRADD -- TNFRSF10B -- ATM -- MDM2 -- CHUK -- RPS6KA5 -- PPP1R13L -- MAPK9 -- LYN -- IRF1 -- EIF4G2 -- CYCS -- CDK4 -- OTUD7B -- RNF11 -- CASP10 -- PSEN1 -- SOD1 -- RPA4 -- SMPD1 -- TNIK -- PELP1 -- BAX -- BID -- FOXM1 -- PCNA -- TAF1 -- PLAC8 -- DIABLO
104,TNFRSF1A -- TNFRSF1B -- MAPK8 -- BIRC2 -- SIRT1 -- RB1 -- TNFAIP3 -- CCND1 -- TRAF1 -- MAPK14 -- RHOA -- RAC1 -- MAP2K7 -- MAP3K1 -- TRADD -- MDM2 -- CHUK -- RPS6KA5 -- PPP1R13L -- MAPK9 -- LYN -- IRF1 -- EIF4G2 -- HTRA2 -- CYCS -- HIP1 -- CDK4 -- OTUD7B -- RNF11 -- PSEN1 -- SOD1 -- RPA4 -- SMPD1 -- TNIK -- PELP1 -- BAX -- BAK1 -- BID -- FOXM1 -- PCNA -- DIABLO
105,TNFRSF1A -- TNFRSF1B -- NFKB1 -- MAPK8 -- BIRC2 -- BIRC3 -- SIRT1 -- MYC -- TNFAIP3 -- CCND1 -- MAPK14 -- PTMA -- RHOA -- RAC1 -- MAP2K7 -- MAP3K1 -- IGF1 -- TRADD -- TNFRSF10B -- MDM2 -- CHUK -- PPP1R13L -- MAPK9 -- LYN -- IRF1 -- EIF4G2 -- CYCS -- CDK4 -- OTUD7B -- RNF11 -- CASP10 -- PSEN1 -- BAD -- SOD1 -- RPA4 -- SMPD1 -- TNIK -- PELP1 -- BAX -- EIF4E -- BID -- FOXM1 -- PCNA -- TAF1 -- DIABLO -- RANGAP1
106,TNFRSF1A -- TNFRSF1B -- MAPK8 -- STAT1 -- JUN -- FOS -- SIRT1 -- TNFAIP3 -- TRAF1 -- MAPK14 -- RHOA -- TGFB2 -- RAC1 -- MAP2K7 -- MAP3K1 -- VEGFA -- MAP3K14 -- RET -- TRADD -- ATM -- CASP2 -- CHUK -- RPS6KA5 -- PPP1R13L -- MAPK9 -- IRF1 -- EIF4G2 -- HTRA2 -- MYB -- HIP1 -- RNF11 -- PSEN1 -- SOD1 -- HNRNPK -- CASP7 -- SMPD1 -- TNIK -- HTT -- BRCA1 -- CDKN2A -- PELP1 -- BID -- MCL1 -- PCNA -- TAF1 -- PLAC8 -- CASP9 -- DIABLO -- APAF1 -- RASSF1
107,STAT1 -- FOS -- TNFAIP3 -- CFLAR -- MAPK14 -- TGFB2 -- RAC1 -- MAP2K7 -- MAP3K1 -- VEGFA -- MAP3K14 -- MAPK1 -- AKT1 -- E2F1 -- MDM2 -- CHUK -- RPS6KA5 -- PPP1R13L -- MAPK9 -- IRF1 -- EIF4G2 -- HIP1 -- CDK4 -- OTUD7B -- RNF11 -- PARP1 -- PSEN1 -- RPA4 -- CASP7 -- SMPD1 -- BBC3 -- PELP1 -- BAK1 -- BID -- FOXM1 -- CTBP1 -- PCNA -- TAF1 -- PLAC8 -- DIABLO -- APAF1
108,TNFRSF1A -- TNFRSF1B -- MAPK8 -- STAT1 -- BIRC2 -- BIRC3 -- SIRT1 -- MYC -- TNFAIP3 -- MAPK14 -- RHOA -- TGFB2 -- RAC1 -- MAP2K7 -- MAP3K1 -- VEGFA -- RET -- TRADD -- CHUK -- PPP1R13L -- MAPK9 -- LYN -- IRF1 -- CYCS -- RNF11 -- PSEN1 -- BAD -- SOD1 -- HNRNPK -- SMPD1 -- TNIK -- BRCA1 -- BAX -- EIF4E -- BID -- TFDP1 -- PCNA -- TAF1 -- PLAC8 -- DIABLO -- RANGAP1
109,TNFRSF1A -- TNFRSF1B -- MAPK8 -- STAT1 -- JUN -- FOS -- BIRC2 -- BIRC3 -- SIRT1 -- TNFAIP3 -- TRAF1 -- MAPK14 -- RHOA -- NR3C1 -- TGFB2 -- RAC1 -- MAP2K7 -- MAP3K1 -- VEGFA -- RET -- TRADD -- ATM -- CASP2 -- CHUK -- RPS6KA5 -- PPP1R13L -- MAPK9 -- IRF1 -- EIF4G2 -- MYB -- CYCS -- HIP1 -- RNF11 -- PSEN1 -- SOD1 -- HNRNPK -- SMPD1 -- TNIK -- HTT -- BRCA1 -- CDKN2A -- BID -- MCL1 -- PCNA -- TAF1 -- PLAC8 -- DIABLO -- RASSF1
110,TNFRSF1A -- TNFRSF1B -- NFKB1 -- MAPK8 -- SIRT1 -- RB1 -- TNFAIP3 -- CCND1 -- TRAF1 -- MAPK14 -- RHOA -- RAC1 -- MAP2K7 -- MAP3K1 -- MAP3K14 -- TRADD -- TNFRSF10B -- ATM -- CASP2 -- MDM2 -- CHUK -- RPS6KA5 -- PPP1R13L -- MAPK9 -- LYN -- IRF1 -- EIF4G2 -- HTRA2 -- CYCS -- HIP1 -- CDK4 -- OTUD7B -- RNF11 -- CASP10 -- PSEN1 -- SOD1 -- RPA4 -- SMPD1 -- TNIK -- HTT -- PELP1 -- BAX -- BAK1 -- BID -- FOXM1 -- PCNA -- PLAC8 -- DIABLO -- APAF1
111,TNFRSF1A -- TNFRSF1B -- MAPK8 -- BIRC2 -- SIRT1 -- MYC -- TNFAIP3 -- CCND1 -- MAPK14 -- PTMA -- RHOA -- RAC1 -- MAP2K7 -- MAP3K1 -- IGF1 -- VEGFA -- TRADD -- ATM -- MDM2 -- CHUK -- PPP1R13L -- MAPK9 -- LYN -- IRF1 -- CYCS -- CDK4 -- OTUD7B -- RNF11 -- PSEN1 -- BAD -- SOD1 -- RPA4 -- SMPD1 -- TNIK -- PELP1 -- EIF4E -- BID -- FOXM1 -- MCL1 -- PCNA -- TAF1 -- DIABLO -- RANGAP1
756,TNFRSF1A -- TNFRSF1B -- MAPK8 -- STAT1 -- JUN -- FOS -- SIRT1 -- RB1 -- TNFAIP3 -- TRAF1 -- MAPK14 -- RHOA -- RAC1 -- MAP2K7 -- MAP3K1 -- MAP3K14 -- RET -- TRADD -- ATM -- CASP2 -- CHUK -- RPS6KA5 -- PPP1R13L -- MAPK9 -- IRF1 -- EIF4G2 -- HTRA2 -- MYB -- HIP1 -- CDK4 -- OTUD7B -- RNF11 -- CASP10 -- PSEN1 -- SOD1 -- RPA4 -- SMPD1 -- TNIK -- HTT -- CDKN2A -- PELP1 -- BAX -- BAK1 -- BID -- FOXM1 -- PCNA -- PLAC8 -- CASP9 -- DIABLO -- APAF1
113,TNFRSF1A -- TNFRSF1B -- NFKB1 -- MAPK8 -- BIRC2 -- BIRC3 -- SIRT1 -- MYC -- TNFAIP3 -- CCND1 -- MAPK14 -- PTMA -- RHOA -- RAC1 -- MAP2K7 -- MAP3K1 -- IGF1 -- VEGFA -- TRADD -- TNFRSF10B -- ATM -- MDM2 -- CHUK -- PPP1R13L -- MAPK9 -- LYN -- IRF1 -- CYCS -- CDK4 -- OTUD7B -- RNF11 -- CASP10 -- PSEN1 -- BAD -- SOD1 -- RPA4 -- SMPD1 -- TNIK -- PELP1 -- EIF4E -- BID -- FOXM1 -- MCL1 -- PCNA -- TAF1 -- DIABLO -- RANGAP1
114,TNFRSF1A -- TNFRSF1B -- NFKB1 -- MAPK8 -- JUN -- FOS -- SIRT1 -- RB1 -- TNFAIP3 -- CCND1 -- TRAF1 -- MAPK14 -- RHOA -- RAC1 -- MAP2K7 -- MAP3K1 -- MAP3K14 -- TRADD -- TNFRSF10B -- ATM -- CASP2 -- MDM2 -- CHUK -- RPS6KA5 -- PPP1R13L -- MAPK9 -- IRF1 -- EIF4G2 -- HTRA2 -- MYB -- HIP1 -- CDK4 -- OTUD7B -- RNF11 -- CASP10 -- PSEN1 -- SOD1 -- RPA4 -- SMPD1 -- TNIK -- HTT -- PELP1 -- BAX -- BAK1 -- BID -- FOXM1 -- PCNA -- PLAC8 -- CASP9 -- DIABLO -- APAF1
115,TNFRSF1A -- TNFRSF1B -- NFKB1 -- MAPK8 -- JUN -- FOS -- SIRT1 -- RB1 -- TNFAIP3 -- TRAF1 -- MAPK14 -- RHOA -- RAC1 -- MAP2K7 -- MAP3K1 -- IGF1 -- MAP3K14 -- RET -- TRADD -- TNFRSF10B -- CASP2 -- CHUK -- RPS6KA5 -- PPP1R13L -- MAPK9 -- IRF1 -- EIF4G2 -- HTRA2 -- MYB -- HIP1 -- CDK4 -- OTUD7B -- RNF11 -- CASP10 -- PSEN1 -- SOD1 -- HNRNPK -- RPA4 -- SMPD1 -- TNIK -- HTT -- CDKN2A -- PELP1 -- BAX -- BAK1 -- BID -- FOXM1 -- PCNA -- PLAC8 -- CASP9 -- DIABLO -- APAF1
116,TNFRSF1A -- TNFRSF1B -- MAPK8 -- STAT1 -- JUN -- FOS -- SIRT1 -- TNFAIP3 -- TRAF1 -- MAPK14 -- RHOA -- NR3C1 -- TGFB2 -- RAC1 -- MAP2K7 -- MAP3K1 -- VEGFA -- MAP3K14 -- RET -- TRADD -- ATM -- CASP2 -- CHUK -- RPS6KA5 -- PPP1R13L -- MAPK9 -- IRF1 -- EIF4G2 -- HTRA2 -- MYB -- HIP1 -- RNF11 -- PSEN1 -- SOD1 -- HNRNPK -- CASP7 -- SMPD1 -- TNIK -- HTT -- BRCA1 -- CDKN2A -- BID -- MCL1 -- PCNA -- TAF1 -- PLAC8 -- CASP9 -- DIABLO -- APAF1 -- RASSF1
117,TNFRSF1A -- NFKB1 -- STAT1 -- JUN -- FOS -- SIRT1 -- TNFAIP3 -- CCND1 -- MAPK14 -- PTMA -- RHOA -- RAC1 -- MAP2K7 -- MAP3K1 -- VEGFA -- MAP3K14 -- RET -- TRADD -- TNFRSF10B -- ATM -- NFKB2 -- CASP2 -- CHUK -- PPP1R13L -- MAPK9 -- LYN -- IRF1 -- EIF4G2 -- HTRA2 -- HIP1 -- CDK4 -- OTUD7B -- RNF11 -- CASP10 -- PARP1 -- PSEN1 -- SOD1 -- RPA4 -- SMPD1 -- TNIK -- HTT -- BAX -- BAK1 -- BID -- TFDP1 -- PCNA -- TAF1 -- CCNG1 -- DIABLO -- APAF1 -- RANGAP1
118,NFKB1 -- STAT1 -- TRAF1 -- MAPK14 -- RAC1 -- MAP2K7 -- MAP3K1 -- IGF1 -- VEGFA -- MAPK1 -- TNFRSF10B -- AKT1 -- MDM2 -- CHUK -- RPS6KA5 -- PPP1R13L -- MAPK9 -- LYN -- CYCS -- HIP1 -- CDK4 -- OTUD7B -- PARP1 -- PSEN1 -- RPA4 -- PELP1 -- EIF4E -- FOXM1 -- MCL1 -- CTBP1 -- PLAC8 -- DIABLO
119,TNFRSF1A -- TNFRSF1B -- MAPK8 -- STAT1 -- JUN -- FOS -- SIRT1 -- TNFAIP3 -- TRAF1 -- MAPK14 -- RHOA -- NR3C1 -- TGFB2 -- RAC1 -- MAP2K7 -- MAP3K1 -- VEGFA -- MAP3K14 -- RET -- TRADD -- ATM -- CASP2 -- CHUK -- RPS6KA5 -- PPP1R13L -- MAPK9 -- IRF1 -- EIF4G2 -- HTRA2 -- MYB -- HIP1 -- RNF11 -- PSEN1 -- SOD1 -- HNRNPK -- CASP7 -- SMPD1 -- TNIK -- HTT -- BRCA1 -- CDKN2A -- BAX -- BID -- MCL1 -- PCNA -- PLAC8 -- CASP9 -- DIABLO -- APAF1 -- RASSF1
120,TNFRSF1A -- TNFRSF1B -- MAPK8 -- BIRC2 -- BIRC3 -- SIRT1 -- MYC -- RB1 -- TNFAIP3 -- CCND1 -- MAPK14 -- PTMA -- RHOA -- RAC1 -- MAP2K7 -- MAP3K1 -- TRADD -- MDM2 -- CHUK -- PPP1R13L -- MAPK9 -- LYN -- IRF1 -- EIF4G2 -- CYCS -- CDK4 -- OTUD7B -- RNF11 -- CASP10 -- PSEN1 -- BAD -- SOD1 -- RPA4 -- SMPD1 -- TNIK -- PELP1 -- BID -- FOXM1 -- MCL1 -- PCNA -- DIABLO -- RANGAP1
121,STAT1 -- BIRC2 -- BIRC3 -- MAPK14 -- RAC1 -- MAP2K7 -- MAP3K1 -- VEGFA -- RET -- MAPK1 -- AKT1 -- E2F1 -- CHUK -- RPS6KA5 -- PPP1R13L -- MAPK9 -- LYN -- IRF1 -- MYB -- CYCS -- HIP1 -- CDK4 -- OTUD7B -- PARP1 -- PSEN1 -- RPA4 -- SMPD1 -- BBC3 -- PELP1 -- BAK1 -- EIF4E -- BID -- FOXM1 -- CTBP1 -- RBL1 -- PCNA -- TAF1 -- PLAC8 -- DIABLO
122,TNFRSF1A -- TNFRSF1B -- MAPK8 -- STAT1 -- BIRC2 -- SIRT1 -- MYC -- TNFAIP3 -- MAPK14 -- PTMA -- RHOA -- NR3C1 -- TGFB2 -- RAC1 -- MAP2K7 -- MAP3K1 -- IGF1 -- VEGFA -- RET -- TRADD -- MDM2 -- CHUK -- PPP1R13L -- MAPK9 -- LYN -- IRF1 -- CYCS -- CDK4 -- OTUD7B -- RNF11 -- PSEN1 -- BAD -- SOD1 -- SMPD1 -- TNIK -- PELP1 -- EIF4E -- BID -- FOXM1 -- MCL1 -- PCNA -- TAF1 -- DIABLO -- RANGAP1
123,TNFRSF1A -- TNFRSF1B -- MAPK8 -- STAT1 -- BIRC2 -- BIRC3 -- SIRT1 -- MYC -- TNFAIP3 -- MAPK14 -- PTMA -- RHOA -- NR3C1 -- TGFB2 -- RAC1 -- MAP2K7 -- MAP3K1 -- VEGFA -- RET -- TRADD -- ATM -- CHUK -- RPS6KA5 -- PPP1R13L -- MAPK9 -- LYN -- IRF1 -- MYB -- CYCS -- RNF11 -- PSEN1 -- SOD1 -- HNRNPK -- SMPD1 -- TNIK -- BRCA1 -- EIF4E -- BID -- MCL1 -- PCNA -- TAF1 -- PLAC8 -- DIABLO -- RASSF1
124,TNFRSF1A -- TNFRSF1B -- NFKB1 -- MAPK8 -- STAT1 -- BIRC3 -- SIRT1 -- MYC -- RB1 -- TNFAIP3 -- CCND1 -- MAPK14 -- PTMA -- RHOA -- RAC1 -- MAP2K7 -- MAP3K1 -- TRADD -- TNFRSF10B -- ATM -- MDM2 -- CHUK -- PPP1R13L -- MAPK9 -- LYN -- IRF1 -- EIF4G2 -- HTRA2 -- HIP1 -- CDK4 -- OTUD7B -- RNF11 -- CASP10 -- PSEN1 -- SOD1 -- RPA4 -- SMPD1 -- TNIK -- PELP1 -- BAX -- BAK1 -- BID -- FOXM1 -- PCNA -- TAF1 -- DIABLO -- RANGAP1
125,TNFRSF1A -- TNFRSF1B -- NFKB1 -- MAPK8 -- STAT1 -- BIRC2 -- BIRC3 -- SIRT1 -- MYC -- TNFAIP3 -- MAPK14 -- PTMA -- RHOA -- RAC1 -- MAP2K7 -- MAP3K1 -- VEGFA -- TRADD -- TNFRSF10B -- MDM2 -- CHUK -- PPP1R13L -- MAPK9 -- LYN -- IRF1 -- CYCS -- CDK4 -- OTUD7B -- RNF11 -- PSEN1 -- BAD -- SOD1 -- RPA4 -- SMPD1 -- TNIK -- PELP1 -- EIF4E -- BID -- FOXM1 -- MCL1 -- PCNA -- TAF1 -- DIABLO -- RANGAP1
126,TNFRSF1A -- TNFRSF1B -- NFKB1 -- MAPK8 -- SIRT1 -- RB1 -- TNFAIP3 -- CCND1 -- TRAF1 -- MAPK14 -- RHOA -- RAC1 -- MAP2K7 -- MAP3K1 -- IGF1 -- MAP3K14 -- TRADD -- TNFRSF10B -- CASP2 -- MDM2 -- CHUK -- RPS6KA5 -- PPP1R13L -- MAPK9 -- IRF1 -- EIF4G2 -- HTRA2 -- HIP1 -- CDK4 -- OTUD7B -- RNF11 -- CASP10 -- PSEN1 -- SOD1 -- RPA4 -- SMPD1 -- TNIK -- HTT -- PELP1 -- BAX -- BAK1 -- BID -- FOXM1 -- PCNA -- PLAC8 -- CASP9 -- DIABLO
127,TNFRSF1A -- TNFRSF1B -- NFKB1 -- MAPK8 -- SIRT1 -- RB1 -- TNFAIP3 -- CCND1 -- TRAF1 -- MAPK14 -- RHOA -- RAC1 -- MAP2K7 -- MAP3K1 -- IGF1 -- MAP3K14 -- TRADD -- TNFRSF10B -- ATM -- MDM2 -- CHUK -- RPS6KA5 -- PPP1R13L -- MAPK9 -- LYN -- IRF1 -- EIF4G2 -- HTRA2 -- CYCS -- HIP1 -- CDK4 -- OTUD7B -- RNF11 -- CASP10 -- PSEN1 -- SOD1 -- RPA4 -- SMPD1 -- TNIK -- PELP1 -- BAX -- BAK1 -- BID -- FOXM1 -- PCNA -- PLAC8 -- CASP9 -- DIABLO -- APAF1
128,TNFRSF1A -- TNFRSF1B -- MAPK8 -- BIRC2 -- SIRT1 -- TNFAIP3 -- TRAF1 -- MAPK14 -- RHOA -- NR3C1 -- RAC1 -- MAP2K7 -- MAP3K1 -- VEGFA -- RET -- TRADD -- ATM -- CHUK -- RPS6KA5 -- PPP1R13L -- MAPK9 -- LYN -- IRF1 -- CYCS -- HIP1 -- RNF11 -- PSEN1 -- SOD1 -- HNRNPK -- SMPD1 -- TNIK -- BRCA1 -- CDKN2A -- EIF4E -- BID -- MCL1 -- PCNA -- TAF1 -- PLAC8 -- DIABLO -- RASSF1
129,TNFRSF1A -- TNFRSF1B -- MAPK8 -- STAT1 -- JUN -- FOS -- SIRT1 -- RB1 -- TNFAIP3 -- TRAF1 -- MAPK14 -- RHOA -- RAC1 -- MAP2K7 -- MAP3K1 -- VEGFA -- MAP3K14 -- RET -- TRADD -- ATM -- CASP2 -- CHUK -- RPS6KA5 -- PPP1R13L -- MAPK9 -- IRF1 -- EIF4G2 -- HTRA2 -- MYB -- HIP1 -- CDK4 -- OTUD7B -- RNF11 -- PSEN1 -- SOD1 -- HNRNPK -- RPA4 -- SMPD1 -- TNIK -- HTT -- CDKN2A -- PELP1 -- BAX -- BAK1 -- BID -- FOXM1 -- MCL1 -- PCNA -- PLAC8 -- CASP9 -- DIABLO -- APAF1
130,TNFRSF1A -- TNFRSF1B -- MAPK8 -- STAT1 -- JUN -- FOS -- BIRC2 -- SIRT1 -- TNFAIP3 -- TRAF1 -- MAPK14 -- RHOA -- NR3C1 -- TGFB2 -- RAC1 -- MAP2K7 -- MAP3K1 -- VEGFA -- RET -- TRADD -- ATM -- CHUK -- RPS6KA5 -- PPP1R13L -- MAPK9 -- IRF1 -- EIF4G2 -- MYB -- CYCS -- HIP1 -- RNF11 -- PSEN1 -- BAD -- SOD1 -- HNRNPK -- CASP7 -- SMPD1 -- TNIK -- BRCA1 -- CDKN2A -- BID -- MCL1 -- PCNA -- TAF1 -- PLAC8 -- DIABLO -- RASSF1
767,TNFRSF1A -- TNFRSF1B -- NFKB1 -- MAPK8 -- SIRT1 -- RB1 -- TNFAIP3 -- CCND1 -- MAPK14 -- RHOA -- RAC1 -- MAP2K7 -- MAP3K1 -- TRADD -- TNFRSF10B -- ATM -- CASP2 -- MDM2 -- CHUK -- PPP1R13L -- MAPK9 -- LYN -- IRF1 -- EIF4G2 -- HTRA2 -- CDK4 -- OTUD7B -- RNF11 -- CASP10 -- PSEN1 -- SOD1 -- HNRNPK -- RPA4 -- SMPD1 -- TNIK -- HTT -- PELP1 -- BAX -- BAK1 -- BID -- FOXM1 -- PCNA -- PLAC8 -- DIABLO -- APAF1 -- RANGAP1
132,TNFRSF1A -- TNFRSF1B -- MAPK8 -- STAT1 -- BIRC2 -- SIRT1 -- MYC -- TNFAIP3 -- MAPK14 -- RHOA -- NR3C1 -- RAC1 -- MAP2K7 -- MAP3K1 -- VEGFA -- MAP3K14 -- RET -- TRADD -- CHUK -- PPP1R13L -- MAPK9 -- LYN -- IRF1 -- EIF4G2 -- CYCS -- RNF11 -- PSEN1 -- SOD1 -- HNRNPK -- SMPD1 -- TNIK -- HTT -- BRCA1 -- BID -- TFDP1 -- MCL1 -- PCNA -- TAF1 -- DIABLO -- RASSF1 -- RANGAP1
133,TNFRSF1A -- TNFRSF1B -- MAPK8 -- STAT1 -- BIRC2 -- BIRC3 -- SIRT1 -- MYC -- TNFAIP3 -- MAPK14 -- PTMA -- RHOA -- TGFB2 -- RAC1 -- MAP2K7 -- MAP3K1 -- IGF1 -- VEGFA -- RET -- TRADD -- TNFRSF10B -- CHUK -- PPP1R13L -- MAPK9 -- LYN -- IRF1 -- CYCS -- CDK4 -- OTUD7B -- RNF11 -- PSEN1 -- BAD -- SOD1 -- HNRNPK -- RPA4 -- SMPD1 -- TNIK -- PELP1 -- EIF4E -- BID -- FOXM1 -- MCL1 -- PCNA -- TAF1 -- DIABLO -- RANGAP1
134,NFKB1 -- FASLG -- RB1 -- TNFAIP3 -- CCND1 -- TRAF1 -- MAPK14 -- RHOA -- IL2 -- RAC1 -- MAP2K7 -- MAP3K1 -- IGF1 -- MAP3K14 -- TRADD -- TNFRSF10B -- CASP2 -- MDM2 -- CHUK -- RPS6KA5 -- PPP1R13L -- MAPK9 -- IRF1 -- EIF4G2 -- HIP1 -- CDK4 -- OTUD7B -- RNF11 -- CASP10 -- PARP1 -- PSEN1 -- RPA4 -- TNIK -- HTT -- PELP1 -- BID -- FOXM1 -- MCL1 -- PCNA -- PLAC8 -- CASP9 -- DIABLO -- APAF1
135,TNFRSF1A -- TNFRSF1B -- MAPK8 -- STAT1 -- JUN -- FOS -- BIRC2 -- BIRC3 -- SIRT1 -- TNFAIP3 -- TRAF1 -- MAPK14 -- RHOA -- NR3C1 -- TGFB2 -- RAC1 -- MAP2K7 -- MAP3K1 -- VEGFA -- RET -- TRADD -- ATM -- CHUK -- RPS6KA5 -- PPP1R13L -- MAPK9 -- IRF1 -- MYB -- CYCS -- HIP1 -- RNF11 -- PSEN1 -- SOD1 -- HNRNPK -- SMPD1 -- TNIK -- BRCA1 -- CDKN2A -- EIF4E -- BID -- MCL1 -- PCNA -- TAF1 -- PLAC8 -- DIABLO -- RASSF1
136,TNFRSF1A -- TNFRSF1B -- MAPK8 -- STAT1 -- BIRC2 -- SIRT1 -- MYC -- TNFAIP3 -- TRAF1 -- MAPK14 -- PTMA -- RHOA -- RAC1 -- MAP2K7 -- MAP3K1 -- VEGFA -- RET -- TRADD -- ATM -- CHUK -- PPP1R13L -- MAPK9 -- LYN -- IRF1 -- CYCS -- RNF11 -- PSEN1 -- SOD1 -- HNRNPK -- SMPD1 -- TNIK -- BRCA1 -- CDKN2A -- EIF4E -- BID -- MCL1 -- PCNA -- TAF1 -- DIABLO -- RASSF1 -- RANGAP1
137,TNFRSF1A -- TNFRSF1B -- NFKB1 -- MAPK8 -- JUN -- FOS -- SIRT1 -- RB1 -- TNFAIP3 -- CCND1 -- TRAF1 -- MAPK14 -- RHOA -- RAC1 -- MAP2K7 -- MAP3K1 -- MAP3K14 -- TRADD -- TNFRSF10B -- ATM -- CASP2 -- MDM2 -- CHUK -- RPS6KA5 -- PPP1R13L -- MAPK9 -- IRF1 -- EIF4G2 -- HTRA2 -- MYB -- HIP1 -- CDK4 -- OTUD7B -- RNF11 -- CASP10 -- PSEN1 -- SOD1 -- RPA4 -- SMPD1 -- TNIK -- HTT -- CDKN2A -- PELP1 -- BAX -- BAK1 -- BID -- FOXM1 -- PCNA -- PLAC8 -- CASP9 -- DIABLO -- APAF1
138,TNFRSF1A -- TNFRSF1B -- MAPK8 -- JUN -- FOS -- SIRT1 -- RB1 -- TNFAIP3 -- CCND1 -- TRAF1 -- MAPK14 -- RHOA -- RAC1 -- MAP2K7 -- MAP3K1 -- MAP3K14 -- TRADD -- ATM -- CASP2 -- MDM2 -- CHUK -- RPS6KA5 -- PPP1R13L -- MAPK9 -- IRF1 -- EIF4G2 -- HTRA2 -- MYB -- HIP1 -- RNF11 -- CASP10 -- PSEN1 -- SOD1 -- RPA4 -- SMPD1 -- TNIK -- HTT -- BRCA1 -- CDKN2A -- BAX -- BAK1 -- BID -- PCNA -- PLAC8 -- CASP9 -- DIABLO -- APAF1 -- RASSF1
139,TNFRSF1A -- TNFRSF1B -- MAPK8 -- STAT1 -- BIRC2 -- SIRT1 -- TNFAIP3 -- TRAF1 -- MAPK14 -- RHOA -- NR3C1 -- RAC1 -- MAP2K7 -- MAP3K1 -- VEGFA -- RET -- TRADD -- MDM2 -- CHUK -- RPS6KA5 -- PPP1R13L -- MAPK9 -- LYN -- IRF1 -- CYCS -- HIP1 -- CDK4 -- OTUD7B -- RNF11 -- PSEN1 -- SOD1 -- HNRNPK -- RPA4 -- SMPD1 -- TNIK -- BRCA1 -- EIF4E -- BID -- MCL1 -- PCNA -- TAF1 -- PLAC8 -- DIABLO
140,TNFRSF1A -- TNFRSF1B -- MAPK8 -- JUN -- FOS -- BIRC2 -- SIRT1 -- TNFAIP3 -- TRAF1 -- MAPK14 -- RHOA -- NR3C1 -- TGFB2 -- RAC1 -- MAP2K7 -- MAP3K1 -- VEGFA -- RET -- TRADD -- ATM -- CHUK -- RPS6KA5 -- PPP1R13L -- MAPK9 -- IRF1 -- EIF4G2 -- MYB -- HIP1 -- RNF11 -- PSEN1 -- SOD1 -- HNRNPK -- CASP7 -- SMPD1 -- TNIK -- HTT -- BRCA1 -- CDKN2A -- BID -- MCL1 -- PCNA -- TAF1 -- PLAC8 -- CASP9 -- DIABLO -- APAF1 -- RASSF1
141,TNFRSF1A -- TNFRSF1B -- MAPK8 -- STAT1 -- JUN -- FOS -- BIRC2 -- BIRC3 -- SIRT1 -- TNFAIP3 -- TRAF1 -- MAPK14 -- RHOA -- NR3C1 -- TGFB2 -- RAC1 -- MAP2K7 -- MAP3K1 -- VEGFA -- RET -- TRADD -- ATM -- CASP2 -- CHUK -- RPS6KA5 -- PPP1R13L -- MAPK9 -- IRF1 -- EIF4G2 -- MYB -- CYCS -- HIP1 -- RNF11 -- PSEN1 -- SOD1 -- HNRNPK -- CASP7 -- SMPD1 -- TNIK -- HTT -- CDKN2A -- BID -- MCL1 -- PCNA -- TAF1 -- PLAC8 -- CASP9 -- DIABLO -- RASSF1
142,TNFRSF1A -- TNFRSF1B -- MAPK8 -- STAT1 -- FOS -- BIRC2 -- BIRC3 -- SIRT1 -- MYC -- TNFAIP3 -- CCND1 -- TRAF1 -- MAPK14 -- PTMA -- RHOA -- TGFB2 -- RAC1 -- MAP2K7 -- MAP3K1 -- VEGFA -- RET -- TRADD -- CHUK -- RPS6KA5 -- PPP1R13L -- MAPK9 -- LYN -- IRF1 -- CYCS -- CDK4 -- OTUD7B -- RNF11 -- PSEN1 -- SOD1 -- HNRNPK -- RPA4 -- SMPD1 -- TNIK -- BRCA1 -- BID -- MCL1 -- PCNA -- TAF1 -- PLAC8 -- DIABLO
754,TNFRSF1A -- TNFRSF1B -- MAPK8 -- STAT1 -- BIRC2 -- SIRT1 -- MYC -- TNFAIP3 -- MAPK14 -- PTMA -- RHOA -- RAC1 -- MAP2K7 -- MAP3K1 -- IGF1 -- VEGFA -- TRADD -- ATM -- MDM2 -- CHUK -- PPP1R13L -- MAPK9 -- LYN -- IRF1 -- CYCS -- CDK4 -- OTUD7B -- RNF11 -- PSEN1 -- BAD -- SOD1 -- HNRNPK -- RPA4 -- SMPD1 -- TNIK -- PELP1 -- EIF4E -- BID -- FOXM1 -- MCL1 -- PCNA -- TAF1 -- DIABLO -- RANGAP1
144,TNFRSF1A -- TNFRSF1B -- NFKB1 -- MAPK8 -- SIRT1 -- RB1 -- TNFAIP3 -- CCND1 -- TRAF1 -- MAPK14 -- RHOA -- RAC1 -- MAP2K7 -- MAP3K1 -- MAP3K14 -- TRADD -- TNFRSF10B -- ATM -- CASP2 -- MDM2 -- CHUK -- RPS6KA5 -- PPP1R13L -- MAPK9 -- LYN -- IRF1 -- EIF4G2 -- HTRA2 -- HIP1 -- CDK4 -- OTUD7B -- RNF11 -- CASP10 -- PSEN1 -- SOD1 -- RPA4 -- SMPD1 -- TNIK -- PELP1 -- BAX -- BAK1 -- BID -- FOXM1 -- PCNA -- PLAC8 -- CASP9 -- DIABLO -- APAF1
145,TNFRSF1A -- TNFRSF1B -- MAPK8 -- STAT1 -- JUN -- FOS -- SIRT1 -- TNFAIP3 -- TRAF1 -- MAPK14 -- RHOA -- NR3C1 -- TGFB2 -- RAC1 -- MAP2K7 -- MAP3K1 -- VEGFA -- MAP3K14 -- RET -- TRADD -- ATM -- CASP2 -- CHUK -- RPS6KA5 -- PPP1R13L -- MAPK9 -- IRF1 -- EIF4G2 -- HTRA2 -- MYB -- HIP1 -- RNF11 -- PSEN1 -- SOD1 -- HNRNPK -- CASP7 -- SMPD1 -- TNIK -- HTT -- BRCA1 -- CDKN2A -- BID -- MCL1 -- PCNA -- TAF1 -- PLAC8 -- CASP9 -- DIABLO -- APAF1 -- RASSF1
146,TNFRSF1A -- TNFRSF1B -- NFKB1 -- MAPK8 -- BIRC2 -- BIRC3 -- RB1 -- TNFAIP3 -- CCND1 -- TRAF1 -- MAPK14 -- RHOA -- RAC1 -- MAP2K7 -- MAP3K1 -- IGF1 -- TRADD -- TNFRSF10B -- ATM -- MDM2 -- CHUK -- RPS6KA5 -- PPP1R13L -- MAPK9 -- LYN -- IRF1 -- EIF4G2 -- CYCS -- HIP1 -- CDK4 -- OTUD7B -- RNF11 -- CASP10 -- PSEN1 -- SOD1 -- RPA4 -- TNIK -- PELP1 -- BAX -- BID -- FOXM1 -- PCNA -- PLAC8 -- DIABLO
147,TNFRSF1A -- TNFRSF1B -- MAPK8 -- BIRC2 -- SIRT1 -- MYC -- TNFAIP3 -- CCND1 -- MAPK14 -- PTMA -- RHOA -- RAC1 -- MAP2K7 -- MAP3K1 -- IGF1 -- VEGFA -- TRADD -- ATM -- MDM2 -- CHUK -- PPP1R13L -- MAPK9 -- LYN -- IRF1 -- CYCS -- CDK4 -- OTUD7B -- RNF11 -- PSEN1 -- BAD -- SOD1 -- RPA4 -- SMPD1 -- TNIK -- PELP1 -- EIF4E -- BID -- FOXM1 -- MCL1 -- PCNA -- TAF1 -- DIABLO
148,STAT1 -- BIRC2 -- MAPK14 -- RHOA -- RAC1 -- MAP2K7 -- MAP3K1 -- VEGFA -- RET -- MAPK1 -- CHUK -- RPS6KA5 -- PPP1R13L -- MAPK9 -- LYN -- IRF1 -- HTRA2 -- HIP1 -- CDK4 -- OTUD7B -- RNF11 -- PARP1 -- PSEN1 -- SOD1 -- HNRNPK -- RPA4 -- SMPD1 -- PELP1 -- BAK1 -- EIF4E -- BID -- FOXM1 -- CTBP1 -- PCNA -- TAF1 -- PLAC8 -- DIABLO
149,TNFRSF1A -- TNFRSF1B -- NFKB1 -- MAPK8 -- JUN -- FOS -- SIRT1 -- RB1 -- TNFAIP3 -- CCND1 -- TRAF1 -- MAPK14 -- RHOA -- RAC1 -- MAP2K7 -- MAP3K1 -- IGF1 -- MAP3K14 -- TRADD -- TNFRSF10B -- CASP2 -- CHUK -- RPS6KA5 -- PPP1R13L -- MAPK9 -- IRF1 -- EIF4G2 -- HTRA2 -- MYB -- HIP1 -- CDK4 -- OTUD7B -- RNF11 -- CASP10 -- PSEN1 -- SOD1 -- RPA4 -- SMPD1 -- TNIK -- HTT -- CDKN2A -- PELP1 -- BAX -- BAK1 -- BID -- FOXM1 -- PCNA -- PLAC8 -- CASP9 -- DIABLO -- APAF1
150,TNFRSF1A -- TNFRSF1B -- MAPK8 -- SIRT1 -- MYC -- RB1 -- TNFAIP3 -- CCND1 -- MAPK14 -- PTMA -- RHOA -- RAC1 -- MAP2K7 -- MAP3K1 -- IGF1 -- TRADD -- MDM2 -- CHUK -- PPP1R13L -- MAPK9 -- LYN -- IRF1 -- HTRA2 -- CYCS -- CDK4 -- OTUD7B -- RNF11 -- PSEN1 -- SOD1 -- RPA4 -- SMPD1 -- TNIK -- PELP1 -- BAX -- BAK1 -- EIF4E -- BID -- FOXM1 -- PCNA -- TAF1 -- DIABLO -- APAF1 -- RANGAP1
151,TNFRSF1A -- TNFRSF1B -- NFKB1 -- MAPK8 -- SIRT1 -- RB1 -- TNFAIP3 -- CCND1 -- TRAF1 -- MAPK14 -- RHOA -- RAC1 -- MAP2K7 -- MAP3K1 -- MAP3K14 -- TRADD -- TNFRSF10B -- CASP2 -- MDM2 -- CHUK -- RPS6KA5 -- PPP1R13L -- MAPK9 -- LYN -- IRF1 -- EIF4G2 -- HTRA2 -- HIP1 -- CDK4 -- OTUD7B -- RNF11 -- CASP10 -- PSEN1 -- SOD1 -- RPA4 -- SMPD1 -- TNIK -- HTT -- PELP1 -- BAX -- BAK1 -- BID -- FOXM1 -- PCNA -- PLAC8 -- CASP9 -- DIABLO -- APAF1
152,TNFRSF1A -- TNFRSF1B -- MAPK8 -- STAT1 -- BIRC2 -- SIRT1 -- MYC -- TNFAIP3 -- MAPK14 -- PTMA -- RHOA -- RAC1 -- MAP2K7 -- MAP3K1 -- VEGFA -- RET -- TRADD -- ATM -- CHUK -- RPS6KA5 -- PPP1R13L -- MAPK9 -- LYN -- IRF1 -- CYCS -- CDK4 -- RNF11 -- PSEN1 -- SOD1 -- HNRNPK -- RPA4 -- SMPD1 -- TNIK -- PELP1 -- EIF4E -- BID -- FOXM1 -- MCL1 -- PCNA -- TAF1 -- PLAC8 -- DIABLO -- RASSF1 -- RANGAP1
153,TNFRSF1A -- TNFRSF1B -- MAPK8 -- STAT1 -- SIRT1 -- RB1 -- TNFAIP3 -- TRAF1 -- MAPK14 -- RHOA -- TGFB2 -- RAC1 -- MAP2K7 -- MAP3K1 -- IGF1 -- VEGFA -- MAP3K14 -- RET -- TRADD -- ATM -- CASP2 -- CHUK -- RPS6KA5 -- PPP1R13L -- MAPK9 -- LYN -- IRF1 -- EIF4G2 -- HTRA2 -- HIP1 -- CDK4 -- OTUD7B -- RNF11 -- PSEN1 -- SOD1 -- HNRNPK -- RPA4 -- SMPD1 -- TNIK -- HTT -- PELP1 -- BAX -- BAK1 -- BID -- FOXM1 -- MCL1 -- PCNA -- TAF1 -- PLAC8 -- CASP9 -- DIABLO -- APAF1
154,TNFRSF1A -- TNFRSF1B -- NFKB1 -- MAPK8 -- SIRT1 -- RB1 -- TNFAIP3 -- CCND1 -- TRAF1 -- MAPK14 -- RHOA -- RAC1 -- MAP2K7 -- MAP3K1 -- TRADD -- TNFRSF10B -- ATM -- CASP2 -- MDM2 -- CHUK -- RPS6KA5 -- PPP1R13L -- MAPK9 -- LYN -- IRF1 -- EIF4G2 -- HTRA2 -- HIP1 -- CDK4 -- OTUD7B -- RNF11 -- CASP10 -- PSEN1 -- SOD1 -- RPA4 -- SMPD1 -- TNIK -- HTT -- PELP1 -- BAX -- BAK1 -- BID -- FOXM1 -- PCNA -- PLAC8 -- CASP9 -- DIABLO -- APAF1
155,TNFRSF1A -- TNFRSF1B -- MAPK8 -- STAT1 -- JUN -- FOS -- SIRT1 -- TNFAIP3 -- TRAF1 -- MAPK14 -- RHOA -- TGFB2 -- RAC1 -- MAP2K7 -- MAP3K1 -- VEGFA -- MAP3K14 -- RET -- TRADD -- ATM -- CASP2 -- CHUK -- RPS6KA5 -- PPP1R13L -- MAPK9 -- IRF1 -- EIF4G2 -- HTRA2 -- MYB -- HIP1 -- RNF11 -- CASP10 -- PSEN1 -- SOD1 -- CASP7 -- SMPD1 -- TNIK -- HTT -- BRCA1 -- CDKN2A -- PELP1 -- BID -- MCL1 -- PCNA -- TAF1 -- PLAC8 -- CASP9 -- DIABLO -- APAF1 -- RASSF1
156,TNFRSF1A -- TNFRSF1B -- NFKB1 -- MAPK8 -- BIRC2 -- BIRC3 -- SIRT1 -- RB1 -- TNFAIP3 -- CCND1 -- TRAF1 -- MAPK14 -- RHOA -- RAC1 -- MAP2K7 -- MAP3K1 -- TRADD -- TNFRSF10B -- MDM2 -- CHUK -- RPS6KA5 -- PPP1R13L -- MAPK9 -- LYN -- IRF1 -- EIF4G2 -- CYCS -- HIP1 -- CDK4 -- OTUD7B -- RNF11 -- CASP10 -- PSEN1 -- SOD1 -- RPA4 -- SMPD1 -- TNIK -- PELP1 -- BID -- FOXM1 -- MCL1 -- PCNA -- PLAC8 -- DIABLO -- RANGAP1
157,TNFRSF1A -- TNFRSF1B -- MAPK8 -- STAT1 -- JUN -- BIRC2 -- BIRC3 -- SIRT1 -- TNFAIP3 -- TRAF1 -- MAPK14 -- RHOA -- NR3C1 -- TGFB2 -- RAC1 -- MAP2K7 -- MAP3K1 -- VEGFA -- MAP3K14 -- RET -- TRADD -- ATM -- CHUK -- RPS6KA5 -- PPP1R13L -- MAPK9 -- LYN -- IRF1 -- MYB -- CYCS -- HIP1 -- RNF11 -- PSEN1 -- SOD1 -- HNRNPK -- SMPD1 -- TNIK -- BRCA1 -- CDKN2A -- EIF4E -- BID -- MCL1 -- PCNA -- TAF1 -- PLAC8 -- DIABLO -- RASSF1
158,TNFRSF1A -- TNFRSF1B -- NFKB1 -- MAPK8 -- JUN -- FOS -- SIRT1 -- RB1 -- TNFAIP3 -- CCND1 -- TRAF1 -- MAPK14 -- RHOA -- RAC1 -- MAP2K7 -- MAP3K1 -- IGF1 -- MAP3K14 -- TRADD -- TNFRSF10B -- CASP2 -- MDM2 -- CHUK -- RPS6KA5 -- PPP1R13L -- MAPK9 -- IRF1 -- HTRA2 -- MYB -- HIP1 -- CDK4 -- OTUD7B -- RNF11 -- CASP10 -- PSEN1 -- SOD1 -- RPA4 -- SMPD1 -- TNIK -- HTT -- PELP1 -- BAX -- BAK1 -- EIF4E -- BID -- FOXM1 -- PCNA -- PLAC8 -- CASP9 -- DIABLO -- APAF1
159,STAT1 -- JUN -- FOS -- SIRT1 -- MAPK14 -- PTMA -- TGFB2 -- RAC1 -- MAP2K7 -- MAP3K1 -- VEGFA -- MAP3K14 -- RET -- MAPK1 -- AKT1 -- ATM -- E2F1 -- CHUK -- RPS6KA5 -- PPP1R13L -- MAPK9 -- IRF1 -- EIF4G2 -- MYB -- CYCS -- HIP1 -- OTUD7B -- RNF11 -- PSEN1 -- HNRNPK -- CASP7 -- SMPD1 -- CDKN2A -- BBC3 -- PELP1 -- BAK1 -- BID -- FOXM1 -- CTBP1 -- RBL1 -- PCNA -- TAF1 -- PLAC8 -- DIABLO -- RANGAP1
160,TNFRSF1A -- TNFRSF1B -- MAPK8 -- BIRC2 -- BIRC3 -- SIRT1 -- MYC -- TNFAIP3 -- CCND1 -- MAPK14 -- PTMA -- RHOA -- TGFB2 -- RAC1 -- MAP2K7 -- MAP3K1 -- IGF1 -- RET -- TRADD -- TNFRSF10B -- CHUK -- PPP1R13L -- MAPK9 -- LYN -- IRF1 -- EIF4G2 -- HTRA2 -- CDK4 -- OTUD7B -- RNF11 -- CASP10 -- PSEN1 -- SOD1 -- HNRNPK -- RPA4 -- SMPD1 -- TNIK -- PELP1 -- BAX -- BAK1 -- EIF4E -- BID -- FOXM1 -- PCNA -- TAF1 -- DIABLO -- RANGAP1
161,TNFRSF1A -- TNFRSF1B -- NFKB1 -- MAPK8 -- STAT1 -- BIRC2 -- SIRT1 -- MYC -- TNFAIP3 -- MAPK14 -- PTMA -- RHOA -- RAC1 -- MAP2K7 -- MAP3K1 -- VEGFA -- RET -- TRADD -- ATM -- CHUK -- PPP1R13L -- MAPK9 -- LYN -- IRF1 -- HTRA2 -- CDK4 -- OTUD7B -- RNF11 -- PSEN1 -- BAD -- SOD1 -- HNRNPK -- RPA4 -- SMPD1 -- TNIK -- PELP1 -- EIF4E -- BID -- FOXM1 -- MCL1 -- PCNA -- TAF1 -- DIABLO -- RANGAP1
162,TNFRSF1A -- TNFRSF1B -- NFKB1 -- MAPK8 -- BIRC2 -- BIRC3 -- SIRT1 -- RB1 -- TNFAIP3 -- CCND1 -- TRAF1 -- MAPK14 -- RHOA -- RAC1 -- MAP2K7 -- MAP3K1 -- IGF1 -- TRADD -- TNFRSF10B -- MDM2 -- CHUK -- RPS6KA5 -- PPP1R13L -- MAPK9 -- LYN -- IRF1 -- EIF4G2 -- CYCS -- HIP1 -- CDK4 -- OTUD7B -- RNF11 -- CASP10 -- PSEN1 -- BAD -- SOD1 -- RPA4 -- SMPD1 -- TNIK -- PELP1 -- BAX -- BAK1 -- BID -- FOXM1 -- PCNA -- PLAC8 -- DIABLO
163,TNFRSF1A -- TNFRSF1B -- MAPK8 -- STAT1 -- FOS -- BIRC2 -- BIRC3 -- SIRT1 -- TNFAIP3 -- TRAF1 -- MAPK14 -- RHOA -- NR3C1 -- TGFB2 -- RAC1 -- MAP2K7 -- MAP3K1 -- VEGFA -- RET -- TRADD -- ATM -- CASP2 -- CHUK -- RPS6KA5 -- PPP1R13L -- MAPK9 -- LYN -- IRF1 -- EIF4G2 -- MYB -- HIP1 -- RNF11 -- PSEN1 -- SOD1 -- HNRNPK -- SMPD1 -- TNIK -- HTT -- BRCA1 -- BID -- TFDP1 -- MCL1 -- PCNA -- PLAC8 -- DIABLO -- APAF1
164,TNFRSF1A -- TNFRSF1B -- MAPK8 -- BIRC2 -- SIRT1 -- MYC -- TNFAIP3 -- CCND1 -- MAPK14 -- RHOA -- RAC1 -- MAP2K7 -- MAP3K1 -- IGF1 -- RET -- TRADD -- MDM2 -- CHUK -- RPS6KA5 -- PPP1R13L -- MAPK9 -- LYN -- IRF1 -- HIP1 -- CDK4 -- OTUD7B -- RNF11 -- PSEN1 -- SOD1 -- RPA4 -- SMPD1 -- TNIK -- PELP1 -- EIF4E -- BID -- FOXM1 -- MCL1 -- PCNA -- TAF1 -- PLAC8 -- DIABLO
165,TNFRSF1A -- TNFRSF1B -- MAPK8 -- BIRC2 -- SIRT1 -- RB1 -- TNFAIP3 -- CCND1 -- TRAF1 -- MAPK14 -- RHOA -- RAC1 -- MAP2K7 -- MAP3K1 -- RET -- TRADD -- MDM2 -- CHUK -- RPS6KA5 -- PPP1R13L -- MAPK9 -- LYN -- IRF1 -- EIF4G2 -- CYCS -- CDK4 -- OTUD7B -- RNF11 -- PSEN1 -- BAD -- SOD1 -- HNRNPK -- RPA4 -- SMPD1 -- TNIK -- PELP1 -- BAK1 -- EIF4E -- BID -- FOXM1 -- PCNA -- TAF1 -- PLAC8 -- DIABLO
166,TNFRSF1A -- TNFRSF1B -- MAPK8 -- SIRT1 -- RB1 -- TNFAIP3 -- CCND1 -- TRAF1 -- MAPK14 -- RHOA -- RAC1 -- MAP2K7 -- MAP3K1 -- IGF1 -- TRADD -- MDM2 -- CHUK -- RPS6KA5 -- PPP1R13L -- MAPK9 -- LYN -- IRF1 -- EIF4G2 -- HTRA2 -- HIP1 -- CDK4 -- OTUD7B -- RNF11 -- PSEN1 -- SOD1 -- RPA4 -- SMPD1 -- TNIK -- PELP1 -- BAX -- BAK1 -- BID -- FOXM1 -- PCNA -- PLAC8 -- DIABLO
167,TNFRSF1A -- TNFRSF1B -- NFKB1 -- MAPK8 -- STAT1 -- SIRT1 -- RB1 -- TNFAIP3 -- CCND1 -- MAPK14 -- PTMA -- RHOA -- RAC1 -- MAP2K7 -- MAP3K1 -- IGF1 -- MAP3K14 -- TRADD -- TNFRSF10B -- MDM2 -- CHUK -- PPP1R13L -- MAPK9 -- LYN -- IRF1 -- EIF4G2 -- HTRA2 -- CDK4 -- OTUD7B -- RNF11 -- CASP10 -- PSEN1 -- SOD1 -- RPA4 -- SMPD1 -- TNIK -- PELP1 -- BAX -- BAK1 -- EIF4E -- BID -- PCNA -- TAF1 -- DIABLO -- RANGAP1
168,TNFRSF1A -- TNFRSF1B -- MAPK8 -- STAT1 -- JUN -- FOS -- BIRC2 -- BIRC3 -- SIRT1 -- TNFAIP3 -- TRAF1 -- MAPK14 -- RHOA -- NR3C1 -- TGFB2 -- RAC1 -- MAP2K7 -- MAP3K1 -- VEGFA -- RET -- TRADD -- ATM -- CASP2 -- CHUK -- RPS6KA5 -- PPP1R13L -- MAPK9 -- IRF1 -- EIF4G2 -- MYB -- HIP1 -- RNF11 -- PSEN1 -- SOD1 -- HNRNPK -- SMPD1 -- TNIK -- HTT -- BRCA1 -- CDKN2A -- BID -- MCL1 -- PCNA -- TAF1 -- PLAC8 -- CASP9 -- DIABLO -- RASSF1
169,STAT1 -- BIRC2 -- BIRC3 -- SIRT1 -- MAPK14 -- RAC1 -- MAP2K7 -- MAP3K1 -- VEGFA -- MAP3K14 -- MAPK1 -- AKT1 -- ATM -- E2F1 -- MDM2 -- CHUK -- RPS6KA5 -- PPP1R13L -- MAPK9 -- IRF1 -- EIF4G2 -- MYB -- CYCS -- HIP1 -- CDK4 -- OTUD7B -- PSEN1 -- RPA4 -- CASP7 -- SMPD1 -- PELP1 -- BAK1 -- EIF4E -- BID -- FOXM1 -- CTBP1 -- PCNA -- TAF1 -- PLAC8 -- DIABLO
170,TNFRSF1A -- TNFRSF1B -- MAPK8 -- STAT1 -- JUN -- FOS -- BIRC2 -- SIRT1 -- TNFAIP3 -- TRAF1 -- MAPK14 -- RHOA -- NR3C1 -- TGFB2 -- RAC1 -- MAP2K7 -- MAP3K1 -- VEGFA -- MAP3K14 -- RET -- TRADD -- ATM -- CHUK -- RPS6KA5 -- PPP1R13L -- MAPK9 -- IRF1 -- EIF4G2 -- MYB -- CYCS -- HIP1 -- RNF11 -- PSEN1 -- SOD1 -- HNRNPK -- CASP7 -- SMPD1 -- TNIK -- BRCA1 -- CDKN2A -- BID -- MCL1 -- PCNA -- TAF1 -- PLAC8 -- DIABLO -- RASSF1
171,TNFRSF1A -- TNFRSF1B -- MAPK8 -- STAT1 -- JUN -- FOS -- SIRT1 -- TNFAIP3 -- TRAF1 -- MAPK14 -- RHOA -- TGFB2 -- RAC1 -- MAP2K7 -- MAP3K1 -- VEGFA -- MAP3K14 -- RET -- TRADD -- ATM -- CASP2 -- CHUK -- RPS6KA5 -- PPP1R13L -- MAPK9 -- IRF1 -- EIF4G2 -- MYB -- CYCS -- HIP1 -- OTUD7B -- RNF11 -- CASP10 -- PSEN1 -- SOD1 -- HNRNPK -- CASP7 -- SMPD1 -- TNIK -- HTT -- BRCA1 -- CDKN2A -- BID -- MCL1 -- PCNA -- TAF1 -- PLAC8 -- CASP9 -- DIABLO -- APAF1 -- RASSF1
172,NFKB1 -- MAPK8 -- STAT1 -- BIRC2 -- BIRC3 -- SIRT1 -- FASLG -- RB1 -- TNFAIP3 -- TRAF1 -- MAPK14 -- RHOA -- IL2 -- RAC1 -- MAP2K7 -- MAP3K1 -- TRADD -- TNFRSF10B -- AKT1 -- MDM2 -- CHUK -- RPS6KA5 -- PPP1R13L -- MAPK9 -- LYN -- IRF1 -- EIF4G2 -- HIP1 -- CDK4 -- OTUD7B -- CASP10 -- PARP1 -- PSEN1 -- RPA4 -- TNIK -- PELP1 -- BID -- FOXM1 -- MCL1 -- CTBP1 -- PCNA -- PLAC8 -- DIABLO
173,TNFRSF1A -- TNFRSF1B -- NFKB1 -- MAPK8 -- STAT1 -- JUN -- FOS -- SIRT1 -- RB1 -- TNFAIP3 -- TRAF1 -- MAPK14 -- RHOA -- RAC1 -- MAP2K7 -- MAP3K1 -- IGF1 -- MAP3K14 -- TRADD -- TNFRSF10B -- ATM -- CASP2 -- MDM2 -- CHUK -- RPS6KA5 -- PPP1R13L -- MAPK9 -- IRF1 -- EIF4G2 -- HTRA2 -- MYB -- HIP1 -- RNF11 -- CASP10 -- PSEN1 -- SOD1 -- RPA4 -- SMPD1 -- TNIK -- HTT -- CDKN2A -- PELP1 -- BAX -- BAK1 -- BID -- PCNA -- PLAC8 -- CASP9 -- DIABLO -- APAF1
174,TNFRSF1A -- TNFRSF1B -- MAPK8 -- STAT1 -- BIRC2 -- BIRC3 -- SIRT1 -- TNFAIP3 -- TRAF1 -- MAPK14 -- RHOA -- NR3C1 -- TGFB2 -- RAC1 -- MAP2K7 -- MAP3K1 -- VEGFA -- RET -- TRADD -- ATM -- CHUK -- RPS6KA5 -- PPP1R13L -- MAPK9 -- LYN -- IRF1 -- MYB -- CYCS -- HIP1 -- RNF11 -- PSEN1 -- SOD1 -- HNRNPK -- SMPD1 -- TNIK -- BRCA1 -- CDKN2A -- EIF4E -- BID -- MCL1 -- PCNA -- TAF1 -- PLAC8 -- DIABLO -- RASSF1
175,TNFRSF1A -- TNFRSF1B -- NFKB1 -- MAPK8 -- BIRC2 -- BIRC3 -- SIRT1 -- RB1 -- TNFAIP3 -- CCND1 -- TRAF1 -- MAPK14 -- RHOA -- RAC1 -- MAP2K7 -- MAP3K1 -- IGF1 -- TRADD -- TNFRSF10B -- MDM2 -- CHUK -- RPS6KA5 -- PPP1R13L -- MAPK9 -- LYN -- IRF1 -- EIF4G2 -- HTRA2 -- HIP1 -- CDK4 -- OTUD7B -- RNF11 -- CASP10 -- PSEN1 -- SOD1 -- RPA4 -- SMPD1 -- TNIK -- PELP1 -- BAX -- BAK1 -- BID -- FOXM1 -- PCNA -- PLAC8 -- DIABLO
176,TNFRSF1A -- TNFRSF1B -- NFKB1 -- MAPK8 -- BIRC2 -- SIRT1 -- RB1 -- TNFAIP3 -- CCND1 -- TRAF1 -- MAPK14 -- PTMA -- RHOA -- RAC1 -- MAP2K7 -- MAP3K1 -- TRADD -- TNFRSF10B -- MDM2 -- CHUK -- RPS6KA5 -- PPP1R13L -- MAPK9 -- LYN -- IRF1 -- HTRA2 -- CYCS -- CDK4 -- OTUD7B -- RNF11 -- CASP10 -- PSEN1 -- SOD1 -- RPA4 -- SMPD1 -- TNIK -- PELP1 -- BAK1 -- EIF4E -- BID -- FOXM1 -- PCNA -- TAF1 -- DIABLO
177,TNFRSF1A -- TNFRSF1B -- MAPK8 -- STAT1 -- JUN -- FOS -- SIRT1 -- TNFAIP3 -- TRAF1 -- MAPK14 -- RHOA -- NR3C1 -- RAC1 -- MAP2K7 -- MAP3K1 -- VEGFA -- MAP3K14 -- RET -- TRADD -- ATM -- CASP2 -- CHUK -- RPS6KA5 -- PPP1R13L -- MAPK9 -- IRF1 -- EIF4G2 -- HTRA2 -- MYB -- HIP1 -- RNF11 -- PSEN1 -- SOD1 -- HNRNPK -- SMPD1 -- TNIK -- HTT -- BRCA1 -- CDKN2A -- BAX -- BID -- MCL1 -- PCNA -- PLAC8 -- CASP9 -- DIABLO -- APAF1 -- RASSF1
178,TNFRSF1A -- TNFRSF1B -- MAPK8 -- STAT1 -- BIRC2 -- SIRT1 -- MYC -- TNFAIP3 -- MAPK14 -- PTMA -- RHOA -- TGFB2 -- RAC1 -- MAP2K7 -- MAP3K1 -- VEGFA -- RET -- TRADD -- TNFRSF10B -- CHUK -- PPP1R13L -- MAPK9 -- LYN -- IRF1 -- CYCS -- HIP1 -- CDK4 -- OTUD7B -- RNF11 -- CASP10 -- PSEN1 -- BAD -- SOD1 -- HNRNPK -- RPA4 -- SMPD1 -- TNIK -- BRCA1 -- BAK1 -- EIF4E -- BID -- TFDP1 -- PCNA -- TAF1 -- DIABLO -- RANGAP1
179,TNFRSF1A -- TNFRSF1B -- MAPK8 -- STAT1 -- JUN -- FOS -- SIRT1 -- RB1 -- TNFAIP3 -- TRAF1 -- MAPK14 -- RHOA -- RAC1 -- MAP2K7 -- MAP3K1 -- MAP3K14 -- TRADD -- ATM -- CASP2 -- MDM2 -- CHUK -- RPS6KA5 -- PPP1R13L -- MAPK9 -- IRF1 -- EIF4G2 -- HTRA2 -- MYB -- HIP1 -- RNF11 -- PSEN1 -- SOD1 -- RPA4 -- SMPD1 -- TNIK -- HTT -- CDKN2A -- BAX -- BAK1 -- BID -- PCNA -- PLAC8 -- CASP9 -- DIABLO -- APAF1 -- RASSF1
180,TNFRSF1A -- TNFRSF1B -- MAPK8 -- STAT1 -- FOS -- BIRC2 -- BIRC3 -- SIRT1 -- TNFAIP3 -- TRAF1 -- MAPK14 -- RHOA -- TGFB2 -- RAC1 -- MAP2K7 -- MAP3K1 -- VEGFA -- RET -- TRADD -- ATM -- CHUK -- RPS6KA5 -- PPP1R13L -- MAPK9 -- LYN -- IRF1 -- CYCS -- HIP1 -- RNF11 -- PSEN1 -- SOD1 -- HNRNPK -- RPA4 -- SMPD1 -- TNIK -- CDKN2A -- EIF4E -- BID -- MCL1 -- PCNA -- TAF1 -- PLAC8 -- DIABLO -- RASSF1
181,TNFRSF1A -- TNFRSF1B -- MAPK8 -- STAT1 -- JUN -- FOS -- BIRC2 -- BIRC3 -- SIRT1 -- TNFAIP3 -- TRAF1 -- MAPK14 -- RHOA -- NR3C1 -- TGFB2 -- RAC1 -- MAP2K7 -- MAP3K1 -- VEGFA -- MAP3K14 -- RET -- TRADD -- ATM -- CASP2 -- CHUK -- RPS6KA5 -- PPP1R13L -- MAPK9 -- LYN -- IRF1 -- EIF4G2 -- MYB -- CYCS -- HIP1 -- RNF11 -- PSEN1 -- SOD1 -- HNRNPK -- SMPD1 -- TNIK -- HTT -- BRCA1 -- CDKN2A -- BID -- MCL1 -- PCNA -- TAF1 -- PLAC8 -- DIABLO -- APAF1 -- RASSF1
182,TNFRSF1A -- TNFRSF1B -- MAPK8 -- STAT1 -- JUN -- FOS -- SIRT1 -- TNFAIP3 -- TRAF1 -- MAPK14 -- RHOA -- NR3C1 -- TGFB2 -- RAC1 -- MAP2K7 -- MAP3K1 -- VEGFA -- MAP3K14 -- RET -- TRADD -- ATM -- CASP2 -- CHUK -- RPS6KA5 -- PPP1R13L -- MAPK9 -- IRF1 -- EIF4G2 -- HTRA2 -- MYB -- HIP1 -- RNF11 -- PSEN1 -- SOD1 -- HNRNPK -- CASP7 -- SMPD1 -- TNIK -- HTT -- BRCA1 -- CDKN2A -- BID -- MCL1 -- PCNA -- TAF1 -- PLAC8 -- CASP9 -- DIABLO -- APAF1 -- RASSF1 -- RANGAP1
773,TNFRSF1A -- TNFRSF1B -- MAPK8 -- STAT1 -- JUN -- FOS -- BIRC2 -- BIRC3 -- SIRT1 -- TNFAIP3 -- TRAF1 -- MAPK14 -- RHOA -- NR3C1 -- TGFB2 -- RAC1 -- MAP2K7 -- MAP3K1 -- VEGFA -- MAP3K14 -- RET -- TRADD -- ATM -- CHUK -- RPS6KA5 -- PPP1R13L -- MAPK9 -- IRF1 -- EIF4G2 -- MYB -- CYCS -- HIP1 -- RNF11 -- PSEN1 -- SOD1 -- HNRNPK -- SMPD1 -- TNIK -- HTT -- BRCA1 -- CDKN2A -- BID -- MCL1 -- PCNA -- TAF1 -- PLAC8 -- CASP9 -- DIABLO -- RASSF1
184,TNFRSF1A -- TNFRSF1B -- NFKB1 -- MAPK8 -- BIRC2 -- SIRT1 -- RB1 -- TNFAIP3 -- CCND1 -- MAPK14 -- PTMA -- RHOA -- RAC1 -- MAP2K7 -- MAP3K1 -- IGF1 -- TRADD -- MDM2 -- CHUK -- PPP1R13L -- MAPK9 -- LYN -- IRF1 -- HTRA2 -- CYCS -- CDK4 -- OTUD7B -- RNF11 -- PSEN1 -- SOD1 -- RPA4 -- SMPD1 -- TNIK -- PELP1 -- BAX -- BAK1 -- EIF4E -- BID -- FOXM1 -- PCNA -- TAF1 -- DIABLO
185,TNFRSF1A -- TNFRSF1B -- MAPK8 -- STAT1 -- BIRC2 -- BIRC3 -- SIRT1 -- MYC -- TNFAIP3 -- TRAF1 -- MAPK14 -- RHOA -- NR3C1 -- TGFB2 -- RAC1 -- MAP2K7 -- MAP3K1 -- VEGFA -- RET -- TRADD -- CHUK -- PPP1R13L -- MAPK9 -- LYN -- IRF1 -- MYB -- CYCS -- HIP1 -- RNF11 -- PSEN1 -- SOD1 -- HNRNPK -- SMPD1 -- TNIK -- BRCA1 -- EIF4E -- BID -- MCL1 -- PCNA -- TAF1 -- PLAC8 -- DIABLO -- RASSF1
186,TNFRSF1A -- TNFRSF1B -- MAPK8 -- STAT1 -- JUN -- BIRC2 -- BIRC3 -- SIRT1 -- TNFAIP3 -- TRAF1 -- MAPK14 -- RHOA -- NR3C1 -- TGFB2 -- RAC1 -- MAP2K7 -- MAP3K1 -- VEGFA -- RET -- TRADD -- ATM -- CHUK -- RPS6KA5 -- PPP1R13L -- MAPK9 -- LYN -- IRF1 -- EIF4G2 -- MYB -- CYCS -- HIP1 -- RNF11 -- PSEN1 -- SOD1 -- SMPD1 -- TNIK -- HTT -- BRCA1 -- CDKN2A -- BID -- MCL1 -- PCNA -- TAF1 -- PLAC8 -- DIABLO -- RASSF1
753,TNFRSF1A -- TNFRSF1B -- MAPK8 -- BIRC2 -- BIRC3 -- SIRT1 -- TNFAIP3 -- CCND1 -- TRAF1 -- MAPK14 -- RHOA -- RAC1 -- MAP2K7 -- MAP3K1 -- IGF1 -- VEGFA -- RET -- TRADD -- CHUK -- RPS6KA5 -- PPP1R13L -- MAPK9 -- LYN -- IRF1 -- CYCS -- HIP1 -- CDK4 -- RNF11 -- PSEN1 -- SOD1 -- HNRNPK -- RPA4 -- SMPD1 -- TNIK -- PELP1 -- EIF4E -- BID -- FOXM1 -- MCL1 -- PCNA -- TAF1 -- PLAC8 -- DIABLO
188,TNFRSF1A -- TNFRSF1B -- NFKB1 -- MAPK8 -- SIRT1 -- RB1 -- TNFAIP3 -- CCND1 -- TRAF1 -- MAPK14 -- RHOA -- RAC1 -- MAP2K7 -- MAP3K1 -- MAP3K14 -- TRADD -- TNFRSF10B -- MDM2 -- CHUK -- RPS6KA5 -- PPP1R13L -- MAPK9 -- LYN -- IRF1 -- EIF4G2 -- HTRA2 -- HIP1 -- CDK4 -- OTUD7B -- RNF11 -- CASP10 -- PSEN1 -- SOD1 -- RPA4 -- SMPD1 -- TNIK -- PELP1 -- BAX -- BAK1 -- EIF4E -- BID -- FOXM1 -- PCNA -- PLAC8 -- CASP9 -- DIABLO
189,TNFRSF1A -- TNFRSF1B -- MAPK8 -- BIRC2 -- SIRT1 -- RB1 -- TNFAIP3 -- CCND1 -- TRAF1 -- MAPK14 -- PTMA -- RHOA -- RAC1 -- MAP2K7 -- MAP3K1 -- RET -- TRADD -- ATM -- MDM2 -- CHUK -- RPS6KA5 -- PPP1R13L -- MAPK9 -- LYN -- IRF1 -- CYCS -- HIP1 -- CDK4 -- OTUD7B -- RNF11 -- PSEN1 -- SOD1 -- RPA4 -- SMPD1 -- TNIK -- PELP1 -- BAX -- BAK1 -- EIF4E -- BID -- FOXM1 -- PCNA -- TAF1 -- DIABLO -- RANGAP1
190,TNFRSF1A -- TNFRSF1B -- NFKB1 -- MAPK8 -- JUN -- FOS -- SIRT1 -- RB1 -- TNFAIP3 -- CCND1 -- TRAF1 -- MAPK14 -- RHOA -- RAC1 -- MAP2K7 -- MAP3K1 -- MAP3K14 -- TRADD -- CASP2 -- MDM2 -- CHUK -- RPS6KA5 -- PPP1R13L -- MAPK9 -- IRF1 -- EIF4G2 -- MYB -- HIP1 -- CDK4 -- OTUD7B -- RNF11 -- PSEN1 -- SOD1 -- RPA4 -- CASP7 -- SMPD1 -- TNIK -- HTT -- PELP1 -- BID -- FOXM1 -- PCNA -- TAF1 -- DIABLO -- APAF1
191,TNFRSF1A -- TNFRSF1B -- NFKB1 -- MAPK8 -- SIRT1 -- RB1 -- TNFAIP3 -- CCND1 -- TRAF1 -- MAPK14 -- PTMA -- RHOA -- RAC1 -- MAP2K7 -- MAP3K1 -- MAP3K14 -- TRADD -- TNFRSF10B -- MDM2 -- CHUK -- RPS6KA5 -- PPP1R13L -- MAPK9 -- LYN -- IRF1 -- EIF4G2 -- HTRA2 -- HIP1 -- CDK4 -- OTUD7B -- RNF11 -- CASP10 -- PSEN1 -- SOD1 -- RPA4 -- SMPD1 -- TNIK -- PELP1 -- BAX -- BAK1 -- BID -- FOXM1 -- PCNA -- PLAC8 -- DIABLO
192,TNFRSF1A -- TNFRSF1B -- NFKB1 -- MAPK8 -- STAT1 -- JUN -- FOS -- SIRT1 -- RB1 -- TNFAIP3 -- TRAF1 -- MAPK14 -- RHOA -- RAC1 -- MAP2K7 -- MAP3K1 -- IGF1 -- MAP3K14 -- TRADD -- TNFRSF10B -- CASP2 -- CHUK -- RPS6KA5 -- PPP1R13L -- MAPK9 -- IRF1 -- EIF4G2 -- HTRA2 -- MYB -- HIP1 -- CDK4 -- OTUD7B -- RNF11 -- PSEN1 -- SOD1 -- HNRNPK -- RPA4 -- SMPD1 -- TNIK -- HTT -- CDKN2A -- PELP1 -- BAX -- BAK1 -- BID -- FOXM1 -- PCNA -- PLAC8 -- CASP9 -- DIABLO -- APAF1
193,TNFRSF1A -- TNFRSF1B -- NFKB1 -- MAPK8 -- SIRT1 -- RB1 -- TNFAIP3 -- CCND1 -- TRAF1 -- MAPK14 -- RHOA -- RAC1 -- MAP2K7 -- MAP3K1 -- MAP3K14 -- TRADD -- TNFRSF10B -- ATM -- CASP2 -- MDM2 -- CHUK -- RPS6KA5 -- PPP1R13L -- MAPK9 -- LYN -- IRF1 -- EIF4G2 -- HTRA2 -- HIP1 -- CDK4 -- OTUD7B -- RNF11 -- CASP10 -- PSEN1 -- SOD1 -- RPA4 -- SMPD1 -- TNIK -- HTT -- PELP1 -- BAX -- BAK1 -- BID -- FOXM1 -- PCNA -- PLAC8 -- CASP9 -- DIABLO -- APAF1
194,STAT1 -- BIRC2 -- TRAF1 -- MAPK14 -- TGFB2 -- RAC1 -- MAP2K7 -- MAP3K1 -- VEGFA -- RET -- MAPK1 -- TNFRSF10B -- AKT1 -- ATM -- CHUK -- RPS6KA5 -- PPP1R13L -- MAPK9 -- LYN -- IRF1 -- CYCS -- HIP1 -- CDK4 -- OTUD7B -- PSEN1 -- HNRNPK -- RPA4 -- SMPD1 -- PELP1 -- BAK1 -- EIF4E -- BID -- FOXM1 -- MCL1 -- CTBP1 -- PCNA -- TAF1 -- PLAC8 -- DIABLO
195,TNFRSF1A -- TNFRSF1B -- MAPK8 -- STAT1 -- JUN -- FOS -- BIRC2 -- BIRC3 -- SIRT1 -- TNFAIP3 -- TRAF1 -- MAPK14 -- RHOA -- NR3C1 -- TGFB2 -- RAC1 -- MAP2K7 -- MAP3K1 -- VEGFA -- RET -- TRADD -- ATM -- CASP2 -- CHUK -- RPS6KA5 -- PPP1R13L -- MAPK9 -- LYN -- IRF1 -- EIF4G2 -- MYB -- CYCS -- HIP1 -- RNF11 -- PSEN1 -- SOD1 -- HNRNPK -- SMPD1 -- TNIK -- HTT -- BRCA1 -- CDKN2A -- BID -- MCL1 -- PCNA -- TAF1 -- PLAC8 -- DIABLO -- RASSF1
196,TNFRSF1A -- TNFRSF1B -- NFKB1 -- MAPK8 -- SIRT1 -- RB1 -- TNFAIP3 -- CCND1 -- TRAF1 -- MAPK14 -- RHOA -- RAC1 -- MAP2K7 -- MAP3K1 -- MAP3K14 -- TRADD -- TNFRSF10B -- ATM -- CASP2 -- MDM2 -- CHUK -- RPS6KA5 -- PPP1R13L -- MAPK9 -- LYN -- IRF1 -- EIF4G2 -- HTRA2 -- HIP1 -- CDK4 -- OTUD7B -- RNF11 -- CASP10 -- PSEN1 -- SOD1 -- RPA4 -- SMPD1 -- TNIK -- PELP1 -- BAX -- BAK1 -- BID -- FOXM1 -- PCNA -- PLAC8 -- CASP9 -- DIABLO -- APAF1
197,TNFRSF1A -- TNFRSF1B -- NFKB1 -- MAPK8 -- STAT1 -- BIRC2 -- BIRC3 -- SIRT1 -- MYC -- TNFAIP3 -- MAPK14 -- PTMA -- RHOA -- RAC1 -- MAP2K7 -- MAP3K1 -- IGF1 -- VEGFA -- TRADD -- TNFRSF10B -- CASP2 -- MDM2 -- CHUK -- PPP1R13L -- MAPK9 -- LYN -- IRF1 -- EIF4G2 -- CYCS -- CDK4 -- OTUD7B -- RNF11 -- PSEN1 -- BAD -- SOD1 -- RPA4 -- SMPD1 -- TNIK -- HTT -- PELP1 -- BID -- FOXM1 -- MCL1 -- PCNA -- TAF1 -- DIABLO -- RANGAP1
198,TNFRSF1A -- TNFRSF1B -- NFKB1 -- MAPK8 -- BIRC2 -- BIRC3 -- SIRT1 -- MYC -- TNFAIP3 -- CCND1 -- MAPK14 -- PTMA -- RHOA -- TGFB2 -- RAC1 -- MAP2K7 -- MAP3K1 -- TRADD -- TNFRSF10B -- ATM -- MDM2 -- CHUK -- PPP1R13L -- MAPK9 -- LYN -- IRF1 -- CYCS -- CDK4 -- OTUD7B -- RNF11 -- PSEN1 -- BAD -- SOD1 -- RPA4 -- SMPD1 -- TNIK -- PELP1 -- EIF4E -- BID -- FOXM1 -- MCL1 -- PCNA -- TAF1 -- DIABLO -- RANGAP1
199,TNFRSF1A -- TNFRSF1B -- MAPK8 -- BIRC2 -- SIRT1 -- MYC -- TNFAIP3 -- CCND1 -- MAPK14 -- PTMA -- RHOA -- TGFB2 -- RAC1 -- MAP2K7 -- MAP3K1 -- IGF1 -- VEGFA -- TRADD -- ATM -- MDM2 -- CHUK -- PPP1R13L -- MAPK9 -- LYN -- IRF1 -- EIF4G2 -- CYCS -- CDK4 -- OTUD7B -- RNF11 -- CASP10 -- PSEN1 -- BAD -- SOD1 -- RPA4 -- SMPD1 -- TNIK -- PELP1 -- EIF4E -- BID -- FOXM1 -- MCL1 -- PCNA -- TAF1 -- DIABLO -- RANGAP1
200,TNFRSF1A -- TNFRSF1B -- MAPK8 -- STAT1 -- JUN -- FOS -- BIRC2 -- BIRC3 -- SIRT1 -- TNFAIP3 -- TRAF1 -- MAPK14 -- RHOA -- NR3C1 -- TGFB2 -- RAC1 -- MAP2K7 -- MAP3K1 -- VEGFA -- RET -- TRADD -- ATM -- CHUK -- RPS6KA5 -- PPP1R13L -- MAPK9 -- IRF1 -- EIF4G2 -- MYB -- CYCS -- HIP1 -- RNF11 -- PSEN1 -- SOD1 -- HNRNPK -- SMPD1 -- TNIK -- BRCA1 -- CDKN2A -- BID -- MCL1 -- PCNA -- TAF1 -- PLAC8 -- CASP9 -- DIABLO -- RASSF1
201,TNFRSF1A -- TNFRSF1B -- NFKB1 -- MAPK8 -- JUN -- SIRT1 -- RB1 -- TNFAIP3 -- CCND1 -- TRAF1 -- MAPK14 -- RHOA -- RAC1 -- MAP2K7 -- MAP3K1 -- MAP3K14 -- TRADD -- TNFRSF10B -- ATM -- CASP2 -- MDM2 -- CHUK -- RPS6KA5 -- PPP1R13L -- MAPK9 -- IRF1 -- EIF4G2 -- HTRA2 -- MYB -- HIP1 -- OTUD7B -- RNF11 -- CASP10 -- PSEN1 -- SOD1 -- RPA4 -- SMPD1 -- TNIK -- HTT -- CDKN2A -- PELP1 -- BAX -- BAK1 -- BID -- FOXM1 -- PCNA -- PLAC8 -- CASP9 -- DIABLO -- APAF1
202,TNFRSF1A -- TNFRSF1B -- MAPK8 -- STAT1 -- JUN -- FOS -- SIRT1 -- TNFAIP3 -- TRAF1 -- MAPK14 -- RHOA -- NR3C1 -- TGFB2 -- RAC1 -- MAP2K7 -- MAP3K1 -- VEGFA -- MAP3K14 -- RET -- TRADD -- ATM -- CASP2 -- CHUK -- RPS6KA5 -- PPP1R13L -- MAPK9 -- IRF1 -- EIF4G2 -- HTRA2 -- MYB -- HIP1 -- RNF11 -- PSEN1 -- SOD1 -- HNRNPK -- CASP7 -- SMPD1 -- TNIK -- HTT -- BRCA1 -- CDKN2A -- BID -- MCL1 -- PCNA -- TAF1 -- PLAC8 -- CASP9 -- DIABLO -- APAF1 -- RASSF1
203,TNFRSF1A -- TNFRSF1B -- MAPK8 -- STAT1 -- JUN -- FOS -- SIRT1 -- TNFAIP3 -- TRAF1 -- MAPK14 -- RHOA -- TGFB2 -- RAC1 -- MAP2K7 -- MAP3K1 -- VEGFA -- MAP3K14 -- RET -- TRADD -- ATM -- CASP2 -- CHUK -- RPS6KA5 -- PPP1R13L -- MAPK9 -- IRF1 -- EIF4G2 -- HTRA2 -- MYB -- HIP1 -- OTUD7B -- RNF11 -- PSEN1 -- SOD1 -- HNRNPK -- CASP7 -- SMPD1 -- TNIK -- HTT -- BRCA1 -- CDKN2A -- BAK1 -- BID -- MCL1 -- PCNA -- TAF1 -- PLAC8 -- CASP9 -- DIABLO -- APAF1 -- RASSF1
204,TNFRSF1B -- STAT1 -- JUN -- FOS -- SIRT1 -- FASLG -- TNFAIP3 -- TRAF1 -- MAPK14 -- RHOA -- TGFB2 -- RAC1 -- MAP2K7 -- MAP3K1 -- VEGFA -- MAP3K14 -- MAPK1 -- TNFRSF10B -- ATM -- E2F1 -- CHUK -- RPS6KA5 -- PPP1R13L -- MAPK9 -- IRF1 -- EIF4G2 -- MYB -- HIP1 -- CDK4 -- OTUD7B -- RNF11 -- PSEN1 -- SOD1 -- RPA4 -- CASP7 -- SMPD1 -- TNIK -- CDKN2A -- PELP1 -- BID -- FOXM1 -- CTBP1 -- RBL1 -- PCNA -- TAF1 -- PLAC8 -- DIABLO -- APAF1
205,TNFRSF1A -- TNFRSF1B -- MAPK8 -- JUN -- FOS -- SIRT1 -- RB1 -- TNFAIP3 -- TRAF1 -- MAPK14 -- RHOA -- RAC1 -- MAP2K7 -- MAP3K1 -- VEGFA -- MAP3K14 -- TRADD -- TNFRSF10B -- ATM -- CASP2 -- CHUK -- RPS6KA5 -- PPP1R13L -- MAPK9 -- IRF1 -- EIF4G2 -- HTRA2 -- HIP1 -- OTUD7B -- RNF11 -- CASP10 -- PSEN1 -- SOD1 -- HNRNPK -- RPA4 -- SMPD1 -- TNIK -- BRCA1 -- CDKN2A -- PELP1 -- BAX -- BAK1 -- BID -- PCNA -- PLAC8 -- CASP9 -- DIABLO -- APAF1 -- RASSF1
789,TNFRSF1A -- TNFRSF1B -- NFKB1 -- MAPK8 -- SIRT1 -- RB1 -- TNFAIP3 -- CCND1 -- TRAF1 -- MAPK14 -- RHOA -- RAC1 -- MAP2K7 -- MAP3K1 -- IGF1 -- MAP3K14 -- TRADD -- TNFRSF10B -- CASP2 -- MDM2 -- CHUK -- RPS6KA5 -- PPP1R13L -- MAPK9 -- LYN -- IRF1 -- EIF4G2 -- HTRA2 -- HIP1 -- CDK4 -- OTUD7B -- RNF11 -- CASP10 -- PSEN1 -- SOD1 -- RPA4 -- SMPD1 -- TNIK -- PELP1 -- BAX -- BAK1 -- BID -- FOXM1 -- PCNA -- PLAC8 -- DIABLO -- APAF1
207,TNFRSF1A -- TNFRSF1B -- MAPK8 -- BIRC2 -- SIRT1 -- MYC -- TNFAIP3 -- CCND1 -- MAPK14 -- PTMA -- RHOA -- RAC1 -- MAP2K7 -- MAP3K1 -- IGF1 -- TRADD -- ATM -- MDM2 -- CHUK -- PPP1R13L -- MAPK9 -- LYN -- IRF1 -- CYCS -- CDK4 -- OTUD7B -- RNF11 -- PSEN1 -- BAD -- SOD1 -- RPA4 -- SMPD1 -- TNIK -- PELP1 -- EIF4E -- BID -- FOXM1 -- PCNA -- TAF1 -- DIABLO -- RANGAP1
208,TNFRSF1A -- TNFRSF1B -- MAPK8 -- STAT1 -- JUN -- FOS -- SIRT1 -- TNFAIP3 -- TRAF1 -- MAPK14 -- RHOA -- RAC1 -- MAP2K7 -- MAP3K1 -- VEGFA -- MAP3K14 -- RET -- TRADD -- TNFRSF10B -- ATM -- CASP2 -- CHUK -- RPS6KA5 -- PPP1R13L -- MAPK9 -- IRF1 -- EIF4G2 -- HTRA2 -- MYB -- HIP1 -- RNF11 -- CASP10 -- PSEN1 -- SOD1 -- HNRNPK -- CASP7 -- SMPD1 -- TNIK -- HTT -- BRCA1 -- CDKN2A -- BID -- MCL1 -- PCNA -- PLAC8 -- CASP9 -- DIABLO -- APAF1
209,TNFRSF1A -- TNFRSF1B -- NFKB1 -- MAPK8 -- JUN -- SIRT1 -- RB1 -- TNFAIP3 -- CCND1 -- TRAF1 -- MAPK14 -- RHOA -- RAC1 -- MAP2K7 -- MAP3K1 -- MAP3K14 -- TRADD -- TNFRSF10B -- CASP2 -- MDM2 -- CHUK -- RPS6KA5 -- PPP1R13L -- MAPK9 -- IRF1 -- EIF4G2 -- HTRA2 -- HIP1 -- CDK4 -- OTUD7B -- RNF11 -- CASP10 -- PSEN1 -- SOD1 -- RPA4 -- SMPD1 -- TNIK -- HTT -- PELP1 -- BAX -- BAK1 -- BID -- FOXM1 -- PCNA -- PLAC8 -- CASP9 -- DIABLO -- APAF1
210,TNFRSF1A -- TNFRSF1B -- NFKB1 -- MAPK8 -- SIRT1 -- RB1 -- TNFAIP3 -- CCND1 -- TRAF1 -- MAPK14 -- RHOA -- RAC1 -- MAP2K7 -- MAP3K1 -- IGF1 -- MAP3K14 -- TRADD -- TNFRSF10B -- CASP2 -- MDM2 -- CHUK -- PPP1R13L -- MAPK9 -- LYN -- IRF1 -- EIF4G2 -- HTRA2 -- HIP1 -- CDK4 -- OTUD7B -- RNF11 -- CASP10 -- PSEN1 -- SOD1 -- RPA4 -- SMPD1 -- TNIK -- HTT -- PELP1 -- BAX -- BAK1 -- BID -- FOXM1 -- PCNA -- PLAC8 -- DIABLO -- APAF1
211,TNFRSF1A -- TNFRSF1B -- MAPK8 -- STAT1 -- JUN -- FOS -- SIRT1 -- RB1 -- TNFAIP3 -- TRAF1 -- MAPK14 -- RHOA -- RAC1 -- MAP2K7 -- MAP3K1 -- VEGFA -- MAP3K14 -- TRADD -- ATM -- CASP2 -- CHUK -- RPS6KA5 -- PPP1R13L -- MAPK9 -- IRF1 -- EIF4G2 -- HTRA2 -- MYB -- HIP1 -- RNF11 -- CASP10 -- PSEN1 -- SOD1 -- HNRNPK -- SMPD1 -- TNIK -- HTT -- BRCA1 -- CDKN2A -- BAX -- BAK1 -- BID -- MCL1 -- PCNA -- PLAC8 -- CASP9 -- DIABLO -- APAF1 -- RASSF1
212,TNFRSF1A -- TNFRSF1B -- MAPK8 -- STAT1 -- JUN -- FOS -- BIRC3 -- SIRT1 -- TNFAIP3 -- TRAF1 -- MAPK14 -- RHOA -- NR3C1 -- TGFB2 -- RAC1 -- MAP2K7 -- MAP3K1 -- VEGFA -- MAP3K14 -- RET -- TRADD -- ATM -- CASP2 -- CHUK -- RPS6KA5 -- PPP1R13L -- MAPK9 -- IRF1 -- EIF4G2 -- MYB -- CYCS -- HIP1 -- RNF11 -- PSEN1 -- SOD1 -- HNRNPK -- CASP7 -- SMPD1 -- TNIK -- HTT -- BRCA1 -- CDKN2A -- BID -- MCL1 -- PCNA -- TAF1 -- PLAC8 -- DIABLO -- RASSF1
213,TNFRSF1A -- TNFRSF1B -- NFKB1 -- MAPK8 -- SIRT1 -- RB1 -- TNFAIP3 -- CCND1 -- TRAF1 -- MAPK14 -- RHOA -- RAC1 -- MAP2K7 -- MAP3K1 -- MAP3K14 -- TRADD -- TNFRSF10B -- ATM -- CASP2 -- MDM2 -- CHUK -- RPS6KA5 -- PPP1R13L -- MAPK9 -- LYN -- IRF1 -- EIF4G2 -- HTRA2 -- HIP1 -- CDK4 -- OTUD7B -- RNF11 -- CASP10 -- PSEN1 -- SOD1 -- RPA4 -- SMPD1 -- TNIK -- HTT -- PELP1 -- BAX -- BAK1 -- BID -- FOXM1 -- PCNA -- PLAC8 -- CASP9 -- DIABLO -- APAF1
214,TNFRSF1A -- TNFRSF1B -- NFKB1 -- MAPK8 -- SIRT1 -- MYC -- RB1 -- TNFAIP3 -- CCND1 -- MAPK14 -- PTMA -- RHOA -- RAC1 -- MAP2K7 -- MAP3K1 -- IGF1 -- MAP3K14 -- TRADD -- TNFRSF10B -- ATM -- CASP2 -- MDM2 -- CHUK -- PPP1R13L -- MAPK9 -- LYN -- IRF1 -- EIF4G2 -- HTRA2 -- CDK4 -- OTUD7B -- RNF11 -- CASP10 -- PSEN1 -- SOD1 -- RPA4 -- SMPD1 -- TNIK -- HTT -- PELP1 -- BAX -- BAK1 -- BID -- FOXM1 -- PCNA -- DIABLO -- RANGAP1
215,TNFRSF1A -- TNFRSF1B -- MAPK8 -- STAT1 -- JUN -- SIRT1 -- MYC -- TNFAIP3 -- TRAF1 -- MAPK14 -- PTMA -- RHOA -- TGFB2 -- RAC1 -- MAP2K7 -- MAP3K1 -- IGF1 -- VEGFA -- MAP3K14 -- TRADD -- TNFRSF10B -- ATM -- CASP2 -- CHUK -- RPS6KA5 -- PPP1R13L -- MAPK9 -- IRF1 -- EIF4G2 -- HTRA2 -- MYB -- HIP1 -- OTUD7B -- RNF11 -- CASP10 -- PSEN1 -- SOD1 -- RPA4 -- CASP7 -- SMPD1 -- TNIK -- BRCA1 -- CDKN2A -- PELP1 -- BAX -- BAK1 -- EIF4E -- BID -- FOXM1 -- PCNA -- TAF1 -- CASP9 -- DIABLO -- APAF1 -- RASSF1 -- RANGAP1
216,TNFRSF1A -- TNFRSF1B -- MAPK8 -- STAT1 -- BIRC2 -- SIRT1 -- TNFAIP3 -- TRAF1 -- MAPK14 -- RHOA -- NR3C1 -- RAC1 -- MAP2K7 -- MAP3K1 -- VEGFA -- RET -- TRADD -- ATM -- CHUK -- RPS6KA5 -- PPP1R13L -- MAPK9 -- LYN -- IRF1 -- HTRA2 -- MYB -- CYCS -- HIP1 -- CDK4 -- RNF11 -- PSEN1 -- SOD1 -- RPA4 -- SMPD1 -- TNIK -- BRCA1 -- BAK1 -- EIF4E -- BID -- MCL1 -- RBL1 -- PCNA -- TAF1 -- PLAC8 -- DIABLO -- RASSF1
217,TNFRSF1A -- TNFRSF1B -- MAPK8 -- STAT1 -- SIRT1 -- MYC -- TNFAIP3 -- CCND1 -- MAPK14 -- RHOA -- RAC1 -- MAP2K7 -- MAP3K1 -- IGF1 -- VEGFA -- MAP3K14 -- TRADD -- CASP2 -- MDM2 -- CHUK -- PPP1R13L -- MAPK9 -- LYN -- IRF1 -- EIF4G2 -- HTRA2 -- HIP1 -- CDK4 -- OTUD7B -- RNF11 -- PSEN1 -- SOD1 -- HNRNPK -- RPA4 -- SMPD1 -- TNIK -- HTT -- PELP1 -- BAX -- BAK1 -- BID -- TFDP1 -- PCNA -- TAF1 -- CASP9 -- DIABLO -- APAF1 -- RANGAP1
218,TNFRSF1A -- TNFRSF1B -- NFKB1 -- MAPK8 -- SIRT1 -- RB1 -- TNFAIP3 -- CCND1 -- TRAF1 -- MAPK14 -- RHOA -- RAC1 -- MAP2K7 -- MAP3K1 -- IGF1 -- MAP3K14 -- TRADD -- TNFRSF10B -- ATM -- CASP2 -- MDM2 -- CHUK -- RPS6KA5 -- PPP1R13L -- MAPK9 -- LYN -- IRF1 -- EIF4G2 -- HTRA2 -- HIP1 -- CDK4 -- OTUD7B -- RNF11 -- CASP10 -- PSEN1 -- SOD1 -- RPA4 -- SMPD1 -- TNIK -- HTT -- PELP1 -- BAX -- BAK1 -- BID -- FOXM1 -- PCNA -- PLAC8 -- CASP9 -- DIABLO -- APAF1
219,TNFRSF1A -- TNFRSF1B -- MAPK8 -- STAT1 -- SIRT1 -- MYC -- TNFAIP3 -- MAPK14 -- PTMA -- RHOA -- TGFB2 -- RAC1 -- MAP2K7 -- MAP3K1 -- VEGFA -- RET -- TRADD -- CHUK -- PPP1R13L -- MAPK9 -- LYN -- IRF1 -- HTRA2 -- CDK4 -- OTUD7B -- RNF11 -- PSEN1 -- SOD1 -- HNRNPK -- SMPD1 -- TNIK -- PELP1 -- BAX -- EIF4E -- BID -- MCL1 -- PCNA -- TAF1 -- DIABLO -- APAF1 -- RASSF1 -- RANGAP1
220,TNFRSF1A -- TNFRSF1B -- NFKB1 -- MAPK8 -- BIRC2 -- SIRT1 -- RB1 -- TNFAIP3 -- CCND1 -- TRAF1 -- MAPK14 -- RHOA -- RAC1 -- MAP2K7 -- MAP3K1 -- TRADD -- TNFRSF10B -- ATM -- MDM2 -- CHUK -- RPS6KA5 -- PPP1R13L -- MAPK9 -- LYN -- IRF1 -- EIF4G2 -- HTRA2 -- HIP1 -- CDK4 -- OTUD7B -- RNF11 -- CASP10 -- PSEN1 -- SOD1 -- RPA4 -- SMPD1 -- TNIK -- PELP1 -- BAX -- BAK1 -- BID -- FOXM1 -- PCNA -- PLAC8 -- DIABLO
221,TNFRSF1A -- TNFRSF1B -- MAPK8 -- BIRC2 -- BIRC3 -- SIRT1 -- MYC -- TNFAIP3 -- CCND1 -- MAPK14 -- PTMA -- RHOA -- RAC1 -- MAP2K7 -- MAP3K1 -- TRADD -- TNFRSF10B -- MDM2 -- CHUK -- PPP1R13L -- MAPK9 -- LYN -- IRF1 -- EIF4G2 -- CYCS -- CDK4 -- OTUD7B -- RNF11 -- CASP10 -- PSEN1 -- BAD -- SOD1 -- RPA4 -- SMPD1 -- TNIK -- PELP1 -- BID -- FOXM1 -- MCL1 -- PCNA -- TAF1 -- DIABLO -- RANGAP1
222,TNFRSF1A -- TNFRSF1B -- NFKB1 -- MAPK8 -- STAT1 -- BIRC2 -- SIRT1 -- MYC -- TNFAIP3 -- MAPK14 -- PTMA -- RHOA -- TGFB2 -- RAC1 -- MAP2K7 -- MAP3K1 -- IGF1 -- VEGFA -- MAP3K14 -- TRADD -- TNFRSF10B -- ATM -- MDM2 -- CHUK -- PPP1R13L -- MAPK9 -- LYN -- IRF1 -- EIF4G2 -- CYCS -- CDK4 -- OTUD7B -- RNF11 -- CASP10 -- PSEN1 -- BAD -- SOD1 -- HNRNPK -- RPA4 -- SMPD1 -- TNIK -- PELP1 -- BID -- FOXM1 -- MCL1 -- PCNA -- TAF1 -- DIABLO -- RANGAP1
223,TNFRSF1A -- TNFRSF1B -- MAPK8 -- STAT1 -- JUN -- BIRC2 -- BIRC3 -- SIRT1 -- TNFAIP3 -- TRAF1 -- MAPK14 -- RHOA -- NR3C1 -- TGFB2 -- RAC1 -- MAP2K7 -- MAP3K1 -- VEGFA -- RET -- TRADD -- ATM -- CHUK -- RPS6KA5 -- PPP1R13L -- MAPK9 -- LYN -- IRF1 -- MYB -- CYCS -- HIP1 -- RNF11 -- PSEN1 -- SOD1 -- HNRNPK -- SMPD1 -- TNIK -- BRCA1 -- CDKN2A -- BID -- MCL1 -- PCNA -- TAF1 -- PLAC8 -- DIABLO -- RASSF1
224,TNFRSF1A -- TNFRSF1B -- MAPK8 -- JUN -- FOS -- BIRC2 -- SIRT1 -- MYC -- RB1 -- TNFAIP3 -- CCND1 -- MAPK14 -- PTMA -- RHOA -- TGFB2 -- RAC1 -- MAP2K7 -- MAP3K1 -- IGF1 -- MAP3K14 -- TRADD -- CASP2 -- MDM2 -- CHUK -- PPP1R13L -- MAPK9 -- IRF1 -- EIF4G2 -- CYCS -- CDK4 -- OTUD7B -- RNF11 -- PSEN1 -- SOD1 -- RPA4 -- SMPD1 -- TNIK -- HTT -- PELP1 -- BID -- FOXM1 -- MCL1 -- PCNA -- DIABLO -- APAF1 -- RANGAP1
225,TNFRSF1A -- TNFRSF1B -- NFKB1 -- MAPK8 -- STAT1 -- BIRC2 -- SIRT1 -- MYC -- TNFAIP3 -- TRAF1 -- MAPK14 -- PTMA -- RHOA -- TGFB2 -- RAC1 -- MAP2K7 -- MAP3K1 -- VEGFA -- RET -- TRADD -- ATM -- CHUK -- PPP1R13L -- MAPK9 -- LYN -- IRF1 -- HTRA2 -- CYCS -- OTUD7B -- PSEN1 -- SOD1 -- HNRNPK -- SMPD1 -- TNIK -- BRCA1 -- BAK1 -- EIF4E -- BID -- MCL1 -- PCNA -- TAF1 -- DIABLO -- RASSF1 -- RANGAP1
226,TNFRSF1A -- TNFRSF1B -- MAPK8 -- STAT1 -- BIRC2 -- SIRT1 -- MYC -- RB1 -- TNFAIP3 -- CCND1 -- MAPK14 -- PTMA -- RHOA -- RAC1 -- MAP2K7 -- MAP3K1 -- TRADD -- MDM2 -- CHUK -- PPP1R13L -- MAPK9 -- LYN -- IRF1 -- CYCS -- CDK4 -- OTUD7B -- RNF11 -- PSEN1 -- BAD -- SOD1 -- RPA4 -- SMPD1 -- TNIK -- PELP1 -- BAX -- BAK1 -- EIF4E -- BID -- FOXM1 -- PCNA -- TAF1 -- DIABLO -- RANGAP1
227,TNFRSF1A -- TNFRSF1B -- MAPK8 -- BIRC2 -- SIRT1 -- RB1 -- TNFAIP3 -- CCND1 -- MAPK14 -- RHOA -- RAC1 -- MAP2K7 -- MAP3K1 -- IGF1 -- TRADD -- MDM2 -- CHUK -- PPP1R13L -- MAPK9 -- LYN -- IRF1 -- EIF4G2 -- CYCS -- HIP1 -- CDK4 -- OTUD7B -- RNF11 -- PSEN1 -- BAD -- SOD1 -- RPA4 -- SMPD1 -- TNIK -- PELP1 -- BAK1 -- BID -- FOXM1 -- PCNA -- PLAC8 -- DIABLO
228,TNFRSF1A -- TNFRSF1B -- MAPK8 -- STAT1 -- JUN -- FOS -- SIRT1 -- TNFAIP3 -- TRAF1 -- MAPK14 -- RHOA -- NR3C1 -- TGFB2 -- RAC1 -- MAP2K7 -- MAP3K1 -- VEGFA -- MAP3K14 -- RET -- TRADD -- ATM -- CASP2 -- CHUK -- RPS6KA5 -- PPP1R13L -- MAPK9 -- IRF1 -- EIF4G2 -- HTRA2 -- MYB -- HIP1 -- RNF11 -- PSEN1 -- SOD1 -- HNRNPK -- CASP7 -- SMPD1 -- TNIK -- HTT -- BRCA1 -- CDKN2A -- BAK1 -- BID -- MCL1 -- PCNA -- TAF1 -- PLAC8 -- CASP9 -- DIABLO -- APAF1 -- RASSF1
229,TNFRSF1A -- TNFRSF1B -- NFKB1 -- MAPK8 -- BIRC2 -- BIRC3 -- SIRT1 -- MYC -- RB1 -- TNFAIP3 -- CCND1 -- MAPK14 -- PTMA -- RHOA -- RAC1 -- MAP2K7 -- MAP3K1 -- TRADD -- ATM -- CASP2 -- MDM2 -- CHUK -- PPP1R13L -- MAPK9 -- LYN -- IRF1 -- EIF4G2 -- HTRA2 -- CYCS -- CDK4 -- OTUD7B -- RNF11 -- PSEN1 -- SOD1 -- RPA4 -- SMPD1 -- TNIK -- HTT -- PELP1 -- BAK1 -- EIF4E -- BID -- FOXM1 -- PCNA -- TAF1 -- DIABLO -- APAF1 -- RANGAP1
230,TNFRSF1A -- TNFRSF1B -- NFKB1 -- MAPK8 -- BIRC2 -- SIRT1 -- RB1 -- TNFAIP3 -- CCND1 -- TRAF1 -- MAPK14 -- PTMA -- RHOA -- RAC1 -- MAP2K7 -- MAP3K1 -- TRADD -- TNFRSF10B -- MDM2 -- CHUK -- PPP1R13L -- MAPK9 -- LYN -- IRF1 -- HTRA2 -- CDK4 -- OTUD7B -- RNF11 -- PSEN1 -- SOD1 -- RPA4 -- SMPD1 -- TNIK -- PELP1 -- BAX -- BAK1 -- EIF4E -- BID -- FOXM1 -- PCNA -- TAF1 -- DIABLO -- RANGAP1
784,TNFRSF1A -- TNFRSF1B -- NFKB1 -- MAPK8 -- STAT1 -- BIRC2 -- SIRT1 -- MYC -- TNFAIP3 -- MAPK14 -- RHOA -- RAC1 -- MAP2K7 -- MAP3K1 -- VEGFA -- RET -- TRADD -- CASP2 -- CHUK -- PPP1R13L -- MAPK9 -- LYN -- IRF1 -- EIF4G2 -- CYCS -- RNF11 -- PSEN1 -- BAD -- SOD1 -- HNRNPK -- SMPD1 -- TNIK -- HTT -- BRCA1 -- BID -- MCL1 -- PCNA -- TAF1 -- DIABLO -- RASSF1
232,TNFRSF1A -- TNFRSF1B -- NFKB1 -- MAPK8 -- JUN -- FOS -- SIRT1 -- RB1 -- TNFAIP3 -- CCND1 -- TRAF1 -- MAPK14 -- RHOA -- RAC1 -- MAP2K7 -- MAP3K1 -- MAP3K14 -- TRADD -- TNFRSF10B -- ATM -- CASP2 -- MDM2 -- CHUK -- RPS6KA5 -- PPP1R13L -- MAPK9 -- IRF1 -- EIF4G2 -- HTRA2 -- MYB -- HIP1 -- CDK4 -- OTUD7B -- RNF11 -- PSEN1 -- SOD1 -- RPA4 -- SMPD1 -- TNIK -- HTT -- PELP1 -- BAX -- BAK1 -- BID -- FOXM1 -- PCNA -- PLAC8 -- CASP9 -- DIABLO -- APAF1
233,TNFRSF1A -- TNFRSF1B -- NFKB1 -- MAPK8 -- BIRC3 -- SIRT1 -- RB1 -- TNFAIP3 -- CCND1 -- TRAF1 -- MAPK14 -- RHOA -- RAC1 -- MAP2K7 -- MAP3K1 -- TRADD -- TNFRSF10B -- CASP2 -- MDM2 -- CHUK -- RPS6KA5 -- PPP1R13L -- MAPK9 -- LYN -- IRF1 -- EIF4G2 -- HTRA2 -- HIP1 -- CDK4 -- OTUD7B -- RNF11 -- CASP10 -- PSEN1 -- SOD1 -- RPA4 -- SMPD1 -- TNIK -- HTT -- PELP1 -- BAX -- BAK1 -- BID -- FOXM1 -- PCNA -- PLAC8 -- DIABLO
234,TNFRSF1A -- TNFRSF1B -- NFKB1 -- MAPK8 -- STAT1 -- BIRC2 -- BIRC3 -- SIRT1 -- MYC -- TNFAIP3 -- MAPK14 -- PTMA -- RHOA -- RAC1 -- MAP2K7 -- MAP3K1 -- VEGFA -- RET -- TRADD -- MDM2 -- CHUK -- PPP1R13L -- MAPK9 -- LYN -- IRF1 -- CYCS -- CDK4 -- OTUD7B -- RNF11 -- PSEN1 -- SOD1 -- HNRNPK -- RPA4 -- SMPD1 -- TNIK -- EIF4E -- BID -- FOXM1 -- MCL1 -- PCNA -- TAF1 -- DIABLO -- RANGAP1
766,TNFRSF1A -- TNFRSF1B -- NFKB1 -- MAPK8 -- STAT1 -- BIRC2 -- BIRC3 -- SIRT1 -- MYC -- RB1 -- TNFAIP3 -- CCND1 -- TRAF1 -- MAPK14 -- RHOA -- IL2 -- RAC1 -- MAP2K7 -- MAP3K1 -- TRADD -- TNFRSF10B -- MDM2 -- CHUK -- PPP1R13L -- MAPK9 -- LYN -- IRF1 -- EIF4G2 -- CYCS -- HIP1 -- CDK4 -- OTUD7B -- RNF11 -- CASP10 -- PSEN1 -- SOD1 -- RPA4 -- TNIK -- PELP1 -- BID -- FOXM1 -- PCNA -- TAF1 -- DIABLO
236,TNFRSF1A -- TNFRSF1B -- MAPK8 -- STAT1 -- BIRC2 -- BIRC3 -- SIRT1 -- MYC -- TNFAIP3 -- TRAF1 -- MAPK14 -- RHOA -- NR3C1 -- RAC1 -- MAP2K7 -- MAP3K1 -- VEGFA -- RET -- TRADD -- ATM -- CHUK -- RPS6KA5 -- PPP1R13L -- MAPK9 -- LYN -- IRF1 -- CYCS -- HIP1 -- RNF11 -- PSEN1 -- SOD1 -- HNRNPK -- SMPD1 -- TNIK -- BRCA1 -- CDKN2A -- EIF4E -- BID -- MCL1 -- PCNA -- TAF1 -- PLAC8 -- DIABLO -- RASSF1
237,TNFRSF1A -- TNFRSF1B -- MAPK8 -- STAT1 -- BIRC2 -- SIRT1 -- MYC -- TNFAIP3 -- MAPK14 -- PTMA -- RHOA -- RAC1 -- MAP2K7 -- MAP3K1 -- IGF1 -- VEGFA -- TRADD -- ATM -- MDM2 -- CHUK -- PPP1R13L -- MAPK9 -- LYN -- IRF1 -- CYCS -- CDK4 -- OTUD7B -- RNF11 -- PSEN1 -- BAD -- SOD1 -- RPA4 -- SMPD1 -- TNIK -- PELP1 -- EIF4E -- BID -- FOXM1 -- MCL1 -- PCNA -- TAF1 -- DIABLO -- RANGAP1
238,STAT1 -- JUN -- FOS -- BIRC3 -- SIRT1 -- MAPK14 -- RHOA -- TGFB2 -- IL2 -- RAC1 -- MAP2K7 -- MAP3K1 -- VEGFA -- RET -- MAPK1 -- ATM -- CHUK -- RPS6KA5 -- PPP1R13L -- MAPK9 -- IRF1 -- EIF4G2 -- HTRA2 -- MYB -- CYCS -- HIP1 -- OTUD7B -- PSEN1 -- HNRNPK -- CASP7 -- CDKN2A -- BBC3 -- BAK1 -- BID -- PCNA -- TAF1 -- PLAC8 -- DIABLO -- RASSF1
239,TNFRSF1A -- TNFRSF1B -- MAPK8 -- JUN -- FOS -- SIRT1 -- RB1 -- TNFAIP3 -- TRAF1 -- MAPK14 -- RHOA -- NR3C1 -- RAC1 -- MAP2K7 -- MAP3K1 -- MAP3K14 -- RET -- TRADD -- ATM -- CASP2 -- CHUK -- RPS6KA5 -- PPP1R13L -- MAPK9 -- IRF1 -- EIF4G2 -- HTRA2 -- HIP1 -- OTUD7B -- RNF11 -- PSEN1 -- SOD1 -- HNRNPK -- SMPD1 -- TNIK -- HTT -- CDKN2A -- BAX -- BAK1 -- BID -- FOXM1 -- PCNA -- PLAC8 -- CASP9 -- DIABLO -- APAF1
240,TNFRSF1A -- TNFRSF1B -- MAPK8 -- BIRC2 -- SIRT1 -- RB1 -- TNFAIP3 -- CCND1 -- MAPK14 -- RHOA -- RAC1 -- MAP2K7 -- MAP3K1 -- TRADD -- ATM -- MDM2 -- CHUK -- PPP1R13L -- MAPK9 -- LYN -- IRF1 -- HTRA2 -- CYCS -- HIP1 -- CDK4 -- OTUD7B -- RNF11 -- PSEN1 -- SOD1 -- RPA4 -- SMPD1 -- TNIK -- PELP1 -- BAX -- EIF4E -- BID -- FOXM1 -- PCNA -- PLAC8 -- DIABLO
241,TNFRSF1A -- TNFRSF1B -- NFKB1 -- MAPK8 -- BIRC3 -- SIRT1 -- RB1 -- TNFAIP3 -- CCND1 -- TRAF1 -- MAPK14 -- RHOA -- RAC1 -- MAP2K7 -- MAP3K1 -- TRADD -- ATM -- CASP2 -- MDM2 -- CHUK -- RPS6KA5 -- PPP1R13L -- MAPK9 -- LYN -- IRF1 -- EIF4G2 -- HTRA2 -- HIP1 -- CDK4 -- OTUD7B -- RNF11 -- PSEN1 -- SOD1 -- RPA4 -- SMPD1 -- TNIK -- HTT -- PELP1 -- BAX -- BAK1 -- BID -- FOXM1 -- PCNA -- PLAC8 -- DIABLO
242,STAT1 -- BIRC2 -- TRAF1 -- MAPK14 -- TGFB2 -- RAC1 -- MAP2K7 -- MAP3K1 -- IGF1 -- VEGFA -- TRADD -- MAPK1 -- TNFRSF10B -- AKT1 -- ATM -- MDM2 -- CHUK -- RPS6KA5 -- PPP1R13L -- MAPK9 -- LYN -- IRF1 -- EIF4G2 -- CYCS -- HIP1 -- CDK4 -- OTUD7B -- CASP10 -- PARP1 -- PSEN1 -- RPA4 -- PELP1 -- BID -- FOXM1 -- MCL1 -- CTBP1 -- PCNA -- PLAC8 -- DIABLO
243,TNFRSF1A -- TNFRSF1B -- MAPK8 -- STAT1 -- JUN -- FOS -- BIRC2 -- SIRT1 -- TNFAIP3 -- TRAF1 -- MAPK14 -- RHOA -- NR3C1 -- TGFB2 -- RAC1 -- MAP2K7 -- MAP3K1 -- VEGFA -- MAP3K14 -- RET -- TRADD -- ATM -- CHUK -- RPS6KA5 -- PPP1R13L -- MAPK9 -- IRF1 -- EIF4G2 -- MYB -- HIP1 -- RNF11 -- PSEN1 -- SOD1 -- HNRNPK -- CASP7 -- SMPD1 -- TNIK -- HTT -- BRCA1 -- CDKN2A -- BID -- MCL1 -- PCNA -- TAF1 -- PLAC8 -- DIABLO -- APAF1 -- RASSF1
795,TNFRSF1A -- TNFRSF1B -- NFKB1 -- MAPK8 -- JUN -- SIRT1 -- RB1 -- TNFAIP3 -- CCND1 -- TRAF1 -- MAPK14 -- RHOA -- RAC1 -- MAP2K7 -- MAP3K1 -- IGF1 -- MAP3K14 -- TRADD -- TNFRSF10B -- CASP2 -- MDM2 -- CHUK -- RPS6KA5 -- PPP1R13L -- MAPK9 -- IRF1 -- EIF4G2 -- HTRA2 -- HIP1 -- OTUD7B -- RNF11 -- CASP10 -- PSEN1 -- SOD1 -- SMPD1 -- TNIK -- HTT -- CDKN2A -- BAX -- BAK1 -- BID -- PCNA -- PLAC8 -- CASP9 -- DIABLO -- APAF1
245,TNFRSF1A -- TNFRSF1B -- MAPK8 -- STAT1 -- JUN -- FOS -- BIRC2 -- BIRC3 -- SIRT1 -- TNFAIP3 -- TRAF1 -- MAPK14 -- RHOA -- NR3C1 -- RAC1 -- MAP2K7 -- MAP3K1 -- VEGFA -- RET -- TRADD -- ATM -- CASP2 -- CHUK -- RPS6KA5 -- PPP1R13L -- MAPK9 -- IRF1 -- EIF4G2 -- MYB -- CYCS -- HIP1 -- RNF11 -- PSEN1 -- SOD1 -- HNRNPK -- SMPD1 -- TNIK -- HTT -- BRCA1 -- CDKN2A -- BID -- MCL1 -- PCNA -- TAF1 -- PLAC8 -- DIABLO -- RASSF1
246,TNFRSF1A -- TNFRSF1B -- MAPK8 -- STAT1 -- JUN -- FOS -- BIRC2 -- BIRC3 -- SIRT1 -- TNFAIP3 -- TRAF1 -- MAPK14 -- RHOA -- NR3C1 -- TGFB2 -- RAC1 -- MAP2K7 -- MAP3K1 -- VEGFA -- RET -- TRADD -- ATM -- CHUK -- RPS6KA5 -- PPP1R13L -- MAPK9 -- IRF1 -- MYB -- CYCS -- HIP1 -- RNF11 -- PSEN1 -- SOD1 -- HNRNPK -- SMPD1 -- TNIK -- BRCA1 -- CDKN2A -- EIF4E -- BID -- MCL1 -- PCNA -- TAF1 -- PLAC8 -- DIABLO -- RASSF1
247,TNFRSF1A -- TNFRSF1B -- MAPK8 -- STAT1 -- FOS -- BIRC2 -- BIRC3 -- SIRT1 -- TNFAIP3 -- TRAF1 -- MAPK14 -- RHOA -- NR3C1 -- TGFB2 -- RAC1 -- MAP2K7 -- MAP3K1 -- VEGFA -- RET -- TRADD -- ATM -- CHUK -- RPS6KA5 -- PPP1R13L -- MAPK9 -- LYN -- IRF1 -- MYB -- CYCS -- HIP1 -- RNF11 -- PSEN1 -- SOD1 -- HNRNPK -- SMPD1 -- TNIK -- BRCA1 -- CDKN2A -- EIF4E -- BID -- MCL1 -- PCNA -- TAF1 -- PLAC8 -- DIABLO -- RASSF1
248,TNFRSF1A -- TNFRSF1B -- MAPK8 -- JUN -- FOS -- SIRT1 -- RB1 -- TNFAIP3 -- TRAF1 -- MAPK14 -- RHOA -- RAC1 -- MAP2K7 -- MAP3K1 -- IGF1 -- MAP3K14 -- TRADD -- TNFRSF10B -- CASP2 -- MDM2 -- CHUK -- RPS6KA5 -- PPP1R13L -- MAPK9 -- IRF1 -- EIF4G2 -- HTRA2 -- HIP1 -- CDK4 -- OTUD7B -- RNF11 -- CASP10 -- PSEN1 -- SOD1 -- RPA4 -- SMPD1 -- TNIK -- HTT -- CDKN2A -- PELP1 -- BAX -- BAK1 -- BID -- FOXM1 -- PCNA -- PLAC8 -- CASP9 -- DIABLO -- APAF1
249,TNFRSF1A -- TNFRSF1B -- MAPK8 -- STAT1 -- JUN -- FOS -- SIRT1 -- RB1 -- TNFAIP3 -- TRAF1 -- MAPK14 -- RHOA -- NR3C1 -- RAC1 -- MAP2K7 -- MAP3K1 -- MAP3K14 -- TRADD -- ATM -- CASP2 -- CHUK -- RPS6KA5 -- PPP1R13L -- MAPK9 -- IRF1 -- EIF4G2 -- HTRA2 -- MYB -- HIP1 -- RNF11 -- CASP10 -- PSEN1 -- SOD1 -- SMPD1 -- TNIK -- HTT -- BRCA1 -- CDKN2A -- BAK1 -- BID -- PCNA -- PLAC8 -- CASP9 -- DIABLO -- APAF1 -- RASSF1
250,TNFRSF1A -- TNFRSF1B -- MAPK8 -- STAT1 -- JUN -- FOS -- SIRT1 -- TNFAIP3 -- TRAF1 -- MAPK14 -- RHOA -- NR3C1 -- TGFB2 -- RAC1 -- MAP2K7 -- MAP3K1 -- VEGFA -- MAP3K14 -- RET -- TRADD -- ATM -- CASP2 -- CHUK -- RPS6KA5 -- PPP1R13L -- MAPK9 -- IRF1 -- EIF4G2 -- HTRA2 -- MYB -- HIP1 -- RNF11 -- PSEN1 -- SOD1 -- HNRNPK -- SMPD1 -- TNIK -- HTT -- BRCA1 -- CDKN2A -- BID -- MCL1 -- PCNA -- TAF1 -- PLAC8 -- CASP9 -- DIABLO -- APAF1 -- RASSF1
251,TNFRSF1A -- TNFRSF1B -- MAPK8 -- STAT1 -- BIRC2 -- SIRT1 -- TNFAIP3 -- TRAF1 -- MAPK14 -- RHOA -- RAC1 -- MAP2K7 -- MAP3K1 -- IGF1 -- VEGFA -- RET -- TRADD -- CHUK -- RPS6KA5 -- PPP1R13L -- MAPK9 -- LYN -- IRF1 -- CYCS -- HIP1 -- CDK4 -- RNF11 -- PSEN1 -- SOD1 -- HNRNPK -- SMPD1 -- TNIK -- BRCA1 -- PELP1 -- EIF4E -- BID -- MCL1 -- PCNA -- TAF1 -- PLAC8 -- DIABLO -- RASSF1
252,TNFRSF1A -- TNFRSF1B -- NFKB1 -- MAPK8 -- JUN -- FOS -- SIRT1 -- RB1 -- TNFAIP3 -- CCND1 -- TRAF1 -- MAPK14 -- RHOA -- RAC1 -- MAP2K7 -- MAP3K1 -- MAP3K14 -- TRADD -- TNFRSF10B -- ATM -- CASP2 -- MDM2 -- CHUK -- RPS6KA5 -- PPP1R13L -- MAPK9 -- IRF1 -- EIF4G2 -- HTRA2 -- MYB -- HIP1 -- CDK4 -- OTUD7B -- RNF11 -- CASP10 -- PSEN1 -- SOD1 -- RPA4 -- SMPD1 -- TNIK -- HTT -- PELP1 -- BAX -- BAK1 -- BID -- FOXM1 -- PCNA -- PLAC8 -- CASP9 -- DIABLO -- APAF1
253,TNFRSF1A -- TNFRSF1B -- MAPK8 -- JUN -- FOS -- SIRT1 -- RB1 -- TNFAIP3 -- TRAF1 -- MAPK14 -- RHOA -- RAC1 -- MAP2K7 -- MAP3K1 -- IGF1 -- MAP3K14 -- TRADD -- TNFRSF10B -- ATM -- CASP2 -- CHUK -- RPS6KA5 -- PPP1R13L -- MAPK9 -- IRF1 -- EIF4G2 -- HTRA2 -- MYB -- HIP1 -- OTUD7B -- RNF11 -- CASP10 -- PSEN1 -- SOD1 -- HNRNPK -- RPA4 -- SMPD1 -- TNIK -- HTT -- BRCA1 -- CDKN2A -- BAX -- BAK1 -- BID -- PCNA -- PLAC8 -- CASP9 -- DIABLO -- APAF1 -- RASSF1
254,TNFRSF1A -- TNFRSF1B -- MAPK8 -- BIRC2 -- SIRT1 -- RB1 -- TNFAIP3 -- CCND1 -- TRAF1 -- MAPK14 -- RHOA -- NR3C1 -- RAC1 -- MAP2K7 -- MAP3K1 -- RET -- TRADD -- MDM2 -- CHUK -- RPS6KA5 -- PPP1R13L -- MAPK9 -- LYN -- IRF1 -- CYCS -- HIP1 -- CDK4 -- OTUD7B -- RNF11 -- PSEN1 -- BAD -- SOD1 -- HNRNPK -- RPA4 -- SMPD1 -- TNIK -- PELP1 -- BAK1 -- EIF4E -- BID -- FOXM1 -- PCNA -- DIABLO -- RANGAP1
764,TNFRSF1A -- TNFRSF1B -- MAPK8 -- STAT1 -- BIRC2 -- BIRC3 -- SIRT1 -- MYC -- TNFAIP3 -- MAPK14 -- PTMA -- RHOA -- NR3C1 -- RAC1 -- MAP2K7 -- MAP3K1 -- VEGFA -- RET -- TRADD -- ATM -- CHUK -- RPS6KA5 -- PPP1R13L -- MAPK9 -- LYN -- IRF1 -- EIF4G2 -- MYB -- CYCS -- RNF11 -- PSEN1 -- SOD1 -- HNRNPK -- SMPD1 -- TNIK -- BRCA1 -- BID -- MCL1 -- PCNA -- TAF1 -- DIABLO -- RASSF1 -- RANGAP1
256,STAT1 -- JUN -- FOS -- BIRC2 -- MAPK14 -- TGFB2 -- RAC1 -- MAP2K7 -- MAP3K1 -- VEGFA -- MAPK1 -- TNFRSF10B -- ATM -- MDM2 -- CHUK -- RPS6KA5 -- PPP1R13L -- MAPK9 -- IRF1 -- EIF4G2 -- MYB -- CYCS -- HIP1 -- CDK4 -- OTUD7B -- RNF11 -- PSEN1 -- SOD1 -- RPA4 -- SMPD1 -- CDKN2A -- PELP1 -- BID -- FOXM1 -- MCL1 -- CTBP1 -- PCNA -- TAF1 -- PLAC8 -- DIABLO
257,TNFRSF1A -- TNFRSF1B -- NFKB1 -- MAPK8 -- SIRT1 -- RB1 -- TNFAIP3 -- CCND1 -- TRAF1 -- MAPK14 -- RHOA -- RAC1 -- MAP2K7 -- MAP3K1 -- IGF1 -- MAP3K14 -- TRADD -- TNFRSF10B -- ATM -- CASP2 -- MDM2 -- CHUK -- RPS6KA5 -- PPP1R13L -- MAPK9 -- LYN -- IRF1 -- EIF4G2 -- HTRA2 -- HIP1 -- CDK4 -- OTUD7B -- RNF11 -- CASP10 -- PSEN1 -- SOD1 -- RPA4 -- SMPD1 -- TNIK -- PELP1 -- BAX -- BAK1 -- BID -- FOXM1 -- PCNA -- PLAC8 -- CASP9 -- DIABLO -- APAF1
258,STAT1 -- JUN -- BIRC2 -- BIRC3 -- SIRT1 -- MAPK14 -- TGFB2 -- RAC1 -- MAP2K7 -- MAP3K1 -- IGF1 -- VEGFA -- RET -- TRADD -- MAPK1 -- AKT1 -- ATM -- E2F1 -- CHUK -- RPS6KA5 -- PPP1R13L -- MAPK9 -- LYN -- IRF1 -- EIF4G2 -- MYB -- CYCS -- HIP1 -- OTUD7B -- CASP10 -- PARP1 -- PSEN1 -- SMPD1 -- CDKN2A -- BBC3 -- BAK1 -- BID -- RBL1 -- PCNA -- TAF1 -- PLAC8 -- DIABLO
259,TNFRSF1A -- TNFRSF1B -- NFKB1 -- MAPK8 -- SIRT1 -- RB1 -- TNFAIP3 -- CCND1 -- TRAF1 -- MAPK14 -- RHOA -- RAC1 -- MAP2K7 -- MAP3K1 -- IGF1 -- MAP3K14 -- TRADD -- TNFRSF10B -- MDM2 -- CHUK -- RPS6KA5 -- PPP1R13L -- MAPK9 -- LYN -- IRF1 -- EIF4G2 -- HTRA2 -- CDK4 -- OTUD7B -- RNF11 -- PSEN1 -- SOD1 -- RPA4 -- SMPD1 -- TNIK -- PELP1 -- BAX -- BAK1 -- EIF4E -- BID -- FOXM1 -- PCNA -- PLAC8 -- CASP9 -- DIABLO -- APAF1
260,TNFRSF1A -- TNFRSF1B -- MAPK8 -- STAT1 -- JUN -- FOS -- SIRT1 -- TNFAIP3 -- TRAF1 -- MAPK14 -- RHOA -- TGFB2 -- RAC1 -- MAP2K7 -- MAP3K1 -- VEGFA -- MAP3K14 -- RET -- TRADD -- ATM -- CASP2 -- CHUK -- RPS6KA5 -- PPP1R13L -- MAPK9 -- IRF1 -- EIF4G2 -- HTRA2 -- MYB -- HIP1 -- RNF11 -- PSEN1 -- SOD1 -- HNRNPK -- CASP7 -- SMPD1 -- TNIK -- HTT -- BRCA1 -- CDKN2A -- BID -- MCL1 -- PCNA -- TAF1 -- PLAC8 -- CASP9 -- DIABLO -- APAF1 -- RASSF1
261,TNFRSF1A -- TNFRSF1B -- MAPK8 -- STAT1 -- JUN -- BIRC2 -- BIRC3 -- SIRT1 -- TNFAIP3 -- TRAF1 -- MAPK14 -- RHOA -- NR3C1 -- TGFB2 -- RAC1 -- MAP2K7 -- MAP3K1 -- VEGFA -- RET -- TRADD -- ATM -- CHUK -- RPS6KA5 -- PPP1R13L -- MAPK9 -- LYN -- IRF1 -- MYB -- CYCS -- HIP1 -- RNF11 -- PSEN1 -- SOD1 -- HNRNPK -- SMPD1 -- TNIK -- BRCA1 -- CDKN2A -- BID -- MCL1 -- PCNA -- TAF1 -- PLAC8 -- DIABLO -- RASSF1
262,TNFRSF1A -- TNFRSF1B -- MAPK8 -- STAT1 -- BIRC2 -- BIRC3 -- SIRT1 -- MYC -- TNFAIP3 -- MAPK14 -- PTMA -- RHOA -- TGFB2 -- RAC1 -- MAP2K7 -- MAP3K1 -- VEGFA -- RET -- TRADD -- MDM2 -- CHUK -- PPP1R13L -- MAPK9 -- LYN -- IRF1 -- CYCS -- CDK4 -- OTUD7B -- RNF11 -- PSEN1 -- BAD -- SOD1 -- RPA4 -- SMPD1 -- TNIK -- BRCA1 -- PELP1 -- EIF4E -- BID -- FOXM1 -- MCL1 -- PCNA -- TAF1 -- DIABLO -- RANGAP1
263,TNFRSF1A -- TNFRSF1B -- NFKB1 -- MAPK8 -- SIRT1 -- RB1 -- TNFAIP3 -- CCND1 -- TRAF1 -- MAPK14 -- RHOA -- RAC1 -- MAP2K7 -- MAP3K1 -- IGF1 -- MAP3K14 -- TRADD -- TNFRSF10B -- ATM -- MDM2 -- CHUK -- RPS6KA5 -- PPP1R13L -- MAPK9 -- LYN -- IRF1 -- EIF4G2 -- HTRA2 -- HIP1 -- CDK4 -- OTUD7B -- RNF11 -- CASP10 -- PSEN1 -- SOD1 -- RPA4 -- SMPD1 -- TNIK -- PELP1 -- BAX -- BAK1 -- BID -- FOXM1 -- PCNA -- PLAC8 -- CASP9 -- DIABLO -- APAF1
779,TNFRSF1A -- TNFRSF1B -- MAPK8 -- STAT1 -- JUN -- FOS -- BIRC2 -- BIRC3 -- SIRT1 -- TNFAIP3 -- TRAF1 -- MAPK14 -- RHOA -- NR3C1 -- TGFB2 -- RAC1 -- MAP2K7 -- MAP3K1 -- VEGFA -- RET -- TRADD -- ATM -- CASP2 -- CHUK -- RPS6KA5 -- PPP1R13L -- MAPK9 -- IRF1 -- EIF4G2 -- MYB -- CYCS -- HIP1 -- RNF11 -- PSEN1 -- SOD1 -- SMPD1 -- TNIK -- HTT -- BRCA1 -- CDKN2A -- BID -- MCL1 -- PCNA -- TAF1 -- PLAC8 -- DIABLO -- RASSF1
778,STAT1 -- JUN -- FOS -- FASLG -- MAPK14 -- TGFB2 -- RAC1 -- MAP2K7 -- MAP3K1 -- VEGFA -- MAP3K14 -- RET -- MAPK1 -- TNFRSF10B -- ATM -- CHUK -- RPS6KA5 -- PPP1R13L -- MAPK9 -- IRF1 -- EIF4G2 -- HTRA2 -- MYB -- HIP1 -- OTUD7B -- RNF11 -- CASP10 -- PSEN1 -- SOD1 -- HNRNPK -- CASP7 -- PSIP1 -- CDKN2A -- BAX -- BID -- MCL1 -- PCNA -- TAF1 -- PLAC8 -- DIABLO -- APAF1 -- RASSF1
266,BIRC2 -- SIRT1 -- CCND1 -- TRAF1 -- MAPK14 -- TGFB2 -- RAC1 -- MAP2K7 -- MAP3K1 -- TRADD -- MAPK1 -- TNFRSF10B -- AKT1 -- E2F1 -- MDM2 -- CHUK -- RPS6KA5 -- PPP1R13L -- MAPK9 -- LYN -- IRF1 -- EIF4G2 -- CYCS -- HIP1 -- CDK4 -- OTUD7B -- CASP10 -- PARP1 -- PSEN1 -- HNRNPK -- RPA4 -- SMPD1 -- TNIK -- HTT -- BAK1 -- BID -- MCL1 -- CTBP1 -- PCNA -- TAF1 -- PLAC8 -- DIABLO
762,TNFRSF1A -- TNFRSF1B -- NFKB1 -- MAPK8 -- JUN -- FOS -- SIRT1 -- RB1 -- TNFAIP3 -- CCND1 -- TRAF1 -- MAPK14 -- RHOA -- RAC1 -- MAP2K7 -- MAP3K1 -- IGF1 -- MAP3K14 -- TRADD -- TNFRSF10B -- CASP2 -- MDM2 -- CHUK -- RPS6KA5 -- PPP1R13L -- MAPK9 -- IRF1 -- EIF4G2 -- HTRA2 -- MYB -- HIP1 -- CDK4 -- OTUD7B -- RNF11 -- CASP10 -- PSEN1 -- SOD1 -- RPA4 -- SMPD1 -- TNIK -- HTT -- PELP1 -- BAX -- BAK1 -- BID -- FOXM1 -- PCNA -- PLAC8 -- CASP9 -- DIABLO -- APAF1
268,TNFRSF1A -- TNFRSF1B -- NFKB1 -- MAPK8 -- SIRT1 -- RB1 -- TNFAIP3 -- CCND1 -- TRAF1 -- MAPK14 -- RHOA -- RAC1 -- MAP2K7 -- MAP3K1 -- MAP3K14 -- TRADD -- TNFRSF10B -- CASP2 -- MDM2 -- CHUK -- RPS6KA5 -- PPP1R13L -- MAPK9 -- LYN -- IRF1 -- EIF4G2 -- HTRA2 -- HIP1 -- CDK4 -- OTUD7B -- RNF11 -- CASP10 -- PSEN1 -- SOD1 -- RPA4 -- SMPD1 -- TNIK -- HTT -- PELP1 -- BAX -- BAK1 -- BID -- FOXM1 -- PCNA -- PLAC8 -- CASP9 -- DIABLO -- APAF1
269,TNFRSF1A -- TNFRSF1B -- NFKB1 -- MAPK8 -- SIRT1 -- RB1 -- TNFAIP3 -- CCND1 -- TRAF1 -- MAPK14 -- RHOA -- RAC1 -- MAP2K7 -- MAP3K1 -- IGF1 -- MAP3K14 -- TRADD -- TNFRSF10B -- CASP2 -- MDM2 -- CHUK -- RPS6KA5 -- PPP1R13L -- MAPK9 -- IRF1 -- EIF4G2 -- HTRA2 -- HIP1 -- CDK4 -- OTUD7B -- RNF11 -- CASP10 -- PSEN1 -- SOD1 -- RPA4 -- SMPD1 -- TNIK -- HTT -- PELP1 -- BAX -- BAK1 -- BID -- FOXM1 -- PCNA -- PLAC8 -- CASP9 -- DIABLO -- APAF1
270,TNFRSF1A -- TNFRSF1B -- NFKB1 -- MAPK8 -- SIRT1 -- RB1 -- TNFAIP3 -- CCND1 -- TRAF1 -- MAPK14 -- RHOA -- RAC1 -- MAP2K7 -- MAP3K1 -- TRADD -- TNFRSF10B -- CASP2 -- MDM2 -- CHUK -- RPS6KA5 -- PPP1R13L -- MAPK9 -- IRF1 -- EIF4G2 -- HTRA2 -- HIP1 -- CDK4 -- OTUD7B -- RNF11 -- PSEN1 -- SOD1 -- RPA4 -- SMPD1 -- TNIK -- HTT -- PELP1 -- BAX -- BAK1 -- BID -- FOXM1 -- PCNA -- PLAC8 -- CASP9 -- DIABLO -- APAF1
271,STAT1 -- JUN -- FOS -- BIRC2 -- TRAF1 -- MAPK14 -- TGFB2 -- RAC1 -- MAP2K7 -- MAP3K1 -- VEGFA -- RET -- TRADD -- MAPK1 -- AKT1 -- ATM -- CHUK -- RPS6KA5 -- PPP1R13L -- MAPK9 -- LYN -- IRF1 -- EIF4G2 -- MYB -- CYCS -- HIP1 -- OTUD7B -- RNF11 -- PARP1 -- PSEN1 -- SOD1 -- TNIK -- CDKN2A -- BAK1 -- BID -- PCNA -- TAF1 -- PLAC8 -- DIABLO -- RASSF1
272,TNFRSF1A -- TNFRSF1B -- MAPK8 -- STAT1 -- JUN -- FOS -- SIRT1 -- TNFAIP3 -- TRAF1 -- MAPK14 -- RHOA -- NR3C1 -- TGFB2 -- RAC1 -- MAP2K7 -- MAP3K1 -- VEGFA -- MAP3K14 -- RET -- TRADD -- ATM -- CASP2 -- CHUK -- RPS6KA5 -- PPP1R13L -- MAPK9 -- IRF1 -- EIF4G2 -- HTRA2 -- MYB -- HIP1 -- RNF11 -- PSEN1 -- SOD1 -- HNRNPK -- CASP7 -- SMPD1 -- TNIK -- HTT -- BRCA1 -- CDKN2A -- BAK1 -- BID -- PCNA -- PLAC8 -- CASP9 -- DIABLO -- APAF1 -- RASSF1
273,TNFRSF1A -- TNFRSF1B -- MAPK8 -- STAT1 -- JUN -- FOS -- SIRT1 -- TNFAIP3 -- TRAF1 -- MAPK14 -- RHOA -- NR3C1 -- TGFB2 -- RAC1 -- MAP2K7 -- MAP3K1 -- VEGFA -- MAP3K14 -- RET -- TRADD -- ATM -- CASP2 -- CHUK -- RPS6KA5 -- PPP1R13L -- MAPK9 -- IRF1 -- EIF4G2 -- HTRA2 -- MYB -- HIP1 -- RNF11 -- PSEN1 -- SOD1 -- HNRNPK -- CASP7 -- SMPD1 -- TNIK -- HTT -- BRCA1 -- CDKN2A -- BID -- MCL1 -- PCNA -- TAF1 -- PLAC8 -- CASP9 -- DIABLO -- APAF1 -- RASSF1
274,TNFRSF1A -- TNFRSF1B -- NFKB1 -- MAPK8 -- SIRT1 -- RB1 -- TNFAIP3 -- CCND1 -- MAPK14 -- RHOA -- RAC1 -- MAP2K7 -- MAP3K1 -- MAP3K14 -- TRADD -- TNFRSF10B -- ATM -- CASP2 -- MDM2 -- CHUK -- RPS6KA5 -- PPP1R13L -- MAPK9 -- IRF1 -- EIF4G2 -- HTRA2 -- HIP1 -- CDK4 -- OTUD7B -- RNF11 -- CASP10 -- PSEN1 -- SOD1 -- RPA4 -- SMPD1 -- TNIK -- HTT -- PELP1 -- BAX -- BAK1 -- BID -- FOXM1 -- PCNA -- PLAC8 -- CASP9 -- DIABLO -- APAF1
275,TNFRSF1A -- TNFRSF1B -- MAPK8 -- STAT1 -- JUN -- FOS -- SIRT1 -- RB1 -- TNFAIP3 -- TRAF1 -- MAPK14 -- RHOA -- RAC1 -- MAP2K7 -- MAP3K1 -- VEGFA -- MAP3K14 -- TRADD -- ATM -- CASP2 -- CHUK -- RPS6KA5 -- PPP1R13L -- MAPK9 -- IRF1 -- EIF4G2 -- HTRA2 -- MYB -- HIP1 -- RNF11 -- PSEN1 -- SOD1 -- HNRNPK -- SMPD1 -- TNIK -- HTT -- BRCA1 -- CDKN2A -- PELP1 -- BAX -- BID -- MCL1 -- PCNA -- PLAC8 -- CASP9 -- DIABLO -- APAF1 -- RASSF1
276,TNFRSF1A -- TNFRSF1B -- MAPK8 -- STAT1 -- JUN -- FOS -- SIRT1 -- TNFAIP3 -- TRAF1 -- MAPK14 -- RHOA -- NR3C1 -- TGFB2 -- RAC1 -- MAP2K7 -- MAP3K1 -- VEGFA -- MAP3K14 -- RET -- TRADD -- ATM -- CASP2 -- CHUK -- RPS6KA5 -- PPP1R13L -- MAPK9 -- IRF1 -- EIF4G2 -- HTRA2 -- MYB -- HIP1 -- RNF11 -- PSEN1 -- SOD1 -- HNRNPK -- CASP7 -- SMPD1 -- TNIK -- HTT -- BRCA1 -- CDKN2A -- BAK1 -- BID -- MCL1 -- PCNA -- TAF1 -- PLAC8 -- CASP9 -- DIABLO -- RASSF1
277,TNFRSF1A -- TNFRSF1B -- NFKB1 -- MAPK8 -- BIRC2 -- BIRC3 -- SIRT1 -- RB1 -- TNFAIP3 -- CCND1 -- TRAF1 -- MAPK14 -- PTMA -- RHOA -- RAC1 -- MAP2K7 -- MAP3K1 -- TRADD -- TNFRSF10B -- ATM -- MDM2 -- CHUK -- RPS6KA5 -- PPP1R13L -- MAPK9 -- LYN -- IRF1 -- HTRA2 -- CYCS -- CDK4 -- OTUD7B -- RNF11 -- PSEN1 -- SOD1 -- RPA4 -- SMPD1 -- TNIK -- PELP1 -- BAX -- BAK1 -- EIF4E -- BID -- FOXM1 -- PCNA -- PLAC8 -- DIABLO
278,STAT1 -- BIRC2 -- BIRC3 -- SIRT1 -- MAPK14 -- RAC1 -- MAP2K7 -- MAP3K1 -- VEGFA -- RET -- MAPK1 -- AKT1 -- ATM -- E2F1 -- CHUK -- RPS6KA5 -- PPP1R13L -- MAPK9 -- LYN -- IRF1 -- MYB -- CYCS -- HIP1 -- OTUD7B -- PARP1 -- PSEN1 -- SMPD1 -- BBC3 -- BAK1 -- EIF4E -- BID -- RBL1 -- PCNA -- TAF1 -- PLAC8 -- DIABLO -- RASSF1
279,NFKB1 -- STAT1 -- BIRC2 -- BIRC3 -- SIRT1 -- TRAF1 -- MAPK14 -- RAC1 -- MAP2K7 -- MAP3K1 -- VEGFA -- MAPK1 -- ATM -- MDM2 -- CHUK -- RPS6KA5 -- PPP1R13L -- MAPK9 -- LYN -- IRF1 -- EIF4G2 -- CYCS -- HIP1 -- CDK4 -- OTUD7B -- RNF11 -- CASP10 -- PARP1 -- PSEN1 -- SOD1 -- RPA4 -- SMPD1 -- PELP1 -- BID -- FOXM1 -- MCL1 -- CTBP1 -- PCNA -- TAF1 -- PLAC8 -- DIABLO
791,TNFRSF1A -- TNFRSF1B -- MAPK8 -- STAT1 -- FOS -- BIRC2 -- BIRC3 -- SIRT1 -- MYC -- TNFAIP3 -- MAPK14 -- PTMA -- RHOA -- NR3C1 -- TGFB2 -- RAC1 -- MAP2K7 -- MAP3K1 -- VEGFA -- RET -- TRADD -- ATM -- CASP2 -- CHUK -- PPP1R13L -- MAPK9 -- LYN -- IRF1 -- EIF4G2 -- MYB -- CYCS -- HIP1 -- RNF11 -- PSEN1 -- SOD1 -- HNRNPK -- SMPD1 -- TNIK -- HTT -- BRCA1 -- CDKN2A -- BID -- MCL1 -- PCNA -- TAF1 -- PLAC8 -- DIABLO -- RASSF1 -- RANGAP1
281,TNFRSF1A -- TNFRSF1B -- NFKB1 -- MAPK8 -- SIRT1 -- RB1 -- TNFAIP3 -- CCND1 -- TRAF1 -- MAPK14 -- RHOA -- RAC1 -- MAP2K7 -- MAP3K1 -- MAP3K14 -- TRADD -- TNFRSF10B -- CASP2 -- MDM2 -- CHUK -- RPS6KA5 -- PPP1R13L -- MAPK9 -- LYN -- IRF1 -- EIF4G2 -- HTRA2 -- HIP1 -- CDK4 -- OTUD7B -- RNF11 -- CASP10 -- PSEN1 -- SOD1 -- RPA4 -- SMPD1 -- TNIK -- HTT -- PELP1 -- BAX -- BAK1 -- BID -- FOXM1 -- PCNA -- PLAC8 -- CASP9 -- DIABLO -- APAF1
282,TNFRSF1A -- TNFRSF1B -- MAPK8 -- STAT1 -- JUN -- FOS -- SIRT1 -- TNFAIP3 -- TRAF1 -- MAPK14 -- RHOA -- TGFB2 -- RAC1 -- MAP2K7 -- MAP3K1 -- VEGFA -- MAP3K14 -- RET -- TRADD -- ATM -- CASP2 -- CHUK -- RPS6KA5 -- PPP1R13L -- MAPK9 -- IRF1 -- EIF4G2 -- MYB -- CYCS -- HIP1 -- OTUD7B -- RNF11 -- CASP10 -- PSEN1 -- SOD1 -- HNRNPK -- SMPD1 -- TNIK -- HTT -- CDKN2A -- BID -- MCL1 -- PCNA -- PLAC8 -- CASP9 -- DIABLO -- APAF1 -- RASSF1
283,TNFRSF1A -- TNFRSF1B -- MAPK8 -- STAT1 -- BIRC2 -- BIRC3 -- SIRT1 -- MYC -- TNFAIP3 -- MAPK14 -- RHOA -- RAC1 -- MAP2K7 -- MAP3K1 -- VEGFA -- RET -- TRADD -- ATM -- CHUK -- PPP1R13L -- MAPK9 -- LYN -- IRF1 -- CYCS -- RNF11 -- PSEN1 -- BAD -- SOD1 -- HNRNPK -- SMPD1 -- TNIK -- BRCA1 -- CDKN2A -- EIF4E -- BID -- MCL1 -- PCNA -- TAF1 -- DIABLO -- RASSF1 -- RANGAP1
284,TNFRSF1A -- TNFRSF1B -- MAPK8 -- BIRC2 -- BIRC3 -- SIRT1 -- MYC -- TNFAIP3 -- CCND1 -- MAPK14 -- PTMA -- RHOA -- TGFB2 -- RAC1 -- MAP2K7 -- MAP3K1 -- RET -- TRADD -- ATM -- CHUK -- PPP1R13L -- MAPK9 -- LYN -- IRF1 -- CYCS -- CDK4 -- OTUD7B -- RNF11 -- CASP10 -- PSEN1 -- BAD -- SOD1 -- HNRNPK -- RPA4 -- SMPD1 -- TNIK -- PELP1 -- EIF4E -- BID -- FOXM1 -- MCL1 -- PCNA -- TAF1 -- DIABLO -- RANGAP1
285,TNFRSF1A -- TNFRSF1B -- NFKB1 -- MAPK8 -- STAT1 -- JUN -- FOS -- SIRT1 -- TNFAIP3 -- TRAF1 -- MAPK14 -- RHOA -- NR3C1 -- TGFB2 -- RAC1 -- MAP2K7 -- MAP3K1 -- VEGFA -- MAP3K14 -- RET -- TRADD -- TNFRSF10B -- ATM -- CASP2 -- CHUK -- RPS6KA5 -- PPP1R13L -- MAPK9 -- IRF1 -- EIF4G2 -- HTRA2 -- MYB -- HIP1 -- RNF11 -- CASP10 -- PSEN1 -- SOD1 -- HNRNPK -- CASP7 -- SMPD1 -- TNIK -- HTT -- BRCA1 -- CDKN2A -- BAK1 -- BID -- MCL1 -- PCNA -- TAF1 -- PLAC8 -- CASP9 -- DIABLO -- APAF1 -- RASSF1
286,TNFRSF1A -- TNFRSF1B -- MAPK8 -- STAT1 -- BIRC2 -- BIRC3 -- SIRT1 -- MYC -- TNFAIP3 -- TRAF1 -- MAPK14 -- RHOA -- RAC1 -- MAP2K7 -- MAP3K1 -- VEGFA -- RET -- TRADD -- ATM -- CHUK -- RPS6KA5 -- PPP1R13L -- MAPK9 -- LYN -- IRF1 -- MYB -- CYCS -- RNF11 -- PSEN1 -- SOD1 -- HNRNPK -- SMPD1 -- TNIK -- BRCA1 -- CDKN2A -- BID -- MCL1 -- PCNA -- TAF1 -- PLAC8 -- DIABLO -- APAF1 -- RASSF1
287,TNFRSF1A -- TNFRSF1B -- MAPK8 -- STAT1 -- BIRC2 -- BIRC3 -- SIRT1 -- MYC -- TNFAIP3 -- MAPK14 -- RHOA -- NR3C1 -- RAC1 -- MAP2K7 -- MAP3K1 -- VEGFA -- RET -- TRADD -- ATM -- CHUK -- RPS6KA5 -- PPP1R13L -- MAPK9 -- LYN -- IRF1 -- CYCS -- RNF11 -- PSEN1 -- SOD1 -- HNRNPK -- SMPD1 -- TNIK -- BRCA1 -- CDKN2A -- BID -- MCL1 -- PCNA -- TAF1 -- PLAC8 -- DIABLO -- RASSF1 -- RANGAP1
288,TNFRSF1A -- TNFRSF1B -- NFKB1 -- MAPK8 -- JUN -- FOS -- SIRT1 -- RB1 -- TNFAIP3 -- TRAF1 -- MAPK14 -- RHOA -- RAC1 -- MAP2K7 -- MAP3K1 -- IGF1 -- MAP3K14 -- TRADD -- TNFRSF10B -- ATM -- CASP2 -- MDM2 -- CHUK -- RPS6KA5 -- PPP1R13L -- MAPK9 -- IRF1 -- HTRA2 -- MYB -- HIP1 -- OTUD7B -- RNF11 -- CASP10 -- PSEN1 -- SOD1 -- RPA4 -- SMPD1 -- TNIK -- HTT -- CDKN2A -- PELP1 -- BAX -- BAK1 -- EIF4E -- BID -- FOXM1 -- PCNA -- PLAC8 -- CASP9 -- DIABLO -- APAF1
289,TNFRSF1A -- TNFRSF1B -- MAPK8 -- STAT1 -- BIRC2 -- SIRT1 -- MYC -- TNFAIP3 -- MAPK14 -- PTMA -- RHOA -- NR3C1 -- TGFB2 -- RAC1 -- MAP2K7 -- MAP3K1 -- VEGFA -- RET -- TRADD -- ATM -- CHUK -- PPP1R13L -- MAPK9 -- LYN -- IRF1 -- CYCS -- RNF11 -- PSEN1 -- SOD1 -- HNRNPK -- SMPD1 -- TNIK -- BRCA1 -- EIF4E -- BID -- TFDP1 -- MCL1 -- PCNA -- TAF1 -- PLAC8 -- DIABLO -- APAF1 -- RASSF1
290,TNFRSF1A -- TNFRSF1B -- NFKB1 -- MAPK8 -- SIRT1 -- RB1 -- TNFAIP3 -- CCND1 -- TRAF1 -- MAPK14 -- RHOA -- RAC1 -- MAP2K7 -- MAP3K1 -- MAP3K14 -- TRADD -- TNFRSF10B -- ATM -- CASP2 -- MDM2 -- CHUK -- RPS6KA5 -- PPP1R13L -- MAPK9 -- LYN -- IRF1 -- EIF4G2 -- HTRA2 -- HIP1 -- CDK4 -- OTUD7B -- RNF11 -- PSEN1 -- SOD1 -- RPA4 -- SMPD1 -- TNIK -- HTT -- PELP1 -- BAX -- BAK1 -- BID -- FOXM1 -- PCNA -- CASP9 -- DIABLO -- APAF1
291,TNFRSF1A -- TNFRSF1B -- MAPK8 -- STAT1 -- BIRC2 -- BIRC3 -- SIRT1 -- MYC -- TNFAIP3 -- CCND1 -- MAPK14 -- PTMA -- RHOA -- TGFB2 -- RAC1 -- MAP2K7 -- MAP3K1 -- IGF1 -- VEGFA -- TRADD -- MDM2 -- CHUK -- PPP1R13L -- MAPK9 -- LYN -- IRF1 -- CYCS -- CDK4 -- OTUD7B -- RNF11 -- PSEN1 -- BAD -- SOD1 -- RPA4 -- SMPD1 -- TNIK -- BRCA1 -- PELP1 -- EIF4E -- BID -- FOXM1 -- MCL1 -- PCNA -- TAF1 -- DIABLO -- RANGAP1
292,TNFRSF1A -- TNFRSF1B -- MAPK8 -- STAT1 -- FOS -- BIRC2 -- BIRC3 -- SIRT1 -- TNFAIP3 -- TRAF1 -- MAPK14 -- RHOA -- NR3C1 -- TGFB2 -- RAC1 -- MAP2K7 -- MAP3K1 -- VEGFA -- RET -- TRADD -- ATM -- CHUK -- RPS6KA5 -- PPP1R13L -- MAPK9 -- LYN -- IRF1 -- EIF4G2 -- MYB -- CYCS -- HIP1 -- RNF11 -- PSEN1 -- SOD1 -- HNRNPK -- SMPD1 -- TNIK -- BRCA1 -- BID -- TFDP1 -- MCL1 -- PCNA -- TAF1 -- PLAC8 -- DIABLO -- RASSF1
293,TNFRSF1A -- TNFRSF1B -- NFKB1 -- MAPK8 -- STAT1 -- BIRC2 -- BIRC3 -- SIRT1 -- MYC -- TNFAIP3 -- CCND1 -- TRAF1 -- MAPK14 -- PTMA -- RHOA -- RAC1 -- MAP2K7 -- MAP3K1 -- VEGFA -- RET -- TRADD -- TNFRSF10B -- ATM -- CHUK -- RPS6KA5 -- PPP1R13L -- MAPK9 -- LYN -- IRF1 -- MYB -- CYCS -- HIP1 -- CDK4 -- RNF11 -- PSEN1 -- SOD1 -- HNRNPK -- RPA4 -- SMPD1 -- TNIK -- BRCA1 -- PELP1 -- EIF4E -- BID -- FOXM1 -- MCL1 -- PCNA -- TAF1 -- PLAC8 -- DIABLO
294,TNFRSF1A -- TNFRSF1B -- NFKB1 -- MAPK8 -- JUN -- FOS -- SIRT1 -- RB1 -- TNFAIP3 -- CCND1 -- TRAF1 -- MAPK14 -- RHOA -- RAC1 -- MAP2K7 -- MAP3K1 -- IGF1 -- MAP3K14 -- TRADD -- TNFRSF10B -- ATM -- CASP2 -- MDM2 -- CHUK -- RPS6KA5 -- PPP1R13L -- MAPK9 -- IRF1 -- EIF4G2 -- HTRA2 -- HIP1 -- CDK4 -- OTUD7B -- RNF11 -- CASP10 -- PSEN1 -- SOD1 -- RPA4 -- SMPD1 -- TNIK -- HTT -- CDKN2A -- PELP1 -- BAX -- BAK1 -- BID -- FOXM1 -- PCNA -- PLAC8 -- CASP9 -- DIABLO -- APAF1
295,TNFRSF1A -- TNFRSF1B -- MAPK8 -- STAT1 -- JUN -- FOS -- SIRT1 -- TNFAIP3 -- TRAF1 -- MAPK14 -- RHOA -- NR3C1 -- TGFB2 -- RAC1 -- MAP2K7 -- MAP3K1 -- VEGFA -- MAP3K14 -- RET -- TRADD -- ATM -- CASP2 -- CHUK -- RPS6KA5 -- PPP1R13L -- MAPK9 -- IRF1 -- EIF4G2 -- MYB -- HIP1 -- RNF11 -- PSEN1 -- SOD1 -- HNRNPK -- CASP7 -- SMPD1 -- TNIK -- HTT -- BRCA1 -- CDKN2A -- BID -- MCL1 -- PCNA -- TAF1 -- PLAC8 -- CASP9 -- DIABLO -- APAF1
296,TNFRSF1A -- TNFRSF1B -- MAPK8 -- STAT1 -- JUN -- FOS -- BIRC2 -- BIRC3 -- SIRT1 -- TNFAIP3 -- TRAF1 -- MAPK14 -- RHOA -- NR3C1 -- TGFB2 -- RAC1 -- MAP2K7 -- MAP3K1 -- VEGFA -- RET -- TRADD -- ATM -- CHUK -- RPS6KA5 -- PPP1R13L -- MAPK9 -- LYN -- IRF1 -- MYB -- CYCS -- HIP1 -- RNF11 -- PSEN1 -- SOD1 -- HNRNPK -- SMPD1 -- TNIK -- BRCA1 -- CDKN2A -- EIF4E -- BID -- MCL1 -- PCNA -- TAF1 -- PLAC8 -- DIABLO -- RASSF1
297,TNFRSF1A -- TNFRSF1B -- MAPK8 -- SIRT1 -- RB1 -- TNFAIP3 -- CCND1 -- TRAF1 -- MAPK14 -- RHOA -- RAC1 -- MAP2K7 -- MAP3K1 -- IGF1 -- MAP3K14 -- TRADD -- ATM -- CASP2 -- MDM2 -- CHUK -- RPS6KA5 -- PPP1R13L -- MAPK9 -- IRF1 -- EIF4G2 -- HTRA2 -- HIP1 -- CDK4 -- OTUD7B -- RNF11 -- PSEN1 -- SOD1 -- RPA4 -- SMPD1 -- TNIK -- HTT -- PELP1 -- BAX -- BAK1 -- BID -- FOXM1 -- PCNA -- PLAC8 -- CASP9 -- DIABLO -- APAF1
298,TNFRSF1A -- TNFRSF1B -- MAPK8 -- STAT1 -- SIRT1 -- RB1 -- TNFAIP3 -- TRAF1 -- MAPK14 -- RHOA -- NR3C1 -- RAC1 -- MAP2K7 -- MAP3K1 -- MAP3K14 -- TRADD -- CASP2 -- MDM2 -- CHUK -- RPS6KA5 -- PPP1R13L -- MAPK9 -- IRF1 -- EIF4G2 -- HTRA2 -- HIP1 -- CDK4 -- OTUD7B -- RNF11 -- PSEN1 -- SOD1 -- RPA4 -- SMPD1 -- TNIK -- HTT -- PELP1 -- BAK1 -- EIF4E -- BID -- FOXM1 -- PCNA -- PLAC8 -- CASP9 -- DIABLO -- APAF1
299,TNFRSF1A -- TNFRSF1B -- NFKB1 -- MAPK8 -- SIRT1 -- RB1 -- TNFAIP3 -- CCND1 -- MAPK14 -- RHOA -- RAC1 -- MAP2K7 -- MAP3K1 -- IGF1 -- MAP3K14 -- TRADD -- TNFRSF10B -- CASP2 -- MDM2 -- CHUK -- RPS6KA5 -- PPP1R13L -- MAPK9 -- LYN -- IRF1 -- EIF4G2 -- HTRA2 -- CDK4 -- OTUD7B -- RNF11 -- CASP10 -- PSEN1 -- SOD1 -- RPA4 -- SMPD1 -- TNIK -- HTT -- PELP1 -- BAX -- BAK1 -- EIF4E -- BID -- FOXM1 -- PCNA -- DIABLO -- APAF1 -- RANGAP1
300,TNFRSF1A -- TNFRSF1B -- NFKB1 -- MAPK8 -- SIRT1 -- RB1 -- TNFAIP3 -- CCND1 -- TRAF1 -- MAPK14 -- RHOA -- RAC1 -- MAP2K7 -- MAP3K1 -- TRADD -- TNFRSF10B -- CASP2 -- MDM2 -- CHUK -- RPS6KA5 -- PPP1R13L -- MAPK9 -- LYN -- IRF1 -- EIF4G2 -- HTRA2 -- HIP1 -- CDK4 -- OTUD7B -- RNF11 -- CASP10 -- PSEN1 -- SOD1 -- RPA4 -- SMPD1 -- TNIK -- PELP1 -- BAK1 -- BID -- FOXM1 -- PCNA -- PLAC8 -- CASP9 -- DIABLO -- APAF1
301,TNFRSF1A -- TNFRSF1B -- MAPK8 -- STAT1 -- BIRC2 -- BIRC3 -- SIRT1 -- MYC -- TNFAIP3 -- MAPK14 -- RHOA -- NR3C1 -- RAC1 -- MAP2K7 -- MAP3K1 -- VEGFA -- RET -- TRADD -- CHUK -- PPP1R13L -- MAPK9 -- LYN -- IRF1 -- CYCS -- RNF11 -- PSEN1 -- BAD -- SOD1 -- HNRNPK -- SMPD1 -- TNIK -- BRCA1 -- BID -- MCL1 -- PCNA -- TAF1 -- DIABLO -- RASSF1
302,TNFRSF1A -- TNFRSF1B -- MAPK8 -- SIRT1 -- MYC -- TNFAIP3 -- CCND1 -- MAPK14 -- PTMA -- RHOA -- RAC1 -- MAP2K7 -- MAP3K1 -- TRADD -- CASP2 -- E2F1 -- MDM2 -- CHUK -- PPP1R13L -- MAPK9 -- LYN -- IRF1 -- EIF4G2 -- HTRA2 -- MYB -- HIP1 -- CDK4 -- OTUD7B -- RNF11 -- PSEN1 -- SOD1 -- RPA4 -- SMPD1 -- TNIK -- BBC3 -- PELP1 -- BAX -- BAK1 -- EIF4E -- BID -- FOXM1 -- PCNA -- TAF1 -- DIABLO -- RANGAP1
303,TNFRSF1A -- TNFRSF1B -- NFKB1 -- MAPK8 -- JUN -- FOS -- SIRT1 -- RB1 -- TNFAIP3 -- CCND1 -- TRAF1 -- MAPK14 -- RHOA -- RAC1 -- MAP2K7 -- MAP3K1 -- IGF1 -- MAP3K14 -- TRADD -- TNFRSF10B -- ATM -- CASP2 -- MDM2 -- CHUK -- RPS6KA5 -- PPP1R13L -- MAPK9 -- IRF1 -- EIF4G2 -- HTRA2 -- MYB -- HIP1 -- CDK4 -- OTUD7B -- RNF11 -- CASP10 -- PSEN1 -- SOD1 -- RPA4 -- SMPD1 -- TNIK -- HTT -- CDKN2A -- PELP1 -- BAX -- BAK1 -- BID -- FOXM1 -- PCNA -- PLAC8 -- CASP9 -- DIABLO -- APAF1
304,TNFRSF1A -- TNFRSF1B -- NFKB1 -- MAPK8 -- STAT1 -- FOS -- SIRT1 -- MYC -- TNFAIP3 -- MAPK14 -- PTMA -- RHOA -- RAC1 -- MAP2K7 -- MAP3K1 -- IGF1 -- VEGFA -- MAP3K14 -- TRADD -- ATM -- CASP2 -- MDM2 -- CHUK -- PPP1R13L -- MAPK9 -- IRF1 -- EIF4G2 -- CDK4 -- OTUD7B -- RNF11 -- PSEN1 -- SOD1 -- RPA4 -- CASP7 -- SMPD1 -- TNIK -- HTT -- PELP1 -- BID -- FOXM1 -- MCL1 -- PCNA -- TAF1 -- DIABLO -- RANGAP1
305,TNFRSF1A -- TNFRSF1B -- MAPK8 -- STAT1 -- JUN -- FOS -- SIRT1 -- TNFAIP3 -- TRAF1 -- MAPK14 -- RHOA -- TGFB2 -- RAC1 -- MAP2K7 -- MAP3K1 -- IGF1 -- VEGFA -- MAP3K14 -- RET -- TRADD -- ATM -- CASP2 -- CHUK -- RPS6KA5 -- PPP1R13L -- MAPK9 -- IRF1 -- EIF4G2 -- HTRA2 -- MYB -- HIP1 -- RNF11 -- PSEN1 -- SOD1 -- HNRNPK -- CASP7 -- SMPD1 -- TNIK -- HTT -- BRCA1 -- CDKN2A -- BAK1 -- BID -- MCL1 -- PCNA -- TAF1 -- PLAC8 -- CASP9 -- DIABLO -- APAF1 -- RASSF1
306,TNFRSF1A -- TNFRSF1B -- NFKB1 -- MAPK8 -- STAT1 -- BIRC2 -- SIRT1 -- MYC -- TNFAIP3 -- TRAF1 -- MAPK14 -- PTMA -- RHOA -- TGFB2 -- RAC1 -- MAP2K7 -- MAP3K1 -- VEGFA -- RET -- TRADD -- TNFRSF10B -- ATM -- CASP2 -- CHUK -- RPS6KA5 -- PPP1R13L -- MAPK9 -- LYN -- IRF1 -- EIF4G2 -- CYCS -- HIP1 -- RNF11 -- CASP10 -- PSEN1 -- SOD1 -- HNRNPK -- SMPD1 -- TNIK -- HTT -- BRCA1 -- BID -- MCL1 -- PCNA -- TAF1 -- DIABLO -- RASSF1
790,TNFRSF1A -- TNFRSF1B -- NFKB1 -- MAPK8 -- JUN -- FOS -- SIRT1 -- RB1 -- TNFAIP3 -- CCND1 -- TRAF1 -- MAPK14 -- RHOA -- RAC1 -- MAP2K7 -- MAP3K1 -- MAP3K14 -- TRADD -- TNFRSF10B -- ATM -- CASP2 -- MDM2 -- CHUK -- RPS6KA5 -- PPP1R13L -- MAPK9 -- IRF1 -- EIF4G2 -- HTRA2 -- MYB -- HIP1 -- CDK4 -- OTUD7B -- RNF11 -- CASP10 -- PSEN1 -- SOD1 -- RPA4 -- SMPD1 -- TNIK -- HTT -- PELP1 -- BAX -- BAK1 -- BID -- FOXM1 -- PCNA -- PLAC8 -- CASP9 -- DIABLO -- APAF1
308,TNFRSF1B -- STAT1 -- SIRT1 -- MYC -- MAPK14 -- PTMA -- RHOA -- RAC1 -- MAP2K7 -- MAP3K1 -- VEGFA -- MAP3K14 -- MAPK1 -- ATM -- DAB2IP -- CHUK -- PPP1R13L -- MAPK9 -- LYN -- IRF1 -- HTRA2 -- OTUD7B -- RNF11 -- PARP1 -- PSEN1 -- SOD1 -- HNRNPK -- SMPD1 -- TNIK -- BAX -- BAK1 -- EIF4E -- BID -- PCNA -- TAF1 -- DIABLO -- APAF1 -- RASSF1 -- RANGAP1
309,TNFRSF1A -- TNFRSF1B -- NFKB1 -- MAPK8 -- SIRT1 -- RB1 -- TNFAIP3 -- CCND1 -- TRAF1 -- MAPK14 -- RHOA -- RAC1 -- MAP2K7 -- MAP3K1 -- MAP3K14 -- TRADD -- TNFRSF10B -- MDM2 -- CHUK -- RPS6KA5 -- PPP1R13L -- MAPK9 -- LYN -- IRF1 -- EIF4G2 -- HTRA2 -- HIP1 -- CDK4 -- OTUD7B -- CASP10 -- PSEN1 -- SOD1 -- RPA4 -- SMPD1 -- TNIK -- PELP1 -- BAX -- BID -- FOXM1 -- PCNA -- PLAC8 -- DIABLO -- APAF1
310,TNFRSF1A -- TNFRSF1B -- MAPK8 -- STAT1 -- JUN -- SIRT1 -- RB1 -- TNFAIP3 -- TRAF1 -- MAPK14 -- RHOA -- RAC1 -- MAP2K7 -- MAP3K1 -- MAP3K14 -- TRADD -- ATM -- CASP2 -- CHUK -- RPS6KA5 -- PPP1R13L -- MAPK9 -- IRF1 -- EIF4G2 -- HTRA2 -- MYB -- HIP1 -- OTUD7B -- RNF11 -- CASP10 -- PSEN1 -- SOD1 -- HNRNPK -- RPA4 -- SMPD1 -- TNIK -- HTT -- BRCA1 -- CDKN2A -- BAX -- BAK1 -- BID -- FOXM1 -- PCNA -- PLAC8 -- CASP9 -- DIABLO -- APAF1 -- RASSF1
311,TNFRSF1A -- TNFRSF1B -- NFKB1 -- MAPK8 -- JUN -- FOS -- SIRT1 -- RB1 -- TNFAIP3 -- TRAF1 -- MAPK14 -- RHOA -- RAC1 -- MAP2K7 -- MAP3K1 -- MAP3K14 -- TRADD -- TNFRSF10B -- ATM -- CASP2 -- MDM2 -- CHUK -- RPS6KA5 -- PPP1R13L -- MAPK9 -- IRF1 -- EIF4G2 -- HTRA2 -- MYB -- HIP1 -- CDK4 -- OTUD7B -- RNF11 -- CASP10 -- PSEN1 -- SOD1 -- RPA4 -- SMPD1 -- TNIK -- HTT -- CDKN2A -- PELP1 -- BAX -- BAK1 -- BID -- FOXM1 -- PCNA -- PLAC8 -- CASP9 -- DIABLO -- APAF1
312,TNFRSF1A -- TNFRSF1B -- NFKB1 -- MAPK8 -- BIRC2 -- BIRC3 -- SIRT1 -- RB1 -- TNFAIP3 -- CCND1 -- TRAF1 -- MAPK14 -- RHOA -- RAC1 -- MAP2K7 -- MAP3K1 -- TRADD -- TNFRSF10B -- MDM2 -- CHUK -- RPS6KA5 -- PPP1R13L -- MAPK9 -- LYN -- IRF1 -- EIF4G2 -- HTRA2 -- CYCS -- HIP1 -- CDK4 -- OTUD7B -- RNF11 -- CASP10 -- PSEN1 -- SOD1 -- RPA4 -- SMPD1 -- TNIK -- PELP1 -- BAX -- BID -- FOXM1 -- PCNA -- PLAC8 -- DIABLO
313,TNFRSF1A -- TNFRSF1B -- NFKB1 -- MAPK8 -- SIRT1 -- RB1 -- TNFAIP3 -- CCND1 -- TRAF1 -- MAPK14 -- RHOA -- RAC1 -- MAP2K7 -- MAP3K1 -- MAP3K14 -- TRADD -- TNFRSF10B -- ATM -- CASP2 -- MDM2 -- CHUK -- RPS6KA5 -- PPP1R13L -- MAPK9 -- LYN -- IRF1 -- EIF4G2 -- HTRA2 -- CYCS -- HIP1 -- CDK4 -- OTUD7B -- RNF11 -- CASP10 -- PSEN1 -- SOD1 -- RPA4 -- SMPD1 -- TNIK -- HTT -- PELP1 -- BAX -- BAK1 -- BID -- FOXM1 -- PCNA -- PLAC8 -- CASP9 -- DIABLO -- APAF1
314,TNFRSF1A -- TNFRSF1B -- MAPK8 -- STAT1 -- BIRC2 -- SIRT1 -- MYC -- TNFAIP3 -- TRAF1 -- MAPK14 -- PTMA -- RHOA -- NR3C1 -- RAC1 -- MAP2K7 -- MAP3K1 -- VEGFA -- RET -- TRADD -- ATM -- CHUK -- PPP1R13L -- MAPK9 -- LYN -- IRF1 -- HTRA2 -- CDK4 -- OTUD7B -- RNF11 -- PSEN1 -- BAD -- SOD1 -- HNRNPK -- RPA4 -- SMPD1 -- TNIK -- PELP1 -- BAK1 -- EIF4E -- BID -- FOXM1 -- TFDP1 -- PCNA -- TAF1 -- DIABLO -- RANGAP1
315,TNFRSF1A -- TNFRSF1B -- MAPK8 -- STAT1 -- JUN -- FOS -- SIRT1 -- RB1 -- TNFAIP3 -- TRAF1 -- MAPK14 -- RHOA -- NR3C1 -- RAC1 -- MAP2K7 -- MAP3K1 -- VEGFA -- MAP3K14 -- RET -- TRADD -- TNFRSF10B -- ATM -- CASP2 -- CHUK -- RPS6KA5 -- PPP1R13L -- MAPK9 -- IRF1 -- EIF4G2 -- HTRA2 -- MYB -- HIP1 -- RNF11 -- CASP10 -- PSEN1 -- SOD1 -- HNRNPK -- SMPD1 -- TNIK -- HTT -- BRCA1 -- CDKN2A -- BAX -- BAK1 -- BID -- PCNA -- PLAC8 -- CASP9 -- DIABLO -- APAF1 -- RASSF1
316,TNFRSF1A -- TNFRSF1B -- NFKB1 -- MAPK8 -- STAT1 -- SIRT1 -- MYC -- TNFAIP3 -- CCND1 -- MAPK14 -- PTMA -- RHOA -- RAC1 -- MAP2K7 -- MAP3K1 -- VEGFA -- RET -- TRADD -- CHUK -- PPP1R13L -- MAPK9 -- LYN -- IRF1 -- HTRA2 -- CDK4 -- RNF11 -- PSEN1 -- SOD1 -- HNRNPK -- SMPD1 -- TNIK -- BAX -- BAK1 -- EIF4E -- BID -- TFDP1 -- PCNA -- TAF1 -- DIABLO -- RANGAP1
317,TNFRSF1A -- TNFRSF1B -- NFKB1 -- MAPK8 -- JUN -- SIRT1 -- RB1 -- TNFAIP3 -- CCND1 -- TRAF1 -- MAPK14 -- RHOA -- RAC1 -- MAP2K7 -- MAP3K1 -- MAP3K14 -- TRADD -- TNFRSF10B -- CASP2 -- MDM2 -- CHUK -- RPS6KA5 -- PPP1R13L -- MAPK9 -- IRF1 -- EIF4G2 -- HTRA2 -- HIP1 -- CDK4 -- OTUD7B -- RNF11 -- CASP10 -- PSEN1 -- SOD1 -- RPA4 -- SMPD1 -- TNIK -- HTT -- CDKN2A -- PELP1 -- BAX -- BAK1 -- BID -- FOXM1 -- PCNA -- PLAC8 -- CASP9 -- DIABLO -- APAF1
318,TNFRSF1A -- TNFRSF1B -- MAPK8 -- STAT1 -- JUN -- FOS -- BIRC2 -- BIRC3 -- SIRT1 -- TNFAIP3 -- TRAF1 -- MAPK14 -- RHOA -- NR3C1 -- TGFB2 -- RAC1 -- MAP2K7 -- MAP3K1 -- VEGFA -- RET -- TRADD -- ATM -- CHUK -- RPS6KA5 -- PPP1R13L -- MAPK9 -- IRF1 -- MYB -- CYCS -- HIP1 -- RNF11 -- PSEN1 -- SOD1 -- HNRNPK -- SMPD1 -- TNIK -- HTT -- BRCA1 -- CDKN2A -- BID -- MCL1 -- PCNA -- TAF1 -- PLAC8 -- DIABLO -- RASSF1
319,TNFRSF1A -- TNFRSF1B -- MAPK8 -- STAT1 -- JUN -- FOS -- BIRC2 -- BIRC3 -- SIRT1 -- TNFAIP3 -- TRAF1 -- MAPK14 -- RHOA -- NR3C1 -- TGFB2 -- RAC1 -- MAP2K7 -- MAP3K1 -- VEGFA -- RET -- TRADD -- ATM -- CHUK -- RPS6KA5 -- PPP1R13L -- MAPK9 -- IRF1 -- MYB -- CYCS -- HIP1 -- RNF11 -- PSEN1 -- SOD1 -- HNRNPK -- SMPD1 -- TNIK -- HTT -- BRCA1 -- CDKN2A -- BID -- MCL1 -- PCNA -- TAF1 -- PLAC8 -- DIABLO -- APAF1 -- RASSF1
320,TNFRSF1A -- TNFRSF1B -- NFKB1 -- MAPK8 -- STAT1 -- SIRT1 -- MYC -- RB1 -- TNFAIP3 -- CCND1 -- MAPK14 -- PTMA -- RHOA -- RAC1 -- MAP2K7 -- MAP3K1 -- IGF1 -- TRADD -- TNFRSF10B -- MDM2 -- CHUK -- RPS6KA5 -- PPP1R13L -- MAPK9 -- LYN -- IRF1 -- EIF4G2 -- HTRA2 -- HIP1 -- CDK4 -- OTUD7B -- RNF11 -- CASP10 -- PSEN1 -- SOD1 -- SMPD1 -- TNIK -- PELP1 -- BAX -- BAK1 -- BID -- FOXM1 -- PCNA -- DIABLO -- RANGAP1
321,TNFRSF1A -- TNFRSF1B -- NFKB1 -- MAPK8 -- SIRT1 -- RB1 -- TNFAIP3 -- CCND1 -- TRAF1 -- MAPK14 -- RHOA -- RAC1 -- MAP2K7 -- MAP3K1 -- MAP3K14 -- TRADD -- TNFRSF10B -- CASP2 -- MDM2 -- CHUK -- RPS6KA5 -- PPP1R13L -- MAPK9 -- LYN -- IRF1 -- EIF4G2 -- HTRA2 -- HIP1 -- CDK4 -- OTUD7B -- RNF11 -- PSEN1 -- SOD1 -- RPA4 -- SMPD1 -- TNIK -- HTT -- PELP1 -- BAX -- BAK1 -- BID -- FOXM1 -- PCNA -- DIABLO -- APAF1
322,TNFRSF1A -- TNFRSF1B -- NFKB1 -- MAPK8 -- SIRT1 -- RB1 -- TNFAIP3 -- CCND1 -- TRAF1 -- MAPK14 -- RHOA -- RAC1 -- MAP2K7 -- MAP3K1 -- IGF1 -- MAP3K14 -- TRADD -- TNFRSF10B -- ATM -- CASP2 -- MDM2 -- CHUK -- RPS6KA5 -- PPP1R13L -- MAPK9 -- LYN -- IRF1 -- EIF4G2 -- HTRA2 -- CYCS -- HIP1 -- CDK4 -- OTUD7B -- RNF11 -- PSEN1 -- SOD1 -- RPA4 -- SMPD1 -- TNIK -- HTT -- PELP1 -- BAX -- BAK1 -- BID -- FOXM1 -- PCNA -- PLAC8 -- CASP9 -- DIABLO -- APAF1
323,TNFRSF1A -- TNFRSF1B -- NFKB1 -- MAPK8 -- SIRT1 -- RB1 -- TNFAIP3 -- CCND1 -- TRAF1 -- MAPK14 -- RHOA -- RAC1 -- MAP2K7 -- MAP3K1 -- IGF1 -- TRADD -- TNFRSF10B -- CASP2 -- MDM2 -- CHUK -- RPS6KA5 -- PPP1R13L -- MAPK9 -- LYN -- IRF1 -- EIF4G2 -- HTRA2 -- CYCS -- HIP1 -- CDK4 -- OTUD7B -- RNF11 -- CASP10 -- PSEN1 -- SOD1 -- RPA4 -- SMPD1 -- TNIK -- PELP1 -- BAX -- BAK1 -- BID -- FOXM1 -- PCNA -- PLAC8 -- DIABLO
324,TNFRSF1A -- TNFRSF1B -- NFKB1 -- MAPK8 -- BIRC2 -- BIRC3 -- SIRT1 -- RB1 -- TNFAIP3 -- CCND1 -- TRAF1 -- MAPK14 -- RHOA -- RAC1 -- MAP2K7 -- MAP3K1 -- IGF1 -- TRADD -- TNFRSF10B -- ATM -- MDM2 -- CHUK -- RPS6KA5 -- PPP1R13L -- MAPK9 -- LYN -- IRF1 -- EIF4G2 -- CYCS -- CDK4 -- OTUD7B -- RNF11 -- CASP10 -- PSEN1 -- SOD1 -- RPA4 -- SMPD1 -- TNIK -- PELP1 -- BAX -- BAK1 -- EIF4E -- BID -- FOXM1 -- PCNA -- DIABLO -- RANGAP1
325,TNFRSF1A -- TNFRSF1B -- MAPK8 -- STAT1 -- BIRC2 -- SIRT1 -- MYC -- TNFAIP3 -- TRAF1 -- MAPK14 -- RHOA -- NR3C1 -- RAC1 -- MAP2K7 -- MAP3K1 -- VEGFA -- RET -- TRADD -- CHUK -- RPS6KA5 -- PPP1R13L -- MAPK9 -- LYN -- IRF1 -- CYCS -- CDK4 -- OTUD7B -- RNF11 -- PSEN1 -- SOD1 -- HNRNPK -- SMPD1 -- TNIK -- EIF4E -- BID -- TFDP1 -- MCL1 -- PCNA -- TAF1 -- PLAC8 -- DIABLO -- RASSF1 -- RANGAP1
326,TNFRSF1A -- TNFRSF1B -- MAPK8 -- BIRC2 -- SIRT1 -- MYC -- RB1 -- TNFAIP3 -- CCND1 -- MAPK14 -- PTMA -- RHOA -- RAC1 -- MAP2K7 -- MAP3K1 -- IGF1 -- TRADD -- ATM -- MDM2 -- CHUK -- PPP1R13L -- MAPK9 -- LYN -- IRF1 -- CYCS -- CDK4 -- OTUD7B -- RNF11 -- PSEN1 -- BAD -- SOD1 -- RPA4 -- SMPD1 -- TNIK -- PELP1 -- BID -- FOXM1 -- PCNA -- DIABLO -- RANGAP1
327,TNFRSF1A -- TNFRSF1B -- NFKB1 -- MAPK8 -- STAT1 -- BIRC2 -- SIRT1 -- MYC -- TNFAIP3 -- TRAF1 -- MAPK14 -- PTMA -- RHOA -- RAC1 -- MAP2K7 -- MAP3K1 -- IGF1 -- VEGFA -- RET -- TRADD -- ATM -- CHUK -- PPP1R13L -- MAPK9 -- LYN -- IRF1 -- CYCS -- CDK4 -- OTUD7B -- RNF11 -- PSEN1 -- SOD1 -- HNRNPK -- RPA4 -- SMPD1 -- TNIK -- PELP1 -- EIF4E -- BID -- FOXM1 -- MCL1 -- PCNA -- TAF1 -- DIABLO
328,TNFRSF1A -- TNFRSF1B -- NFKB1 -- MAPK8 -- SIRT1 -- RB1 -- TNFAIP3 -- CCND1 -- TRAF1 -- MAPK14 -- PTMA -- RHOA -- RAC1 -- MAP2K7 -- MAP3K1 -- IGF1 -- TRADD -- TNFRSF10B -- ATM -- CASP2 -- MDM2 -- CHUK -- RPS6KA5 -- PPP1R13L -- MAPK9 -- LYN -- IRF1 -- HTRA2 -- CYCS -- CDK4 -- OTUD7B -- RNF11 -- PSEN1 -- SOD1 -- RPA4 -- SMPD1 -- TNIK -- PELP1 -- BAX -- BAK1 -- EIF4E -- BID -- FOXM1 -- PCNA -- TAF1 -- DIABLO
329,TNFRSF1A -- TNFRSF1B -- MAPK8 -- SIRT1 -- RB1 -- TNFAIP3 -- CCND1 -- TRAF1 -- MAPK14 -- PTMA -- RHOA -- TGFB2 -- RAC1 -- MAP2K7 -- MAP3K1 -- IGF1 -- TRADD -- MDM2 -- CHUK -- PPP1R13L -- MAPK9 -- LYN -- IRF1 -- HTRA2 -- HIP1 -- CDK4 -- OTUD7B -- RNF11 -- PSEN1 -- BAD -- SOD1 -- RPA4 -- SMPD1 -- TNIK -- PELP1 -- BAX -- BAK1 -- EIF4E -- BID -- FOXM1 -- PCNA -- DIABLO -- RANGAP1
330,TNFRSF1A -- TNFRSF1B -- NFKB1 -- MAPK8 -- JUN -- SIRT1 -- RB1 -- TNFAIP3 -- CCND1 -- TRAF1 -- MAPK14 -- RHOA -- RAC1 -- MAP2K7 -- MAP3K1 -- IGF1 -- MAP3K14 -- TRADD -- TNFRSF10B -- CASP2 -- MDM2 -- CHUK -- RPS6KA5 -- PPP1R13L -- MAPK9 -- IRF1 -- EIF4G2 -- HTRA2 -- HIP1 -- CDK4 -- OTUD7B -- RNF11 -- CASP10 -- PSEN1 -- SOD1 -- RPA4 -- SMPD1 -- TNIK -- HTT -- PELP1 -- BAX -- BAK1 -- BID -- FOXM1 -- PCNA -- PLAC8 -- CASP9 -- DIABLO -- APAF1
331,STAT1 -- SIRT1 -- TNFAIP3 -- CFLAR -- TRAF1 -- MAPK14 -- RAC1 -- MAP2K7 -- MAP3K1 -- VEGFA -- MAP3K14 -- TRADD -- MAPK1 -- MDM2 -- CHUK -- RPS6KA5 -- PPP1R13L -- MAPK9 -- LYN -- IRF1 -- HTRA2 -- MYB -- HIP1 -- CDK4 -- OTUD7B -- RNF11 -- CASP10 -- PARP1 -- PSEN1 -- SOD1 -- RPA4 -- CASP7 -- SMPD1 -- PELP1 -- BAK1 -- EIF4E -- BID -- FOXM1 -- CTBP1 -- PCNA -- TAF1 -- PLAC8 -- DIABLO
332,MAPK8 -- STAT1 -- JUN -- FASLG -- MYC -- CCND1 -- MAPK14 -- RHOA -- RAC1 -- MAP2K7 -- MAP3K1 -- MAP3K14 -- RET -- TRADD -- TNFRSF10B -- CASP2 -- E2F1 -- MDM2 -- CHUK -- PPP1R13L -- MAPK9 -- IRF1 -- HTRA2 -- MYB -- HIP1 -- CDK4 -- OTUD7B -- RNF11 -- CASP10 -- PSEN1 -- SOD1 -- RPA4 -- CASP7 -- SMPD1 -- TNIK -- HTT -- BBC3 -- BAX -- BAK1 -- EIF4E -- BID -- PCNA -- TAF1 -- CASP9 -- DIABLO -- APAF1 -- RANGAP1
333,STAT1 -- JUN -- BIRC2 -- SIRT1 -- MAPK14 -- TGFB2 -- RAC1 -- MAP2K7 -- MAP3K1 -- IGF1 -- VEGFA -- RET -- MAPK1 -- E2F1 -- CHUK -- RPS6KA5 -- PPP1R13L -- MAPK9 -- LYN -- IRF1 -- HTRA2 -- MYB -- HIP1 -- OTUD7B -- RNF11 -- PSEN1 -- SOD1 -- RPA4 -- CDKN2A -- BBC3 -- PELP1 -- BAK1 -- BID -- FOXM1 -- CTBP1 -- RBL1 -- PCNA -- TAF1 -- PLAC8 -- DIABLO -- RASSF1
334,TNFRSF1A -- TNFRSF1B -- MAPK8 -- STAT1 -- BIRC2 -- SIRT1 -- MYC -- TNFAIP3 -- TRAF1 -- MAPK14 -- PTMA -- RHOA -- RAC1 -- MAP2K7 -- MAP3K1 -- VEGFA -- RET -- TRADD -- MDM2 -- CHUK -- PPP1R13L -- MAPK9 -- LYN -- IRF1 -- CYCS -- HIP1 -- CDK4 -- OTUD7B -- RNF11 -- PSEN1 -- SOD1 -- HNRNPK -- RPA4 -- SMPD1 -- TNIK -- EIF4E -- BID -- FOXM1 -- MCL1 -- PCNA -- TAF1 -- PLAC8 -- DIABLO -- RANGAP1
335,TNFRSF1A -- TNFRSF1B -- MAPK8 -- STAT1 -- SIRT1 -- TNFAIP3 -- TRAF1 -- MAPK14 -- RHOA -- RAC1 -- MAP2K7 -- MAP3K1 -- VEGFA -- RET -- TRADD -- TNFRSF10B -- CASP2 -- E2F1 -- CHUK -- RPS6KA5 -- PPP1R13L -- MAPK9 -- IRF1 -- EIF4G2 -- HTRA2 -- MYB -- CYCS -- HIP1 -- CDK4 -- OTUD7B -- RNF11 -- CASP10 -- PSEN1 -- SOD1 -- RPA4 -- SMPD1 -- TNIK -- BRCA1 -- PELP1 -- BAX -- BAK1 -- BID -- RBL1 -- PCNA -- TAF1 -- PLAC8 -- CASP9 -- DIABLO -- RASSF1
336,TNFRSF1A -- TNFRSF1B -- MAPK8 -- STAT1 -- BIRC2 -- SIRT1 -- MYC -- TNFAIP3 -- MAPK14 -- RHOA -- RAC1 -- MAP2K7 -- MAP3K1 -- IGF1 -- VEGFA -- TRADD -- ATM -- MDM2 -- CHUK -- PPP1R13L -- MAPK9 -- LYN -- IRF1 -- HTRA2 -- CYCS -- HIP1 -- CDK4 -- OTUD7B -- RNF11 -- PSEN1 -- SOD1 -- RPA4 -- SMPD1 -- TNIK -- BRCA1 -- PELP1 -- BAX -- EIF4E -- BID -- FOXM1 -- TFDP1 -- PCNA -- TAF1 -- DIABLO -- RANGAP1
337,TNFRSF1A -- TNFRSF1B -- NFKB1 -- MAPK8 -- BIRC2 -- SIRT1 -- RB1 -- TNFAIP3 -- CCND1 -- TRAF1 -- MAPK14 -- RHOA -- RAC1 -- MAP2K7 -- MAP3K1 -- TRADD -- TNFRSF10B -- MDM2 -- CHUK -- RPS6KA5 -- PPP1R13L -- MAPK9 -- LYN -- IRF1 -- EIF4G2 -- HTRA2 -- CYCS -- HIP1 -- CDK4 -- OTUD7B -- RNF11 -- CASP10 -- PSEN1 -- SOD1 -- RPA4 -- SMPD1 -- TNIK -- PELP1 -- BAX -- BAK1 -- BID -- FOXM1 -- PCNA -- PLAC8 -- DIABLO
338,STAT1 -- BIRC2 -- MAPK14 -- TGFB2 -- RAC1 -- MAP2K7 -- MAP3K1 -- VEGFA -- RET -- MAPK1 -- AKT1 -- ATM -- E2F1 -- CHUK -- RPS6KA5 -- PPP1R13L -- MAPK9 -- LYN -- IRF1 -- HIP1 -- CDK4 -- OTUD7B -- PSEN1 -- RPA4 -- BCL2L1 -- PELP1 -- BID -- FOXM1 -- MCL1 -- CTBP1 -- RBL1 -- PCNA -- TAF1 -- PLAC8 -- DIABLO
339,TNFRSF1A -- TNFRSF1B -- NFKB1 -- MAPK8 -- BIRC2 -- SIRT1 -- RB1 -- TNFAIP3 -- CCND1 -- TRAF1 -- MAPK14 -- RHOA -- RAC1 -- MAP2K7 -- MAP3K1 -- IGF1 -- TRADD -- TNFRSF10B -- ATM -- MDM2 -- CHUK -- RPS6KA5 -- PPP1R13L -- MAPK9 -- LYN -- IRF1 -- EIF4G2 -- HTRA2 -- HIP1 -- CDK4 -- OTUD7B -- RNF11 -- CASP10 -- PSEN1 -- SOD1 -- RPA4 -- SMPD1 -- TNIK -- PELP1 -- BAX -- BAK1 -- EIF4E -- BID -- FOXM1 -- PCNA -- PLAC8 -- DIABLO
340,TNFRSF1A -- TNFRSF1B -- MAPK8 -- STAT1 -- JUN -- FOS -- SIRT1 -- TNFAIP3 -- TRAF1 -- MAPK14 -- RHOA -- NR3C1 -- TGFB2 -- RAC1 -- MAP2K7 -- MAP3K1 -- VEGFA -- MAP3K14 -- TRADD -- ATM -- CASP2 -- CHUK -- RPS6KA5 -- PPP1R13L -- MAPK9 -- IRF1 -- EIF4G2 -- HTRA2 -- MYB -- HIP1 -- RNF11 -- PSEN1 -- SOD1 -- HNRNPK -- CASP7 -- SMPD1 -- TNIK -- HTT -- BRCA1 -- CDKN2A -- BAX -- BAK1 -- BID -- MCL1 -- PCNA -- TAF1 -- PLAC8 -- CASP9 -- DIABLO -- APAF1 -- RASSF1
341,TNFRSF1A -- TNFRSF1B -- NFKB1 -- MAPK8 -- STAT1 -- BIRC2 -- BIRC3 -- SIRT1 -- MYC -- RB1 -- TNFAIP3 -- CCND1 -- MAPK14 -- PTMA -- RHOA -- RAC1 -- MAP2K7 -- MAP3K1 -- TRADD -- TNFRSF10B -- ATM -- MDM2 -- CHUK -- PPP1R13L -- MAPK9 -- LYN -- IRF1 -- EIF4G2 -- CYCS -- CDK4 -- OTUD7B -- RNF11 -- CASP10 -- PSEN1 -- BAD -- SOD1 -- RPA4 -- SMPD1 -- TNIK -- PELP1 -- BAX -- BAK1 -- EIF4E -- BID -- FOXM1 -- PCNA -- TAF1 -- DIABLO -- RANGAP1
342,TNFRSF1A -- TNFRSF1B -- NFKB1 -- MAPK8 -- SIRT1 -- RB1 -- TNFAIP3 -- CCND1 -- TRAF1 -- MAPK14 -- RHOA -- RAC1 -- MAP2K7 -- MAP3K1 -- IGF1 -- MAP3K14 -- TRADD -- TNFRSF10B -- CASP2 -- MDM2 -- CHUK -- RPS6KA5 -- PPP1R13L -- MAPK9 -- LYN -- IRF1 -- EIF4G2 -- HTRA2 -- HIP1 -- CDK4 -- OTUD7B -- RNF11 -- CASP10 -- PSEN1 -- SOD1 -- RPA4 -- SMPD1 -- TNIK -- HTT -- PELP1 -- BAX -- BAK1 -- BID -- FOXM1 -- PCNA -- PLAC8 -- DIABLO -- APAF1
343,TNFRSF1A -- TNFRSF1B -- NFKB1 -- MAPK8 -- BIRC2 -- BIRC3 -- SIRT1 -- RB1 -- TNFAIP3 -- CCND1 -- TRAF1 -- MAPK14 -- PTMA -- RHOA -- RAC1 -- MAP2K7 -- MAP3K1 -- IGF1 -- TRADD -- TNFRSF10B -- MDM2 -- CHUK -- PPP1R13L -- MAPK9 -- LYN -- IRF1 -- CYCS -- HIP1 -- CDK4 -- OTUD7B -- RNF11 -- CASP10 -- PSEN1 -- BAD -- SOD1 -- RPA4 -- SMPD1 -- TNIK -- PELP1 -- EIF4E -- BID -- FOXM1 -- PCNA -- DIABLO
344,TNFRSF1A -- TNFRSF1B -- MAPK8 -- STAT1 -- BIRC2 -- BIRC3 -- SIRT1 -- TNFAIP3 -- TRAF1 -- MAPK14 -- RHOA -- NR3C1 -- TGFB2 -- RAC1 -- MAP2K7 -- MAP3K1 -- VEGFA -- RET -- TRADD -- ATM -- CHUK -- RPS6KA5 -- PPP1R13L -- MAPK9 -- LYN -- IRF1 -- MYB -- CYCS -- HIP1 -- RNF11 -- PSEN1 -- SOD1 -- HNRNPK -- SMPD1 -- TNIK -- BRCA1 -- CDKN2A -- EIF4E -- BID -- MCL1 -- PCNA -- TAF1 -- PLAC8 -- DIABLO -- RASSF1
345,NFKB1 -- STAT1 -- BIRC2 -- BIRC3 -- TNFAIP3 -- TRAF1 -- MAPK14 -- RHOA -- TGFB2 -- RAC1 -- MAP2K7 -- MAP3K1 -- VEGFA -- MAPK1 -- CHUK -- RPS6KA5 -- PPP1R13L -- MAPK9 -- LYN -- IRF1 -- CYCS -- HIP1 -- CDK4 -- OTUD7B -- PARP1 -- PSEN1 -- SOD1 -- HNRNPK -- RPA4 -- PELP1 -- BAK1 -- EIF4E -- BID -- FOXM1 -- CTBP1 -- RBL1 -- PCNA -- TAF1 -- PLAC8 -- DIABLO
346,TNFRSF1A -- TNFRSF1B -- MAPK8 -- JUN -- FOS -- SIRT1 -- RB1 -- TNFAIP3 -- TRAF1 -- MAPK14 -- RHOA -- RAC1 -- MAP2K7 -- MAP3K1 -- MAP3K14 -- TRADD -- TNFRSF10B -- ATM -- CASP2 -- MDM2 -- CHUK -- RPS6KA5 -- PPP1R13L -- MAPK9 -- IRF1 -- EIF4G2 -- HTRA2 -- MYB -- HIP1 -- CDK4 -- OTUD7B -- RNF11 -- CASP10 -- PSEN1 -- SOD1 -- RPA4 -- SMPD1 -- TNIK -- HTT -- CDKN2A -- PELP1 -- BAX -- BAK1 -- BID -- FOXM1 -- PCNA -- PLAC8 -- CASP9 -- DIABLO -- APAF1
347,TNFRSF1A -- TNFRSF1B -- MAPK8 -- STAT1 -- JUN -- BIRC2 -- BIRC3 -- SIRT1 -- TNFAIP3 -- TRAF1 -- MAPK14 -- RHOA -- NR3C1 -- TGFB2 -- RAC1 -- MAP2K7 -- MAP3K1 -- VEGFA -- RET -- TRADD -- ATM -- CHUK -- RPS6KA5 -- PPP1R13L -- MAPK9 -- LYN -- IRF1 -- MYB -- CYCS -- HIP1 -- RNF11 -- PSEN1 -- SOD1 -- HNRNPK -- SMPD1 -- TNIK -- BRCA1 -- CDKN2A -- BID -- MCL1 -- PCNA -- TAF1 -- PLAC8 -- DIABLO -- RASSF1
348,TNFRSF1A -- TNFRSF1B -- MAPK8 -- STAT1 -- JUN -- FOS -- SIRT1 -- TNFAIP3 -- TRAF1 -- MAPK14 -- RHOA -- TGFB2 -- RAC1 -- MAP2K7 -- MAP3K1 -- VEGFA -- MAP3K14 -- RET -- TRADD -- ATM -- CASP2 -- CHUK -- RPS6KA5 -- PPP1R13L -- MAPK9 -- IRF1 -- EIF4G2 -- HTRA2 -- MYB -- HIP1 -- RNF11 -- PSEN1 -- SOD1 -- HNRNPK -- CASP7 -- SMPD1 -- TNIK -- HTT -- BRCA1 -- CDKN2A -- PELP1 -- BAX -- BAK1 -- BID -- PCNA -- TAF1 -- PLAC8 -- CASP9 -- DIABLO -- APAF1 -- RASSF1
349,TNFRSF1A -- TNFRSF1B -- MAPK8 -- STAT1 -- JUN -- FOS -- SIRT1 -- TNFAIP3 -- TRAF1 -- MAPK14 -- RHOA -- NR3C1 -- TGFB2 -- RAC1 -- MAP2K7 -- MAP3K1 -- VEGFA -- MAP3K14 -- RET -- TRADD -- ATM -- CASP2 -- CHUK -- RPS6KA5 -- PPP1R13L -- MAPK9 -- IRF1 -- EIF4G2 -- HTRA2 -- MYB -- HIP1 -- RNF11 -- PSEN1 -- SOD1 -- HNRNPK -- CASP7 -- SMPD1 -- TNIK -- HTT -- BRCA1 -- CDKN2A -- BID -- MCL1 -- PCNA -- TAF1 -- PLAC8 -- CASP9 -- DIABLO -- APAF1 -- RASSF1
797,TNFRSF1A -- TNFRSF1B -- MAPK8 -- STAT1 -- JUN -- FOS -- BIRC2 -- BIRC3 -- SIRT1 -- TNFAIP3 -- TRAF1 -- MAPK14 -- RHOA -- NR3C1 -- TGFB2 -- RAC1 -- MAP2K7 -- MAP3K1 -- VEGFA -- RET -- TRADD -- ATM -- CHUK -- RPS6KA5 -- PPP1R13L -- MAPK9 -- LYN -- IRF1 -- EIF4G2 -- MYB -- CYCS -- HIP1 -- RNF11 -- PSEN1 -- SOD1 -- HNRNPK -- SMPD1 -- TNIK -- BRCA1 -- CDKN2A -- BID -- MCL1 -- PCNA -- TAF1 -- PLAC8 -- DIABLO -- RASSF1
351,TNFRSF1A -- TNFRSF1B -- MAPK8 -- STAT1 -- FOS -- BIRC2 -- BIRC3 -- SIRT1 -- TNFAIP3 -- TRAF1 -- MAPK14 -- RHOA -- NR3C1 -- TGFB2 -- RAC1 -- MAP2K7 -- MAP3K1 -- VEGFA -- RET -- TRADD -- ATM -- CHUK -- RPS6KA5 -- PPP1R13L -- MAPK9 -- LYN -- IRF1 -- EIF4G2 -- CYCS -- HIP1 -- RNF11 -- PSEN1 -- SOD1 -- HNRNPK -- SMPD1 -- TNIK -- HTT -- BID -- TFDP1 -- PCNA -- TAF1 -- PLAC8 -- DIABLO -- RASSF1
352,TNFRSF1A -- TNFRSF1B -- MAPK8 -- JUN -- FOS -- SIRT1 -- RB1 -- TNFAIP3 -- CCND1 -- TRAF1 -- MAPK14 -- RHOA -- NR3C1 -- RAC1 -- MAP2K7 -- MAP3K1 -- MAP3K14 -- TRADD -- TNFRSF10B -- ATM -- CASP2 -- MDM2 -- CHUK -- RPS6KA5 -- PPP1R13L -- MAPK9 -- IRF1 -- EIF4G2 -- HTRA2 -- MYB -- HIP1 -- RNF11 -- CASP10 -- PSEN1 -- SOD1 -- SMPD1 -- TNIK -- HTT -- BRCA1 -- CDKN2A -- BAX -- BAK1 -- BID -- FOXM1 -- PCNA -- PLAC8 -- CASP9 -- DIABLO -- APAF1
353,TNFRSF1A -- TNFRSF1B -- MAPK8 -- BIRC2 -- SIRT1 -- RB1 -- TNFAIP3 -- CCND1 -- MAPK14 -- PTMA -- RHOA -- RAC1 -- MAP2K7 -- MAP3K1 -- IGF1 -- RET -- TRADD -- MDM2 -- CHUK -- PPP1R13L -- MAPK9 -- LYN -- IRF1 -- CYCS -- CDK4 -- OTUD7B -- RNF11 -- PSEN1 -- BAD -- SOD1 -- RPA4 -- SMPD1 -- TNIK -- PELP1 -- EIF4E -- BID -- FOXM1 -- PCNA -- DIABLO -- RANGAP1
354,TNFRSF1A -- TNFRSF1B -- NFKB1 -- MAPK8 -- STAT1 -- BIRC2 -- BIRC3 -- SIRT1 -- MYC -- TNFAIP3 -- CCND1 -- TRAF1 -- MAPK14 -- PTMA -- RHOA -- RAC1 -- MAP2K7 -- MAP3K1 -- VEGFA -- RET -- TRADD -- ATM -- CHUK -- PPP1R13L -- MAPK9 -- LYN -- IRF1 -- CYCS -- CDK4 -- OTUD7B -- RNF11 -- PSEN1 -- SOD1 -- HNRNPK -- RPA4 -- SMPD1 -- TNIK -- PELP1 -- EIF4E -- BID -- MCL1 -- PCNA -- TAF1 -- DIABLO -- RANGAP1
355,TNFRSF1A -- TNFRSF1B -- NFKB1 -- MAPK8 -- SIRT1 -- RB1 -- TNFAIP3 -- CCND1 -- TRAF1 -- MAPK14 -- RHOA -- RAC1 -- MAP2K7 -- MAP3K1 -- IGF1 -- MAP3K14 -- TRADD -- TNFRSF10B -- CASP2 -- MDM2 -- CHUK -- RPS6KA5 -- PPP1R13L -- MAPK9 -- LYN -- IRF1 -- EIF4G2 -- HTRA2 -- HIP1 -- CDK4 -- OTUD7B -- RNF11 -- CASP10 -- PSEN1 -- SOD1 -- RPA4 -- SMPD1 -- TNIK -- HTT -- PELP1 -- BAX -- BAK1 -- BID -- FOXM1 -- PCNA -- PLAC8 -- DIABLO -- APAF1
356,TNFRSF1A -- TNFRSF1B -- MAPK8 -- STAT1 -- JUN -- FOS -- BIRC2 -- SIRT1 -- TNFAIP3 -- TRAF1 -- MAPK14 -- RHOA -- NR3C1 -- TGFB2 -- RAC1 -- MAP2K7 -- MAP3K1 -- VEGFA -- RET -- TRADD -- ATM -- CHUK -- RPS6KA5 -- PPP1R13L -- MAPK9 -- IRF1 -- EIF4G2 -- MYB -- CYCS -- HIP1 -- RNF11 -- PSEN1 -- SOD1 -- HNRNPK -- SMPD1 -- TNIK -- HTT -- BRCA1 -- CDKN2A -- BID -- MCL1 -- PCNA -- TAF1 -- PLAC8 -- CASP9 -- DIABLO -- RASSF1
357,NFKB1 -- STAT1 -- BIRC2 -- TNFAIP3 -- TRAF1 -- MAPK14 -- RAC1 -- MAP2K7 -- MAP3K1 -- VEGFA -- TRADD -- MAPK1 -- TNFRSF10B -- AKT1 -- MDM2 -- CHUK -- RPS6KA5 -- PPP1R13L -- MAPK9 -- LYN -- IRF1 -- CYCS -- HIP1 -- CDK4 -- OTUD7B -- PARP1 -- PSEN1 -- RPA4 -- SMPD1 -- PELP1 -- EIF4E -- BID -- FOXM1 -- MCL1 -- CTBP1 -- PCNA -- PLAC8 -- DIABLO
358,STAT1 -- FOS -- BIRC2 -- BIRC3 -- MYC -- RB1 -- MAPK14 -- PTMA -- RHOA -- RAC1 -- MAP2K7 -- MAP3K1 -- VEGFA -- MAPK1 -- ATM -- CHUK -- PPP1R13L -- MAPK9 -- LYN -- IRF1 -- EIF4G2 -- MYB -- CYCS -- OTUD7B -- RNF11 -- CASP10 -- PARP1 -- PSEN1 -- SOD1 -- HNRNPK -- RPA4 -- BRCA1 -- BID -- TFDP1 -- MCL1 -- PCNA -- DIABLO -- RASSF1 -- RANGAP1
359,TNFRSF1A -- NFKB1 -- STAT1 -- BIRC2 -- BIRC3 -- TRAF1 -- MAPK14 -- IL2 -- RAC1 -- MAP2K7 -- MAP3K1 -- VEGFA -- TRADD -- TNFRSF10B -- AKT1 -- E2F1 -- MDM2 -- CHUK -- RPS6KA5 -- PPP1R13L -- MAPK9 -- LYN -- IRF1 -- CYCS -- HIP1 -- CDK4 -- OTUD7B -- PARP1 -- PSEN1 -- RPA4 -- TNIK -- BBC3 -- PELP1 -- BAK1 -- EIF4E -- BID -- FOXM1 -- CTBP1 -- RBL1 -- PCNA -- TAF1 -- PLAC8 -- DIABLO
360,TNFRSF1A -- TNFRSF1B -- NFKB1 -- MAPK8 -- JUN -- FOS -- SIRT1 -- RB1 -- TNFAIP3 -- TRAF1 -- MAPK14 -- RHOA -- RAC1 -- MAP2K7 -- MAP3K1 -- IGF1 -- MAP3K14 -- TRADD -- TNFRSF10B -- CASP2 -- CHUK -- RPS6KA5 -- PPP1R13L -- MAPK9 -- IRF1 -- EIF4G2 -- HTRA2 -- MYB -- HIP1 -- CDK4 -- OTUD7B -- RNF11 -- CASP10 -- PSEN1 -- SOD1 -- HNRNPK -- RPA4 -- SMPD1 -- TNIK -- HTT -- CDKN2A -- PELP1 -- BAX -- BAK1 -- BID -- FOXM1 -- PCNA -- PLAC8 -- CASP9 -- DIABLO -- APAF1
361,TNFRSF1A -- TNFRSF1B -- NFKB1 -- MAPK8 -- SIRT1 -- RB1 -- TNFAIP3 -- CCND1 -- TRAF1 -- MAPK14 -- RHOA -- RAC1 -- MAP2K7 -- MAP3K1 -- IGF1 -- MAP3K14 -- TRADD -- TNFRSF10B -- ATM -- CASP2 -- MDM2 -- CHUK -- RPS6KA5 -- PPP1R13L -- MAPK9 -- IRF1 -- EIF4G2 -- HTRA2 -- CDK4 -- OTUD7B -- RNF11 -- CASP10 -- PSEN1 -- SOD1 -- RPA4 -- SMPD1 -- TNIK -- HTT -- PELP1 -- BAX -- BAK1 -- BID -- FOXM1 -- PCNA -- CASP9 -- DIABLO -- APAF1
362,TNFRSF1A -- TNFRSF1B -- MAPK8 -- BIRC2 -- SIRT1 -- MYC -- TNFAIP3 -- CCND1 -- MAPK14 -- PTMA -- RHOA -- RAC1 -- MAP2K7 -- MAP3K1 -- IGF1 -- TRADD -- MDM2 -- CHUK -- PPP1R13L -- MAPK9 -- LYN -- IRF1 -- CYCS -- CDK4 -- OTUD7B -- RNF11 -- PSEN1 -- BAD -- SOD1 -- RPA4 -- SMPD1 -- TNIK -- PELP1 -- EIF4E -- BID -- FOXM1 -- MCL1 -- PCNA -- TAF1 -- DIABLO -- RANGAP1
363,TNFRSF1A -- TNFRSF1B -- MAPK8 -- STAT1 -- JUN -- FOS -- SIRT1 -- TNFAIP3 -- TRAF1 -- MAPK14 -- RHOA -- NR3C1 -- TGFB2 -- RAC1 -- MAP2K7 -- MAP3K1 -- VEGFA -- MAP3K14 -- RET -- TRADD -- ATM -- CASP2 -- CHUK -- RPS6KA5 -- PPP1R13L -- MAPK9 -- IRF1 -- EIF4G2 -- HTRA2 -- MYB -- HIP1 -- RNF11 -- PSEN1 -- SOD1 -- HNRNPK -- CASP7 -- SMPD1 -- TNIK -- HTT -- BRCA1 -- CDKN2A -- BAX -- BAK1 -- BID -- MCL1 -- PCNA -- TAF1 -- PLAC8 -- CASP9 -- DIABLO -- APAF1 -- RASSF1
364,TNFRSF1A -- TNFRSF1B -- MAPK8 -- STAT1 -- JUN -- FOS -- SIRT1 -- RB1 -- TNFAIP3 -- TRAF1 -- MAPK14 -- RHOA -- NR3C1 -- RAC1 -- MAP2K7 -- MAP3K1 -- IGF1 -- VEGFA -- MAP3K14 -- TRADD -- CASP2 -- CHUK -- RPS6KA5 -- PPP1R13L -- MAPK9 -- IRF1 -- EIF4G2 -- HTRA2 -- HIP1 -- RNF11 -- CASP10 -- PSEN1 -- SOD1 -- RPA4 -- SMPD1 -- TNIK -- HTT -- BRCA1 -- CDKN2A -- BAX -- BAK1 -- BID -- PCNA -- PLAC8 -- CASP9 -- DIABLO -- APAF1
365,TNFRSF1A -- TNFRSF1B -- MAPK8 -- STAT1 -- JUN -- FOS -- BIRC2 -- BIRC3 -- SIRT1 -- TNFAIP3 -- TRAF1 -- MAPK14 -- RHOA -- NR3C1 -- TGFB2 -- RAC1 -- MAP2K7 -- MAP3K1 -- VEGFA -- RET -- TRADD -- ATM -- CHUK -- RPS6KA5 -- PPP1R13L -- MAPK9 -- IRF1 -- EIF4G2 -- MYB -- CYCS -- HIP1 -- RNF11 -- PSEN1 -- SOD1 -- HNRNPK -- CASP7 -- SMPD1 -- TNIK -- BRCA1 -- CDKN2A -- BID -- MCL1 -- PCNA -- TAF1 -- PLAC8 -- DIABLO -- RASSF1
366,TNFRSF1A -- TNFRSF1B -- NFKB1 -- MAPK8 -- JUN -- FOS -- SIRT1 -- RB1 -- TNFAIP3 -- CCND1 -- TRAF1 -- MAPK14 -- RHOA -- RAC1 -- MAP2K7 -- MAP3K1 -- IGF1 -- MAP3K14 -- TRADD -- TNFRSF10B -- ATM -- CASP2 -- MDM2 -- CHUK -- RPS6KA5 -- PPP1R13L -- MAPK9 -- IRF1 -- EIF4G2 -- HTRA2 -- HIP1 -- CDK4 -- OTUD7B -- RNF11 -- CASP10 -- PSEN1 -- SOD1 -- RPA4 -- SMPD1 -- TNIK -- HTT -- PELP1 -- BAX -- BAK1 -- BID -- FOXM1 -- PCNA -- PLAC8 -- CASP9 -- DIABLO -- APAF1
367,TNFRSF1A -- TNFRSF1B -- NFKB1 -- MAPK8 -- BIRC2 -- BIRC3 -- SIRT1 -- MYC -- RB1 -- TNFAIP3 -- CCND1 -- MAPK14 -- PTMA -- RHOA -- RAC1 -- MAP2K7 -- MAP3K1 -- TRADD -- TNFRSF10B -- MDM2 -- CHUK -- PPP1R13L -- MAPK9 -- LYN -- IRF1 -- EIF4G2 -- CYCS -- CDK4 -- OTUD7B -- RNF11 -- CASP10 -- PSEN1 -- BAD -- SOD1 -- RPA4 -- SMPD1 -- TNIK -- PELP1 -- BID -- FOXM1 -- MCL1 -- PCNA -- TAF1 -- DIABLO -- RANGAP1
368,TNFRSF1A -- TNFRSF1B -- NFKB1 -- MAPK8 -- STAT1 -- JUN -- FOS -- SIRT1 -- TNFAIP3 -- TRAF1 -- MAPK14 -- RHOA -- NR3C1 -- TGFB2 -- RAC1 -- MAP2K7 -- MAP3K1 -- VEGFA -- MAP3K14 -- RET -- TRADD -- TNFRSF10B -- ATM -- CASP2 -- CHUK -- RPS6KA5 -- PPP1R13L -- MAPK9 -- IRF1 -- EIF4G2 -- MYB -- HIP1 -- RNF11 -- CASP10 -- PSEN1 -- SOD1 -- HNRNPK -- CASP7 -- SMPD1 -- TNIK -- HTT -- BRCA1 -- CDKN2A -- BID -- MCL1 -- PCNA -- TAF1 -- PLAC8 -- CASP9 -- DIABLO -- APAF1 -- RASSF1
369,STAT1 -- JUN -- FOS -- SIRT1 -- MAPK14 -- TGFB2 -- RAC1 -- MAP2K7 -- MAP3K1 -- VEGFA -- RET -- MAPK1 -- ATM -- CHUK -- RPS6KA5 -- PPP1R13L -- MAPK9 -- IRF1 -- HTRA2 -- MYB -- HIP1 -- OTUD7B -- PSEN1 -- SOD1 -- CASP7 -- CDKN2A -- BBC3 -- BAK1 -- EIF4E -- BID -- CTBP1 -- PCNA -- TAF1 -- PLAC8 -- DIABLO -- APAF1 -- RASSF1
370,TNFRSF1A -- TNFRSF1B -- MAPK8 -- JUN -- FOS -- SIRT1 -- RB1 -- TNFAIP3 -- CCND1 -- TRAF1 -- MAPK14 -- RHOA -- RAC1 -- MAP2K7 -- MAP3K1 -- IGF1 -- MAP3K14 -- RET -- TRADD -- TNFRSF10B -- ATM -- CASP2 -- CHUK -- RPS6KA5 -- PPP1R13L -- MAPK9 -- IRF1 -- EIF4G2 -- HTRA2 -- HIP1 -- RNF11 -- CASP10 -- PSEN1 -- SOD1 -- SMPD1 -- TNIK -- HTT -- CDKN2A -- PELP1 -- BAX -- BAK1 -- BID -- FOXM1 -- PCNA -- PLAC8 -- CASP9 -- DIABLO -- APAF1
371,TNFRSF1A -- TNFRSF1B -- NFKB1 -- MAPK8 -- SIRT1 -- RB1 -- TNFAIP3 -- CCND1 -- TRAF1 -- MAPK14 -- RHOA -- RAC1 -- MAP2K7 -- MAP3K1 -- MAP3K14 -- TRADD -- TNFRSF10B -- CASP2 -- MDM2 -- CHUK -- RPS6KA5 -- PPP1R13L -- MAPK9 -- LYN -- IRF1 -- EIF4G2 -- HTRA2 -- HIP1 -- CDK4 -- OTUD7B -- RNF11 -- PSEN1 -- SOD1 -- RPA4 -- SMPD1 -- TNIK -- HTT -- PELP1 -- BAX -- BAK1 -- BID -- FOXM1 -- PCNA -- TAF1 -- PLAC8 -- DIABLO -- APAF1
372,TNFRSF1A -- TNFRSF1B -- MAPK8 -- STAT1 -- JUN -- FOS -- SIRT1 -- TNFAIP3 -- TRAF1 -- MAPK14 -- RHOA -- NR3C1 -- TGFB2 -- RAC1 -- MAP2K7 -- MAP3K1 -- IGF1 -- VEGFA -- MAP3K14 -- TRADD -- TNFRSF10B -- CASP2 -- CHUK -- RPS6KA5 -- PPP1R13L -- MAPK9 -- IRF1 -- EIF4G2 -- HTRA2 -- MYB -- HIP1 -- OTUD7B -- RNF11 -- CASP10 -- PSEN1 -- SOD1 -- RPA4 -- CASP7 -- SMPD1 -- TNIK -- HTT -- CDKN2A -- BAX -- BAK1 -- BID -- MCL1 -- PCNA -- TAF1 -- PLAC8 -- CASP9 -- DIABLO -- APAF1
373,TNFRSF1A -- TNFRSF1B -- NFKB1 -- MAPK8 -- BIRC3 -- SIRT1 -- RB1 -- TNFAIP3 -- CCND1 -- TRAF1 -- MAPK14 -- RHOA -- RAC1 -- MAP2K7 -- MAP3K1 -- TRADD -- TNFRSF10B -- ATM -- CASP2 -- MDM2 -- CHUK -- RPS6KA5 -- PPP1R13L -- MAPK9 -- LYN -- IRF1 -- EIF4G2 -- HTRA2 -- HIP1 -- CDK4 -- OTUD7B -- RNF11 -- CASP10 -- PSEN1 -- SOD1 -- RPA4 -- SMPD1 -- TNIK -- HTT -- PELP1 -- BAX -- BAK1 -- BID -- FOXM1 -- PCNA -- PLAC8 -- DIABLO
374,TNFRSF1A -- TNFRSF1B -- MAPK8 -- STAT1 -- JUN -- BIRC2 -- SIRT1 -- TNFAIP3 -- MAPK14 -- RHOA -- NR3C1 -- RAC1 -- MAP2K7 -- MAP3K1 -- VEGFA -- RET -- TRADD -- ATM -- CHUK -- RPS6KA5 -- PPP1R13L -- MAPK9 -- IRF1 -- EIF4G2 -- MYB -- CYCS -- HIP1 -- RNF11 -- PSEN1 -- SOD1 -- HNRNPK -- SMPD1 -- TNIK -- HTT -- BRCA1 -- CDKN2A -- BID -- MCL1 -- PCNA -- TAF1 -- PLAC8 -- CASP9 -- DIABLO -- APAF1 -- RASSF1
375,TNFRSF1A -- TNFRSF1B -- NFKB1 -- MAPK8 -- FOS -- SIRT1 -- RB1 -- TNFAIP3 -- CCND1 -- TRAF1 -- MAPK14 -- RHOA -- RAC1 -- MAP2K7 -- MAP3K1 -- MAP3K14 -- TRADD -- TNFRSF10B -- CASP2 -- MDM2 -- CHUK -- RPS6KA5 -- PPP1R13L -- MAPK9 -- IRF1 -- EIF4G2 -- HTRA2 -- HIP1 -- CDK4 -- OTUD7B -- RNF11 -- CASP10 -- PSEN1 -- SOD1 -- RPA4 -- SMPD1 -- TNIK -- HTT -- PELP1 -- BAX -- BAK1 -- BID -- FOXM1 -- PCNA -- PLAC8 -- CASP9 -- DIABLO -- APAF1
376,TNFRSF1A -- TNFRSF1B -- NFKB1 -- MAPK8 -- BIRC2 -- BIRC3 -- SIRT1 -- MYC -- TNFAIP3 -- CCND1 -- MAPK14 -- RHOA -- TGFB2 -- RAC1 -- MAP2K7 -- MAP3K1 -- IGF1 -- TRADD -- TNFRSF10B -- MDM2 -- CHUK -- PPP1R13L -- MAPK9 -- LYN -- IRF1 -- CYCS -- CDK4 -- OTUD7B -- RNF11 -- CASP10 -- PSEN1 -- BAD -- SOD1 -- RPA4 -- SMPD1 -- TNIK -- PELP1 -- EIF4E -- BID -- FOXM1 -- MCL1 -- PCNA -- TAF1 -- DIABLO -- RANGAP1
377,TNFRSF1A -- TNFRSF1B -- MAPK8 -- JUN -- FOS -- SIRT1 -- RB1 -- TNFAIP3 -- CCND1 -- TRAF1 -- MAPK14 -- RHOA -- NR3C1 -- RAC1 -- MAP2K7 -- MAP3K1 -- MAP3K14 -- RET -- TRADD -- ATM -- CASP2 -- CHUK -- RPS6KA5 -- PPP1R13L -- MAPK9 -- IRF1 -- EIF4G2 -- HTRA2 -- HIP1 -- OTUD7B -- RNF11 -- CASP10 -- PSEN1 -- SOD1 -- HNRNPK -- RPA4 -- SMPD1 -- TNIK -- HTT -- CDKN2A -- BAX -- BAK1 -- BID -- PCNA -- PLAC8 -- CASP9 -- DIABLO -- APAF1 -- RASSF1
378,TNFRSF1A -- TNFRSF1B -- MAPK8 -- STAT1 -- BIRC2 -- SIRT1 -- TNFAIP3 -- TRAF1 -- MAPK14 -- RHOA -- NR3C1 -- RAC1 -- MAP2K7 -- MAP3K1 -- VEGFA -- TRADD -- TNFRSF10B -- MDM2 -- CHUK -- RPS6KA5 -- PPP1R13L -- MAPK9 -- LYN -- IRF1 -- CYCS -- HIP1 -- CDK4 -- OTUD7B -- RNF11 -- CASP10 -- PSEN1 -- SOD1 -- SMPD1 -- TNIK -- BRCA1 -- PELP1 -- EIF4E -- BID -- FOXM1 -- MCL1 -- PCNA -- TAF1 -- PLAC8 -- DIABLO
379,NFKB1 -- STAT1 -- JUN -- FOS -- BIRC2 -- BIRC3 -- SIRT1 -- MAPK14 -- RHOA -- RAC1 -- MAP2K7 -- MAP3K1 -- IGF1 -- VEGFA -- RET -- MAPK1 -- ATM -- CHUK -- RPS6KA5 -- PPP1R13L -- MAPK9 -- IRF1 -- EIF4G2 -- MYB -- HIP1 -- CDK4 -- OTUD7B -- RNF11 -- CASP10 -- PARP1 -- PSEN1 -- SOD1 -- HNRNPK -- RPA4 -- BCL2L1 -- PELP1 -- BID -- FOXM1 -- CTBP1 -- PCNA -- TAF1 -- PLAC8 -- DIABLO
793,TNFRSF1A -- TNFRSF1B -- MAPK8 -- JUN -- SIRT1 -- MYC -- TNFAIP3 -- CCND1 -- MAPK14 -- PTMA -- RHOA -- TGFB2 -- RAC1 -- MAP2K7 -- MAP3K1 -- MAP3K14 -- TRADD -- ATM -- CASP2 -- MDM2 -- CHUK -- PPP1R13L -- MAPK9 -- IRF1 -- EIF4G2 -- HTRA2 -- CDK4 -- OTUD7B -- RNF11 -- PSEN1 -- SOD1 -- RPA4 -- CASP7 -- SMPD1 -- TNIK -- HTT -- CDKN2A -- PELP1 -- BAX -- BAK1 -- BID -- FOXM1 -- PCNA -- TAF1 -- DIABLO -- APAF1 -- RANGAP1
381,TNFRSF1A -- TNFRSF1B -- MAPK8 -- STAT1 -- JUN -- FOS -- SIRT1 -- RB1 -- TNFAIP3 -- TRAF1 -- MAPK14 -- RHOA -- RAC1 -- MAP2K7 -- MAP3K1 -- VEGFA -- MAP3K14 -- RET -- TRADD -- ATM -- CASP2 -- CHUK -- RPS6KA5 -- PPP1R13L -- MAPK9 -- IRF1 -- EIF4G2 -- HTRA2 -- MYB -- HIP1 -- RNF11 -- PSEN1 -- SOD1 -- HNRNPK -- RPA4 -- SMPD1 -- TNIK -- HTT -- CDKN2A -- BAX -- BAK1 -- BID -- PCNA -- PLAC8 -- CASP9 -- DIABLO -- APAF1 -- RASSF1
382,TNFRSF1A -- TNFRSF1B -- MAPK8 -- STAT1 -- JUN -- FOS -- SIRT1 -- TNFAIP3 -- TRAF1 -- MAPK14 -- RHOA -- NR3C1 -- RAC1 -- MAP2K7 -- MAP3K1 -- VEGFA -- MAP3K14 -- RET -- TRADD -- ATM -- CASP2 -- CHUK -- RPS6KA5 -- PPP1R13L -- MAPK9 -- IRF1 -- EIF4G2 -- HTRA2 -- MYB -- HIP1 -- RNF11 -- PSEN1 -- SOD1 -- HNRNPK -- CASP7 -- SMPD1 -- TNIK -- HTT -- BRCA1 -- CDKN2A -- BID -- MCL1 -- PCNA -- TAF1 -- PLAC8 -- CASP9 -- DIABLO -- APAF1 -- RASSF1
383,TNFRSF1A -- TNFRSF1B -- NFKB1 -- MAPK8 -- BIRC2 -- BIRC3 -- SIRT1 -- RB1 -- TNFAIP3 -- CCND1 -- TRAF1 -- MAPK14 -- RHOA -- RAC1 -- MAP2K7 -- MAP3K1 -- TRADD -- TNFRSF10B -- ATM -- MDM2 -- CHUK -- RPS6KA5 -- PPP1R13L -- MAPK9 -- LYN -- IRF1 -- EIF4G2 -- HTRA2 -- CYCS -- HIP1 -- CDK4 -- OTUD7B -- RNF11 -- CASP10 -- PSEN1 -- SOD1 -- RPA4 -- SMPD1 -- TNIK -- PELP1 -- BAX -- BAK1 -- BID -- FOXM1 -- PCNA -- PLAC8 -- DIABLO
384,TNFRSF1A -- TNFRSF1B -- NFKB1 -- MAPK8 -- STAT1 -- BIRC2 -- BIRC3 -- SIRT1 -- MYC -- TNFAIP3 -- MAPK14 -- RHOA -- TGFB2 -- RAC1 -- MAP2K7 -- MAP3K1 -- VEGFA -- RET -- TRADD -- CHUK -- RPS6KA5 -- PPP1R13L -- MAPK9 -- LYN -- IRF1 -- CYCS -- CDK4 -- RNF11 -- PSEN1 -- SOD1 -- HNRNPK -- SMPD1 -- TNIK -- BID -- FOXM1 -- MCL1 -- PCNA -- TAF1 -- PLAC8 -- DIABLO -- RASSF1
385,TNFRSF1A -- TNFRSF1B -- MAPK8 -- STAT1 -- FOS -- BIRC2 -- SIRT1 -- TNFAIP3 -- TRAF1 -- MAPK14 -- RHOA -- NR3C1 -- TGFB2 -- RAC1 -- MAP2K7 -- MAP3K1 -- VEGFA -- RET -- TRADD -- CHUK -- RPS6KA5 -- PPP1R13L -- MAPK9 -- LYN -- IRF1 -- CYCS -- HIP1 -- RNF11 -- PSEN1 -- SOD1 -- HNRNPK -- SMPD1 -- TNIK -- BRCA1 -- EIF4E -- BID -- MCL1 -- PCNA -- TAF1 -- PLAC8 -- DIABLO -- RASSF1
386,TNFRSF1A -- TNFRSF1B -- NFKB1 -- MAPK8 -- BIRC2 -- SIRT1 -- RB1 -- TNFAIP3 -- CCND1 -- TRAF1 -- MAPK14 -- RHOA -- RAC1 -- MAP2K7 -- MAP3K1 -- IGF1 -- TRADD -- TNFRSF10B -- MDM2 -- CHUK -- RPS6KA5 -- PPP1R13L -- MAPK9 -- LYN -- IRF1 -- HTRA2 -- HIP1 -- CDK4 -- OTUD7B -- RNF11 -- CASP10 -- PSEN1 -- SOD1 -- RPA4 -- SMPD1 -- TNIK -- PELP1 -- BAX -- BAK1 -- EIF4E -- BID -- FOXM1 -- PCNA -- PLAC8 -- DIABLO -- RANGAP1
780,TNFRSF1A -- TNFRSF1B -- MAPK8 -- STAT1 -- JUN -- FOS -- SIRT1 -- TNFAIP3 -- TRAF1 -- MAPK14 -- RHOA -- NR3C1 -- TGFB2 -- RAC1 -- MAP2K7 -- MAP3K1 -- VEGFA -- MAP3K14 -- RET -- TRADD -- ATM -- CASP2 -- CHUK -- RPS6KA5 -- PPP1R13L -- MAPK9 -- IRF1 -- EIF4G2 -- HTRA2 -- MYB -- HIP1 -- RNF11 -- PSEN1 -- SOD1 -- HNRNPK -- CASP7 -- SMPD1 -- TNIK -- HTT -- BRCA1 -- CDKN2A -- BAK1 -- BID -- MCL1 -- PCNA -- TAF1 -- PLAC8 -- CASP9 -- DIABLO -- APAF1 -- RASSF1
388,TNFRSF1A -- TNFRSF1B -- MAPK8 -- JUN -- FOS -- SIRT1 -- TNFAIP3 -- TRAF1 -- MAPK14 -- RHOA -- NR3C1 -- RAC1 -- MAP2K7 -- MAP3K1 -- IGF1 -- VEGFA -- MAP3K14 -- RET -- TRADD -- ATM -- CASP2 -- CHUK -- RPS6KA5 -- PPP1R13L -- MAPK9 -- IRF1 -- EIF4G2 -- HTRA2 -- MYB -- HIP1 -- RNF11 -- CASP10 -- PSEN1 -- SOD1 -- HNRNPK -- SMPD1 -- TNIK -- HTT -- CDKN2A -- BAX -- BID -- FOXM1 -- MCL1 -- PCNA -- PLAC8 -- CASP9 -- DIABLO -- APAF1 -- RASSF1
389,TNFRSF1A -- TNFRSF1B -- NFKB1 -- MAPK8 -- JUN -- FOS -- SIRT1 -- RB1 -- TNFAIP3 -- TRAF1 -- MAPK14 -- RHOA -- RAC1 -- MAP2K7 -- MAP3K1 -- VEGFA -- MAP3K14 -- TRADD -- TNFRSF10B -- ATM -- CASP2 -- MDM2 -- CHUK -- RPS6KA5 -- PPP1R13L -- MAPK9 -- IRF1 -- EIF4G2 -- HTRA2 -- MYB -- HIP1 -- OTUD7B -- RNF11 -- PSEN1 -- SOD1 -- SMPD1 -- TNIK -- HTT -- CDKN2A -- PELP1 -- BAX -- BAK1 -- BID -- FOXM1 -- MCL1 -- PCNA -- PLAC8 -- CASP9 -- DIABLO -- APAF1
390,STAT1 -- BIRC2 -- SIRT1 -- MYC -- MAPK14 -- PTMA -- RHOA -- MAP2K7 -- MAP3K1 -- VEGFA -- MAPK1 -- DAB2IP -- CHUK -- RPS6KA5 -- PPP1R13L -- MAPK9 -- LYN -- IRF1 -- CYCS -- CDK6 -- OTUD7B -- RNF11 -- PARP1 -- PSEN1 -- SMPD1 -- BRCA1 -- BAX -- BAK1 -- EIF4E -- BID -- MCL1 -- PCNA -- TAF1 -- DIABLO -- RASSF1 -- RANGAP1
391,TNFRSF1A -- TNFRSF1B -- NFKB1 -- MAPK8 -- FOS -- BIRC2 -- SIRT1 -- RB1 -- TNFAIP3 -- CCND1 -- TRAF1 -- MAPK14 -- RHOA -- RAC1 -- MAP2K7 -- MAP3K1 -- IGF1 -- TRADD -- TNFRSF10B -- ATM -- MDM2 -- CHUK -- RPS6KA5 -- PPP1R13L -- MAPK9 -- LYN -- IRF1 -- EIF4G2 -- CYCS -- HIP1 -- CDK4 -- OTUD7B -- RNF11 -- PSEN1 -- SOD1 -- RPA4 -- SMPD1 -- TNIK -- HTT -- PELP1 -- BAK1 -- BID -- FOXM1 -- PCNA -- PLAC8 -- DIABLO
757,TNFRSF1A -- TNFRSF1B -- NFKB1 -- MAPK8 -- JUN -- SIRT1 -- RB1 -- TNFAIP3 -- CCND1 -- TRAF1 -- MAPK14 -- RHOA -- RAC1 -- MAP2K7 -- MAP3K1 -- IGF1 -- MAP3K14 -- TRADD -- TNFRSF10B -- ATM -- CASP2 -- MDM2 -- CHUK -- RPS6KA5 -- PPP1R13L -- MAPK9 -- IRF1 -- EIF4G2 -- HTRA2 -- HIP1 -- CDK4 -- OTUD7B -- RNF11 -- CASP10 -- PSEN1 -- SOD1 -- RPA4 -- SMPD1 -- TNIK -- PELP1 -- BAX -- BAK1 -- EIF4E -- BID -- FOXM1 -- PCNA -- TAF1 -- PLAC8 -- CASP9 -- DIABLO -- APAF1
393,TNFRSF1A -- TNFRSF1B -- MAPK8 -- STAT1 -- JUN -- FOS -- SIRT1 -- RB1 -- TNFAIP3 -- TRAF1 -- MAPK14 -- RHOA -- NR3C1 -- RAC1 -- MAP2K7 -- MAP3K1 -- MAP3K14 -- RET -- TRADD -- ATM -- CASP2 -- CHUK -- RPS6KA5 -- PPP1R13L -- MAPK9 -- IRF1 -- EIF4G2 -- HTRA2 -- MYB -- HIP1 -- RNF11 -- PSEN1 -- SOD1 -- HNRNPK -- SMPD1 -- TNIK -- HTT -- BRCA1 -- CDKN2A -- BAK1 -- BID -- PCNA -- PLAC8 -- CASP9 -- DIABLO -- APAF1 -- RASSF1
394,TNFRSF1A -- TNFRSF1B -- MAPK8 -- STAT1 -- JUN -- FOS -- SIRT1 -- TNFAIP3 -- TRAF1 -- MAPK14 -- RHOA -- NR3C1 -- TGFB2 -- RAC1 -- MAP2K7 -- MAP3K1 -- VEGFA -- MAP3K14 -- RET -- TRADD -- ATM -- CASP2 -- CHUK -- RPS6KA5 -- PPP1R13L -- MAPK9 -- IRF1 -- EIF4G2 -- HTRA2 -- MYB -- HIP1 -- RNF11 -- PSEN1 -- SOD1 -- HNRNPK -- CASP7 -- SMPD1 -- TNIK -- HTT -- BRCA1 -- CDKN2A -- BID -- MCL1 -- PCNA -- TAF1 -- PLAC8 -- CASP9 -- DIABLO -- APAF1 -- RASSF1
395,TNFRSF1A -- TNFRSF1B -- NFKB1 -- MAPK8 -- BIRC3 -- SIRT1 -- RB1 -- TNFAIP3 -- CCND1 -- MAPK14 -- RHOA -- RAC1 -- MAP2K7 -- MAP3K1 -- IGF1 -- TRADD -- TNFRSF10B -- ATM -- CASP2 -- MDM2 -- CHUK -- PPP1R13L -- MAPK9 -- LYN -- IRF1 -- EIF4G2 -- HTRA2 -- CYCS -- HIP1 -- CDK4 -- OTUD7B -- RNF11 -- CASP10 -- PSEN1 -- SOD1 -- RPA4 -- SMPD1 -- TNIK -- PELP1 -- BAX -- BAK1 -- BID -- FOXM1 -- PCNA -- DIABLO
396,TNFRSF1A -- TNFRSF1B -- MAPK8 -- STAT1 -- JUN -- FOS -- BIRC2 -- BIRC3 -- SIRT1 -- TNFAIP3 -- TRAF1 -- MAPK14 -- RHOA -- NR3C1 -- TGFB2 -- RAC1 -- MAP2K7 -- MAP3K1 -- VEGFA -- RET -- TRADD -- ATM -- CHUK -- RPS6KA5 -- PPP1R13L -- MAPK9 -- IRF1 -- MYB -- HIP1 -- RNF11 -- PSEN1 -- SOD1 -- HNRNPK -- SMPD1 -- TNIK -- BRCA1 -- CDKN2A -- BID -- MCL1 -- PCNA -- TAF1 -- PLAC8 -- DIABLO -- RASSF1
397,TNFRSF1A -- TNFRSF1B -- MAPK8 -- STAT1 -- BIRC2 -- BIRC3 -- SIRT1 -- TNFAIP3 -- TRAF1 -- MAPK14 -- RHOA -- RAC1 -- MAP2K7 -- MAP3K1 -- VEGFA -- RET -- TRADD -- AKT1 -- ATM -- CHUK -- RPS6KA5 -- PPP1R13L -- MAPK9 -- LYN -- IRF1 -- CYCS -- HIP1 -- OTUD7B -- PSEN1 -- HNRNPK -- SMPD1 -- TNIK -- BRCA1 -- CDKN2A -- PELP1 -- BID -- FOXM1 -- MCL1 -- PCNA -- TAF1 -- PLAC8 -- DIABLO
398,TNFRSF1A -- TNFRSF1B -- MAPK8 -- STAT1 -- JUN -- FOS -- BIRC2 -- BIRC3 -- SIRT1 -- TNFAIP3 -- TRAF1 -- MAPK14 -- RHOA -- NR3C1 -- TGFB2 -- RAC1 -- MAP2K7 -- MAP3K1 -- VEGFA -- MAP3K14 -- RET -- TRADD -- TNFRSF10B -- ATM -- CHUK -- RPS6KA5 -- PPP1R13L -- MAPK9 -- IRF1 -- EIF4G2 -- MYB -- CYCS -- HIP1 -- OTUD7B -- CASP10 -- PSEN1 -- SOD1 -- HNRNPK -- CASP7 -- SMPD1 -- TNIK -- HTT -- BRCA1 -- CDKN2A -- BBC3 -- BAK1 -- BID -- PCNA -- TAF1 -- PLAC8 -- DIABLO -- RASSF1
399,TNFRSF1A -- TNFRSF1B -- NFKB1 -- MAPK8 -- SIRT1 -- RB1 -- TNFAIP3 -- CCND1 -- TRAF1 -- MAPK14 -- RHOA -- RAC1 -- MAP2K7 -- MAP3K1 -- MAP3K14 -- TRADD -- TNFRSF10B -- MDM2 -- CHUK -- RPS6KA5 -- PPP1R13L -- MAPK9 -- LYN -- IRF1 -- EIF4G2 -- HTRA2 -- HIP1 -- CDK4 -- OTUD7B -- RNF11 -- CASP10 -- PSEN1 -- SOD1 -- RPA4 -- SMPD1 -- TNIK -- PELP1 -- BAX -- BAK1 -- BID -- FOXM1 -- PCNA -- PLAC8 -- DIABLO
400,TNFRSF1A -- TNFRSF1B -- MAPK8 -- STAT1 -- JUN -- FOS -- BIRC2 -- SIRT1 -- TNFAIP3 -- TRAF1 -- MAPK14 -- RHOA -- NR3C1 -- TGFB2 -- RAC1 -- MAP2K7 -- MAP3K1 -- VEGFA -- RET -- TRADD -- ATM -- CHUK -- RPS6KA5 -- PPP1R13L -- MAPK9 -- IRF1 -- EIF4G2 -- MYB -- CYCS -- HIP1 -- RNF11 -- PSEN1 -- SOD1 -- HNRNPK -- SMPD1 -- TNIK -- HTT -- BRCA1 -- CDKN2A -- BID -- MCL1 -- PCNA -- TAF1 -- PLAC8 -- CASP9 -- DIABLO -- RASSF1
401,TNFRSF1A -- TNFRSF1B -- NFKB1 -- MAPK8 -- SIRT1 -- RB1 -- TNFAIP3 -- CCND1 -- TRAF1 -- MAPK14 -- RHOA -- RAC1 -- MAP2K7 -- MAP3K1 -- MAP3K14 -- TRADD -- TNFRSF10B -- CASP2 -- MDM2 -- CHUK -- RPS6KA5 -- PPP1R13L -- MAPK9 -- LYN -- IRF1 -- EIF4G2 -- HTRA2 -- HIP1 -- CDK4 -- OTUD7B -- RNF11 -- CASP10 -- PSEN1 -- SOD1 -- RPA4 -- SMPD1 -- TNIK -- PELP1 -- BAX -- BAK1 -- BID -- FOXM1 -- PCNA -- PLAC8 -- CASP9 -- DIABLO
402,TNFRSF1A -- TNFRSF1B -- NFKB1 -- MAPK8 -- BIRC2 -- BIRC3 -- SIRT1 -- RB1 -- TNFAIP3 -- CCND1 -- TRAF1 -- MAPK14 -- RHOA -- RAC1 -- MAP2K7 -- MAP3K1 -- IGF1 -- TRADD -- TNFRSF10B -- MDM2 -- CHUK -- RPS6KA5 -- PPP1R13L -- MAPK9 -- LYN -- IRF1 -- EIF4G2 -- CYCS -- HIP1 -- CDK4 -- OTUD7B -- RNF11 -- CASP10 -- PSEN1 -- BAD -- SOD1 -- HNRNPK -- RPA4 -- SMPD1 -- TNIK -- PELP1 -- BID -- FOXM1 -- MCL1 -- PCNA -- PLAC8 -- DIABLO
403,TNFRSF1A -- TNFRSF1B -- NFKB1 -- MAPK8 -- BIRC2 -- BIRC3 -- SIRT1 -- MYC -- TNFAIP3 -- CCND1 -- MAPK14 -- PTMA -- RHOA -- RAC1 -- MAP2K7 -- MAP3K1 -- TRADD -- TNFRSF10B -- ATM -- MDM2 -- CHUK -- RPS6KA5 -- PPP1R13L -- MAPK9 -- LYN -- IRF1 -- EIF4G2 -- CYCS -- CDK4 -- OTUD7B -- RNF11 -- CASP10 -- PSEN1 -- SOD1 -- RPA4 -- SMPD1 -- TNIK -- PELP1 -- BID -- FOXM1 -- MCL1 -- PCNA -- TAF1 -- DIABLO -- RANGAP1
404,TNFRSF1A -- TNFRSF1B -- MAPK8 -- STAT1 -- JUN -- FOS -- SIRT1 -- RB1 -- TNFAIP3 -- TRAF1 -- MAPK14 -- RHOA -- NR3C1 -- RAC1 -- MAP2K7 -- MAP3K1 -- MAP3K14 -- RET -- TRADD -- ATM -- CASP2 -- CHUK -- RPS6KA5 -- PPP1R13L -- MAPK9 -- IRF1 -- EIF4G2 -- HTRA2 -- MYB -- HIP1 -- RNF11 -- PSEN1 -- SOD1 -- HNRNPK -- SMPD1 -- TNIK -- HTT -- BRCA1 -- CDKN2A -- BAK1 -- BID -- FOXM1 -- PCNA -- PLAC8 -- CASP9 -- DIABLO -- APAF1 -- RASSF1
405,MAPK8 -- STAT1 -- BIRC2 -- SIRT1 -- TNFAIP3 -- TRAF1 -- MAPK14 -- TGFB2 -- RAC1 -- MAP2K7 -- MAP3K1 -- VEGFA -- MAP3K14 -- RET -- AKT1 -- ATM -- CASP2 -- CHUK -- RPS6KA5 -- PPP1R13L -- MAPK9 -- LYN -- IRF1 -- EIF4G2 -- CYCS -- HIP1 -- CDK4 -- OTUD7B -- RNF11 -- CASP10 -- PSEN1 -- HNRNPK -- RPA4 -- SMPD1 -- TNIK -- HTT -- PELP1 -- BID -- FOXM1 -- MCL1 -- PCNA -- TAF1 -- PLAC8 -- DIABLO
406,TNFRSF1A -- TNFRSF1B -- NFKB1 -- MAPK8 -- SIRT1 -- RB1 -- TNFAIP3 -- CCND1 -- TRAF1 -- MAPK14 -- RHOA -- RAC1 -- MAP2K7 -- MAP3K1 -- IGF1 -- MAP3K14 -- TRADD -- TNFRSF10B -- ATM -- CASP2 -- MDM2 -- CHUK -- RPS6KA5 -- PPP1R13L -- MAPK9 -- LYN -- IRF1 -- EIF4G2 -- HTRA2 -- HIP1 -- CDK4 -- OTUD7B -- RNF11 -- CASP10 -- PSEN1 -- SOD1 -- RPA4 -- SMPD1 -- TNIK -- HTT -- PELP1 -- BAX -- BAK1 -- BID -- FOXM1 -- PCNA -- PLAC8 -- DIABLO -- APAF1
407,TNFRSF1A -- TNFRSF1B -- MAPK8 -- JUN -- FOS -- SIRT1 -- RB1 -- TNFAIP3 -- CCND1 -- TRAF1 -- MAPK14 -- RHOA -- RAC1 -- MAP2K7 -- MAP3K1 -- MAP3K14 -- TRADD -- CASP2 -- CHUK -- RPS6KA5 -- PPP1R13L -- MAPK9 -- IRF1 -- EIF4G2 -- HTRA2 -- HIP1 -- OTUD7B -- RNF11 -- CASP10 -- PSEN1 -- SOD1 -- HNRNPK -- RPA4 -- SMPD1 -- TNIK -- HTT -- CDKN2A -- BAX -- BAK1 -- BID -- FOXM1 -- PCNA -- PLAC8 -- CASP9 -- DIABLO -- APAF1
801,TNFRSF1A -- TNFRSF1B -- NFKB1 -- MAPK8 -- BIRC2 -- SIRT1 -- RB1 -- TNFAIP3 -- CCND1 -- TRAF1 -- MAPK14 -- RHOA -- RAC1 -- MAP2K7 -- MAP3K1 -- TRADD -- ATM -- MDM2 -- CHUK -- RPS6KA5 -- PPP1R13L -- MAPK9 -- LYN -- IRF1 -- CYCS -- HIP1 -- CDK4 -- OTUD7B -- RNF11 -- PSEN1 -- SOD1 -- RPA4 -- SMPD1 -- TNIK -- PELP1 -- EIF4E -- BID -- FOXM1 -- PCNA -- TAF1 -- DIABLO -- RANGAP1
409,TNFRSF1A -- TNFRSF1B -- NFKB1 -- MAPK8 -- BIRC2 -- BIRC3 -- SIRT1 -- MYC -- TNFAIP3 -- CCND1 -- MAPK14 -- PTMA -- RHOA -- TGFB2 -- RAC1 -- MAP2K7 -- MAP3K1 -- VEGFA -- RET -- TRADD -- CHUK -- PPP1R13L -- MAPK9 -- LYN -- IRF1 -- CYCS -- CDK4 -- OTUD7B -- RNF11 -- PSEN1 -- BAD -- SOD1 -- HNRNPK -- SMPD1 -- TNIK -- PELP1 -- EIF4E -- BID -- FOXM1 -- MCL1 -- PCNA -- TAF1 -- DIABLO -- RANGAP1
410,TNFRSF1A -- TNFRSF1B -- NFKB1 -- MAPK8 -- BIRC2 -- SIRT1 -- RB1 -- TNFAIP3 -- CCND1 -- TRAF1 -- MAPK14 -- RHOA -- RAC1 -- MAP2K7 -- MAP3K1 -- TRADD -- TNFRSF10B -- ATM -- MDM2 -- CHUK -- RPS6KA5 -- PPP1R13L -- MAPK9 -- LYN -- IRF1 -- EIF4G2 -- HTRA2 -- HIP1 -- CDK4 -- OTUD7B -- RNF11 -- CASP10 -- PSEN1 -- SOD1 -- RPA4 -- SMPD1 -- TNIK -- PELP1 -- BAX -- BAK1 -- BID -- FOXM1 -- PCNA -- PLAC8 -- DIABLO
411,TNFRSF1A -- TNFRSF1B -- MAPK8 -- STAT1 -- BIRC2 -- SIRT1 -- TNFAIP3 -- TRAF1 -- MAPK14 -- RHOA -- NR3C1 -- RAC1 -- MAP2K7 -- MAP3K1 -- VEGFA -- RET -- TRADD -- CHUK -- RPS6KA5 -- PPP1R13L -- MAPK9 -- LYN -- IRF1 -- CYCS -- HIP1 -- RNF11 -- PSEN1 -- SOD1 -- HNRNPK -- SMPD1 -- TNIK -- BRCA1 -- EIF4E -- BID -- TFDP1 -- MCL1 -- PCNA -- TAF1 -- PLAC8 -- DIABLO -- RASSF1
412,TNFRSF1A -- TNFRSF1B -- MAPK8 -- JUN -- FOS -- SIRT1 -- RB1 -- TNFAIP3 -- TRAF1 -- MAPK14 -- RHOA -- NR3C1 -- RAC1 -- MAP2K7 -- MAP3K1 -- VEGFA -- MAP3K14 -- RET -- TRADD -- ATM -- CASP2 -- CHUK -- RPS6KA5 -- PPP1R13L -- MAPK9 -- IRF1 -- EIF4G2 -- HTRA2 -- MYB -- HIP1 -- RNF11 -- PSEN1 -- SOD1 -- HNRNPK -- SMPD1 -- TNIK -- HTT -- BRCA1 -- CDKN2A -- BAK1 -- BID -- PCNA -- PLAC8 -- CASP9 -- DIABLO -- APAF1 -- RASSF1
413,TNFRSF1A -- TNFRSF1B -- MAPK8 -- STAT1 -- JUN -- FOS -- SIRT1 -- RB1 -- TNFAIP3 -- TRAF1 -- MAPK14 -- RHOA -- NR3C1 -- RAC1 -- MAP2K7 -- MAP3K1 -- MAP3K14 -- RET -- TRADD -- TNFRSF10B -- ATM -- CASP2 -- CHUK -- RPS6KA5 -- PPP1R13L -- MAPK9 -- IRF1 -- EIF4G2 -- HTRA2 -- MYB -- HIP1 -- RNF11 -- CASP10 -- PSEN1 -- SOD1 -- HNRNPK -- SMPD1 -- TNIK -- HTT -- BRCA1 -- CDKN2A -- BAK1 -- BID -- FOXM1 -- PCNA -- PLAC8 -- CASP9 -- DIABLO -- APAF1 -- RASSF1
414,TNFRSF1A -- TNFRSF1B -- NFKB1 -- MAPK8 -- STAT1 -- BIRC2 -- SIRT1 -- MYC -- TNFAIP3 -- TRAF1 -- MAPK14 -- PTMA -- RHOA -- RAC1 -- MAP2K7 -- MAP3K1 -- VEGFA -- RET -- TRADD -- TNFRSF10B -- CHUK -- PPP1R13L -- MAPK9 -- LYN -- IRF1 -- CYCS -- CDK4 -- RNF11 -- PSEN1 -- SOD1 -- HNRNPK -- SMPD1 -- TNIK -- BRCA1 -- PELP1 -- BAX -- BAK1 -- EIF4E -- BID -- FOXM1 -- TFDP1 -- PCNA -- TAF1 -- DIABLO -- RASSF1 -- RANGAP1
415,TNFRSF1A -- TNFRSF1B -- STAT1 -- BIRC2 -- TNFAIP3 -- TRAF1 -- MAPK14 -- RHOA -- RAC1 -- MAP2K7 -- MAP3K1 -- IGF1 -- VEGFA -- TRADD -- ATM -- E2F1 -- MDM2 -- CHUK -- RPS6KA5 -- PPP1R13L -- MAPK9 -- LYN -- IRF1 -- EIF4G2 -- CYCS -- HIP1 -- CDK4 -- OTUD7B -- RNF11 -- CASP10 -- PSEN1 -- SOD1 -- RPA4 -- SMPD1 -- TNIK -- BBC3 -- PELP1 -- BAK1 -- BID -- FOXM1 -- CTBP1 -- RBL1 -- PCNA -- TAF1 -- PLAC8 -- DIABLO
416,TNFRSF1A -- TNFRSF1B -- MAPK8 -- JUN -- FOS -- SIRT1 -- TNFAIP3 -- TRAF1 -- MAPK14 -- RHOA -- NR3C1 -- RAC1 -- MAP2K7 -- MAP3K1 -- VEGFA -- MAP3K14 -- RET -- TRADD -- ATM -- CASP2 -- CHUK -- RPS6KA5 -- PPP1R13L -- MAPK9 -- IRF1 -- EIF4G2 -- HTRA2 -- MYB -- HIP1 -- RNF11 -- PSEN1 -- SOD1 -- HNRNPK -- SMPD1 -- TNIK -- HTT -- BRCA1 -- CDKN2A -- BAK1 -- BID -- PCNA -- PLAC8 -- CASP9 -- DIABLO -- APAF1
417,TNFRSF1A -- TNFRSF1B -- MAPK8 -- STAT1 -- BIRC2 -- BIRC3 -- SIRT1 -- MYC -- TNFAIP3 -- MAPK14 -- PTMA -- RHOA -- NR3C1 -- RAC1 -- MAP2K7 -- MAP3K1 -- VEGFA -- RET -- TRADD -- ATM -- CHUK -- PPP1R13L -- MAPK9 -- LYN -- IRF1 -- MYB -- CYCS -- HIP1 -- CDK4 -- RNF11 -- PSEN1 -- BAD -- SOD1 -- HNRNPK -- RPA4 -- SMPD1 -- TNIK -- HTT -- BRCA1 -- PELP1 -- EIF4E -- BID -- MCL1 -- PCNA -- TAF1 -- PLAC8 -- DIABLO -- RASSF1 -- RANGAP1
418,TNFRSF1A -- TNFRSF1B -- MAPK8 -- JUN -- FOS -- SIRT1 -- RB1 -- TNFAIP3 -- CCND1 -- MAPK14 -- RHOA -- NR3C1 -- RAC1 -- MAP2K7 -- MAP3K1 -- IGF1 -- MAP3K14 -- TRADD -- ATM -- CASP2 -- CHUK -- RPS6KA5 -- PPP1R13L -- MAPK9 -- IRF1 -- EIF4G2 -- HTRA2 -- MYB -- HIP1 -- RNF11 -- PSEN1 -- SOD1 -- HNRNPK -- SMPD1 -- TNIK -- HTT -- BRCA1 -- CDKN2A -- BAK1 -- BID -- PCNA -- PLAC8 -- CASP9 -- DIABLO -- APAF1
770,TNF -- TNFRSF1B -- NFKB1 -- STAT1 -- FASLG -- TNFAIP3 -- TRAF1 -- MAPK14 -- RHOA -- TGFB2 -- RAC1 -- MAP2K7 -- MAP3K1 -- VEGFA -- MAP3K14 -- MAPK1 -- TNFRSF10B -- ATM -- MDM2 -- CHUK -- RPS6KA5 -- PPP1R13L -- MAPK9 -- LYN -- IRF1 -- EIF4G2 -- HIP1 -- CDK4 -- OTUD7B -- RNF11 -- CASP10 -- PARP1 -- PSEN1 -- RPA4 -- SMPD1 -- TNIK -- PSIP1 -- PELP1 -- BID -- FOXM1 -- MCL1 -- CTBP1 -- PCNA -- DIABLO -- APAF1
769,TNFRSF1A -- TNFRSF1B -- NFKB1 -- MAPK8 -- JUN -- FOS -- SIRT1 -- RB1 -- TNFAIP3 -- CCND1 -- TRAF1 -- MAPK14 -- RHOA -- RAC1 -- MAP2K7 -- MAP3K1 -- MAP3K14 -- TRADD -- TNFRSF10B -- CASP2 -- MDM2 -- CHUK -- RPS6KA5 -- PPP1R13L -- MAPK9 -- IRF1 -- EIF4G2 -- HTRA2 -- MYB -- HIP1 -- CDK4 -- OTUD7B -- RNF11 -- CASP10 -- PSEN1 -- SOD1 -- RPA4 -- SMPD1 -- TNIK -- HTT -- PELP1 -- BAX -- BAK1 -- BID -- FOXM1 -- PCNA -- PLAC8 -- CASP9 -- DIABLO -- APAF1
421,STAT1 -- BIRC2 -- BIRC3 -- SIRT1 -- TRAF1 -- MAPK14 -- RAC1 -- MAP2K7 -- MAP3K1 -- IGF1 -- VEGFA -- MAPK1 -- AKT1 -- E2F1 -- CHUK -- RPS6KA5 -- PPP1R13L -- MAPK9 -- LYN -- IRF1 -- MYB -- CYCS -- HIP1 -- CDK4 -- OTUD7B -- PARP1 -- PSEN1 -- RPA4 -- SMPD1 -- PELP1 -- BAK1 -- EIF4E -- BID -- FOXM1 -- CTBP1 -- RBL1 -- PCNA -- TAF1 -- PLAC8 -- DIABLO
422,TNFRSF1A -- TNFRSF1B -- MAPK8 -- STAT1 -- JUN -- FOS -- SIRT1 -- TNFAIP3 -- TRAF1 -- MAPK14 -- RHOA -- NR3C1 -- TGFB2 -- RAC1 -- MAP2K7 -- MAP3K1 -- VEGFA -- MAP3K14 -- RET -- TRADD -- ATM -- CASP2 -- CHUK -- RPS6KA5 -- PPP1R13L -- MAPK9 -- IRF1 -- EIF4G2 -- HTRA2 -- MYB -- HIP1 -- RNF11 -- PSEN1 -- SOD1 -- HNRNPK -- SMPD1 -- TNIK -- HTT -- BRCA1 -- CDKN2A -- BAX -- BAK1 -- BID -- FOXM1 -- PCNA -- PLAC8 -- CASP9 -- DIABLO -- APAF1
423,TNFRSF1A -- TNFRSF1B -- MAPK8 -- JUN -- FOS -- FASLG -- RB1 -- TNFAIP3 -- CCND1 -- TRAF1 -- MAPK14 -- RHOA -- MAP2K7 -- MAP3K1 -- IGF1 -- MAP3K14 -- TRADD -- TNFRSF10B -- ATM -- CASP2 -- MDM2 -- CHUK -- RPS6KA5 -- PPP1R13L -- MAPK9 -- IRF1 -- EIF4G2 -- HTRA2 -- MYB -- HIP1 -- OTUD7B -- RNF11 -- CASP10 -- PSEN1 -- SOD1 -- RPA4 -- SMPD1 -- TNIK -- HTT -- CDKN2A -- BAX -- BID -- FOXM1 -- PCNA -- PLAC8 -- CASP9 -- DIABLO -- APAF1
424,TNFRSF1A -- TNFRSF1B -- MAPK8 -- STAT1 -- JUN -- FOS -- SIRT1 -- TNFAIP3 -- TRAF1 -- MAPK14 -- RHOA -- NR3C1 -- TGFB2 -- RAC1 -- MAP2K7 -- MAP3K1 -- VEGFA -- MAP3K14 -- RET -- TRADD -- ATM -- CASP2 -- CHUK -- RPS6KA5 -- PPP1R13L -- MAPK9 -- IRF1 -- EIF4G2 -- MYB -- HIP1 -- RNF11 -- PSEN1 -- SOD1 -- HNRNPK -- CASP7 -- SMPD1 -- TNIK -- HTT -- BRCA1 -- CDKN2A -- BID -- MCL1 -- PCNA -- PLAC8 -- CASP9 -- DIABLO -- APAF1 -- RASSF1
425,STAT1 -- BIRC2 -- BIRC3 -- SIRT1 -- TRAF1 -- MAPK14 -- RAC1 -- MAP2K7 -- MAP3K1 -- IGF1 -- VEGFA -- RET -- MAPK1 -- AKT1 -- ATM -- CHUK -- RPS6KA5 -- PPP1R13L -- MAPK9 -- LYN -- IRF1 -- MYB -- CYCS -- HIP1 -- CDK4 -- OTUD7B -- PARP1 -- PSEN1 -- RPA4 -- TNIK -- BBC3 -- PELP1 -- BAK1 -- EIF4E -- BID -- FOXM1 -- CTBP1 -- RBL1 -- PCNA -- TAF1 -- PLAC8 -- DIABLO
426,TNFRSF1A -- TNFRSF1B -- MAPK8 -- STAT1 -- JUN -- FOS -- SIRT1 -- RB1 -- TNFAIP3 -- TRAF1 -- MAPK14 -- RHOA -- NR3C1 -- RAC1 -- MAP2K7 -- MAP3K1 -- MAP3K14 -- RET -- TRADD -- ATM -- CASP2 -- CHUK -- RPS6KA5 -- PPP1R13L -- MAPK9 -- IRF1 -- EIF4G2 -- HTRA2 -- MYB -- HIP1 -- RNF11 -- PSEN1 -- SOD1 -- HNRNPK -- SMPD1 -- TNIK -- HTT -- BRCA1 -- CDKN2A -- BAX -- BAK1 -- BID -- PCNA -- PLAC8 -- CASP9 -- DIABLO -- APAF1 -- RASSF1
427,TNFRSF1A -- TNFRSF1B -- MAPK8 -- STAT1 -- JUN -- FOS -- BIRC2 -- BIRC3 -- SIRT1 -- TNFAIP3 -- TRAF1 -- MAPK14 -- RHOA -- NR3C1 -- TGFB2 -- RAC1 -- MAP2K7 -- MAP3K1 -- VEGFA -- MAP3K14 -- RET -- TRADD -- ATM -- CASP2 -- CHUK -- RPS6KA5 -- PPP1R13L -- MAPK9 -- LYN -- IRF1 -- EIF4G2 -- MYB -- CYCS -- HIP1 -- RNF11 -- CASP10 -- PSEN1 -- SOD1 -- HNRNPK -- SMPD1 -- TNIK -- HTT -- BRCA1 -- CDKN2A -- BID -- MCL1 -- PCNA -- TAF1 -- PLAC8 -- DIABLO -- APAF1
428,TNFRSF1A -- TNFRSF1B -- MAPK8 -- STAT1 -- JUN -- FOS -- BIRC2 -- BIRC3 -- SIRT1 -- TNFAIP3 -- TRAF1 -- MAPK14 -- RHOA -- NR3C1 -- TGFB2 -- RAC1 -- MAP2K7 -- MAP3K1 -- VEGFA -- RET -- TRADD -- ATM -- CHUK -- RPS6KA5 -- PPP1R13L -- MAPK9 -- IRF1 -- MYB -- CYCS -- HIP1 -- RNF11 -- PSEN1 -- SOD1 -- HNRNPK -- SMPD1 -- TNIK -- BRCA1 -- CDKN2A -- BID -- MCL1 -- PCNA -- TAF1 -- PLAC8 -- DIABLO -- RASSF1
798,TNFRSF1A -- TNFRSF1B -- MAPK8 -- STAT1 -- BIRC2 -- SIRT1 -- MYC -- TNFAIP3 -- TRAF1 -- MAPK14 -- PTMA -- RHOA -- RAC1 -- MAP2K7 -- MAP3K1 -- VEGFA -- RET -- TRADD -- CHUK -- PPP1R13L -- MAPK9 -- LYN -- IRF1 -- CYCS -- CDK4 -- RNF11 -- PSEN1 -- SOD1 -- HNRNPK -- SMPD1 -- TNIK -- EIF4E -- BID -- MCL1 -- PCNA -- TAF1 -- DIABLO
430,TNFRSF1A -- TNFRSF1B -- NFKB1 -- MAPK8 -- BIRC2 -- BIRC3 -- SIRT1 -- RB1 -- TNFAIP3 -- CCND1 -- TRAF1 -- MAPK14 -- RHOA -- RAC1 -- MAP2K7 -- MAP3K1 -- TRADD -- MDM2 -- CHUK -- RPS6KA5 -- PPP1R13L -- MAPK9 -- LYN -- IRF1 -- HTRA2 -- CYCS -- HIP1 -- CDK4 -- OTUD7B -- RNF11 -- PSEN1 -- SOD1 -- RPA4 -- SMPD1 -- TNIK -- PELP1 -- BAX -- BAK1 -- BID -- FOXM1 -- PCNA -- PLAC8 -- DIABLO
431,TNFRSF1A -- TNFRSF1B -- MAPK8 -- STAT1 -- JUN -- FOS -- SIRT1 -- RB1 -- TNFAIP3 -- TRAF1 -- MAPK14 -- RHOA -- RAC1 -- MAP2K7 -- MAP3K1 -- VEGFA -- MAP3K14 -- TRADD -- ATM -- CASP2 -- CHUK -- RPS6KA5 -- PPP1R13L -- MAPK9 -- IRF1 -- EIF4G2 -- HTRA2 -- MYB -- HIP1 -- OTUD7B -- RNF11 -- CASP10 -- PSEN1 -- SOD1 -- HNRNPK -- RPA4 -- SMPD1 -- TNIK -- HTT -- CDKN2A -- BAX -- BAK1 -- BID -- FOXM1 -- PCNA -- PLAC8 -- CASP9 -- DIABLO -- APAF1 -- RASSF1
432,TNFRSF1A -- TNFRSF1B -- MAPK8 -- STAT1 -- JUN -- FOS -- BIRC2 -- BIRC3 -- SIRT1 -- TNFAIP3 -- TRAF1 -- MAPK14 -- RHOA -- NR3C1 -- TGFB2 -- RAC1 -- MAP2K7 -- MAP3K1 -- VEGFA -- MAP3K14 -- RET -- TRADD -- ATM -- CHUK -- RPS6KA5 -- PPP1R13L -- MAPK9 -- LYN -- IRF1 -- EIF4G2 -- MYB -- CYCS -- HIP1 -- RNF11 -- PSEN1 -- SOD1 -- HNRNPK -- SMPD1 -- TNIK -- HTT -- BRCA1 -- CDKN2A -- BID -- MCL1 -- PCNA -- TAF1 -- PLAC8 -- DIABLO -- RASSF1
433,TNFRSF1A -- TNFRSF1B -- MAPK8 -- STAT1 -- JUN -- FOS -- BIRC2 -- BIRC3 -- SIRT1 -- RB1 -- TNFAIP3 -- TRAF1 -- MAPK14 -- RHOA -- NR3C1 -- RAC1 -- MAP2K7 -- MAP3K1 -- VEGFA -- MAP3K14 -- RET -- TRADD -- ATM -- CASP2 -- CHUK -- RPS6KA5 -- PPP1R13L -- MAPK9 -- IRF1 -- EIF4G2 -- MYB -- HIP1 -- RNF11 -- PSEN1 -- SOD1 -- HNRNPK -- SMPD1 -- TNIK -- HTT -- BRCA1 -- CDKN2A -- BID -- MCL1 -- PCNA -- PLAC8 -- CASP9 -- DIABLO -- RASSF1
434,STAT1 -- JUN -- FOS -- BIRC2 -- BIRC3 -- SIRT1 -- TRAF1 -- MAPK14 -- NR3C1 -- TGFB2 -- RAC1 -- MAP2K7 -- MAP3K1 -- VEGFA -- MAP3K14 -- RET -- TRADD -- AKT1 -- ATM -- CHUK -- RPS6KA5 -- PPP1R13L -- MAPK9 -- IRF1 -- MYB -- CYCS -- HIP1 -- OTUD7B -- PSEN1 -- SMPD1 -- TNIK -- CDKN2A -- BAK1 -- BID -- FOXM1 -- PCNA -- TAF1 -- DIABLO -- APAF1
435,TNFRSF1A -- TNFRSF1B -- NFKB1 -- MAPK8 -- SIRT1 -- RB1 -- TNFAIP3 -- CCND1 -- TRAF1 -- MAPK14 -- RHOA -- RAC1 -- MAP2K7 -- MAP3K1 -- IGF1 -- MAP3K14 -- TRADD -- TNFRSF10B -- ATM -- MDM2 -- CHUK -- RPS6KA5 -- PPP1R13L -- MAPK9 -- LYN -- IRF1 -- EIF4G2 -- HTRA2 -- HIP1 -- CDK4 -- OTUD7B -- RNF11 -- CASP10 -- PSEN1 -- SOD1 -- RPA4 -- SMPD1 -- TNIK -- PELP1 -- BAX -- BAK1 -- BID -- FOXM1 -- PCNA -- PLAC8 -- CASP9 -- DIABLO -- APAF1
436,TNFRSF1A -- TNFRSF1B -- NFKB1 -- MAPK8 -- JUN -- FOS -- SIRT1 -- RB1 -- TNFAIP3 -- CCND1 -- TRAF1 -- MAPK14 -- RHOA -- RAC1 -- MAP2K7 -- MAP3K1 -- MAP3K14 -- TRADD -- TNFRSF10B -- CASP2 -- MDM2 -- CHUK -- RPS6KA5 -- PPP1R13L -- MAPK9 -- IRF1 -- EIF4G2 -- HTRA2 -- MYB -- HIP1 -- CDK4 -- OTUD7B -- RNF11 -- CASP10 -- PSEN1 -- SOD1 -- RPA4 -- SMPD1 -- TNIK -- HTT -- CDKN2A -- PELP1 -- BAX -- BAK1 -- BID -- FOXM1 -- PCNA -- PLAC8 -- CASP9 -- DIABLO -- APAF1
437,NFKB1 -- STAT1 -- BIRC2 -- BIRC3 -- SIRT1 -- TNFAIP3 -- MAPK14 -- TGFB2 -- RAC1 -- MAP2K7 -- MAP3K1 -- VEGFA -- RET -- TRADD -- TNFRSF10B -- AKT1 -- E2F1 -- CHUK -- PPP1R13L -- MAPK9 -- LYN -- IRF1 -- EIF4G2 -- MYB -- CYCS -- CDK4 -- OTUD7B -- CASP10 -- PARP1 -- PSEN1 -- RPA4 -- SMPD1 -- TNIK -- BRCA1 -- BBC3 -- BID -- FOXM1 -- MCL1 -- CTBP1 -- RBL1 -- PCNA -- TAF1 -- PLAC8 -- DIABLO -- RASSF1
438,NFKB1 -- STAT1 -- BIRC2 -- BIRC3 -- RB1 -- TNFAIP3 -- MAPK14 -- RHOA -- IL2 -- RAC1 -- MAP2K7 -- MAP3K1 -- MAPK1 -- TNFRSF10B -- AKT1 -- ATM -- MDM2 -- CHUK -- RPS6KA5 -- PPP1R13L -- MAPK9 -- LYN -- IRF1 -- EIF4G2 -- CYCS -- HIP1 -- CDK4 -- OTUD7B -- CASP10 -- PARP1 -- PSEN1 -- RPA4 -- PELP1 -- BID -- FOXM1 -- MCL1 -- CTBP1 -- PCNA -- PLAC8 -- CCNG1 -- DIABLO
439,TNFRSF1A -- TNFRSF1B -- MAPK8 -- JUN -- FOS -- SIRT1 -- RB1 -- TNFAIP3 -- TRAF1 -- MAPK14 -- RHOA -- NR3C1 -- RAC1 -- MAP2K7 -- MAP3K1 -- MAP3K14 -- RET -- TRADD -- ATM -- CASP2 -- CHUK -- RPS6KA5 -- PPP1R13L -- MAPK9 -- IRF1 -- EIF4G2 -- HTRA2 -- MYB -- HIP1 -- RNF11 -- PSEN1 -- SOD1 -- HNRNPK -- SMPD1 -- TNIK -- HTT -- BRCA1 -- CDKN2A -- BAK1 -- BID -- PCNA -- PLAC8 -- CASP9 -- DIABLO -- APAF1 -- RASSF1
440,TNFRSF1A -- TNFRSF1B -- NFKB1 -- MAPK8 -- STAT1 -- JUN -- SIRT1 -- MYC -- TNFAIP3 -- MAPK14 -- PTMA -- RHOA -- RAC1 -- MAP2K7 -- MAP3K1 -- MAP3K14 -- RET -- TRADD -- TNFRSF10B -- CASP2 -- CHUK -- PPP1R13L -- MAPK9 -- IRF1 -- MYB -- CDK4 -- OTUD7B -- RNF11 -- PSEN1 -- BAD -- SOD1 -- HNRNPK -- RPA4 -- CASP7 -- SMPD1 -- TNIK -- HTT -- CDKN2A -- PELP1 -- EIF4E -- BID -- FOXM1 -- MCL1 -- PCNA -- TAF1 -- DIABLO -- APAF1 -- RANGAP1
441,TNFRSF1A -- TNFRSF1B -- MAPK8 -- BIRC2 -- SIRT1 -- MYC -- TNFAIP3 -- CCND1 -- MAPK14 -- PTMA -- RHOA -- RAC1 -- MAP2K7 -- MAP3K1 -- TRADD -- TNFRSF10B -- MDM2 -- CHUK -- PPP1R13L -- MAPK9 -- LYN -- IRF1 -- EIF4G2 -- CYCS -- CDK4 -- OTUD7B -- RNF11 -- CASP10 -- PSEN1 -- BAD -- SOD1 -- RPA4 -- SMPD1 -- TNIK -- PELP1 -- BAX -- BID -- FOXM1 -- PCNA -- TAF1 -- DIABLO -- RANGAP1
442,TNFRSF1A -- TNFRSF1B -- MAPK8 -- STAT1 -- JUN -- FOS -- SIRT1 -- TNFAIP3 -- TRAF1 -- MAPK14 -- RHOA -- NR3C1 -- RAC1 -- MAP2K7 -- MAP3K1 -- VEGFA -- MAP3K14 -- RET -- TRADD -- ATM -- CASP2 -- CHUK -- RPS6KA5 -- PPP1R13L -- MAPK9 -- IRF1 -- EIF4G2 -- HTRA2 -- MYB -- HIP1 -- RNF11 -- PSEN1 -- SOD1 -- HNRNPK -- CASP7 -- SMPD1 -- TNIK -- HTT -- BRCA1 -- CDKN2A -- BAK1 -- BID -- MCL1 -- PCNA -- TAF1 -- PLAC8 -- CASP9 -- DIABLO -- APAF1 -- RASSF1
443,TNFRSF1A -- TNFRSF1B -- NFKB1 -- MAPK8 -- STAT1 -- BIRC2 -- BIRC3 -- SIRT1 -- MYC -- TNFAIP3 -- CCND1 -- MAPK14 -- PTMA -- RHOA -- RAC1 -- MAP2K7 -- MAP3K1 -- IGF1 -- RET -- TRADD -- MDM2 -- CHUK -- PPP1R13L -- MAPK9 -- LYN -- IRF1 -- CYCS -- CDK4 -- RNF11 -- PSEN1 -- BAD -- SOD1 -- HNRNPK -- SMPD1 -- TNIK -- PELP1 -- EIF4E -- BID -- MCL1 -- PCNA -- TAF1 -- DIABLO -- RANGAP1
444,TNFRSF1A -- TNFRSF1B -- MAPK8 -- STAT1 -- BIRC2 -- SIRT1 -- MYC -- TNFAIP3 -- TRAF1 -- MAPK14 -- PTMA -- RHOA -- NR3C1 -- RAC1 -- MAP2K7 -- MAP3K1 -- VEGFA -- RET -- TRADD -- MDM2 -- CHUK -- RPS6KA5 -- PPP1R13L -- MAPK9 -- LYN -- IRF1 -- CYCS -- HIP1 -- RNF11 -- PSEN1 -- SOD1 -- SMPD1 -- TNIK -- BAK1 -- EIF4E -- BID -- TFDP1 -- PCNA -- TAF1 -- DIABLO
445,TNFRSF1A -- TNFRSF1B -- NFKB1 -- MAPK8 -- STAT1 -- SIRT1 -- MYC -- TNFAIP3 -- MAPK14 -- PTMA -- RHOA -- RAC1 -- MAP2K7 -- MAP3K1 -- VEGFA -- MAP3K14 -- RET -- TRADD -- ATM -- CASP2 -- MDM2 -- CHUK -- PPP1R13L -- MAPK9 -- LYN -- IRF1 -- HTRA2 -- CDK4 -- OTUD7B -- RNF11 -- PSEN1 -- SOD1 -- HNRNPK -- RPA4 -- SMPD1 -- TNIK -- PELP1 -- BAX -- BAK1 -- EIF4E -- BID -- FOXM1 -- TFDP1 -- PCNA -- TAF1 -- DIABLO -- APAF1 -- RANGAP1
446,TNFRSF1A -- TNFRSF1B -- MAPK8 -- STAT1 -- BIRC2 -- BIRC3 -- SIRT1 -- TNFAIP3 -- TRAF1 -- MAPK14 -- RHOA -- NR3C1 -- TGFB2 -- RAC1 -- MAP2K7 -- MAP3K1 -- VEGFA -- RET -- TRADD -- ATM -- CHUK -- RPS6KA5 -- PPP1R13L -- MAPK9 -- LYN -- IRF1 -- CYCS -- HIP1 -- RNF11 -- PSEN1 -- SOD1 -- HNRNPK -- SMPD1 -- TNIK -- BRCA1 -- CDKN2A -- EIF4E -- BID -- MCL1 -- PCNA -- TAF1 -- PLAC8 -- DIABLO -- RASSF1
447,TNFRSF1A -- TNFRSF1B -- NFKB1 -- MAPK8 -- SIRT1 -- RB1 -- TNFAIP3 -- CCND1 -- TRAF1 -- MAPK14 -- RHOA -- RAC1 -- MAP2K7 -- MAP3K1 -- MAP3K14 -- TRADD -- TNFRSF10B -- ATM -- CASP2 -- MDM2 -- CHUK -- RPS6KA5 -- PPP1R13L -- MAPK9 -- IRF1 -- EIF4G2 -- HTRA2 -- HIP1 -- CDK4 -- OTUD7B -- RNF11 -- CASP10 -- PSEN1 -- SOD1 -- RPA4 -- SMPD1 -- TNIK -- HTT -- PELP1 -- BAX -- BAK1 -- BID -- FOXM1 -- PCNA -- PLAC8 -- CASP9 -- DIABLO -- APAF1
448,TNFRSF1A -- TNFRSF1B -- MAPK8 -- STAT1 -- JUN -- FOS -- BIRC2 -- BIRC3 -- SIRT1 -- TNFAIP3 -- TRAF1 -- MAPK14 -- RHOA -- NR3C1 -- TGFB2 -- RAC1 -- MAP2K7 -- MAP3K1 -- VEGFA -- RET -- TRADD -- ATM -- CHUK -- RPS6KA5 -- PPP1R13L -- MAPK9 -- IRF1 -- EIF4G2 -- MYB -- CYCS -- HIP1 -- RNF11 -- PSEN1 -- SOD1 -- HNRNPK -- SMPD1 -- TNIK -- BRCA1 -- CDKN2A -- BID -- MCL1 -- PCNA -- TAF1 -- PLAC8 -- CASP9 -- DIABLO -- APAF1 -- RASSF1
449,TNFRSF1A -- TNFRSF1B -- NFKB1 -- MAPK8 -- BIRC2 -- SIRT1 -- RB1 -- TNFAIP3 -- CCND1 -- TRAF1 -- MAPK14 -- RHOA -- RAC1 -- MAP2K7 -- MAP3K1 -- IGF1 -- TRADD -- TNFRSF10B -- MDM2 -- CHUK -- RPS6KA5 -- PPP1R13L -- MAPK9 -- LYN -- IRF1 -- EIF4G2 -- HTRA2 -- HIP1 -- CDK4 -- OTUD7B -- RNF11 -- CASP10 -- PSEN1 -- SOD1 -- RPA4 -- SMPD1 -- TNIK -- PELP1 -- BAX -- BAK1 -- BID -- FOXM1 -- PCNA -- PLAC8 -- DIABLO
450,TNFRSF1A -- TNFRSF1B -- NFKB1 -- MAPK8 -- SIRT1 -- RB1 -- TNFAIP3 -- CCND1 -- TRAF1 -- MAPK14 -- RHOA -- RAC1 -- MAP2K7 -- MAP3K1 -- MAP3K14 -- TRADD -- ATM -- CASP2 -- MDM2 -- CHUK -- RPS6KA5 -- PPP1R13L -- MAPK9 -- IRF1 -- EIF4G2 -- HTRA2 -- HIP1 -- CDK4 -- OTUD7B -- RNF11 -- PSEN1 -- SOD1 -- RPA4 -- SMPD1 -- TNIK -- HTT -- PELP1 -- BAX -- BAK1 -- BID -- FOXM1 -- PCNA -- PLAC8 -- CASP9 -- DIABLO -- APAF1
451,TNFRSF1A -- TNFRSF1B -- MAPK8 -- STAT1 -- SIRT1 -- MYC -- TNFAIP3 -- MAPK14 -- PTMA -- RHOA -- RAC1 -- MAP2K7 -- MAP3K1 -- VEGFA -- MAP3K14 -- RET -- TRADD -- MDM2 -- CHUK -- PPP1R13L -- MAPK9 -- LYN -- IRF1 -- HTRA2 -- CDK4 -- OTUD7B -- RNF11 -- PSEN1 -- SOD1 -- SMPD1 -- TNIK -- PELP1 -- BAX -- BAK1 -- EIF4E -- BID -- FOXM1 -- TFDP1 -- PCNA -- TAF1 -- DIABLO -- RANGAP1
452,TNFRSF1A -- TNFRSF1B -- MAPK8 -- JUN -- FOS -- SIRT1 -- RB1 -- TNFAIP3 -- CCND1 -- TRAF1 -- MAPK14 -- RHOA -- RAC1 -- MAP2K7 -- MAP3K1 -- MAP3K14 -- TRADD -- TNFRSF10B -- ATM -- CASP2 -- CHUK -- RPS6KA5 -- PPP1R13L -- MAPK9 -- IRF1 -- EIF4G2 -- HTRA2 -- HIP1 -- RNF11 -- CASP10 -- PSEN1 -- SOD1 -- HNRNPK -- SMPD1 -- TNIK -- HTT -- CDKN2A -- PELP1 -- BAX -- BAK1 -- BID -- PCNA -- PLAC8 -- CASP9 -- DIABLO -- APAF1
453,TNFRSF1A -- TNFRSF1B -- MAPK8 -- FOS -- SIRT1 -- RB1 -- TNFAIP3 -- CCND1 -- TRAF1 -- MAPK14 -- PTMA -- RHOA -- NR3C1 -- RAC1 -- MAP2K7 -- MAP3K1 -- MAP3K14 -- RET -- TRADD -- ATM -- CASP2 -- CHUK -- PPP1R13L -- MAPK9 -- LYN -- IRF1 -- EIF4G2 -- HTRA2 -- MYB -- RNF11 -- PSEN1 -- SOD1 -- HNRNPK -- SMPD1 -- TNIK -- HTT -- BRCA1 -- CDKN2A -- BAX -- BAK1 -- BID -- PCNA -- DIABLO -- APAF1 -- RASSF1 -- RANGAP1
454,TNFRSF1A -- TNFRSF1B -- NFKB1 -- MAPK8 -- SIRT1 -- RB1 -- TNFAIP3 -- CCND1 -- TRAF1 -- MAPK14 -- RHOA -- RAC1 -- MAP2K7 -- MAP3K1 -- MAP3K14 -- TRADD -- TNFRSF10B -- ATM -- CASP2 -- MDM2 -- CHUK -- RPS6KA5 -- PPP1R13L -- MAPK9 -- LYN -- IRF1 -- EIF4G2 -- HTRA2 -- HIP1 -- CDK4 -- OTUD7B -- RNF11 -- CASP10 -- PSEN1 -- SOD1 -- RPA4 -- SMPD1 -- TNIK -- HTT -- PELP1 -- BAX -- BAK1 -- BID -- FOXM1 -- PCNA -- PLAC8 -- CASP9 -- DIABLO -- APAF1
455,TNFRSF1A -- TNFRSF1B -- NFKB1 -- MAPK8 -- STAT1 -- BIRC2 -- BIRC3 -- SIRT1 -- MYC -- TNFAIP3 -- CCND1 -- MAPK14 -- PTMA -- RHOA -- RAC1 -- MAP2K7 -- MAP3K1 -- IGF1 -- VEGFA -- RET -- TRADD -- TNFRSF10B -- ATM -- MDM2 -- CHUK -- PPP1R13L -- MAPK9 -- LYN -- IRF1 -- CYCS -- CDK4 -- OTUD7B -- RNF11 -- PSEN1 -- SOD1 -- RPA4 -- SMPD1 -- TNIK -- BRCA1 -- PELP1 -- BAX -- BAK1 -- EIF4E -- BID -- FOXM1 -- MCL1 -- PCNA -- TAF1 -- DIABLO -- RANGAP1
456,TNFRSF1A -- TNFRSF1B -- MAPK8 -- STAT1 -- JUN -- FOS -- SIRT1 -- TNFAIP3 -- TRAF1 -- MAPK14 -- RHOA -- NR3C1 -- TGFB2 -- RAC1 -- MAP2K7 -- MAP3K1 -- VEGFA -- MAP3K14 -- RET -- TRADD -- ATM -- CASP2 -- CHUK -- RPS6KA5 -- PPP1R13L -- MAPK9 -- IRF1 -- EIF4G2 -- HTRA2 -- MYB -- HIP1 -- RNF11 -- PSEN1 -- SOD1 -- SMPD1 -- TNIK -- HTT -- BRCA1 -- CDKN2A -- BID -- MCL1 -- PCNA -- TAF1 -- PLAC8 -- CASP9 -- DIABLO -- APAF1 -- RASSF1
457,TNFRSF1A -- TNFRSF1B -- MAPK8 -- STAT1 -- JUN -- FOS -- SIRT1 -- TNFAIP3 -- TRAF1 -- MAPK14 -- RHOA -- RAC1 -- MAP2K7 -- MAP3K1 -- VEGFA -- MAP3K14 -- RET -- TRADD -- TNFRSF10B -- ATM -- CASP2 -- CHUK -- RPS6KA5 -- PPP1R13L -- MAPK9 -- IRF1 -- EIF4G2 -- HTRA2 -- MYB -- HIP1 -- RNF11 -- CASP10 -- PSEN1 -- SOD1 -- HNRNPK -- SMPD1 -- TNIK -- HTT -- BRCA1 -- CDKN2A -- PELP1 -- BID -- MCL1 -- PCNA -- PLAC8 -- CASP9 -- DIABLO -- APAF1 -- RASSF1
458,TNFRSF1A -- TNFRSF1B -- MAPK8 -- STAT1 -- JUN -- FOS -- BIRC2 -- BIRC3 -- SIRT1 -- TNFAIP3 -- TRAF1 -- MAPK14 -- RHOA -- NR3C1 -- TGFB2 -- RAC1 -- MAP2K7 -- MAP3K1 -- VEGFA -- MAP3K14 -- RET -- TRADD -- ATM -- CASP2 -- CHUK -- RPS6KA5 -- PPP1R13L -- MAPK9 -- IRF1 -- EIF4G2 -- MYB -- HIP1 -- RNF11 -- PSEN1 -- SOD1 -- HNRNPK -- SMPD1 -- TNIK -- HTT -- BRCA1 -- CDKN2A -- BID -- MCL1 -- PCNA -- TAF1 -- PLAC8 -- CASP9 -- DIABLO -- APAF1 -- RASSF1
459,TNFRSF1A -- TNFRSF1B -- MAPK8 -- STAT1 -- JUN -- FOS -- SIRT1 -- TNFAIP3 -- TRAF1 -- MAPK14 -- RHOA -- NR3C1 -- TGFB2 -- RAC1 -- MAP2K7 -- MAP3K1 -- VEGFA -- MAP3K14 -- TRADD -- ATM -- CASP2 -- CHUK -- RPS6KA5 -- PPP1R13L -- MAPK9 -- IRF1 -- EIF4G2 -- HTRA2 -- MYB -- HIP1 -- RNF11 -- CASP10 -- PSEN1 -- SOD1 -- HNRNPK -- CASP7 -- SMPD1 -- TNIK -- HTT -- BRCA1 -- CDKN2A -- BAK1 -- BID -- FOXM1 -- MCL1 -- PCNA -- PLAC8 -- CASP9 -- DIABLO -- APAF1
460,TNFRSF1A -- TNFRSF1B -- MAPK8 -- STAT1 -- JUN -- BIRC2 -- BIRC3 -- SIRT1 -- TNFAIP3 -- TRAF1 -- MAPK14 -- RHOA -- NR3C1 -- TGFB2 -- RAC1 -- MAP2K7 -- MAP3K1 -- VEGFA -- TRADD -- ATM -- CHUK -- RPS6KA5 -- PPP1R13L -- MAPK9 -- LYN -- IRF1 -- MYB -- CYCS -- HIP1 -- RNF11 -- PSEN1 -- SOD1 -- HNRNPK -- SMPD1 -- TNIK -- BRCA1 -- CDKN2A -- EIF4E -- BID -- MCL1 -- PCNA -- TAF1 -- PLAC8 -- DIABLO -- RASSF1
461,TNFRSF1A -- TNFRSF1B -- MAPK8 -- STAT1 -- JUN -- FOS -- BIRC3 -- SIRT1 -- RB1 -- TNFAIP3 -- TRAF1 -- MAPK14 -- RHOA -- NR3C1 -- RAC1 -- MAP2K7 -- MAP3K1 -- VEGFA -- MAP3K14 -- TRADD -- ATM -- CASP2 -- CHUK -- RPS6KA5 -- PPP1R13L -- MAPK9 -- IRF1 -- EIF4G2 -- MYB -- HIP1 -- RNF11 -- PSEN1 -- SOD1 -- HNRNPK -- RPA4 -- SMPD1 -- TNIK -- HTT -- BRCA1 -- CDKN2A -- BID -- FOXM1 -- MCL1 -- PCNA -- PLAC8 -- DIABLO -- RASSF1
462,TNFRSF1A -- TNFRSF1B -- MAPK8 -- STAT1 -- JUN -- FOS -- BIRC3 -- SIRT1 -- TNFAIP3 -- TRAF1 -- MAPK14 -- RHOA -- NR3C1 -- TGFB2 -- RAC1 -- MAP2K7 -- MAP3K1 -- VEGFA -- RET -- TRADD -- ATM -- CASP2 -- CHUK -- RPS6KA5 -- PPP1R13L -- MAPK9 -- IRF1 -- EIF4G2 -- MYB -- HIP1 -- OTUD7B -- RNF11 -- PSEN1 -- SOD1 -- HNRNPK -- RPA4 -- CASP7 -- SMPD1 -- TNIK -- HTT -- BRCA1 -- CDKN2A -- BID -- MCL1 -- PCNA -- TAF1 -- PLAC8 -- DIABLO -- APAF1 -- RASSF1
463,TNFRSF1A -- TNFRSF1B -- MAPK8 -- STAT1 -- JUN -- FOS -- BIRC3 -- SIRT1 -- TNFAIP3 -- TRAF1 -- MAPK14 -- RHOA -- NR3C1 -- TGFB2 -- RAC1 -- MAP2K7 -- MAP3K1 -- VEGFA -- RET -- TRADD -- ATM -- CASP2 -- CHUK -- RPS6KA5 -- PPP1R13L -- MAPK9 -- IRF1 -- EIF4G2 -- MYB -- CYCS -- HIP1 -- RNF11 -- CASP10 -- PSEN1 -- SOD1 -- SMPD1 -- TNIK -- HTT -- BRCA1 -- CDKN2A -- BID -- MCL1 -- PCNA -- PLAC8 -- DIABLO -- RASSF1
464,TNFRSF1A -- TNFRSF1B -- MAPK8 -- STAT1 -- JUN -- FOS -- BIRC3 -- SIRT1 -- TNFAIP3 -- TRAF1 -- MAPK14 -- RHOA -- NR3C1 -- TGFB2 -- RAC1 -- MAP2K7 -- MAP3K1 -- VEGFA -- MAP3K14 -- RET -- TRADD -- ATM -- CASP2 -- CHUK -- RPS6KA5 -- PPP1R13L -- MAPK9 -- IRF1 -- EIF4G2 -- MYB -- HIP1 -- RNF11 -- PSEN1 -- SOD1 -- HNRNPK -- CASP7 -- SMPD1 -- TNIK -- HTT -- BRCA1 -- CDKN2A -- BID -- MCL1 -- PCNA -- PLAC8 -- CASP9 -- DIABLO -- APAF1 -- RASSF1
465,TNFRSF1A -- TNFRSF1B -- NFKB1 -- MAPK8 -- JUN -- FOS -- SIRT1 -- RB1 -- TNFAIP3 -- CCND1 -- TRAF1 -- MAPK14 -- RHOA -- RAC1 -- MAP2K7 -- MAP3K1 -- MAP3K14 -- TRADD -- TNFRSF10B -- ATM -- CASP2 -- MDM2 -- CHUK -- RPS6KA5 -- PPP1R13L -- MAPK9 -- IRF1 -- EIF4G2 -- HTRA2 -- HIP1 -- CDK4 -- OTUD7B -- RNF11 -- CASP10 -- PSEN1 -- SOD1 -- RPA4 -- SMPD1 -- TNIK -- HTT -- CDKN2A -- PELP1 -- BAX -- BAK1 -- BID -- FOXM1 -- PCNA -- PLAC8 -- CASP9 -- DIABLO -- APAF1 -- RANGAP1
466,TNFRSF1A -- TNFRSF1B -- NFKB1 -- MAPK8 -- SIRT1 -- RB1 -- TNFAIP3 -- CCND1 -- TRAF1 -- MAPK14 -- RHOA -- RAC1 -- MAP2K7 -- MAP3K1 -- MAP3K14 -- TRADD -- TNFRSF10B -- CASP2 -- MDM2 -- CHUK -- RPS6KA5 -- PPP1R13L -- MAPK9 -- LYN -- IRF1 -- EIF4G2 -- HTRA2 -- HIP1 -- CDK4 -- OTUD7B -- RNF11 -- CASP10 -- PSEN1 -- SOD1 -- RPA4 -- SMPD1 -- TNIK -- HTT -- PELP1 -- BAX -- BAK1 -- BID -- FOXM1 -- PCNA -- PLAC8 -- CASP9 -- DIABLO -- APAF1
467,TNFRSF1A -- TNFRSF1B -- NFKB1 -- MAPK8 -- BIRC2 -- BIRC3 -- SIRT1 -- RB1 -- TNFAIP3 -- CCND1 -- TRAF1 -- MAPK14 -- RHOA -- RAC1 -- MAP2K7 -- MAP3K1 -- TRADD -- TNFRSF10B -- MDM2 -- CHUK -- RPS6KA5 -- PPP1R13L -- MAPK9 -- LYN -- IRF1 -- EIF4G2 -- CYCS -- HIP1 -- CDK4 -- OTUD7B -- RNF11 -- CASP10 -- PSEN1 -- SOD1 -- RPA4 -- SMPD1 -- TNIK -- PELP1 -- BAX -- BID -- FOXM1 -- PCNA -- PLAC8 -- DIABLO
468,TNFRSF1A -- TNFRSF1B -- MAPK8 -- JUN -- FOS -- SIRT1 -- RB1 -- TNFAIP3 -- TRAF1 -- MAPK14 -- RHOA -- NR3C1 -- RAC1 -- MAP2K7 -- MAP3K1 -- VEGFA -- MAP3K14 -- TRADD -- ATM -- CASP2 -- CHUK -- RPS6KA5 -- PPP1R13L -- MAPK9 -- IRF1 -- EIF4G2 -- HTRA2 -- MYB -- HIP1 -- OTUD7B -- RNF11 -- CASP10 -- PSEN1 -- SOD1 -- HNRNPK -- RPA4 -- SMPD1 -- TNIK -- HTT -- BRCA1 -- CDKN2A -- BAX -- EIF4E -- BID -- FOXM1 -- MCL1 -- PCNA -- PLAC8 -- CASP9 -- DIABLO -- APAF1 -- RASSF1
469,TNFRSF1A -- TNFRSF1B -- MAPK8 -- STAT1 -- JUN -- FOS -- SIRT1 -- RB1 -- TNFAIP3 -- TRAF1 -- MAPK14 -- RHOA -- NR3C1 -- RAC1 -- MAP2K7 -- MAP3K1 -- MAP3K14 -- RET -- TRADD -- ATM -- CASP2 -- CHUK -- RPS6KA5 -- PPP1R13L -- MAPK9 -- IRF1 -- EIF4G2 -- HTRA2 -- MYB -- HIP1 -- RNF11 -- PSEN1 -- SOD1 -- HNRNPK -- SMPD1 -- TNIK -- HTT -- BRCA1 -- CDKN2A -- BAK1 -- BID -- PCNA -- PLAC8 -- CASP9 -- DIABLO -- APAF1 -- RASSF1
470,TNFRSF1A -- TNFRSF1B -- MAPK8 -- STAT1 -- JUN -- FOS -- SIRT1 -- TNFAIP3 -- TRAF1 -- MAPK14 -- RHOA -- NR3C1 -- TGFB2 -- RAC1 -- MAP2K7 -- MAP3K1 -- VEGFA -- MAP3K14 -- RET -- TRADD -- ATM -- CASP2 -- CHUK -- RPS6KA5 -- PPP1R13L -- MAPK9 -- IRF1 -- EIF4G2 -- HTRA2 -- MYB -- HIP1 -- RNF11 -- CASP10 -- PSEN1 -- SOD1 -- HNRNPK -- CASP7 -- SMPD1 -- TNIK -- HTT -- BRCA1 -- CDKN2A -- BID -- MCL1 -- PCNA -- PLAC8 -- CASP9 -- DIABLO -- APAF1 -- RASSF1
471,TNFRSF1A -- TNFRSF1B -- MAPK8 -- STAT1 -- BIRC2 -- BIRC3 -- SIRT1 -- TNFAIP3 -- TRAF1 -- MAPK14 -- RHOA -- NR3C1 -- TGFB2 -- RAC1 -- MAP2K7 -- MAP3K1 -- VEGFA -- RET -- TRADD -- ATM -- CHUK -- RPS6KA5 -- PPP1R13L -- MAPK9 -- LYN -- IRF1 -- MYB -- CYCS -- HIP1 -- RNF11 -- PSEN1 -- SOD1 -- HNRNPK -- SMPD1 -- TNIK -- BRCA1 -- CDKN2A -- EIF4E -- BID -- MCL1 -- PCNA -- TAF1 -- PLAC8 -- DIABLO -- RASSF1
472,TNFRSF1A -- TNFRSF1B -- NFKB1 -- MAPK8 -- STAT1 -- BIRC2 -- BIRC3 -- SIRT1 -- MYC -- TNFAIP3 -- MAPK14 -- PTMA -- RHOA -- RAC1 -- MAP2K7 -- MAP3K1 -- IGF1 -- VEGFA -- TRADD -- TNFRSF10B -- MDM2 -- CHUK -- PPP1R13L -- MAPK9 -- LYN -- IRF1 -- CYCS -- CDK4 -- OTUD7B -- RNF11 -- PSEN1 -- SOD1 -- HNRNPK -- RPA4 -- SMPD1 -- TNIK -- PELP1 -- BID -- FOXM1 -- MCL1 -- PCNA -- DIABLO -- RANGAP1
473,TNFRSF1A -- TNFRSF1B -- MAPK8 -- STAT1 -- BIRC2 -- BIRC3 -- SIRT1 -- MYC -- TNFAIP3 -- MAPK14 -- PTMA -- RHOA -- RAC1 -- MAP2K7 -- MAP3K1 -- IGF1 -- VEGFA -- RET -- TRADD -- CHUK -- PPP1R13L -- MAPK9 -- LYN -- IRF1 -- MYB -- CYCS -- HIP1 -- CDK4 -- OTUD7B -- RNF11 -- PSEN1 -- BAD -- SOD1 -- HNRNPK -- SMPD1 -- TNIK -- PELP1 -- EIF4E -- BID -- FOXM1 -- MCL1 -- PCNA -- TAF1 -- DIABLO -- RANGAP1
776,TNFRSF1A -- TNFRSF1B -- NFKB1 -- MAPK8 -- STAT1 -- BIRC2 -- BIRC3 -- SIRT1 -- MYC -- TNFAIP3 -- TRAF1 -- MAPK14 -- PTMA -- RHOA -- RAC1 -- MAP2K7 -- MAP3K1 -- VEGFA -- RET -- TRADD -- CHUK -- PPP1R13L -- MAPK9 -- LYN -- IRF1 -- CYCS -- HIP1 -- CDK4 -- OTUD7B -- RNF11 -- PSEN1 -- SOD1 -- HNRNPK -- SMPD1 -- TNIK -- EIF4E -- BID -- FOXM1 -- MCL1 -- PCNA -- TAF1 -- PLAC8 -- DIABLO -- RASSF1 -- RANGAP1
775,TNFRSF1A -- TNFRSF1B -- MAPK8 -- BIRC2 -- SIRT1 -- MYC -- TNFAIP3 -- CCND1 -- MAPK14 -- PTMA -- RHOA -- TGFB2 -- RAC1 -- MAP2K7 -- MAP3K1 -- IGF1 -- VEGFA -- TRADD -- TNFRSF10B -- ATM -- MDM2 -- CHUK -- PPP1R13L -- MAPK9 -- LYN -- IRF1 -- CYCS -- CDK4 -- OTUD7B -- RNF11 -- CASP10 -- PSEN1 -- BAD -- SOD1 -- RPA4 -- SMPD1 -- TNIK -- PELP1 -- EIF4E -- BID -- FOXM1 -- MCL1 -- PCNA -- TAF1 -- DIABLO -- RANGAP1
476,TNFRSF1A -- TNFRSF1B -- NFKB1 -- MAPK8 -- JUN -- FOS -- SIRT1 -- RB1 -- TNFAIP3 -- CCND1 -- TRAF1 -- MAPK14 -- RHOA -- RAC1 -- MAP2K7 -- MAP3K1 -- MAP3K14 -- TRADD -- TNFRSF10B -- CASP2 -- MDM2 -- CHUK -- RPS6KA5 -- PPP1R13L -- MAPK9 -- IRF1 -- EIF4G2 -- HTRA2 -- MYB -- HIP1 -- CDK4 -- OTUD7B -- RNF11 -- CASP10 -- PSEN1 -- SOD1 -- RPA4 -- SMPD1 -- TNIK -- HTT -- PELP1 -- BAX -- BAK1 -- BID -- FOXM1 -- PCNA -- PLAC8 -- CASP9 -- DIABLO -- APAF1
477,TNFRSF1A -- TNFRSF1B -- NFKB1 -- MAPK8 -- BIRC3 -- SIRT1 -- RB1 -- TNFAIP3 -- CCND1 -- TRAF1 -- MAPK14 -- RHOA -- RAC1 -- MAP2K7 -- MAP3K1 -- IGF1 -- TRADD -- TNFRSF10B -- ATM -- MDM2 -- CHUK -- RPS6KA5 -- PPP1R13L -- MAPK9 -- LYN -- IRF1 -- EIF4G2 -- HTRA2 -- CYCS -- HIP1 -- CDK4 -- OTUD7B -- RNF11 -- CASP10 -- PSEN1 -- SOD1 -- RPA4 -- SMPD1 -- TNIK -- PELP1 -- BAX -- BAK1 -- EIF4E -- BID -- FOXM1 -- PCNA -- PLAC8 -- DIABLO
478,MAPK8 -- JUN -- FOS -- BIRC2 -- BIRC3 -- SIRT1 -- MYC -- CCND1 -- MAPK14 -- TGFB2 -- RAC1 -- MAP2K7 -- MAP3K1 -- VEGFA -- TRADD -- TRAF2 -- TNFRSF10B -- AKT1 -- MDM2 -- CHUK -- RPS6KA5 -- PPP1R13L -- MAPK9 -- IRF1 -- EIF4G2 -- CYCS -- HIP1 -- CDK4 -- OTUD7B -- CASP10 -- PSEN1 -- RPA4 -- SMPD1 -- TNIK -- PELP1 -- BID -- FOXM1 -- MCL1 -- PCNA -- TAF1 -- PLAC8 -- CASP9 -- DIABLO
479,TNFRSF1A -- TNFRSF1B -- NFKB1 -- MAPK8 -- SIRT1 -- RB1 -- TNFAIP3 -- CCND1 -- TRAF1 -- MAPK14 -- RHOA -- RAC1 -- MAP2K7 -- MAP3K1 -- MAP3K14 -- TRADD -- TNFRSF10B -- CASP2 -- MDM2 -- CHUK -- RPS6KA5 -- PPP1R13L -- MAPK9 -- LYN -- IRF1 -- EIF4G2 -- HTRA2 -- CDK4 -- OTUD7B -- RNF11 -- CASP10 -- PSEN1 -- SOD1 -- RPA4 -- SMPD1 -- TNIK -- HTT -- PELP1 -- BAX -- BAK1 -- BID -- FOXM1 -- PCNA -- PLAC8 -- CASP9 -- DIABLO -- APAF1
480,TNFRSF1A -- TNFRSF1B -- MAPK8 -- JUN -- FOS -- SIRT1 -- RB1 -- TNFAIP3 -- TRAF1 -- MAPK14 -- RHOA -- RAC1 -- MAP2K7 -- MAP3K1 -- IGF1 -- MAP3K14 -- TRADD -- TNFRSF10B -- CASP2 -- MDM2 -- CHUK -- RPS6KA5 -- PPP1R13L -- MAPK9 -- IRF1 -- EIF4G2 -- HTRA2 -- HIP1 -- CDK4 -- OTUD7B -- RNF11 -- CASP10 -- PSEN1 -- SOD1 -- RPA4 -- SMPD1 -- TNIK -- HTT -- CDKN2A -- PELP1 -- BAX -- BAK1 -- BID -- FOXM1 -- PCNA -- PLAC8 -- CASP9 -- DIABLO
481,TNFRSF1A -- TNFRSF1B -- NFKB1 -- MAPK8 -- JUN -- FOS -- SIRT1 -- RB1 -- TNFAIP3 -- CCND1 -- TRAF1 -- MAPK14 -- RHOA -- RAC1 -- MAP2K7 -- MAP3K1 -- MAP3K14 -- TRADD -- TNFRSF10B -- ATM -- CASP2 -- MDM2 -- CHUK -- RPS6KA5 -- PPP1R13L -- MAPK9 -- IRF1 -- EIF4G2 -- HTRA2 -- MYB -- HIP1 -- CDK4 -- OTUD7B -- RNF11 -- CASP10 -- PSEN1 -- SOD1 -- RPA4 -- SMPD1 -- TNIK -- HTT -- PELP1 -- BAX -- BAK1 -- BID -- FOXM1 -- PCNA -- TAF1 -- PLAC8 -- CASP9 -- DIABLO -- APAF1
482,TNFRSF1A -- TNFRSF1B -- NFKB1 -- MAPK8 -- FOS -- SIRT1 -- RB1 -- TNFAIP3 -- CCND1 -- TRAF1 -- MAPK14 -- RHOA -- RAC1 -- MAP2K7 -- MAP3K1 -- IGF1 -- MAP3K14 -- TRADD -- TNFRSF10B -- ATM -- CASP2 -- MDM2 -- CHUK -- RPS6KA5 -- PPP1R13L -- MAPK9 -- IRF1 -- EIF4G2 -- HTRA2 -- HIP1 -- CDK4 -- OTUD7B -- RNF11 -- CASP10 -- PSEN1 -- SOD1 -- RPA4 -- SMPD1 -- TNIK -- HTT -- PELP1 -- BAX -- BAK1 -- BID -- FOXM1 -- PCNA -- PLAC8 -- CASP9 -- DIABLO -- APAF1
483,TNFRSF1A -- TNFRSF1B -- MAPK8 -- SIRT1 -- RB1 -- TNFAIP3 -- CCND1 -- TRAF1 -- MAPK14 -- RHOA -- TGFB2 -- RAC1 -- MAP2K7 -- MAP3K1 -- RET -- TRADD -- CASP2 -- MDM2 -- CHUK -- RPS6KA5 -- PPP1R13L -- MAPK9 -- LYN -- IRF1 -- EIF4G2 -- CYCS -- CDK4 -- OTUD7B -- RNF11 -- PSEN1 -- SOD1 -- RPA4 -- SMPD1 -- TNIK -- HTT -- PELP1 -- BAX -- BID -- FOXM1 -- PCNA -- PLAC8 -- DIABLO -- RANGAP1
484,NFKB1 -- FOS -- BIRC2 -- BIRC3 -- MYC -- RB1 -- TNFAIP3 -- MAPK14 -- PTMA -- RHOA -- MAP2K7 -- MAP3K1 -- IGF1 -- VEGFA -- MAPK1 -- ATM -- MDM2 -- CHUK -- PPP1R13L -- MAPK9 -- LYN -- IRF1 -- MYB -- CYCS -- CDK4 -- OTUD7B -- RNF11 -- PARP1 -- PSEN1 -- RPA4 -- SMPD1 -- BRCA1 -- BBC3 -- PELP1 -- BAK1 -- BID -- FOXM1 -- CTBP1 -- PCNA -- DIABLO -- RANGAP1
485,TNFRSF1A -- TNFRSF1B -- MAPK8 -- JUN -- FOS -- BIRC2 -- BIRC3 -- SIRT1 -- TNFAIP3 -- TRAF1 -- MAPK14 -- RHOA -- NR3C1 -- TGFB2 -- RAC1 -- MAP2K7 -- MAP3K1 -- VEGFA -- MAP3K14 -- RET -- TRADD -- ATM -- CHUK -- RPS6KA5 -- PPP1R13L -- MAPK9 -- IRF1 -- EIF4G2 -- MYB -- CYCS -- HIP1 -- RNF11 -- PSEN1 -- SOD1 -- HNRNPK -- CASP7 -- SMPD1 -- TNIK -- HTT -- BRCA1 -- CDKN2A -- BID -- MCL1 -- PCNA -- TAF1 -- PLAC8 -- DIABLO -- APAF1 -- RASSF1
486,TNFRSF1A -- TNFRSF1B -- MAPK8 -- STAT1 -- JUN -- FOS -- SIRT1 -- TNFAIP3 -- TRAF1 -- MAPK14 -- RHOA -- TGFB2 -- RAC1 -- MAP2K7 -- MAP3K1 -- VEGFA -- MAP3K14 -- RET -- TRADD -- ATM -- CASP2 -- CHUK -- RPS6KA5 -- PPP1R13L -- MAPK9 -- IRF1 -- EIF4G2 -- HTRA2 -- MYB -- HIP1 -- RNF11 -- PSEN1 -- SOD1 -- HNRNPK -- RPA4 -- SMPD1 -- TNIK -- HTT -- CDKN2A -- PELP1 -- BAX -- BID -- FOXM1 -- MCL1 -- PCNA -- TAF1 -- PLAC8 -- CASP9 -- DIABLO -- APAF1
487,TNFRSF1A -- TNFRSF1B -- MAPK8 -- STAT1 -- JUN -- FOS -- BIRC2 -- BIRC3 -- SIRT1 -- TNFAIP3 -- TRAF1 -- MAPK14 -- RHOA -- NR3C1 -- TGFB2 -- RAC1 -- MAP2K7 -- MAP3K1 -- VEGFA -- MAP3K14 -- RET -- TRADD -- ATM -- CHUK -- RPS6KA5 -- PPP1R13L -- MAPK9 -- IRF1 -- EIF4G2 -- MYB -- CYCS -- HIP1 -- RNF11 -- PSEN1 -- SOD1 -- HNRNPK -- SMPD1 -- TNIK -- HTT -- BRCA1 -- CDKN2A -- BID -- MCL1 -- PCNA -- TAF1 -- PLAC8 -- DIABLO -- APAF1 -- RASSF1
488,TNFRSF1A -- TNFRSF1B -- MAPK8 -- STAT1 -- BIRC2 -- BIRC3 -- SIRT1 -- TNFAIP3 -- TRAF1 -- MAPK14 -- RHOA -- NR3C1 -- RAC1 -- MAP2K7 -- MAP3K1 -- VEGFA -- RET -- TRADD -- CHUK -- RPS6KA5 -- PPP1R13L -- MAPK9 -- LYN -- IRF1 -- CYCS -- HIP1 -- CDK4 -- RNF11 -- PSEN1 -- SOD1 -- HNRNPK -- SMPD1 -- TNIK -- BRCA1 -- EIF4E -- BID -- MCL1 -- PCNA -- TAF1 -- PLAC8 -- DIABLO -- RASSF1
489,TNFRSF1A -- TNFRSF1B -- NFKB1 -- MAPK8 -- JUN -- FOS -- SIRT1 -- RB1 -- TNFAIP3 -- CCND1 -- TRAF1 -- MAPK14 -- RHOA -- RAC1 -- MAP2K7 -- MAP3K1 -- IGF1 -- MAP3K14 -- TRADD -- TNFRSF10B -- CASP2 -- MDM2 -- CHUK -- RPS6KA5 -- PPP1R13L -- MAPK9 -- IRF1 -- EIF4G2 -- HTRA2 -- MYB -- HIP1 -- CDK4 -- OTUD7B -- RNF11 -- CASP10 -- PSEN1 -- SOD1 -- RPA4 -- SMPD1 -- TNIK -- HTT -- PELP1 -- BAX -- BAK1 -- BID -- FOXM1 -- PCNA -- PLAC8 -- CASP9 -- DIABLO -- APAF1
490,TNFRSF1A -- TNFRSF1B -- MAPK8 -- SIRT1 -- RB1 -- TNFAIP3 -- CCND1 -- TRAF1 -- MAPK14 -- RHOA -- TGFB2 -- RAC1 -- MAP2K7 -- MAP3K1 -- TRADD -- CASP2 -- MDM2 -- CHUK -- RPS6KA5 -- PPP1R13L -- MAPK9 -- LYN -- IRF1 -- EIF4G2 -- HTRA2 -- HIP1 -- CDK4 -- OTUD7B -- RNF11 -- PSEN1 -- SOD1 -- RPA4 -- SMPD1 -- TNIK -- PELP1 -- BAX -- BAK1 -- BID -- FOXM1 -- PCNA -- PLAC8 -- DIABLO
491,TNFRSF1A -- TNFRSF1B -- MAPK8 -- STAT1 -- BIRC2 -- SIRT1 -- MYC -- RB1 -- TNFAIP3 -- CCND1 -- MAPK14 -- PTMA -- RHOA -- TGFB2 -- RAC1 -- MAP2K7 -- MAP3K1 -- IGF1 -- RET -- TRADD -- TNFRSF10B -- ATM -- MDM2 -- CHUK -- PPP1R13L -- MAPK9 -- LYN -- IRF1 -- CYCS -- CDK4 -- OTUD7B -- RNF11 -- CASP10 -- PSEN1 -- BAD -- SOD1 -- HNRNPK -- RPA4 -- SMPD1 -- TNIK -- PELP1 -- EIF4E -- BID -- FOXM1 -- MCL1 -- PCNA -- TAF1 -- DIABLO -- RANGAP1
492,TNFRSF1A -- TNFRSF1B -- MAPK8 -- STAT1 -- BIRC2 -- BIRC3 -- SIRT1 -- MYC -- TNFAIP3 -- MAPK14 -- PTMA -- RHOA -- RAC1 -- MAP2K7 -- MAP3K1 -- VEGFA -- RET -- TRADD -- ATM -- CHUK -- RPS6KA5 -- PPP1R13L -- MAPK9 -- LYN -- IRF1 -- MYB -- CYCS -- HIP1 -- RNF11 -- PSEN1 -- SOD1 -- HNRNPK -- SMPD1 -- TNIK -- BRCA1 -- EIF4E -- BID -- MCL1 -- PCNA -- TAF1 -- PLAC8 -- DIABLO -- RASSF1 -- RANGAP1
493,TNFRSF1A -- TNFRSF1B -- NFKB1 -- MAPK8 -- SIRT1 -- RB1 -- TNFAIP3 -- CCND1 -- TRAF1 -- MAPK14 -- RHOA -- RAC1 -- MAP2K7 -- MAP3K1 -- TRADD -- TNFRSF10B -- CASP2 -- MDM2 -- CHUK -- RPS6KA5 -- PPP1R13L -- MAPK9 -- LYN -- IRF1 -- EIF4G2 -- HTRA2 -- HIP1 -- CDK4 -- OTUD7B -- RNF11 -- CASP10 -- PSEN1 -- SOD1 -- RPA4 -- SMPD1 -- TNIK -- HTT -- PELP1 -- BAX -- BAK1 -- EIF4E -- BID -- FOXM1 -- PCNA -- PLAC8 -- CASP9 -- DIABLO -- APAF1
494,TNFRSF1A -- TNFRSF1B -- MAPK8 -- STAT1 -- JUN -- FOS -- BIRC2 -- BIRC3 -- SIRT1 -- TNFAIP3 -- TRAF1 -- MAPK14 -- RHOA -- NR3C1 -- TGFB2 -- RAC1 -- MAP2K7 -- MAP3K1 -- VEGFA -- RET -- TRADD -- ATM -- CASP2 -- CHUK -- RPS6KA5 -- PPP1R13L -- MAPK9 -- IRF1 -- EIF4G2 -- MYB -- HIP1 -- RNF11 -- PSEN1 -- SOD1 -- HNRNPK -- CASP7 -- SMPD1 -- TNIK -- HTT -- BRCA1 -- CDKN2A -- BID -- MCL1 -- PCNA -- TAF1 -- PLAC8 -- CASP9 -- DIABLO -- APAF1 -- RASSF1
495,STAT1 -- BIRC2 -- MAPK14 -- RAC1 -- MAP2K7 -- MAP3K1 -- VEGFA -- MAPK1 -- AKT1 -- ATM -- MDM2 -- CHUK -- RPS6KA5 -- PPP1R13L -- MAPK9 -- LYN -- IRF1 -- CYCS -- HIP1 -- CDK4 -- OTUD7B -- PARP1 -- PSEN1 -- RPA4 -- PELP1 -- BID -- FOXM1 -- MCL1 -- CTBP1 -- PCNA -- TAF1 -- PLAC8 -- DIABLO
496,TNFRSF1A -- TNFRSF1B -- MAPK8 -- STAT1 -- BIRC2 -- SIRT1 -- MYC -- TNFAIP3 -- TRAF1 -- MAPK14 -- RHOA -- NR3C1 -- RAC1 -- MAP2K7 -- MAP3K1 -- VEGFA -- RET -- TRADD -- ATM -- CHUK -- PPP1R13L -- MAPK9 -- LYN -- IRF1 -- EIF4G2 -- CYCS -- RNF11 -- PSEN1 -- SOD1 -- HNRNPK -- SMPD1 -- TNIK -- BRCA1 -- BID -- TFDP1 -- MCL1 -- PCNA -- TAF1 -- PLAC8 -- DIABLO -- RASSF1
497,TNFRSF1A -- TNFRSF1B -- MAPK8 -- JUN -- FOS -- SIRT1 -- RB1 -- TNFAIP3 -- CCND1 -- TRAF1 -- MAPK14 -- RHOA -- RAC1 -- MAP2K7 -- MAP3K1 -- IGF1 -- MAP3K14 -- TRADD -- TNFRSF10B -- CASP2 -- MDM2 -- CHUK -- RPS6KA5 -- PPP1R13L -- MAPK9 -- IRF1 -- EIF4G2 -- HTRA2 -- MYB -- HIP1 -- OTUD7B -- RNF11 -- CASP10 -- PSEN1 -- SOD1 -- RPA4 -- SMPD1 -- TNIK -- HTT -- CDKN2A -- BAX -- BAK1 -- BID -- FOXM1 -- PCNA -- PLAC8 -- CASP9 -- DIABLO -- APAF1
498,TNFRSF1A -- TNFRSF1B -- NFKB1 -- MAPK8 -- SIRT1 -- RB1 -- TNFAIP3 -- CCND1 -- TRAF1 -- MAPK14 -- RHOA -- RAC1 -- MAP2K7 -- MAP3K1 -- IGF1 -- MAP3K14 -- TRADD -- TNFRSF10B -- ATM -- CASP2 -- MDM2 -- CHUK -- RPS6KA5 -- PPP1R13L -- MAPK9 -- LYN -- IRF1 -- EIF4G2 -- HTRA2 -- HIP1 -- CDK4 -- OTUD7B -- RNF11 -- CASP10 -- PSEN1 -- SOD1 -- RPA4 -- SMPD1 -- TNIK -- HTT -- PELP1 -- BAX -- BAK1 -- BID -- FOXM1 -- PCNA -- PLAC8 -- CASP9 -- DIABLO -- APAF1
499,TNFRSF1A -- TNFRSF1B -- NFKB1 -- MAPK8 -- STAT1 -- BIRC2 -- SIRT1 -- MYC -- TNFAIP3 -- MAPK14 -- PTMA -- RHOA -- RAC1 -- MAP2K7 -- MAP3K1 -- VEGFA -- RET -- TRADD -- ATM -- CHUK -- PPP1R13L -- MAPK9 -- LYN -- IRF1 -- CYCS -- RNF11 -- PSEN1 -- BAD -- SOD1 -- HNRNPK -- SMPD1 -- TNIK -- BAK1 -- BID -- TFDP1 -- PCNA -- TAF1 -- DIABLO -- RASSF1 -- RANGAP1
500,TNFRSF1A -- TNFRSF1B -- NFKB1 -- MAPK8 -- STAT1 -- BIRC2 -- BIRC3 -- SIRT1 -- MYC -- TNFAIP3 -- CCND1 -- MAPK14 -- PTMA -- RHOA -- TGFB2 -- RAC1 -- MAP2K7 -- MAP3K1 -- VEGFA -- TRADD -- TNFRSF10B -- MDM2 -- CHUK -- PPP1R13L -- MAPK9 -- LYN -- IRF1 -- EIF4G2 -- CYCS -- CDK4 -- OTUD7B -- RNF11 -- CASP10 -- PSEN1 -- BAD -- SOD1 -- RPA4 -- SMPD1 -- TNIK -- PELP1 -- BID -- FOXM1 -- MCL1 -- PCNA -- TAF1 -- DIABLO -- RANGAP1
501,TNFRSF1A -- TNFRSF1B -- MAPK8 -- STAT1 -- JUN -- SIRT1 -- RB1 -- TNFAIP3 -- TRAF1 -- MAPK14 -- RHOA -- NR3C1 -- RAC1 -- MAP2K7 -- MAP3K1 -- MAP3K14 -- TRADD -- ATM -- CASP2 -- CHUK -- RPS6KA5 -- PPP1R13L -- MAPK9 -- IRF1 -- EIF4G2 -- HTRA2 -- MYB -- HIP1 -- RNF11 -- PSEN1 -- SOD1 -- HNRNPK -- SMPD1 -- TNIK -- HTT -- BRCA1 -- CDKN2A -- BAK1 -- BID -- PCNA -- PLAC8 -- CASP9 -- DIABLO -- APAF1 -- RASSF1
502,TNFRSF1A -- TNFRSF1B -- MAPK8 -- STAT1 -- JUN -- FOS -- BIRC2 -- SIRT1 -- TNFAIP3 -- TRAF1 -- MAPK14 -- RHOA -- NR3C1 -- TGFB2 -- RAC1 -- MAP2K7 -- MAP3K1 -- VEGFA -- MAP3K14 -- RET -- TRADD -- TNFRSF10B -- ATM -- CHUK -- RPS6KA5 -- PPP1R13L -- MAPK9 -- IRF1 -- EIF4G2 -- MYB -- HIP1 -- RNF11 -- CASP10 -- PSEN1 -- SOD1 -- HNRNPK -- SMPD1 -- TNIK -- HTT -- BRCA1 -- CDKN2A -- BID -- MCL1 -- PCNA -- PLAC8 -- CASP9 -- DIABLO -- RASSF1
503,TNFRSF1A -- NFKB1 -- MAPK8 -- STAT1 -- SIRT1 -- TNFAIP3 -- TRAF1 -- MAPK14 -- IL2 -- RAC1 -- MAP2K7 -- MAP3K1 -- IGF1 -- VEGFA -- MAP3K14 -- TRADD -- TNFRSF10B -- ATM -- CASP2 -- MDM2 -- CHUK -- RPS6KA5 -- PPP1R13L -- MAPK9 -- LYN -- IRF1 -- EIF4G2 -- HIP1 -- CDK4 -- OTUD7B -- RNF11 -- CASP10 -- PSEN1 -- SOD1 -- RPA4 -- SMPD1 -- TNIK -- PELP1 -- BID -- FOXM1 -- MCL1 -- CTBP1 -- PCNA -- TAF1 -- PLAC8 -- CASP9 -- DIABLO -- APAF1
504,TNFRSF1A -- TNFRSF1B -- NFKB1 -- MAPK8 -- FOS -- SIRT1 -- RB1 -- TNFAIP3 -- CCND1 -- TRAF1 -- MAPK14 -- RHOA -- RAC1 -- MAP2K7 -- MAP3K1 -- MAP3K14 -- TRADD -- TNFRSF10B -- ATM -- CASP2 -- MDM2 -- CHUK -- RPS6KA5 -- PPP1R13L -- MAPK9 -- IRF1 -- EIF4G2 -- HTRA2 -- HIP1 -- CDK4 -- OTUD7B -- RNF11 -- PSEN1 -- SOD1 -- RPA4 -- SMPD1 -- TNIK -- HTT -- PELP1 -- BAX -- BAK1 -- BID -- FOXM1 -- PCNA -- PLAC8 -- CASP9 -- DIABLO -- APAF1
505,TNFRSF1A -- TNFRSF1B -- NFKB1 -- MAPK8 -- STAT1 -- BIRC2 -- SIRT1 -- RB1 -- TNFAIP3 -- CCND1 -- MAPK14 -- RHOA -- RAC1 -- MAP2K7 -- MAP3K1 -- RET -- TRADD -- CHUK -- PPP1R13L -- MAPK9 -- LYN -- IRF1 -- CYCS -- HIP1 -- CDK4 -- OTUD7B -- RNF11 -- PSEN1 -- SOD1 -- HNRNPK -- SMPD1 -- TNIK -- PELP1 -- EIF4E -- BID -- FOXM1 -- MCL1 -- PCNA -- TAF1 -- DIABLO -- RANGAP1
506,TNFRSF1A -- TNFRSF1B -- NFKB1 -- MAPK8 -- BIRC2 -- SIRT1 -- RB1 -- TNFAIP3 -- CCND1 -- TRAF1 -- MAPK14 -- RHOA -- RAC1 -- MAP2K7 -- MAP3K1 -- IGF1 -- TRADD -- TNFRSF10B -- MDM2 -- CHUK -- RPS6KA5 -- PPP1R13L -- MAPK9 -- LYN -- IRF1 -- EIF4G2 -- HTRA2 -- HIP1 -- CDK4 -- OTUD7B -- RNF11 -- CASP10 -- PSEN1 -- SOD1 -- RPA4 -- SMPD1 -- TNIK -- PELP1 -- BAK1 -- BID -- FOXM1 -- PCNA -- TAF1 -- DIABLO
507,TNFRSF1A -- TNFRSF1B -- MAPK8 -- STAT1 -- JUN -- FOS -- SIRT1 -- TNFAIP3 -- TRAF1 -- MAPK14 -- RHOA -- NR3C1 -- TGFB2 -- RAC1 -- MAP2K7 -- MAP3K1 -- VEGFA -- MAP3K14 -- RET -- TRADD -- ATM -- CASP2 -- CHUK -- RPS6KA5 -- PPP1R13L -- MAPK9 -- IRF1 -- EIF4G2 -- MYB -- HIP1 -- RNF11 -- PSEN1 -- SOD1 -- HNRNPK -- SMPD1 -- TNIK -- HTT -- BRCA1 -- CDKN2A -- BID -- MCL1 -- PCNA -- TAF1 -- PLAC8 -- CASP9 -- DIABLO -- APAF1 -- RASSF1
508,TNFRSF1A -- TNFRSF1B -- MAPK8 -- BIRC2 -- BIRC3 -- SIRT1 -- MYC -- TNFAIP3 -- CCND1 -- MAPK14 -- PTMA -- RHOA -- TGFB2 -- RAC1 -- MAP2K7 -- MAP3K1 -- IGF1 -- TRADD -- TNFRSF10B -- ATM -- MDM2 -- CHUK -- PPP1R13L -- MAPK9 -- LYN -- IRF1 -- EIF4G2 -- CYCS -- CDK4 -- OTUD7B -- RNF11 -- CASP10 -- PSEN1 -- BAD -- SOD1 -- RPA4 -- SMPD1 -- TNIK -- PELP1 -- EIF4E -- BID -- FOXM1 -- PCNA -- TAF1 -- DIABLO -- RANGAP1
509,TNFRSF1A -- TNFRSF1B -- NFKB1 -- MAPK8 -- BIRC2 -- SIRT1 -- RB1 -- TNFAIP3 -- CCND1 -- TRAF1 -- MAPK14 -- RHOA -- RAC1 -- MAP2K7 -- MAP3K1 -- TRADD -- TNFRSF10B -- MDM2 -- CHUK -- RPS6KA5 -- PPP1R13L -- MAPK9 -- LYN -- IRF1 -- EIF4G2 -- CYCS -- CDK4 -- OTUD7B -- RNF11 -- CASP10 -- PSEN1 -- SOD1 -- RPA4 -- SMPD1 -- TNIK -- PELP1 -- BAX -- BAK1 -- BID -- FOXM1 -- PCNA -- PLAC8 -- DIABLO
510,TNFRSF1A -- TNFRSF1B -- MAPK8 -- STAT1 -- SIRT1 -- MYC -- TNFAIP3 -- MAPK14 -- RHOA -- RAC1 -- MAP2K7 -- MAP3K1 -- VEGFA -- RET -- TRADD -- ATM -- CASP2 -- CHUK -- RPS6KA5 -- PPP1R13L -- MAPK9 -- IRF1 -- EIF4G2 -- HTRA2 -- MYB -- HIP1 -- CDK4 -- OTUD7B -- RNF11 -- PSEN1 -- SOD1 -- HNRNPK -- RPA4 -- SMPD1 -- TNIK -- PELP1 -- BAK1 -- EIF4E -- BID -- FOXM1 -- MCL1 -- PCNA -- PLAC8 -- CASP9 -- DIABLO -- APAF1 -- RANGAP1
511,TNFRSF1A -- TNFRSF1B -- NFKB1 -- MAPK8 -- BIRC2 -- BIRC3 -- SIRT1 -- RB1 -- TNFAIP3 -- CCND1 -- TRAF1 -- MAPK14 -- RHOA -- RAC1 -- MAP2K7 -- MAP3K1 -- IGF1 -- TRADD -- TNFRSF10B -- ATM -- MDM2 -- CHUK -- PPP1R13L -- MAPK9 -- LYN -- IRF1 -- EIF4G2 -- CYCS -- HIP1 -- CDK4 -- OTUD7B -- RNF11 -- CASP10 -- PSEN1 -- BAD -- SOD1 -- RPA4 -- SMPD1 -- TNIK -- PELP1 -- EIF4E -- BID -- FOXM1 -- MCL1 -- PCNA -- PLAC8 -- DIABLO
512,TNFRSF1A -- TNFRSF1B -- NFKB1 -- MAPK8 -- BIRC2 -- BIRC3 -- SIRT1 -- RB1 -- TNFAIP3 -- CCND1 -- TRAF1 -- MAPK14 -- RHOA -- RAC1 -- MAP2K7 -- MAP3K1 -- TRADD -- TNFRSF10B -- MDM2 -- CHUK -- RPS6KA5 -- PPP1R13L -- MAPK9 -- LYN -- IRF1 -- EIF4G2 -- CYCS -- HIP1 -- CDK4 -- OTUD7B -- RNF11 -- CASP10 -- PSEN1 -- SOD1 -- RPA4 -- SMPD1 -- TNIK -- PELP1 -- BAX -- BAK1 -- BID -- FOXM1 -- PCNA -- PLAC8 -- DIABLO
513,TNFRSF1A -- TNFRSF1B -- MAPK8 -- STAT1 -- JUN -- FOS -- SIRT1 -- TNFAIP3 -- TRAF1 -- MAPK14 -- RHOA -- NR3C1 -- TGFB2 -- RAC1 -- MAP2K7 -- MAP3K1 -- VEGFA -- MAP3K14 -- RET -- TRADD -- ATM -- CASP2 -- CHUK -- RPS6KA5 -- PPP1R13L -- MAPK9 -- IRF1 -- EIF4G2 -- HTRA2 -- MYB -- HIP1 -- RNF11 -- PSEN1 -- SOD1 -- HNRNPK -- CASP7 -- SMPD1 -- TNIK -- HTT -- BRCA1 -- CDKN2A -- BID -- MCL1 -- PCNA -- TAF1 -- PLAC8 -- CASP9 -- DIABLO -- APAF1 -- RASSF1
514,TNFRSF1A -- TNFRSF1B -- MAPK8 -- STAT1 -- JUN -- FOS -- BIRC3 -- SIRT1 -- TNFAIP3 -- TRAF1 -- MAPK14 -- RHOA -- NR3C1 -- TGFB2 -- RAC1 -- MAP2K7 -- MAP3K1 -- VEGFA -- RET -- TRADD -- ATM -- CASP2 -- CHUK -- RPS6KA5 -- PPP1R13L -- MAPK9 -- IRF1 -- EIF4G2 -- MYB -- CYCS -- HIP1 -- RNF11 -- PSEN1 -- SOD1 -- HNRNPK -- CASP7 -- SMPD1 -- TNIK -- HTT -- BRCA1 -- CDKN2A -- BID -- MCL1 -- PCNA -- TAF1 -- PLAC8 -- DIABLO -- APAF1 -- RASSF1
515,STAT1 -- BIRC2 -- BIRC3 -- SIRT1 -- MAPK14 -- RAC1 -- MAP2K7 -- MAP3K1 -- VEGFA -- RET -- MAPK1 -- AKT1 -- ATM -- E2F1 -- CHUK -- RPS6KA5 -- PPP1R13L -- MAPK9 -- LYN -- IRF1 -- MYB -- CYCS -- HIP1 -- OTUD7B -- PARP1 -- PSEN1 -- SMPD1 -- BRCA1 -- CDKN2A -- BAK1 -- EIF4E -- BID -- RBL1 -- PCNA -- TAF1 -- PLAC8 -- DIABLO -- RASSF1
516,TNFRSF1A -- TNFRSF1B -- MAPK8 -- STAT1 -- JUN -- FOS -- BIRC3 -- SIRT1 -- TNFAIP3 -- TRAF1 -- MAPK14 -- RHOA -- NR3C1 -- RAC1 -- MAP2K7 -- MAP3K1 -- VEGFA -- MAP3K14 -- RET -- TRADD -- ATM -- CASP2 -- CHUK -- RPS6KA5 -- PPP1R13L -- MAPK9 -- IRF1 -- EIF4G2 -- MYB -- CYCS -- HIP1 -- RNF11 -- CASP10 -- PSEN1 -- SOD1 -- HNRNPK -- SMPD1 -- TNIK -- HTT -- BRCA1 -- CDKN2A -- BID -- MCL1 -- PCNA -- TAF1 -- PLAC8 -- CASP9 -- DIABLO -- APAF1 -- RASSF1
517,TNFRSF1A -- TNFRSF1B -- MAPK8 -- STAT1 -- FOS -- BIRC2 -- BIRC3 -- SIRT1 -- MYC -- TNFAIP3 -- TRAF1 -- MAPK14 -- RHOA -- NR3C1 -- TGFB2 -- RAC1 -- MAP2K7 -- MAP3K1 -- VEGFA -- RET -- TRADD -- ATM -- CHUK -- RPS6KA5 -- PPP1R13L -- MAPK9 -- LYN -- IRF1 -- EIF4G2 -- MYB -- CYCS -- HIP1 -- RNF11 -- PSEN1 -- SOD1 -- HNRNPK -- SMPD1 -- TNIK -- BRCA1 -- CDKN2A -- BID -- MCL1 -- PCNA -- TAF1 -- PLAC8 -- DIABLO -- RASSF1
518,TNFRSF1A -- TNFRSF1B -- MAPK8 -- STAT1 -- BIRC2 -- SIRT1 -- TNFAIP3 -- TRAF1 -- MAPK14 -- RHOA -- NR3C1 -- RAC1 -- MAP2K7 -- MAP3K1 -- VEGFA -- RET -- TRADD -- MDM2 -- CHUK -- RPS6KA5 -- PPP1R13L -- MAPK9 -- LYN -- IRF1 -- HTRA2 -- CYCS -- HIP1 -- CDK4 -- RNF11 -- PSEN1 -- SOD1 -- SMPD1 -- TNIK -- BRCA1 -- BAK1 -- EIF4E -- BID -- PCNA -- TAF1 -- PLAC8 -- DIABLO
519,TNFRSF1A -- TNFRSF1B -- MAPK8 -- BIRC2 -- SIRT1 -- MYC -- RB1 -- TNFAIP3 -- CCND1 -- MAPK14 -- PTMA -- RHOA -- RAC1 -- MAP2K7 -- MAP3K1 -- TRADD -- MDM2 -- CHUK -- PPP1R13L -- MAPK9 -- LYN -- IRF1 -- CYCS -- CDK4 -- OTUD7B -- RNF11 -- PSEN1 -- SOD1 -- RPA4 -- SMPD1 -- TNIK -- PELP1 -- BAX -- BAK1 -- EIF4E -- BID -- FOXM1 -- PCNA -- DIABLO -- RANGAP1
520,MAPK8 -- STAT1 -- JUN -- FOS -- SIRT1 -- TRAF1 -- MAPK14 -- NR3C1 -- TGFB2 -- RAC1 -- MAP2K7 -- MAP3K1 -- VEGFA -- MAP3K14 -- RET -- TRADD -- AKT1 -- ATM -- CASP2 -- CHUK -- RPS6KA5 -- PPP1R13L -- MAPK9 -- IRF1 -- EIF4G2 -- HTRA2 -- MYB -- HIP1 -- OTUD7B -- CASP10 -- PSEN1 -- HNRNPK -- SMPD1 -- TNIK -- HTT -- BRCA1 -- CDKN2A -- BID -- MCL1 -- PCNA -- TAF1 -- PLAC8 -- CASP9 -- DIABLO -- RASSF1
786,TNFRSF1A -- TNFRSF1B -- MAPK8 -- STAT1 -- BIRC2 -- BIRC3 -- SIRT1 -- MYC -- TNFAIP3 -- TRAF1 -- MAPK14 -- RHOA -- NR3C1 -- RAC1 -- MAP2K7 -- MAP3K1 -- VEGFA -- RET -- TRADD -- ATM -- CHUK -- PPP1R13L -- MAPK9 -- LYN -- IRF1 -- CYCS -- HIP1 -- RNF11 -- PSEN1 -- SOD1 -- HNRNPK -- SMPD1 -- TNIK -- BRCA1 -- EIF4E -- BID -- MCL1 -- PCNA -- TAF1 -- PLAC8 -- DIABLO -- RASSF1
522,TNFRSF1A -- TNFRSF1B -- MAPK8 -- STAT1 -- JUN -- FOS -- SIRT1 -- TNFAIP3 -- TRAF1 -- MAPK14 -- RHOA -- NR3C1 -- TGFB2 -- RAC1 -- MAP2K7 -- MAP3K1 -- VEGFA -- MAP3K14 -- RET -- TRADD -- ATM -- CASP2 -- CHUK -- RPS6KA5 -- PPP1R13L -- MAPK9 -- IRF1 -- EIF4G2 -- MYB -- HIP1 -- RNF11 -- PSEN1 -- SOD1 -- HNRNPK -- CASP7 -- SMPD1 -- TNIK -- HTT -- BRCA1 -- CDKN2A -- BID -- MCL1 -- PCNA -- TAF1 -- PLAC8 -- CASP9 -- DIABLO -- APAF1 -- RASSF1
523,TNFRSF1A -- TNFRSF1B -- NFKB1 -- MAPK8 -- BIRC2 -- BIRC3 -- SIRT1 -- MYC -- TNFAIP3 -- CCND1 -- MAPK14 -- PTMA -- RHOA -- RAC1 -- MAP2K7 -- MAP3K1 -- VEGFA -- TRADD -- TNFRSF10B -- ATM -- MDM2 -- CHUK -- PPP1R13L -- MAPK9 -- LYN -- IRF1 -- EIF4G2 -- CYCS -- CDK4 -- OTUD7B -- RNF11 -- CASP10 -- PSEN1 -- BAD -- SOD1 -- RPA4 -- SMPD1 -- TNIK -- PELP1 -- EIF4E -- BID -- FOXM1 -- MCL1 -- PCNA -- TAF1 -- DIABLO -- RANGAP1
524,TNFRSF1A -- TNFRSF1B -- MAPK8 -- BIRC2 -- BIRC3 -- SIRT1 -- MYC -- TNFAIP3 -- CCND1 -- MAPK14 -- PTMA -- RHOA -- TGFB2 -- RAC1 -- MAP2K7 -- MAP3K1 -- TRADD -- MDM2 -- CHUK -- PPP1R13L -- MAPK9 -- LYN -- IRF1 -- EIF4G2 -- CYCS -- CDK4 -- OTUD7B -- RNF11 -- CASP10 -- PSEN1 -- SOD1 -- RPA4 -- SMPD1 -- TNIK -- PELP1 -- BAK1 -- BID -- FOXM1 -- PCNA -- TAF1 -- DIABLO -- RANGAP1
525,TNFRSF1A -- TNFRSF1B -- MAPK8 -- STAT1 -- JUN -- FOS -- BIRC2 -- BIRC3 -- SIRT1 -- TNFAIP3 -- TRAF1 -- MAPK14 -- RHOA -- NR3C1 -- TGFB2 -- RAC1 -- MAP2K7 -- MAP3K1 -- VEGFA -- MAP3K14 -- RET -- TRADD -- ATM -- CASP2 -- CHUK -- RPS6KA5 -- PPP1R13L -- MAPK9 -- IRF1 -- EIF4G2 -- MYB -- CYCS -- HIP1 -- RNF11 -- PSEN1 -- SOD1 -- HNRNPK -- SMPD1 -- TNIK -- HTT -- BRCA1 -- CDKN2A -- BID -- MCL1 -- PCNA -- TAF1 -- PLAC8 -- DIABLO -- RASSF1
765,TNFRSF1A -- TNFRSF1B -- MAPK8 -- STAT1 -- JUN -- FOS -- BIRC2 -- SIRT1 -- TNFAIP3 -- TRAF1 -- MAPK14 -- RHOA -- NR3C1 -- TGFB2 -- RAC1 -- MAP2K7 -- MAP3K1 -- VEGFA -- MAP3K14 -- RET -- TRADD -- ATM -- CASP2 -- CHUK -- RPS6KA5 -- PPP1R13L -- MAPK9 -- IRF1 -- EIF4G2 -- MYB -- CYCS -- HIP1 -- RNF11 -- PSEN1 -- SOD1 -- HNRNPK -- SMPD1 -- TNIK -- HTT -- BRCA1 -- CDKN2A -- BID -- MCL1 -- PCNA -- TAF1 -- PLAC8 -- DIABLO -- APAF1 -- RASSF1
527,TNFRSF1A -- TNFRSF1B -- NFKB1 -- MAPK8 -- BIRC2 -- BIRC3 -- SIRT1 -- MYC -- RB1 -- TNFAIP3 -- CCND1 -- MAPK14 -- PTMA -- RHOA -- RAC1 -- MAP2K7 -- MAP3K1 -- IGF1 -- TRADD -- ATM -- MDM2 -- CHUK -- PPP1R13L -- MAPK9 -- LYN -- IRF1 -- CYCS -- CDK4 -- OTUD7B -- RNF11 -- PSEN1 -- BAD -- SOD1 -- RPA4 -- SMPD1 -- TNIK -- PELP1 -- BAX -- EIF4E -- BID -- FOXM1 -- PCNA -- DIABLO -- RANGAP1
528,TNFRSF1A -- TNFRSF1B -- NFKB1 -- MAPK8 -- SIRT1 -- RB1 -- TNFAIP3 -- CCND1 -- MAPK14 -- PTMA -- RHOA -- RAC1 -- MAP2K7 -- MAP3K1 -- MAP3K14 -- TRADD -- ATM -- MDM2 -- CHUK -- RPS6KA5 -- PPP1R13L -- MAPK9 -- LYN -- IRF1 -- HTRA2 -- CDK4 -- OTUD7B -- RNF11 -- PSEN1 -- SOD1 -- RPA4 -- SMPD1 -- TNIK -- PELP1 -- BAX -- BAK1 -- EIF4E -- BID -- FOXM1 -- PCNA -- DIABLO -- APAF1
529,TNFRSF1A -- TNFRSF1B -- MAPK8 -- STAT1 -- JUN -- FOS -- SIRT1 -- TNFAIP3 -- TRAF1 -- MAPK14 -- RHOA -- NR3C1 -- TGFB2 -- RAC1 -- MAP2K7 -- MAP3K1 -- VEGFA -- MAP3K14 -- RET -- TRADD -- ATM -- CASP2 -- CHUK -- RPS6KA5 -- PPP1R13L -- MAPK9 -- IRF1 -- EIF4G2 -- HTRA2 -- MYB -- HIP1 -- RNF11 -- PSEN1 -- SOD1 -- HNRNPK -- CASP7 -- SMPD1 -- TNIK -- HTT -- BRCA1 -- CDKN2A -- BAK1 -- BID -- PCNA -- TAF1 -- PLAC8 -- CASP9 -- DIABLO -- APAF1 -- RASSF1
530,TNFRSF1A -- TNFRSF1B -- MAPK8 -- BIRC2 -- SIRT1 -- MYC -- TNFAIP3 -- CCND1 -- MAPK14 -- PTMA -- RHOA -- RAC1 -- MAP2K7 -- MAP3K1 -- IGF1 -- MAP3K14 -- TRADD -- ATM -- CASP2 -- MDM2 -- CHUK -- PPP1R13L -- MAPK9 -- LYN -- IRF1 -- EIF4G2 -- CYCS -- CDK4 -- OTUD7B -- RNF11 -- CASP10 -- PSEN1 -- BAD -- SOD1 -- RPA4 -- SMPD1 -- TNIK -- HTT -- PELP1 -- BID -- FOXM1 -- PCNA -- TAF1 -- DIABLO -- RANGAP1
531,TNFRSF1A -- TNFRSF1B -- MAPK8 -- STAT1 -- BIRC2 -- BIRC3 -- SIRT1 -- TNFAIP3 -- TRAF1 -- MAPK14 -- RHOA -- NR3C1 -- TGFB2 -- RAC1 -- MAP2K7 -- MAP3K1 -- VEGFA -- RET -- TRADD -- ATM -- CHUK -- RPS6KA5 -- PPP1R13L -- MAPK9 -- LYN -- IRF1 -- MYB -- CYCS -- HIP1 -- RNF11 -- PSEN1 -- SOD1 -- HNRNPK -- SMPD1 -- TNIK -- BRCA1 -- CDKN2A -- EIF4E -- BID -- MCL1 -- PCNA -- TAF1 -- PLAC8 -- DIABLO -- RASSF1
532,TNFRSF1A -- TNFRSF1B -- NFKB1 -- MAPK8 -- SIRT1 -- RB1 -- TNFAIP3 -- CCND1 -- TRAF1 -- MAPK14 -- RHOA -- RAC1 -- MAP2K7 -- MAP3K1 -- MAP3K14 -- TRADD -- TNFRSF10B -- ATM -- CASP2 -- MDM2 -- CHUK -- RPS6KA5 -- PPP1R13L -- MAPK9 -- LYN -- IRF1 -- EIF4G2 -- HTRA2 -- HIP1 -- CDK4 -- OTUD7B -- RNF11 -- CASP10 -- PSEN1 -- SOD1 -- RPA4 -- SMPD1 -- TNIK -- PELP1 -- BAX -- BAK1 -- BID -- FOXM1 -- PCNA -- PLAC8 -- DIABLO
533,TNFRSF1A -- TNFRSF1B -- MAPK8 -- STAT1 -- JUN -- FOS -- BIRC2 -- BIRC3 -- SIRT1 -- TNFAIP3 -- TRAF1 -- MAPK14 -- RHOA -- NR3C1 -- TGFB2 -- RAC1 -- MAP2K7 -- MAP3K1 -- VEGFA -- RET -- TRADD -- ATM -- CHUK -- RPS6KA5 -- PPP1R13L -- MAPK9 -- IRF1 -- EIF4G2 -- MYB -- CYCS -- HIP1 -- RNF11 -- PSEN1 -- SOD1 -- HNRNPK -- SMPD1 -- TNIK -- BRCA1 -- CDKN2A -- BID -- MCL1 -- PCNA -- TAF1 -- PLAC8 -- CASP9 -- DIABLO -- RASSF1
534,TNFRSF1A -- TNFRSF1B -- MAPK8 -- STAT1 -- BIRC2 -- SIRT1 -- MYC -- TNFAIP3 -- MAPK14 -- PTMA -- RHOA -- RAC1 -- MAP2K7 -- MAP3K1 -- VEGFA -- RET -- TRADD -- ATM -- CHUK -- PPP1R13L -- MAPK9 -- LYN -- IRF1 -- CYCS -- RNF11 -- PSEN1 -- SOD1 -- HNRNPK -- SMPD1 -- TNIK -- BRCA1 -- EIF4E -- BID -- MCL1 -- PCNA -- TAF1 -- DIABLO -- RASSF1 -- RANGAP1
535,TNFRSF1A -- TNFRSF1B -- NFKB1 -- MAPK8 -- SIRT1 -- RB1 -- TNFAIP3 -- CCND1 -- TRAF1 -- MAPK14 -- RHOA -- RAC1 -- MAP2K7 -- MAP3K1 -- IGF1 -- MAP3K14 -- TRADD -- TNFRSF10B -- ATM -- CASP2 -- MDM2 -- CHUK -- RPS6KA5 -- PPP1R13L -- MAPK9 -- LYN -- IRF1 -- EIF4G2 -- HTRA2 -- HIP1 -- CDK4 -- OTUD7B -- RNF11 -- CASP10 -- PSEN1 -- SOD1 -- RPA4 -- SMPD1 -- TNIK -- HTT -- PELP1 -- BAX -- BAK1 -- BID -- FOXM1 -- PCNA -- PLAC8 -- CASP9 -- DIABLO -- APAF1
536,TNFRSF1A -- TNFRSF1B -- NFKB1 -- MAPK8 -- BIRC2 -- BIRC3 -- SIRT1 -- RB1 -- TNFAIP3 -- CCND1 -- TRAF1 -- MAPK14 -- RHOA -- RAC1 -- MAP2K7 -- MAP3K1 -- IGF1 -- TRADD -- TNFRSF10B -- MDM2 -- CHUK -- RPS6KA5 -- PPP1R13L -- MAPK9 -- LYN -- IRF1 -- EIF4G2 -- CYCS -- HIP1 -- CDK4 -- OTUD7B -- RNF11 -- CASP10 -- PSEN1 -- SOD1 -- RPA4 -- SMPD1 -- TNIK -- PELP1 -- BAX -- BAK1 -- BID -- FOXM1 -- PCNA -- PLAC8 -- DIABLO
537,SMURF2 -- TNFRSF1B -- MAPK8 -- STAT1 -- JUN -- BIRC2 -- BIRC3 -- SIRT1 -- RB1 -- TRAF1 -- MAPK14 -- NR3C1 -- TGFB2 -- RAC1 -- MAP2K7 -- MAP3K1 -- VEGFA -- TRADD -- TRAF2 -- TNFRSF10B -- AKT1 -- ATM -- CHUK -- RPS6KA5 -- PPP1R13L -- MAPK9 -- LYN -- IRF1 -- EIF4G2 -- MYB -- CYCS -- HIP1 -- OTUD7B -- CASP10 -- PSEN1 -- HNRNPK -- SMPD1 -- TNIK -- BRCA1 -- CDKN2A -- BID -- MCL1 -- PCNA -- TAF1 -- PLAC8 -- DIABLO -- RASSF1
538,TNFRSF1A -- TNFRSF1B -- NFKB1 -- MAPK8 -- BIRC2 -- SIRT1 -- RB1 -- TNFAIP3 -- CCND1 -- TRAF1 -- MAPK14 -- RHOA -- RAC1 -- MAP2K7 -- MAP3K1 -- IGF1 -- TRADD -- TNFRSF10B -- MDM2 -- CHUK -- RPS6KA5 -- PPP1R13L -- MAPK9 -- LYN -- IRF1 -- HTRA2 -- HIP1 -- CDK4 -- OTUD7B -- RNF11 -- CASP10 -- PSEN1 -- SOD1 -- RPA4 -- SMPD1 -- TNIK -- PELP1 -- BAX -- BAK1 -- EIF4E -- BID -- FOXM1 -- PCNA -- PLAC8 -- DIABLO
539,TNFRSF1A -- TNFRSF1B -- MAPK8 -- STAT1 -- FOS -- BIRC2 -- BIRC3 -- SIRT1 -- TNFAIP3 -- TRAF1 -- MAPK14 -- RHOA -- TGFB2 -- RAC1 -- MAP2K7 -- MAP3K1 -- IGF1 -- VEGFA -- RET -- TRADD -- AKT1 -- CHUK -- RPS6KA5 -- PPP1R13L -- MAPK9 -- LYN -- IRF1 -- MYB -- HIP1 -- CDK4 -- OTUD7B -- PSEN1 -- HNRNPK -- RPA4 -- SMPD1 -- TNIK -- BBC3 -- PELP1 -- BAK1 -- EIF4E -- BID -- FOXM1 -- RBL1 -- PCNA -- TAF1 -- PLAC8 -- DIABLO
540,TNFRSF1A -- TNFRSF1B -- MAPK8 -- FOS -- SIRT1 -- MYC -- TNFAIP3 -- CCND1 -- TRAF1 -- MAPK14 -- PTMA -- RHOA -- TGFB2 -- RAC1 -- MAP2K7 -- MAP3K1 -- MAP3K14 -- TRADD -- CASP2 -- MDM2 -- CHUK -- PPP1R13L -- MAPK9 -- IRF1 -- EIF4G2 -- HTRA2 -- CDK4 -- OTUD7B -- RNF11 -- PSEN1 -- SOD1 -- RPA4 -- CASP7 -- SMPD1 -- TNIK -- HTT -- PELP1 -- BAX -- BID -- FOXM1 -- MCL1 -- PCNA -- TAF1 -- DIABLO -- APAF1 -- RANGAP1
541,NFKB1 -- BIRC2 -- BIRC3 -- RB1 -- TNFAIP3 -- CCND1 -- TRAF1 -- MAPK14 -- IL2 -- RAC1 -- MAP2K7 -- MAP3K1 -- IGF1 -- MAPK1 -- TNFRSF10B -- AKT1 -- ATM -- MDM2 -- CHUK -- RPS6KA5 -- PPP1R13L -- MAPK9 -- LYN -- IRF1 -- EIF4G2 -- HIP1 -- CDK4 -- OTUD7B -- CASP10 -- PARP1 -- PSEN1 -- RPA4 -- BCL2L1 -- PELP1 -- EIF4E -- BID -- FOXM1 -- MCL1 -- PCNA -- PLAC8 -- DIABLO
542,TNFRSF1A -- TNFRSF1B -- NFKB1 -- MAPK8 -- SIRT1 -- RB1 -- TNFAIP3 -- CCND1 -- TRAF1 -- MAPK14 -- RHOA -- RAC1 -- MAP2K7 -- MAP3K1 -- MAP3K14 -- TRADD -- TNFRSF10B -- ATM -- MDM2 -- CHUK -- RPS6KA5 -- PPP1R13L -- MAPK9 -- IRF1 -- EIF4G2 -- HTRA2 -- HIP1 -- CDK4 -- OTUD7B -- RNF11 -- CASP10 -- PSEN1 -- SOD1 -- RPA4 -- SMPD1 -- TNIK -- PELP1 -- BAX -- BAK1 -- BID -- FOXM1 -- PCNA -- PLAC8 -- CASP9 -- DIABLO -- APAF1
543,STAT1 -- BIRC3 -- SIRT1 -- FASLG -- MAPK14 -- RAC1 -- MAP2K7 -- MAP3K1 -- IGF1 -- VEGFA -- MAP3K14 -- RET -- MAPK1 -- AKT1 -- ATM -- MDM2 -- CHUK -- RPS6KA5 -- PPP1R13L -- MAPK9 -- LYN -- IRF1 -- MYB -- CYCS -- HIP1 -- CDK4 -- OTUD7B -- PSEN1 -- RPA4 -- CASP7 -- SMPD1 -- BBC3 -- PELP1 -- BAK1 -- EIF4E -- BID -- CTBP1 -- PCNA -- TAF1 -- PLAC8 -- DIABLO
544,TNFRSF1A -- TNFRSF1B -- NFKB1 -- MAPK8 -- STAT1 -- BIRC2 -- BIRC3 -- SIRT1 -- MYC -- TNFAIP3 -- MAPK14 -- PTMA -- RHOA -- TGFB2 -- RAC1 -- MAP2K7 -- MAP3K1 -- VEGFA -- TRADD -- TNFRSF10B -- MDM2 -- CHUK -- PPP1R13L -- MAPK9 -- LYN -- IRF1 -- CYCS -- CDK4 -- OTUD7B -- RNF11 -- PSEN1 -- BAD -- SOD1 -- RPA4 -- SMPD1 -- TNIK -- PELP1 -- EIF4E -- BID -- FOXM1 -- MCL1 -- PCNA -- TAF1 -- DIABLO -- RANGAP1
545,TNFRSF1A -- TNFRSF1B -- MAPK8 -- STAT1 -- JUN -- FOS -- BIRC2 -- BIRC3 -- SIRT1 -- TNFAIP3 -- TRAF1 -- MAPK14 -- RHOA -- NR3C1 -- TGFB2 -- RAC1 -- MAP2K7 -- MAP3K1 -- VEGFA -- RET -- TRADD -- ATM -- CASP2 -- CHUK -- RPS6KA5 -- PPP1R13L -- MAPK9 -- LYN -- IRF1 -- EIF4G2 -- MYB -- CYCS -- HIP1 -- RNF11 -- PSEN1 -- SOD1 -- HNRNPK -- SMPD1 -- TNIK -- HTT -- BRCA1 -- CDKN2A -- BID -- MCL1 -- PCNA -- TAF1 -- PLAC8 -- DIABLO -- APAF1 -- RASSF1
546,TNFRSF1A -- TNFRSF1B -- NFKB1 -- MAPK8 -- FOS -- SIRT1 -- RB1 -- TNFAIP3 -- CCND1 -- TRAF1 -- MAPK14 -- RHOA -- RAC1 -- MAP2K7 -- MAP3K1 -- MAP3K14 -- TRADD -- TNFRSF10B -- ATM -- CASP2 -- MDM2 -- CHUK -- RPS6KA5 -- PPP1R13L -- MAPK9 -- IRF1 -- EIF4G2 -- HTRA2 -- HIP1 -- CDK4 -- OTUD7B -- RNF11 -- CASP10 -- PSEN1 -- SOD1 -- RPA4 -- SMPD1 -- TNIK -- HTT -- PELP1 -- BAX -- BAK1 -- BID -- FOXM1 -- PCNA -- PLAC8 -- CASP9 -- DIABLO -- APAF1
547,TNFRSF1A -- TNFRSF1B -- NFKB1 -- MAPK8 -- JUN -- FOS -- SIRT1 -- RB1 -- TNFAIP3 -- CCND1 -- TRAF1 -- MAPK14 -- RHOA -- RAC1 -- MAP2K7 -- MAP3K1 -- IGF1 -- MAP3K14 -- TRADD -- TNFRSF10B -- ATM -- CASP2 -- MDM2 -- CHUK -- RPS6KA5 -- PPP1R13L -- MAPK9 -- IRF1 -- EIF4G2 -- HTRA2 -- HIP1 -- CDK4 -- OTUD7B -- RNF11 -- CASP10 -- PSEN1 -- SOD1 -- RPA4 -- SMPD1 -- TNIK -- HTT -- CDKN2A -- PELP1 -- BAX -- BAK1 -- BID -- FOXM1 -- PCNA -- PLAC8 -- CASP9 -- DIABLO -- APAF1
548,TNFRSF1A -- TNFRSF1B -- MAPK8 -- STAT1 -- JUN -- FOS -- SIRT1 -- TNFAIP3 -- TRAF1 -- MAPK14 -- RHOA -- NR3C1 -- RAC1 -- MAP2K7 -- MAP3K1 -- VEGFA -- MAP3K14 -- RET -- TRADD -- ATM -- CASP2 -- CHUK -- RPS6KA5 -- PPP1R13L -- MAPK9 -- IRF1 -- EIF4G2 -- MYB -- CYCS -- HIP1 -- RNF11 -- PSEN1 -- SOD1 -- HNRNPK -- SMPD1 -- TNIK -- HTT -- BRCA1 -- CDKN2A -- BID -- MCL1 -- PCNA -- TAF1 -- PLAC8 -- CASP9 -- DIABLO -- APAF1 -- RASSF1
777,TNFRSF1A -- TNFRSF1B -- NFKB1 -- MAPK8 -- BIRC2 -- BIRC3 -- SIRT1 -- RB1 -- TNFAIP3 -- CCND1 -- TRAF1 -- MAPK14 -- RHOA -- RAC1 -- MAP2K7 -- MAP3K1 -- IGF1 -- TRADD -- TNFRSF10B -- MDM2 -- CHUK -- RPS6KA5 -- PPP1R13L -- MAPK9 -- LYN -- IRF1 -- EIF4G2 -- HTRA2 -- HIP1 -- CDK4 -- OTUD7B -- RNF11 -- CASP10 -- PSEN1 -- SOD1 -- RPA4 -- SMPD1 -- TNIK -- PELP1 -- BAX -- BAK1 -- BID -- FOXM1 -- PCNA -- PLAC8 -- DIABLO
550,TNFRSF1A -- TNFRSF1B -- MAPK8 -- BIRC2 -- SIRT1 -- RB1 -- TNFAIP3 -- CCND1 -- TRAF1 -- MAPK14 -- RHOA -- RAC1 -- MAP2K7 -- MAP3K1 -- TRADD -- ATM -- MDM2 -- CHUK -- PPP1R13L -- MAPK9 -- LYN -- IRF1 -- CYCS -- CDK4 -- OTUD7B -- RNF11 -- PSEN1 -- SOD1 -- RPA4 -- SMPD1 -- TNIK -- PELP1 -- EIF4E -- BID -- FOXM1 -- PCNA -- TAF1 -- DIABLO
551,TNFRSF1A -- TNFRSF1B -- MAPK8 -- STAT1 -- BIRC2 -- BIRC3 -- SIRT1 -- MYC -- TNFAIP3 -- TRAF1 -- MAPK14 -- RHOA -- RAC1 -- MAP2K7 -- MAP3K1 -- VEGFA -- RET -- TRADD -- ATM -- CHUK -- PPP1R13L -- MAPK9 -- LYN -- IRF1 -- MYB -- CYCS -- HIP1 -- RNF11 -- PSEN1 -- SOD1 -- HNRNPK -- SMPD1 -- TNIK -- HTT -- BRCA1 -- CDKN2A -- BID -- MCL1 -- PCNA -- TAF1 -- PLAC8 -- DIABLO -- RASSF1
552,TNFRSF1A -- TNFRSF1B -- NFKB1 -- MAPK8 -- FOS -- SIRT1 -- RB1 -- TNFAIP3 -- CCND1 -- TRAF1 -- MAPK14 -- RHOA -- RAC1 -- MAP2K7 -- MAP3K1 -- IGF1 -- MAP3K14 -- TRADD -- TNFRSF10B -- CASP2 -- MDM2 -- CHUK -- RPS6KA5 -- PPP1R13L -- MAPK9 -- IRF1 -- EIF4G2 -- HTRA2 -- HIP1 -- CDK4 -- OTUD7B -- RNF11 -- CASP10 -- PSEN1 -- SOD1 -- RPA4 -- SMPD1 -- TNIK -- HTT -- PELP1 -- BAX -- BAK1 -- EIF4E -- BID -- FOXM1 -- PCNA -- PLAC8 -- CASP9 -- DIABLO -- APAF1
553,STAT1 -- JUN -- FOS -- BIRC2 -- BIRC3 -- SIRT1 -- MAPK14 -- RHOA -- TGFB2 -- RAC1 -- MAP2K7 -- MAP3K1 -- VEGFA -- RET -- MAPK1 -- ATM -- E2F1 -- CHUK -- RPS6KA5 -- PPP1R13L -- MAPK9 -- LYN -- IRF1 -- EIF4G2 -- MYB -- CYCS -- HIP1 -- OTUD7B -- RNF11 -- PARP1 -- PSEN1 -- SOD1 -- HNRNPK -- BRCA1 -- CDKN2A -- BBC3 -- BAX -- BAK1 -- BID -- RBL1 -- PCNA -- TAF1 -- PLAC8 -- DIABLO -- RASSF1
554,TNFRSF1A -- TNFRSF1B -- MAPK8 -- STAT1 -- JUN -- FOS -- BIRC2 -- SIRT1 -- TNFAIP3 -- TRAF1 -- MAPK14 -- RHOA -- NR3C1 -- TGFB2 -- RAC1 -- MAP2K7 -- MAP3K1 -- VEGFA -- RET -- TRADD -- ATM -- CHUK -- RPS6KA5 -- PPP1R13L -- MAPK9 -- IRF1 -- EIF4G2 -- MYB -- CYCS -- HIP1 -- RNF11 -- PSEN1 -- SOD1 -- HNRNPK -- CASP7 -- SMPD1 -- TNIK -- BRCA1 -- CDKN2A -- BID -- MCL1 -- PCNA -- TAF1 -- PLAC8 -- DIABLO -- RASSF1
555,TNFRSF1A -- TNFRSF1B -- MAPK8 -- JUN -- FOS -- SIRT1 -- RB1 -- TNFAIP3 -- CCND1 -- TRAF1 -- MAPK14 -- RHOA -- NR3C1 -- RAC1 -- MAP2K7 -- MAP3K1 -- MAP3K14 -- RET -- TRADD -- ATM -- CASP2 -- CHUK -- RPS6KA5 -- PPP1R13L -- MAPK9 -- IRF1 -- EIF4G2 -- HTRA2 -- MYB -- HIP1 -- RNF11 -- CASP10 -- PSEN1 -- SOD1 -- HNRNPK -- SMPD1 -- TNIK -- HTT -- BRCA1 -- CDKN2A -- BAX -- BAK1 -- BID -- PCNA -- PLAC8 -- CASP9 -- DIABLO -- APAF1 -- RASSF1
556,TNFRSF1A -- TNFRSF1B -- NFKB1 -- MAPK8 -- BIRC2 -- SIRT1 -- RB1 -- TNFAIP3 -- CCND1 -- TRAF1 -- MAPK14 -- RHOA -- RAC1 -- MAP2K7 -- MAP3K1 -- IGF1 -- TRADD -- TNFRSF10B -- MDM2 -- CHUK -- RPS6KA5 -- PPP1R13L -- MAPK9 -- LYN -- IRF1 -- EIF4G2 -- HTRA2 -- HIP1 -- CDK4 -- OTUD7B -- RNF11 -- CASP10 -- PSEN1 -- SOD1 -- RPA4 -- SMPD1 -- TNIK -- PELP1 -- BAX -- BAK1 -- BID -- FOXM1 -- PCNA -- PLAC8 -- DIABLO
557,TNFRSF1A -- TNFRSF1B -- NFKB1 -- MAPK8 -- SIRT1 -- RB1 -- TNFAIP3 -- CCND1 -- TRAF1 -- MAPK14 -- RHOA -- RAC1 -- MAP2K7 -- MAP3K1 -- TRADD -- TNFRSF10B -- ATM -- CASP2 -- MDM2 -- CHUK -- RPS6KA5 -- PPP1R13L -- MAPK9 -- LYN -- IRF1 -- EIF4G2 -- HTRA2 -- HIP1 -- CDK4 -- OTUD7B -- RNF11 -- CASP10 -- PSEN1 -- SOD1 -- RPA4 -- SMPD1 -- TNIK -- HTT -- PELP1 -- BAX -- BAK1 -- BID -- FOXM1 -- PCNA -- PLAC8 -- DIABLO -- APAF1
558,TNFRSF1A -- TNFRSF1B -- MAPK8 -- STAT1 -- JUN -- FOS -- BIRC2 -- SIRT1 -- TNFAIP3 -- TRAF1 -- MAPK14 -- RHOA -- NR3C1 -- TGFB2 -- RAC1 -- MAP2K7 -- MAP3K1 -- VEGFA -- MAP3K14 -- RET -- TRADD -- ATM -- CHUK -- RPS6KA5 -- PPP1R13L -- MAPK9 -- IRF1 -- EIF4G2 -- MYB -- HIP1 -- RNF11 -- CASP10 -- PSEN1 -- SOD1 -- HNRNPK -- CASP7 -- SMPD1 -- TNIK -- BRCA1 -- CDKN2A -- BID -- MCL1 -- PCNA -- PLAC8 -- DIABLO -- APAF1 -- RASSF1
559,TNFRSF1A -- TNFRSF1B -- MAPK8 -- STAT1 -- BIRC2 -- SIRT1 -- MYC -- TNFAIP3 -- CCND1 -- TRAF1 -- MAPK14 -- PTMA -- RHOA -- RAC1 -- MAP2K7 -- MAP3K1 -- VEGFA -- TRADD -- MDM2 -- CHUK -- PPP1R13L -- MAPK9 -- LYN -- IRF1 -- CYCS -- CDK4 -- OTUD7B -- RNF11 -- PSEN1 -- BAD -- SOD1 -- RPA4 -- SMPD1 -- TNIK -- PELP1 -- BID -- FOXM1 -- MCL1 -- PCNA -- TAF1 -- DIABLO
560,TNFRSF1A -- TNFRSF1B -- NFKB1 -- MAPK8 -- BIRC2 -- BIRC3 -- SIRT1 -- RB1 -- TNFAIP3 -- CCND1 -- TRAF1 -- MAPK14 -- RHOA -- IL2 -- RAC1 -- MAP2K7 -- MAP3K1 -- IGF1 -- TRADD -- TNFRSF10B -- AKT1 -- ATM -- MDM2 -- CHUK -- RPS6KA5 -- PPP1R13L -- MAPK9 -- LYN -- IRF1 -- EIF4G2 -- CYCS -- HIP1 -- CDK4 -- OTUD7B -- CASP10 -- PSEN1 -- RPA4 -- TNIK -- PELP1 -- BID -- FOXM1 -- MCL1 -- PCNA -- PLAC8 -- DIABLO
561,STAT1 -- BIRC2 -- SIRT1 -- TRAF1 -- MAPK14 -- TGFB2 -- RAC1 -- MAP2K7 -- MAP3K1 -- IGF1 -- VEGFA -- MAP3K14 -- RET -- TRADD -- AKT1 -- CASP2 -- E2F1 -- CHUK -- RPS6KA5 -- PPP1R13L -- MAPK9 -- IRF1 -- CYCS -- HIP1 -- CDK4 -- OTUD7B -- RNF11 -- PARP1 -- PSEN1 -- SOD1 -- RPA4 -- CASP7 -- SMPD1 -- TNIK -- HTT -- BBC3 -- PELP1 -- BAK1 -- EIF4E -- FOXM1 -- CTBP1 -- RBL1 -- PCNA -- TAF1 -- PLAC8 -- DIABLO -- APAF1
562,TNFRSF1A -- TNFRSF1B -- MAPK8 -- STAT1 -- JUN -- FOS -- SIRT1 -- TNFAIP3 -- TRAF1 -- MAPK14 -- RHOA -- TGFB2 -- RAC1 -- MAP2K7 -- MAP3K1 -- VEGFA -- MAP3K14 -- TRADD -- TNFRSF10B -- ATM -- CASP2 -- MDM2 -- CHUK -- RPS6KA5 -- PPP1R13L -- MAPK9 -- IRF1 -- EIF4G2 -- HTRA2 -- MYB -- HIP1 -- OTUD7B -- RNF11 -- CASP10 -- PSEN1 -- SOD1 -- SMPD1 -- TNIK -- HTT -- BRCA1 -- CDKN2A -- PELP1 -- BAK1 -- BID -- MCL1 -- PCNA -- TAF1 -- PLAC8 -- CASP9 -- DIABLO -- APAF1 -- RASSF1
563,TNFRSF1A -- TNFRSF1B -- MAPK8 -- JUN -- FOS -- SIRT1 -- RB1 -- TNFAIP3 -- TRAF1 -- MAPK14 -- RHOA -- RAC1 -- MAP2K7 -- MAP3K1 -- MAP3K14 -- TRADD -- TNFRSF10B -- ATM -- CASP2 -- CHUK -- RPS6KA5 -- PPP1R13L -- MAPK9 -- IRF1 -- EIF4G2 -- HTRA2 -- MYB -- HIP1 -- RNF11 -- CASP10 -- PSEN1 -- SOD1 -- HNRNPK -- RPA4 -- SMPD1 -- TNIK -- HTT -- BRCA1 -- CDKN2A -- PELP1 -- BAX -- BAK1 -- BID -- FOXM1 -- PCNA -- PLAC8 -- CASP9 -- DIABLO -- APAF1
564,TNFRSF1A -- TNFRSF1B -- MAPK8 -- STAT1 -- JUN -- FOS -- BIRC2 -- SIRT1 -- TNFAIP3 -- TRAF1 -- MAPK14 -- RHOA -- NR3C1 -- TGFB2 -- RAC1 -- MAP2K7 -- MAP3K1 -- VEGFA -- MAP3K14 -- RET -- TRADD -- ATM -- CASP2 -- CHUK -- RPS6KA5 -- PPP1R13L -- MAPK9 -- IRF1 -- EIF4G2 -- MYB -- HIP1 -- RNF11 -- PSEN1 -- SOD1 -- HNRNPK -- CASP7 -- SMPD1 -- TNIK -- HTT -- BRCA1 -- CDKN2A -- BID -- MCL1 -- PCNA -- TAF1 -- PLAC8 -- DIABLO -- APAF1 -- RASSF1
565,TNFRSF1A -- TNFRSF1B -- NFKB1 -- MAPK8 -- BIRC2 -- BIRC3 -- SIRT1 -- RB1 -- TNFAIP3 -- CCND1 -- TRAF1 -- MAPK14 -- RHOA -- RAC1 -- MAP2K7 -- MAP3K1 -- IGF1 -- TRADD -- TNFRSF10B -- MDM2 -- CHUK -- RPS6KA5 -- PPP1R13L -- MAPK9 -- LYN -- IRF1 -- EIF4G2 -- CYCS -- HIP1 -- CDK4 -- OTUD7B -- RNF11 -- CASP10 -- PSEN1 -- SOD1 -- RPA4 -- SMPD1 -- TNIK -- PELP1 -- BAX -- BAK1 -- BID -- FOXM1 -- PCNA -- PLAC8 -- DIABLO
566,TNFRSF1A -- TNFRSF1B -- MAPK8 -- STAT1 -- JUN -- FOS -- SIRT1 -- RB1 -- TNFAIP3 -- TRAF1 -- MAPK14 -- RHOA -- RAC1 -- MAP2K7 -- MAP3K1 -- IGF1 -- VEGFA -- MAP3K14 -- RET -- TRADD -- TNFRSF10B -- ATM -- CASP2 -- CHUK -- RPS6KA5 -- PPP1R13L -- MAPK9 -- IRF1 -- EIF4G2 -- HTRA2 -- MYB -- HIP1 -- OTUD7B -- RNF11 -- CASP10 -- PSEN1 -- SOD1 -- RPA4 -- SMPD1 -- TNIK -- HTT -- CDKN2A -- PELP1 -- BAX -- BAK1 -- BID -- PCNA -- PLAC8 -- CASP9 -- DIABLO -- APAF1
567,TNFRSF1A -- TNFRSF1B -- MAPK8 -- STAT1 -- JUN -- FOS -- SIRT1 -- TNFAIP3 -- TRAF1 -- MAPK14 -- RHOA -- TGFB2 -- RAC1 -- MAP2K7 -- MAP3K1 -- VEGFA -- MAP3K14 -- RET -- TRADD -- ATM -- CASP2 -- CHUK -- RPS6KA5 -- PPP1R13L -- MAPK9 -- IRF1 -- EIF4G2 -- HTRA2 -- MYB -- HIP1 -- OTUD7B -- RNF11 -- PSEN1 -- SOD1 -- HNRNPK -- CASP7 -- SMPD1 -- TNIK -- HTT -- CDKN2A -- PELP1 -- BAX -- EIF4E -- BID -- FOXM1 -- MCL1 -- PCNA -- TAF1 -- PLAC8 -- CASP9 -- DIABLO -- APAF1
568,TNFRSF1A -- TNFRSF1B -- MAPK8 -- STAT1 -- JUN -- FOS -- BIRC2 -- BIRC3 -- SIRT1 -- TNFAIP3 -- TRAF1 -- MAPK14 -- RHOA -- NR3C1 -- TGFB2 -- RAC1 -- MAP2K7 -- MAP3K1 -- VEGFA -- RET -- TRADD -- ATM -- CHUK -- RPS6KA5 -- PPP1R13L -- MAPK9 -- LYN -- IRF1 -- EIF4G2 -- MYB -- CYCS -- HIP1 -- RNF11 -- CASP10 -- PSEN1 -- SOD1 -- HNRNPK -- SMPD1 -- TNIK -- BRCA1 -- CDKN2A -- BID -- MCL1 -- PCNA -- TAF1 -- PLAC8 -- DIABLO -- RASSF1
569,TNFRSF1A -- TNFRSF1B -- MAPK8 -- BIRC2 -- SIRT1 -- MYC -- TNFAIP3 -- CCND1 -- MAPK14 -- PTMA -- RHOA -- RAC1 -- MAP2K7 -- MAP3K1 -- IGF1 -- TRADD -- ATM -- MDM2 -- CHUK -- PPP1R13L -- MAPK9 -- LYN -- IRF1 -- CYCS -- CDK4 -- OTUD7B -- RNF11 -- PSEN1 -- BAD -- SOD1 -- RPA4 -- SMPD1 -- TNIK -- PELP1 -- EIF4E -- BID -- FOXM1 -- MCL1 -- PCNA -- TAF1 -- DIABLO -- RANGAP1
570,TNFRSF1A -- TNFRSF1B -- MAPK8 -- JUN -- FOS -- SIRT1 -- RB1 -- TNFAIP3 -- CCND1 -- TRAF1 -- MAPK14 -- RHOA -- RAC1 -- MAP2K7 -- MAP3K1 -- MAP3K14 -- RET -- TRADD -- TNFRSF10B -- ATM -- CASP2 -- CHUK -- RPS6KA5 -- PPP1R13L -- MAPK9 -- IRF1 -- EIF4G2 -- HTRA2 -- MYB -- HIP1 -- OTUD7B -- RNF11 -- CASP10 -- PSEN1 -- SOD1 -- SMPD1 -- TNIK -- HTT -- CDKN2A -- BAX -- BAK1 -- BID -- FOXM1 -- PCNA -- PLAC8 -- CASP9 -- DIABLO -- APAF1 -- RASSF1
571,TNFRSF1A -- TNFRSF1B -- MAPK8 -- STAT1 -- JUN -- FOS -- SIRT1 -- TNFAIP3 -- TRAF1 -- MAPK14 -- RHOA -- NR3C1 -- TGFB2 -- RAC1 -- MAP2K7 -- MAP3K1 -- VEGFA -- MAP3K14 -- RET -- TRADD -- ATM -- CASP2 -- CHUK -- RPS6KA5 -- PPP1R13L -- MAPK9 -- IRF1 -- EIF4G2 -- HTRA2 -- MYB -- HIP1 -- RNF11 -- PSEN1 -- SOD1 -- HNRNPK -- CASP7 -- SMPD1 -- TNIK -- HTT -- BRCA1 -- CDKN2A -- BAX -- BID -- MCL1 -- PCNA -- TAF1 -- PLAC8 -- CASP9 -- DIABLO -- APAF1 -- RASSF1
572,TNFRSF1A -- TNFRSF1B -- MAPK8 -- STAT1 -- JUN -- FOS -- BIRC3 -- SIRT1 -- TNFAIP3 -- TRAF1 -- MAPK14 -- RHOA -- NR3C1 -- TGFB2 -- RAC1 -- MAP2K7 -- MAP3K1 -- VEGFA -- RET -- TRADD -- ATM -- CASP2 -- CHUK -- RPS6KA5 -- PPP1R13L -- MAPK9 -- IRF1 -- EIF4G2 -- MYB -- HIP1 -- RNF11 -- PSEN1 -- SOD1 -- HNRNPK -- SMPD1 -- TNIK -- HTT -- BRCA1 -- CDKN2A -- BID -- MCL1 -- PCNA -- TAF1 -- PLAC8 -- DIABLO -- APAF1 -- RASSF1
573,TNFRSF1A -- TNFRSF1B -- NFKB1 -- MAPK8 -- STAT1 -- BIRC2 -- SIRT1 -- TNFAIP3 -- TRAF1 -- MAPK14 -- RHOA -- RAC1 -- MAP2K7 -- MAP3K1 -- IGF1 -- VEGFA -- TRADD -- TNFRSF10B -- ATM -- CHUK -- RPS6KA5 -- PPP1R13L -- MAPK9 -- LYN -- IRF1 -- EIF4G2 -- CYCS -- HIP1 -- CDK4 -- OTUD7B -- RNF11 -- CASP10 -- PSEN1 -- RPA4 -- SMPD1 -- TNIK -- PELP1 -- BID -- FOXM1 -- MCL1 -- CTBP1 -- PCNA -- TAF1 -- PLAC8 -- DIABLO
574,TNFRSF1A -- TNFRSF1B -- MAPK8 -- STAT1 -- JUN -- BIRC2 -- BIRC3 -- SIRT1 -- TNFAIP3 -- TRAF1 -- MAPK14 -- RHOA -- NR3C1 -- TGFB2 -- RAC1 -- MAP2K7 -- MAP3K1 -- VEGFA -- RET -- TRADD -- ATM -- CHUK -- RPS6KA5 -- PPP1R13L -- MAPK9 -- LYN -- IRF1 -- EIF4G2 -- MYB -- HIP1 -- RNF11 -- PSEN1 -- SOD1 -- HNRNPK -- SMPD1 -- TNIK -- HTT -- BRCA1 -- CDKN2A -- BID -- MCL1 -- PCNA -- TAF1 -- PLAC8 -- DIABLO -- RASSF1
575,TNFRSF1A -- TNFRSF1B -- MAPK8 -- STAT1 -- JUN -- FOS -- SIRT1 -- RB1 -- TNFAIP3 -- TRAF1 -- MAPK14 -- RHOA -- NR3C1 -- RAC1 -- MAP2K7 -- MAP3K1 -- MAP3K14 -- RET -- TRADD -- ATM -- CASP2 -- CHUK -- RPS6KA5 -- PPP1R13L -- MAPK9 -- IRF1 -- EIF4G2 -- HTRA2 -- MYB -- HIP1 -- RNF11 -- CASP10 -- PSEN1 -- SOD1 -- HNRNPK -- SMPD1 -- TNIK -- HTT -- BRCA1 -- CDKN2A -- BAK1 -- BID -- PCNA -- PLAC8 -- CASP9 -- DIABLO -- APAF1 -- RASSF1
576,TNFRSF1A -- TNFRSF1B -- MAPK8 -- STAT1 -- BIRC2 -- SIRT1 -- MYC -- TNFAIP3 -- MAPK14 -- PTMA -- RHOA -- NR3C1 -- RAC1 -- MAP2K7 -- MAP3K1 -- VEGFA -- RET -- TRADD -- ATM -- CHUK -- PPP1R13L -- MAPK9 -- LYN -- IRF1 -- CYCS -- RNF11 -- PSEN1 -- BAD -- SOD1 -- HNRNPK -- SMPD1 -- TNIK -- BRCA1 -- CDKN2A -- EIF4E -- BID -- MCL1 -- PCNA -- TAF1 -- DIABLO -- RASSF1 -- RANGAP1
577,TNFRSF1A -- TNFRSF1B -- NFKB1 -- MAPK8 -- BIRC2 -- BIRC3 -- SIRT1 -- MYC -- TNFAIP3 -- CCND1 -- MAPK14 -- PTMA -- RHOA -- RAC1 -- MAP2K7 -- MAP3K1 -- VEGFA -- RET -- TRADD -- TNFRSF10B -- ATM -- CHUK -- PPP1R13L -- MAPK9 -- LYN -- IRF1 -- CYCS -- CDK4 -- OTUD7B -- RNF11 -- PSEN1 -- BAD -- SOD1 -- HNRNPK -- RPA4 -- SMPD1 -- TNIK -- PELP1 -- EIF4E -- BID -- FOXM1 -- MCL1 -- PCNA -- TAF1 -- DIABLO -- RANGAP1
578,TNFRSF1A -- TNFRSF1B -- MAPK8 -- BIRC2 -- SIRT1 -- RB1 -- TNFAIP3 -- CCND1 -- MAPK14 -- PTMA -- RHOA -- TGFB2 -- RAC1 -- MAP2K7 -- MAP3K1 -- IGF1 -- TRADD -- MDM2 -- CHUK -- PPP1R13L -- MAPK9 -- LYN -- IRF1 -- CYCS -- CDK4 -- OTUD7B -- RNF11 -- PSEN1 -- BAD -- SOD1 -- RPA4 -- SMPD1 -- TNIK -- PELP1 -- EIF4E -- BID -- MCL1 -- PCNA -- TAF1 -- DIABLO -- RANGAP1
579,TNFRSF1A -- TNFRSF1B -- MAPK8 -- STAT1 -- BIRC2 -- BIRC3 -- SIRT1 -- MYC -- TNFAIP3 -- CCND1 -- MAPK14 -- PTMA -- RHOA -- TGFB2 -- RAC1 -- MAP2K7 -- MAP3K1 -- IGF1 -- VEGFA -- TRADD -- MDM2 -- CHUK -- PPP1R13L -- MAPK9 -- LYN -- IRF1 -- EIF4G2 -- CYCS -- CDK4 -- OTUD7B -- RNF11 -- CASP10 -- PSEN1 -- BAD -- SOD1 -- RPA4 -- SMPD1 -- TNIK -- PELP1 -- EIF4E -- BID -- FOXM1 -- MCL1 -- PCNA -- TAF1 -- DIABLO -- RANGAP1
580,TNFRSF1A -- TNFRSF1B -- MAPK8 -- STAT1 -- JUN -- FOS -- SIRT1 -- TNFAIP3 -- TRAF1 -- MAPK14 -- RHOA -- NR3C1 -- TGFB2 -- RAC1 -- MAP2K7 -- MAP3K1 -- VEGFA -- MAP3K14 -- RET -- TRADD -- TNFRSF10B -- ATM -- CASP2 -- CHUK -- RPS6KA5 -- PPP1R13L -- MAPK9 -- IRF1 -- EIF4G2 -- HTRA2 -- HIP1 -- RNF11 -- CASP10 -- PSEN1 -- SOD1 -- HNRNPK -- CASP7 -- SMPD1 -- TNIK -- HTT -- BRCA1 -- CDKN2A -- BID -- MCL1 -- PCNA -- TAF1 -- PLAC8 -- CASP9 -- DIABLO -- APAF1 -- RASSF1
581,TNFRSF1A -- TNFRSF1B -- MAPK8 -- STAT1 -- JUN -- FOS -- BIRC2 -- BIRC3 -- SIRT1 -- TNFAIP3 -- TRAF1 -- MAPK14 -- RHOA -- NR3C1 -- TGFB2 -- RAC1 -- MAP2K7 -- MAP3K1 -- VEGFA -- RET -- TRADD -- ATM -- CASP2 -- CHUK -- RPS6KA5 -- PPP1R13L -- MAPK9 -- IRF1 -- EIF4G2 -- MYB -- HIP1 -- RNF11 -- PSEN1 -- SOD1 -- HNRNPK -- CASP7 -- SMPD1 -- TNIK -- HTT -- BRCA1 -- CDKN2A -- BID -- MCL1 -- PCNA -- TAF1 -- PLAC8 -- CASP9 -- DIABLO -- APAF1 -- RASSF1
582,TNFRSF1A -- TNFRSF1B -- NFKB1 -- MAPK8 -- BIRC2 -- BIRC3 -- SIRT1 -- RB1 -- TNFAIP3 -- CCND1 -- TRAF1 -- MAPK14 -- RHOA -- RAC1 -- MAP2K7 -- MAP3K1 -- RET -- TRADD -- TNFRSF10B -- MDM2 -- CHUK -- RPS6KA5 -- PPP1R13L -- MAPK9 -- LYN -- IRF1 -- EIF4G2 -- HTRA2 -- CYCS -- HIP1 -- CDK4 -- OTUD7B -- RNF11 -- CASP10 -- PSEN1 -- SOD1 -- RPA4 -- SMPD1 -- TNIK -- PELP1 -- BAX -- BAK1 -- EIF4E -- BID -- FOXM1 -- PCNA -- PLAC8 -- DIABLO
583,TNFRSF1A -- TNFRSF1B -- MAPK8 -- STAT1 -- JUN -- SIRT1 -- RB1 -- TNFAIP3 -- TRAF1 -- MAPK14 -- RHOA -- RAC1 -- MAP2K7 -- MAP3K1 -- MAP3K14 -- RET -- TRADD -- TNFRSF10B -- ATM -- CASP2 -- CHUK -- RPS6KA5 -- PPP1R13L -- MAPK9 -- IRF1 -- EIF4G2 -- HTRA2 -- MYB -- HIP1 -- RNF11 -- CASP10 -- PSEN1 -- SOD1 -- HNRNPK -- SMPD1 -- TNIK -- HTT -- CDKN2A -- BAX -- BAK1 -- BID -- FOXM1 -- PCNA -- PLAC8 -- CASP9 -- DIABLO -- APAF1
584,TNFRSF1A -- TNFRSF1B -- NFKB1 -- MAPK8 -- FOS -- SIRT1 -- RB1 -- TNFAIP3 -- CCND1 -- TRAF1 -- MAPK14 -- RHOA -- RAC1 -- MAP2K7 -- MAP3K1 -- MAP3K14 -- TRADD -- TNFRSF10B -- ATM -- CASP2 -- MDM2 -- CHUK -- RPS6KA5 -- PPP1R13L -- MAPK9 -- IRF1 -- EIF4G2 -- HTRA2 -- HIP1 -- CDK4 -- OTUD7B -- RNF11 -- CASP10 -- PSEN1 -- SOD1 -- RPA4 -- SMPD1 -- TNIK -- HTT -- PELP1 -- BAX -- BAK1 -- BID -- FOXM1 -- PCNA -- PLAC8 -- CASP9 -- DIABLO -- APAF1
585,TNFRSF1A -- TNFRSF1B -- NFKB1 -- MAPK8 -- BIRC3 -- SIRT1 -- MYC -- TNFAIP3 -- CCND1 -- MAPK14 -- PTMA -- RHOA -- TGFB2 -- RAC1 -- MAP2K7 -- MAP3K1 -- VEGFA -- RET -- TRADD -- TNFRSF10B -- CASP2 -- MDM2 -- CHUK -- PPP1R13L -- MAPK9 -- LYN -- IRF1 -- EIF4G2 -- CYCS -- CDK4 -- RNF11 -- PSEN1 -- BAD -- SOD1 -- HNRNPK -- RPA4 -- SMPD1 -- TNIK -- HTT -- BRCA1 -- BID -- FOXM1 -- MCL1 -- PCNA -- TAF1 -- DIABLO -- RANGAP1
586,TNFRSF1A -- TNFRSF1B -- NFKB1 -- MAPK8 -- SIRT1 -- RB1 -- TNFAIP3 -- CCND1 -- TRAF1 -- MAPK14 -- RHOA -- RAC1 -- MAP2K7 -- MAP3K1 -- IGF1 -- MAP3K14 -- TRADD -- TNFRSF10B -- ATM -- CASP2 -- MDM2 -- CHUK -- RPS6KA5 -- PPP1R13L -- MAPK9 -- LYN -- IRF1 -- EIF4G2 -- HTRA2 -- HIP1 -- CDK4 -- OTUD7B -- RNF11 -- CASP10 -- PSEN1 -- SOD1 -- RPA4 -- SMPD1 -- TNIK -- HTT -- PELP1 -- BAX -- BAK1 -- BID -- FOXM1 -- PCNA -- PLAC8 -- CASP9 -- DIABLO -- APAF1
587,TNFRSF1A -- TNFRSF1B -- MAPK8 -- STAT1 -- JUN -- FOS -- BIRC2 -- SIRT1 -- TNFAIP3 -- TRAF1 -- MAPK14 -- RHOA -- NR3C1 -- TGFB2 -- RAC1 -- MAP2K7 -- MAP3K1 -- VEGFA -- MAP3K14 -- RET -- TRADD -- ATM -- CHUK -- RPS6KA5 -- PPP1R13L -- MAPK9 -- IRF1 -- EIF4G2 -- MYB -- HIP1 -- RNF11 -- PSEN1 -- SOD1 -- HNRNPK -- SMPD1 -- TNIK -- HTT -- BRCA1 -- CDKN2A -- BID -- MCL1 -- PCNA -- TAF1 -- PLAC8 -- CASP9 -- DIABLO -- RASSF1
588,TNFRSF1A -- TNFRSF1B -- MAPK8 -- STAT1 -- JUN -- FOS -- BIRC2 -- BIRC3 -- SIRT1 -- TNFAIP3 -- TRAF1 -- MAPK14 -- RHOA -- NR3C1 -- TGFB2 -- RAC1 -- MAP2K7 -- MAP3K1 -- IGF1 -- VEGFA -- RET -- TRADD -- ATM -- CASP2 -- CHUK -- RPS6KA5 -- PPP1R13L -- MAPK9 -- LYN -- IRF1 -- EIF4G2 -- MYB -- CYCS -- HIP1 -- RNF11 -- PSEN1 -- SOD1 -- HNRNPK -- SMPD1 -- TNIK -- HTT -- BRCA1 -- CDKN2A -- BID -- MCL1 -- PCNA -- TAF1 -- PLAC8 -- DIABLO -- RASSF1
589,TNFRSF1A -- TNFRSF1B -- MAPK8 -- STAT1 -- JUN -- FOS -- SIRT1 -- TNFAIP3 -- TRAF1 -- MAPK14 -- RHOA -- TGFB2 -- RAC1 -- MAP2K7 -- MAP3K1 -- VEGFA -- MAP3K14 -- RET -- TRADD -- ATM -- CASP2 -- CHUK -- RPS6KA5 -- PPP1R13L -- MAPK9 -- IRF1 -- EIF4G2 -- HTRA2 -- MYB -- HIP1 -- CDK4 -- OTUD7B -- RNF11 -- PSEN1 -- SOD1 -- HNRNPK -- RPA4 -- SMPD1 -- TNIK -- HTT -- CDKN2A -- PELP1 -- BAX -- BAK1 -- BID -- FOXM1 -- PCNA -- PLAC8 -- CASP9 -- DIABLO -- APAF1
590,TNFRSF1A -- TNFRSF1B -- NFKB1 -- MAPK8 -- SIRT1 -- RB1 -- TNFAIP3 -- CCND1 -- TRAF1 -- MAPK14 -- PTMA -- RHOA -- RAC1 -- MAP2K7 -- MAP3K1 -- IGF1 -- TRADD -- TNFRSF10B -- CASP2 -- MDM2 -- CHUK -- PPP1R13L -- MAPK9 -- LYN -- IRF1 -- EIF4G2 -- HTRA2 -- CYCS -- HIP1 -- CDK4 -- OTUD7B -- RNF11 -- CASP10 -- PSEN1 -- SOD1 -- RPA4 -- SMPD1 -- TNIK -- HTT -- PELP1 -- BAX -- BAK1 -- BID -- FOXM1 -- PCNA -- PLAC8 -- DIABLO -- APAF1
591,TNFRSF1A -- TNFRSF1B -- MAPK8 -- STAT1 -- JUN -- FOS -- SIRT1 -- TNFAIP3 -- TRAF1 -- MAPK14 -- RHOA -- NR3C1 -- TGFB2 -- RAC1 -- MAP2K7 -- MAP3K1 -- VEGFA -- MAP3K14 -- RET -- TRADD -- ATM -- CASP2 -- CHUK -- RPS6KA5 -- PPP1R13L -- MAPK9 -- IRF1 -- EIF4G2 -- HTRA2 -- MYB -- HIP1 -- RNF11 -- PSEN1 -- SOD1 -- HNRNPK -- CASP7 -- SMPD1 -- TNIK -- HTT -- BRCA1 -- CDKN2A -- BAK1 -- BID -- PCNA -- TAF1 -- PLAC8 -- CASP9 -- DIABLO -- APAF1 -- RASSF1
592,TNFRSF1A -- TNFRSF1B -- MAPK8 -- STAT1 -- BIRC2 -- SIRT1 -- MYC -- TNFAIP3 -- MAPK14 -- PTMA -- RHOA -- TGFB2 -- RAC1 -- MAP2K7 -- MAP3K1 -- VEGFA -- RET -- TRADD -- ATM -- MDM2 -- CHUK -- PPP1R13L -- MAPK9 -- LYN -- IRF1 -- CYCS -- CDK4 -- OTUD7B -- RNF11 -- PSEN1 -- BAD -- SOD1 -- HNRNPK -- RPA4 -- SMPD1 -- TNIK -- BRCA1 -- PELP1 -- EIF4E -- BID -- FOXM1 -- MCL1 -- PCNA -- TAF1 -- DIABLO -- RANGAP1
593,NFKB1 -- STAT1 -- TNFAIP3 -- TRAF1 -- MAPK14 -- TGFB2 -- RAC1 -- MAP2K7 -- MAP3K1 -- VEGFA -- MAPK1 -- TNFRSF10B -- AKT1 -- ATM -- MDM2 -- CHUK -- RPS6KA5 -- PPP1R13L -- MAPK9 -- LYN -- IRF1 -- EIF4G2 -- HTRA2 -- HIP1 -- CDK4 -- OTUD7B -- CASP10 -- PARP1 -- PSEN1 -- SOD1 -- RPA4 -- SMPD1 -- PELP1 -- BAK1 -- EIF4E -- BID -- FOXM1 -- CTBP1 -- PCNA -- TAF1 -- PLAC8 -- DIABLO -- APAF1
594,TNFRSF1A -- TNFRSF1B -- NFKB1 -- MAPK8 -- SIRT1 -- RB1 -- TNFAIP3 -- CCND1 -- TRAF1 -- MAPK14 -- RHOA -- RAC1 -- MAP2K7 -- MAP3K1 -- IGF1 -- TRADD -- TNFRSF10B -- ATM -- CASP2 -- MDM2 -- CHUK -- RPS6KA5 -- PPP1R13L -- MAPK9 -- LYN -- IRF1 -- EIF4G2 -- HTRA2 -- HIP1 -- CDK4 -- OTUD7B -- RNF11 -- CASP10 -- PSEN1 -- SOD1 -- RPA4 -- SMPD1 -- TNIK -- PELP1 -- BAX -- BAK1 -- BID -- FOXM1 -- PCNA -- PLAC8 -- CASP9 -- DIABLO
595,TNFRSF1A -- TNFRSF1B -- MAPK8 -- SIRT1 -- RB1 -- TNFAIP3 -- CCND1 -- TRAF1 -- MAPK14 -- RHOA -- RAC1 -- MAP2K7 -- MAP3K1 -- IGF1 -- TRADD -- CASP2 -- MDM2 -- CHUK -- PPP1R13L -- MAPK9 -- LYN -- IRF1 -- EIF4G2 -- HTRA2 -- HIP1 -- CDK4 -- OTUD7B -- RNF11 -- PSEN1 -- BAD -- SOD1 -- RPA4 -- SMPD1 -- TNIK -- PELP1 -- BAX -- BAK1 -- EIF4E -- BID -- FOXM1 -- PCNA -- PLAC8 -- DIABLO
596,TNFRSF1A -- TNFRSF1B -- MAPK8 -- STAT1 -- BIRC2 -- SIRT1 -- TNFAIP3 -- TRAF1 -- MAPK14 -- RHOA -- NR3C1 -- RAC1 -- MAP2K7 -- MAP3K1 -- VEGFA -- RET -- TRADD -- ATM -- CHUK -- RPS6KA5 -- PPP1R13L -- MAPK9 -- LYN -- IRF1 -- CYCS -- HIP1 -- RNF11 -- PSEN1 -- SOD1 -- HNRNPK -- SMPD1 -- TNIK -- BRCA1 -- EIF4E -- BID -- MCL1 -- PCNA -- TAF1 -- PLAC8 -- DIABLO -- RASSF1
597,TNFRSF1A -- TNFRSF1B -- NFKB1 -- MAPK8 -- BIRC2 -- BIRC3 -- SIRT1 -- MYC -- RB1 -- TNFAIP3 -- CCND1 -- MAPK14 -- PTMA -- RHOA -- TGFB2 -- RAC1 -- MAP2K7 -- MAP3K1 -- IGF1 -- RET -- TRADD -- MDM2 -- CHUK -- PPP1R13L -- MAPK9 -- LYN -- IRF1 -- CYCS -- CDK4 -- OTUD7B -- RNF11 -- PSEN1 -- BAD -- SOD1 -- HNRNPK -- RPA4 -- SMPD1 -- TNIK -- PELP1 -- EIF4E -- BID -- FOXM1 -- MCL1 -- PCNA -- TAF1 -- DIABLO -- RANGAP1
598,TNFRSF1A -- TNFRSF1B -- MAPK8 -- BIRC2 -- SIRT1 -- RB1 -- TNFAIP3 -- CCND1 -- MAPK14 -- RHOA -- NR3C1 -- RAC1 -- MAP2K7 -- MAP3K1 -- TRADD -- MDM2 -- CHUK -- RPS6KA5 -- PPP1R13L -- MAPK9 -- LYN -- IRF1 -- HTRA2 -- HIP1 -- CDK4 -- OTUD7B -- RNF11 -- PSEN1 -- SOD1 -- RPA4 -- SMPD1 -- TNIK -- PELP1 -- BAK1 -- EIF4E -- BID -- FOXM1 -- PCNA -- PLAC8 -- DIABLO
599,TNFRSF1A -- TNFRSF1B -- MAPK8 -- BIRC2 -- SIRT1 -- MYC -- RB1 -- TNFAIP3 -- CCND1 -- MAPK14 -- PTMA -- RHOA -- RAC1 -- MAP2K7 -- MAP3K1 -- TRADD -- MDM2 -- CHUK -- PPP1R13L -- MAPK9 -- LYN -- IRF1 -- EIF4G2 -- CYCS -- CDK4 -- OTUD7B -- RNF11 -- CASP10 -- PSEN1 -- BAD -- SOD1 -- HNRNPK -- RPA4 -- SMPD1 -- TNIK -- PELP1 -- BID -- FOXM1 -- PCNA -- TAF1 -- DIABLO -- RANGAP1
600,TNFRSF1A -- TNFRSF1B -- NFKB1 -- MAPK8 -- JUN -- SIRT1 -- RB1 -- TNFAIP3 -- CCND1 -- TRAF1 -- MAPK14 -- RHOA -- RAC1 -- MAP2K7 -- MAP3K1 -- IGF1 -- MAP3K14 -- TRADD -- ATM -- MDM2 -- CHUK -- RPS6KA5 -- PPP1R13L -- MAPK9 -- IRF1 -- HTRA2 -- HIP1 -- CDK4 -- OTUD7B -- RNF11 -- PSEN1 -- SOD1 -- RPA4 -- SMPD1 -- TNIK -- PELP1 -- BAX -- BAK1 -- EIF4E -- BID -- FOXM1 -- PCNA -- PLAC8 -- CASP9 -- DIABLO
601,TNFRSF1A -- TNFRSF1B -- MAPK8 -- BIRC2 -- SIRT1 -- RB1 -- TNFAIP3 -- CCND1 -- TRAF1 -- MAPK14 -- RHOA -- RAC1 -- MAP2K7 -- MAP3K1 -- RET -- TRADD -- CHUK -- RPS6KA5 -- PPP1R13L -- MAPK9 -- LYN -- IRF1 -- CYCS -- HIP1 -- CDK4 -- OTUD7B -- RNF11 -- PSEN1 -- SOD1 -- HNRNPK -- RPA4 -- SMPD1 -- TNIK -- PELP1 -- EIF4E -- BID -- FOXM1 -- PCNA -- PLAC8 -- DIABLO -- RANGAP1
602,TNFRSF1A -- TNFRSF1B -- MAPK8 -- STAT1 -- JUN -- FOS -- SIRT1 -- RB1 -- TNFAIP3 -- TRAF1 -- MAPK14 -- RHOA -- NR3C1 -- RAC1 -- MAP2K7 -- MAP3K1 -- VEGFA -- MAP3K14 -- RET -- TRADD -- ATM -- CASP2 -- CHUK -- RPS6KA5 -- PPP1R13L -- MAPK9 -- IRF1 -- EIF4G2 -- HTRA2 -- MYB -- HIP1 -- RNF11 -- PSEN1 -- SOD1 -- SMPD1 -- TNIK -- HTT -- BRCA1 -- CDKN2A -- BID -- MCL1 -- PCNA -- PLAC8 -- CASP9 -- DIABLO -- APAF1 -- RASSF1
603,TNFRSF1A -- TNFRSF1B -- NFKB1 -- MAPK8 -- BIRC2 -- BIRC3 -- SIRT1 -- RB1 -- TNFAIP3 -- CCND1 -- TRAF1 -- MAPK14 -- RHOA -- RAC1 -- MAP2K7 -- MAP3K1 -- TRADD -- TNFRSF10B -- ATM -- MDM2 -- CHUK -- RPS6KA5 -- PPP1R13L -- MAPK9 -- LYN -- IRF1 -- EIF4G2 -- CYCS -- HIP1 -- CDK4 -- OTUD7B -- RNF11 -- CASP10 -- PSEN1 -- SOD1 -- RPA4 -- SMPD1 -- TNIK -- PELP1 -- BAX -- BAK1 -- EIF4E -- BID -- FOXM1 -- PCNA -- PLAC8 -- DIABLO
604,TNFRSF1A -- TNFRSF1B -- NFKB1 -- MAPK8 -- SIRT1 -- RB1 -- TNFAIP3 -- CCND1 -- TRAF1 -- MAPK14 -- RHOA -- RAC1 -- MAP2K7 -- MAP3K1 -- MAP3K14 -- TRADD -- TNFRSF10B -- ATM -- CASP2 -- MDM2 -- CHUK -- RPS6KA5 -- PPP1R13L -- MAPK9 -- LYN -- IRF1 -- EIF4G2 -- HTRA2 -- HIP1 -- CDK4 -- OTUD7B -- RNF11 -- CASP10 -- PSEN1 -- SOD1 -- RPA4 -- SMPD1 -- TNIK -- HTT -- PELP1 -- BAX -- BAK1 -- EIF4E -- BID -- FOXM1 -- PCNA -- PLAC8 -- CASP9 -- DIABLO -- APAF1
605,TNFRSF1A -- TNFRSF1B -- NFKB1 -- MAPK8 -- SIRT1 -- RB1 -- TNFAIP3 -- CCND1 -- TRAF1 -- MAPK14 -- RHOA -- RAC1 -- MAP2K7 -- MAP3K1 -- IGF1 -- MAP3K14 -- TRADD -- TNFRSF10B -- ATM -- CASP2 -- MDM2 -- CHUK -- RPS6KA5 -- PPP1R13L -- MAPK9 -- LYN -- IRF1 -- HTRA2 -- HIP1 -- CDK4 -- OTUD7B -- RNF11 -- CASP10 -- PSEN1 -- SOD1 -- RPA4 -- SMPD1 -- TNIK -- HTT -- PELP1 -- BAX -- BAK1 -- EIF4E -- BID -- FOXM1 -- PCNA -- TAF1 -- PLAC8 -- CASP9 -- DIABLO -- APAF1
606,TNFRSF1A -- TNFRSF1B -- MAPK8 -- STAT1 -- BIRC2 -- SIRT1 -- MYC -- TNFAIP3 -- MAPK14 -- PTMA -- RHOA -- TGFB2 -- RAC1 -- MAP2K7 -- MAP3K1 -- VEGFA -- RET -- TRADD -- CHUK -- PPP1R13L -- MAPK9 -- LYN -- IRF1 -- CYCS -- CDK4 -- OTUD7B -- RNF11 -- PSEN1 -- BAD -- SOD1 -- HNRNPK -- RPA4 -- SMPD1 -- TNIK -- PELP1 -- EIF4E -- BID -- FOXM1 -- MCL1 -- PCNA -- TAF1 -- PLAC8 -- DIABLO -- RANGAP1
607,TNFRSF1A -- TNFRSF1B -- NFKB1 -- MAPK8 -- BIRC2 -- BIRC3 -- SIRT1 -- RB1 -- TNFAIP3 -- CCND1 -- TRAF1 -- MAPK14 -- RHOA -- RAC1 -- MAP2K7 -- MAP3K1 -- IGF1 -- TRADD -- TNFRSF10B -- ATM -- MDM2 -- CHUK -- RPS6KA5 -- PPP1R13L -- MAPK9 -- LYN -- IRF1 -- EIF4G2 -- HTRA2 -- MYB -- HIP1 -- CDK4 -- OTUD7B -- RNF11 -- CASP10 -- PSEN1 -- SOD1 -- RPA4 -- SMPD1 -- TNIK -- PELP1 -- BAX -- BAK1 -- BID -- FOXM1 -- PCNA -- PLAC8 -- DIABLO
788,TNFRSF1A -- TNFRSF1B -- MAPK8 -- STAT1 -- BIRC2 -- BIRC3 -- SIRT1 -- MYC -- TNFAIP3 -- MAPK14 -- PTMA -- RHOA -- TGFB2 -- RAC1 -- MAP2K7 -- MAP3K1 -- IGF1 -- VEGFA -- TRADD -- ATM -- MDM2 -- CHUK -- PPP1R13L -- MAPK9 -- LYN -- IRF1 -- EIF4G2 -- CYCS -- CDK4 -- OTUD7B -- RNF11 -- CASP10 -- PSEN1 -- BAD -- SOD1 -- RPA4 -- SMPD1 -- TNIK -- PELP1 -- BID -- FOXM1 -- MCL1 -- PCNA -- TAF1 -- DIABLO -- RANGAP1
609,TNFRSF1A -- TNFRSF1B -- MAPK8 -- STAT1 -- BIRC2 -- BIRC3 -- SIRT1 -- TNFAIP3 -- TRAF1 -- MAPK14 -- RHOA -- NR3C1 -- TGFB2 -- RAC1 -- MAP2K7 -- MAP3K1 -- VEGFA -- RET -- TRADD -- ATM -- CHUK -- RPS6KA5 -- PPP1R13L -- MAPK9 -- LYN -- IRF1 -- MYB -- CYCS -- HIP1 -- RNF11 -- PSEN1 -- SOD1 -- HNRNPK -- SMPD1 -- TNIK -- BRCA1 -- CDKN2A -- EIF4E -- BID -- MCL1 -- PCNA -- TAF1 -- PLAC8 -- DIABLO -- RASSF1
610,TNFRSF1A -- TNFRSF1B -- NFKB1 -- MAPK8 -- BIRC2 -- BIRC3 -- SIRT1 -- RB1 -- TNFAIP3 -- CCND1 -- MAPK14 -- PTMA -- RHOA -- RAC1 -- MAP2K7 -- MAP3K1 -- TRADD -- TNFRSF10B -- ATM -- MDM2 -- CHUK -- RPS6KA5 -- PPP1R13L -- MAPK9 -- LYN -- IRF1 -- EIF4G2 -- CYCS -- CDK4 -- OTUD7B -- RNF11 -- CASP10 -- PSEN1 -- BAD -- SOD1 -- HNRNPK -- RPA4 -- SMPD1 -- TNIK -- PELP1 -- BAX -- BID -- FOXM1 -- PCNA -- DIABLO
611,TNFRSF1A -- TNFRSF1B -- NFKB1 -- MAPK8 -- STAT1 -- JUN -- FOS -- SIRT1 -- RB1 -- TNFAIP3 -- TRAF1 -- MAPK14 -- RHOA -- RAC1 -- MAP2K7 -- MAP3K1 -- VEGFA -- MAP3K14 -- RET -- TRADD -- TNFRSF10B -- ATM -- CASP2 -- CHUK -- RPS6KA5 -- PPP1R13L -- MAPK9 -- IRF1 -- EIF4G2 -- HTRA2 -- MYB -- HIP1 -- OTUD7B -- RNF11 -- CASP10 -- PSEN1 -- SOD1 -- HNRNPK -- SMPD1 -- TNIK -- HTT -- BRCA1 -- CDKN2A -- BAX -- BAK1 -- BID -- PCNA -- PLAC8 -- CASP9 -- DIABLO -- APAF1 -- RASSF1
612,TNFRSF1A -- TNFRSF1B -- MAPK8 -- JUN -- FOS -- SIRT1 -- RB1 -- TNFAIP3 -- CCND1 -- TRAF1 -- MAPK14 -- RHOA -- NR3C1 -- RAC1 -- MAP2K7 -- MAP3K1 -- MAP3K14 -- RET -- TRADD -- ATM -- CASP2 -- CHUK -- RPS6KA5 -- PPP1R13L -- MAPK9 -- IRF1 -- EIF4G2 -- HTRA2 -- MYB -- HIP1 -- RNF11 -- CASP10 -- PSEN1 -- SOD1 -- SMPD1 -- TNIK -- HTT -- BRCA1 -- CDKN2A -- BAX -- BAK1 -- BID -- PCNA -- PLAC8 -- CASP9 -- DIABLO -- APAF1
613,TNFRSF1A -- TNFRSF1B -- MAPK8 -- BIRC2 -- BIRC3 -- SIRT1 -- MYC -- TNFAIP3 -- CCND1 -- MAPK14 -- PTMA -- RHOA -- RAC1 -- MAP2K7 -- MAP3K1 -- IGF1 -- VEGFA -- TRADD -- ATM -- MDM2 -- CHUK -- PPP1R13L -- MAPK9 -- LYN -- IRF1 -- CYCS -- CDK4 -- OTUD7B -- RNF11 -- PSEN1 -- BAD -- SOD1 -- RPA4 -- SMPD1 -- TNIK -- PELP1 -- EIF4E -- BID -- FOXM1 -- MCL1 -- PCNA -- TAF1 -- DIABLO -- RANGAP1
614,TNFRSF1A -- TNFRSF1B -- MAPK8 -- STAT1 -- FOS -- BIRC2 -- BIRC3 -- SIRT1 -- MYC -- TNFAIP3 -- TRAF1 -- MAPK14 -- PTMA -- RHOA -- TGFB2 -- RAC1 -- MAP2K7 -- MAP3K1 -- VEGFA -- RET -- TRADD -- CHUK -- RPS6KA5 -- PPP1R13L -- MAPK9 -- LYN -- IRF1 -- MYB -- CYCS -- RNF11 -- PSEN1 -- SOD1 -- HNRNPK -- SMPD1 -- TNIK -- BRCA1 -- EIF4E -- BID -- MCL1 -- PCNA -- TAF1 -- DIABLO -- RASSF1
615,NFKB1 -- MAPK8 -- BIRC3 -- SIRT1 -- RB1 -- TNFAIP3 -- CCND1 -- TRAF1 -- MAPK14 -- RAC1 -- MAP2K7 -- MAP3K1 -- TRADD -- MAPK1 -- TNFRSF10B -- AKT1 -- ATM -- CASP2 -- MDM2 -- CHUK -- RPS6KA5 -- PPP1R13L -- MAPK9 -- LYN -- IRF1 -- EIF4G2 -- CYCS -- HIP1 -- CDK4 -- OTUD7B -- RNF11 -- CASP10 -- PARP1 -- PSEN1 -- RPA4 -- SMPD1 -- HTT -- PELP1 -- BID -- FOXM1 -- MCL1 -- PCNA -- PLAC8 -- DIABLO
616,TNFRSF1A -- TNFRSF1B -- MAPK8 -- STAT1 -- BIRC2 -- SIRT1 -- TNFAIP3 -- TRAF1 -- MAPK14 -- RHOA -- NR3C1 -- RAC1 -- MAP2K7 -- MAP3K1 -- VEGFA -- TRADD -- ATM -- MDM2 -- CHUK -- RPS6KA5 -- PPP1R13L -- MAPK9 -- LYN -- IRF1 -- CYCS -- HIP1 -- CDK4 -- OTUD7B -- RNF11 -- PSEN1 -- SOD1 -- HNRNPK -- SMPD1 -- TNIK -- EIF4E -- BID -- MCL1 -- PCNA -- TAF1 -- PLAC8 -- DIABLO
617,TNFRSF1A -- TNFRSF1B -- NFKB1 -- MAPK8 -- STAT1 -- JUN -- FOS -- SIRT1 -- RB1 -- TNFAIP3 -- TRAF1 -- MAPK14 -- RHOA -- RAC1 -- MAP2K7 -- MAP3K1 -- RET -- TRADD -- TNFRSF10B -- ATM -- CASP2 -- CHUK -- RPS6KA5 -- PPP1R13L -- MAPK9 -- IRF1 -- EIF4G2 -- HTRA2 -- HIP1 -- OTUD7B -- RNF11 -- CASP10 -- PSEN1 -- SOD1 -- HNRNPK -- RPA4 -- SMPD1 -- TNIK -- HTT -- BRCA1 -- CDKN2A -- PELP1 -- BAX -- BAK1 -- BID -- PCNA -- PLAC8 -- CASP9 -- DIABLO -- APAF1 -- RASSF1
618,TNFRSF1A -- TNFRSF1B -- NFKB1 -- MAPK8 -- FOS -- SIRT1 -- RB1 -- TNFAIP3 -- CCND1 -- TRAF1 -- MAPK14 -- RHOA -- RAC1 -- MAP2K7 -- MAP3K1 -- MAP3K14 -- TRADD -- TNFRSF10B -- CASP2 -- MDM2 -- CHUK -- RPS6KA5 -- PPP1R13L -- MAPK9 -- IRF1 -- EIF4G2 -- HTRA2 -- HIP1 -- CDK4 -- OTUD7B -- RNF11 -- CASP10 -- PSEN1 -- SOD1 -- RPA4 -- SMPD1 -- TNIK -- HTT -- PELP1 -- BAX -- BAK1 -- BID -- FOXM1 -- PCNA -- PLAC8 -- CASP9 -- DIABLO -- APAF1
619,TNFRSF1A -- TNFRSF1B -- NFKB1 -- MAPK8 -- JUN -- FOS -- SIRT1 -- RB1 -- TNFAIP3 -- CCND1 -- TRAF1 -- MAPK14 -- RHOA -- RAC1 -- MAP2K7 -- MAP3K1 -- IGF1 -- MAP3K14 -- TRADD -- TNFRSF10B -- CASP2 -- MDM2 -- CHUK -- RPS6KA5 -- PPP1R13L -- MAPK9 -- IRF1 -- EIF4G2 -- HTRA2 -- HIP1 -- CDK4 -- OTUD7B -- RNF11 -- CASP10 -- PSEN1 -- SOD1 -- RPA4 -- SMPD1 -- TNIK -- HTT -- PELP1 -- BAX -- BAK1 -- BID -- FOXM1 -- PCNA -- PLAC8 -- CASP9 -- DIABLO -- APAF1
620,TNFRSF1A -- TNFRSF1B -- MAPK8 -- JUN -- FOS -- SIRT1 -- RB1 -- TNFAIP3 -- CCND1 -- TRAF1 -- MAPK14 -- RHOA -- RAC1 -- MAP2K7 -- MAP3K1 -- MAP3K14 -- TRADD -- CASP2 -- CHUK -- RPS6KA5 -- PPP1R13L -- MAPK9 -- IRF1 -- EIF4G2 -- HTRA2 -- MYB -- HIP1 -- CDK4 -- OTUD7B -- RNF11 -- CASP10 -- PSEN1 -- SOD1 -- RPA4 -- SMPD1 -- TNIK -- HTT -- CDKN2A -- PELP1 -- BAX -- BAK1 -- BID -- FOXM1 -- PCNA -- PLAC8 -- CASP9 -- DIABLO -- APAF1
621,TNFRSF1A -- TNFRSF1B -- MAPK8 -- STAT1 -- JUN -- FOS -- SIRT1 -- TNFAIP3 -- TRAF1 -- MAPK14 -- RHOA -- NR3C1 -- TGFB2 -- RAC1 -- MAP2K7 -- MAP3K1 -- VEGFA -- MAP3K14 -- RET -- TRADD -- ATM -- CASP2 -- CHUK -- RPS6KA5 -- PPP1R13L -- MAPK9 -- IRF1 -- EIF4G2 -- MYB -- CYCS -- HIP1 -- RNF11 -- PSEN1 -- SOD1 -- HNRNPK -- CASP7 -- SMPD1 -- TNIK -- HTT -- BRCA1 -- CDKN2A -- BID -- MCL1 -- PCNA -- TAF1 -- PLAC8 -- CASP9 -- DIABLO -- APAF1 -- RASSF1
622,TNFRSF1A -- TNFRSF1B -- NFKB1 -- MAPK8 -- SIRT1 -- RB1 -- TNFAIP3 -- CCND1 -- TRAF1 -- MAPK14 -- RHOA -- RAC1 -- MAP2K7 -- MAP3K1 -- MAP3K14 -- TRADD -- TNFRSF10B -- CASP2 -- MDM2 -- CHUK -- RPS6KA5 -- PPP1R13L -- MAPK9 -- IRF1 -- EIF4G2 -- HTRA2 -- HIP1 -- CDK4 -- OTUD7B -- RNF11 -- PSEN1 -- SOD1 -- RPA4 -- SMPD1 -- TNIK -- HTT -- PELP1 -- BAX -- BAK1 -- BID -- FOXM1 -- PCNA -- PLAC8 -- CASP9 -- DIABLO -- APAF1
623,TNFRSF1A -- TNFRSF1B -- MAPK8 -- STAT1 -- JUN -- FOS -- BIRC3 -- SIRT1 -- TNFAIP3 -- TRAF1 -- MAPK14 -- RHOA -- TGFB2 -- RAC1 -- MAP2K7 -- MAP3K1 -- VEGFA -- MAP3K14 -- RET -- TRADD -- ATM -- CASP2 -- CHUK -- RPS6KA5 -- PPP1R13L -- MAPK9 -- IRF1 -- EIF4G2 -- MYB -- CYCS -- HIP1 -- RNF11 -- PSEN1 -- SOD1 -- HNRNPK -- CASP7 -- SMPD1 -- TNIK -- HTT -- BRCA1 -- CDKN2A -- BID -- MCL1 -- PCNA -- TAF1 -- PLAC8 -- CASP9 -- DIABLO -- APAF1 -- RASSF1
624,MAPK8 -- STAT1 -- SIRT1 -- MAPK14 -- PTMA -- NR3C1 -- RAC1 -- MAP2K7 -- MAP3K1 -- VEGFA -- RET -- TRADD -- AKT1 -- CASP2 -- E2F1 -- CHUK -- PPP1R13L -- MAPK9 -- LYN -- IRF1 -- EIF4G2 -- HTRA2 -- MYB -- CASP10 -- PSEN1 -- SOD1 -- SMPD1 -- TNIK -- BBC3 -- BAX -- BAK1 -- EIF4E -- BID -- TFDP1 -- PCNA -- TAF1 -- PLAC8 -- DIABLO -- RASSF1 -- RANGAP1
625,TNFRSF1A -- TNFRSF1B -- NFKB1 -- MAPK8 -- SIRT1 -- RB1 -- TNFAIP3 -- CCND1 -- MAPK14 -- PTMA -- RHOA -- RAC1 -- MAP2K7 -- MAP3K1 -- MAP3K14 -- RET -- TRADD -- TNFRSF10B -- MDM2 -- CHUK -- PPP1R13L -- MAPK9 -- LYN -- IRF1 -- HTRA2 -- CDK4 -- OTUD7B -- RNF11 -- CASP10 -- PSEN1 -- SOD1 -- RPA4 -- SMPD1 -- TNIK -- PELP1 -- BAX -- BAK1 -- EIF4E -- BID -- FOXM1 -- PCNA -- DIABLO
626,TNFRSF1A -- TNFRSF1B -- MAPK8 -- STAT1 -- FOS -- BIRC2 -- BIRC3 -- SIRT1 -- MYC -- TNFAIP3 -- TRAF1 -- MAPK14 -- RHOA -- TGFB2 -- RAC1 -- MAP2K7 -- MAP3K1 -- VEGFA -- RET -- TRADD -- CHUK -- RPS6KA5 -- PPP1R13L -- MAPK9 -- LYN -- IRF1 -- EIF4G2 -- MYB -- CYCS -- RNF11 -- PSEN1 -- SOD1 -- HNRNPK -- SMPD1 -- TNIK -- HTT -- BRCA1 -- BID -- MCL1 -- PCNA -- TAF1 -- PLAC8 -- DIABLO -- RASSF1
785,TNFRSF1A -- TNFRSF1B -- NFKB1 -- MAPK8 -- BIRC2 -- SIRT1 -- RB1 -- TNFAIP3 -- CCND1 -- TRAF1 -- MAPK14 -- PTMA -- RHOA -- RAC1 -- MAP2K7 -- MAP3K1 -- IGF1 -- TRADD -- TNFRSF10B -- MDM2 -- CHUK -- RPS6KA5 -- PPP1R13L -- MAPK9 -- LYN -- IRF1 -- HTRA2 -- HIP1 -- CDK4 -- OTUD7B -- RNF11 -- CASP10 -- PSEN1 -- SOD1 -- HNRNPK -- RPA4 -- SMPD1 -- TNIK -- PELP1 -- BAX -- BAK1 -- EIF4E -- BID -- FOXM1 -- PCNA -- DIABLO
628,TNFRSF1A -- TNFRSF1B -- MAPK8 -- BIRC2 -- SIRT1 -- RB1 -- TNFAIP3 -- CCND1 -- TRAF1 -- MAPK14 -- PTMA -- RHOA -- TGFB2 -- RAC1 -- MAP2K7 -- MAP3K1 -- IGF1 -- TRADD -- MDM2 -- CHUK -- RPS6KA5 -- PPP1R13L -- MAPK9 -- LYN -- IRF1 -- HTRA2 -- CYCS -- HIP1 -- CDK4 -- OTUD7B -- RNF11 -- PSEN1 -- SOD1 -- RPA4 -- SMPD1 -- TNIK -- PELP1 -- BAX -- BAK1 -- EIF4E -- BID -- FOXM1 -- PCNA -- DIABLO -- RANGAP1
629,TNFRSF1A -- TNFRSF1B -- NFKB1 -- MAPK8 -- JUN -- FOS -- SIRT1 -- RB1 -- TNFAIP3 -- TRAF1 -- MAPK14 -- RHOA -- RAC1 -- MAP2K7 -- MAP3K1 -- MAP3K14 -- TRADD -- TNFRSF10B -- ATM -- CASP2 -- MDM2 -- CHUK -- RPS6KA5 -- PPP1R13L -- MAPK9 -- IRF1 -- EIF4G2 -- HTRA2 -- MYB -- HIP1 -- CDK4 -- OTUD7B -- RNF11 -- CASP10 -- PSEN1 -- SOD1 -- RPA4 -- SMPD1 -- TNIK -- HTT -- CDKN2A -- PELP1 -- BAX -- BAK1 -- BID -- FOXM1 -- PCNA -- PLAC8 -- CASP9 -- DIABLO -- APAF1
630,TNFRSF1A -- TNFRSF1B -- MAPK8 -- STAT1 -- JUN -- BIRC2 -- BIRC3 -- SIRT1 -- TNFAIP3 -- TRAF1 -- MAPK14 -- RHOA -- NR3C1 -- TGFB2 -- RAC1 -- MAP2K7 -- MAP3K1 -- VEGFA -- RET -- TRADD -- ATM -- CHUK -- RPS6KA5 -- PPP1R13L -- MAPK9 -- LYN -- IRF1 -- MYB -- CYCS -- HIP1 -- RNF11 -- PSEN1 -- SOD1 -- HNRNPK -- SMPD1 -- TNIK -- BRCA1 -- CDKN2A -- EIF4E -- BID -- MCL1 -- PCNA -- TAF1 -- PLAC8 -- DIABLO -- RASSF1
799,TNFRSF1A -- TNFRSF1B -- NFKB1 -- MAPK8 -- BIRC2 -- BIRC3 -- SIRT1 -- RB1 -- TNFAIP3 -- CCND1 -- TRAF1 -- MAPK14 -- RHOA -- RAC1 -- MAP2K7 -- MAP3K1 -- IGF1 -- TRADD -- TNFRSF10B -- ATM -- MDM2 -- CHUK -- RPS6KA5 -- PPP1R13L -- MAPK9 -- LYN -- IRF1 -- CYCS -- HIP1 -- CDK4 -- OTUD7B -- RNF11 -- CASP10 -- PSEN1 -- BAD -- SOD1 -- RPA4 -- SMPD1 -- TNIK -- PELP1 -- EIF4E -- BID -- FOXM1 -- MCL1 -- PCNA -- PLAC8 -- DIABLO
632,TNFRSF1A -- TNFRSF1B -- MAPK8 -- STAT1 -- JUN -- FOS -- BIRC2 -- BIRC3 -- SIRT1 -- TNFAIP3 -- TRAF1 -- MAPK14 -- RHOA -- NR3C1 -- TGFB2 -- RAC1 -- MAP2K7 -- MAP3K1 -- VEGFA -- RET -- TRADD -- ATM -- CHUK -- RPS6KA5 -- PPP1R13L -- MAPK9 -- IRF1 -- MYB -- HIP1 -- RNF11 -- PSEN1 -- SOD1 -- HNRNPK -- SMPD1 -- TNIK -- BRCA1 -- CDKN2A -- EIF4E -- BID -- MCL1 -- PCNA -- TAF1 -- PLAC8 -- DIABLO -- RASSF1
633,TNFRSF1A -- TNFRSF1B -- NFKB1 -- MAPK8 -- BIRC3 -- SIRT1 -- RB1 -- TNFAIP3 -- CCND1 -- TRAF1 -- MAPK14 -- PTMA -- RHOA -- RAC1 -- MAP2K7 -- MAP3K1 -- IGF1 -- TRADD -- ATM -- CASP2 -- MDM2 -- CHUK -- RPS6KA5 -- PPP1R13L -- MAPK9 -- LYN -- IRF1 -- EIF4G2 -- HTRA2 -- HIP1 -- CDK4 -- OTUD7B -- RNF11 -- PSEN1 -- SOD1 -- RPA4 -- SMPD1 -- TNIK -- PELP1 -- BAX -- BID -- FOXM1 -- PCNA -- DIABLO
634,TNFRSF1A -- TNFRSF1B -- MAPK8 -- STAT1 -- JUN -- FOS -- BIRC2 -- BIRC3 -- SIRT1 -- TNFAIP3 -- TRAF1 -- MAPK14 -- RHOA -- NR3C1 -- TGFB2 -- RAC1 -- MAP2K7 -- MAP3K1 -- VEGFA -- RET -- TRADD -- ATM -- CASP2 -- CHUK -- RPS6KA5 -- PPP1R13L -- MAPK9 -- IRF1 -- EIF4G2 -- MYB -- CYCS -- HIP1 -- RNF11 -- PSEN1 -- SOD1 -- HNRNPK -- SMPD1 -- TNIK -- HTT -- BRCA1 -- CDKN2A -- BID -- MCL1 -- PCNA -- TAF1 -- PLAC8 -- CASP9 -- DIABLO -- APAF1 -- RASSF1
635,TNFRSF1A -- TNFRSF1B -- NFKB1 -- MAPK8 -- STAT1 -- SIRT1 -- MYC -- TNFAIP3 -- CCND1 -- MAPK14 -- PTMA -- RHOA -- RAC1 -- MAP2K7 -- MAP3K1 -- VEGFA -- TRADD -- MDM2 -- CHUK -- PPP1R13L -- MAPK9 -- LYN -- IRF1 -- HTRA2 -- RNF11 -- PSEN1 -- SOD1 -- SMPD1 -- TNIK -- BRCA1 -- BAX -- BAK1 -- EIF4E -- BID -- PCNA -- TAF1 -- DIABLO -- RANGAP1
636,TNFRSF1A -- TNFRSF1B -- MAPK8 -- STAT1 -- BIRC2 -- BIRC3 -- SIRT1 -- TNFAIP3 -- TRAF1 -- MAPK14 -- RHOA -- NR3C1 -- RAC1 -- MAP2K7 -- MAP3K1 -- VEGFA -- RET -- TRADD -- ATM -- CHUK -- RPS6KA5 -- PPP1R13L -- MAPK9 -- LYN -- IRF1 -- MYB -- CYCS -- HIP1 -- CDK4 -- OTUD7B -- RNF11 -- PSEN1 -- SOD1 -- HNRNPK -- RPA4 -- SMPD1 -- TNIK -- BRCA1 -- PELP1 -- EIF4E -- BID -- MCL1 -- PCNA -- TAF1 -- PLAC8 -- DIABLO -- RASSF1
637,MAPK8 -- STAT1 -- BIRC2 -- BIRC3 -- SIRT1 -- TRAF1 -- MAPK14 -- RAC1 -- MAP2K7 -- MAP3K1 -- IGF1 -- VEGFA -- TRADD -- AKT1 -- E2F1 -- MDM2 -- CHUK -- RPS6KA5 -- PPP1R13L -- MAPK9 -- LYN -- IRF1 -- EIF4G2 -- MYB -- HIP1 -- CDK4 -- OTUD7B -- CASP10 -- PSEN1 -- RPA4 -- SMPD1 -- TNIK -- BBC3 -- PELP1 -- BAK1 -- EIF4E -- BID -- FOXM1 -- CTBP1 -- PCNA -- TAF1 -- PLAC8 -- DIABLO
638,STAT1 -- BIRC3 -- MAPK14 -- RAC1 -- MAP2K7 -- MAP3K1 -- IGF1 -- VEGFA -- RET -- MAPK1 -- AKT1 -- ATM -- E2F1 -- CHUK -- RPS6KA5 -- PPP1R13L -- MAPK9 -- LYN -- IRF1 -- HTRA2 -- HIP1 -- CDK4 -- OTUD7B -- RNF11 -- PARP1 -- PSEN1 -- HNRNPK -- RPA4 -- SMPD1 -- PELP1 -- EIF4E -- BID -- FOXM1 -- CTBP1 -- RBL1 -- PCNA -- TAF1 -- PLAC8 -- DIABLO
639,TNFRSF1A -- TNFRSF1B -- NFKB1 -- MAPK8 -- JUN -- FOS -- SIRT1 -- RB1 -- TNFAIP3 -- CCND1 -- TRAF1 -- MAPK14 -- RHOA -- RAC1 -- MAP2K7 -- MAP3K1 -- IGF1 -- MAP3K14 -- TRADD -- TNFRSF10B -- CASP2 -- MDM2 -- CHUK -- RPS6KA5 -- PPP1R13L -- MAPK9 -- IRF1 -- EIF4G2 -- HTRA2 -- MYB -- HIP1 -- CDK4 -- OTUD7B -- RNF11 -- CASP10 -- PSEN1 -- SOD1 -- RPA4 -- SMPD1 -- TNIK -- HTT -- PELP1 -- BAX -- BAK1 -- BID -- FOXM1 -- PCNA -- PLAC8 -- CASP9 -- DIABLO -- APAF1
781,TNFRSF1A -- TNFRSF1B -- MAPK8 -- STAT1 -- JUN -- FOS -- BIRC2 -- BIRC3 -- SIRT1 -- TNFAIP3 -- TRAF1 -- MAPK14 -- RHOA -- NR3C1 -- TGFB2 -- RAC1 -- MAP2K7 -- MAP3K1 -- VEGFA -- RET -- TRADD -- ATM -- CHUK -- RPS6KA5 -- PPP1R13L -- MAPK9 -- IRF1 -- EIF4G2 -- MYB -- CYCS -- HIP1 -- RNF11 -- PSEN1 -- SOD1 -- HNRNPK -- CASP7 -- SMPD1 -- TNIK -- BRCA1 -- CDKN2A -- BID -- MCL1 -- PCNA -- TAF1 -- PLAC8 -- DIABLO -- RASSF1
641,TNFRSF1A -- TNFRSF1B -- NFKB1 -- MAPK8 -- BIRC2 -- BIRC3 -- SIRT1 -- MYC -- RB1 -- TNFAIP3 -- CCND1 -- MAPK14 -- RHOA -- RAC1 -- MAP2K7 -- MAP3K1 -- TRADD -- TNFRSF10B -- ATM -- MDM2 -- CHUK -- RPS6KA5 -- PPP1R13L -- MAPK9 -- LYN -- IRF1 -- EIF4G2 -- CDK4 -- OTUD7B -- RNF11 -- CASP10 -- PSEN1 -- SOD1 -- RPA4 -- SMPD1 -- TNIK -- PELP1 -- EIF4E -- BID -- FOXM1 -- MCL1 -- PCNA -- DIABLO -- RANGAP1
642,TNFRSF1A -- TNFRSF1B -- MAPK8 -- STAT1 -- JUN -- FOS -- SIRT1 -- TNFAIP3 -- TRAF1 -- MAPK14 -- RHOA -- NR3C1 -- TGFB2 -- RAC1 -- MAP2K7 -- MAP3K1 -- VEGFA -- MAP3K14 -- RET -- TRADD -- ATM -- CASP2 -- CHUK -- RPS6KA5 -- PPP1R13L -- MAPK9 -- IRF1 -- EIF4G2 -- HTRA2 -- MYB -- HIP1 -- RNF11 -- PSEN1 -- SOD1 -- HNRNPK -- CASP7 -- SMPD1 -- TNIK -- HTT -- BRCA1 -- CDKN2A -- BAX -- BID -- MCL1 -- PCNA -- TAF1 -- PLAC8 -- CASP9 -- DIABLO -- APAF1 -- RASSF1
643,TNFRSF1A -- TNFRSF1B -- NFKB1 -- MAPK8 -- BIRC3 -- SIRT1 -- RB1 -- TNFAIP3 -- CCND1 -- TRAF1 -- MAPK14 -- RHOA -- RAC1 -- MAP2K7 -- MAP3K1 -- TRADD -- TNFRSF10B -- MDM2 -- CHUK -- PPP1R13L -- MAPK9 -- LYN -- IRF1 -- EIF4G2 -- HTRA2 -- HIP1 -- CDK4 -- OTUD7B -- RNF11 -- CASP10 -- PSEN1 -- BAD -- SOD1 -- RPA4 -- SMPD1 -- TNIK -- PELP1 -- BAX -- BAK1 -- BID -- FOXM1 -- PCNA -- PLAC8 -- DIABLO
644,TNFRSF1A -- TNFRSF1B -- MAPK8 -- BIRC2 -- SIRT1 -- RB1 -- TNFAIP3 -- CCND1 -- TRAF1 -- MAPK14 -- RHOA -- RAC1 -- MAP2K7 -- MAP3K1 -- IGF1 -- RET -- TRADD -- MDM2 -- CHUK -- RPS6KA5 -- PPP1R13L -- MAPK9 -- LYN -- IRF1 -- CYCS -- HIP1 -- CDK4 -- OTUD7B -- RNF11 -- PSEN1 -- SOD1 -- RPA4 -- SMPD1 -- TNIK -- PELP1 -- EIF4E -- BID -- FOXM1 -- PCNA -- DIABLO
645,TNFRSF1A -- TNFRSF1B -- NFKB1 -- MAPK8 -- SIRT1 -- RB1 -- TNFAIP3 -- CCND1 -- TRAF1 -- MAPK14 -- RHOA -- RAC1 -- MAP2K7 -- MAP3K1 -- MAP3K14 -- TRADD -- TNFRSF10B -- CASP2 -- MDM2 -- CHUK -- RPS6KA5 -- PPP1R13L -- MAPK9 -- LYN -- IRF1 -- EIF4G2 -- HTRA2 -- HIP1 -- CDK4 -- OTUD7B -- RNF11 -- CASP10 -- PSEN1 -- SOD1 -- RPA4 -- SMPD1 -- TNIK -- HTT -- PELP1 -- BAX -- BAK1 -- BID -- FOXM1 -- PCNA -- PLAC8 -- CASP9 -- DIABLO
794,TNFRSF1A -- TNFRSF1B -- MAPK8 -- STAT1 -- JUN -- FOS -- SIRT1 -- TNFAIP3 -- TRAF1 -- MAPK14 -- RHOA -- NR3C1 -- TGFB2 -- RAC1 -- MAP2K7 -- MAP3K1 -- VEGFA -- MAP3K14 -- RET -- TRADD -- ATM -- CASP2 -- CHUK -- RPS6KA5 -- PPP1R13L -- MAPK9 -- IRF1 -- EIF4G2 -- HTRA2 -- MYB -- HIP1 -- RNF11 -- PSEN1 -- SOD1 -- HNRNPK -- SMPD1 -- TNIK -- HTT -- BRCA1 -- CDKN2A -- BAX -- BID -- MCL1 -- PCNA -- TAF1 -- PLAC8 -- CASP9 -- DIABLO -- APAF1 -- RASSF1
647,TNFRSF1A -- TNFRSF1B -- NFKB1 -- MAPK8 -- STAT1 -- BIRC2 -- BIRC3 -- SIRT1 -- MYC -- TNFAIP3 -- TRAF1 -- MAPK14 -- PTMA -- RHOA -- RAC1 -- MAP2K7 -- MAP3K1 -- VEGFA -- RET -- TRADD -- TNFRSF10B -- MDM2 -- CHUK -- PPP1R13L -- MAPK9 -- LYN -- IRF1 -- CYCS -- CDK4 -- OTUD7B -- RNF11 -- PSEN1 -- SOD1 -- RPA4 -- SMPD1 -- TNIK -- PELP1 -- EIF4E -- BID -- FOXM1 -- MCL1 -- PCNA -- TAF1 -- DIABLO -- RANGAP1
648,TNFRSF1A -- TNFRSF1B -- MAPK8 -- STAT1 -- JUN -- FOS -- SIRT1 -- TNFAIP3 -- TRAF1 -- MAPK14 -- RHOA -- NR3C1 -- RAC1 -- MAP2K7 -- MAP3K1 -- VEGFA -- MAP3K14 -- RET -- TRADD -- ATM -- CASP2 -- CHUK -- RPS6KA5 -- PPP1R13L -- MAPK9 -- IRF1 -- EIF4G2 -- MYB -- HIP1 -- RNF11 -- PSEN1 -- SOD1 -- HNRNPK -- CASP7 -- SMPD1 -- TNIK -- HTT -- BRCA1 -- CDKN2A -- BID -- MCL1 -- PCNA -- TAF1 -- PLAC8 -- CASP9 -- DIABLO -- APAF1 -- RASSF1
649,TNFRSF1A -- TNFRSF1B -- MAPK8 -- STAT1 -- BIRC3 -- SIRT1 -- TNFAIP3 -- TRAF1 -- MAPK14 -- RHOA -- NR3C1 -- RAC1 -- MAP2K7 -- MAP3K1 -- VEGFA -- RET -- TRADD -- ATM -- CASP2 -- CHUK -- RPS6KA5 -- PPP1R13L -- MAPK9 -- LYN -- IRF1 -- EIF4G2 -- CYCS -- HIP1 -- RNF11 -- PSEN1 -- SOD1 -- HNRNPK -- SMPD1 -- TNIK -- HTT -- BRCA1 -- CDKN2A -- BID -- MCL1 -- PCNA -- PLAC8 -- DIABLO -- RASSF1
650,TNFRSF1A -- TNFRSF1B -- MAPK8 -- STAT1 -- JUN -- FOS -- SIRT1 -- TNFAIP3 -- TRAF1 -- MAPK14 -- RHOA -- RAC1 -- MAP2K7 -- MAP3K1 -- VEGFA -- MAP3K14 -- RET -- TRADD -- ATM -- CASP2 -- CHUK -- RPS6KA5 -- PPP1R13L -- MAPK9 -- IRF1 -- EIF4G2 -- HTRA2 -- MYB -- HIP1 -- CDK4 -- OTUD7B -- RNF11 -- PSEN1 -- SOD1 -- HNRNPK -- RPA4 -- SMPD1 -- TNIK -- HTT -- CDKN2A -- PELP1 -- BAX -- BAK1 -- EIF4E -- BID -- FOXM1 -- MCL1 -- PCNA -- TAF1 -- PLAC8 -- CASP9 -- DIABLO -- APAF1
651,TNFRSF1A -- TNFRSF1B -- NFKB1 -- MAPK8 -- STAT1 -- SIRT1 -- MYC -- TNFAIP3 -- CCND1 -- MAPK14 -- PTMA -- RHOA -- TGFB2 -- RAC1 -- MAP2K7 -- MAP3K1 -- TRADD -- MDM2 -- CHUK -- PPP1R13L -- MAPK9 -- LYN -- IRF1 -- CDK4 -- OTUD7B -- RNF11 -- PSEN1 -- BAD -- SOD1 -- RPA4 -- SMPD1 -- TNIK -- EIF4E -- BID -- FOXM1 -- PCNA -- TAF1 -- DIABLO -- RANGAP1
652,TNFRSF1A -- TNFRSF1B -- NFKB1 -- MAPK8 -- SIRT1 -- RB1 -- TNFAIP3 -- CCND1 -- MAPK14 -- PTMA -- RHOA -- RAC1 -- MAP2K7 -- MAP3K1 -- IGF1 -- TRADD -- CASP2 -- MDM2 -- CHUK -- PPP1R13L -- MAPK9 -- LYN -- IRF1 -- HTRA2 -- CDK4 -- OTUD7B -- RNF11 -- PSEN1 -- SOD1 -- RPA4 -- SMPD1 -- TNIK -- HTT -- PELP1 -- BAX -- BAK1 -- EIF4E -- BID -- FOXM1 -- PCNA -- PLAC8 -- DIABLO
653,TNFRSF1A -- TNFRSF1B -- NFKB1 -- MAPK8 -- STAT1 -- FOS -- SIRT1 -- MYC -- TNFAIP3 -- CCND1 -- TRAF1 -- MAPK14 -- PTMA -- RHOA -- RAC1 -- MAP2K7 -- MAP3K1 -- IGF1 -- MAP3K14 -- RET -- TRADD -- TNFRSF10B -- CASP2 -- MDM2 -- CHUK -- RPS6KA5 -- PPP1R13L -- MAPK9 -- IRF1 -- HTRA2 -- CDK4 -- OTUD7B -- RNF11 -- PSEN1 -- SOD1 -- HNRNPK -- RPA4 -- SMPD1 -- TNIK -- HTT -- PELP1 -- EIF4E -- BID -- FOXM1 -- PCNA -- TAF1 -- CASP9 -- DIABLO -- APAF1 -- RANGAP1
654,TNFRSF1A -- TNFRSF1B -- NFKB1 -- MAPK8 -- SIRT1 -- RB1 -- TNFAIP3 -- CCND1 -- TRAF1 -- MAPK14 -- RHOA -- RAC1 -- MAP2K7 -- MAP3K1 -- MAP3K14 -- TRADD -- TNFRSF10B -- ATM -- CASP2 -- MDM2 -- CHUK -- RPS6KA5 -- PPP1R13L -- MAPK9 -- LYN -- IRF1 -- EIF4G2 -- HTRA2 -- HIP1 -- CDK4 -- OTUD7B -- RNF11 -- CASP10 -- PSEN1 -- SOD1 -- RPA4 -- SMPD1 -- TNIK -- HTT -- PELP1 -- BAX -- BAK1 -- BID -- FOXM1 -- PCNA -- PLAC8 -- CASP9 -- DIABLO -- APAF1
655,TNFRSF1A -- TNFRSF1B -- NFKB1 -- MAPK8 -- BIRC2 -- SIRT1 -- RB1 -- TNFAIP3 -- CCND1 -- TRAF1 -- MAPK14 -- RHOA -- RAC1 -- MAP2K7 -- MAP3K1 -- TRADD -- TNFRSF10B -- ATM -- MDM2 -- CHUK -- RPS6KA5 -- PPP1R13L -- MAPK9 -- LYN -- IRF1 -- HTRA2 -- CYCS -- HIP1 -- CDK4 -- OTUD7B -- RNF11 -- PSEN1 -- SOD1 -- RPA4 -- SMPD1 -- TNIK -- PELP1 -- BAX -- BAK1 -- EIF4E -- BID -- FOXM1 -- PCNA -- PLAC8 -- DIABLO -- RANGAP1
656,TNFRSF1A -- TNFRSF1B -- MAPK8 -- STAT1 -- JUN -- FOS -- SIRT1 -- TNFAIP3 -- TRAF1 -- MAPK14 -- RHOA -- NR3C1 -- TGFB2 -- RAC1 -- MAP2K7 -- MAP3K1 -- VEGFA -- MAP3K14 -- RET -- TRADD -- ATM -- CASP2 -- CHUK -- RPS6KA5 -- PPP1R13L -- MAPK9 -- IRF1 -- EIF4G2 -- HTRA2 -- MYB -- HIP1 -- RNF11 -- PSEN1 -- SOD1 -- HNRNPK -- SMPD1 -- TNIK -- HTT -- BRCA1 -- CDKN2A -- BAK1 -- BID -- MCL1 -- PCNA -- TAF1 -- PLAC8 -- CASP9 -- DIABLO -- APAF1 -- RASSF1
657,TNFRSF1A -- TNFRSF1B -- MAPK8 -- STAT1 -- FOS -- BIRC2 -- BIRC3 -- SIRT1 -- MYC -- TNFAIP3 -- TRAF1 -- MAPK14 -- PTMA -- RHOA -- TGFB2 -- RAC1 -- MAP2K7 -- MAP3K1 -- VEGFA -- RET -- TRADD -- ATM -- CHUK -- RPS6KA5 -- PPP1R13L -- MAPK9 -- LYN -- IRF1 -- MYB -- CYCS -- RNF11 -- PSEN1 -- SOD1 -- HNRNPK -- SMPD1 -- TNIK -- BRCA1 -- CDKN2A -- BID -- MCL1 -- PCNA -- TAF1 -- DIABLO -- RASSF1
658,TNFRSF1A -- TNFRSF1B -- MAPK8 -- STAT1 -- JUN -- FOS -- BIRC2 -- BIRC3 -- SIRT1 -- TNFAIP3 -- TRAF1 -- MAPK14 -- RHOA -- NR3C1 -- TGFB2 -- RAC1 -- MAP2K7 -- MAP3K1 -- VEGFA -- RET -- TRADD -- ATM -- CASP2 -- CHUK -- RPS6KA5 -- PPP1R13L -- MAPK9 -- IRF1 -- EIF4G2 -- MYB -- CYCS -- HIP1 -- RNF11 -- PSEN1 -- SOD1 -- HNRNPK -- SMPD1 -- TNIK -- HTT -- BRCA1 -- CDKN2A -- BID -- MCL1 -- PCNA -- TAF1 -- PLAC8 -- CASP9 -- DIABLO -- APAF1 -- RASSF1
659,TNFRSF1A -- TNFRSF1B -- MAPK8 -- BIRC2 -- BIRC3 -- SIRT1 -- MYC -- TNFAIP3 -- CCND1 -- MAPK14 -- PTMA -- RHOA -- TGFB2 -- RAC1 -- MAP2K7 -- MAP3K1 -- TRADD -- MDM2 -- CHUK -- PPP1R13L -- MAPK9 -- LYN -- IRF1 -- EIF4G2 -- CYCS -- CDK4 -- OTUD7B -- RNF11 -- CASP10 -- PSEN1 -- BAD -- SOD1 -- RPA4 -- SMPD1 -- TNIK -- PELP1 -- BID -- FOXM1 -- PCNA -- TAF1 -- PLAC8 -- DIABLO -- RANGAP1
660,TNFRSF1A -- TNFRSF1B -- NFKB1 -- MAPK8 -- JUN -- SIRT1 -- RB1 -- TNFAIP3 -- CCND1 -- TRAF1 -- MAPK14 -- RHOA -- RAC1 -- MAP2K7 -- MAP3K1 -- IGF1 -- MAP3K14 -- TRADD -- CASP2 -- MDM2 -- CHUK -- RPS6KA5 -- PPP1R13L -- MAPK9 -- IRF1 -- EIF4G2 -- HTRA2 -- MYB -- HIP1 -- CDK4 -- OTUD7B -- RNF11 -- PSEN1 -- SOD1 -- HNRNPK -- RPA4 -- SMPD1 -- TNIK -- HTT -- PELP1 -- BAX -- BAK1 -- BID -- FOXM1 -- PCNA -- CASP9 -- DIABLO -- APAF1
661,TNFRSF1A -- TNFRSF1B -- MAPK8 -- STAT1 -- JUN -- FOS -- SIRT1 -- TNFAIP3 -- TRAF1 -- MAPK14 -- RHOA -- NR3C1 -- TGFB2 -- RAC1 -- MAP2K7 -- MAP3K1 -- VEGFA -- MAP3K14 -- RET -- TRADD -- ATM -- CASP2 -- CHUK -- RPS6KA5 -- PPP1R13L -- MAPK9 -- IRF1 -- EIF4G2 -- HTRA2 -- MYB -- HIP1 -- RNF11 -- PSEN1 -- SOD1 -- HNRNPK -- SMPD1 -- TNIK -- HTT -- BRCA1 -- CDKN2A -- BID -- MCL1 -- PCNA -- TAF1 -- PLAC8 -- CASP9 -- DIABLO -- APAF1 -- RASSF1
662,TNFRSF1A -- TNFRSF1B -- MAPK8 -- JUN -- FOS -- SIRT1 -- RB1 -- TNFAIP3 -- TRAF1 -- MAPK14 -- RHOA -- RAC1 -- MAP2K7 -- MAP3K1 -- VEGFA -- MAP3K14 -- TRADD -- TNFRSF10B -- ATM -- CASP2 -- CHUK -- RPS6KA5 -- PPP1R13L -- MAPK9 -- IRF1 -- EIF4G2 -- HTRA2 -- MYB -- HIP1 -- RNF11 -- CASP10 -- PSEN1 -- SOD1 -- RPA4 -- SMPD1 -- TNIK -- HTT -- BRCA1 -- CDKN2A -- PELP1 -- BAX -- BAK1 -- BID -- FOXM1 -- PCNA -- PLAC8 -- CASP9 -- DIABLO -- RASSF1
663,TNFRSF1A -- TNFRSF1B -- NFKB1 -- MAPK8 -- BIRC2 -- BIRC3 -- SIRT1 -- MYC -- TNFAIP3 -- CCND1 -- MAPK14 -- PTMA -- RHOA -- TGFB2 -- RAC1 -- MAP2K7 -- MAP3K1 -- IGF1 -- VEGFA -- TRADD -- TNFRSF10B -- MDM2 -- CHUK -- PPP1R13L -- MAPK9 -- LYN -- IRF1 -- EIF4G2 -- CYCS -- CDK4 -- OTUD7B -- RNF11 -- CASP10 -- PSEN1 -- BAD -- SOD1 -- SMPD1 -- TNIK -- PELP1 -- EIF4E -- BID -- MCL1 -- PCNA -- TAF1 -- DIABLO -- RANGAP1
664,TNFRSF1A -- TNFRSF1B -- MAPK8 -- BIRC2 -- SIRT1 -- MYC -- TNFAIP3 -- CCND1 -- MAPK14 -- PTMA -- RHOA -- TGFB2 -- RAC1 -- MAP2K7 -- MAP3K1 -- IGF1 -- TRADD -- MDM2 -- CHUK -- PPP1R13L -- MAPK9 -- LYN -- IRF1 -- EIF4G2 -- CYCS -- CDK4 -- OTUD7B -- RNF11 -- PSEN1 -- BAD -- SOD1 -- RPA4 -- SMPD1 -- TNIK -- PELP1 -- BAK1 -- BID -- FOXM1 -- PCNA -- TAF1 -- DIABLO -- RANGAP1
665,TNFRSF1A -- TNFRSF1B -- MAPK8 -- STAT1 -- JUN -- FOS -- BIRC2 -- BIRC3 -- SIRT1 -- TNFAIP3 -- TRAF1 -- MAPK14 -- RHOA -- NR3C1 -- TGFB2 -- RAC1 -- MAP2K7 -- MAP3K1 -- VEGFA -- RET -- TRADD -- ATM -- CHUK -- RPS6KA5 -- PPP1R13L -- MAPK9 -- IRF1 -- MYB -- CYCS -- HIP1 -- RNF11 -- PSEN1 -- SOD1 -- HNRNPK -- SMPD1 -- TNIK -- BRCA1 -- CDKN2A -- EIF4E -- BID -- MCL1 -- PCNA -- TAF1 -- PLAC8 -- DIABLO -- RASSF1
666,NFKB1 -- STAT1 -- BIRC3 -- FASLG -- TNFAIP3 -- TRAF1 -- MAPK14 -- RAC1 -- MAP2K7 -- MAP3K1 -- VEGFA -- RET -- MAPK1 -- TNFRSF10B -- AKT1 -- ATM -- CHUK -- RPS6KA5 -- PPP1R13L -- MAPK9 -- LYN -- IRF1 -- HIP1 -- CDK4 -- OTUD7B -- PARP1 -- PSEN1 -- HNRNPK -- RPA4 -- SMPD1 -- PELP1 -- BAK1 -- EIF4E -- BID -- FOXM1 -- MCL1 -- CTBP1 -- PCNA -- TAF1 -- PLAC8 -- CCNG1 -- DIABLO
667,TNFRSF1A -- TNFRSF1B -- MAPK8 -- JUN -- FOS -- SIRT1 -- RB1 -- TNFAIP3 -- CCND1 -- TRAF1 -- MAPK14 -- RHOA -- NR3C1 -- RAC1 -- MAP2K7 -- MAP3K1 -- MAP3K14 -- TRADD -- TNFRSF10B -- ATM -- CASP2 -- CHUK -- RPS6KA5 -- PPP1R13L -- MAPK9 -- IRF1 -- EIF4G2 -- HTRA2 -- MYB -- HIP1 -- RNF11 -- CASP10 -- PSEN1 -- SOD1 -- SMPD1 -- TNIK -- HTT -- BRCA1 -- CDKN2A -- BAX -- BAK1 -- BID -- FOXM1 -- PCNA -- PLAC8 -- CASP9 -- DIABLO -- APAF1 -- RASSF1
668,TNFRSF1A -- TNFRSF1B -- NFKB1 -- MAPK8 -- SIRT1 -- RB1 -- TNFAIP3 -- CCND1 -- TRAF1 -- MAPK14 -- RHOA -- RAC1 -- MAP2K7 -- MAP3K1 -- IGF1 -- TRADD -- TNFRSF10B -- MDM2 -- CHUK -- RPS6KA5 -- PPP1R13L -- MAPK9 -- LYN -- IRF1 -- EIF4G2 -- HTRA2 -- HIP1 -- CDK4 -- OTUD7B -- RNF11 -- CASP10 -- PSEN1 -- SOD1 -- RPA4 -- SMPD1 -- TNIK -- PELP1 -- BAX -- BAK1 -- BID -- FOXM1 -- PCNA -- PLAC8 -- CASP9 -- DIABLO
669,TNFRSF1A -- TNFRSF1B -- MAPK8 -- STAT1 -- JUN -- FOS -- BIRC2 -- BIRC3 -- SIRT1 -- TNFAIP3 -- TRAF1 -- MAPK14 -- RHOA -- NR3C1 -- TGFB2 -- RAC1 -- MAP2K7 -- MAP3K1 -- VEGFA -- RET -- TRADD -- ATM -- CHUK -- RPS6KA5 -- PPP1R13L -- MAPK9 -- LYN -- IRF1 -- MYB -- CYCS -- HIP1 -- RNF11 -- PSEN1 -- SOD1 -- SMPD1 -- TNIK -- HTT -- BRCA1 -- CDKN2A -- BID -- MCL1 -- PCNA -- TAF1 -- PLAC8 -- DIABLO -- RASSF1
670,TNFRSF1A -- TNFRSF1B -- NFKB1 -- MAPK8 -- BIRC2 -- BIRC3 -- SIRT1 -- RB1 -- TNFAIP3 -- CCND1 -- TRAF1 -- MAPK14 -- RHOA -- RAC1 -- MAP2K7 -- MAP3K1 -- IGF1 -- TRADD -- TNFRSF10B -- ATM -- MDM2 -- CHUK -- RPS6KA5 -- PPP1R13L -- MAPK9 -- LYN -- IRF1 -- CYCS -- HIP1 -- CDK4 -- OTUD7B -- RNF11 -- PSEN1 -- SOD1 -- RPA4 -- SMPD1 -- TNIK -- PELP1 -- BAX -- BAK1 -- EIF4E -- BID -- FOXM1 -- PCNA -- PLAC8 -- DIABLO
671,TNFRSF1A -- TNFRSF1B -- NFKB1 -- MAPK8 -- JUN -- SIRT1 -- RB1 -- TNFAIP3 -- CCND1 -- TRAF1 -- MAPK14 -- RHOA -- RAC1 -- MAP2K7 -- MAP3K1 -- IGF1 -- MAP3K14 -- TRADD -- TNFRSF10B -- CASP2 -- MDM2 -- CHUK -- PPP1R13L -- MAPK9 -- IRF1 -- EIF4G2 -- HTRA2 -- CDK4 -- OTUD7B -- RNF11 -- CASP10 -- PSEN1 -- SOD1 -- RPA4 -- SMPD1 -- TNIK -- HTT -- PELP1 -- BAX -- BAK1 -- BID -- FOXM1 -- PCNA -- CASP9 -- DIABLO -- APAF1
672,TNFRSF1A -- TNFRSF1B -- NFKB1 -- MAPK8 -- BIRC2 -- BIRC3 -- SIRT1 -- MYC -- RB1 -- TNFAIP3 -- CCND1 -- MAPK14 -- PTMA -- RHOA -- RAC1 -- MAP2K7 -- MAP3K1 -- IGF1 -- TRADD -- TNFRSF10B -- ATM -- MDM2 -- CHUK -- PPP1R13L -- MAPK9 -- LYN -- IRF1 -- CYCS -- CDK4 -- OTUD7B -- RNF11 -- CASP10 -- PSEN1 -- SOD1 -- RPA4 -- SMPD1 -- TNIK -- PELP1 -- BAX -- BAK1 -- EIF4E -- BID -- FOXM1 -- TFDP1 -- PCNA -- DIABLO -- RANGAP1
673,TNFRSF1A -- TNFRSF1B -- NFKB1 -- MAPK8 -- BIRC2 -- SIRT1 -- RB1 -- TNFAIP3 -- CCND1 -- TRAF1 -- MAPK14 -- RHOA -- RAC1 -- MAP2K7 -- MAP3K1 -- IGF1 -- TRADD -- TNFRSF10B -- ATM -- MDM2 -- CHUK -- RPS6KA5 -- PPP1R13L -- MAPK9 -- LYN -- IRF1 -- EIF4G2 -- HTRA2 -- HIP1 -- CDK4 -- OTUD7B -- RNF11 -- CASP10 -- PSEN1 -- SOD1 -- RPA4 -- SMPD1 -- TNIK -- PELP1 -- BAX -- BAK1 -- BID -- FOXM1 -- PCNA -- PLAC8 -- DIABLO
674,TNFRSF1A -- TNFRSF1B -- MAPK8 -- JUN -- FOS -- SIRT1 -- RB1 -- TNFAIP3 -- CCND1 -- TRAF1 -- MAPK14 -- RHOA -- RAC1 -- MAP2K7 -- MAP3K1 -- MAP3K14 -- TRADD -- ATM -- CASP2 -- CHUK -- RPS6KA5 -- PPP1R13L -- MAPK9 -- IRF1 -- EIF4G2 -- HTRA2 -- MYB -- HIP1 -- CDK4 -- OTUD7B -- RNF11 -- CASP10 -- PSEN1 -- SOD1 -- HNRNPK -- RPA4 -- SMPD1 -- TNIK -- HTT -- CDKN2A -- PELP1 -- BAX -- BAK1 -- BID -- FOXM1 -- PCNA -- PLAC8 -- CASP9 -- DIABLO -- APAF1
675,MAPK8 -- STAT1 -- JUN -- FOS -- SIRT1 -- TRAF1 -- MAPK14 -- NR3C1 -- TGFB2 -- RAC1 -- MAP2K7 -- MAP3K1 -- VEGFA -- MAP3K14 -- RET -- TRADD -- AKT1 -- ATM -- CHUK -- RPS6KA5 -- PPP1R13L -- MAPK9 -- IRF1 -- EIF4G2 -- HTRA2 -- MYB -- HIP1 -- OTUD7B -- CASP10 -- PSEN1 -- CASP7 -- SMPD1 -- TNIK -- CDKN2A -- BBC3 -- BAK1 -- BID -- RBL1 -- PCNA -- TAF1 -- PLAC8 -- CASP9 -- DIABLO -- RASSF1
772,TNFRSF1A -- TNFRSF1B -- MAPK8 -- BIRC2 -- SIRT1 -- MYC -- RB1 -- TNFAIP3 -- CCND1 -- MAPK14 -- PTMA -- RHOA -- TGFB2 -- RAC1 -- MAP2K7 -- MAP3K1 -- RET -- TRADD -- ATM -- MDM2 -- CHUK -- PPP1R13L -- MAPK9 -- LYN -- IRF1 -- EIF4G2 -- CYCS -- CDK4 -- OTUD7B -- RNF11 -- PSEN1 -- BAD -- SOD1 -- RPA4 -- SMPD1 -- TNIK -- PELP1 -- BID -- FOXM1 -- MCL1 -- PCNA -- TAF1 -- DIABLO -- RANGAP1
677,TNFRSF1A -- TNFRSF1B -- MAPK8 -- STAT1 -- JUN -- FOS -- SIRT1 -- RB1 -- TNFAIP3 -- TRAF1 -- MAPK14 -- RHOA -- RAC1 -- MAP2K7 -- MAP3K1 -- MAP3K14 -- RET -- TRADD -- ATM -- CASP2 -- CHUK -- RPS6KA5 -- PPP1R13L -- MAPK9 -- IRF1 -- EIF4G2 -- HTRA2 -- MYB -- HIP1 -- RNF11 -- PSEN1 -- SOD1 -- HNRNPK -- SMPD1 -- TNIK -- HTT -- BRCA1 -- CDKN2A -- BAX -- BAK1 -- BID -- PCNA -- PLAC8 -- CASP9 -- DIABLO -- APAF1
678,TNFRSF1A -- TNFRSF1B -- NFKB1 -- MAPK8 -- STAT1 -- BIRC2 -- BIRC3 -- SIRT1 -- MYC -- TNFAIP3 -- MAPK14 -- PTMA -- RHOA -- RAC1 -- MAP2K7 -- MAP3K1 -- IGF1 -- VEGFA -- TRADD -- ATM -- MDM2 -- CHUK -- PPP1R13L -- MAPK9 -- LYN -- IRF1 -- CYCS -- CDK4 -- OTUD7B -- RNF11 -- PSEN1 -- BAD -- SOD1 -- RPA4 -- SMPD1 -- TNIK -- PELP1 -- EIF4E -- BID -- FOXM1 -- MCL1 -- PCNA -- TAF1 -- DIABLO -- RANGAP1
679,TNFRSF1A -- TNFRSF1B -- NFKB1 -- MAPK8 -- JUN -- SIRT1 -- RB1 -- TNFAIP3 -- TRAF1 -- MAPK14 -- RHOA -- RAC1 -- MAP2K7 -- MAP3K1 -- IGF1 -- MAP3K14 -- TRADD -- TNFRSF10B -- CASP2 -- MDM2 -- CHUK -- RPS6KA5 -- PPP1R13L -- MAPK9 -- IRF1 -- EIF4G2 -- HTRA2 -- MYB -- HIP1 -- CDK4 -- OTUD7B -- RNF11 -- CASP10 -- PSEN1 -- SOD1 -- RPA4 -- SMPD1 -- TNIK -- HTT -- CDKN2A -- PELP1 -- BAX -- BAK1 -- BID -- FOXM1 -- PCNA -- PLAC8 -- CASP9 -- DIABLO -- APAF1
680,TNFRSF1A -- TNFRSF1B -- MAPK8 -- JUN -- FOS -- BIRC2 -- BIRC3 -- SIRT1 -- TNFAIP3 -- TRAF1 -- MAPK14 -- RHOA -- NR3C1 -- TGFB2 -- RAC1 -- MAP2K7 -- MAP3K1 -- VEGFA -- RET -- TRADD -- ATM -- CHUK -- RPS6KA5 -- PPP1R13L -- MAPK9 -- IRF1 -- EIF4G2 -- MYB -- CYCS -- HIP1 -- RNF11 -- PSEN1 -- SOD1 -- HNRNPK -- SMPD1 -- TNIK -- BRCA1 -- CDKN2A -- BID -- MCL1 -- PCNA -- TAF1 -- PLAC8 -- DIABLO -- RASSF1
771,TNFRSF1A -- TNFRSF1B -- MAPK8 -- STAT1 -- FOS -- BIRC2 -- SIRT1 -- TNFAIP3 -- TRAF1 -- MAPK14 -- RHOA -- NR3C1 -- TGFB2 -- RAC1 -- MAP2K7 -- MAP3K1 -- VEGFA -- RET -- TRADD -- ATM -- CHUK -- RPS6KA5 -- PPP1R13L -- MAPK9 -- LYN -- IRF1 -- EIF4G2 -- MYB -- CYCS -- HIP1 -- RNF11 -- PSEN1 -- SOD1 -- HNRNPK -- SMPD1 -- TNIK -- BRCA1 -- CDKN2A -- BID -- MCL1 -- PCNA -- TAF1 -- PLAC8 -- DIABLO -- RASSF1
682,TNFRSF1A -- TNFRSF1B -- MAPK8 -- STAT1 -- JUN -- FOS -- SIRT1 -- RB1 -- TNFAIP3 -- TRAF1 -- MAPK14 -- RHOA -- NR3C1 -- RAC1 -- MAP2K7 -- MAP3K1 -- VEGFA -- MAP3K14 -- RET -- TRADD -- ATM -- CASP2 -- CHUK -- RPS6KA5 -- PPP1R13L -- MAPK9 -- IRF1 -- EIF4G2 -- HTRA2 -- MYB -- HIP1 -- RNF11 -- PSEN1 -- SOD1 -- HNRNPK -- SMPD1 -- TNIK -- HTT -- CDKN2A -- BAK1 -- BID -- PCNA -- PLAC8 -- CASP9 -- DIABLO -- APAF1 -- RASSF1
683,TNFRSF1A -- TNFRSF1B -- NFKB1 -- MAPK8 -- SIRT1 -- RB1 -- TNFAIP3 -- CCND1 -- TRAF1 -- MAPK14 -- RHOA -- RAC1 -- MAP2K7 -- MAP3K1 -- IGF1 -- MAP3K14 -- TRADD -- TNFRSF10B -- ATM -- CASP2 -- MDM2 -- CHUK -- RPS6KA5 -- PPP1R13L -- MAPK9 -- IRF1 -- EIF4G2 -- HTRA2 -- HIP1 -- CDK4 -- OTUD7B -- RNF11 -- CASP10 -- PSEN1 -- SOD1 -- RPA4 -- SMPD1 -- TNIK -- HTT -- PELP1 -- BAX -- BAK1 -- BID -- FOXM1 -- PCNA -- PLAC8 -- CASP9 -- DIABLO -- APAF1
684,TNFRSF1A -- TNFRSF1B -- MAPK8 -- STAT1 -- SIRT1 -- RB1 -- TNFAIP3 -- TRAF1 -- MAPK14 -- RHOA -- NR3C1 -- RAC1 -- MAP2K7 -- MAP3K1 -- VEGFA -- MAP3K14 -- RET -- TRADD -- ATM -- CASP2 -- CHUK -- RPS6KA5 -- PPP1R13L -- MAPK9 -- LYN -- IRF1 -- EIF4G2 -- HTRA2 -- HIP1 -- RNF11 -- PSEN1 -- SOD1 -- HNRNPK -- SMPD1 -- TNIK -- HTT -- BRCA1 -- CDKN2A -- BAK1 -- BID -- PCNA -- PLAC8 -- DIABLO -- APAF1 -- RASSF1
685,TNFRSF1A -- TNFRSF1B -- NFKB1 -- MAPK8 -- SIRT1 -- RB1 -- TNFAIP3 -- CCND1 -- TRAF1 -- MAPK14 -- RHOA -- RAC1 -- MAP2K7 -- MAP3K1 -- IGF1 -- TRADD -- TNFRSF10B -- ATM -- MDM2 -- CHUK -- RPS6KA5 -- PPP1R13L -- MAPK9 -- LYN -- IRF1 -- EIF4G2 -- HTRA2 -- HIP1 -- CDK4 -- OTUD7B -- RNF11 -- CASP10 -- PSEN1 -- SOD1 -- RPA4 -- SMPD1 -- TNIK -- PELP1 -- BAX -- BAK1 -- BID -- FOXM1 -- PCNA -- PLAC8 -- CASP9 -- DIABLO -- APAF1
686,TNFRSF1A -- TNFRSF1B -- MAPK8 -- STAT1 -- JUN -- FOS -- BIRC2 -- BIRC3 -- SIRT1 -- TNFAIP3 -- TRAF1 -- MAPK14 -- RHOA -- NR3C1 -- TGFB2 -- RAC1 -- MAP2K7 -- MAP3K1 -- VEGFA -- MAP3K14 -- RET -- TRADD -- ATM -- CHUK -- RPS6KA5 -- PPP1R13L -- MAPK9 -- IRF1 -- EIF4G2 -- MYB -- CYCS -- HIP1 -- OTUD7B -- RNF11 -- CASP10 -- PSEN1 -- SOD1 -- HNRNPK -- SMPD1 -- TNIK -- CDKN2A -- BID -- MCL1 -- PCNA -- TAF1 -- PLAC8 -- DIABLO
687,TNFRSF1A -- TNFRSF1B -- NFKB1 -- MAPK8 -- JUN -- SIRT1 -- RB1 -- TNFAIP3 -- TRAF1 -- MAPK14 -- RHOA -- RAC1 -- MAP2K7 -- MAP3K1 -- MAP3K14 -- TRADD -- TNFRSF10B -- CASP2 -- MDM2 -- CHUK -- RPS6KA5 -- PPP1R13L -- MAPK9 -- IRF1 -- EIF4G2 -- HTRA2 -- MYB -- HIP1 -- CDK4 -- OTUD7B -- RNF11 -- CASP10 -- PSEN1 -- SOD1 -- RPA4 -- SMPD1 -- TNIK -- HTT -- CDKN2A -- PELP1 -- BAX -- BAK1 -- BID -- FOXM1 -- PCNA -- PLAC8 -- CASP9 -- DIABLO -- APAF1
688,TNFRSF1A -- TNFRSF1B -- NFKB1 -- MAPK8 -- BIRC2 -- BIRC3 -- SIRT1 -- MYC -- RB1 -- TNFAIP3 -- CCND1 -- MAPK14 -- PTMA -- RHOA -- RAC1 -- MAP2K7 -- MAP3K1 -- TRADD -- TNFRSF10B -- MDM2 -- CHUK -- PPP1R13L -- MAPK9 -- LYN -- IRF1 -- EIF4G2 -- CYCS -- CDK4 -- OTUD7B -- RNF11 -- CASP10 -- PSEN1 -- BAD -- SOD1 -- RPA4 -- SMPD1 -- TNIK -- PELP1 -- BAK1 -- BID -- FOXM1 -- PCNA -- DIABLO -- RANGAP1
689,TNFRSF1A -- TNFRSF1B -- MAPK8 -- STAT1 -- BIRC2 -- SIRT1 -- TNFAIP3 -- TRAF1 -- MAPK14 -- RHOA -- NR3C1 -- RAC1 -- MAP2K7 -- MAP3K1 -- VEGFA -- RET -- TRADD -- ATM -- CHUK -- RPS6KA5 -- PPP1R13L -- MAPK9 -- LYN -- IRF1 -- CYCS -- HIP1 -- RNF11 -- PSEN1 -- SOD1 -- HNRNPK -- SMPD1 -- TNIK -- BRCA1 -- EIF4E -- BID -- MCL1 -- PCNA -- TAF1 -- PLAC8 -- DIABLO -- RASSF1
690,TNFRSF1A -- TNFRSF1B -- MAPK8 -- JUN -- FOS -- SIRT1 -- TNFAIP3 -- TRAF1 -- MAPK14 -- RHOA -- NR3C1 -- RAC1 -- MAP2K7 -- MAP3K1 -- VEGFA -- MAP3K14 -- RET -- TRADD -- ATM -- CASP2 -- CHUK -- RPS6KA5 -- PPP1R13L -- MAPK9 -- IRF1 -- EIF4G2 -- HTRA2 -- MYB -- HIP1 -- RNF11 -- PSEN1 -- SOD1 -- HNRNPK -- SMPD1 -- TNIK -- HTT -- BRCA1 -- CDKN2A -- BID -- MCL1 -- PCNA -- TAF1 -- PLAC8 -- CASP9 -- DIABLO -- APAF1 -- RASSF1
691,TNFRSF1A -- TNFRSF1B -- NFKB1 -- MAPK8 -- BIRC2 -- SIRT1 -- RB1 -- TNFAIP3 -- CCND1 -- TRAF1 -- MAPK14 -- RHOA -- RAC1 -- MAP2K7 -- MAP3K1 -- TRADD -- TNFRSF10B -- ATM -- MDM2 -- CHUK -- RPS6KA5 -- PPP1R13L -- MAPK9 -- LYN -- IRF1 -- EIF4G2 -- HTRA2 -- HIP1 -- CDK4 -- OTUD7B -- RNF11 -- CASP10 -- PSEN1 -- SOD1 -- RPA4 -- SMPD1 -- TNIK -- PELP1 -- BAX -- BAK1 -- BID -- FOXM1 -- PCNA -- PLAC8 -- DIABLO
692,BIRC2 -- BIRC3 -- SIRT1 -- MYC -- RB1 -- CCND1 -- MAPK14 -- RAC1 -- MAP2K7 -- MAP3K1 -- RET -- MAPK1 -- AKT1 -- MDM2 -- CHUK -- PPP1R13L -- MAPK9 -- LYN -- MYB -- CYCS -- OTUD7B -- PARP1 -- PSEN1 -- SMPD1 -- BAK1 -- EIF4E -- BID -- TFDP1 -- PCNA -- TAF1 -- DIABLO -- RANGAP1
693,TNFRSF1A -- TNFRSF1B -- MAPK8 -- STAT1 -- BIRC2 -- SIRT1 -- MYC -- TNFAIP3 -- MAPK14 -- PTMA -- RHOA -- RAC1 -- MAP2K7 -- MAP3K1 -- IGF1 -- VEGFA -- RET -- TRADD -- MDM2 -- CHUK -- PPP1R13L -- MAPK9 -- LYN -- IRF1 -- CYCS -- CDK4 -- OTUD7B -- RNF11 -- PSEN1 -- BAD -- SOD1 -- RPA4 -- SMPD1 -- TNIK -- PELP1 -- EIF4E -- BID -- FOXM1 -- MCL1 -- PCNA -- TAF1 -- DIABLO -- RANGAP1
694,STAT1 -- BIRC2 -- BIRC3 -- MAPK14 -- RAC1 -- MAP2K7 -- MAP3K1 -- VEGFA -- RET -- MAPK1 -- AKT1 -- CHUK -- RPS6KA5 -- PPP1R13L -- MAPK9 -- LYN -- IRF1 -- MYB -- CYCS -- HIP1 -- CDK4 -- OTUD7B -- PARP1 -- PSEN1 -- SOD1 -- RPA4 -- SMPD1 -- BBC3 -- PELP1 -- EIF4E -- BID -- FOXM1 -- MCL1 -- CTBP1 -- PCNA -- TAF1 -- PLAC8 -- DIABLO
695,TNFRSF1A -- TNFRSF1B -- NFKB1 -- MAPK8 -- SIRT1 -- MYC -- RB1 -- TNFAIP3 -- CCND1 -- MAPK14 -- PTMA -- RHOA -- RAC1 -- MAP2K7 -- MAP3K1 -- MAP3K14 -- TRADD -- TNFRSF10B -- ATM -- MDM2 -- CHUK -- PPP1R13L -- MAPK9 -- LYN -- IRF1 -- HTRA2 -- CYCS -- CDK4 -- OTUD7B -- RNF11 -- PSEN1 -- SOD1 -- RPA4 -- SMPD1 -- TNIK -- BRCA1 -- PELP1 -- BAX -- BAK1 -- EIF4E -- BID -- FOXM1 -- PCNA -- DIABLO -- APAF1 -- RANGAP1
696,TNFRSF1A -- TNFRSF1B -- NFKB1 -- MAPK8 -- SIRT1 -- MYC -- RB1 -- TNFAIP3 -- CCND1 -- MAPK14 -- PTMA -- RHOA -- TGFB2 -- RAC1 -- MAP2K7 -- MAP3K1 -- IGF1 -- MAP3K14 -- TRADD -- TNFRSF10B -- ATM -- CASP2 -- MDM2 -- CHUK -- PPP1R13L -- MAPK9 -- IRF1 -- EIF4G2 -- HTRA2 -- CDK4 -- OTUD7B -- RNF11 -- CASP10 -- PSEN1 -- BAD -- SOD1 -- RPA4 -- SMPD1 -- TNIK -- PELP1 -- BAK1 -- BID -- FOXM1 -- PCNA -- DIABLO -- APAF1 -- RANGAP1
697,TNFRSF1A -- TNFRSF1B -- MAPK8 -- STAT1 -- JUN -- BIRC2 -- BIRC3 -- SIRT1 -- TNFAIP3 -- TRAF1 -- MAPK14 -- RHOA -- NR3C1 -- TGFB2 -- RAC1 -- MAP2K7 -- MAP3K1 -- VEGFA -- RET -- TRADD -- ATM -- CHUK -- RPS6KA5 -- PPP1R13L -- MAPK9 -- LYN -- IRF1 -- MYB -- CYCS -- HIP1 -- RNF11 -- PSEN1 -- SOD1 -- HNRNPK -- SMPD1 -- TNIK -- BRCA1 -- CDKN2A -- EIF4E -- BID -- MCL1 -- PCNA -- TAF1 -- PLAC8 -- DIABLO -- RASSF1
698,TNFRSF1A -- TNFRSF1B -- NFKB1 -- MAPK8 -- JUN -- FOS -- SIRT1 -- RB1 -- TNFAIP3 -- CCND1 -- TRAF1 -- MAPK14 -- RHOA -- RAC1 -- MAP2K7 -- MAP3K1 -- MAP3K14 -- TRADD -- TNFRSF10B -- ATM -- CASP2 -- MDM2 -- CHUK -- RPS6KA5 -- PPP1R13L -- MAPK9 -- IRF1 -- EIF4G2 -- HTRA2 -- MYB -- HIP1 -- CDK4 -- OTUD7B -- RNF11 -- CASP10 -- PSEN1 -- SOD1 -- RPA4 -- SMPD1 -- TNIK -- HTT -- PELP1 -- BAX -- BAK1 -- BID -- FOXM1 -- PCNA -- PLAC8 -- CASP9 -- DIABLO -- APAF1
699,TNFRSF1B -- NFKB1 -- STAT1 -- BIRC2 -- SIRT1 -- TNFAIP3 -- TRAF1 -- MAPK14 -- RHOA -- TGFB2 -- RAC1 -- MAP2K7 -- MAP3K1 -- IGF1 -- VEGFA -- TRADD -- MAPK1 -- TNFRSF10B -- MDM2 -- CHUK -- RPS6KA5 -- PPP1R13L -- MAPK9 -- LYN -- IRF1 -- EIF4G2 -- HIP1 -- CDK4 -- OTUD7B -- RNF11 -- CASP10 -- PARP1 -- PSEN1 -- SOD1 -- RPA4 -- SMPD1 -- TNIK -- PELP1 -- BID -- FOXM1 -- MCL1 -- CTBP1 -- PCNA -- TAF1 -- PLAC8 -- DIABLO -- APAF1
700,TNFRSF1A -- TNFRSF1B -- MAPK8 -- STAT1 -- JUN -- FOS -- SIRT1 -- RB1 -- TNFAIP3 -- TRAF1 -- MAPK14 -- RHOA -- NR3C1 -- RAC1 -- MAP2K7 -- MAP3K1 -- VEGFA -- MAP3K14 -- RET -- TRADD -- ATM -- CASP2 -- CHUK -- RPS6KA5 -- PPP1R13L -- MAPK9 -- IRF1 -- EIF4G2 -- HTRA2 -- MYB -- HIP1 -- OTUD7B -- RNF11 -- PSEN1 -- SOD1 -- HNRNPK -- SMPD1 -- TNIK -- HTT -- BRCA1 -- CDKN2A -- BID -- MCL1 -- PCNA -- PLAC8 -- CASP9 -- DIABLO -- APAF1 -- RASSF1
701,TNFRSF1A -- TNFRSF1B -- MAPK8 -- BIRC2 -- SIRT1 -- MYC -- TNFAIP3 -- CCND1 -- MAPK14 -- PTMA -- RHOA -- TGFB2 -- RAC1 -- MAP2K7 -- MAP3K1 -- TRADD -- MDM2 -- CHUK -- PPP1R13L -- MAPK9 -- LYN -- IRF1 -- CYCS -- CDK4 -- OTUD7B -- RNF11 -- PSEN1 -- BAD -- SOD1 -- RPA4 -- SMPD1 -- TNIK -- EIF4E -- BID -- FOXM1 -- MCL1 -- PCNA -- TAF1 -- DIABLO -- RANGAP1
702,TNFRSF1A -- TNFRSF1B -- NFKB1 -- MAPK8 -- SIRT1 -- RB1 -- TNFAIP3 -- CCND1 -- TRAF1 -- MAPK14 -- RHOA -- RAC1 -- MAP2K7 -- MAP3K1 -- IGF1 -- MAP3K14 -- TRADD -- TNFRSF10B -- ATM -- CASP2 -- MDM2 -- CHUK -- RPS6KA5 -- PPP1R13L -- MAPK9 -- IRF1 -- EIF4G2 -- HTRA2 -- HIP1 -- CDK4 -- OTUD7B -- RNF11 -- CASP10 -- PSEN1 -- SOD1 -- RPA4 -- SMPD1 -- TNIK -- HTT -- PELP1 -- BAX -- BAK1 -- BID -- FOXM1 -- PCNA -- PLAC8 -- CASP9 -- DIABLO -- APAF1
703,TNFRSF1A -- TNFRSF1B -- NFKB1 -- MAPK8 -- BIRC2 -- SIRT1 -- RB1 -- TNFAIP3 -- CCND1 -- TRAF1 -- MAPK14 -- RHOA -- RAC1 -- MAP2K7 -- MAP3K1 -- TRADD -- TNFRSF10B -- MDM2 -- CHUK -- RPS6KA5 -- PPP1R13L -- MAPK9 -- LYN -- IRF1 -- EIF4G2 -- HTRA2 -- CYCS -- CDK4 -- OTUD7B -- RNF11 -- CASP10 -- PSEN1 -- SOD1 -- RPA4 -- SMPD1 -- TNIK -- PELP1 -- BAK1 -- BID -- FOXM1 -- PCNA -- PLAC8 -- DIABLO
704,TNFRSF1A -- TNFRSF1B -- MAPK8 -- STAT1 -- BIRC2 -- BIRC3 -- SIRT1 -- MYC -- TNFAIP3 -- CCND1 -- MAPK14 -- PTMA -- RHOA -- TGFB2 -- RAC1 -- MAP2K7 -- MAP3K1 -- IGF1 -- VEGFA -- RET -- TRADD -- MDM2 -- CHUK -- PPP1R13L -- MAPK9 -- LYN -- IRF1 -- CYCS -- CDK4 -- OTUD7B -- RNF11 -- PSEN1 -- BAD -- SOD1 -- RPA4 -- SMPD1 -- TNIK -- BRCA1 -- PELP1 -- EIF4E -- BID -- FOXM1 -- MCL1 -- PCNA -- TAF1 -- DIABLO -- RANGAP1
705,TNFRSF1A -- TNFRSF1B -- MAPK8 -- STAT1 -- JUN -- FOS -- SIRT1 -- TNFAIP3 -- CCND1 -- TRAF1 -- MAPK14 -- RHOA -- TGFB2 -- RAC1 -- MAP2K7 -- MAP3K1 -- MAP3K14 -- RET -- TRADD -- ATM -- CASP2 -- MDM2 -- CHUK -- PPP1R13L -- MAPK9 -- IRF1 -- EIF4G2 -- HTRA2 -- MYB -- CDK4 -- OTUD7B -- RNF11 -- PSEN1 -- SOD1 -- SMPD1 -- TNIK -- HTT -- PELP1 -- BAX -- BAK1 -- BID -- FOXM1 -- TFDP1 -- PCNA -- TAF1 -- PLAC8 -- DIABLO -- APAF1 -- RANGAP1
706,TNFRSF1A -- TNFRSF1B -- MAPK8 -- STAT1 -- BIRC2 -- BIRC3 -- SIRT1 -- MYC -- TNFAIP3 -- TRAF1 -- MAPK14 -- PTMA -- RHOA -- RAC1 -- MAP2K7 -- MAP3K1 -- VEGFA -- RET -- TRADD -- ATM -- CHUK -- PPP1R13L -- MAPK9 -- LYN -- IRF1 -- EIF4G2 -- CYCS -- RNF11 -- PSEN1 -- SOD1 -- HNRNPK -- SMPD1 -- TNIK -- BRCA1 -- BID -- TFDP1 -- MCL1 -- PCNA -- TAF1 -- DIABLO -- RASSF1
707,TNFRSF1A -- TNFRSF1B -- NFKB1 -- MAPK8 -- BIRC2 -- SIRT1 -- RB1 -- TNFAIP3 -- CCND1 -- MAPK14 -- RHOA -- RAC1 -- MAP2K7 -- MAP3K1 -- TRADD -- TNFRSF10B -- MDM2 -- CHUK -- RPS6KA5 -- PPP1R13L -- MAPK9 -- LYN -- IRF1 -- EIF4G2 -- HTRA2 -- CYCS -- HIP1 -- CDK4 -- OTUD7B -- RNF11 -- CASP10 -- PSEN1 -- BAD -- SOD1 -- RPA4 -- SMPD1 -- TNIK -- BAX -- BID -- FOXM1 -- PCNA -- PLAC8 -- DIABLO
708,TNFRSF1A -- TNFRSF1B -- NFKB1 -- MAPK8 -- JUN -- FOS -- SIRT1 -- RB1 -- TNFAIP3 -- CCND1 -- TRAF1 -- MAPK14 -- RHOA -- RAC1 -- MAP2K7 -- MAP3K1 -- IGF1 -- MAP3K14 -- TRADD -- TNFRSF10B -- ATM -- CASP2 -- MDM2 -- CHUK -- RPS6KA5 -- PPP1R13L -- MAPK9 -- IRF1 -- EIF4G2 -- HTRA2 -- HIP1 -- CDK4 -- OTUD7B -- RNF11 -- CASP10 -- PSEN1 -- SOD1 -- RPA4 -- SMPD1 -- TNIK -- HTT -- CDKN2A -- PELP1 -- BAX -- BAK1 -- BID -- FOXM1 -- PCNA -- PLAC8 -- CASP9 -- DIABLO -- APAF1
709,TNFRSF1A -- TNFRSF1B -- NFKB1 -- MAPK8 -- SIRT1 -- RB1 -- TNFAIP3 -- CCND1 -- TRAF1 -- MAPK14 -- PTMA -- RHOA -- RAC1 -- MAP2K7 -- MAP3K1 -- IGF1 -- MAP3K14 -- TRADD -- TNFRSF10B -- CASP2 -- MDM2 -- CHUK -- RPS6KA5 -- PPP1R13L -- MAPK9 -- LYN -- IRF1 -- EIF4G2 -- HTRA2 -- HIP1 -- CDK4 -- OTUD7B -- RNF11 -- CASP10 -- PSEN1 -- SOD1 -- RPA4 -- SMPD1 -- TNIK -- HTT -- PELP1 -- BAX -- BAK1 -- BID -- FOXM1 -- PCNA -- PLAC8 -- DIABLO -- APAF1
710,TNFRSF1A -- TNFRSF1B -- MAPK8 -- SIRT1 -- RB1 -- TNFAIP3 -- CCND1 -- MAPK14 -- RHOA -- TGFB2 -- RAC1 -- MAP2K7 -- MAP3K1 -- MAP3K14 -- TRADD -- ATM -- CASP2 -- MDM2 -- CHUK -- RPS6KA5 -- PPP1R13L -- MAPK9 -- LYN -- IRF1 -- EIF4G2 -- HTRA2 -- HIP1 -- CDK4 -- OTUD7B -- RNF11 -- PSEN1 -- SOD1 -- RPA4 -- SMPD1 -- TNIK -- HTT -- PELP1 -- BAX -- BAK1 -- EIF4E -- BID -- FOXM1 -- PCNA -- DIABLO -- APAF1 -- RANGAP1
711,TNFRSF1A -- TNFRSF1B -- NFKB1 -- MAPK8 -- FOS -- SIRT1 -- RB1 -- TNFAIP3 -- CCND1 -- TRAF1 -- MAPK14 -- RHOA -- RAC1 -- MAP2K7 -- MAP3K1 -- IGF1 -- TRADD -- MDM2 -- CHUK -- RPS6KA5 -- PPP1R13L -- MAPK9 -- IRF1 -- EIF4G2 -- HTRA2 -- HIP1 -- CDK4 -- OTUD7B -- RNF11 -- PSEN1 -- SOD1 -- RPA4 -- SMPD1 -- TNIK -- PELP1 -- BAX -- BAK1 -- BID -- FOXM1 -- PCNA -- PLAC8 -- CASP9 -- DIABLO -- APAF1
712,TNFRSF1A -- TNFRSF1B -- MAPK8 -- STAT1 -- JUN -- FOS -- BIRC2 -- BIRC3 -- SIRT1 -- TNFAIP3 -- TRAF1 -- MAPK14 -- RHOA -- NR3C1 -- TGFB2 -- RAC1 -- MAP2K7 -- MAP3K1 -- VEGFA -- RET -- TRADD -- ATM -- CASP2 -- CHUK -- RPS6KA5 -- PPP1R13L -- MAPK9 -- LYN -- IRF1 -- EIF4G2 -- MYB -- CYCS -- HIP1 -- RNF11 -- PSEN1 -- SOD1 -- HNRNPK -- SMPD1 -- TNIK -- HTT -- BRCA1 -- CDKN2A -- BID -- MCL1 -- PCNA -- TAF1 -- PLAC8 -- DIABLO -- APAF1 -- RASSF1
787,STAT1 -- JUN -- FOS -- FASLG -- MAPK14 -- RHOA -- IL2 -- RAC1 -- MAP2K7 -- MAP3K1 -- VEGFA -- RET -- MAPK1 -- ATM -- E2F1 -- CHUK -- RPS6KA5 -- PPP1R13L -- MAPK9 -- IRF1 -- EIF4G2 -- HTRA2 -- MYB -- OTUD7B -- RNF11 -- PSEN1 -- HNRNPK -- CASP7 -- BRCA1 -- CDKN2A -- BBC3 -- PELP1 -- BID -- MCL1 -- PCNA -- TAF1 -- PLAC8 -- DIABLO -- RASSF1
714,TNFRSF1A -- TNFRSF1B -- NFKB1 -- MAPK8 -- STAT1 -- BIRC2 -- SIRT1 -- RB1 -- TNFAIP3 -- CCND1 -- TRAF1 -- MAPK14 -- RHOA -- RAC1 -- MAP2K7 -- MAP3K1 -- IGF1 -- RET -- TRADD -- MDM2 -- CHUK -- PPP1R13L -- MAPK9 -- LYN -- IRF1 -- CYCS -- CDK4 -- OTUD7B -- RNF11 -- PSEN1 -- SOD1 -- HNRNPK -- RPA4 -- SMPD1 -- TNIK -- PELP1 -- BAX -- BAK1 -- EIF4E -- BID -- PCNA -- DIABLO -- RANGAP1
755,TNFRSF1A -- TNFRSF1B -- NFKB1 -- MAPK8 -- FOS -- SIRT1 -- RB1 -- TNFAIP3 -- CCND1 -- TRAF1 -- MAPK14 -- RHOA -- RAC1 -- MAP2K7 -- MAP3K1 -- IGF1 -- MAP3K14 -- TRADD -- TNFRSF10B -- CASP2 -- MDM2 -- CHUK -- RPS6KA5 -- PPP1R13L -- MAPK9 -- IRF1 -- EIF4G2 -- HTRA2 -- HIP1 -- CDK4 -- OTUD7B -- RNF11 -- CASP10 -- PSEN1 -- SOD1 -- RPA4 -- SMPD1 -- TNIK -- HTT -- PELP1 -- BAX -- BAK1 -- BID -- FOXM1 -- PCNA -- PLAC8 -- CASP9 -- DIABLO -- APAF1
716,TNFRSF1A -- TNFRSF1B -- MAPK8 -- STAT1 -- JUN -- FOS -- SIRT1 -- TNFAIP3 -- TRAF1 -- MAPK14 -- RHOA -- NR3C1 -- RAC1 -- MAP2K7 -- MAP3K1 -- VEGFA -- MAP3K14 -- RET -- TRADD -- ATM -- CASP2 -- CHUK -- RPS6KA5 -- PPP1R13L -- MAPK9 -- IRF1 -- EIF4G2 -- HTRA2 -- MYB -- HIP1 -- RNF11 -- PSEN1 -- SOD1 -- HNRNPK -- SMPD1 -- TNIK -- HTT -- BRCA1 -- CDKN2A -- BAK1 -- BID -- MCL1 -- PCNA -- TAF1 -- PLAC8 -- CASP9 -- DIABLO -- APAF1 -- RASSF1
717,TNFRSF1A -- TNFRSF1B -- NFKB1 -- MAPK8 -- BIRC2 -- BIRC3 -- SIRT1 -- RB1 -- TNFAIP3 -- CCND1 -- TRAF1 -- MAPK14 -- RHOA -- RAC1 -- MAP2K7 -- MAP3K1 -- IGF1 -- TRADD -- TNFRSF10B -- MDM2 -- CHUK -- RPS6KA5 -- PPP1R13L -- MAPK9 -- LYN -- IRF1 -- EIF4G2 -- CYCS -- HIP1 -- CDK4 -- OTUD7B -- RNF11 -- CASP10 -- PSEN1 -- SOD1 -- RPA4 -- SMPD1 -- TNIK -- PELP1 -- BAX -- BID -- FOXM1 -- PCNA -- PLAC8 -- DIABLO
718,TNFRSF1A -- TNFRSF1B -- MAPK8 -- STAT1 -- BIRC2 -- BIRC3 -- SIRT1 -- TNFAIP3 -- TRAF1 -- MAPK14 -- RHOA -- NR3C1 -- TGFB2 -- RAC1 -- MAP2K7 -- MAP3K1 -- VEGFA -- RET -- TRADD -- ATM -- CHUK -- RPS6KA5 -- PPP1R13L -- MAPK9 -- LYN -- IRF1 -- EIF4G2 -- CYCS -- HIP1 -- RNF11 -- PSEN1 -- SOD1 -- HNRNPK -- SMPD1 -- TNIK -- HTT -- BRCA1 -- BID -- MCL1 -- PCNA -- TAF1 -- PLAC8 -- DIABLO -- RASSF1
719,TNFRSF1A -- TNFRSF1B -- NFKB1 -- STAT1 -- BIRC2 -- BIRC3 -- TNFAIP3 -- TRAF1 -- MAPK14 -- RHOA -- RAC1 -- MAP2K7 -- MAP3K1 -- IGF1 -- VEGFA -- RET -- TRADD -- AKT1 -- CHUK -- RPS6KA5 -- PPP1R13L -- MAPK9 -- LYN -- IRF1 -- EIF4G2 -- MYB -- CYCS -- HIP1 -- CDK4 -- OTUD7B -- CASP10 -- PSEN1 -- RPA4 -- TNIK -- BBC3 -- PELP1 -- BAK1 -- EIF4E -- BID -- FOXM1 -- CTBP1 -- RBL1 -- PCNA -- TAF1 -- PLAC8 -- DIABLO
720,TNFRSF1A -- TNFRSF1B -- MAPK8 -- STAT1 -- JUN -- FOS -- SIRT1 -- TNFAIP3 -- TRAF1 -- MAPK14 -- RHOA -- NR3C1 -- TGFB2 -- RAC1 -- MAP2K7 -- MAP3K1 -- VEGFA -- MAP3K14 -- RET -- TRADD -- ATM -- CASP2 -- CHUK -- RPS6KA5 -- PPP1R13L -- MAPK9 -- IRF1 -- EIF4G2 -- MYB -- HIP1 -- RNF11 -- PSEN1 -- SOD1 -- HNRNPK -- CASP7 -- SMPD1 -- TNIK -- HTT -- BRCA1 -- CDKN2A -- BID -- MCL1 -- PCNA -- TAF1 -- PLAC8 -- CASP9 -- DIABLO -- APAF1 -- RASSF1
721,TNFRSF1A -- TNFRSF1B -- MAPK8 -- JUN -- FOS -- BIRC2 -- BIRC3 -- SIRT1 -- TNFAIP3 -- TRAF1 -- MAPK14 -- RHOA -- TGFB2 -- RAC1 -- MAP2K7 -- MAP3K1 -- VEGFA -- MAP3K14 -- RET -- TRADD -- TNFRSF10B -- ATM -- CASP2 -- CHUK -- RPS6KA5 -- PPP1R13L -- MAPK9 -- IRF1 -- EIF4G2 -- MYB -- CYCS -- HIP1 -- OTUD7B -- RNF11 -- CASP10 -- PSEN1 -- SOD1 -- HNRNPK -- SMPD1 -- TNIK -- HTT -- CDKN2A -- PELP1 -- BID -- MCL1 -- PCNA -- PLAC8 -- CASP9 -- DIABLO -- APAF1 -- RASSF1
722,TNFRSF1A -- TNFRSF1B -- NFKB1 -- MAPK8 -- STAT1 -- BIRC2 -- BIRC3 -- SIRT1 -- MYC -- TNFAIP3 -- MAPK14 -- PTMA -- RHOA -- RAC1 -- MAP2K7 -- MAP3K1 -- VEGFA -- TRADD -- TNFRSF10B -- ATM -- MDM2 -- CHUK -- PPP1R13L -- MAPK9 -- LYN -- IRF1 -- CYCS -- CDK4 -- OTUD7B -- RNF11 -- PSEN1 -- BAD -- SOD1 -- RPA4 -- SMPD1 -- TNIK -- PELP1 -- EIF4E -- BID -- FOXM1 -- MCL1 -- PCNA -- TAF1 -- DIABLO -- RANGAP1
723,TNFRSF1A -- TNFRSF1B -- MAPK8 -- STAT1 -- BIRC2 -- BIRC3 -- SIRT1 -- TNFAIP3 -- TRAF1 -- MAPK14 -- RHOA -- NR3C1 -- TGFB2 -- RAC1 -- MAP2K7 -- MAP3K1 -- VEGFA -- RET -- TRADD -- ATM -- CASP2 -- CHUK -- RPS6KA5 -- PPP1R13L -- MAPK9 -- LYN -- IRF1 -- EIF4G2 -- MYB -- CYCS -- HIP1 -- RNF11 -- CASP10 -- PSEN1 -- SOD1 -- HNRNPK -- SMPD1 -- TNIK -- HTT -- BID -- MCL1 -- PCNA -- TAF1 -- PLAC8 -- DIABLO -- RASSF1
724,TNFRSF1A -- TNFRSF1B -- MAPK8 -- STAT1 -- JUN -- SIRT1 -- TNFAIP3 -- TRAF1 -- MAPK14 -- RHOA -- NR3C1 -- TGFB2 -- RAC1 -- MAP2K7 -- MAP3K1 -- VEGFA -- MAP3K14 -- RET -- TRADD -- TNFRSF10B -- ATM -- CASP2 -- CHUK -- RPS6KA5 -- PPP1R13L -- MAPK9 -- IRF1 -- EIF4G2 -- HTRA2 -- MYB -- HIP1 -- OTUD7B -- RNF11 -- CASP10 -- PSEN1 -- SOD1 -- HNRNPK -- CASP7 -- SMPD1 -- TNIK -- HTT -- BRCA1 -- CDKN2A -- BAK1 -- BID -- FOXM1 -- PCNA -- PLAC8 -- CASP9 -- DIABLO -- APAF1
725,TNFRSF1A -- TNFRSF1B -- MAPK8 -- STAT1 -- BIRC2 -- BIRC3 -- SIRT1 -- MYC -- TNFAIP3 -- TRAF1 -- MAPK14 -- RHOA -- TGFB2 -- RAC1 -- MAP2K7 -- MAP3K1 -- VEGFA -- RET -- TRADD -- ATM -- CASP2 -- CHUK -- RPS6KA5 -- PPP1R13L -- MAPK9 -- LYN -- IRF1 -- EIF4G2 -- MYB -- CYCS -- CDK4 -- RNF11 -- PSEN1 -- SOD1 -- HNRNPK -- SMPD1 -- TNIK -- HTT -- BRCA1 -- BAX -- BID -- TFDP1 -- PCNA -- TAF1 -- PLAC8 -- DIABLO -- RASSF1 -- RANGAP1
726,TNFRSF1A -- TNFRSF1B -- MAPK8 -- STAT1 -- JUN -- FOS -- SIRT1 -- TNFAIP3 -- TRAF1 -- MAPK14 -- RHOA -- MAP2K7 -- MAP3K1 -- VEGFA -- MAP3K14 -- RET -- TRADD -- TNFRSF10B -- ATM -- CASP2 -- CHUK -- PPP1R13L -- MAPK9 -- IRF1 -- EIF4G2 -- HTRA2 -- CYCS -- HIP1 -- OTUD7B -- RNF11 -- CASP10 -- PSEN1 -- SOD1 -- HNRNPK -- CASP7 -- SMPD1 -- TNIK -- RBL2 -- HTT -- CDKN2A -- BAK1 -- BID -- MCL1 -- PCNA -- CCNG1 -- DIABLO -- RASSF1
727,TNFRSF1A -- TNFRSF1B -- MAPK8 -- STAT1 -- JUN -- FOS -- BIRC2 -- BIRC3 -- SIRT1 -- TNFAIP3 -- TRAF1 -- MAPK14 -- RHOA -- NR3C1 -- TGFB2 -- RAC1 -- MAP2K7 -- MAP3K1 -- VEGFA -- RET -- TRADD -- ATM -- CHUK -- RPS6KA5 -- PPP1R13L -- MAPK9 -- IRF1 -- EIF4G2 -- MYB -- CYCS -- HIP1 -- RNF11 -- PSEN1 -- SOD1 -- HNRNPK -- SMPD1 -- TNIK -- BRCA1 -- CDKN2A -- BID -- MCL1 -- PCNA -- TAF1 -- PLAC8 -- DIABLO -- RASSF1
728,TNFRSF1A -- TNFRSF1B -- MAPK8 -- STAT1 -- FOS -- BIRC2 -- BIRC3 -- SIRT1 -- MYC -- TNFAIP3 -- TRAF1 -- MAPK14 -- RHOA -- NR3C1 -- TGFB2 -- RAC1 -- MAP2K7 -- MAP3K1 -- VEGFA -- RET -- TRADD -- ATM -- CHUK -- RPS6KA5 -- PPP1R13L -- MAPK9 -- LYN -- IRF1 -- CYCS -- HIP1 -- RNF11 -- PSEN1 -- SOD1 -- HNRNPK -- SMPD1 -- TNIK -- BRCA1 -- CDKN2A -- EIF4E -- BID -- MCL1 -- PCNA -- TAF1 -- PLAC8 -- DIABLO -- RASSF1
783,TNFRSF1A -- TNFRSF1B -- MAPK8 -- STAT1 -- BIRC2 -- SIRT1 -- MYC -- TNFAIP3 -- MAPK14 -- PTMA -- RHOA -- RAC1 -- MAP2K7 -- MAP3K1 -- VEGFA -- RET -- TRADD -- ATM -- CHUK -- PPP1R13L -- MAPK9 -- LYN -- IRF1 -- CYCS -- CDK4 -- RNF11 -- PSEN1 -- BAD -- SOD1 -- HNRNPK -- RPA4 -- SMPD1 -- TNIK -- PELP1 -- EIF4E -- BID -- MCL1 -- PCNA -- TAF1 -- DIABLO -- RASSF1 -- RANGAP1
730,TNFRSF1A -- TNFRSF1B -- NFKB1 -- MAPK8 -- BIRC3 -- SIRT1 -- RB1 -- TNFAIP3 -- CCND1 -- TRAF1 -- MAPK14 -- PTMA -- RHOA -- RAC1 -- MAP2K7 -- MAP3K1 -- IGF1 -- TRADD -- TNFRSF10B -- ATM -- MDM2 -- CHUK -- PPP1R13L -- MAPK9 -- LYN -- IRF1 -- HTRA2 -- CYCS -- HIP1 -- CDK4 -- OTUD7B -- RNF11 -- PSEN1 -- SOD1 -- RPA4 -- SMPD1 -- TNIK -- PELP1 -- BAX -- BAK1 -- EIF4E -- BID -- PCNA -- PLAC8 -- DIABLO
731,TNFRSF1A -- TNFRSF1B -- MAPK8 -- SIRT1 -- MYC -- RB1 -- TNFAIP3 -- CCND1 -- MAPK14 -- PTMA -- RHOA -- TGFB2 -- RAC1 -- MAP2K7 -- MAP3K1 -- TRADD -- MDM2 -- CHUK -- PPP1R13L -- MAPK9 -- LYN -- IRF1 -- EIF4G2 -- HTRA2 -- CDK4 -- OTUD7B -- RNF11 -- CASP10 -- PSEN1 -- SOD1 -- RPA4 -- SMPD1 -- TNIK -- PELP1 -- BAX -- EIF4E -- BID -- FOXM1 -- PCNA -- TAF1 -- DIABLO -- RANGAP1
732,TNFRSF1A -- TNFRSF1B -- NFKB1 -- MAPK8 -- SIRT1 -- RB1 -- TNFAIP3 -- CCND1 -- TRAF1 -- MAPK14 -- RHOA -- RAC1 -- MAP2K7 -- MAP3K1 -- MAP3K14 -- TRADD -- CASP2 -- MDM2 -- CHUK -- RPS6KA5 -- PPP1R13L -- MAPK9 -- LYN -- IRF1 -- EIF4G2 -- HTRA2 -- HIP1 -- CDK4 -- OTUD7B -- RNF11 -- PSEN1 -- SOD1 -- RPA4 -- SMPD1 -- TNIK -- HTT -- PELP1 -- BAX -- BAK1 -- BID -- FOXM1 -- PCNA -- PLAC8 -- DIABLO -- APAF1
782,TNFRSF1A -- TNFRSF1B -- MAPK8 -- STAT1 -- JUN -- FOS -- BIRC3 -- SIRT1 -- TNFAIP3 -- TRAF1 -- MAPK14 -- RHOA -- NR3C1 -- TGFB2 -- RAC1 -- MAP2K7 -- MAP3K1 -- VEGFA -- MAP3K14 -- RET -- TRADD -- ATM -- CASP2 -- CHUK -- RPS6KA5 -- PPP1R13L -- MAPK9 -- IRF1 -- EIF4G2 -- MYB -- HIP1 -- RNF11 -- CASP10 -- PSEN1 -- SOD1 -- HNRNPK -- SMPD1 -- TNIK -- HTT -- BRCA1 -- CDKN2A -- BID -- MCL1 -- PCNA -- TAF1 -- PLAC8 -- CASP9 -- DIABLO -- RASSF1
734,TNFRSF1A -- TNFRSF1B -- MAPK8 -- STAT1 -- BIRC2 -- SIRT1 -- TNFAIP3 -- CCND1 -- TRAF1 -- MAPK14 -- RHOA -- TGFB2 -- RAC1 -- MAP2K7 -- MAP3K1 -- TRADD -- MDM2 -- CHUK -- RPS6KA5 -- PPP1R13L -- MAPK9 -- LYN -- IRF1 -- CYCS -- HIP1 -- CDK4 -- OTUD7B -- RNF11 -- PSEN1 -- SOD1 -- HNRNPK -- RPA4 -- SMPD1 -- TNIK -- PELP1 -- EIF4E -- BID -- FOXM1 -- MCL1 -- PCNA -- TAF1 -- PLAC8 -- DIABLO
735,TNFRSF1A -- TNFRSF1B -- MAPK8 -- STAT1 -- JUN -- FOS -- SIRT1 -- RB1 -- TNFAIP3 -- TRAF1 -- MAPK14 -- RHOA -- NR3C1 -- RAC1 -- MAP2K7 -- MAP3K1 -- VEGFA -- MAP3K14 -- RET -- TRADD -- ATM -- CASP2 -- CHUK -- RPS6KA5 -- PPP1R13L -- MAPK9 -- IRF1 -- EIF4G2 -- HTRA2 -- MYB -- HIP1 -- RNF11 -- PSEN1 -- SOD1 -- HNRNPK -- SMPD1 -- TNIK -- HTT -- BRCA1 -- CDKN2A -- BAK1 -- BID -- PCNA -- PLAC8 -- CASP9 -- DIABLO -- APAF1
736,TNFRSF1A -- TNFRSF1B -- NFKB1 -- MAPK8 -- STAT1 -- BIRC2 -- SIRT1 -- MYC -- TNFAIP3 -- MAPK14 -- PTMA -- RHOA -- RAC1 -- MAP2K7 -- MAP3K1 -- IGF1 -- VEGFA -- RET -- TRADD -- MDM2 -- CHUK -- PPP1R13L -- MAPK9 -- LYN -- IRF1 -- CYCS -- CDK4 -- OTUD7B -- RNF11 -- PSEN1 -- SOD1 -- HNRNPK -- RPA4 -- SMPD1 -- TNIK -- PELP1 -- EIF4E -- BID -- FOXM1 -- MCL1 -- PCNA -- TAF1 -- DIABLO -- RANGAP1
737,TNFRSF1A -- TNFRSF1B -- MAPK8 -- STAT1 -- SIRT1 -- MYC -- TNFAIP3 -- MAPK14 -- PTMA -- RHOA -- RAC1 -- MAP2K7 -- MAP3K1 -- VEGFA -- MAP3K14 -- RET -- TRADD -- MDM2 -- CHUK -- PPP1R13L -- MAPK9 -- LYN -- IRF1 -- HTRA2 -- RNF11 -- PSEN1 -- SOD1 -- HNRNPK -- SMPD1 -- TNIK -- BAX -- BAK1 -- EIF4E -- BID -- TFDP1 -- PCNA -- TAF1 -- DIABLO -- APAF1 -- RANGAP1
738,TNFRSF1A -- TNFRSF1B -- NFKB1 -- MAPK8 -- BIRC2 -- BIRC3 -- SIRT1 -- RB1 -- TNFAIP3 -- CCND1 -- TRAF1 -- MAPK14 -- PTMA -- RHOA -- RAC1 -- MAP2K7 -- MAP3K1 -- TRADD -- TNFRSF10B -- MDM2 -- CHUK -- PPP1R13L -- MAPK9 -- LYN -- IRF1 -- EIF4G2 -- HTRA2 -- CYCS -- HIP1 -- CDK4 -- OTUD7B -- RNF11 -- CASP10 -- PSEN1 -- SOD1 -- RPA4 -- SMPD1 -- TNIK -- PELP1 -- BAX -- BAK1 -- BID -- FOXM1 -- PCNA -- PLAC8 -- DIABLO -- RANGAP1
739,TNFRSF1A -- TNFRSF1B -- NFKB1 -- MAPK8 -- JUN -- FOS -- SIRT1 -- RB1 -- TNFAIP3 -- CCND1 -- TRAF1 -- MAPK14 -- RHOA -- RAC1 -- MAP2K7 -- MAP3K1 -- MAP3K14 -- TRADD -- TNFRSF10B -- ATM -- CASP2 -- MDM2 -- CHUK -- RPS6KA5 -- PPP1R13L -- MAPK9 -- IRF1 -- EIF4G2 -- HTRA2 -- MYB -- HIP1 -- CDK4 -- OTUD7B -- RNF11 -- CASP10 -- PSEN1 -- SOD1 -- RPA4 -- SMPD1 -- TNIK -- HTT -- CDKN2A -- PELP1 -- BAX -- BAK1 -- BID -- FOXM1 -- PCNA -- PLAC8 -- CASP9 -- DIABLO
740,TNFRSF1A -- TNFRSF1B -- MAPK8 -- STAT1 -- BIRC2 -- BIRC3 -- SIRT1 -- TNFAIP3 -- TRAF1 -- MAPK14 -- RHOA -- NR3C1 -- RAC1 -- MAP2K7 -- MAP3K1 -- VEGFA -- RET -- TRADD -- ATM -- CHUK -- RPS6KA5 -- PPP1R13L -- MAPK9 -- LYN -- IRF1 -- CYCS -- HIP1 -- CDK4 -- RNF11 -- PSEN1 -- SOD1 -- HNRNPK -- SMPD1 -- TNIK -- BRCA1 -- EIF4E -- BID -- MCL1 -- PCNA -- TAF1 -- PLAC8 -- DIABLO -- RASSF1
741,TNFRSF1A -- TNFRSF1B -- MAPK8 -- STAT1 -- JUN -- FOS -- SIRT1 -- TNFAIP3 -- TRAF1 -- MAPK14 -- RHOA -- NR3C1 -- TGFB2 -- RAC1 -- MAP2K7 -- MAP3K1 -- VEGFA -- MAP3K14 -- TRADD -- ATM -- CASP2 -- MDM2 -- CHUK -- RPS6KA5 -- PPP1R13L -- MAPK9 -- IRF1 -- EIF4G2 -- MYB -- HIP1 -- RNF11 -- PSEN1 -- SOD1 -- CASP7 -- SMPD1 -- TNIK -- HTT -- BRCA1 -- CDKN2A -- BID -- MCL1 -- PCNA -- TAF1 -- PLAC8 -- CASP9 -- DIABLO -- APAF1
742,TNFRSF1A -- TNFRSF1B -- NFKB1 -- MAPK8 -- SIRT1 -- MYC -- RB1 -- TNFAIP3 -- CCND1 -- MAPK14 -- PTMA -- RHOA -- RAC1 -- MAP2K7 -- MAP3K1 -- IGF1 -- MAP3K14 -- TRADD -- TNFRSF10B -- CASP2 -- MDM2 -- CHUK -- PPP1R13L -- MAPK9 -- LYN -- IRF1 -- EIF4G2 -- HTRA2 -- CDK4 -- OTUD7B -- RNF11 -- CASP10 -- PSEN1 -- SOD1 -- RPA4 -- SMPD1 -- TNIK -- HTT -- PELP1 -- BAX -- BAK1 -- BID -- FOXM1 -- PCNA -- DIABLO -- APAF1 -- RANGAP1
743,TNFRSF1A -- TNFRSF1B -- NFKB1 -- MAPK8 -- JUN -- FOS -- SIRT1 -- RB1 -- TNFAIP3 -- CCND1 -- TRAF1 -- MAPK14 -- RHOA -- RAC1 -- MAP2K7 -- MAP3K1 -- MAP3K14 -- TRADD -- TNFRSF10B -- CASP2 -- MDM2 -- CHUK -- RPS6KA5 -- PPP1R13L -- MAPK9 -- IRF1 -- EIF4G2 -- HTRA2 -- MYB -- HIP1 -- CDK4 -- OTUD7B -- RNF11 -- CASP10 -- PSEN1 -- SOD1 -- RPA4 -- SMPD1 -- TNIK -- HTT -- PELP1 -- BAX -- BAK1 -- BID -- FOXM1 -- PCNA -- PLAC8 -- CASP9 -- DIABLO -- APAF1
744,TNFRSF1A -- TNFRSF1B -- MAPK8 -- STAT1 -- JUN -- FOS -- SIRT1 -- TNFAIP3 -- TRAF1 -- MAPK14 -- RHOA -- NR3C1 -- RAC1 -- MAP2K7 -- MAP3K1 -- VEGFA -- MAP3K14 -- RET -- TRADD -- ATM -- CASP2 -- CHUK -- RPS6KA5 -- PPP1R13L -- MAPK9 -- IRF1 -- EIF4G2 -- HTRA2 -- MYB -- HIP1 -- RNF11 -- PSEN1 -- SOD1 -- HNRNPK -- CASP7 -- SMPD1 -- TNIK -- HTT -- BRCA1 -- CDKN2A -- BAK1 -- BID -- MCL1 -- PCNA -- PLAC8 -- CASP9 -- DIABLO -- APAF1 -- RASSF1
745,TNFRSF1A -- TNFRSF1B -- MAPK8 -- STAT1 -- JUN -- FOS -- SIRT1 -- TNFAIP3 -- TRAF1 -- MAPK14 -- RHOA -- NR3C1 -- TGFB2 -- RAC1 -- MAP2K7 -- MAP3K1 -- VEGFA -- MAP3K14 -- RET -- TRADD -- ATM -- CASP2 -- CHUK -- RPS6KA5 -- PPP1R13L -- MAPK9 -- IRF1 -- EIF4G2 -- HTRA2 -- MYB -- HIP1 -- RNF11 -- PSEN1 -- SOD1 -- HNRNPK -- CASP7 -- SMPD1 -- TNIK -- HTT -- BRCA1 -- CDKN2A -- BAX -- BAK1 -- BID -- PCNA -- TAF1 -- PLAC8 -- CASP9 -- DIABLO -- APAF1 -- RASSF1
746,TNFRSF1A -- TNFRSF1B -- MAPK8 -- STAT1 -- JUN -- FOS -- SIRT1 -- TNFAIP3 -- TRAF1 -- MAPK14 -- RHOA -- NR3C1 -- RAC1 -- MAP2K7 -- MAP3K1 -- VEGFA -- MAP3K14 -- RET -- TRADD -- ATM -- CASP2 -- CHUK -- RPS6KA5 -- PPP1R13L -- MAPK9 -- IRF1 -- EIF4G2 -- HTRA2 -- MYB -- HIP1 -- RNF11 -- PSEN1 -- SOD1 -- HNRNPK -- CASP7 -- SMPD1 -- TNIK -- HTT -- BRCA1 -- CDKN2A -- BAK1 -- BID -- PCNA -- TAF1 -- PLAC8 -- CASP9 -- DIABLO -- APAF1 -- RASSF1
747,TNFRSF1A -- TNFRSF1B -- NFKB1 -- MAPK8 -- JUN -- SIRT1 -- RB1 -- TNFAIP3 -- CCND1 -- TRAF1 -- MAPK14 -- RHOA -- RAC1 -- MAP2K7 -- MAP3K1 -- IGF1 -- MAP3K14 -- TRADD -- TNFRSF10B -- ATM -- CASP2 -- MDM2 -- CHUK -- RPS6KA5 -- PPP1R13L -- MAPK9 -- IRF1 -- EIF4G2 -- HTRA2 -- MYB -- HIP1 -- CDK4 -- OTUD7B -- RNF11 -- CASP10 -- PSEN1 -- SOD1 -- RPA4 -- SMPD1 -- TNIK -- HTT -- PELP1 -- BAX -- BAK1 -- BID -- FOXM1 -- PCNA -- PLAC8 -- CASP9 -- DIABLO
748,STAT1 -- SIRT1 -- MAPK14 -- RAC1 -- MAP2K7 -- MAP3K1 -- IGF1 -- VEGFA -- MAP3K14 -- RET -- MAPK1 -- AKT1 -- ATM -- E2F1 -- CHUK -- RPS6KA5 -- PPP1R13L -- MAPK9 -- IRF1 -- HTRA2 -- MYB -- HIP1 -- CDK4 -- OTUD7B -- PSEN1 -- RPA4 -- BBC3 -- PELP1 -- BAK1 -- EIF4E -- BID -- FOXM1 -- CTBP1 -- RBL1 -- PCNA -- TAF1 -- PLAC8 -- DIABLO
749,TNFRSF1A -- TNFRSF1B -- NFKB1 -- MAPK8 -- SIRT1 -- RB1 -- TNFAIP3 -- CCND1 -- TRAF1 -- MAPK14 -- RHOA -- RAC1 -- MAP2K7 -- MAP3K1 -- IGF1 -- TRADD -- TNFRSF10B -- ATM -- CASP2 -- MDM2 -- CHUK -- RPS6KA5 -- PPP1R13L -- MAPK9 -- LYN -- IRF1 -- EIF4G2 -- HTRA2 -- HIP1 -- CDK4 -- OTUD7B -- RNF11 -- CASP10 -- PSEN1 -- SOD1 -- RPA4 -- SMPD1 -- TNIK -- HTT -- PELP1 -- BAX -- BAK1 -- BID -- FOXM1 -- PCNA -- PLAC8 -- CASP9 -- DIABLO -- APAF1
750,TNFRSF1A -- TNFRSF1B -- MAPK8 -- STAT1 -- JUN -- FOS -- SIRT1 -- TNFAIP3 -- TRAF1 -- MAPK14 -- RHOA -- NR3C1 -- TGFB2 -- RAC1 -- MAP2K7 -- MAP3K1 -- VEGFA -- MAP3K14 -- RET -- TRADD -- ATM -- CASP2 -- CHUK -- RPS6KA5 -- PPP1R13L -- MAPK9 -- IRF1 -- EIF4G2 -- HTRA2 -- MYB -- HIP1 -- RNF11 -- PSEN1 -- SOD1 -- HNRNPK -- CASP7 -- SMPD1 -- TNIK -- HTT -- BRCA1 -- CDKN2A -- BAK1 -- BID -- MCL1 -- PCNA -- TAF1 -- PLAC8 -- CASP9 -- DIABLO -- APAF1 -- RASSF1
751,TNFRSF1A -- TNFRSF1B -- NFKB1 -- MAPK8 -- SIRT1 -- RB1 -- TNFAIP3 -- CCND1 -- MAPK14 -- RHOA -- RAC1 -- MAP2K7 -- MAP3K1 -- MAP3K14 -- TRADD -- TNFRSF10B -- ATM -- CASP2 -- MDM2 -- CHUK -- RPS6KA5 -- PPP1R13L -- MAPK9 -- LYN -- IRF1 -- EIF4G2 -- HTRA2 -- HIP1 -- CDK4 -- OTUD7B -- RNF11 -- CASP10 -- PSEN1 -- SOD1 -- RPA4 -- SMPD1 -- TNIK -- PELP1 -- BAX -- BAK1 -- BID -- FOXM1 -- PCNA -- PLAC8 -- DIABLO -- APAF1
752,TNFRSF1A -- TNFRSF1B -- MAPK8 -- STAT1 -- BIRC2 -- SIRT1 -- MYC -- TNFAIP3 -- MAPK14 -- PTMA -- RHOA -- RAC1 -- MAP2K7 -- MAP3K1 -- VEGFA -- RET -- TRADD -- ATM -- CHUK -- PPP1R13L -- MAPK9 -- LYN -- IRF1 -- CYCS -- RNF11 -- PSEN1 -- BAD -- SOD1 -- HNRNPK -- SMPD1 -- TNIK -- BRCA1 -- CDKN2A -- EIF4E -- BID -- MCL1 -- PCNA -- TAF1 -- DIABLO -- RASSF1 -- RANGAP1
