ID,state
0,TNFRSF1A -- SMURF2 -- TNF -- TNFRSF1B -- TP53 -- NFKB1 -- MAPK8 -- JUN -- BIRC2 -- MYC -- TNFAIP3 -- CFLAR -- MAPK14 -- PTMA -- RHOA -- NR3C1 -- TGFB2 -- IL2 -- RELA -- RAC1 -- MAP2K7 -- IGF1 -- RET -- MAPK1 -- TNFRSF10B -- CASP3 -- AKT1 -- NFKB2 -- CASP2 -- MDM2 -- RPS6KA5 -- MAPK3 -- TRAF6 -- PPP1R13L -- MAPK9 -- LYN -- IRF1 -- FAS -- HTRA2 -- CASP8 -- CDK4 -- CDK6 -- CASP10 -- BAD -- SOD1 -- HNRNPK -- SMPD1 -- BRCA1 -- CDKN2A -- BAX -- FOXM1 -- CTBP1 -- TAF1 -- PLAC8 -- CASP9 -- APAF1 -- ALPI -- RASSF1 -- RANGAP1
1,TNFRSF1A -- TNF -- RIPK1 -- TP53 -- NFKB1 -- FOS -- BIRC2 -- BIRC3 -- SIRT1 -- RB1 -- TRAF1 -- MAPK14 -- PTMA -- RHOA -- TGFB2 -- RAC1 -- MAP2K7 -- VEGFA -- RET -- MAPK1 -- CASP3 -- NFKB2 -- E2F1 -- MAPK3 -- TRAF6 -- PPP1R13L -- IRF1 -- NFKBIA -- MYB -- CYCS -- BCL2 -- CDK6 -- OTUD7B -- RNF11 -- CASP10 -- PARP1 -- BAD -- CASP7 -- TNIK -- RBL2 -- BCL2L11 -- EIF4E -- BID -- TFDP1 -- CTBP1 -- RBL1 -- TAF1 -- PLAC8 -- CASP9 -- CCNG1 -- DIABLO -- APAF1 -- ALPI -- RANGAP1
2,TNFRSF1A -- TNF -- TNFRSF1B -- NFKB1 -- STAT1 -- BIRC2 -- SIRT1 -- RB1 -- EP300 -- CCND1 -- TRAF1 -- MAPK14 -- PTMA -- RHOA -- NR3C1 -- RAC1 -- MAP2K7 -- MAP3K1 -- IGF1 -- TGFB1 -- RET -- TRADD -- TRAF2 -- CASP3 -- KRT18 -- DAB2IP -- CASP2 -- E2F1 -- MAPK3 -- TRAF6 -- LYN -- FAS -- EIF4G2 -- HTRA2 -- NFKBIA -- CYCS -- BCL2 -- CASP8 -- CDK6 -- HNRNPK -- RPA4 -- BCL2L1 -- TNIK -- CDKN1A -- PSIP1 -- CDKN2A -- PELP1 -- BAX -- BAK1 -- EIF4E -- BID -- TFDP1 -- MCL1 -- CTBP1 -- PCNA -- TAF1 -- PLAC8 -- CCNG1 -- APAF1 -- ALPI
3,TNFRSF1A -- TNFRSF1B -- TP53 -- MAPK8 -- STAT1 -- FOS -- SIRT1 -- CCND1 -- CFLAR -- TRAF1 -- MAPK14 -- TGFB2 -- IL2 -- RELA -- FADD -- RAC1 -- MAP2K7 -- IGF1 -- MAP3K14 -- MAPK1 -- TNFRSF10B -- CASP3 -- AKT1 -- NFKB2 -- E2F1 -- TRAF6 -- PPP1R13L -- LYN -- IRF1 -- FAS -- EIF4G2 -- NFKBIA -- MYB -- CYCS -- HIP1 -- BCL2 -- OTUD7B -- BAD -- SOD1 -- BCL2L1 -- TNIK -- HTT -- BCL2L11 -- PELP1 -- BAX -- BAK1 -- EIF4E -- BID -- FOXM1 -- TFDP1 -- TAF1 -- PLAC8 -- CASP9 -- APAF1 -- RASSF1 -- RANGAP1
4,TNFRSF1A -- SMURF2 -- TNF -- RIPK1 -- TP53 -- BIRC2 -- BIRC3 -- FASLG -- RB1 -- CCND1 -- TRAF1 -- RHOA -- NR3C1 -- RAC1 -- MAP3K1 -- VEGFA -- TGFB1 -- MAP3K14 -- RET -- MAPK1 -- TRAF2 -- TNFRSF10B -- CASP3 -- KRT18 -- AKT1 -- ATM -- CHUK -- MAPK3 -- TRAF6 -- MAPK9 -- FAS -- HTRA2 -- MYB -- HIP1 -- CDK4 -- CDK6 -- RNF11 -- PARP1 -- HNRNPK -- RPA4 -- BCL2L1 -- SMPD1 -- TNIK -- BRCA1 -- CDKN2A -- BBC3 -- BCL2L11 -- PELP1 -- BAK1 -- EIF4E -- BID -- FOXM1 -- MCL1 -- CTBP1 -- RBL1 -- CASP9 -- DIABLO -- ALPI -- RANGAP1
5,SMURF2 -- TNF -- TNFRSF1B -- RIPK1 -- TP53 -- NFKB1 -- BIRC3 -- MYC -- RB1 -- EP300 -- CFLAR -- TRAF1 -- PTMA -- RHOA -- NR3C1 -- FADD -- RAC1 -- IGF1 -- TGFB1 -- MAP3K14 -- TNFRSF10B -- KRT18 -- ATM -- DAB2IP -- NFKB2 -- CASP2 -- E2F1 -- MDM2 -- CHUK -- RPS6KA5 -- MAPK3 -- TRAF6 -- PPP1R13L -- IRF1 -- EIF4G2 -- HTRA2 -- NFKBIA -- MYB -- BCL2 -- CASP8 -- OTUD7B -- RNF11 -- PARP1 -- BAD -- SOD1 -- RPA4 -- TNIK -- RBL2 -- CDKN1A -- HTT -- PSIP1 -- PELP1 -- BID -- TFDP1 -- CTBP1 -- RBL1 -- PCNA -- TAF1 -- CASP9 -- DIABLO -- APAF1 -- ALPI
6,SMURF2 -- TNFRSF1B -- TP53 -- MAPK8 -- STAT1 -- BIRC3 -- FASLG -- TNFAIP3 -- CFLAR -- TRAF1 -- PTMA -- RHOA -- TGFB2 -- RAC1 -- TGFB1 -- RET -- TRAF2 -- CASP3 -- AKT1 -- ATM -- NFKB2 -- CHUK -- TRAF6 -- MAPK9 -- EIF4G2 -- BCL2 -- CASP8 -- RNF11 -- PSEN1 -- BAD -- RPA4 -- HTT -- PSIP1 -- BBC3 -- BID -- FOXM1 -- MCL1 -- CTBP1 -- PCNA -- CASP9 -- APAF1
7,TNFRSF1A -- SMURF2 -- TNF -- TP53 -- MAPK8 -- STAT1 -- BIRC2 -- BIRC3 -- FASLG -- TRAF1 -- MAPK14 -- RHOA -- NR3C1 -- IL2 -- RELA -- RAC1 -- MAP3K1 -- VEGFA -- TGFB1 -- MAP3K14 -- TRADD -- TRAF2 -- KRT18 -- AKT1 -- CASP2 -- MDM2 -- RPS6KA5 -- TRAF6 -- PPP1R13L -- MAPK9 -- LYN -- IRF1 -- FAS -- HTRA2 -- MYB -- CYCS -- BCL2 -- CASP8 -- CDK4 -- CDK6 -- OTUD7B -- CASP10 -- PSEN1 -- RPA4 -- SMPD1 -- HTT -- CDKN2A -- BCL2L11 -- PELP1 -- BAX -- BAK1 -- EIF4E -- TFDP1 -- CTBP1 -- CASP9 -- CCNG1 -- DIABLO -- APAF1 -- ALPI -- RASSF1
8,TNF -- RIPK1 -- TP53 -- NFKB1 -- FOS -- BIRC2 -- SIRT1 -- RB1 -- TNFAIP3 -- EP300 -- CCND1 -- RHOA -- FADD -- RAC1 -- MAP3K1 -- IGF1 -- VEGFA -- TGFB1 -- CASP3 -- DAB2IP -- CASP2 -- E2F1 -- CHUK -- RPS6KA5 -- MAPK3 -- TRAF6 -- PPP1R13L -- MAPK9 -- IRF1 -- FAS -- EIF4G2 -- NFKBIA -- HIP1 -- BCL2 -- CASP8 -- CDK6 -- CASP10 -- PSEN1 -- HNRNPK -- RPA4 -- SMPD1 -- TNIK -- BRCA1 -- CDKN2A -- BBC3 -- PELP1 -- BAK1 -- TFDP1 -- MCL1 -- PCNA -- TAF1 -- CCNG1 -- DIABLO -- APAF1 -- ALPI
9,TNFRSF1A -- TNF -- TNFRSF1B -- RIPK1 -- TP53 -- NFKB1 -- BIRC2 -- SIRT1 -- FASLG -- MYC -- RB1 -- EP300 -- CFLAR -- PTMA -- NR3C1 -- RELA -- MAP3K1 -- VEGFA -- TGFB1 -- TRADD -- MAPK1 -- TNFRSF10B -- CASP3 -- AKT1 -- ATM -- NFKB2 -- CASP2 -- E2F1 -- CHUK -- MAPK3 -- IRF1 -- FAS -- HTRA2 -- NFKBIA -- BCL2 -- CASP8 -- CDK4 -- CDK6 -- OTUD7B -- RNF11 -- PARP1 -- BAD -- SOD1 -- HNRNPK -- RPA4 -- BCL2L1 -- RBL2 -- CDKN1A -- CDKN2A -- PELP1 -- BAK1 -- EIF4E -- TFDP1 -- CTBP1 -- TAF1 -- PLAC8 -- CASP9 -- CCNG1 -- RASSF1 -- RANGAP1
10,TNFRSF1B -- RIPK1 -- TP53 -- NFKB1 -- MAPK8 -- SIRT1 -- MYC -- EP300 -- CCND1 -- TRAF1 -- MAPK14 -- FADD -- RAC1 -- MAP2K7 -- VEGFA -- TGFB1 -- TNFRSF10B -- CASP3 -- DAB2IP -- CHUK -- RPS6KA5 -- MAPK3 -- TRAF6 -- LYN -- HTRA2 -- HIP1 -- BCL2 -- CDK4 -- CDK6 -- RNF11 -- PSEN1 -- HNRNPK -- RPA4 -- BCL2L1 -- CASP7 -- TNIK -- RBL2 -- HTT -- PSIP1 -- BCL2L11 -- BAK1 -- TFDP1 -- CTBP1 -- PLAC8 -- CASP9 -- CCNG1 -- RASSF1 -- RANGAP1
11,RIPK1 -- NFKB1 -- JUN -- BIRC2 -- BIRC3 -- FASLG -- MYC -- RB1 -- EP300 -- CCND1 -- TRAF1 -- PTMA -- NR3C1 -- RAC1 -- MAP3K1 -- IGF1 -- VEGFA -- TGFB1 -- RET -- TRADD -- TRAF2 -- KRT18 -- AKT1 -- ATM -- DAB2IP -- NFKB2 -- CASP2 -- E2F1 -- RPS6KA5 -- MAPK3 -- TRAF6 -- MAPK9 -- IRF1 -- EIF4G2 -- HIP1 -- CASP8 -- CDK6 -- OTUD7B -- CASP10 -- PARP1 -- PSEN1 -- HNRNPK -- RPA4 -- TNIK -- CDKN1A -- BRCA1 -- BBC3 -- BCL2L11 -- PELP1 -- BAK1 -- EIF4E -- BID -- FOXM1 -- TFDP1 -- CTBP1 -- TAF1 -- CASP9 -- CCNG1 -- RASSF1 -- RANGAP1
12,SMURF2 -- TNF -- TNFRSF1B -- TP53 -- NFKB1 -- MAPK8 -- STAT1 -- FOS -- BIRC2 -- FASLG -- MYC -- RB1 -- TNFAIP3 -- EP300 -- CCND1 -- CFLAR -- MAPK14 -- PTMA -- RHOA -- TGFB2 -- VEGFA -- RET -- TRAF2 -- CASP3 -- AKT1 -- ATM -- NFKB2 -- CASP2 -- E2F1 -- MDM2 -- CHUK -- RPS6KA5 -- MAPK3 -- TRAF6 -- IRF1 -- EIF4G2 -- HTRA2 -- NFKBIA -- HIP1 -- BCL2 -- CASP8 -- CDK6 -- OTUD7B -- RNF11 -- CASP10 -- PSEN1 -- SOD1 -- HNRNPK -- RPA4 -- BCL2L1 -- CASP7 -- TNIK -- HTT -- PSIP1 -- BRCA1 -- CDKN2A -- BBC3 -- BCL2L11 -- BAX -- BAK1 -- EIF4E -- CTBP1 -- RBL1 -- DIABLO -- APAF1 -- RANGAP1
13,SMURF2 -- MAPK8 -- STAT1 -- FOS -- BIRC2 -- SIRT1 -- RB1 -- EP300 -- CCND1 -- CFLAR -- MAPK14 -- RHOA -- TGFB2 -- IL2 -- RELA -- RAC1 -- MAP3K1 -- IGF1 -- VEGFA -- TGFB1 -- TRADD -- TRAF2 -- CASP3 -- KRT18 -- DAB2IP -- NFKB2 -- MDM2 -- CHUK -- TRAF6 -- MAPK9 -- LYN -- EIF4G2 -- HTRA2 -- CDK6 -- RNF11 -- PARP1 -- HNRNPK -- BCL2L1 -- CASP7 -- SMPD1 -- PSIP1 -- CDKN2A -- EIF4E -- BID -- CTBP1 -- RBL1 -- PLAC8 -- CCNG1 -- DIABLO -- APAF1 -- RASSF1
14,SMURF2 -- TNF -- TNFRSF1B -- RIPK1 -- NFKB1 -- STAT1 -- JUN -- BIRC2 -- SIRT1 -- FASLG -- MYC -- RB1 -- TNFAIP3 -- CFLAR -- MAPK14 -- TGFB2 -- IL2 -- MAP2K7 -- MAP3K1 -- IGF1 -- VEGFA -- MAP3K14 -- CASP3 -- KRT18 -- AKT1 -- ATM -- DAB2IP -- NFKB2 -- E2F1 -- CHUK -- RPS6KA5 -- PPP1R13L -- MAPK9 -- MYB -- CYCS -- HIP1 -- BCL2 -- OTUD7B -- RNF11 -- BAD -- SOD1 -- HNRNPK -- RPA4 -- BCL2L1 -- RBL2 -- HTT -- BBC3 -- PELP1 -- BAX -- BAK1 -- TFDP1 -- MCL1 -- RBL1 -- CCNG1 -- APAF1 -- RANGAP1
15,TNFRSF1A -- SMURF2 -- TP53 -- JUN -- RB1 -- TNFAIP3 -- CCND1 -- CFLAR -- TRAF1 -- MAPK14 -- PTMA -- NR3C1 -- TGFB2 -- MAP2K7 -- MAP3K1 -- TRADD -- TNFRSF10B -- CASP3 -- KRT18 -- CASP2 -- E2F1 -- MDM2 -- CHUK -- RPS6KA5 -- MAPK3 -- PPP1R13L -- MAPK9 -- EIF4G2 -- HTRA2 -- MYB -- CYCS -- CASP8 -- CDK4 -- CDK6 -- RNF11 -- PARP1 -- PSEN1 -- BAD -- SOD1 -- HNRNPK -- BCL2L1 -- SMPD1 -- TNIK -- RBL2 -- PSIP1 -- BRCA1 -- CDKN2A -- BID -- FOXM1 -- TFDP1 -- MCL1 -- CASP9 -- APAF1 -- RASSF1 -- RANGAP1
16,SMURF2 -- TNFRSF1B -- TP53 -- MAPK8 -- STAT1 -- JUN -- FOS -- BIRC2 -- BIRC3 -- TNFAIP3 -- CCND1 -- TRAF1 -- MAPK14 -- NR3C1 -- RELA -- MAP3K1 -- IGF1 -- MAP3K14 -- TRADD -- MAPK1 -- TNFRSF10B -- CASP3 -- KRT18 -- AKT1 -- MDM2 -- MAPK3 -- PPP1R13L -- MAPK9 -- LYN -- NFKBIA -- MYB -- HIP1 -- BCL2 -- CASP8 -- CDK4 -- CDK6 -- OTUD7B -- RNF11 -- PARP1 -- BCL2L1 -- CASP7 -- SMPD1 -- RBL2 -- HTT -- BRCA1 -- CDKN2A -- BBC3 -- BCL2L11 -- BAX -- BAK1 -- EIF4E -- MCL1 -- CTBP1 -- RBL1 -- CASP9 -- ALPI -- RANGAP1
17,TNFRSF1A -- TNFRSF1B -- TP53 -- NFKB1 -- STAT1 -- JUN -- BIRC3 -- FASLG -- MYC -- RB1 -- TRAF1 -- PTMA -- RHOA -- NR3C1 -- RELA -- FADD -- RAC1 -- MAP2K7 -- VEGFA -- TGFB1 -- TRAF2 -- TNFRSF10B -- CASP3 -- KRT18 -- CASP2 -- E2F1 -- RPS6KA5 -- MAPK3 -- PPP1R13L -- MAPK9 -- FAS -- EIF4G2 -- HTRA2 -- CYCS -- BCL2 -- CDK6 -- RNF11 -- PARP1 -- PSEN1 -- RPA4 -- BCL2L1 -- CASP7 -- SMPD1 -- RBL2 -- PSIP1 -- BRCA1 -- CDKN2A -- BBC3 -- EIF4E -- BID -- TFDP1 -- MCL1 -- PCNA -- TAF1 -- ALPI -- RASSF1
18,TNFRSF1A -- TNFRSF1B -- TP53 -- STAT1 -- JUN -- BIRC2 -- FASLG -- CFLAR -- TRAF1 -- PTMA -- TGFB2 -- MAP2K7 -- IGF1 -- TGFB1 -- RET -- TRADD -- MAPK1 -- KRT18 -- ATM -- NFKB2 -- CASP2 -- CHUK -- RPS6KA5 -- PPP1R13L -- LYN -- HTRA2 -- CYCS -- CASP8 -- CDK6 -- OTUD7B -- RNF11 -- SOD1 -- HNRNPK -- RPA4 -- SMPD1 -- CDKN1A -- FOXM1 -- TFDP1 -- CTBP1 -- PCNA -- PLAC8 -- CASP9 -- ALPI -- RASSF1 -- RANGAP1
19,TNFRSF1A -- SMURF2 -- TP53 -- NFKB1 -- MAPK8 -- JUN -- FOS -- BIRC3 -- SIRT1 -- FASLG -- MYC -- RB1 -- TNFAIP3 -- CFLAR -- MAPK14 -- PTMA -- RHOA -- TGFB2 -- IL2 -- RAC1 -- IGF1 -- TGFB1 -- MAP3K14 -- MAPK1 -- AKT1 -- ATM -- CASP2 -- E2F1 -- CHUK -- PPP1R13L -- MAPK9 -- LYN -- IRF1 -- HTRA2 -- NFKBIA -- MYB -- CYCS -- CASP8 -- CDK4 -- CDK6 -- OTUD7B -- CASP10 -- PSEN1 -- SOD1 -- CASP7 -- SMPD1 -- TNIK -- PSIP1 -- BRCA1 -- BAX -- TFDP1 -- CTBP1 -- RBL1 -- PCNA -- CASP9 -- CCNG1 -- DIABLO -- APAF1 -- RASSF1 -- RANGAP1
20,TNFRSF1A -- TNF -- RIPK1 -- TP53 -- NFKB1 -- JUN -- FOS -- BIRC3 -- FASLG -- MYC -- CCND1 -- PTMA -- RHOA -- FADD -- RAC1 -- MAP3K1 -- IGF1 -- TGFB1 -- MAP3K14 -- RET -- TRAF2 -- CASP3 -- KRT18 -- DAB2IP -- NFKB2 -- CHUK -- MAPK3 -- TRAF6 -- LYN -- IRF1 -- HTRA2 -- NFKBIA -- MYB -- CYCS -- BAD -- RPA4 -- CASP7 -- SMPD1 -- PSIP1 -- CDKN2A -- BCL2L11 -- PELP1 -- BAX -- BAK1 -- PCNA -- CASP9 -- DIABLO -- APAF1 -- RASSF1 -- RANGAP1
21,TNFRSF1A -- TNFRSF1B -- RIPK1 -- FOS -- BIRC3 -- MYC -- RB1 -- NR3C1 -- TGFB2 -- IL2 -- FADD -- MAP3K1 -- VEGFA -- TRADD -- CASP3 -- KRT18 -- CASP2 -- E2F1 -- CHUK -- RPS6KA5 -- MAPK3 -- LYN -- IRF1 -- HTRA2 -- NFKBIA -- MYB -- CYCS -- HIP1 -- BCL2 -- CDK4 -- RNF11 -- BAD -- SOD1 -- HNRNPK -- BCL2L1 -- SMPD1 -- RBL2 -- CDKN1A -- HTT -- PSIP1 -- BRCA1 -- BAX -- BAK1 -- EIF4E -- TFDP1 -- CTBP1 -- RBL1 -- TAF1 -- PLAC8 -- CCNG1 -- DIABLO -- APAF1 -- ALPI -- RANGAP1
22,TNFRSF1A -- SMURF2 -- RIPK1 -- TP53 -- NFKB1 -- FOS -- BIRC2 -- SIRT1 -- FASLG -- RB1 -- CCND1 -- CFLAR -- TRAF1 -- RHOA -- NR3C1 -- IL2 -- RELA -- FADD -- RAC1 -- MAP3K1 -- VEGFA -- MAP3K14 -- MAPK1 -- CASP3 -- DAB2IP -- CASP2 -- MDM2 -- RPS6KA5 -- MAPK3 -- TRAF6 -- MAPK9 -- IRF1 -- MYB -- CYCS -- HIP1 -- BCL2 -- CDK6 -- OTUD7B -- PARP1 -- PSEN1 -- BAD -- SOD1 -- HNRNPK -- SMPD1 -- PSIP1 -- CDKN2A -- BBC3 -- BCL2L11 -- FOXM1 -- TFDP1 -- MCL1 -- CTBP1 -- PCNA -- PLAC8
23,SMURF2 -- TNF -- TNFRSF1B -- RIPK1 -- TP53 -- NFKB1 -- MAPK8 -- BIRC2 -- SIRT1 -- EP300 -- TRAF1 -- MAPK14 -- RHOA -- NR3C1 -- TGFB2 -- RELA -- RAC1 -- MAP2K7 -- MAP3K1 -- RET -- TRADD -- MAPK1 -- TRAF2 -- TNFRSF10B -- ATM -- NFKB2 -- MDM2 -- RPS6KA5 -- MAPK3 -- TRAF6 -- PPP1R13L -- MAPK9 -- FAS -- EIF4G2 -- HIP1 -- BCL2 -- CASP8 -- CDK4 -- OTUD7B -- RNF11 -- PARP1 -- PSEN1 -- BAD -- SOD1 -- HNRNPK -- BCL2L1 -- TNIK -- CDKN1A -- HTT -- PSIP1 -- BCL2L11 -- BAX -- BID -- FOXM1 -- TFDP1 -- MCL1 -- CTBP1 -- TAF1 -- CCNG1 -- DIABLO
24,TNFRSF1A -- TNF -- NFKB1 -- JUN -- FOS -- BIRC3 -- SIRT1 -- FASLG -- CCND1 -- CFLAR -- TRAF1 -- RHOA -- NR3C1 -- FADD -- IGF1 -- TGFB1 -- TRADD -- TNFRSF10B -- KRT18 -- AKT1 -- DAB2IP -- E2F1 -- RPS6KA5 -- TRAF6 -- PPP1R13L -- IRF1 -- FAS -- EIF4G2 -- HTRA2 -- NFKBIA -- MYB -- BCL2 -- CASP8 -- CDK4 -- CDK6 -- OTUD7B -- RNF11 -- PSEN1 -- BAD -- SOD1 -- HNRNPK -- RBL2 -- CDKN1A -- PSIP1 -- BRCA1 -- MCL1 -- CTBP1 -- PCNA -- PLAC8 -- CCNG1 -- ALPI
25,SMURF2 -- TNF -- JUN -- FOS -- BIRC2 -- FASLG -- MYC -- RB1 -- TNFAIP3 -- EP300 -- TRAF1 -- MAPK14 -- PTMA -- NR3C1 -- TGFB2 -- MAP2K7 -- IGF1 -- VEGFA -- TRADD -- TRAF2 -- CASP3 -- AKT1 -- DAB2IP -- NFKB2 -- MDM2 -- CHUK -- LYN -- NFKBIA -- HIP1 -- CASP8 -- CDK6 -- OTUD7B -- CASP10 -- PARP1 -- PSEN1 -- HNRNPK -- RPA4 -- CASP7 -- SMPD1 -- TNIK -- CDKN1A -- BCL2L11 -- BAK1 -- PCNA -- DIABLO -- APAF1 -- ALPI -- RANGAP1
26,RIPK1 -- TP53 -- FOS -- BIRC3 -- RB1 -- TNFAIP3 -- CCND1 -- CFLAR -- PTMA -- RHOA -- NR3C1 -- FADD -- RAC1 -- MAP2K7 -- IGF1 -- TGFB1 -- MAP3K14 -- MAPK1 -- TNFRSF10B -- CASP3 -- KRT18 -- DAB2IP -- E2F1 -- MDM2 -- PPP1R13L -- MAPK9 -- LYN -- FAS -- NFKBIA -- CYCS -- CASP8 -- CDK4 -- CDK6 -- RNF11 -- CASP10 -- PSEN1 -- BAD -- BCL2L1 -- SMPD1 -- HTT -- BRCA1 -- BCL2L11 -- PELP1 -- BAX -- BID -- MCL1 -- PCNA -- TAF1 -- PLAC8 -- CASP9 -- APAF1 -- RASSF1 -- RANGAP1
27,TNFRSF1A -- TNF -- RIPK1 -- JUN -- FOS -- SIRT1 -- FASLG -- RB1 -- TNFAIP3 -- EP300 -- CFLAR -- TRAF1 -- MAPK14 -- PTMA -- RHOA -- TGFB2 -- IL2 -- FADD -- MAP2K7 -- MAP3K1 -- IGF1 -- VEGFA -- TRADD -- CASP3 -- ATM -- CHUK -- RPS6KA5 -- MAPK3 -- LYN -- IRF1 -- FAS -- EIF4G2 -- HTRA2 -- HIP1 -- BCL2 -- CDK4 -- OTUD7B -- PARP1 -- PSEN1 -- BAD -- TNIK -- HTT -- PSIP1 -- BCL2L11 -- EIF4E -- TFDP1 -- MCL1 -- CTBP1 -- RBL1 -- TAF1 -- PLAC8 -- CASP9 -- CCNG1 -- DIABLO -- APAF1 -- RASSF1
28,SMURF2 -- TNFRSF1B -- JUN -- BIRC2 -- FASLG -- MYC -- RB1 -- EP300 -- CCND1 -- TRAF1 -- MAPK14 -- PTMA -- RHOA -- NR3C1 -- TGFB2 -- FADD -- RAC1 -- MAPK1 -- TRAF2 -- CASP3 -- KRT18 -- AKT1 -- DAB2IP -- NFKB2 -- MDM2 -- PPP1R13L -- MAPK9 -- LYN -- FAS -- HTRA2 -- MYB -- HIP1 -- CASP8 -- RNF11 -- PARP1 -- BAD -- BCL2L1 -- SMPD1 -- RBL2 -- CDKN1A -- CDKN2A -- BBC3 -- PELP1 -- BID -- TFDP1 -- MCL1 -- RBL1 -- PCNA -- TAF1 -- CASP9 -- CCNG1 -- DIABLO -- ALPI -- RASSF1
29,SMURF2 -- TNF -- TNFRSF1B -- RIPK1 -- TP53 -- NFKB1 -- MAPK8 -- JUN -- BIRC2 -- BIRC3 -- FASLG -- RB1 -- TNFAIP3 -- EP300 -- CFLAR -- MAPK14 -- PTMA -- NR3C1 -- IL2 -- RAC1 -- VEGFA -- MAP3K14 -- RET -- MAPK1 -- CASP3 -- DAB2IP -- NFKB2 -- CASP2 -- E2F1 -- MDM2 -- CHUK -- MAPK3 -- PPP1R13L -- MAPK9 -- LYN -- FAS -- HTRA2 -- MYB -- CYCS -- HIP1 -- BCL2 -- CASP8 -- RNF11 -- CASP10 -- PARP1 -- PSEN1 -- BAD -- BCL2L1 -- CASP7 -- SMPD1 -- TNIK -- CDKN1A -- HTT -- BRCA1 -- PELP1 -- EIF4E -- TFDP1 -- PCNA -- TAF1 -- PLAC8 -- APAF1 -- ALPI -- RASSF1 -- RANGAP1
30,TNF -- TP53 -- JUN -- BIRC3 -- SIRT1 -- MYC -- MAPK14 -- PTMA -- NR3C1 -- TGFB2 -- IL2 -- RELA -- FADD -- MAP3K1 -- TGFB1 -- TRADD -- MAPK1 -- TRAF2 -- CASP3 -- KRT18 -- ATM -- CASP2 -- MDM2 -- RPS6KA5 -- MAPK3 -- TRAF6 -- IRF1 -- FAS -- HTRA2 -- MYB -- CYCS -- CASP8 -- CDK6 -- OTUD7B -- PSEN1 -- BAD -- HNRNPK -- RPA4 -- BCL2L1 -- RBL2 -- CDKN1A -- PSIP1 -- CDKN2A -- BBC3 -- BCL2L11 -- EIF4E -- TFDP1 -- RBL1 -- ALPI -- RASSF1 -- RANGAP1
31,TNFRSF1A -- RIPK1 -- STAT1 -- JUN -- BIRC2 -- BIRC3 -- SIRT1 -- FASLG -- MYC -- CFLAR -- TRAF1 -- MAPK14 -- PTMA -- NR3C1 -- TGFB2 -- IL2 -- IGF1 -- VEGFA -- MAP3K14 -- TRADD -- MAPK1 -- TRAF2 -- CASP3 -- DAB2IP -- NFKB2 -- MDM2 -- MAPK3 -- EIF4G2 -- MYB -- CYCS -- HIP1 -- BCL2 -- CDK6 -- CASP10 -- BAD -- SOD1 -- HNRNPK -- CASP7 -- CDKN1A -- PSIP1 -- BRCA1 -- BBC3 -- BAX -- BAK1 -- EIF4E -- FOXM1 -- MCL1 -- PCNA -- TAF1 -- CCNG1 -- DIABLO -- ALPI -- RANGAP1
32,SMURF2 -- TNFRSF1B -- RIPK1 -- NFKB1 -- MAPK8 -- JUN -- BIRC2 -- FASLG -- MYC -- RB1 -- EP300 -- CCND1 -- CFLAR -- PTMA -- TGFB2 -- IL2 -- RELA -- RAC1 -- MAP3K1 -- VEGFA -- MAP3K14 -- RET -- MAPK1 -- TRAF2 -- KRT18 -- AKT1 -- DAB2IP -- NFKB2 -- E2F1 -- CHUK -- MAPK3 -- TRAF6 -- PPP1R13L -- IRF1 -- FAS -- EIF4G2 -- NFKBIA -- MYB -- CYCS -- CASP8 -- CDK4 -- CDK6 -- PSEN1 -- SOD1 -- HNRNPK -- RPA4 -- BCL2L1 -- SMPD1 -- TNIK -- RBL2 -- CDKN1A -- BRCA1 -- CDKN2A -- BBC3 -- BAX -- BID -- FOXM1 -- TFDP1 -- MCL1 -- CTBP1 -- RBL1 -- DIABLO -- APAF1 -- RASSF1
33,TNFRSF1A -- SMURF2 -- TNF -- MAPK8 -- JUN -- FOS -- BIRC2 -- BIRC3 -- TNFAIP3 -- EP300 -- CCND1 -- TRAF1 -- TGFB2 -- IGF1 -- VEGFA -- RET -- TRADD -- MAPK1 -- TRAF2 -- TNFRSF10B -- KRT18 -- AKT1 -- NFKB2 -- CASP2 -- MDM2 -- CHUK -- MAPK3 -- TRAF6 -- PPP1R13L -- MAPK9 -- IRF1 -- EIF4G2 -- HTRA2 -- NFKBIA -- CYCS -- CASP8 -- RNF11 -- CASP10 -- PARP1 -- HNRNPK -- BCL2L1 -- SMPD1 -- RBL2 -- CDKN1A -- HTT -- BRCA1 -- BCL2L11 -- PELP1 -- BAK1 -- EIF4E -- BID -- TFDP1 -- MCL1 -- TAF1 -- PLAC8 -- DIABLO -- ALPI -- RASSF1
34,TNFRSF1A -- TNF -- TP53 -- MAPK8 -- JUN -- SIRT1 -- MYC -- TNFAIP3 -- EP300 -- CFLAR -- MAPK14 -- TGFB2 -- RELA -- RAC1 -- MAP3K1 -- TGFB1 -- RET -- KRT18 -- AKT1 -- ATM -- DAB2IP -- MDM2 -- TRAF6 -- MAPK9 -- IRF1 -- FAS -- HTRA2 -- NFKBIA -- CYCS -- CASP8 -- OTUD7B -- CASP10 -- PARP1 -- SOD1 -- HNRNPK -- RPA4 -- BCL2L1 -- TNIK -- CDKN1A -- BCL2L11 -- BAX -- EIF4E -- FOXM1 -- TFDP1 -- MCL1 -- TAF1 -- PLAC8 -- CCNG1 -- DIABLO -- APAF1
35,TNFRSF1A -- TNFRSF1B -- TP53 -- NFKB1 -- MAPK8 -- STAT1 -- BIRC3 -- SIRT1 -- FASLG -- MYC -- RB1 -- EP300 -- CCND1 -- TRAF1 -- PTMA -- RHOA -- NR3C1 -- TGFB2 -- IL2 -- RELA -- IGF1 -- TNFRSF10B -- CASP3 -- KRT18 -- AKT1 -- NFKB2 -- CHUK -- MAPK3 -- IRF1 -- EIF4G2 -- HTRA2 -- MYB -- CYCS -- CDK6 -- BAD -- SOD1 -- BCL2L1 -- CASP7 -- SMPD1 -- RBL2 -- CDKN1A -- CDKN2A -- PELP1 -- BAX -- EIF4E -- BID -- FOXM1 -- TFDP1 -- MCL1 -- CTBP1 -- TAF1 -- CASP9 -- CCNG1 -- DIABLO -- APAF1 -- ALPI -- RASSF1
36,SMURF2 -- TNFRSF1B -- RIPK1 -- NFKB1 -- MAPK8 -- FOS -- SIRT1 -- MYC -- RB1 -- TNFAIP3 -- CFLAR -- PTMA -- RHOA -- NR3C1 -- RELA -- FADD -- RAC1 -- MAP2K7 -- MAP3K1 -- IGF1 -- VEGFA -- TGFB1 -- MAP3K14 -- RET -- TRADD -- MAPK1 -- DAB2IP -- NFKB2 -- CHUK -- RPS6KA5 -- MAPK3 -- PPP1R13L -- MAPK9 -- LYN -- FAS -- EIF4G2 -- CYCS -- BCL2 -- CDK4 -- CDK6 -- OTUD7B -- RNF11 -- CASP10 -- PARP1 -- PSEN1 -- SOD1 -- TNIK -- CDKN1A -- HTT -- CDKN2A -- BBC3 -- BCL2L11 -- BAX -- BID -- TFDP1 -- MCL1 -- CTBP1 -- RBL1 -- TAF1 -- CCNG1 -- DIABLO -- RANGAP1
37,TNF -- TNFRSF1B -- TP53 -- NFKB1 -- STAT1 -- JUN -- FOS -- BIRC2 -- BIRC3 -- SIRT1 -- RB1 -- CCND1 -- CFLAR -- MAPK14 -- RHOA -- NR3C1 -- IL2 -- RELA -- FADD -- RAC1 -- TGFB1 -- RET -- CASP3 -- ATM -- DAB2IP -- NFKB2 -- CHUK -- TRAF6 -- PPP1R13L -- MAPK9 -- FAS -- EIF4G2 -- HTRA2 -- NFKBIA -- HIP1 -- CDK4 -- CDK6 -- OTUD7B -- HNRNPK -- BCL2L1 -- CASP7 -- TNIK -- RBL2 -- HTT -- BRCA1 -- BCL2L11 -- BAX -- BAK1 -- MCL1 -- CTBP1 -- PCNA -- TAF1 -- CASP9 -- DIABLO -- APAF1
38,SMURF2 -- TNF -- TNFRSF1B -- TP53 -- STAT1 -- JUN -- BIRC2 -- BIRC3 -- TNFAIP3 -- CFLAR -- RHOA -- NR3C1 -- RELA -- RAC1 -- MAP2K7 -- IGF1 -- VEGFA -- TGFB1 -- TRADD -- TRAF2 -- CASP3 -- KRT18 -- AKT1 -- ATM -- DAB2IP -- NFKB2 -- CASP2 -- E2F1 -- MDM2 -- MAPK3 -- TRAF6 -- PPP1R13L -- MAPK9 -- LYN -- IRF1 -- EIF4G2 -- HTRA2 -- MYB -- CYCS -- CDK6 -- RNF11 -- CASP10 -- PARP1 -- SOD1 -- HNRNPK -- BCL2L1 -- CASP7 -- SMPD1 -- TNIK -- CDKN1A -- HTT -- BRCA1 -- BBC3 -- PELP1 -- BAX -- BAK1 -- FOXM1 -- TFDP1 -- CTBP1 -- PCNA -- TAF1 -- PLAC8 -- CASP9 -- ALPI
39,TNFRSF1A -- SMURF2 -- TNFRSF1B -- JUN -- FASLG -- TNFAIP3 -- EP300 -- CCND1 -- TRAF1 -- PTMA -- RHOA -- NR3C1 -- MAP2K7 -- IGF1 -- TGFB1 -- MAP3K14 -- TRAF2 -- TNFRSF10B -- CASP3 -- KRT18 -- DAB2IP -- CHUK -- TRAF6 -- PPP1R13L -- MAPK9 -- LYN -- FAS -- NFKBIA -- MYB -- HIP1 -- BCL2 -- OTUD7B -- RNF11 -- CASP10 -- PSEN1 -- HNRNPK -- RPA4 -- SMPD1 -- RBL2 -- HTT -- PSIP1 -- BRCA1 -- CDKN2A -- BBC3 -- BCL2L11 -- PELP1 -- BAX -- MCL1 -- RBL1 -- PCNA -- CASP9 -- DIABLO -- APAF1 -- RASSF1 -- RANGAP1
40,TNFRSF1A -- SMURF2 -- TP53 -- MAPK8 -- JUN -- FOS -- FASLG -- MYC -- RB1 -- TNFAIP3 -- EP300 -- CCND1 -- RHOA -- TGFB2 -- IL2 -- RELA -- RAC1 -- MAP2K7 -- IGF1 -- RET -- CASP3 -- KRT18 -- DAB2IP -- CASP2 -- RPS6KA5 -- TRAF6 -- MAPK9 -- FAS -- MYB -- CDK4 -- CDK6 -- OTUD7B -- SOD1 -- SMPD1 -- RBL2 -- BRCA1 -- CDKN2A -- BBC3 -- BAK1 -- TFDP1 -- RBL1 -- PLAC8 -- CASP9 -- DIABLO -- RASSF1
41,TNFRSF1A -- SMURF2 -- RIPK1 -- TP53 -- NFKB1 -- MAPK8 -- STAT1 -- FOS -- BIRC2 -- BIRC3 -- FASLG -- TNFAIP3 -- EP300 -- CFLAR -- TRAF1 -- RHOA -- NR3C1 -- IL2 -- RELA -- FADD -- MAP2K7 -- MAP3K1 -- IGF1 -- VEGFA -- TGFB1 -- TRADD -- MAPK1 -- TRAF2 -- TNFRSF10B -- CASP3 -- KRT18 -- CASP2 -- E2F1 -- MDM2 -- CHUK -- MAPK3 -- TRAF6 -- MAPK9 -- IRF1 -- FAS -- MYB -- CYCS -- HIP1 -- CDK4 -- CDK6 -- OTUD7B -- RNF11 -- CASP10 -- PARP1 -- BAD -- HNRNPK -- CASP7 -- SMPD1 -- CDKN1A -- PSIP1 -- CDKN2A -- BBC3 -- PELP1 -- BAX -- BID -- FOXM1 -- CTBP1 -- PCNA -- TAF1 -- PLAC8 -- CASP9 -- ALPI -- RANGAP1
42,TNFRSF1A -- SMURF2 -- TNF -- TNFRSF1B -- RIPK1 -- MAPK8 -- STAT1 -- JUN -- FOS -- BIRC3 -- SIRT1 -- FASLG -- MYC -- RB1 -- TNFAIP3 -- EP300 -- CFLAR -- TRAF1 -- MAPK14 -- PTMA -- RHOA -- NR3C1 -- RELA -- RAC1 -- MAP2K7 -- VEGFA -- MAP3K14 -- RET -- TRADD -- MAPK1 -- CASP3 -- AKT1 -- CASP2 -- E2F1 -- CHUK -- MAPK3 -- PPP1R13L -- MAPK9 -- EIF4G2 -- CYCS -- HIP1 -- CASP8 -- CDK6 -- RNF11 -- PARP1 -- BAD -- SOD1 -- RPA4 -- BCL2L1 -- CASP7 -- SMPD1 -- TNIK -- RBL2 -- HTT -- PSIP1 -- BRCA1 -- CDKN2A -- BBC3 -- PELP1 -- BAX -- FOXM1 -- TFDP1 -- MCL1 -- CTBP1 -- CASP9 -- ALPI -- RANGAP1
43,SMURF2 -- TNF -- MAPK8 -- JUN -- FOS -- SIRT1 -- FASLG -- RB1 -- EP300 -- CCND1 -- RHOA -- NR3C1 -- IL2 -- RELA -- FADD -- RAC1 -- IGF1 -- VEGFA -- MAP3K14 -- RET -- TRADD -- MAPK1 -- AKT1 -- E2F1 -- CHUK -- RPS6KA5 -- MAPK3 -- TRAF6 -- MAPK9 -- LYN -- FAS -- EIF4G2 -- CYCS -- HIP1 -- BCL2 -- CDK4 -- CDK6 -- OTUD7B -- RNF11 -- PARP1 -- PSEN1 -- BAD -- HNRNPK -- RPA4 -- CASP7 -- TNIK -- BRCA1 -- CDKN2A -- BBC3 -- BCL2L11 -- PELP1 -- BAX -- EIF4E -- BID -- FOXM1 -- MCL1 -- CTBP1 -- RBL1 -- CASP9 -- CCNG1 -- APAF1
44,SMURF2 -- RIPK1 -- BIRC3 -- SIRT1 -- RB1 -- TNFAIP3 -- EP300 -- RHOA -- TGFB2 -- RELA -- MAP3K1 -- VEGFA -- MAPK1 -- TRAF2 -- TNFRSF10B -- CASP3 -- KRT18 -- AKT1 -- ATM -- CASP2 -- MDM2 -- TRAF6 -- EIF4G2 -- HTRA2 -- CYCS -- CASP8 -- CDK6 -- RNF11 -- CASP10 -- PARP1 -- PSEN1 -- BAD -- SOD1 -- TNIK -- RBL2 -- HTT -- PSIP1 -- BRCA1 -- CDKN2A -- BBC3 -- BCL2L11 -- PELP1 -- BAK1 -- BID -- TFDP1 -- MCL1 -- CTBP1 -- CASP9 -- ALPI -- RANGAP1
45,TNFRSF1A -- TNF -- RIPK1 -- TP53 -- STAT1 -- MYC -- EP300 -- CCND1 -- TRAF1 -- MAPK14 -- TGFB2 -- FADD -- MAP2K7 -- MAP3K1 -- IGF1 -- VEGFA -- TGFB1 -- TNFRSF10B -- AKT1 -- DAB2IP -- NFKB2 -- CASP2 -- E2F1 -- CHUK -- MAPK3 -- TRAF6 -- LYN -- IRF1 -- FAS -- HTRA2 -- CYCS -- CASP8 -- CDK4 -- CDK6 -- CASP10 -- PSEN1 -- RPA4 -- CASP7 -- TNIK -- PSIP1 -- BRCA1 -- BAX -- EIF4E -- BID -- FOXM1 -- TFDP1 -- MCL1 -- CTBP1 -- PLAC8 -- CASP9 -- CCNG1 -- APAF1 -- RANGAP1
46,RIPK1 -- TP53 -- NFKB1 -- STAT1 -- FOS -- BIRC2 -- SIRT1 -- EP300 -- RHOA -- NR3C1 -- IL2 -- RELA -- RAC1 -- MAP3K1 -- IGF1 -- VEGFA -- TGFB1 -- MAPK1 -- CASP3 -- KRT18 -- AKT1 -- DAB2IP -- E2F1 -- MDM2 -- CHUK -- MAPK3 -- TRAF6 -- LYN -- IRF1 -- EIF4G2 -- HIP1 -- CASP8 -- CDK6 -- CASP10 -- PARP1 -- PSEN1 -- BAD -- RPA4 -- BCL2L1 -- CASP7 -- RBL2 -- CDKN1A -- HTT -- BRCA1 -- BBC3 -- BCL2L11 -- PELP1 -- BAX -- BID -- CTBP1 -- PCNA -- TAF1 -- PLAC8 -- CASP9 -- CCNG1 -- APAF1 -- ALPI -- RASSF1
47,NFKB1 -- BIRC2 -- BIRC3 -- RB1 -- TNFAIP3 -- EP300 -- CFLAR -- MAPK14 -- NR3C1 -- TGFB2 -- FADD -- RAC1 -- IGF1 -- VEGFA -- MAPK1 -- TRAF2 -- TNFRSF10B -- AKT1 -- MDM2 -- MAPK3 -- TRAF6 -- LYN -- IRF1 -- HTRA2 -- NFKBIA -- HIP1 -- RNF11 -- CASP10 -- BAD -- SOD1 -- HNRNPK -- BCL2L1 -- SMPD1 -- BCL2L11 -- EIF4E -- TFDP1 -- MCL1 -- CTBP1 -- RBL1 -- PCNA -- TAF1 -- CASP9 -- APAF1
48,SMURF2 -- TNF -- SIRT1 -- RB1 -- TNFAIP3 -- CCND1 -- PTMA -- TGFB2 -- IL2 -- RAC1 -- MAP2K7 -- MAP3K1 -- MAP3K14 -- RET -- TRAF2 -- TNFRSF10B -- KRT18 -- AKT1 -- DAB2IP -- NFKB2 -- CASP2 -- E2F1 -- MDM2 -- RPS6KA5 -- PPP1R13L -- LYN -- IRF1 -- MYB -- BCL2 -- CASP8 -- CDK4 -- CDK6 -- OTUD7B -- RNF11 -- CASP7 -- SMPD1 -- TNIK -- RBL2 -- HTT -- PSIP1 -- BRCA1 -- BBC3 -- BCL2L11 -- EIF4E -- BID -- TFDP1 -- CTBP1 -- PCNA -- TAF1 -- CCNG1 -- DIABLO -- APAF1
49,TNFRSF1A -- SMURF2 -- TNFRSF1B -- NFKB1 -- JUN -- FOS -- BIRC2 -- SIRT1 -- TNFAIP3 -- CCND1 -- CFLAR -- NR3C1 -- TGFB2 -- MAP2K7 -- IGF1 -- MAP3K14 -- MAPK1 -- TNFRSF10B -- KRT18 -- ATM -- DAB2IP -- CASP2 -- E2F1 -- MDM2 -- CHUK -- LYN -- IRF1 -- FAS -- MYB -- HIP1 -- BCL2 -- CASP8 -- CDK4 -- CDK6 -- BAD -- HNRNPK -- BCL2L1 -- TNIK -- HTT -- PSIP1 -- BRCA1 -- CDKN2A -- PELP1 -- BAK1 -- EIF4E -- BID -- FOXM1 -- RBL1 -- TAF1 -- PLAC8 -- CASP9 -- DIABLO -- ALPI
50,TNF -- TNFRSF1B -- TP53 -- JUN -- FASLG -- EP300 -- TRAF1 -- RHOA -- FADD -- RAC1 -- IGF1 -- VEGFA -- MAP3K14 -- RET -- TRAF2 -- TNFRSF10B -- ATM -- CHUK -- MAPK3 -- PPP1R13L -- MAPK9 -- LYN -- IRF1 -- CYCS -- BCL2 -- CDK4 -- CDK6 -- BAD -- SOD1 -- HNRNPK -- CASP7 -- SMPD1 -- TNIK -- RBL2 -- HTT -- PSIP1 -- BRCA1 -- CDKN2A -- PELP1 -- BAX -- BAK1 -- TFDP1 -- MCL1 -- CTBP1 -- PCNA -- TAF1 -- PLAC8 -- CASP9 -- DIABLO -- APAF1 -- ALPI
51,SMURF2 -- TNFRSF1B -- TP53 -- NFKB1 -- STAT1 -- FOS -- BIRC3 -- FASLG -- MYC -- TNFAIP3 -- CCND1 -- MAPK14 -- PTMA -- NR3C1 -- RELA -- RAC1 -- IGF1 -- RET -- TRADD -- MAPK1 -- TNFRSF10B -- ATM -- DAB2IP -- TRAF6 -- FAS -- EIF4G2 -- NFKBIA -- MYB -- CYCS -- HIP1 -- CASP8 -- RNF11 -- CASP10 -- SOD1 -- TNIK -- CDKN1A -- HTT -- BBC3 -- EIF4E -- BID -- MCL1 -- TAF1 -- CASP9 -- CCNG1 -- ALPI
52,TNFRSF1A -- SMURF2 -- TNF -- TNFRSF1B -- RIPK1 -- TP53 -- NFKB1 -- JUN -- BIRC2 -- BIRC3 -- SIRT1 -- MYC -- RB1 -- TNFAIP3 -- CFLAR -- PTMA -- RHOA -- IL2 -- RELA -- FADD -- MAP3K1 -- VEGFA -- TGFB1 -- MAP3K14 -- RET -- TRADD -- TNFRSF10B -- CASP3 -- CASP2 -- MDM2 -- CHUK -- LYN -- FAS -- HTRA2 -- NFKBIA -- MYB -- CYCS -- HIP1 -- BCL2 -- CASP8 -- OTUD7B -- RNF11 -- PARP1 -- PSEN1 -- SOD1 -- HNRNPK -- CASP7 -- RBL2 -- CDKN1A -- HTT -- BAX -- FOXM1 -- TFDP1 -- CTBP1 -- RBL1 -- PLAC8 -- CCNG1 -- APAF1 -- RASSF1
53,TNFRSF1B -- STAT1 -- JUN -- SIRT1 -- FASLG -- TNFAIP3 -- EP300 -- CCND1 -- CFLAR -- TGFB2 -- IL2 -- RELA -- MAP2K7 -- IGF1 -- MAP3K14 -- CASP3 -- NFKB2 -- CASP2 -- TRAF6 -- PPP1R13L -- MAPK9 -- FAS -- EIF4G2 -- MYB -- BCL2 -- CDK4 -- CDK6 -- OTUD7B -- CASP10 -- PSEN1 -- SOD1 -- HNRNPK -- RPA4 -- BCL2L1 -- CASP7 -- RBL2 -- CDKN1A -- CDKN2A -- BCL2L11 -- PELP1 -- BID -- TFDP1 -- MCL1 -- CTBP1 -- PCNA -- CASP9 -- DIABLO -- APAF1 -- ALPI -- RASSF1
54,TNFRSF1A -- SMURF2 -- TNF -- TNFRSF1B -- RIPK1 -- NFKB1 -- MAPK8 -- JUN -- FOS -- BIRC2 -- BIRC3 -- SIRT1 -- FASLG -- RB1 -- EP300 -- CCND1 -- CFLAR -- TRAF1 -- MAPK14 -- PTMA -- RHOA -- NR3C1 -- IL2 -- MAP3K1 -- IGF1 -- VEGFA -- RET -- TRADD -- TRAF2 -- CASP3 -- E2F1 -- MDM2 -- MAPK3 -- IRF1 -- FAS -- NFKBIA -- MYB -- CASP8 -- CDK4 -- OTUD7B -- RNF11 -- PARP1 -- SOD1 -- HNRNPK -- BCL2L1 -- CASP7 -- SMPD1 -- TNIK -- RBL2 -- CDKN1A -- HTT -- BRCA1 -- CDKN2A -- BCL2L11 -- BAX -- BAK1 -- EIF4E -- BID -- MCL1 -- CTBP1 -- TAF1 -- PLAC8 -- DIABLO -- RANGAP1
55,TNFRSF1A -- SMURF2 -- RIPK1 -- MAPK8 -- JUN -- BIRC2 -- SIRT1 -- FASLG -- MYC -- TNFAIP3 -- CCND1 -- CFLAR -- MAPK14 -- PTMA -- RHOA -- RELA -- FADD -- RAC1 -- IGF1 -- VEGFA -- TGFB1 -- MAP3K14 -- RET -- TRADD -- MAPK1 -- KRT18 -- DAB2IP -- NFKB2 -- E2F1 -- TRAF6 -- PPP1R13L -- MAPK9 -- IRF1 -- HTRA2 -- CYCS -- BCL2 -- OTUD7B -- RNF11 -- CASP10 -- PARP1 -- BAD -- RPA4 -- BCL2L1 -- CASP7 -- SMPD1 -- RBL2 -- CDKN1A -- HTT -- CDKN2A -- PELP1 -- BAX -- EIF4E -- FOXM1 -- TFDP1 -- RBL1 -- PCNA -- TAF1 -- CASP9 -- CCNG1 -- DIABLO -- ALPI -- RASSF1
56,TNFRSF1A -- TNFRSF1B -- TP53 -- NFKB1 -- STAT1 -- FOS -- BIRC2 -- BIRC3 -- RB1 -- CFLAR -- NR3C1 -- TGFB2 -- IL2 -- RELA -- MAP3K1 -- VEGFA -- TGFB1 -- TRADD -- TRAF2 -- TNFRSF10B -- NFKB2 -- E2F1 -- MDM2 -- CHUK -- RPS6KA5 -- MAPK3 -- PPP1R13L -- MAPK9 -- FAS -- EIF4G2 -- NFKBIA -- MYB -- CYCS -- BCL2 -- CDK6 -- OTUD7B -- RNF11 -- BAD -- SOD1 -- HNRNPK -- RPA4 -- BCL2L1 -- SMPD1 -- TNIK -- PSIP1 -- BRCA1 -- CDKN2A -- BAK1 -- RBL1 -- PLAC8 -- CASP9 -- RASSF1 -- RANGAP1
57,TNF -- RIPK1 -- NFKB1 -- JUN -- FOS -- BIRC3 -- MYC -- RB1 -- TNFAIP3 -- CCND1 -- TRAF1 -- PTMA -- RHOA -- RELA -- FADD -- MAP2K7 -- MAP3K14 -- MAPK1 -- TNFRSF10B -- CASP3 -- AKT1 -- DAB2IP -- CASP2 -- E2F1 -- MDM2 -- RPS6KA5 -- MAPK3 -- PPP1R13L -- LYN -- EIF4G2 -- NFKBIA -- MYB -- CYCS -- HIP1 -- BCL2 -- CASP8 -- CDK4 -- CASP10 -- PARP1 -- PSEN1 -- BAD -- RPA4 -- SMPD1 -- RBL2 -- HTT -- PSIP1 -- BRCA1 -- BBC3 -- PELP1 -- BAX -- BAK1 -- TFDP1 -- MCL1 -- PCNA -- PLAC8 -- CCNG1 -- RASSF1 -- RANGAP1
58,TNFRSF1B -- RIPK1 -- NFKB1 -- STAT1 -- JUN -- FOS -- BIRC3 -- FASLG -- RB1 -- IL2 -- RELA -- RAC1 -- MAP2K7 -- MAP3K1 -- MAP3K14 -- MAPK1 -- TRAF2 -- TNFRSF10B -- CASP3 -- DAB2IP -- NFKB2 -- E2F1 -- CHUK -- RPS6KA5 -- MAPK3 -- MAPK9 -- FAS -- NFKBIA -- MYB -- HIP1 -- BCL2 -- BAD -- SOD1 -- HNRNPK -- RPA4 -- BCL2L1 -- TNIK -- RBL2 -- CDKN1A -- HTT -- BRCA1 -- CDKN2A -- BBC3 -- BCL2L11 -- BAX -- BID -- FOXM1 -- TFDP1 -- MCL1 -- RBL1 -- TAF1 -- CASP9 -- CCNG1 -- DIABLO -- RASSF1
59,RIPK1 -- MAPK8 -- STAT1 -- JUN -- FOS -- FASLG -- RB1 -- EP300 -- MAPK14 -- RHOA -- NR3C1 -- TGFB2 -- RELA -- FADD -- RAC1 -- MAP3K1 -- VEGFA -- TGFB1 -- TNFRSF10B -- CASP3 -- KRT18 -- AKT1 -- ATM -- NFKB2 -- CASP2 -- CHUK -- RPS6KA5 -- MAPK3 -- MAPK9 -- LYN -- NFKBIA -- MYB -- BCL2 -- CDK4 -- RNF11 -- PSEN1 -- BAD -- SOD1 -- HNRNPK -- BCL2L1 -- SMPD1 -- PSIP1 -- BAK1 -- EIF4E -- MCL1 -- RBL1 -- PCNA -- TAF1 -- PLAC8 -- CASP9 -- DIABLO -- APAF1 -- RANGAP1
60,TNFRSF1A -- TNFRSF1B -- TP53 -- NFKB1 -- STAT1 -- BIRC2 -- BIRC3 -- SIRT1 -- FASLG -- MAPK14 -- TGFB2 -- IL2 -- RAC1 -- MAP3K1 -- IGF1 -- VEGFA -- TGFB1 -- MAPK1 -- TRAF2 -- MDM2 -- RPS6KA5 -- MAPK3 -- TRAF6 -- LYN -- IRF1 -- EIF4G2 -- HTRA2 -- NFKBIA -- HIP1 -- BCL2 -- CDK6 -- OTUD7B -- PARP1 -- PSEN1 -- BAD -- SOD1 -- HNRNPK -- BCL2L1 -- RBL2 -- CDKN1A -- PSIP1 -- BRCA1 -- BBC3 -- BCL2L11 -- PELP1 -- BAX -- EIF4E -- MCL1 -- RBL1 -- TAF1 -- CASP9 -- ALPI -- RASSF1 -- RANGAP1
61,RIPK1 -- TP53 -- STAT1 -- FOS -- BIRC3 -- SIRT1 -- FASLG -- RB1 -- EP300 -- CCND1 -- CFLAR -- TRAF1 -- PTMA -- RHOA -- NR3C1 -- TGFB2 -- RELA -- MAP2K7 -- TGFB1 -- MAP3K14 -- RET -- TRADD -- MAPK1 -- TRAF2 -- TNFRSF10B -- KRT18 -- DAB2IP -- NFKB2 -- CASP2 -- MDM2 -- TRAF6 -- PPP1R13L -- LYN -- EIF4G2 -- HTRA2 -- MYB -- CYCS -- HIP1 -- CDK4 -- RNF11 -- CASP10 -- PARP1 -- PSEN1 -- SOD1 -- BCL2L1 -- CASP7 -- SMPD1 -- TNIK -- CDKN1A -- HTT -- TFDP1 -- MCL1 -- CTBP1 -- PCNA -- TAF1 -- PLAC8 -- CASP9 -- DIABLO -- RANGAP1
62,TNFRSF1A -- RIPK1 -- NFKB1 -- STAT1 -- BIRC2 -- SIRT1 -- FASLG -- RB1 -- EP300 -- TRAF1 -- PTMA -- FADD -- RAC1 -- MAP2K7 -- MAP3K1 -- IGF1 -- VEGFA -- TGFB1 -- MAP3K14 -- TNFRSF10B -- AKT1 -- NFKB2 -- CASP2 -- MDM2 -- RPS6KA5 -- TRAF6 -- FAS -- EIF4G2 -- NFKBIA -- MYB -- CYCS -- CDK4 -- RNF11 -- PARP1 -- BAD -- HNRNPK -- BCL2L1 -- SMPD1 -- TNIK -- HTT -- BRCA1 -- CDKN2A -- BBC3 -- BCL2L11 -- PELP1 -- BAX -- TFDP1 -- MCL1 -- RBL1 -- PLAC8 -- CASP9 -- CCNG1 -- DIABLO -- ALPI -- RASSF1 -- RANGAP1
63,TNFRSF1A -- SMURF2 -- TNF -- RIPK1 -- NFKB1 -- STAT1 -- JUN -- FOS -- MYC -- RB1 -- PTMA -- NR3C1 -- IL2 -- RELA -- FADD -- RAC1 -- MAP3K1 -- IGF1 -- TRAF2 -- TNFRSF10B -- CASP3 -- KRT18 -- AKT1 -- DAB2IP -- E2F1 -- MDM2 -- MAPK3 -- PPP1R13L -- LYN -- NFKBIA -- CYCS -- BCL2 -- CASP8 -- RNF11 -- CASP10 -- PARP1 -- SOD1 -- HNRNPK -- RPA4 -- CASP7 -- TNIK -- RBL2 -- CDKN1A -- HTT -- PSIP1 -- CDKN2A -- BBC3 -- BCL2L11 -- EIF4E -- MCL1 -- CTBP1 -- TAF1 -- PLAC8 -- DIABLO -- ALPI
64,TNFRSF1A -- TNFRSF1B -- MAPK8 -- JUN -- FOS -- BIRC2 -- BIRC3 -- MYC -- CFLAR -- TRAF1 -- PTMA -- NR3C1 -- TGFB2 -- MAP2K7 -- IGF1 -- MAP3K14 -- RET -- MAPK1 -- TNFRSF10B -- ATM -- DAB2IP -- NFKB2 -- CASP2 -- MDM2 -- RPS6KA5 -- TRAF6 -- LYN -- EIF4G2 -- NFKBIA -- MYB -- CYCS -- HIP1 -- BCL2 -- CASP8 -- CDK6 -- OTUD7B -- HNRNPK -- RPA4 -- BCL2L1 -- CASP7 -- TNIK -- PSIP1 -- CDKN2A -- BBC3 -- BCL2L11 -- BAK1 -- EIF4E -- TFDP1 -- MCL1 -- CTBP1 -- PLAC8 -- CCNG1 -- ALPI -- RASSF1
65,TNFRSF1A -- TNFRSF1B -- FOS -- BIRC2 -- SIRT1 -- RB1 -- TNFAIP3 -- EP300 -- CCND1 -- CFLAR -- TRAF1 -- MAPK14 -- RHOA -- NR3C1 -- TGFB2 -- IL2 -- FADD -- VEGFA -- TGFB1 -- MAP3K14 -- RET -- TRADD -- MAPK1 -- TRAF2 -- TNFRSF10B -- KRT18 -- ATM -- DAB2IP -- MDM2 -- MAPK3 -- EIF4G2 -- HTRA2 -- CYCS -- HIP1 -- BCL2 -- CASP8 -- CDK4 -- CDK6 -- OTUD7B -- RNF11 -- PARP1 -- PSEN1 -- SOD1 -- HNRNPK -- RPA4 -- TNIK -- RBL2 -- CDKN1A -- BRCA1 -- CDKN2A -- BCL2L11 -- BAX -- BAK1 -- EIF4E -- FOXM1 -- TFDP1 -- MCL1 -- RBL1 -- PCNA -- TAF1 -- CCNG1 -- DIABLO
66,TNFRSF1A -- TNFRSF1B -- RIPK1 -- NFKB1 -- MAPK8 -- STAT1 -- JUN -- MYC -- TNFAIP3 -- EP300 -- CFLAR -- TGFB2 -- IL2 -- IGF1 -- MAP3K14 -- MAPK1 -- TRAF2 -- KRT18 -- ATM -- CASP2 -- RPS6KA5 -- MAPK3 -- FAS -- HTRA2 -- MYB -- HIP1 -- BCL2 -- CDK4 -- CDK6 -- RNF11 -- PSEN1 -- BAD -- CASP7 -- SMPD1 -- CDKN1A -- BRCA1 -- BBC3 -- BAX -- EIF4E -- BID -- FOXM1 -- MCL1 -- RBL1 -- PCNA -- TAF1 -- PLAC8 -- CASP9 -- CCNG1 -- DIABLO -- ALPI -- RANGAP1
67,TNFRSF1A -- SMURF2 -- TNFRSF1B -- TP53 -- STAT1 -- JUN -- FOS -- BIRC2 -- SIRT1 -- RB1 -- TNFAIP3 -- EP300 -- MAPK14 -- TGFB2 -- IL2 -- RELA -- RAC1 -- MAP2K7 -- VEGFA -- RET -- TRADD -- TRAF2 -- AKT1 -- CHUK -- PPP1R13L -- EIF4G2 -- MYB -- CYCS -- BCL2 -- CASP10 -- PARP1 -- PSEN1 -- BAD -- RPA4 -- BCL2L1 -- CASP7 -- TNIK -- RBL2 -- PSIP1 -- CDKN2A -- BCL2L11 -- BAX -- RBL1 -- PCNA -- TAF1 -- PLAC8 -- DIABLO -- APAF1 -- RASSF1
68,TNFRSF1A -- TNF -- TNFRSF1B -- MAPK8 -- SIRT1 -- MYC -- RB1 -- EP300 -- MAPK14 -- PTMA -- RHOA -- NR3C1 -- RELA -- MAP2K7 -- TGFB1 -- MAPK1 -- CASP3 -- AKT1 -- NFKB2 -- MDM2 -- CHUK -- RPS6KA5 -- FAS -- EIF4G2 -- HIP1 -- CDK4 -- CDK6 -- CASP10 -- PSEN1 -- BAD -- SOD1 -- HNRNPK -- RPA4 -- SMPD1 -- TNIK -- CDKN1A -- PSIP1 -- BRCA1 -- CDKN2A -- BBC3 -- BCL2L11 -- PELP1 -- BAX -- BAK1 -- BID -- PCNA -- PLAC8 -- CASP9 -- RANGAP1
69,SMURF2 -- TNFRSF1B -- RIPK1 -- TP53 -- NFKB1 -- STAT1 -- BIRC2 -- BIRC3 -- SIRT1 -- FASLG -- RB1 -- TRAF1 -- MAPK14 -- PTMA -- RHOA -- TGFB2 -- RELA -- FADD -- RAC1 -- IGF1 -- VEGFA -- TGFB1 -- TRADD -- TNFRSF10B -- KRT18 -- DAB2IP -- E2F1 -- PPP1R13L -- IRF1 -- NFKBIA -- MYB -- CASP8 -- OTUD7B -- RNF11 -- PARP1 -- PSEN1 -- SOD1 -- RPA4 -- CASP7 -- SMPD1 -- TNIK -- BRCA1 -- BCL2L11 -- PELP1 -- BAX -- EIF4E -- BID -- FOXM1 -- CTBP1 -- RBL1 -- PCNA -- PLAC8 -- CASP9 -- CCNG1 -- DIABLO -- ALPI
70,TNFRSF1A -- TNF -- RIPK1 -- MAPK8 -- JUN -- BIRC3 -- FASLG -- RB1 -- EP300 -- CCND1 -- MAPK14 -- PTMA -- NR3C1 -- TGFB2 -- FADD -- RAC1 -- MAP2K7 -- IGF1 -- VEGFA -- MAP3K14 -- TRADD -- MAPK1 -- TRAF2 -- TNFRSF10B -- KRT18 -- AKT1 -- CASP2 -- E2F1 -- MDM2 -- CHUK -- LYN -- IRF1 -- HTRA2 -- NFKBIA -- MYB -- CASP8 -- CDK4 -- CASP10 -- RPA4 -- BCL2L1 -- CASP7 -- RBL2 -- HTT -- BRCA1 -- BBC3 -- BAX -- BAK1 -- EIF4E -- MCL1 -- CTBP1 -- PCNA -- CCNG1 -- RANGAP1
71,TNFRSF1A -- TNF -- TNFRSF1B -- RIPK1 -- TP53 -- MAPK8 -- FOS -- BIRC2 -- EP300 -- TRAF1 -- MAPK14 -- IL2 -- FADD -- RAC1 -- MAP3K1 -- MAP3K14 -- MAPK1 -- TNFRSF10B -- CASP3 -- KRT18 -- ATM -- NFKB2 -- E2F1 -- MDM2 -- CHUK -- TRAF6 -- PPP1R13L -- LYN -- IRF1 -- FAS -- EIF4G2 -- HTRA2 -- NFKBIA -- BCL2 -- CASP8 -- CDK4 -- OTUD7B -- RNF11 -- PARP1 -- BAD -- HNRNPK -- RPA4 -- CASP7 -- TNIK -- CDKN1A -- BCL2L11 -- PELP1 -- BAX -- BAK1 -- EIF4E -- CTBP1 -- RBL1 -- TAF1 -- PLAC8 -- CCNG1 -- DIABLO -- APAF1 -- ALPI -- RANGAP1
72,SMURF2 -- RIPK1 -- TP53 -- JUN -- FOS -- SIRT1 -- EP300 -- CCND1 -- CFLAR -- MAPK14 -- PTMA -- NR3C1 -- IL2 -- RAC1 -- IGF1 -- VEGFA -- TGFB1 -- MAP3K14 -- TRADD -- TNFRSF10B -- AKT1 -- ATM -- NFKB2 -- E2F1 -- MDM2 -- RPS6KA5 -- MAPK3 -- MAPK9 -- FAS -- EIF4G2 -- HTRA2 -- NFKBIA -- MYB -- BCL2 -- CASP8 -- CDK4 -- CDK6 -- CASP10 -- SOD1 -- HNRNPK -- TNIK -- RBL2 -- CDKN1A -- BBC3 -- EIF4E -- BID -- FOXM1 -- TFDP1 -- MCL1 -- CTBP1 -- RBL1 -- TAF1 -- PLAC8 -- CASP9 -- DIABLO -- APAF1 -- RANGAP1
73,TNFRSF1A -- TNF -- TNFRSF1B -- MAPK8 -- JUN -- FOS -- BIRC2 -- BIRC3 -- FASLG -- RB1 -- EP300 -- CCND1 -- TRAF1 -- PTMA -- RHOA -- RELA -- FADD -- RAC1 -- MAP2K7 -- MAP3K1 -- IGF1 -- VEGFA -- TGFB1 -- MAP3K14 -- RET -- TRADD -- TRAF2 -- TNFRSF10B -- CASP2 -- CHUK -- RPS6KA5 -- MAPK3 -- PPP1R13L -- LYN -- FAS -- HTRA2 -- NFKBIA -- CYCS -- CASP8 -- OTUD7B -- RNF11 -- SOD1 -- HNRNPK -- RPA4 -- TNIK -- RBL2 -- CDKN1A -- PSIP1 -- BRCA1 -- CDKN2A -- BBC3 -- BCL2L11 -- PELP1 -- BAX -- BAK1 -- EIF4E -- MCL1 -- RBL1 -- PCNA -- TAF1 -- DIABLO -- ALPI -- RASSF1
74,SMURF2 -- TNF -- TNFRSF1B -- NFKB1 -- JUN -- BIRC3 -- SIRT1 -- RB1 -- TNFAIP3 -- EP300 -- CCND1 -- CFLAR -- MAPK14 -- PTMA -- TGFB2 -- RELA -- MAP2K7 -- IGF1 -- MAP3K14 -- TRADD -- MAPK1 -- CASP3 -- ATM -- DAB2IP -- NFKB2 -- CASP2 -- MDM2 -- TRAF6 -- PPP1R13L -- IRF1 -- FAS -- HTRA2 -- NFKBIA -- CYCS -- CDK4 -- CDK6 -- RNF11 -- PARP1 -- BAD -- HNRNPK -- RPA4 -- BCL2L1 -- TNIK -- RBL2 -- CDKN1A -- HTT -- PSIP1 -- BRCA1 -- CDKN2A -- BBC3 -- BCL2L11 -- PELP1 -- BAX -- BAK1 -- BID -- FOXM1 -- CTBP1 -- RBL1 -- PCNA -- RANGAP1
75,TNF -- TP53 -- NFKB1 -- STAT1 -- FOS -- SIRT1 -- CFLAR -- MAPK14 -- PTMA -- NR3C1 -- TGFB2 -- FADD -- RAC1 -- IGF1 -- MAP3K14 -- MAPK1 -- TNFRSF10B -- KRT18 -- ATM -- NFKB2 -- CASP2 -- E2F1 -- MDM2 -- MAPK3 -- MAPK9 -- IRF1 -- HTRA2 -- MYB -- CYCS -- HIP1 -- CDK6 -- OTUD7B -- CASP10 -- PARP1 -- HNRNPK -- RPA4 -- BCL2L1 -- CASP7 -- HTT -- BRCA1 -- PELP1 -- BID -- MCL1 -- RBL1 -- TAF1 -- CASP9 -- CCNG1 -- DIABLO -- ALPI -- RASSF1 -- RANGAP1
76,SMURF2 -- TNFRSF1B -- TP53 -- BIRC2 -- BIRC3 -- SIRT1 -- RB1 -- TNFAIP3 -- CFLAR -- MAPK14 -- NR3C1 -- FADD -- RAC1 -- IGF1 -- VEGFA -- RET -- TRADD -- MAPK1 -- TRAF2 -- KRT18 -- DAB2IP -- NFKB2 -- RPS6KA5 -- MAPK9 -- IRF1 -- FAS -- NFKBIA -- MYB -- CYCS -- HIP1 -- BCL2 -- CDK4 -- CDK6 -- OTUD7B -- RNF11 -- PARP1 -- PSEN1 -- BAD -- HNRNPK -- BCL2L1 -- CASP7 -- SMPD1 -- CDKN1A -- BRCA1 -- CDKN2A -- BBC3 -- BAX -- BAK1 -- BID -- TFDP1 -- MCL1 -- CTBP1 -- RBL1 -- PCNA -- DIABLO -- ALPI
77,TNF -- TNFRSF1B -- MAPK8 -- STAT1 -- BIRC2 -- BIRC3 -- SIRT1 -- FASLG -- TNFAIP3 -- CCND1 -- CFLAR -- TRAF1 -- RHOA -- IL2 -- RELA -- FADD -- IGF1 -- TGFB1 -- TRADD -- MAPK1 -- AKT1 -- ATM -- CHUK -- RPS6KA5 -- TRAF6 -- MAPK9 -- LYN -- HTRA2 -- BCL2 -- CASP8 -- CDK4 -- CASP10 -- PARP1 -- PSEN1 -- SOD1 -- BCL2L1 -- TNIK -- RBL2 -- CDKN1A -- HTT -- BRCA1 -- BAX -- BID -- MCL1 -- CTBP1 -- APAF1 -- ALPI -- RASSF1 -- RANGAP1
78,TNFRSF1A -- TNFRSF1B -- TP53 -- NFKB1 -- JUN -- BIRC2 -- BIRC3 -- SIRT1 -- MYC -- RB1 -- EP300 -- TRAF1 -- PTMA -- RELA -- FADD -- RAC1 -- MAP2K7 -- VEGFA -- TGFB1 -- MAP3K14 -- TRADD -- MAPK1 -- TRAF2 -- TNFRSF10B -- ATM -- DAB2IP -- CASP2 -- E2F1 -- MDM2 -- CHUK -- RPS6KA5 -- TRAF6 -- PPP1R13L -- MAPK9 -- CYCS -- HIP1 -- BCL2 -- CASP8 -- CDK6 -- BAD -- SOD1 -- HNRNPK -- RPA4 -- BCL2L1 -- CASP7 -- RBL2 -- CDKN1A -- HTT -- BBC3 -- PELP1 -- BAK1 -- EIF4E -- BID -- TFDP1 -- MCL1 -- RBL1 -- PCNA -- TAF1 -- PLAC8 -- CASP9 -- CCNG1 -- ALPI
79,TNFRSF1A -- SMURF2 -- NFKB1 -- FOS -- BIRC2 -- BIRC3 -- FASLG -- MYC -- TNFAIP3 -- EP300 -- CCND1 -- CFLAR -- MAPK14 -- TGFB2 -- IL2 -- RELA -- IGF1 -- VEGFA -- TGFB1 -- MAP3K14 -- RET -- TRAF2 -- AKT1 -- ATM -- DAB2IP -- NFKB2 -- MDM2 -- RPS6KA5 -- MAPK3 -- FAS -- EIF4G2 -- NFKBIA -- MYB -- BCL2 -- CDK6 -- PARP1 -- HNRNPK -- SMPD1 -- CDKN1A -- BRCA1 -- BBC3 -- BCL2L11 -- BAX -- EIF4E -- BID -- FOXM1 -- PCNA -- TAF1 -- PLAC8 -- CCNG1 -- RASSF1 -- RANGAP1
80,TNFRSF1A -- TNFRSF1B -- MAPK8 -- STAT1 -- SIRT1 -- RB1 -- TNFAIP3 -- CFLAR -- MAPK14 -- TGFB2 -- MAP2K7 -- MAP3K1 -- VEGFA -- TGFB1 -- TRAF2 -- CASP3 -- NFKB2 -- CHUK -- RPS6KA5 -- TRAF6 -- PPP1R13L -- MAPK9 -- FAS -- HTRA2 -- NFKBIA -- MYB -- BCL2 -- CDK4 -- CDK6 -- OTUD7B -- PSEN1 -- SOD1 -- RPA4 -- CASP7 -- SMPD1 -- TNIK -- RBL2 -- CDKN1A -- HTT -- BRCA1 -- CDKN2A -- BCL2L11 -- BAK1 -- BID -- TFDP1 -- MCL1 -- PCNA -- TAF1 -- CCNG1 -- DIABLO -- ALPI -- RASSF1
81,TNFRSF1A -- SMURF2 -- RIPK1 -- TP53 -- NFKB1 -- MAPK8 -- STAT1 -- FOS -- BIRC2 -- SIRT1 -- EP300 -- CCND1 -- CFLAR -- TRAF1 -- MAPK14 -- TGFB2 -- IL2 -- FADD -- MAP2K7 -- TGFB1 -- MAP3K14 -- TRAF2 -- CASP3 -- AKT1 -- NFKB2 -- E2F1 -- CHUK -- MAPK3 -- TRAF6 -- PPP1R13L -- MAPK9 -- IRF1 -- FAS -- EIF4G2 -- HTRA2 -- NFKBIA -- HIP1 -- BCL2 -- CASP8 -- PSEN1 -- RPA4 -- CASP7 -- SMPD1 -- CDKN1A -- BBC3 -- BAX -- FOXM1 -- TFDP1 -- MCL1 -- CTBP1 -- RBL1 -- CASP9 -- CCNG1
82,TP53 -- MAPK8 -- STAT1 -- JUN -- BIRC3 -- FASLG -- RB1 -- TNFAIP3 -- MAPK14 -- RHOA -- IL2 -- RELA -- RAC1 -- IGF1 -- VEGFA -- TGFB1 -- MAP3K14 -- CASP3 -- DAB2IP -- CASP2 -- CHUK -- MAPK3 -- TRAF6 -- MAPK9 -- LYN -- IRF1 -- FAS -- CYCS -- BCL2 -- CASP8 -- OTUD7B -- PARP1 -- PSEN1 -- HNRNPK -- CASP7 -- HTT -- CDKN2A -- PELP1 -- BID -- FOXM1 -- MCL1 -- TAF1 -- PLAC8 -- CASP9 -- DIABLO -- ALPI -- RANGAP1
83,TNFRSF1A -- TNF -- MAPK8 -- STAT1 -- JUN -- FOS -- BIRC2 -- BIRC3 -- SIRT1 -- FASLG -- MYC -- TNFAIP3 -- EP300 -- CCND1 -- CFLAR -- MAPK14 -- RHOA -- NR3C1 -- TGFB2 -- IL2 -- RELA -- MAP2K7 -- MAP3K1 -- IGF1 -- RET -- TRADD -- TRAF2 -- TNFRSF10B -- CASP3 -- KRT18 -- AKT1 -- NFKB2 -- CASP2 -- E2F1 -- MDM2 -- RPS6KA5 -- MAPK3 -- TRAF6 -- IRF1 -- EIF4G2 -- HTRA2 -- NFKBIA -- CYCS -- BCL2 -- CDK4 -- OTUD7B -- RNF11 -- CASP10 -- PSEN1 -- BCL2L1 -- SMPD1 -- CDKN1A -- HTT -- CDKN2A -- PELP1 -- BAK1 -- TFDP1 -- CTBP1 -- CASP9 -- CCNG1 -- APAF1 -- RASSF1
84,TNFRSF1A -- SMURF2 -- TNFRSF1B -- RIPK1 -- NFKB1 -- STAT1 -- JUN -- BIRC3 -- TNFAIP3 -- EP300 -- CCND1 -- MAPK14 -- NR3C1 -- IL2 -- RELA -- IGF1 -- TGFB1 -- MAP3K14 -- RET -- TRADD -- TRAF2 -- CASP3 -- KRT18 -- CASP2 -- MDM2 -- MAPK3 -- PPP1R13L -- LYN -- IRF1 -- FAS -- EIF4G2 -- HIP1 -- BCL2 -- OTUD7B -- CASP10 -- HNRNPK -- CASP7 -- HTT -- PSIP1 -- CDKN2A -- BBC3 -- BCL2L11 -- PELP1 -- EIF4E -- BID -- FOXM1 -- TFDP1 -- MCL1 -- CTBP1 -- RBL1 -- PCNA -- PLAC8 -- CCNG1 -- ALPI
85,TNF -- TP53 -- NFKB1 -- FOS -- SIRT1 -- RB1 -- TNFAIP3 -- EP300 -- TRAF1 -- PTMA -- RHOA -- NR3C1 -- TGFB2 -- IL2 -- RELA -- FADD -- RAC1 -- MAP3K1 -- IGF1 -- TRADD -- MAPK1 -- CASP3 -- ATM -- DAB2IP -- NFKB2 -- MDM2 -- CHUK -- RPS6KA5 -- TRAF6 -- FAS -- NFKBIA -- BCL2 -- CDK4 -- CDK6 -- OTUD7B -- BAD -- HNRNPK -- RBL2 -- CDKN1A -- HTT -- BRCA1 -- CDKN2A -- BCL2L11 -- EIF4E -- FOXM1 -- TFDP1 -- MCL1 -- CTBP1 -- RBL1 -- CASP9 -- CCNG1
86,TNFRSF1B -- RIPK1 -- TP53 -- NFKB1 -- STAT1 -- JUN -- BIRC2 -- BIRC3 -- FASLG -- CCND1 -- CFLAR -- TRAF1 -- MAPK14 -- NR3C1 -- IL2 -- RELA -- FADD -- RAC1 -- VEGFA -- TGFB1 -- MAP3K14 -- RET -- TRADD -- MAPK1 -- TRAF2 -- CASP3 -- ATM -- DAB2IP -- CASP2 -- E2F1 -- LYN -- FAS -- NFKBIA -- MYB -- HIP1 -- BCL2 -- CASP8 -- CDK4 -- CDK6 -- OTUD7B -- CASP10 -- PARP1 -- PSEN1 -- SOD1 -- RPA4 -- CASP7 -- SMPD1 -- CDKN1A -- PELP1 -- BAK1 -- BID -- FOXM1 -- CCNG1 -- DIABLO -- APAF1 -- ALPI -- RANGAP1
87,TNFRSF1A -- TNFRSF1B -- RIPK1 -- NFKB1 -- MAPK8 -- JUN -- BIRC2 -- FASLG -- MYC -- RB1 -- EP300 -- CCND1 -- CFLAR -- TGFB2 -- IL2 -- RELA -- RAC1 -- MAP2K7 -- MAP3K1 -- TRADD -- MAPK1 -- CASP3 -- KRT18 -- NFKB2 -- CASP2 -- E2F1 -- CHUK -- RPS6KA5 -- MAPK3 -- TRAF6 -- LYN -- IRF1 -- HTRA2 -- NFKBIA -- HIP1 -- CASP8 -- CDK4 -- CASP10 -- PSEN1 -- BAD -- RPA4 -- CASP7 -- RBL2 -- PSIP1 -- BRCA1 -- CDKN2A -- BBC3 -- BAX -- BAK1 -- RBL1 -- TAF1 -- CASP9 -- CCNG1 -- APAF1 -- ALPI -- RASSF1 -- RANGAP1
88,TNFRSF1A -- SMURF2 -- NFKB1 -- BIRC3 -- SIRT1 -- FASLG -- MYC -- TNFAIP3 -- PTMA -- NR3C1 -- TGFB2 -- RELA -- FADD -- VEGFA -- TRADD -- MAPK1 -- TRAF2 -- TNFRSF10B -- CASP3 -- ATM -- MDM2 -- CHUK -- TRAF6 -- LYN -- MYB -- CYCS -- HIP1 -- CASP8 -- CDK4 -- OTUD7B -- BAD -- SOD1 -- HNRNPK -- RPA4 -- BCL2L1 -- SMPD1 -- HTT -- CDKN2A -- EIF4E -- MCL1 -- PCNA -- PLAC8 -- CASP9 -- CCNG1 -- DIABLO -- RASSF1 -- RANGAP1
89,TNFRSF1A -- SMURF2 -- TP53 -- MAPK8 -- JUN -- FOS -- BIRC3 -- FASLG -- RB1 -- TNFAIP3 -- EP300 -- CCND1 -- CFLAR -- MAPK14 -- RHOA -- NR3C1 -- TGFB2 -- IL2 -- IGF1 -- MAPK1 -- TRAF2 -- CASP3 -- KRT18 -- AKT1 -- ATM -- E2F1 -- CHUK -- RPS6KA5 -- MAPK3 -- TRAF6 -- PPP1R13L -- MAPK9 -- LYN -- IRF1 -- FAS -- EIF4G2 -- NFKBIA -- MYB -- HIP1 -- BCL2 -- CASP8 -- CDK4 -- OTUD7B -- PARP1 -- PSEN1 -- BCL2L1 -- TNIK -- CDKN1A -- HTT -- PSIP1 -- CDKN2A -- BCL2L11 -- PELP1 -- BAX -- BAK1 -- FOXM1 -- CTBP1 -- PLAC8 -- CASP9 -- RASSF1
90,SMURF2 -- RIPK1 -- MAPK8 -- STAT1 -- BIRC2 -- SIRT1 -- RB1 -- PTMA -- FADD -- RAC1 -- MAP2K7 -- MAP3K1 -- IGF1 -- MAP3K14 -- RET -- TRAF2 -- KRT18 -- AKT1 -- ATM -- NFKB2 -- CASP2 -- MDM2 -- CHUK -- RPS6KA5 -- TRAF6 -- IRF1 -- FAS -- HTRA2 -- NFKBIA -- CYCS -- HIP1 -- CASP8 -- CDK4 -- CDK6 -- CASP10 -- BAD -- SOD1 -- RPA4 -- CASP7 -- SMPD1 -- TNIK -- CDKN1A -- PSIP1 -- PELP1 -- BAK1 -- BID -- FOXM1 -- TAF1 -- CASP9 -- ALPI -- RASSF1 -- RANGAP1
91,SMURF2 -- TNF -- MAPK8 -- STAT1 -- FOS -- BIRC3 -- SIRT1 -- TNFAIP3 -- TRAF1 -- NR3C1 -- IL2 -- FADD -- RAC1 -- VEGFA -- TRADD -- TRAF2 -- CASP3 -- KRT18 -- ATM -- DAB2IP -- CASP2 -- E2F1 -- MDM2 -- PPP1R13L -- IRF1 -- FAS -- NFKBIA -- CYCS -- HIP1 -- BCL2 -- CASP8 -- CDK4 -- RNF11 -- PARP1 -- SOD1 -- BCL2L1 -- CASP7 -- RBL2 -- CDKN1A -- HTT -- PSIP1 -- BBC3 -- BAX -- BAK1 -- BID -- TFDP1 -- MCL1 -- CTBP1 -- RBL1 -- PCNA -- TAF1 -- CASP9 -- RASSF1
92,TNFRSF1B -- TP53 -- NFKB1 -- STAT1 -- JUN -- BIRC3 -- SIRT1 -- RB1 -- CCND1 -- TRAF1 -- MAPK14 -- NR3C1 -- IL2 -- MAP2K7 -- IGF1 -- TGFB1 -- MAP3K14 -- TRADD -- MAPK1 -- TRAF2 -- CASP3 -- AKT1 -- DAB2IP -- NFKB2 -- CASP2 -- E2F1 -- CHUK -- LYN -- FAS -- EIF4G2 -- NFKBIA -- MYB -- CDK4 -- CDK6 -- OTUD7B -- CASP10 -- PARP1 -- PSEN1 -- BAD -- TNIK -- CDKN1A -- HTT -- BRCA1 -- BBC3 -- PELP1 -- BAX -- BAK1 -- BID -- FOXM1 -- TFDP1 -- MCL1 -- TAF1 -- PLAC8 -- DIABLO -- ALPI -- RANGAP1
93,SMURF2 -- TNFRSF1B -- STAT1 -- JUN -- BIRC2 -- BIRC3 -- FASLG -- EP300 -- TRAF1 -- MAPK14 -- RHOA -- IL2 -- FADD -- MAP2K7 -- MAP3K1 -- IGF1 -- VEGFA -- TGFB1 -- MAP3K14 -- TRADD -- MAPK1 -- AKT1 -- DAB2IP -- CASP2 -- E2F1 -- MDM2 -- RPS6KA5 -- MAPK3 -- LYN -- EIF4G2 -- NFKBIA -- HIP1 -- CASP8 -- CDK4 -- CDK6 -- OTUD7B -- RNF11 -- PARP1 -- PSEN1 -- BAD -- RPA4 -- CASP7 -- SMPD1 -- RBL2 -- HTT -- PSIP1 -- CDKN2A -- BBC3 -- BCL2L11 -- BAX -- EIF4E -- BID -- FOXM1 -- TFDP1 -- RBL1 -- CASP9 -- CCNG1 -- APAF1 -- ALPI
94,TNFRSF1A -- RIPK1 -- TP53 -- NFKB1 -- FOS -- BIRC2 -- BIRC3 -- SIRT1 -- FASLG -- RB1 -- CCND1 -- TRAF1 -- PTMA -- RHOA -- NR3C1 -- TGFB2 -- VEGFA -- MAP3K14 -- RET -- AKT1 -- NFKB2 -- CHUK -- TRAF6 -- PPP1R13L -- FAS -- CASP8 -- OTUD7B -- PARP1 -- PSEN1 -- BAD -- RPA4 -- BCL2L1 -- CASP7 -- SMPD1 -- TNIK -- RBL2 -- CDKN1A -- HTT -- PSIP1 -- BRCA1 -- CDKN2A -- BBC3 -- BCL2L11 -- PELP1 -- BAX -- BID -- FOXM1 -- MCL1 -- PCNA -- TAF1 -- CASP9 -- APAF1 -- ALPI -- RANGAP1
95,TNF -- NFKB1 -- MAPK8 -- STAT1 -- JUN -- BIRC3 -- MYC -- EP300 -- CCND1 -- IL2 -- RELA -- FADD -- RAC1 -- MAP3K1 -- RET -- MAPK1 -- TRAF2 -- CASP3 -- AKT1 -- ATM -- NFKB2 -- CASP2 -- E2F1 -- CHUK -- RPS6KA5 -- MAPK9 -- LYN -- FAS -- HTRA2 -- NFKBIA -- MYB -- BCL2 -- CDK4 -- CDK6 -- CASP10 -- PARP1 -- PSEN1 -- RPA4 -- CASP7 -- CDKN1A -- CDKN2A -- BCL2L11 -- PELP1 -- BAX -- CTBP1 -- TAF1 -- PLAC8 -- CCNG1 -- APAF1 -- RANGAP1
96,RIPK1 -- TP53 -- NFKB1 -- STAT1 -- BIRC3 -- MYC -- TNFAIP3 -- EP300 -- PTMA -- NR3C1 -- RELA -- FADD -- MAP2K7 -- MAP3K1 -- IGF1 -- VEGFA -- RET -- TRAF2 -- TNFRSF10B -- KRT18 -- DAB2IP -- NFKB2 -- CASP2 -- E2F1 -- MDM2 -- TRAF6 -- IRF1 -- FAS -- HTRA2 -- NFKBIA -- MYB -- CYCS -- CDK4 -- CDK6 -- OTUD7B -- RNF11 -- SOD1 -- HNRNPK -- CASP7 -- TNIK -- RBL2 -- HTT -- PSIP1 -- BCL2L11 -- TFDP1 -- MCL1 -- CTBP1 -- APAF1
97,TNFRSF1A -- TP53 -- JUN -- BIRC2 -- BIRC3 -- SIRT1 -- RB1 -- TNFAIP3 -- EP300 -- CFLAR -- RHOA -- NR3C1 -- IL2 -- RELA -- FADD -- MAP2K7 -- IGF1 -- TGFB1 -- TRADD -- MAPK1 -- KRT18 -- AKT1 -- ATM -- DAB2IP -- NFKB2 -- CASP2 -- MDM2 -- MAPK9 -- IRF1 -- EIF4G2 -- HTRA2 -- NFKBIA -- CYCS -- HIP1 -- CASP8 -- CDK4 -- CDK6 -- RNF11 -- CASP10 -- PARP1 -- PSEN1 -- SOD1 -- HNRNPK -- RPA4 -- BCL2L1 -- TNIK -- HTT -- PSIP1 -- BBC3 -- PELP1 -- BAX -- BAK1 -- EIF4E -- FOXM1 -- MCL1 -- CTBP1 -- PLAC8 -- DIABLO
98,TNF -- TNFRSF1B -- MAPK8 -- JUN -- FOS -- BIRC3 -- SIRT1 -- FASLG -- MYC -- CFLAR -- PTMA -- RHOA -- TGFB2 -- IL2 -- RELA -- MAP2K7 -- MAP3K1 -- IGF1 -- VEGFA -- TGFB1 -- MAP3K14 -- RET -- TRAF2 -- TNFRSF10B -- CASP3 -- AKT1 -- ATM -- NFKB2 -- CASP2 -- MDM2 -- RPS6KA5 -- LYN -- IRF1 -- HTRA2 -- MYB -- HIP1 -- BCL2 -- CDK6 -- BAD -- SOD1 -- TNIK -- RBL2 -- HTT -- PSIP1 -- BRCA1 -- BBC3 -- BAX -- BAK1 -- EIF4E -- BID -- FOXM1 -- MCL1 -- CTBP1 -- RBL1 -- PCNA -- PLAC8 -- CASP9 -- CCNG1 -- RASSF1 -- RANGAP1
99,SMURF2 -- TNF -- NFKB1 -- MAPK8 -- STAT1 -- JUN -- FOS -- BIRC3 -- RB1 -- CCND1 -- CFLAR -- PTMA -- TGFB2 -- IL2 -- RELA -- FADD -- MAP2K7 -- TGFB1 -- MAPK1 -- TNFRSF10B -- CASP3 -- KRT18 -- DAB2IP -- E2F1 -- MDM2 -- CHUK -- MAPK3 -- TRAF6 -- PPP1R13L -- MAPK9 -- FAS -- CYCS -- HIP1 -- BCL2 -- CASP8 -- CDK6 -- PSEN1 -- HNRNPK -- RBL2 -- PSIP1 -- BRCA1 -- BCL2L11 -- PELP1 -- BAK1 -- TFDP1 -- MCL1 -- CTBP1 -- PCNA -- TAF1 -- PLAC8 -- CASP9 -- CCNG1 -- DIABLO -- APAF1 -- RASSF1
100,TNFRSF1B -- RIPK1 -- TP53 -- STAT1 -- JUN -- FOS -- BIRC2 -- BIRC3 -- MYC -- TNFAIP3 -- EP300 -- CCND1 -- CFLAR -- MAPK14 -- PTMA -- TGFB2 -- FADD -- IGF1 -- TGFB1 -- MAP3K14 -- MAPK1 -- CASP3 -- AKT1 -- ATM -- DAB2IP -- NFKB2 -- MDM2 -- MAPK3 -- TRAF6 -- LYN -- IRF1 -- CYCS -- HIP1 -- BCL2 -- CASP8 -- CDK4 -- OTUD7B -- RNF11 -- PSEN1 -- HNRNPK -- BCL2L1 -- SMPD1 -- TNIK -- RBL2 -- CDKN1A -- PSIP1 -- BRCA1 -- BCL2L11 -- PELP1 -- BAK1 -- EIF4E -- BID -- FOXM1 -- PLAC8 -- CCNG1 -- RASSF1 -- RANGAP1
101,TNFRSF1A -- TNF -- NFKB1 -- STAT1 -- BIRC2 -- BIRC3 -- SIRT1 -- FASLG -- MYC -- RB1 -- TNFAIP3 -- CCND1 -- CFLAR -- MAPK14 -- RHOA -- NR3C1 -- FADD -- IGF1 -- VEGFA -- MAP3K14 -- RET -- TRADD -- TRAF2 -- CASP3 -- KRT18 -- ATM -- DAB2IP -- NFKB2 -- E2F1 -- CHUK -- RPS6KA5 -- PPP1R13L -- LYN -- FAS -- HTRA2 -- NFKBIA -- HIP1 -- BCL2 -- CDK4 -- PARP1 -- PSEN1 -- BAD -- HNRNPK -- RPA4 -- BCL2L1 -- CASP7 -- SMPD1 -- HTT -- CDKN2A -- BBC3 -- PELP1 -- BID -- FOXM1 -- TFDP1 -- MCL1 -- TAF1 -- DIABLO -- ALPI
102,TNF -- TNFRSF1B -- RIPK1 -- NFKB1 -- MAPK8 -- JUN -- FOS -- BIRC2 -- TNFAIP3 -- EP300 -- CCND1 -- MAPK14 -- PTMA -- RHOA -- TGFB2 -- IL2 -- RELA -- FADD -- VEGFA -- TGFB1 -- TRADD -- MAPK1 -- TRAF2 -- KRT18 -- AKT1 -- NFKB2 -- CASP2 -- E2F1 -- MDM2 -- CHUK -- RPS6KA5 -- MAPK3 -- TRAF6 -- PPP1R13L -- LYN -- EIF4G2 -- HTRA2 -- NFKBIA -- CYCS -- CASP8 -- CDK4 -- CDK6 -- RNF11 -- PARP1 -- PSEN1 -- SOD1 -- RPA4 -- CASP7 -- RBL2 -- BRCA1 -- BBC3 -- PELP1 -- BAX -- BID -- FOXM1 -- TFDP1 -- MCL1 -- CTBP1 -- PCNA -- PLAC8 -- CASP9 -- CCNG1 -- APAF1
103,TNFRSF1A -- TNF -- TP53 -- MAPK8 -- STAT1 -- BIRC2 -- BIRC3 -- SIRT1 -- FASLG -- RB1 -- EP300 -- CCND1 -- TRAF1 -- MAPK14 -- RHOA -- NR3C1 -- TGFB2 -- MAP2K7 -- MAP3K1 -- IGF1 -- VEGFA -- MAP3K14 -- TRAF2 -- TNFRSF10B -- AKT1 -- ATM -- NFKB2 -- MAPK3 -- TRAF6 -- MAPK9 -- LYN -- IRF1 -- FAS -- EIF4G2 -- NFKBIA -- HIP1 -- BCL2 -- CDK6 -- CASP10 -- PARP1 -- PSEN1 -- BCL2L1 -- SMPD1 -- TNIK -- CDKN1A -- PSIP1 -- CDKN2A -- BBC3 -- PELP1 -- BAX -- CTBP1 -- PCNA -- CASP9 -- CCNG1 -- APAF1 -- ALPI -- RASSF1
104,TNFRSF1B -- RIPK1 -- TP53 -- JUN -- SIRT1 -- FASLG -- TNFAIP3 -- EP300 -- TRAF1 -- RHOA -- NR3C1 -- TGFB2 -- IL2 -- RELA -- MAP3K1 -- IGF1 -- MAP3K14 -- RET -- TRADD -- MAPK1 -- TNFRSF10B -- CASP3 -- KRT18 -- NFKB2 -- PPP1R13L -- MAPK9 -- LYN -- FAS -- EIF4G2 -- NFKBIA -- HIP1 -- BCL2 -- CASP8 -- CDK4 -- PSEN1 -- RPA4 -- BCL2L1 -- TNIK -- RBL2 -- CDKN1A -- HTT -- BRCA1 -- CDKN2A -- BBC3 -- BCL2L11 -- PELP1 -- BAK1 -- EIF4E -- FOXM1 -- TFDP1 -- PLAC8 -- CASP9 -- APAF1 -- RANGAP1
105,TNFRSF1A -- SMURF2 -- MAPK8 -- STAT1 -- BIRC2 -- SIRT1 -- FASLG -- RB1 -- TNFAIP3 -- PTMA -- IL2 -- RELA -- MAP3K1 -- IGF1 -- TGFB1 -- RET -- TRADD -- MAPK1 -- TNFRSF10B -- CASP3 -- KRT18 -- AKT1 -- DAB2IP -- CASP2 -- E2F1 -- CHUK -- RPS6KA5 -- MAPK3 -- PPP1R13L -- IRF1 -- NFKBIA -- CYCS -- BCL2 -- CASP8 -- CDK6 -- RNF11 -- PSEN1 -- BAD -- HNRNPK -- RPA4 -- BCL2L1 -- CASP7 -- TNIK -- RBL2 -- CDKN1A -- PSIP1 -- CDKN2A -- BBC3 -- PELP1 -- BAX -- BAK1 -- BID -- FOXM1 -- TFDP1 -- MCL1 -- PLAC8 -- CASP9 -- DIABLO -- APAF1
106,TNFRSF1A -- SMURF2 -- RIPK1 -- MAPK8 -- BIRC2 -- SIRT1 -- FASLG -- RB1 -- TNFAIP3 -- CCND1 -- CFLAR -- TRAF1 -- RHOA -- TGFB2 -- MAP2K7 -- TGFB1 -- MAPK1 -- TNFRSF10B -- CASP3 -- KRT18 -- DAB2IP -- NFKB2 -- E2F1 -- CHUK -- RPS6KA5 -- TRAF6 -- MAPK9 -- FAS -- HTRA2 -- NFKBIA -- HIP1 -- CDK4 -- CDK6 -- RNF11 -- PARP1 -- BAD -- SOD1 -- HNRNPK -- BCL2L1 -- CASP7 -- TNIK -- RBL2 -- CDKN1A -- HTT -- CDKN2A -- BCL2L11 -- PELP1 -- BAX -- BAK1 -- FOXM1 -- MCL1 -- RBL1 -- PCNA -- CASP9 -- APAF1 -- RASSF1 -- RANGAP1
107,STAT1 -- FOS -- BIRC2 -- BIRC3 -- FASLG -- MYC -- EP300 -- CCND1 -- MAPK14 -- PTMA -- TGFB2 -- FADD -- RAC1 -- MAP2K7 -- IGF1 -- VEGFA -- CASP3 -- DAB2IP -- CASP2 -- MAPK3 -- PPP1R13L -- IRF1 -- EIF4G2 -- HTRA2 -- MYB -- CYCS -- HIP1 -- CASP8 -- CDK4 -- CASP10 -- PARP1 -- BAD -- SOD1 -- BCL2L1 -- CASP7 -- SMPD1 -- TNIK -- RBL2 -- CDKN1A -- BRCA1 -- PELP1 -- BAX -- BAK1 -- EIF4E -- BID -- FOXM1 -- MCL1 -- PCNA -- TAF1 -- PLAC8 -- CASP9 -- CCNG1 -- APAF1 -- ALPI -- RASSF1 -- RANGAP1
108,TNF -- TNFRSF1B -- RIPK1 -- TP53 -- NFKB1 -- MAPK8 -- STAT1 -- JUN -- FOS -- BIRC2 -- MYC -- RB1 -- TNFAIP3 -- EP300 -- TRAF1 -- PTMA -- RHOA -- IL2 -- FADD -- IGF1 -- VEGFA -- TGFB1 -- TRAF2 -- CASP3 -- AKT1 -- ATM -- NFKB2 -- MDM2 -- RPS6KA5 -- LYN -- HTRA2 -- HIP1 -- BCL2 -- CDK4 -- OTUD7B -- RNF11 -- CASP10 -- PARP1 -- BAD -- HNRNPK -- RPA4 -- CASP7 -- SMPD1 -- TNIK -- RBL2 -- HTT -- PSIP1 -- BRCA1 -- BBC3 -- BCL2L11 -- BAX -- EIF4E -- BID -- FOXM1 -- RBL1 -- PCNA -- TAF1 -- CASP9
109,TNFRSF1A -- SMURF2 -- TNF -- TNFRSF1B -- NFKB1 -- JUN -- FOS -- SIRT1 -- FASLG -- MYC -- TRAF1 -- MAPK14 -- PTMA -- RHOA -- TGFB2 -- IL2 -- FADD -- MAP2K7 -- IGF1 -- MAP3K14 -- TRADD -- MAPK1 -- TRAF2 -- TNFRSF10B -- AKT1 -- DAB2IP -- NFKB2 -- CASP2 -- E2F1 -- CHUK -- RPS6KA5 -- MAPK3 -- TRAF6 -- PPP1R13L -- FAS -- EIF4G2 -- NFKBIA -- MYB -- CYCS -- HIP1 -- BCL2 -- CDK6 -- OTUD7B -- RNF11 -- CASP10 -- PARP1 -- PSEN1 -- BAD -- SOD1 -- RPA4 -- BCL2L1 -- CASP7 -- TNIK -- HTT -- BBC3 -- BAK1 -- BID -- FOXM1 -- TFDP1 -- CTBP1 -- RBL1 -- PLAC8 -- APAF1
110,TNFRSF1B -- RIPK1 -- TP53 -- NFKB1 -- MAPK8 -- STAT1 -- JUN -- SIRT1 -- RB1 -- CCND1 -- PTMA -- NR3C1 -- TGFB2 -- RAC1 -- MAP3K1 -- IGF1 -- VEGFA -- TGFB1 -- MAP3K14 -- TRAF2 -- CASP3 -- KRT18 -- DAB2IP -- CASP2 -- MDM2 -- CHUK -- MAPK3 -- TRAF6 -- MAPK9 -- LYN -- IRF1 -- HTRA2 -- MYB -- CYCS -- BCL2 -- CDK4 -- CDK6 -- PSEN1 -- BAD -- BCL2L1 -- RBL2 -- CDKN1A -- CDKN2A -- BBC3 -- BCL2L11 -- PELP1 -- BAX -- BAK1 -- EIF4E -- BID -- MCL1 -- PCNA -- PLAC8 -- APAF1 -- ALPI -- RANGAP1
111,TNFRSF1A -- TNF -- TNFRSF1B -- RIPK1 -- MAPK8 -- BIRC3 -- RB1 -- TNFAIP3 -- EP300 -- CCND1 -- MAPK14 -- PTMA -- NR3C1 -- RELA -- FADD -- RAC1 -- MAP3K1 -- IGF1 -- TRADD -- TRAF2 -- TNFRSF10B -- CASP3 -- KRT18 -- ATM -- NFKB2 -- MDM2 -- CHUK -- RPS6KA5 -- MAPK3 -- TRAF6 -- PPP1R13L -- EIF4G2 -- HTRA2 -- CASP8 -- RNF11 -- CASP10 -- BAD -- SOD1 -- BCL2L1 -- RBL2 -- CDKN1A -- PSIP1 -- BBC3 -- PELP1 -- BID -- FOXM1 -- TFDP1 -- CTBP1 -- PCNA -- CASP9
112,TNF -- TNFRSF1B -- TP53 -- NFKB1 -- STAT1 -- JUN -- FOS -- BIRC2 -- BIRC3 -- FASLG -- RB1 -- EP300 -- CFLAR -- TGFB2 -- IL2 -- RELA -- FADD -- MAP3K1 -- IGF1 -- VEGFA -- TRADD -- TRAF2 -- TNFRSF10B -- KRT18 -- AKT1 -- ATM -- DAB2IP -- NFKB2 -- CASP2 -- E2F1 -- MAPK3 -- TRAF6 -- MAPK9 -- EIF4G2 -- HTRA2 -- NFKBIA -- MYB -- HIP1 -- CDK4 -- CDK6 -- RNF11 -- CASP10 -- PARP1 -- BAD -- HNRNPK -- CASP7 -- SMPD1 -- RBL2 -- CDKN1A -- BBC3 -- PELP1 -- BAX -- BID -- FOXM1 -- TFDP1 -- MCL1 -- PCNA -- CASP9 -- CCNG1 -- RASSF1 -- RANGAP1
113,TNFRSF1A -- TNF -- NFKB1 -- FOS -- BIRC2 -- BIRC3 -- SIRT1 -- MYC -- EP300 -- MAPK14 -- NR3C1 -- TGFB2 -- IL2 -- RELA -- FADD -- IGF1 -- TGFB1 -- MAP3K14 -- TRADD -- MAPK1 -- ATM -- DAB2IP -- E2F1 -- MDM2 -- CHUK -- TRAF6 -- MAPK9 -- IRF1 -- FAS -- EIF4G2 -- NFKBIA -- CYCS -- HIP1 -- CDK6 -- CASP10 -- PARP1 -- HNRNPK -- SMPD1 -- RBL2 -- HTT -- PSIP1 -- BCL2L11 -- PELP1 -- BAX -- BAK1 -- BID -- TFDP1 -- CTBP1 -- RBL1 -- TAF1 -- CCNG1 -- DIABLO -- APAF1 -- ALPI -- RASSF1 -- RANGAP1
114,TNFRSF1A -- SMURF2 -- NFKB1 -- JUN -- FOS -- BIRC3 -- MYC -- EP300 -- CCND1 -- MAPK14 -- PTMA -- RHOA -- NR3C1 -- TGFB2 -- FADD -- VEGFA -- TGFB1 -- MAP3K14 -- RET -- MAPK1 -- KRT18 -- NFKB2 -- CASP2 -- E2F1 -- RPS6KA5 -- TRAF6 -- PPP1R13L -- MAPK9 -- FAS -- HTRA2 -- NFKBIA -- MYB -- BCL2 -- CASP8 -- CDK6 -- OTUD7B -- PSEN1 -- BAD -- HNRNPK -- BCL2L1 -- RBL2 -- PSIP1 -- CDKN2A -- BCL2L11 -- BAX -- BAK1 -- FOXM1 -- TFDP1 -- MCL1 -- RBL1 -- ALPI
115,TNFRSF1A -- TNF -- TNFRSF1B -- RIPK1 -- NFKB1 -- MAPK8 -- STAT1 -- EP300 -- MAPK14 -- PTMA -- NR3C1 -- RELA -- RAC1 -- IGF1 -- VEGFA -- RET -- TRAF2 -- TNFRSF10B -- AKT1 -- E2F1 -- CHUK -- RPS6KA5 -- PPP1R13L -- MAPK9 -- HIP1 -- BCL2 -- CDK4 -- RNF11 -- PARP1 -- BAD -- HNRNPK -- CASP7 -- SMPD1 -- CDKN1A -- PSIP1 -- BCL2L11 -- PELP1 -- BAX -- FOXM1 -- TFDP1 -- MCL1 -- RBL1 -- TAF1 -- PLAC8 -- CASP9 -- DIABLO
116,TP53 -- NFKB1 -- STAT1 -- BIRC2 -- FASLG -- MYC -- RB1 -- TNFAIP3 -- CFLAR -- TRAF1 -- PTMA -- RHOA -- NR3C1 -- FADD -- MAP2K7 -- MAP3K14 -- RET -- TRADD -- MAPK1 -- TRAF2 -- TNFRSF10B -- KRT18 -- AKT1 -- ATM -- DAB2IP -- MDM2 -- CHUK -- MAPK9 -- LYN -- IRF1 -- FAS -- NFKBIA -- MYB -- CYCS -- HIP1 -- BCL2 -- CDK4 -- CDK6 -- SOD1 -- BCL2L1 -- SMPD1 -- TNIK -- CDKN1A -- HTT -- PSIP1 -- BBC3 -- BCL2L11 -- FOXM1 -- TFDP1 -- MCL1 -- RBL1 -- PLAC8 -- CCNG1 -- DIABLO -- APAF1
117,SMURF2 -- TNF -- TNFRSF1B -- TP53 -- NFKB1 -- STAT1 -- BIRC3 -- RB1 -- TNFAIP3 -- CFLAR -- TRAF1 -- MAPK14 -- PTMA -- RELA -- FADD -- MAP2K7 -- MAP3K1 -- IGF1 -- TGFB1 -- MAP3K14 -- TRAF2 -- CASP3 -- KRT18 -- ATM -- DAB2IP -- CASP2 -- E2F1 -- MDM2 -- TRAF6 -- IRF1 -- HTRA2 -- NFKBIA -- MYB -- HIP1 -- BCL2 -- CASP8 -- CDK6 -- PARP1 -- PSEN1 -- CDKN1A -- HTT -- BRCA1 -- EIF4E -- PCNA -- TAF1 -- CCNG1
118,TNF -- RIPK1 -- TP53 -- STAT1 -- JUN -- FOS -- SIRT1 -- MYC -- TNFAIP3 -- RHOA -- NR3C1 -- IL2 -- RELA -- MAP2K7 -- IGF1 -- VEGFA -- TGFB1 -- MAP3K14 -- CASP3 -- DAB2IP -- NFKB2 -- CASP2 -- CHUK -- PPP1R13L -- MAPK9 -- IRF1 -- FAS -- HTRA2 -- NFKBIA -- MYB -- CYCS -- HIP1 -- CDK6 -- OTUD7B -- CASP10 -- PARP1 -- BAD -- RPA4 -- SMPD1 -- TNIK -- CDKN1A -- HTT -- PSIP1 -- BRCA1 -- CDKN2A -- BBC3 -- BAX -- BAK1 -- EIF4E -- BID -- FOXM1 -- CTBP1 -- PCNA -- PLAC8 -- CASP9 -- CCNG1 -- ALPI -- RASSF1 -- RANGAP1
119,TNFRSF1A -- SMURF2 -- TNF -- TNFRSF1B -- RIPK1 -- TP53 -- NFKB1 -- MAPK8 -- FOS -- BIRC2 -- MYC -- RB1 -- EP300 -- TRAF1 -- MAPK14 -- RHOA -- TGFB2 -- RELA -- FADD -- RAC1 -- MAP2K7 -- IGF1 -- TGFB1 -- RET -- TRADD -- MAPK1 -- TNFRSF10B -- CASP3 -- KRT18 -- CASP2 -- E2F1 -- TRAF6 -- MAPK9 -- IRF1 -- FAS -- MYB -- CYCS -- HIP1 -- CASP8 -- RNF11 -- CASP10 -- RPA4 -- BCL2L1 -- HTT -- PSIP1 -- CDKN2A -- BCL2L11 -- FOXM1 -- CTBP1 -- RBL1 -- PCNA -- CCNG1 -- DIABLO -- ALPI -- RANGAP1
120,TNFRSF1A -- TNF -- TNFRSF1B -- RIPK1 -- MAPK8 -- STAT1 -- JUN -- MYC -- TNFAIP3 -- EP300 -- CCND1 -- TRAF1 -- PTMA -- RHOA -- FADD -- RAC1 -- MAP2K7 -- IGF1 -- TGFB1 -- TRADD -- MAPK1 -- TRAF2 -- CASP3 -- KRT18 -- DAB2IP -- CASP2 -- MDM2 -- TRAF6 -- PPP1R13L -- IRF1 -- EIF4G2 -- HTRA2 -- NFKBIA -- BCL2 -- CASP8 -- OTUD7B -- CASP10 -- PARP1 -- PSEN1 -- BAD -- HNRNPK -- RPA4 -- BCL2L1 -- SMPD1 -- TNIK -- RBL2 -- CDKN1A -- HTT -- PSIP1 -- BRCA1 -- BAK1 -- EIF4E -- FOXM1 -- TFDP1 -- MCL1 -- CTBP1 -- TAF1 -- PLAC8 -- CASP9 -- DIABLO -- APAF1 -- ALPI -- RASSF1 -- RANGAP1
121,TNF -- RIPK1 -- STAT1 -- FOS -- SIRT1 -- FASLG -- RB1 -- TNFAIP3 -- CCND1 -- CFLAR -- TRAF1 -- MAPK14 -- PTMA -- IL2 -- MAP2K7 -- MAP3K1 -- VEGFA -- MAP3K14 -- TRADD -- MAPK1 -- TRAF2 -- TNFRSF10B -- CASP3 -- AKT1 -- DAB2IP -- CASP2 -- E2F1 -- MDM2 -- RPS6KA5 -- MAPK3 -- TRAF6 -- PPP1R13L -- MAPK9 -- IRF1 -- FAS -- CYCS -- HIP1 -- CDK4 -- CDK6 -- OTUD7B -- CASP10 -- PARP1 -- PSEN1 -- BAD -- SOD1 -- HNRNPK -- SMPD1 -- RBL2 -- CDKN1A -- HTT -- CDKN2A -- BBC3 -- BCL2L11 -- BID -- FOXM1 -- MCL1 -- CTBP1 -- RBL1 -- TAF1 -- DIABLO -- APAF1
122,TNFRSF1A -- SMURF2 -- RIPK1 -- MAPK8 -- STAT1 -- JUN -- BIRC2 -- MYC -- MAPK14 -- TGFB2 -- IL2 -- RELA -- FADD -- RAC1 -- IGF1 -- VEGFA -- TGFB1 -- MAP3K14 -- RET -- TRADD -- CASP3 -- AKT1 -- ATM -- DAB2IP -- NFKB2 -- CASP2 -- E2F1 -- RPS6KA5 -- MAPK3 -- LYN -- IRF1 -- FAS -- EIF4G2 -- HTRA2 -- BCL2 -- CASP8 -- CDK4 -- CDK6 -- RNF11 -- HNRNPK -- RPA4 -- BCL2L1 -- CASP7 -- TNIK -- RBL2 -- CDKN1A -- BBC3 -- PELP1 -- BAX -- BAK1 -- EIF4E -- BID -- TFDP1 -- CCNG1 -- DIABLO -- ALPI -- RASSF1 -- RANGAP1
123,TNF -- TP53 -- STAT1 -- JUN -- BIRC2 -- BIRC3 -- SIRT1 -- MYC -- RB1 -- EP300 -- CCND1 -- CFLAR -- TRAF1 -- MAPK14 -- NR3C1 -- TGFB2 -- RELA -- RAC1 -- MAP3K1 -- TGFB1 -- RET -- MAPK1 -- CASP3 -- AKT1 -- DAB2IP -- NFKB2 -- MDM2 -- RPS6KA5 -- MAPK3 -- TRAF6 -- FAS -- HTRA2 -- CYCS -- BCL2 -- CDK4 -- CDK6 -- OTUD7B -- RNF11 -- CASP10 -- PSEN1 -- BCL2L1 -- CASP7 -- TNIK -- RBL2 -- CDKN2A -- PELP1 -- BID -- FOXM1 -- TFDP1 -- RBL1 -- PCNA -- TAF1 -- PLAC8 -- CASP9 -- CCNG1 -- DIABLO -- APAF1 -- ALPI
124,TNFRSF1A -- TP53 -- NFKB1 -- MAPK8 -- JUN -- BIRC3 -- FASLG -- RB1 -- TNFAIP3 -- CCND1 -- TRAF1 -- MAPK14 -- PTMA -- RHOA -- NR3C1 -- IL2 -- RELA -- FADD -- RAC1 -- MAP2K7 -- MAP3K1 -- IGF1 -- VEGFA -- MAP3K14 -- MAPK1 -- TRAF2 -- KRT18 -- AKT1 -- CASP2 -- E2F1 -- RPS6KA5 -- FAS -- HIP1 -- BCL2 -- CDK6 -- RNF11 -- CASP10 -- RPA4 -- BCL2L1 -- CASP7 -- SMPD1 -- TNIK -- CDKN1A -- HTT -- BRCA1 -- BBC3 -- BCL2L11 -- PELP1 -- BAX -- BAK1 -- BID -- CTBP1 -- RBL1 -- TAF1 -- PLAC8 -- CASP9 -- CCNG1 -- APAF1
125,TNFRSF1A -- TNF -- TNFRSF1B -- NFKB1 -- MAPK8 -- STAT1 -- JUN -- SIRT1 -- FASLG -- MYC -- RB1 -- TNFAIP3 -- EP300 -- CFLAR -- MAPK14 -- RHOA -- IL2 -- FADD -- MAP2K7 -- MAP3K1 -- VEGFA -- TGFB1 -- MAP3K14 -- TRADD -- MAPK1 -- TRAF2 -- KRT18 -- AKT1 -- NFKB2 -- E2F1 -- MDM2 -- CHUK -- RPS6KA5 -- PPP1R13L -- MAPK9 -- IRF1 -- EIF4G2 -- HTRA2 -- CYCS -- HIP1 -- RNF11 -- PARP1 -- SOD1 -- HNRNPK -- BCL2L1 -- CASP7 -- SMPD1 -- HTT -- CDKN2A -- BBC3 -- BCL2L11 -- FOXM1 -- MCL1 -- PLAC8 -- CASP9 -- CCNG1 -- DIABLO -- APAF1 -- RASSF1 -- RANGAP1
126,TNFRSF1A -- TNF -- NFKB1 -- MAPK8 -- STAT1 -- RB1 -- CCND1 -- CFLAR -- TRAF1 -- MAPK14 -- RHOA -- NR3C1 -- RELA -- MAP2K7 -- IGF1 -- VEGFA -- MAP3K14 -- MAPK1 -- TRAF2 -- KRT18 -- ATM -- NFKB2 -- RPS6KA5 -- FAS -- MYB -- HIP1 -- BCL2 -- CDK4 -- PARP1 -- PSEN1 -- BAD -- SOD1 -- BCL2L1 -- TNIK -- CDKN1A -- PSIP1 -- BCL2L11 -- BAX -- BAK1 -- EIF4E -- FOXM1 -- MCL1 -- CTBP1 -- RBL1 -- ALPI
127,TNFRSF1B -- RIPK1 -- TP53 -- NFKB1 -- MAPK8 -- JUN -- FOS -- SIRT1 -- MYC -- RB1 -- CFLAR -- MAPK14 -- RHOA -- IL2 -- RELA -- FADD -- RAC1 -- MAP3K14 -- TRADD -- MAPK1 -- TNFRSF10B -- CASP3 -- KRT18 -- ATM -- CASP2 -- CHUK -- RPS6KA5 -- MAPK3 -- TRAF6 -- PPP1R13L -- IRF1 -- EIF4G2 -- HTRA2 -- NFKBIA -- CYCS -- HIP1 -- CDK4 -- CDK6 -- CASP10 -- PSEN1 -- BAD -- HNRNPK -- RPA4 -- BCL2L1 -- RBL2 -- BRCA1 -- BAK1 -- EIF4E -- BID -- FOXM1 -- CTBP1 -- PCNA -- TAF1 -- CCNG1 -- APAF1 -- ALPI -- RASSF1 -- RANGAP1
128,TNFRSF1A -- TNF -- RIPK1 -- NFKB1 -- MAPK8 -- BIRC3 -- MYC -- IL2 -- FADD -- RAC1 -- MAP2K7 -- MAP3K1 -- IGF1 -- TGFB1 -- MAP3K14 -- TRAF2 -- TNFRSF10B -- CASP3 -- AKT1 -- ATM -- DAB2IP -- NFKB2 -- CASP2 -- E2F1 -- MDM2 -- CHUK -- MAPK3 -- TRAF6 -- MAPK9 -- LYN -- IRF1 -- FAS -- EIF4G2 -- HTRA2 -- MYB -- CYCS -- CDK4 -- CDK6 -- PARP1 -- PSEN1 -- SOD1 -- CASP7 -- TNIK -- RBL2 -- CDKN1A -- BRCA1 -- BBC3 -- BCL2L11 -- EIF4E -- FOXM1 -- MCL1 -- CTBP1 -- PLAC8 -- CASP9 -- CCNG1 -- DIABLO -- RASSF1
129,SMURF2 -- TNF -- RIPK1 -- TP53 -- NFKB1 -- MAPK8 -- STAT1 -- JUN -- FOS -- BIRC2 -- BIRC3 -- SIRT1 -- FASLG -- TNFAIP3 -- EP300 -- CCND1 -- MAPK14 -- PTMA -- TGFB2 -- IL2 -- RELA -- VEGFA -- RET -- ATM -- CASP2 -- E2F1 -- RPS6KA5 -- MAPK3 -- TRAF6 -- PPP1R13L -- FAS -- NFKBIA -- MYB -- HIP1 -- BCL2 -- CASP8 -- CDK4 -- CDK6 -- SOD1 -- CASP7 -- SMPD1 -- TNIK -- RBL2 -- HTT -- BCL2L11 -- PELP1 -- BAK1 -- EIF4E -- BID -- TFDP1 -- CTBP1 -- RBL1 -- PCNA -- TAF1 -- CASP9 -- APAF1 -- RASSF1 -- RANGAP1
130,TNFRSF1A -- SMURF2 -- STAT1 -- BIRC2 -- SIRT1 -- FASLG -- TNFAIP3 -- EP300 -- CCND1 -- TRAF1 -- MAPK14 -- NR3C1 -- FADD -- MAP3K1 -- IGF1 -- VEGFA -- TGFB1 -- MAP3K14 -- TRAF2 -- KRT18 -- NFKB2 -- CASP2 -- MDM2 -- CHUK -- MAPK3 -- TRAF6 -- PPP1R13L -- LYN -- HTRA2 -- NFKBIA -- HIP1 -- BCL2 -- CASP8 -- RNF11 -- PARP1 -- PSEN1 -- SOD1 -- HNRNPK -- RPA4 -- BCL2L1 -- SMPD1 -- RBL2 -- PSIP1 -- BRCA1 -- CDKN2A -- BBC3 -- PELP1 -- BAK1 -- FOXM1 -- CTBP1 -- PCNA -- TAF1 -- APAF1
131,TNFRSF1A -- TNF -- TNFRSF1B -- TP53 -- NFKB1 -- STAT1 -- FOS -- BIRC2 -- BIRC3 -- TNFAIP3 -- EP300 -- TRAF1 -- MAPK14 -- TGFB2 -- IL2 -- RELA -- FADD -- RAC1 -- MAP2K7 -- MAP3K1 -- MAP3K14 -- RET -- MAPK1 -- TRAF2 -- TNFRSF10B -- KRT18 -- ATM -- E2F1 -- CHUK -- TRAF6 -- MAPK9 -- EIF4G2 -- HTRA2 -- BCL2 -- CDK6 -- OTUD7B -- PARP1 -- PSEN1 -- SOD1 -- HNRNPK -- RPA4 -- BCL2L1 -- SMPD1 -- CDKN1A -- HTT -- PSIP1 -- BBC3 -- PELP1 -- BAX -- BID -- TFDP1 -- MCL1 -- RBL1 -- PCNA -- DIABLO -- APAF1 -- ALPI -- RASSF1 -- RANGAP1
132,TNFRSF1A -- SMURF2 -- TNF -- TNFRSF1B -- RIPK1 -- NFKB1 -- MAPK8 -- SIRT1 -- FASLG -- MYC -- CCND1 -- MAPK14 -- PTMA -- NR3C1 -- IL2 -- FADD -- RAC1 -- MAP2K7 -- MAP3K14 -- RET -- MAPK1 -- TNFRSF10B -- KRT18 -- DAB2IP -- E2F1 -- MDM2 -- CHUK -- RPS6KA5 -- TRAF6 -- PPP1R13L -- MAPK9 -- LYN -- EIF4G2 -- MYB -- CYCS -- HIP1 -- BCL2 -- CASP8 -- RNF11 -- PSEN1 -- BAD -- SOD1 -- RPA4 -- SMPD1 -- TNIK -- RBL2 -- CDKN1A -- PSIP1 -- BCL2L11 -- BAX -- BAK1 -- EIF4E -- FOXM1 -- MCL1 -- RBL1 -- PCNA -- APAF1 -- RASSF1
133,TNFRSF1A -- SMURF2 -- TNF -- TNFRSF1B -- RIPK1 -- TP53 -- NFKB1 -- MAPK8 -- FOS -- SIRT1 -- TNFAIP3 -- EP300 -- CFLAR -- PTMA -- NR3C1 -- TGFB2 -- IL2 -- RELA -- FADD -- RAC1 -- MAP2K7 -- IGF1 -- TRADD -- MAPK1 -- TNFRSF10B -- KRT18 -- DAB2IP -- NFKB2 -- MDM2 -- CHUK -- MAPK3 -- TRAF6 -- IRF1 -- NFKBIA -- HIP1 -- CDK4 -- RNF11 -- PARP1 -- PSEN1 -- CASP7 -- HTT -- BRCA1 -- CDKN2A -- BBC3 -- BCL2L11 -- PELP1 -- BAX -- BAK1 -- BID -- TFDP1 -- PCNA -- CASP9 -- CCNG1 -- RASSF1 -- RANGAP1
134,TNFRSF1A -- RIPK1 -- TP53 -- NFKB1 -- JUN -- FOS -- FASLG -- CCND1 -- MAPK14 -- PTMA -- TGFB2 -- IL2 -- RELA -- FADD -- MAP3K1 -- TGFB1 -- TRADD -- MAPK1 -- TRAF2 -- CASP3 -- KRT18 -- ATM -- NFKB2 -- E2F1 -- TRAF6 -- LYN -- IRF1 -- FAS -- HTRA2 -- NFKBIA -- MYB -- HIP1 -- OTUD7B -- RNF11 -- CASP10 -- PSEN1 -- BAD -- SOD1 -- BCL2L1 -- SMPD1 -- PSIP1 -- CDKN2A -- BBC3 -- BCL2L11 -- PELP1 -- EIF4E -- BID -- MCL1 -- RBL1 -- PLAC8 -- CCNG1 -- APAF1
135,TNFRSF1A -- SMURF2 -- TNF -- RIPK1 -- TP53 -- NFKB1 -- MAPK8 -- STAT1 -- FOS -- RB1 -- TNFAIP3 -- EP300 -- CFLAR -- MAPK14 -- PTMA -- RHOA -- IL2 -- FADD -- MAP3K1 -- VEGFA -- TGFB1 -- RET -- TRADD -- TNFRSF10B -- CASP3 -- CASP2 -- MAPK3 -- PPP1R13L -- LYN -- HTRA2 -- NFKBIA -- CYCS -- BCL2 -- CDK6 -- CASP10 -- PARP1 -- BAD -- SOD1 -- HNRNPK -- TNIK -- CDKN1A -- PSIP1 -- CDKN2A -- BBC3 -- EIF4E -- BID -- FOXM1 -- RBL1 -- PCNA -- CASP9 -- CCNG1 -- RASSF1 -- RANGAP1
136,SMURF2 -- TNF -- TP53 -- NFKB1 -- STAT1 -- JUN -- BIRC2 -- BIRC3 -- SIRT1 -- FASLG -- CCND1 -- TRAF1 -- RAC1 -- MAP3K1 -- VEGFA -- MAP3K14 -- MAPK1 -- AKT1 -- DAB2IP -- NFKB2 -- MDM2 -- CHUK -- FAS -- HTRA2 -- MYB -- BCL2 -- CDK4 -- CDK6 -- RNF11 -- PARP1 -- BAD -- RPA4 -- BCL2L1 -- CASP7 -- RBL2 -- CDKN1A -- PSIP1 -- BRCA1 -- CDKN2A -- BAX -- BAK1 -- EIF4E -- BID -- RBL1 -- TAF1 -- CASP9 -- CCNG1 -- APAF1 -- RANGAP1
137,SMURF2 -- TNF -- RIPK1 -- STAT1 -- FOS -- BIRC2 -- BIRC3 -- MYC -- RB1 -- TNFAIP3 -- EP300 -- MAPK14 -- RHOA -- NR3C1 -- TGFB1 -- MAP3K14 -- TRAF2 -- TNFRSF10B -- AKT1 -- ATM -- DAB2IP -- CASP2 -- E2F1 -- MDM2 -- MAPK3 -- EIF4G2 -- HTRA2 -- MYB -- CYCS -- CDK4 -- CDK6 -- OTUD7B -- CASP10 -- PARP1 -- PSEN1 -- BAD -- SOD1 -- RPA4 -- CASP7 -- SMPD1 -- RBL2 -- HTT -- PSIP1 -- CDKN2A -- BBC3 -- FOXM1 -- CTBP1 -- RANGAP1
138,SMURF2 -- TNF -- RIPK1 -- BIRC2 -- SIRT1 -- MYC -- RB1 -- CFLAR -- PTMA -- RHOA -- RELA -- MAP3K1 -- IGF1 -- RET -- TRADD -- CASP3 -- KRT18 -- DAB2IP -- NFKB2 -- CASP2 -- MDM2 -- RPS6KA5 -- MAPK3 -- MAPK9 -- IRF1 -- FAS -- EIF4G2 -- MYB -- HIP1 -- CASP8 -- RNF11 -- CASP10 -- BCL2L1 -- CDKN1A -- HTT -- BBC3 -- BAX -- EIF4E -- FOXM1 -- TFDP1 -- CTBP1 -- TAF1 -- CASP9 -- DIABLO -- APAF1 -- ALPI -- RANGAP1
139,TNFRSF1A -- TNFRSF1B -- RIPK1 -- TP53 -- NFKB1 -- MAPK8 -- STAT1 -- JUN -- FOS -- BIRC2 -- BIRC3 -- MYC -- RB1 -- TNFAIP3 -- TRAF1 -- MAPK14 -- TGFB2 -- RELA -- MAP3K1 -- TRADD -- TRAF2 -- CASP3 -- KRT18 -- AKT1 -- DAB2IP -- CASP2 -- RPS6KA5 -- MAPK3 -- PPP1R13L -- MAPK9 -- LYN -- HTRA2 -- MYB -- BCL2 -- CASP8 -- CDK4 -- CDK6 -- OTUD7B -- BAD -- TNIK -- RBL2 -- CDKN1A -- HTT -- PSIP1 -- BBC3 -- TFDP1 -- MCL1 -- CTBP1 -- PCNA -- TAF1 -- CASP9 -- CCNG1 -- ALPI -- RASSF1
140,TNFRSF1A -- TNFRSF1B -- STAT1 -- FOS -- BIRC3 -- TNFAIP3 -- EP300 -- CCND1 -- TRAF1 -- PTMA -- MAP2K7 -- MAP3K1 -- VEGFA -- MAP3K14 -- TRAF2 -- TNFRSF10B -- DAB2IP -- CASP2 -- CHUK -- MAPK3 -- TRAF6 -- PPP1R13L -- MAPK9 -- IRF1 -- EIF4G2 -- MYB -- HIP1 -- BCL2 -- CASP8 -- CDK6 -- OTUD7B -- RNF11 -- CASP10 -- PARP1 -- BAD -- SOD1 -- RPA4 -- CASP7 -- TNIK -- RBL2 -- CDKN1A -- BRCA1 -- CDKN2A -- BBC3 -- BAK1 -- BID -- TFDP1 -- PCNA -- PLAC8 -- CASP9 -- ALPI -- RASSF1
141,TNF -- RIPK1 -- BIRC3 -- SIRT1 -- FASLG -- MYC -- RB1 -- EP300 -- CFLAR -- MAPK14 -- PTMA -- NR3C1 -- IL2 -- FADD -- RAC1 -- MAP2K7 -- IGF1 -- VEGFA -- TGFB1 -- RET -- MAPK1 -- CASP3 -- KRT18 -- AKT1 -- NFKB2 -- CASP2 -- E2F1 -- RPS6KA5 -- TRAF6 -- MAPK9 -- LYN -- IRF1 -- HTRA2 -- HIP1 -- BCL2 -- CASP8 -- CDK6 -- RNF11 -- CASP10 -- PSEN1 -- BAD -- SOD1 -- HNRNPK -- TNIK -- CDKN2A -- BCL2L11 -- BAX -- BAK1 -- TFDP1 -- CTBP1 -- PCNA -- TAF1 -- PLAC8 -- CASP9 -- CCNG1 -- RANGAP1
142,TNFRSF1B -- NFKB1 -- JUN -- FOS -- FASLG -- CFLAR -- TRAF1 -- RHOA -- NR3C1 -- TGFB2 -- IL2 -- RELA -- RAC1 -- MAP3K14 -- RET -- MAPK1 -- TRAF2 -- CASP3 -- ATM -- TRAF6 -- PPP1R13L -- MAPK9 -- LYN -- HTRA2 -- NFKBIA -- CYCS -- BCL2 -- CDK6 -- CASP10 -- BAD -- SOD1 -- RPA4 -- CASP7 -- TNIK -- RBL2 -- HTT -- BCL2L11 -- PELP1 -- BAX -- EIF4E -- FOXM1 -- MCL1 -- RBL1 -- PCNA -- PLAC8 -- APAF1 -- ALPI -- RASSF1 -- RANGAP1
143,TNFRSF1A -- TNFRSF1B -- STAT1 -- FOS -- SIRT1 -- TNFAIP3 -- CCND1 -- CFLAR -- TRAF1 -- MAPK14 -- RHOA -- TGFB2 -- MAP2K7 -- MAP3K1 -- TGFB1 -- MAP3K14 -- TRADD -- MAPK1 -- TRAF2 -- TNFRSF10B -- CASP3 -- E2F1 -- MDM2 -- RPS6KA5 -- TRAF6 -- LYN -- IRF1 -- NFKBIA -- MYB -- CYCS -- CASP8 -- CDK4 -- CDK6 -- RNF11 -- CASP10 -- PARP1 -- RPA4 -- BCL2L1 -- CASP7 -- SMPD1 -- PSIP1 -- CDKN2A -- PELP1 -- BAX -- BAK1 -- BID -- CTBP1 -- RBL1 -- PCNA -- PLAC8 -- CASP9 -- DIABLO -- APAF1 -- ALPI -- RASSF1
144,TNFRSF1A -- TNFRSF1B -- NFKB1 -- STAT1 -- JUN -- BIRC2 -- FASLG -- EP300 -- TRAF1 -- TGFB2 -- FADD -- MAP2K7 -- TGFB1 -- MAP3K14 -- RET -- TRAF2 -- TNFRSF10B -- CASP3 -- DAB2IP -- NFKB2 -- CASP2 -- E2F1 -- MDM2 -- CHUK -- TRAF6 -- PPP1R13L -- MAPK9 -- LYN -- FAS -- MYB -- CYCS -- HIP1 -- CASP8 -- CDK4 -- CDK6 -- OTUD7B -- RNF11 -- PSEN1 -- SOD1 -- BCL2L1 -- CASP7 -- SMPD1 -- CDKN1A -- BBC3 -- PELP1 -- BAK1 -- TFDP1 -- MCL1 -- CTBP1 -- RBL1 -- PCNA -- CASP9 -- CCNG1 -- DIABLO -- APAF1 -- ALPI -- RANGAP1
145,TNFRSF1B -- NFKB1 -- BIRC2 -- FASLG -- EP300 -- TRAF1 -- PTMA -- RHOA -- FADD -- RAC1 -- MAP2K7 -- MAP3K14 -- TRAF2 -- TNFRSF10B -- CASP3 -- AKT1 -- E2F1 -- CHUK -- RPS6KA5 -- MAPK3 -- TRAF6 -- MAPK9 -- LYN -- IRF1 -- FAS -- HTRA2 -- MYB -- CYCS -- RNF11 -- CASP10 -- BAD -- HNRNPK -- CDKN1A -- HTT -- BRCA1 -- BBC3 -- BAX -- EIF4E -- BID -- TFDP1 -- CASP9 -- CCNG1 -- RASSF1 -- RANGAP1
146,NFKB1 -- JUN -- FOS -- BIRC2 -- RB1 -- EP300 -- CCND1 -- TRAF1 -- PTMA -- RHOA -- TGFB2 -- IL2 -- RELA -- RAC1 -- IGF1 -- TRADD -- MAPK1 -- KRT18 -- AKT1 -- MDM2 -- MAPK3 -- TRAF6 -- PPP1R13L -- MAPK9 -- LYN -- FAS -- EIF4G2 -- NFKBIA -- MYB -- HIP1 -- OTUD7B -- CASP10 -- BCL2L1 -- CASP7 -- TNIK -- RBL2 -- CDKN1A -- HTT -- BBC3 -- BCL2L11 -- BAK1 -- FOXM1 -- TFDP1 -- CTBP1 -- RBL1 -- PCNA -- PLAC8 -- CASP9 -- ALPI -- RASSF1 -- RANGAP1
147,TNFRSF1A -- SMURF2 -- TNF -- TNFRSF1B -- TP53 -- NFKB1 -- STAT1 -- JUN -- BIRC3 -- SIRT1 -- TNFAIP3 -- EP300 -- CCND1 -- CFLAR -- MAPK14 -- IL2 -- MAP3K1 -- IGF1 -- VEGFA -- TGFB1 -- TRAF2 -- CASP3 -- KRT18 -- AKT1 -- DAB2IP -- NFKB2 -- CASP2 -- CHUK -- MAPK3 -- TRAF6 -- PPP1R13L -- MAPK9 -- LYN -- IRF1 -- FAS -- EIF4G2 -- MYB -- CYCS -- BCL2 -- CDK4 -- RNF11 -- CASP10 -- PARP1 -- PSEN1 -- BAD -- SOD1 -- SMPD1 -- TNIK -- RBL2 -- CDKN1A -- HTT -- PSIP1 -- BRCA1 -- BCL2L11 -- BAX -- EIF4E -- FOXM1 -- TFDP1 -- MCL1 -- CTBP1 -- PCNA -- CCNG1 -- APAF1 -- RASSF1 -- RANGAP1
148,TNFRSF1A -- SMURF2 -- TNFRSF1B -- TP53 -- FOS -- BIRC2 -- SIRT1 -- MYC -- TNFAIP3 -- EP300 -- CCND1 -- MAPK14 -- PTMA -- RHOA -- NR3C1 -- TGFB2 -- IL2 -- RELA -- MAP2K7 -- IGF1 -- VEGFA -- TGFB1 -- MAP3K14 -- RET -- MAPK1 -- TNFRSF10B -- KRT18 -- AKT1 -- NFKB2 -- MAPK3 -- PPP1R13L -- MAPK9 -- LYN -- IRF1 -- FAS -- EIF4G2 -- HTRA2 -- NFKBIA -- MYB -- CYCS -- HIP1 -- CASP8 -- CDK4 -- OTUD7B -- CASP10 -- PARP1 -- PSEN1 -- SOD1 -- RPA4 -- TNIK -- PSIP1 -- BBC3 -- BCL2L11 -- EIF4E -- FOXM1 -- TFDP1 -- MCL1 -- PCNA -- CASP9 -- CCNG1 -- APAF1 -- ALPI -- RASSF1 -- RANGAP1
149,TNFRSF1A -- SMURF2 -- TNF -- TNFRSF1B -- NFKB1 -- STAT1 -- FASLG -- RB1 -- EP300 -- PTMA -- NR3C1 -- RELA -- RAC1 -- MAP2K7 -- MAP3K1 -- MAP3K14 -- RET -- TRADD -- CASP3 -- KRT18 -- AKT1 -- NFKB2 -- CASP2 -- E2F1 -- MDM2 -- CHUK -- RPS6KA5 -- MAPK3 -- PPP1R13L -- IRF1 -- FAS -- NFKBIA -- MYB -- CASP8 -- CDK4 -- PARP1 -- BAD -- BCL2L1 -- CASP7 -- TNIK -- RBL2 -- CDKN1A -- HTT -- BRCA1 -- BBC3 -- PELP1 -- EIF4E -- BID -- FOXM1 -- TFDP1 -- MCL1 -- PCNA -- TAF1 -- CASP9 -- DIABLO -- ALPI
150,TNFRSF1A -- TNF -- RIPK1 -- TP53 -- NFKB1 -- STAT1 -- SIRT1 -- MYC -- RB1 -- TNFAIP3 -- EP300 -- TRAF1 -- PTMA -- RHOA -- MAP2K7 -- VEGFA -- TGFB1 -- MAP3K14 -- TRAF2 -- CASP3 -- AKT1 -- DAB2IP -- E2F1 -- MDM2 -- MAPK3 -- PPP1R13L -- LYN -- IRF1 -- FAS -- NFKBIA -- CYCS -- CASP8 -- CDK4 -- CDK6 -- RNF11 -- PSEN1 -- SOD1 -- RPA4 -- BCL2L1 -- SMPD1 -- TNIK -- HTT -- BAK1 -- CTBP1 -- RBL1 -- TAF1 -- PLAC8 -- CASP9 -- CCNG1 -- DIABLO -- APAF1 -- RASSF1 -- RANGAP1
151,SMURF2 -- TP53 -- NFKB1 -- MAPK8 -- BIRC2 -- BIRC3 -- MYC -- CCND1 -- CFLAR -- TRAF1 -- MAPK14 -- NR3C1 -- IL2 -- RELA -- FADD -- MAP2K7 -- RET -- TRADD -- MAPK1 -- TRAF2 -- TNFRSF10B -- DAB2IP -- CASP2 -- MDM2 -- TRAF6 -- PPP1R13L -- HTRA2 -- NFKBIA -- CYCS -- HIP1 -- BCL2 -- CDK4 -- CDK6 -- RNF11 -- CASP10 -- PARP1 -- BAD -- SOD1 -- HNRNPK -- RPA4 -- CASP7 -- TNIK -- RBL2 -- CDKN1A -- PSIP1 -- BRCA1 -- BBC3 -- BCL2L11 -- BAX -- BAK1 -- EIF4E -- BID -- MCL1 -- CTBP1 -- RBL1 -- PLAC8 -- CASP9 -- DIABLO -- APAF1 -- ALPI -- RASSF1
152,TNFRSF1A -- TNF -- TNFRSF1B -- RIPK1 -- TP53 -- NFKB1 -- MAPK8 -- BIRC3 -- SIRT1 -- FASLG -- EP300 -- CCND1 -- TRAF1 -- PTMA -- TGFB2 -- RELA -- FADD -- RAC1 -- MAP2K7 -- TGFB1 -- MAP3K14 -- CASP3 -- AKT1 -- ATM -- DAB2IP -- E2F1 -- CHUK -- MAPK3 -- TRAF6 -- MAPK9 -- IRF1 -- FAS -- HTRA2 -- NFKBIA -- CYCS -- HIP1 -- BCL2 -- CASP8 -- CDK4 -- OTUD7B -- RNF11 -- CASP10 -- PSEN1 -- SOD1 -- HNRNPK -- BCL2L1 -- SMPD1 -- RBL2 -- CDKN1A -- PSIP1 -- CDKN2A -- BAX -- BAK1 -- FOXM1 -- TFDP1 -- PCNA -- PLAC8 -- CCNG1 -- APAF1 -- RASSF1 -- RANGAP1
153,TNFRSF1A -- TNF -- RIPK1 -- TP53 -- MAPK8 -- JUN -- BIRC2 -- FASLG -- MAPK14 -- RHOA -- NR3C1 -- TGFB2 -- IL2 -- FADD -- MAP2K7 -- TGFB1 -- RET -- MAPK1 -- TRAF2 -- CASP3 -- KRT18 -- CASP2 -- MDM2 -- RPS6KA5 -- MAPK9 -- LYN -- EIF4G2 -- HTRA2 -- NFKBIA -- MYB -- CYCS -- BCL2 -- CASP8 -- CDK4 -- CDK6 -- OTUD7B -- PARP1 -- PSEN1 -- RPA4 -- BCL2L1 -- CASP7 -- TNIK -- RBL2 -- BRCA1 -- BCL2L11 -- PELP1 -- BAK1 -- BID -- TFDP1 -- RBL1 -- PCNA -- PLAC8 -- CASP9 -- CCNG1 -- DIABLO -- APAF1 -- ALPI -- RASSF1
154,SMURF2 -- TNF -- TNFRSF1B -- NFKB1 -- JUN -- BIRC2 -- BIRC3 -- FASLG -- TNFAIP3 -- CFLAR -- PTMA -- IL2 -- RAC1 -- MAP2K7 -- MAP3K1 -- VEGFA -- TGFB1 -- MAP3K14 -- RET -- TRADD -- TRAF2 -- TNFRSF10B -- CASP3 -- AKT1 -- ATM -- CASP2 -- E2F1 -- MDM2 -- CHUK -- FAS -- EIF4G2 -- CDK4 -- PARP1 -- SOD1 -- HNRNPK -- BCL2L1 -- CASP7 -- RBL2 -- CDKN1A -- PSIP1 -- PELP1 -- BAX -- BID -- MCL1 -- TAF1 -- PLAC8 -- CASP9 -- CCNG1 -- DIABLO -- APAF1 -- RASSF1
155,TNFRSF1A -- SMURF2 -- TNF -- RIPK1 -- NFKB1 -- MAPK8 -- STAT1 -- JUN -- BIRC2 -- TNFAIP3 -- EP300 -- CFLAR -- MAPK14 -- RHOA -- NR3C1 -- TGFB2 -- IL2 -- MAP2K7 -- IGF1 -- TGFB1 -- MAP3K14 -- TRADD -- MAPK1 -- TRAF2 -- TNFRSF10B -- KRT18 -- DAB2IP -- CASP2 -- CHUK -- MAPK3 -- PPP1R13L -- MAPK9 -- LYN -- FAS -- HTRA2 -- MYB -- BCL2 -- CASP8 -- CASP10 -- PSEN1 -- BAD -- HNRNPK -- BCL2L1 -- TNIK -- RBL2 -- PSIP1 -- BRCA1 -- CDKN2A -- PELP1 -- BAX -- BID -- MCL1 -- CTBP1 -- TAF1 -- CASP9 -- CCNG1 -- APAF1 -- ALPI -- RANGAP1
156,TNF -- TP53 -- NFKB1 -- STAT1 -- BIRC2 -- BIRC3 -- SIRT1 -- RB1 -- TNFAIP3 -- CCND1 -- MAPK14 -- IL2 -- RELA -- FADD -- VEGFA -- TRADD -- TRAF2 -- DAB2IP -- CASP2 -- RPS6KA5 -- TRAF6 -- MAPK9 -- LYN -- IRF1 -- FAS -- HTRA2 -- NFKBIA -- MYB -- BCL2 -- CDK4 -- OTUD7B -- PARP1 -- SOD1 -- BCL2L1 -- TNIK -- CDKN1A -- PSIP1 -- BRCA1 -- CDKN2A -- BBC3 -- BCL2L11 -- EIF4E -- BID -- TFDP1 -- MCL1 -- CTBP1 -- PLAC8 -- CASP9 -- DIABLO -- APAF1 -- ALPI -- RASSF1 -- RANGAP1
157,SMURF2 -- TNFRSF1B -- RIPK1 -- TP53 -- MAPK8 -- STAT1 -- SIRT1 -- RB1 -- TNFAIP3 -- CCND1 -- PTMA -- RHOA -- NR3C1 -- TGFB2 -- RELA -- FADD -- RAC1 -- MAP3K14 -- RET -- MAPK1 -- TRAF2 -- CASP3 -- KRT18 -- ATM -- DAB2IP -- CASP2 -- CHUK -- RPS6KA5 -- MAPK3 -- TRAF6 -- LYN -- IRF1 -- HTRA2 -- MYB -- CYCS -- CASP8 -- CDK6 -- OTUD7B -- RNF11 -- CASP10 -- BAD -- RPA4 -- CASP7 -- SMPD1 -- TNIK -- RBL2 -- HTT -- BRCA1 -- BAX -- BID -- MCL1 -- PCNA -- PLAC8 -- CASP9 -- DIABLO -- RASSF1 -- RANGAP1
158,RIPK1 -- TP53 -- NFKB1 -- STAT1 -- MYC -- RB1 -- TNFAIP3 -- EP300 -- CCND1 -- CFLAR -- MAPK14 -- NR3C1 -- RELA -- FADD -- MAP2K7 -- MAP3K1 -- IGF1 -- TGFB1 -- MAPK1 -- TNFRSF10B -- CASP3 -- AKT1 -- ATM -- NFKB2 -- E2F1 -- RPS6KA5 -- TRAF6 -- PPP1R13L -- LYN -- IRF1 -- MYB -- CDK4 -- CDK6 -- OTUD7B -- RNF11 -- CASP10 -- HNRNPK -- BCL2L1 -- TNIK -- HTT -- CDKN2A -- BAX -- EIF4E -- FOXM1 -- RBL1 -- PLAC8
159,SMURF2 -- TNFRSF1B -- TP53 -- STAT1 -- FOS -- BIRC3 -- SIRT1 -- FASLG -- MYC -- TNFAIP3 -- EP300 -- CCND1 -- CFLAR -- TRAF1 -- MAPK14 -- PTMA -- RHOA -- NR3C1 -- TGFB2 -- RELA -- FADD -- RAC1 -- IGF1 -- RET -- TRADD -- TNFRSF10B -- CASP3 -- AKT1 -- E2F1 -- CHUK -- RPS6KA5 -- MAPK3 -- TRAF6 -- IRF1 -- FAS -- CYCS -- CASP8 -- OTUD7B -- PARP1 -- PSEN1 -- BAD -- HNRNPK -- RPA4 -- BCL2L1 -- RBL2 -- PSIP1 -- BRCA1 -- BBC3 -- BCL2L11 -- PELP1 -- BAK1 -- EIF4E -- BID -- TFDP1 -- MCL1 -- CTBP1 -- TAF1 -- CASP9 -- DIABLO -- APAF1
160,TNFRSF1A -- SMURF2 -- JUN -- MYC -- RB1 -- TNFAIP3 -- EP300 -- CFLAR -- TRAF1 -- PTMA -- RHOA -- NR3C1 -- IL2 -- RAC1 -- MAP2K7 -- MAP3K1 -- VEGFA -- TGFB1 -- MAP3K14 -- RET -- MAPK1 -- TRAF2 -- KRT18 -- AKT1 -- ATM -- NFKB2 -- RPS6KA5 -- MAPK3 -- MAPK9 -- FAS -- MYB -- BCL2 -- CASP8 -- CDK4 -- CDK6 -- CASP10 -- PARP1 -- SOD1 -- CASP7 -- TNIK -- CDKN1A -- PSIP1 -- CDKN2A -- BCL2L11 -- BAK1 -- FOXM1 -- TFDP1 -- MCL1 -- CTBP1 -- PCNA -- TAF1 -- PLAC8 -- APAF1 -- RASSF1
161,RIPK1 -- TP53 -- MAPK8 -- JUN -- FOS -- BIRC2 -- FASLG -- MYC -- CFLAR -- MAPK14 -- NR3C1 -- TGFB2 -- RAC1 -- MAP2K7 -- MAP3K1 -- IGF1 -- MAP3K14 -- TRADD -- TRAF2 -- TNFRSF10B -- CASP3 -- KRT18 -- NFKB2 -- CASP2 -- MDM2 -- RPS6KA5 -- TRAF6 -- MAPK9 -- LYN -- CYCS -- HIP1 -- CASP8 -- RNF11 -- CASP10 -- PARP1 -- BAD -- SOD1 -- RPA4 -- CASP7 -- SMPD1 -- TNIK -- CDKN1A -- HTT -- PSIP1 -- BBC3 -- BCL2L11 -- PELP1 -- BAK1 -- BID -- FOXM1 -- TFDP1 -- RBL1 -- PCNA -- PLAC8 -- CASP9 -- DIABLO
162,TNF -- TNFRSF1B -- JUN -- BIRC2 -- SIRT1 -- FASLG -- MYC -- RB1 -- TNFAIP3 -- EP300 -- CCND1 -- CFLAR -- PTMA -- TGFB2 -- RELA -- MAP2K7 -- MAP3K1 -- VEGFA -- TGFB1 -- TRADD -- MAPK1 -- TNFRSF10B -- AKT1 -- ATM -- CASP2 -- RPS6KA5 -- MAPK3 -- TRAF6 -- LYN -- FAS -- EIF4G2 -- MYB -- CYCS -- CDK6 -- OTUD7B -- RNF11 -- CASP10 -- PARP1 -- SOD1 -- HNRNPK -- SMPD1 -- RBL2 -- CDKN1A -- HTT -- BBC3 -- BCL2L11 -- BAX -- MCL1 -- CTBP1 -- PCNA -- TAF1 -- CASP9 -- CCNG1 -- RASSF1 -- RANGAP1
163,SMURF2 -- TNFRSF1B -- RIPK1 -- NFKB1 -- MAPK8 -- STAT1 -- JUN -- FOS -- BIRC3 -- SIRT1 -- MYC -- CFLAR -- TRAF1 -- PTMA -- RHOA -- IL2 -- RELA -- FADD -- RAC1 -- MAP2K7 -- IGF1 -- MAPK1 -- TNFRSF10B -- CASP3 -- KRT18 -- ATM -- CASP2 -- E2F1 -- CHUK -- MAPK9 -- LYN -- IRF1 -- FAS -- EIF4G2 -- HTRA2 -- NFKBIA -- CYCS -- CASP8 -- CDK4 -- CDK6 -- OTUD7B -- RNF11 -- CASP10 -- BAD -- BCL2L1 -- TNIK -- CDKN1A -- BBC3 -- BCL2L11 -- PELP1 -- BAX -- BAK1 -- EIF4E -- FOXM1 -- TFDP1 -- MCL1 -- CTBP1 -- RBL1 -- PLAC8 -- CASP9 -- ALPI
164,SMURF2 -- TNFRSF1B -- RIPK1 -- FOS -- BIRC2 -- BIRC3 -- SIRT1 -- RB1 -- CFLAR -- TRAF1 -- MAPK14 -- RHOA -- RELA -- FADD -- RAC1 -- TGFB1 -- RET -- CASP3 -- KRT18 -- ATM -- NFKB2 -- MDM2 -- CHUK -- RPS6KA5 -- MAPK3 -- TRAF6 -- PPP1R13L -- HTRA2 -- NFKBIA -- HIP1 -- BCL2 -- CDK6 -- OTUD7B -- PARP1 -- PSEN1 -- SOD1 -- HNRNPK -- BCL2L1 -- CASP7 -- SMPD1 -- CDKN1A -- BBC3 -- BCL2L11 -- PELP1 -- BAX -- TFDP1 -- CTBP1 -- TAF1 -- DIABLO -- RANGAP1
165,TNF -- RIPK1 -- STAT1 -- FOS -- BIRC2 -- BIRC3 -- SIRT1 -- FASLG -- CCND1 -- CFLAR -- TRAF1 -- MAPK14 -- IL2 -- RELA -- FADD -- RAC1 -- MAP2K7 -- MAP3K1 -- VEGFA -- MAP3K14 -- RET -- KRT18 -- CASP2 -- MDM2 -- RPS6KA5 -- MAPK3 -- MAPK9 -- LYN -- IRF1 -- NFKBIA -- BCL2 -- CDK6 -- OTUD7B -- SOD1 -- HNRNPK -- RPA4 -- BCL2L1 -- CASP7 -- HTT -- BBC3 -- PELP1 -- EIF4E -- MCL1 -- TAF1 -- CASP9 -- CCNG1 -- DIABLO -- RASSF1
166,TNF -- TNFRSF1B -- RIPK1 -- TP53 -- NFKB1 -- FOS -- CFLAR -- RHOA -- TGFB2 -- FADD -- MAP2K7 -- IGF1 -- TGFB1 -- RET -- TRADD -- MAPK1 -- TRAF2 -- TNFRSF10B -- CASP3 -- AKT1 -- ATM -- DAB2IP -- CASP2 -- MDM2 -- RPS6KA5 -- MAPK3 -- MAPK9 -- EIF4G2 -- HTRA2 -- CYCS -- HIP1 -- CASP8 -- OTUD7B -- RNF11 -- CASP10 -- PARP1 -- PSEN1 -- BAD -- SOD1 -- HNRNPK -- RPA4 -- BCL2L1 -- CASP7 -- SMPD1 -- TNIK -- CDKN1A -- HTT -- PSIP1 -- BRCA1 -- BBC3 -- BCL2L11 -- MCL1 -- CTBP1 -- RBL1 -- PCNA -- CCNG1 -- DIABLO -- RASSF1 -- RANGAP1
167,TNFRSF1A -- SMURF2 -- TNF -- TNFRSF1B -- TP53 -- MAPK8 -- STAT1 -- JUN -- FOS -- BIRC2 -- BIRC3 -- SIRT1 -- FASLG -- TNFAIP3 -- EP300 -- CCND1 -- MAPK14 -- RHOA -- NR3C1 -- TGFB2 -- IL2 -- RELA -- FADD -- RAC1 -- MAP3K1 -- TGFB1 -- MAP3K14 -- RET -- MAPK1 -- TRAF2 -- TNFRSF10B -- CASP3 -- KRT18 -- AKT1 -- ATM -- E2F1 -- MDM2 -- MAPK3 -- PPP1R13L -- IRF1 -- EIF4G2 -- CYCS -- HIP1 -- CDK4 -- PARP1 -- SOD1 -- HNRNPK -- CASP7 -- TNIK -- RBL2 -- CDKN1A -- PSIP1 -- BRCA1 -- BBC3 -- BCL2L11 -- PELP1 -- BID -- TFDP1 -- RBL1 -- PCNA -- TAF1 -- CCNG1 -- ALPI -- RANGAP1
168,SMURF2 -- RIPK1 -- TP53 -- JUN -- BIRC2 -- FASLG -- TNFAIP3 -- EP300 -- IL2 -- RELA -- FADD -- RAC1 -- MAP2K7 -- IGF1 -- TGFB1 -- MAP3K14 -- TRADD -- TRAF2 -- CASP3 -- AKT1 -- E2F1 -- CHUK -- PPP1R13L -- EIF4G2 -- HTRA2 -- NFKBIA -- CYCS -- CDK6 -- RPA4 -- BCL2L1 -- CASP7 -- TNIK -- CDKN1A -- HTT -- PSIP1 -- BRCA1 -- CDKN2A -- BCL2L11 -- FOXM1 -- TFDP1 -- CTBP1 -- PCNA -- TAF1 -- PLAC8 -- CCNG1 -- APAF1 -- ALPI -- RANGAP1
169,TNFRSF1B -- TP53 -- STAT1 -- JUN -- FOS -- BIRC2 -- BIRC3 -- SIRT1 -- FASLG -- TNFAIP3 -- EP300 -- PTMA -- RHOA -- NR3C1 -- RELA -- FADD -- MAP2K7 -- MAP3K1 -- IGF1 -- TGFB1 -- MAP3K14 -- RET -- TRADD -- TRAF2 -- TNFRSF10B -- KRT18 -- DAB2IP -- NFKB2 -- CASP2 -- MDM2 -- CHUK -- PPP1R13L -- MAPK9 -- FAS -- HTRA2 -- NFKBIA -- MYB -- CYCS -- HIP1 -- BCL2 -- CDK6 -- CASP10 -- PARP1 -- PSEN1 -- BAD -- SOD1 -- RPA4 -- BCL2L1 -- TNIK -- HTT -- BRCA1 -- CDKN2A -- BCL2L11 -- BAK1 -- EIF4E -- FOXM1 -- MCL1 -- PLAC8 -- CASP9 -- CCNG1 -- DIABLO -- RANGAP1
170,TNFRSF1A -- SMURF2 -- RIPK1 -- TP53 -- MAPK8 -- STAT1 -- JUN -- BIRC3 -- MYC -- TNFAIP3 -- EP300 -- CCND1 -- CFLAR -- TRAF1 -- MAPK14 -- PTMA -- TGFB2 -- IL2 -- RAC1 -- TRADD -- MAPK1 -- TRAF2 -- TNFRSF10B -- ATM -- NFKB2 -- MDM2 -- CHUK -- MAPK3 -- LYN -- CYCS -- OTUD7B -- RNF11 -- CASP10 -- SOD1 -- RPA4 -- BCL2L1 -- SMPD1 -- TNIK -- CDKN1A -- PSIP1 -- CDKN2A -- BAX -- BID -- FOXM1 -- PLAC8 -- CASP9 -- APAF1 -- ALPI -- RASSF1
171,TNFRSF1A -- SMURF2 -- TNFRSF1B -- MAPK8 -- STAT1 -- FOS -- BIRC2 -- BIRC3 -- SIRT1 -- FASLG -- RB1 -- TNFAIP3 -- CFLAR -- PTMA -- TGFB2 -- MAP2K7 -- TGFB1 -- RET -- TNFRSF10B -- CASP3 -- KRT18 -- ATM -- E2F1 -- MDM2 -- RPS6KA5 -- TRAF6 -- PPP1R13L -- MAPK9 -- LYN -- IRF1 -- NFKBIA -- CYCS -- HIP1 -- CASP8 -- CDK6 -- OTUD7B -- PARP1 -- PSEN1 -- BAD -- SOD1 -- HNRNPK -- RPA4 -- CASP7 -- TNIK -- HTT -- BAX -- FOXM1 -- TFDP1 -- MCL1 -- CTBP1 -- PCNA -- TAF1 -- RASSF1
172,TNFRSF1B -- RIPK1 -- TP53 -- BIRC2 -- BIRC3 -- FASLG -- MYC -- RB1 -- TNFAIP3 -- CCND1 -- TRAF1 -- MAPK14 -- PTMA -- TGFB2 -- TNFRSF10B -- CASP3 -- KRT18 -- ATM -- DAB2IP -- MDM2 -- MAPK3 -- LYN -- EIF4G2 -- NFKBIA -- MYB -- CYCS -- HIP1 -- BCL2 -- CASP8 -- CDK4 -- CDK6 -- CASP10 -- PSEN1 -- SOD1 -- HNRNPK -- SMPD1 -- TNIK -- BBC3 -- BAX -- EIF4E -- BID -- TFDP1 -- CTBP1 -- TAF1 -- CASP9 -- CCNG1 -- ALPI
173,TNFRSF1A -- TNFRSF1B -- TP53 -- STAT1 -- FOS -- SIRT1 -- RB1 -- EP300 -- TRAF1 -- PTMA -- NR3C1 -- TGFB2 -- FADD -- IGF1 -- VEGFA -- MAP3K14 -- RET -- MAPK1 -- TRAF2 -- TNFRSF10B -- AKT1 -- ATM -- DAB2IP -- NFKB2 -- E2F1 -- MDM2 -- MAPK9 -- IRF1 -- EIF4G2 -- HTRA2 -- MYB -- CASP8 -- CDK4 -- CDK6 -- OTUD7B -- PARP1 -- RPA4 -- SMPD1 -- RBL2 -- HTT -- CDKN2A -- CTBP1 -- RBL1 -- TAF1 -- DIABLO -- RASSF1
174,SMURF2 -- RIPK1 -- TP53 -- NFKB1 -- STAT1 -- BIRC3 -- SIRT1 -- RB1 -- TRAF1 -- MAPK14 -- PTMA -- RHOA -- NR3C1 -- TGFB2 -- RELA -- FADD -- RAC1 -- TGFB1 -- MAP3K14 -- TRADD -- MAPK1 -- CASP3 -- KRT18 -- AKT1 -- DAB2IP -- TRAF6 -- PPP1R13L -- FAS -- EIF4G2 -- NFKBIA -- HIP1 -- CASP8 -- CDK6 -- RNF11 -- CASP10 -- PARP1 -- CASP7 -- HTT -- PSIP1 -- BRCA1 -- CDKN2A -- BAX -- BID -- CTBP1 -- RBL1 -- TAF1 -- PLAC8 -- CASP9 -- DIABLO -- ALPI -- RANGAP1
175,TNF -- RIPK1 -- TP53 -- NFKB1 -- MAPK8 -- STAT1 -- FOS -- BIRC2 -- BIRC3 -- MYC -- EP300 -- CCND1 -- CFLAR -- TRAF1 -- PTMA -- RHOA -- IL2 -- MAP3K1 -- IGF1 -- TNFRSF10B -- KRT18 -- ATM -- DAB2IP -- CHUK -- RPS6KA5 -- MAPK3 -- MAPK9 -- IRF1 -- FAS -- HTRA2 -- CYCS -- CASP8 -- CDK4 -- CDK6 -- RNF11 -- PSEN1 -- SOD1 -- CASP7 -- SMPD1 -- TNIK -- CDKN1A -- BBC3 -- BCL2L11 -- FOXM1 -- CTBP1 -- RBL1 -- PCNA -- TAF1 -- PLAC8 -- CCNG1 -- ALPI -- RANGAP1
176,TNFRSF1A -- TNF -- TNFRSF1B -- NFKB1 -- STAT1 -- JUN -- BIRC3 -- FASLG -- MYC -- RB1 -- EP300 -- CCND1 -- CFLAR -- TRAF1 -- PTMA -- RHOA -- NR3C1 -- TGFB2 -- RAC1 -- MAP3K1 -- IGF1 -- VEGFA -- TGFB1 -- TRADD -- MAPK1 -- TRAF2 -- TNFRSF10B -- CASP3 -- KRT18 -- DAB2IP -- NFKB2 -- CASP2 -- CHUK -- RPS6KA5 -- PPP1R13L -- EIF4G2 -- HTRA2 -- CYCS -- BCL2 -- CASP8 -- CDK4 -- OTUD7B -- CASP10 -- PSEN1 -- HNRNPK -- RPA4 -- CASP7 -- SMPD1 -- TNIK -- RBL2 -- HTT -- BRCA1 -- BCL2L11 -- PELP1 -- BAX -- BAK1 -- EIF4E -- BID -- MCL1 -- CTBP1 -- RBL1 -- PCNA -- TAF1 -- PLAC8 -- CASP9 -- APAF1 -- RASSF1
177,TNFRSF1A -- TNFRSF1B -- RIPK1 -- TP53 -- STAT1 -- JUN -- FOS -- MYC -- RB1 -- TNFAIP3 -- CCND1 -- CFLAR -- TGFB2 -- RELA -- FADD -- MAP2K7 -- IGF1 -- MAP3K14 -- RET -- TRADD -- TRAF2 -- KRT18 -- ATM -- DAB2IP -- E2F1 -- RPS6KA5 -- MAPK3 -- TRAF6 -- MAPK9 -- IRF1 -- FAS -- HTRA2 -- NFKBIA -- CYCS -- CDK6 -- OTUD7B -- CASP10 -- PARP1 -- PSEN1 -- SOD1 -- RPA4 -- CASP7 -- SMPD1 -- TNIK -- CDKN1A -- HTT -- CDKN2A -- EIF4E -- TFDP1 -- MCL1 -- CTBP1 -- RBL1 -- PLAC8 -- CASP9 -- CCNG1 -- RASSF1
178,SMURF2 -- RIPK1 -- NFKB1 -- MAPK8 -- FOS -- BIRC2 -- BIRC3 -- SIRT1 -- FASLG -- MYC -- EP300 -- CCND1 -- TRAF1 -- MAPK14 -- PTMA -- RHOA -- TGFB2 -- MAP2K7 -- IGF1 -- TGFB1 -- MAP3K14 -- RET -- TRADD -- MAPK1 -- TRAF2 -- ATM -- NFKB2 -- E2F1 -- MDM2 -- MAPK3 -- PPP1R13L -- LYN -- HTRA2 -- HIP1 -- CASP8 -- CDK4 -- CDK6 -- CASP10 -- PSEN1 -- BAD -- HNRNPK -- BCL2L1 -- CDKN1A -- CDKN2A -- BBC3 -- BCL2L11 -- BAK1 -- EIF4E -- FOXM1 -- TFDP1 -- MCL1 -- CTBP1 -- RBL1 -- PCNA -- TAF1 -- PLAC8 -- CCNG1 -- APAF1 -- ALPI -- RANGAP1
179,TNFRSF1A -- SMURF2 -- TNF -- MAPK8 -- STAT1 -- FOS -- BIRC2 -- MYC -- RB1 -- EP300 -- CCND1 -- MAPK14 -- PTMA -- RHOA -- IL2 -- RELA -- FADD -- RAC1 -- TGFB1 -- MAP3K14 -- RET -- TRADD -- TRAF2 -- CASP3 -- KRT18 -- AKT1 -- DAB2IP -- NFKB2 -- CASP2 -- E2F1 -- RPS6KA5 -- MAPK3 -- TRAF6 -- PPP1R13L -- LYN -- IRF1 -- FAS -- EIF4G2 -- HTRA2 -- MYB -- CDK4 -- CDK6 -- OTUD7B -- RNF11 -- CASP10 -- PARP1 -- PSEN1 -- BAD -- HNRNPK -- RPA4 -- CASP7 -- SMPD1 -- TNIK -- RBL2 -- HTT -- PSIP1 -- PELP1 -- BAX -- EIF4E -- BID -- TFDP1 -- RBL1 -- PCNA -- PLAC8 -- CCNG1 -- DIABLO -- APAF1 -- RASSF1
180,TNFRSF1B -- TP53 -- NFKB1 -- STAT1 -- FOS -- BIRC2 -- BIRC3 -- SIRT1 -- TNFAIP3 -- EP300 -- TRAF1 -- PTMA -- TGFB2 -- IL2 -- RELA -- MAP3K1 -- VEGFA -- RET -- TRADD -- CASP3 -- KRT18 -- DAB2IP -- NFKB2 -- CHUK -- RPS6KA5 -- TRAF6 -- IRF1 -- CYCS -- CDK4 -- CDK6 -- PARP1 -- PSEN1 -- TNIK -- CDKN2A -- BAK1 -- MCL1 -- RBL1 -- PCNA -- TAF1
181,TNFRSF1B -- RIPK1 -- TP53 -- MAPK8 -- STAT1 -- FOS -- BIRC2 -- BIRC3 -- FASLG -- MYC -- RB1 -- TNFAIP3 -- TGFB2 -- RELA -- FADD -- RAC1 -- MAP2K7 -- RET -- MAPK1 -- TRAF2 -- KRT18 -- AKT1 -- DAB2IP -- CASP2 -- E2F1 -- MDM2 -- CHUK -- RPS6KA5 -- PPP1R13L -- HTRA2 -- NFKBIA -- MYB -- BCL2 -- CASP8 -- RNF11 -- PARP1 -- PSEN1 -- HNRNPK -- RPA4 -- BCL2L1 -- CASP7 -- TNIK -- CDKN1A -- PSIP1 -- CDKN2A -- BBC3 -- BCL2L11 -- FOXM1 -- TFDP1 -- CTBP1 -- RBL1 -- PCNA -- PLAC8 -- CCNG1 -- APAF1 -- RASSF1
182,TNFRSF1B -- RIPK1 -- STAT1 -- JUN -- FOS -- BIRC2 -- BIRC3 -- SIRT1 -- FASLG -- MYC -- TNFAIP3 -- EP300 -- CCND1 -- CFLAR -- TRAF1 -- NR3C1 -- RELA -- RAC1 -- MAP2K7 -- VEGFA -- TRADD -- TRAF2 -- TNFRSF10B -- KRT18 -- DAB2IP -- NFKB2 -- MAPK3 -- TRAF6 -- LYN -- FAS -- EIF4G2 -- HTRA2 -- NFKBIA -- MYB -- CASP10 -- PSEN1 -- BAD -- RPA4 -- BCL2L1 -- SMPD1 -- CDKN1A -- HTT -- BRCA1 -- CDKN2A -- BCL2L11 -- PELP1 -- BAK1 -- EIF4E -- BID -- TFDP1 -- CTBP1 -- PCNA -- CCNG1
183,SMURF2 -- TNFRSF1B -- RIPK1 -- TP53 -- NFKB1 -- SIRT1 -- FASLG -- MYC -- RB1 -- EP300 -- CCND1 -- CFLAR -- MAPK14 -- PTMA -- RHOA -- IL2 -- FADD -- RAC1 -- MAP3K1 -- IGF1 -- VEGFA -- TGFB1 -- TRADD -- MAPK1 -- TRAF2 -- TNFRSF10B -- CASP3 -- AKT1 -- ATM -- DAB2IP -- NFKB2 -- MAPK3 -- MAPK9 -- IRF1 -- FAS -- NFKBIA -- MYB -- CYCS -- HIP1 -- CASP8 -- CDK4 -- CDK6 -- OTUD7B -- CASP10 -- BCL2L1 -- TNIK -- RBL2 -- PSIP1 -- BRCA1 -- BBC3 -- BCL2L11 -- FOXM1 -- TFDP1 -- CTBP1 -- RBL1 -- TAF1 -- CCNG1 -- DIABLO -- RANGAP1
184,TNFRSF1A -- SMURF2 -- TNF -- TNFRSF1B -- TP53 -- JUN -- BIRC2 -- SIRT1 -- MYC -- RB1 -- TNFAIP3 -- CCND1 -- CFLAR -- TRAF1 -- MAPK14 -- PTMA -- NR3C1 -- IL2 -- RELA -- MAP2K7 -- VEGFA -- TGFB1 -- MAPK1 -- TNFRSF10B -- CASP3 -- KRT18 -- AKT1 -- DAB2IP -- CASP2 -- E2F1 -- PPP1R13L -- IRF1 -- FAS -- EIF4G2 -- NFKBIA -- MYB -- CYCS -- HIP1 -- CDK6 -- RNF11 -- PSEN1 -- BAD -- HNRNPK -- RPA4 -- SMPD1 -- RBL2 -- CDKN1A -- HTT -- PSIP1 -- BRCA1 -- CDKN2A -- BCL2L11 -- BAX -- BAK1 -- EIF4E -- MCL1 -- RBL1 -- TAF1 -- PLAC8 -- CCNG1 -- DIABLO -- APAF1 -- RASSF1
185,TNFRSF1A -- TNFRSF1B -- NFKB1 -- STAT1 -- FOS -- BIRC3 -- FASLG -- RB1 -- TNFAIP3 -- EP300 -- TRAF1 -- PTMA -- NR3C1 -- IL2 -- MAP2K7 -- IGF1 -- TGFB1 -- RET -- CASP3 -- ATM -- DAB2IP -- NFKB2 -- CASP2 -- CHUK -- MAPK3 -- TRAF6 -- LYN -- IRF1 -- EIF4G2 -- HTRA2 -- HIP1 -- CDK4 -- CDK6 -- OTUD7B -- RNF11 -- CASP10 -- PARP1 -- PSEN1 -- BAD -- SOD1 -- HNRNPK -- CASP7 -- HTT -- CDKN2A -- BBC3 -- PELP1 -- BAX -- EIF4E -- BID -- TFDP1 -- CTBP1 -- PCNA -- PLAC8 -- CCNG1 -- DIABLO -- APAF1 -- RASSF1 -- RANGAP1
186,SMURF2 -- TNFRSF1B -- RIPK1 -- TP53 -- MAPK8 -- STAT1 -- BIRC2 -- SIRT1 -- MYC -- CCND1 -- CFLAR -- PTMA -- NR3C1 -- RELA -- FADD -- RAC1 -- MAP2K7 -- IGF1 -- MAP3K14 -- MAPK1 -- KRT18 -- AKT1 -- DAB2IP -- E2F1 -- MDM2 -- CHUK -- RPS6KA5 -- MAPK3 -- FAS -- EIF4G2 -- HTRA2 -- NFKBIA -- HIP1 -- CASP8 -- CDK4 -- CDK6 -- RNF11 -- PSEN1 -- HNRNPK -- RBL2 -- HTT -- BRCA1 -- BBC3 -- BCL2L11 -- BAX -- BAK1 -- EIF4E -- BID -- FOXM1 -- CTBP1 -- RBL1 -- PLAC8 -- APAF1 -- ALPI -- RANGAP1
187,TNFRSF1A -- SMURF2 -- TNFRSF1B -- TP53 -- BIRC3 -- MYC -- TNFAIP3 -- CCND1 -- PTMA -- RHOA -- RAC1 -- MAP2K7 -- TGFB1 -- TRADD -- MAPK1 -- NFKB2 -- CASP2 -- MDM2 -- TRAF6 -- PPP1R13L -- FAS -- EIF4G2 -- HTRA2 -- NFKBIA -- MYB -- CYCS -- HIP1 -- BCL2 -- CASP8 -- OTUD7B -- RNF11 -- PARP1 -- BAD -- RPA4 -- RBL2 -- CDKN1A -- BRCA1 -- CDKN2A -- BCL2L11 -- BAK1 -- EIF4E -- FOXM1 -- MCL1 -- TAF1 -- PLAC8 -- CCNG1 -- RASSF1
188,TNFRSF1A -- SMURF2 -- MAPK8 -- STAT1 -- FOS -- BIRC2 -- BIRC3 -- FASLG -- CFLAR -- TRAF1 -- PTMA -- RHOA -- TGFB2 -- IL2 -- MAP2K7 -- TGFB1 -- MAP3K14 -- RET -- TRAF2 -- CASP3 -- ATM -- DAB2IP -- E2F1 -- MDM2 -- RPS6KA5 -- MAPK3 -- TRAF6 -- PPP1R13L -- MAPK9 -- IRF1 -- EIF4G2 -- HTRA2 -- MYB -- CDK6 -- RNF11 -- PSEN1 -- BAD -- SOD1 -- RPA4 -- RBL2 -- HTT -- PSIP1 -- BRCA1 -- CDKN2A -- PELP1 -- BAK1 -- BID -- FOXM1 -- TFDP1 -- MCL1 -- CTBP1 -- CASP9 -- DIABLO -- RANGAP1
189,TNF -- RIPK1 -- NFKB1 -- MAPK8 -- STAT1 -- JUN -- BIRC3 -- MYC -- EP300 -- CCND1 -- TRAF1 -- PTMA -- IL2 -- MAP2K7 -- MAP3K1 -- MAP3K14 -- TRADD -- TRAF2 -- CASP3 -- AKT1 -- ATM -- DAB2IP -- NFKB2 -- CHUK -- RPS6KA5 -- TRAF6 -- PPP1R13L -- MAPK9 -- LYN -- CDK4 -- CDK6 -- RNF11 -- CASP10 -- PARP1 -- SOD1 -- RPA4 -- SMPD1 -- PELP1 -- BAK1 -- EIF4E -- BID -- TFDP1 -- PCNA -- CASP9 -- DIABLO -- ALPI -- RASSF1 -- RANGAP1
190,SMURF2 -- TNF -- TNFRSF1B -- RIPK1 -- TP53 -- MAPK8 -- STAT1 -- JUN -- FASLG -- MYC -- RB1 -- TNFAIP3 -- EP300 -- CCND1 -- TRAF1 -- PTMA -- RHOA -- NR3C1 -- TGFB2 -- MAP2K7 -- MAP3K1 -- MAP3K14 -- RET -- MAPK1 -- TNFRSF10B -- KRT18 -- AKT1 -- ATM -- DAB2IP -- NFKB2 -- E2F1 -- MDM2 -- RPS6KA5 -- MAPK3 -- TRAF6 -- EIF4G2 -- NFKBIA -- CYCS -- BCL2 -- CDK6 -- OTUD7B -- RNF11 -- BAD -- HNRNPK -- BCL2L1 -- SMPD1 -- TNIK -- CDKN1A -- HTT -- BBC3 -- BCL2L11 -- PELP1 -- TAF1 -- CASP9 -- CCNG1 -- ALPI -- RASSF1
191,SMURF2 -- TNFRSF1B -- RIPK1 -- JUN -- BIRC2 -- MYC -- NR3C1 -- TGFB2 -- RELA -- MAP3K1 -- VEGFA -- RET -- MAPK1 -- TRAF2 -- CASP3 -- CASP2 -- MDM2 -- RPS6KA5 -- PPP1R13L -- NFKBIA -- MYB -- BCL2 -- CASP8 -- OTUD7B -- RNF11 -- CASP10 -- PARP1 -- PSEN1 -- RPA4 -- BCL2L1 -- CASP7 -- TNIK -- HTT -- BRCA1 -- CDKN2A -- BBC3 -- BCL2L11 -- PELP1 -- BAX -- BAK1 -- EIF4E -- FOXM1 -- TFDP1 -- MCL1 -- RBL1 -- PCNA -- CASP9 -- DIABLO -- RASSF1 -- RANGAP1
192,TNFRSF1A -- TNFRSF1B -- RIPK1 -- TP53 -- MAPK8 -- STAT1 -- FOS -- SIRT1 -- MYC -- TNFAIP3 -- CFLAR -- TRAF1 -- MAPK14 -- RHOA -- NR3C1 -- TGFB2 -- IL2 -- RELA -- MAP3K1 -- IGF1 -- VEGFA -- MAP3K14 -- MAPK1 -- TNFRSF10B -- ATM -- DAB2IP -- NFKB2 -- CASP2 -- E2F1 -- MDM2 -- CHUK -- RPS6KA5 -- MAPK3 -- LYN -- EIF4G2 -- HTRA2 -- NFKBIA -- HIP1 -- CDK4 -- CDK6 -- RNF11 -- PARP1 -- BAD -- HNRNPK -- RPA4 -- SMPD1 -- BCL2L11 -- BAX -- BID -- MCL1 -- RBL1 -- PCNA -- TAF1 -- CASP9 -- APAF1 -- ALPI -- RASSF1
193,TNFRSF1A -- SMURF2 -- TNF -- TNFRSF1B -- TP53 -- STAT1 -- JUN -- FOS -- BIRC2 -- SIRT1 -- MYC -- CCND1 -- TRAF1 -- MAPK14 -- PTMA -- NR3C1 -- FADD -- MAP3K1 -- IGF1 -- TGFB1 -- MAP3K14 -- RET -- MAPK1 -- TRAF2 -- CASP3 -- KRT18 -- ATM -- CASP2 -- PPP1R13L -- LYN -- IRF1 -- EIF4G2 -- HTRA2 -- CYCS -- CDK6 -- RNF11 -- PARP1 -- BAD -- SOD1 -- HNRNPK -- RPA4 -- CASP7 -- CDKN1A -- HTT -- BRCA1 -- BCL2L11 -- BAK1 -- BID -- FOXM1 -- RBL1 -- TAF1 -- PLAC8 -- DIABLO -- APAF1 -- ALPI -- RASSF1
194,TNF -- TNFRSF1B -- STAT1 -- FOS -- BIRC2 -- SIRT1 -- FASLG -- RB1 -- TNFAIP3 -- EP300 -- CCND1 -- TRAF1 -- PTMA -- NR3C1 -- TGFB2 -- IL2 -- FADD -- RAC1 -- MAP3K1 -- IGF1 -- TGFB1 -- TRADD -- MAPK1 -- TRAF2 -- CASP3 -- KRT18 -- NFKB2 -- CASP2 -- E2F1 -- MAPK3 -- IRF1 -- EIF4G2 -- MYB -- CYCS -- CDK6 -- RNF11 -- PARP1 -- PSEN1 -- RPA4 -- SMPD1 -- TNIK -- CDKN1A -- HTT -- PSIP1 -- BRCA1 -- CDKN2A -- BBC3 -- BCL2L11 -- PELP1 -- BID -- MCL1 -- CTBP1 -- CCNG1 -- DIABLO -- APAF1 -- RASSF1
195,SMURF2 -- TNF -- RIPK1 -- NFKB1 -- JUN -- FOS -- BIRC2 -- BIRC3 -- FASLG -- EP300 -- CCND1 -- PTMA -- TGFB2 -- IL2 -- RELA -- FADD -- MAP2K7 -- MAP3K1 -- IGF1 -- VEGFA -- MAP3K14 -- MAPK1 -- CASP3 -- KRT18 -- AKT1 -- ATM -- NFKB2 -- CASP2 -- MDM2 -- CHUK -- RPS6KA5 -- MAPK3 -- TRAF6 -- MAPK9 -- LYN -- IRF1 -- HTRA2 -- MYB -- CYCS -- CASP8 -- CDK4 -- CDK6 -- OTUD7B -- PARP1 -- BAD -- BCL2L1 -- SMPD1 -- RBL2 -- CDKN1A -- PSIP1 -- BBC3 -- EIF4E -- TFDP1 -- MCL1 -- CCNG1 -- DIABLO -- APAF1 -- ALPI -- RASSF1
196,TNFRSF1A -- TNF -- RIPK1 -- TP53 -- STAT1 -- BIRC3 -- SIRT1 -- FASLG -- RB1 -- EP300 -- TRAF1 -- PTMA -- RELA -- IGF1 -- TGFB1 -- MAP3K14 -- RET -- TRADD -- MAPK1 -- CASP3 -- KRT18 -- DAB2IP -- NFKB2 -- CASP2 -- E2F1 -- MDM2 -- CHUK -- RPS6KA5 -- TRAF6 -- LYN -- IRF1 -- FAS -- HTRA2 -- MYB -- HIP1 -- BCL2 -- CASP8 -- CDK4 -- CDK6 -- OTUD7B -- CASP10 -- PARP1 -- PSEN1 -- SOD1 -- HNRNPK -- RPA4 -- RBL2 -- CDKN1A -- CDKN2A -- BBC3 -- PELP1 -- BAX -- FOXM1 -- MCL1 -- RBL1 -- PCNA -- TAF1 -- PLAC8 -- CCNG1 -- DIABLO -- APAF1 -- ALPI
197,TNFRSF1A -- TNF -- RIPK1 -- STAT1 -- FOS -- BIRC2 -- MYC -- TNFAIP3 -- EP300 -- CCND1 -- CFLAR -- MAPK14 -- PTMA -- RHOA -- NR3C1 -- TGFB2 -- IL2 -- RELA -- FADD -- MAP2K7 -- MAP3K1 -- MAP3K14 -- RET -- MAPK1 -- KRT18 -- ATM -- CASP2 -- MDM2 -- CHUK -- RPS6KA5 -- MAPK3 -- PPP1R13L -- IRF1 -- EIF4G2 -- NFKBIA -- MYB -- BCL2 -- CASP8 -- CDK6 -- RNF11 -- CASP10 -- PARP1 -- BAD -- HNRNPK -- CASP7 -- SMPD1 -- RBL2 -- CDKN1A -- HTT -- BBC3 -- BID -- TFDP1 -- MCL1 -- RBL1 -- PCNA -- PLAC8 -- CASP9 -- CCNG1 -- APAF1 -- RANGAP1
198,TNFRSF1A -- RIPK1 -- NFKB1 -- JUN -- BIRC2 -- MYC -- EP300 -- CFLAR -- PTMA -- RHOA -- NR3C1 -- RELA -- IGF1 -- VEGFA -- TGFB1 -- MAP3K14 -- RET -- TRADD -- TNFRSF10B -- KRT18 -- ATM -- NFKB2 -- E2F1 -- CHUK -- RPS6KA5 -- TRAF6 -- PPP1R13L -- MAPK9 -- IRF1 -- FAS -- MYB -- CYCS -- HIP1 -- CASP8 -- CDK4 -- CDK6 -- OTUD7B -- RNF11 -- PARP1 -- SOD1 -- HNRNPK -- RPA4 -- CASP7 -- SMPD1 -- CDKN1A -- HTT -- PSIP1 -- BCL2L11 -- PELP1 -- BAX -- BAK1 -- BID -- TFDP1 -- MCL1 -- CTBP1 -- PLAC8 -- CASP9 -- CCNG1 -- DIABLO -- APAF1 -- RASSF1
199,TNFRSF1A -- SMURF2 -- TNF -- NFKB1 -- MAPK8 -- STAT1 -- FOS -- BIRC2 -- RB1 -- EP300 -- MAPK14 -- PTMA -- RHOA -- NR3C1 -- TGFB2 -- IL2 -- IGF1 -- VEGFA -- MAP3K14 -- TRADD -- MAPK1 -- TRAF2 -- KRT18 -- AKT1 -- ATM -- E2F1 -- RPS6KA5 -- PPP1R13L -- IRF1 -- EIF4G2 -- MYB -- HIP1 -- BCL2 -- CDK4 -- CDK6 -- PARP1 -- PSEN1 -- HNRNPK -- RBL2 -- BRCA1 -- BCL2L11 -- BAX -- BAK1 -- BID -- TFDP1 -- MCL1 -- CTBP1 -- RBL1 -- PCNA -- TAF1 -- PLAC8 -- CCNG1 -- DIABLO -- APAF1 -- RANGAP1
200,TNFRSF1A -- TNF -- TP53 -- MAPK8 -- JUN -- FASLG -- MYC -- RB1 -- TNFAIP3 -- CFLAR -- TRAF1 -- MAPK14 -- RHOA -- NR3C1 -- TGFB2 -- RELA -- FADD -- MAP2K7 -- TGFB1 -- RET -- TRAF2 -- TNFRSF10B -- AKT1 -- ATM -- NFKB2 -- MAPK3 -- TRAF6 -- PPP1R13L -- LYN -- FAS -- NFKBIA -- CDK4 -- CDK6 -- OTUD7B -- RNF11 -- PARP1 -- PSEN1 -- SOD1 -- HNRNPK -- CASP7 -- SMPD1 -- RBL2 -- BBC3 -- PELP1 -- BAK1 -- TFDP1 -- RBL1 -- PCNA -- PLAC8 -- CASP9 -- DIABLO -- APAF1 -- ALPI -- RASSF1 -- RANGAP1
201,TNFRSF1A -- SMURF2 -- RIPK1 -- TP53 -- NFKB1 -- STAT1 -- JUN -- BIRC2 -- BIRC3 -- TNFAIP3 -- TRAF1 -- PTMA -- RHOA -- IL2 -- FADD -- RAC1 -- MAP3K1 -- TGFB1 -- CASP3 -- AKT1 -- CASP2 -- E2F1 -- MDM2 -- RPS6KA5 -- MAPK3 -- TRAF6 -- PPP1R13L -- LYN -- FAS -- HTRA2 -- NFKBIA -- MYB -- HIP1 -- BCL2 -- CASP10 -- PARP1 -- PSEN1 -- BAD -- CASP7 -- SMPD1 -- TNIK -- RBL2 -- CDKN1A -- HTT -- PSIP1 -- BRCA1 -- BBC3 -- BCL2L11 -- EIF4E -- TFDP1 -- MCL1 -- CTBP1 -- RBL1 -- PCNA -- TAF1 -- APAF1 -- RASSF1
202,TNFRSF1A -- NFKB1 -- JUN -- FOS -- SIRT1 -- FASLG -- RB1 -- CCND1 -- PTMA -- RHOA -- IL2 -- RAC1 -- MAP3K1 -- TGFB1 -- RET -- TRAF2 -- CASP3 -- ATM -- DAB2IP -- NFKB2 -- CASP2 -- E2F1 -- PPP1R13L -- MAPK9 -- LYN -- EIF4G2 -- NFKBIA -- MYB -- HIP1 -- CASP8 -- CDK4 -- CDK6 -- OTUD7B -- CASP10 -- SOD1 -- HNRNPK -- CASP7 -- TNIK -- RBL2 -- CDKN1A -- HTT -- PSIP1 -- BRCA1 -- CDKN2A -- BBC3 -- BAX -- MCL1 -- PLAC8 -- CASP9 -- CCNG1 -- ALPI
203,TNF -- RIPK1 -- TP53 -- MAPK8 -- JUN -- FOS -- BIRC2 -- BIRC3 -- FASLG -- RB1 -- EP300 -- CCND1 -- TRAF1 -- MAPK14 -- RHOA -- TGFB2 -- VEGFA -- TGFB1 -- RET -- TRAF2 -- TNFRSF10B -- CASP3 -- AKT1 -- NFKB2 -- RPS6KA5 -- PPP1R13L -- MAPK9 -- LYN -- IRF1 -- EIF4G2 -- MYB -- CYCS -- HIP1 -- PARP1 -- PSEN1 -- BAD -- RPA4 -- CASP7 -- TNIK -- CDKN1A -- HTT -- BRCA1 -- BBC3 -- PELP1 -- BAK1 -- BID -- MCL1 -- CTBP1 -- PLAC8 -- DIABLO -- ALPI -- RASSF1 -- RANGAP1
204,SMURF2 -- TNF -- TNFRSF1B -- RIPK1 -- TP53 -- NFKB1 -- STAT1 -- FOS -- BIRC2 -- SIRT1 -- FASLG -- MYC -- EP300 -- CCND1 -- NR3C1 -- TGFB2 -- IL2 -- FADD -- RAC1 -- MAP2K7 -- MAP3K1 -- IGF1 -- MAPK1 -- TNFRSF10B -- CASP3 -- DAB2IP -- NFKB2 -- CASP2 -- MDM2 -- RPS6KA5 -- MAPK3 -- PPP1R13L -- IRF1 -- EIF4G2 -- HTRA2 -- CYCS -- BCL2 -- CASP8 -- CDK4 -- OTUD7B -- RNF11 -- CASP10 -- SOD1 -- BCL2L1 -- SMPD1 -- TNIK -- RBL2 -- HTT -- PSIP1 -- CDKN2A -- BCL2L11 -- PELP1 -- BAK1 -- FOXM1 -- CTBP1 -- PCNA -- CASP9 -- CCNG1 -- DIABLO -- APAF1 -- ALPI -- RANGAP1
205,TNFRSF1A -- TNF -- RIPK1 -- TP53 -- NFKB1 -- MAPK8 -- STAT1 -- JUN -- FOS -- SIRT1 -- MYC -- RB1 -- EP300 -- CCND1 -- RHOA -- NR3C1 -- TGFB2 -- IL2 -- RELA -- MAP2K7 -- MAP3K1 -- IGF1 -- VEGFA -- TRADD -- TRAF2 -- TNFRSF10B -- CASP3 -- KRT18 -- AKT1 -- ATM -- CASP2 -- E2F1 -- MDM2 -- CHUK -- MAPK3 -- MAPK9 -- EIF4G2 -- NFKBIA -- BCL2 -- CASP8 -- CDK4 -- PARP1 -- PSEN1 -- BAD -- SOD1 -- HNRNPK -- CASP7 -- CDKN1A -- HTT -- BRCA1 -- PELP1 -- BID -- FOXM1 -- CTBP1 -- PCNA -- TAF1 -- PLAC8 -- APAF1 -- ALPI -- RASSF1
206,TNF -- TNFRSF1B -- RIPK1 -- MAPK8 -- STAT1 -- BIRC3 -- SIRT1 -- FASLG -- CCND1 -- CFLAR -- TRAF1 -- PTMA -- RHOA -- TGFB2 -- IL2 -- RELA -- RAC1 -- IGF1 -- TGFB1 -- MAP3K14 -- TRADD -- MAPK1 -- TRAF2 -- TNFRSF10B -- ATM -- E2F1 -- MDM2 -- CHUK -- MAPK3 -- TRAF6 -- MAPK9 -- LYN -- CYCS -- HIP1 -- CASP8 -- CDK4 -- CASP10 -- PSEN1 -- SOD1 -- HNRNPK -- BCL2L1 -- SMPD1 -- CDKN1A -- PSIP1 -- PELP1 -- BAX -- BID -- MCL1 -- RBL1 -- TAF1 -- PLAC8 -- CCNG1 -- DIABLO -- APAF1 -- ALPI -- RASSF1 -- RANGAP1
207,TNF -- TNFRSF1B -- RIPK1 -- TP53 -- MAPK8 -- STAT1 -- FOS -- SIRT1 -- MYC -- RB1 -- TNFAIP3 -- EP300 -- CCND1 -- MAPK14 -- PTMA -- RHOA -- TGFB2 -- RELA -- RAC1 -- MAP2K7 -- IGF1 -- MAPK1 -- TNFRSF10B -- KRT18 -- E2F1 -- MDM2 -- RPS6KA5 -- MAPK3 -- LYN -- IRF1 -- FAS -- NFKBIA -- MYB -- CYCS -- CDK6 -- RNF11 -- PARP1 -- PSEN1 -- SOD1 -- RPA4 -- CASP7 -- TNIK -- RBL2 -- CDKN1A -- HTT -- PSIP1 -- CDKN2A -- BBC3 -- BCL2L11 -- PELP1 -- EIF4E -- BID -- FOXM1 -- TFDP1 -- CTBP1 -- PCNA -- TAF1 -- CASP9 -- CCNG1 -- RANGAP1
208,TNFRSF1A -- SMURF2 -- TP53 -- BIRC3 -- SIRT1 -- MYC -- RB1 -- EP300 -- CCND1 -- CFLAR -- MAPK14 -- RHOA -- TGFB2 -- IL2 -- FADD -- VEGFA -- MAP3K14 -- RET -- TRADD -- MAPK1 -- TRAF2 -- TNFRSF10B -- KRT18 -- ATM -- DAB2IP -- CASP2 -- MDM2 -- MAPK3 -- TRAF6 -- PPP1R13L -- IRF1 -- EIF4G2 -- HTRA2 -- NFKBIA -- MYB -- CYCS -- CDK6 -- OTUD7B -- RNF11 -- PARP1 -- SOD1 -- RPA4 -- BCL2L1 -- SMPD1 -- HTT -- PSIP1 -- BRCA1 -- CDKN2A -- BCL2L11 -- PELP1 -- BAK1 -- EIF4E -- FOXM1 -- TFDP1 -- RBL1 -- PCNA -- PLAC8 -- CASP9 -- DIABLO -- APAF1
209,SMURF2 -- TNF -- TP53 -- JUN -- FOS -- FASLG -- MYC -- TNFAIP3 -- EP300 -- CCND1 -- CFLAR -- TRAF1 -- RHOA -- TGFB2 -- FADD -- VEGFA -- TGFB1 -- MAP3K14 -- RET -- TRADD -- ATM -- DAB2IP -- NFKB2 -- CASP2 -- E2F1 -- CHUK -- MAPK3 -- LYN -- IRF1 -- FAS -- HTRA2 -- BCL2 -- CDK6 -- CASP10 -- PSEN1 -- HNRNPK -- CASP7 -- SMPD1 -- TNIK -- RBL2 -- HTT -- PSIP1 -- BAK1 -- EIF4E -- FOXM1 -- TFDP1 -- MCL1 -- CTBP1 -- RBL1 -- CCNG1 -- DIABLO -- ALPI -- RASSF1 -- RANGAP1
210,SMURF2 -- TNF -- TNFRSF1B -- RIPK1 -- MAPK8 -- FOS -- BIRC2 -- SIRT1 -- EP300 -- RHOA -- TGFB2 -- RAC1 -- MAP2K7 -- MAP3K1 -- RET -- TRADD -- MAPK1 -- KRT18 -- NFKB2 -- E2F1 -- MAPK9 -- EIF4G2 -- NFKBIA -- CYCS -- HIP1 -- BCL2 -- CASP8 -- CDK4 -- CDK6 -- OTUD7B -- RNF11 -- SOD1 -- RPA4 -- CASP7 -- SMPD1 -- TNIK -- BBC3 -- BCL2L11 -- EIF4E -- BID -- FOXM1 -- TFDP1 -- MCL1 -- RBL1 -- TAF1 -- PLAC8 -- CASP9 -- CCNG1 -- DIABLO -- RASSF1
211,TNFRSF1A -- TP53 -- MAPK8 -- JUN -- FOS -- BIRC2 -- BIRC3 -- SIRT1 -- EP300 -- TRAF1 -- PTMA -- RHOA -- NR3C1 -- TGFB2 -- IL2 -- RELA -- FADD -- RAC1 -- IGF1 -- TGFB1 -- MAPK1 -- TRAF2 -- TNFRSF10B -- KRT18 -- AKT1 -- DAB2IP -- CASP2 -- RPS6KA5 -- MAPK9 -- LYN -- IRF1 -- EIF4G2 -- HTRA2 -- MYB -- CYCS -- BCL2 -- CDK6 -- RNF11 -- CASP10 -- PSEN1 -- BAD -- RPA4 -- BCL2L1 -- CDKN1A -- CDKN2A -- BBC3 -- PELP1 -- BAX -- EIF4E -- FOXM1 -- TFDP1 -- CTBP1 -- PCNA -- TAF1 -- CASP9 -- CCNG1 -- DIABLO -- APAF1 -- ALPI -- RASSF1
212,TNFRSF1A -- SMURF2 -- TNF -- RIPK1 -- TP53 -- NFKB1 -- MAPK8 -- BIRC2 -- SIRT1 -- TNFAIP3 -- EP300 -- CCND1 -- TRAF1 -- RELA -- FADD -- MAP2K7 -- MAP3K1 -- TRADD -- MAPK1 -- CASP3 -- DAB2IP -- NFKB2 -- CASP2 -- E2F1 -- CHUK -- RPS6KA5 -- MAPK3 -- PPP1R13L -- LYN -- EIF4G2 -- NFKBIA -- HIP1 -- CASP8 -- OTUD7B -- RNF11 -- CASP10 -- PSEN1 -- RPA4 -- BCL2L1 -- TNIK -- RBL2 -- CDKN1A -- PSIP1 -- CDKN2A -- PELP1 -- BAX -- BAK1 -- EIF4E -- BID -- FOXM1 -- MCL1 -- PCNA -- PLAC8 -- CASP9 -- APAF1 -- ALPI -- RANGAP1
213,TNFRSF1B -- RIPK1 -- MAPK8 -- JUN -- BIRC2 -- BIRC3 -- MYC -- CCND1 -- CFLAR -- TRAF1 -- RHOA -- NR3C1 -- FADD -- RAC1 -- IGF1 -- TGFB1 -- MAP3K14 -- RET -- MAPK1 -- TRAF2 -- KRT18 -- AKT1 -- DAB2IP -- NFKB2 -- CASP2 -- E2F1 -- MDM2 -- CHUK -- RPS6KA5 -- MAPK3 -- MAPK9 -- EIF4G2 -- NFKBIA -- MYB -- CYCS -- BCL2 -- CASP8 -- OTUD7B -- CASP10 -- PARP1 -- BCL2L1 -- SMPD1 -- HTT -- BAX -- EIF4E -- BID -- TFDP1 -- MCL1 -- RBL1 -- PCNA -- PLAC8 -- CASP9 -- DIABLO -- RASSF1 -- RANGAP1
214,SMURF2 -- TNFRSF1B -- MAPK8 -- STAT1 -- JUN -- FOS -- BIRC3 -- FASLG -- RB1 -- TNFAIP3 -- TRAF1 -- MAPK14 -- TGFB2 -- IL2 -- RAC1 -- MAP2K7 -- MAP3K14 -- RET -- TRADD -- TRAF2 -- KRT18 -- AKT1 -- DAB2IP -- NFKB2 -- CASP2 -- E2F1 -- MDM2 -- RPS6KA5 -- MAPK3 -- TRAF6 -- PPP1R13L -- MAPK9 -- IRF1 -- FAS -- PARP1 -- PSEN1 -- SOD1 -- HNRNPK -- BCL2L1 -- CASP7 -- HTT -- PSIP1 -- BBC3 -- BAX -- EIF4E -- FOXM1 -- TFDP1 -- CTBP1 -- RBL1 -- PCNA -- PLAC8 -- CASP9 -- CCNG1 -- DIABLO -- ALPI -- RANGAP1
215,RIPK1 -- MAPK8 -- FOS -- BIRC2 -- BIRC3 -- MYC -- TNFAIP3 -- EP300 -- CFLAR -- TRAF1 -- MAPK14 -- PTMA -- FADD -- MAP2K7 -- MAP3K14 -- RET -- TRADD -- KRT18 -- DAB2IP -- NFKB2 -- CASP2 -- E2F1 -- RPS6KA5 -- MAPK3 -- TRAF6 -- IRF1 -- FAS -- EIF4G2 -- HIP1 -- BCL2 -- CASP8 -- CDK4 -- CDK6 -- OTUD7B -- CASP10 -- PARP1 -- BAD -- HNRNPK -- RPA4 -- CASP7 -- SMPD1 -- TNIK -- RBL2 -- CDKN1A -- HTT -- PSIP1 -- BRCA1 -- BCL2L11 -- PELP1 -- TFDP1 -- MCL1 -- PCNA -- TAF1 -- PLAC8 -- CCNG1 -- DIABLO -- RASSF1 -- RANGAP1
216,TNF -- TP53 -- NFKB1 -- STAT1 -- JUN -- FOS -- BIRC3 -- FASLG -- RB1 -- TNFAIP3 -- CFLAR -- TRAF1 -- RHOA -- NR3C1 -- IL2 -- RELA -- RAC1 -- MAP3K1 -- TGFB1 -- RET -- TNFRSF10B -- KRT18 -- CASP2 -- CHUK -- MAPK3 -- TRAF6 -- FAS -- EIF4G2 -- HTRA2 -- NFKBIA -- CYCS -- BCL2 -- CDK4 -- CDK6 -- OTUD7B -- RNF11 -- CASP10 -- RPA4 -- CASP7 -- SMPD1 -- RBL2 -- CDKN1A -- HTT -- BCL2L11 -- FOXM1 -- DIABLO -- ALPI -- RASSF1 -- RANGAP1
217,TNFRSF1A -- SMURF2 -- RIPK1 -- TP53 -- STAT1 -- FOS -- BIRC3 -- FASLG -- MYC -- TNFAIP3 -- EP300 -- MAPK14 -- RHOA -- TGFB2 -- RELA -- RAC1 -- MAP3K14 -- RET -- TRAF2 -- TNFRSF10B -- AKT1 -- E2F1 -- MDM2 -- CHUK -- RPS6KA5 -- TRAF6 -- LYN -- HTRA2 -- HIP1 -- CDK4 -- CDK6 -- CASP10 -- PARP1 -- PSEN1 -- BAD -- SOD1 -- HNRNPK -- BCL2L1 -- CASP7 -- RBL2 -- HTT -- PSIP1 -- BRCA1 -- BBC3 -- BCL2L11 -- PELP1 -- BAX -- BID -- MCL1 -- RBL1 -- TAF1 -- CCNG1 -- ALPI -- RANGAP1
218,TNF -- TNFRSF1B -- RIPK1 -- TP53 -- MAPK8 -- STAT1 -- JUN -- FOS -- BIRC3 -- FASLG -- RB1 -- EP300 -- CFLAR -- MAPK14 -- PTMA -- RHOA -- MAP2K7 -- MAP3K1 -- RET -- TRADD -- MAPK1 -- TNFRSF10B -- AKT1 -- ATM -- CASP2 -- E2F1 -- TRAF6 -- PPP1R13L -- MAPK9 -- LYN -- EIF4G2 -- NFKBIA -- MYB -- CYCS -- HIP1 -- BCL2 -- OTUD7B -- PSEN1 -- SOD1 -- RPA4 -- HTT -- BRCA1 -- BBC3 -- BCL2L11 -- EIF4E -- BID -- FOXM1 -- TFDP1 -- MCL1 -- RBL1 -- PCNA -- PLAC8 -- CASP9 -- CCNG1 -- APAF1 -- ALPI -- RASSF1
219,TNFRSF1B -- NFKB1 -- MAPK8 -- STAT1 -- JUN -- FOS -- BIRC2 -- BIRC3 -- FASLG -- RB1 -- TRAF1 -- RHOA -- NR3C1 -- TGFB2 -- RELA -- MAP2K7 -- TGFB1 -- TRADD -- TRAF2 -- CASP3 -- ATM -- DAB2IP -- NFKB2 -- CASP2 -- E2F1 -- CHUK -- PPP1R13L -- MAPK9 -- LYN -- EIF4G2 -- HTRA2 -- MYB -- HIP1 -- CDK4 -- BAD -- HNRNPK -- RPA4 -- CASP7 -- TNIK -- RBL2 -- CDKN1A -- HTT -- PSIP1 -- BRCA1 -- CDKN2A -- BCL2L11 -- PELP1 -- BAK1 -- EIF4E -- TFDP1 -- RBL1 -- PCNA -- DIABLO -- APAF1 -- ALPI -- RANGAP1
220,SMURF2 -- TNFRSF1B -- NFKB1 -- MAPK8 -- STAT1 -- JUN -- BIRC3 -- SIRT1 -- MYC -- TNFAIP3 -- EP300 -- CFLAR -- MAPK14 -- RHOA -- NR3C1 -- IL2 -- RELA -- FADD -- IGF1 -- MAP3K14 -- TRADD -- MAPK1 -- TRAF2 -- TNFRSF10B -- AKT1 -- ATM -- DAB2IP -- NFKB2 -- MDM2 -- MAPK3 -- PPP1R13L -- MAPK9 -- LYN -- EIF4G2 -- CDK4 -- CDK6 -- RNF11 -- PSEN1 -- SOD1 -- HNRNPK -- RPA4 -- BCL2L1 -- CASP7 -- SMPD1 -- HTT -- BRCA1 -- PELP1 -- BAX -- BAK1 -- BID -- TFDP1 -- CTBP1 -- DIABLO -- ALPI -- RANGAP1
221,SMURF2 -- RIPK1 -- TP53 -- MAPK8 -- STAT1 -- BIRC2 -- FASLG -- CCND1 -- CFLAR -- MAPK14 -- PTMA -- NR3C1 -- TGFB2 -- FADD -- RAC1 -- MAP2K7 -- TGFB1 -- MAP3K14 -- MAPK1 -- TNFRSF10B -- CASP3 -- KRT18 -- DAB2IP -- CASP2 -- CHUK -- MAPK3 -- PPP1R13L -- MYB -- BCL2 -- CASP8 -- CDK4 -- PSEN1 -- BAD -- BCL2L1 -- SMPD1 -- TNIK -- RBL2 -- CDKN1A -- HTT -- PELP1 -- EIF4E -- TFDP1 -- MCL1 -- CTBP1 -- RBL1 -- TAF1 -- PLAC8 -- CASP9 -- DIABLO -- APAF1 -- ALPI
222,TNFRSF1A -- TNF -- TNFRSF1B -- RIPK1 -- MAPK8 -- JUN -- BIRC2 -- BIRC3 -- MYC -- RB1 -- TRAF1 -- MAPK14 -- NR3C1 -- TGFB2 -- IL2 -- FADD -- RAC1 -- MAP2K7 -- MAP3K1 -- IGF1 -- VEGFA -- TGFB1 -- MAP3K14 -- RET -- MAPK1 -- TRAF2 -- CASP3 -- AKT1 -- ATM -- CASP2 -- MDM2 -- RPS6KA5 -- MAPK3 -- TRAF6 -- PPP1R13L -- IRF1 -- FAS -- EIF4G2 -- HTRA2 -- NFKBIA -- BCL2 -- CDK4 -- OTUD7B -- BAD -- SOD1 -- RPA4 -- SMPD1 -- TNIK -- RBL2 -- BRCA1 -- CDKN2A -- BCL2L11 -- PELP1 -- BID -- FOXM1 -- TFDP1 -- MCL1 -- PCNA -- TAF1 -- DIABLO -- ALPI -- RASSF1 -- RANGAP1
223,SMURF2 -- RIPK1 -- TP53 -- MAPK8 -- STAT1 -- FOS -- BIRC2 -- BIRC3 -- FASLG -- MYC -- TNFAIP3 -- CFLAR -- MAPK14 -- PTMA -- RHOA -- NR3C1 -- TGFB2 -- RAC1 -- VEGFA -- TRADD -- MAPK1 -- TRAF2 -- KRT18 -- AKT1 -- ATM -- NFKB2 -- CASP2 -- E2F1 -- CHUK -- TRAF6 -- PPP1R13L -- LYN -- IRF1 -- FAS -- EIF4G2 -- HTRA2 -- NFKBIA -- HIP1 -- BCL2 -- CASP8 -- CDK6 -- PARP1 -- PSEN1 -- HNRNPK -- RPA4 -- SMPD1 -- TNIK -- RBL2 -- CDKN1A -- BRCA1 -- CDKN2A -- BBC3 -- PELP1 -- BAK1 -- EIF4E -- BID -- FOXM1 -- CTBP1 -- RBL1 -- PCNA -- TAF1 -- PLAC8 -- APAF1 -- ALPI
224,TNF -- TP53 -- MAPK8 -- STAT1 -- FOS -- BIRC3 -- SIRT1 -- FASLG -- RB1 -- CCND1 -- CFLAR -- PTMA -- RHOA -- TGFB2 -- RELA -- RAC1 -- MAP2K7 -- MAP3K1 -- IGF1 -- TGFB1 -- MAP3K14 -- TRADD -- MAPK1 -- TRAF2 -- CASP3 -- KRT18 -- ATM -- DAB2IP -- E2F1 -- CHUK -- MAPK3 -- TRAF6 -- EIF4G2 -- HTRA2 -- HIP1 -- CDK4 -- CDK6 -- PSEN1 -- HNRNPK -- SMPD1 -- HTT -- PELP1 -- BAX -- BAK1 -- EIF4E -- BID -- FOXM1 -- TFDP1 -- CTBP1 -- TAF1 -- CASP9 -- CCNG1 -- APAF1
225,TNFRSF1A -- SMURF2 -- TNF -- TNFRSF1B -- RIPK1 -- TP53 -- STAT1 -- JUN -- BIRC2 -- BIRC3 -- SIRT1 -- RB1 -- CCND1 -- CFLAR -- MAPK14 -- TGFB2 -- IL2 -- RELA -- MAP3K1 -- IGF1 -- VEGFA -- RET -- TRADD -- MAPK1 -- TRAF2 -- CASP3 -- AKT1 -- NFKB2 -- CASP2 -- E2F1 -- MDM2 -- MAPK3 -- PPP1R13L -- LYN -- FAS -- EIF4G2 -- MYB -- CYCS -- CDK4 -- CDK6 -- RNF11 -- CASP10 -- PSEN1 -- BAD -- SMPD1 -- TNIK -- CDKN1A -- HTT -- PSIP1 -- BRCA1 -- BBC3 -- BAX -- BID -- FOXM1 -- MCL1 -- DIABLO
226,TNFRSF1A -- SMURF2 -- TNF -- TNFRSF1B -- NFKB1 -- MAPK8 -- STAT1 -- FOS -- SIRT1 -- FASLG -- RB1 -- CCND1 -- TRAF1 -- NR3C1 -- FADD -- MAP2K7 -- MAP3K1 -- VEGFA -- TGFB1 -- MAP3K14 -- RET -- ATM -- E2F1 -- MDM2 -- MAPK3 -- TRAF6 -- PPP1R13L -- IRF1 -- FAS -- NFKBIA -- CYCS -- HIP1 -- CASP8 -- OTUD7B -- PARP1 -- PSEN1 -- BAD -- BCL2L1 -- CASP7 -- RBL2 -- HTT -- PSIP1 -- BRCA1 -- BCL2L11 -- PELP1 -- BAX -- BAK1 -- BID -- FOXM1 -- TFDP1 -- RBL1 -- PCNA -- PLAC8 -- CASP9 -- DIABLO -- APAF1 -- ALPI -- RANGAP1
227,TNFRSF1A -- TNF -- TNFRSF1B -- TP53 -- NFKB1 -- SIRT1 -- RB1 -- TNFAIP3 -- EP300 -- MAPK14 -- IL2 -- FADD -- RAC1 -- TGFB1 -- MAP3K14 -- RET -- TRADD -- MAPK1 -- TNFRSF10B -- CASP3 -- KRT18 -- AKT1 -- DAB2IP -- E2F1 -- RPS6KA5 -- MAPK3 -- LYN -- EIF4G2 -- OTUD7B -- RNF11 -- PARP1 -- BAD -- HNRNPK -- RPA4 -- BCL2L1 -- TNIK -- CDKN1A -- BRCA1 -- CDKN2A -- BCL2L11 -- BAK1 -- BID -- TFDP1 -- MCL1 -- PCNA -- CCNG1 -- APAF1 -- ALPI
228,TNFRSF1B -- RIPK1 -- TP53 -- NFKB1 -- MAPK8 -- STAT1 -- JUN -- FOS -- MYC -- RB1 -- CFLAR -- MAPK14 -- RHOA -- TGFB2 -- RELA -- MAP2K7 -- IGF1 -- VEGFA -- TGFB1 -- MAPK1 -- ATM -- NFKB2 -- TRAF6 -- LYN -- FAS -- EIF4G2 -- HTRA2 -- MYB -- CYCS -- BCL2 -- CASP8 -- CDK4 -- RNF11 -- CASP10 -- PARP1 -- PSEN1 -- HNRNPK -- RPA4 -- TNIK -- RBL2 -- HTT -- PSIP1 -- CDKN2A -- BBC3 -- BCL2L11 -- MCL1 -- CTBP1 -- PLAC8 -- CASP9 -- APAF1 -- RANGAP1
229,TNFRSF1A -- RIPK1 -- TP53 -- NFKB1 -- STAT1 -- BIRC3 -- SIRT1 -- FASLG -- MYC -- RB1 -- TNFAIP3 -- CFLAR -- TGFB2 -- RELA -- MAP3K1 -- MAP3K14 -- RET -- TRADD -- MAPK1 -- TRAF2 -- TNFRSF10B -- CASP3 -- KRT18 -- AKT1 -- DAB2IP -- CASP2 -- CHUK -- MAPK3 -- MAPK9 -- LYN -- FAS -- EIF4G2 -- HTRA2 -- CYCS -- CASP8 -- CDK4 -- CDK6 -- OTUD7B -- PSEN1 -- BAD -- RPA4 -- BCL2L1 -- CASP7 -- SMPD1 -- RBL2 -- CDKN1A -- PSIP1 -- BRCA1 -- BBC3 -- BCL2L11 -- PELP1 -- BAK1 -- EIF4E -- TFDP1 -- MCL1 -- CTBP1 -- RBL1 -- PCNA -- TAF1 -- PLAC8 -- ALPI -- RASSF1
230,SMURF2 -- TNF -- TNFRSF1B -- TP53 -- STAT1 -- SIRT1 -- FASLG -- MYC -- RB1 -- TNFAIP3 -- EP300 -- TRAF1 -- RHOA -- RELA -- RAC1 -- MAP3K1 -- IGF1 -- MAP3K14 -- TRADD -- AKT1 -- DAB2IP -- CASP2 -- MDM2 -- LYN -- IRF1 -- HTRA2 -- MYB -- BCL2 -- CASP8 -- CDK6 -- CASP10 -- PARP1 -- BCL2L1 -- CASP7 -- SMPD1 -- TNIK -- RBL2 -- CDKN1A -- PSIP1 -- CDKN2A -- BBC3 -- BCL2L11 -- PELP1 -- MCL1 -- CTBP1 -- RBL1 -- DIABLO -- APAF1 -- ALPI -- RASSF1 -- RANGAP1
231,TNFRSF1A -- SMURF2 -- TNF -- TP53 -- NFKB1 -- MAPK8 -- STAT1 -- JUN -- BIRC2 -- SIRT1 -- FASLG -- TNFAIP3 -- CCND1 -- PTMA -- RHOA -- NR3C1 -- TGFB2 -- RELA -- FADD -- RAC1 -- VEGFA -- RET -- TRADD -- MAPK1 -- TNFRSF10B -- ATM -- NFKB2 -- CASP2 -- CHUK -- RPS6KA5 -- TRAF6 -- LYN -- IRF1 -- FAS -- EIF4G2 -- HTRA2 -- MYB -- HIP1 -- CASP8 -- CDK6 -- PARP1 -- PSEN1 -- BAD -- HNRNPK -- BCL2L1 -- CASP7 -- PSIP1 -- BRCA1 -- CDKN2A -- BBC3 -- EIF4E -- BID -- PCNA -- TAF1 -- PLAC8 -- CASP9 -- CCNG1 -- DIABLO -- APAF1 -- ALPI -- RASSF1
232,TNF -- TNFRSF1B -- RIPK1 -- TP53 -- NFKB1 -- JUN -- FOS -- BIRC2 -- BIRC3 -- SIRT1 -- TNFAIP3 -- CCND1 -- TRAF1 -- MAPK14 -- RHOA -- TGFB2 -- IL2 -- RELA -- FADD -- RAC1 -- MAP2K7 -- RET -- TRADD -- MAPK1 -- TRAF2 -- ATM -- NFKB2 -- E2F1 -- MDM2 -- CHUK -- TRAF6 -- PPP1R13L -- MAPK9 -- LYN -- EIF4G2 -- HTRA2 -- MYB -- CYCS -- HIP1 -- OTUD7B -- CASP10 -- PARP1 -- PSEN1 -- BAD -- HNRNPK -- RPA4 -- CASP7 -- TNIK -- RBL2 -- HTT -- CDKN2A -- BAK1 -- FOXM1 -- TFDP1 -- CTBP1 -- APAF1
233,SMURF2 -- TNF -- TP53 -- MAPK8 -- STAT1 -- JUN -- FOS -- BIRC3 -- MYC -- RB1 -- EP300 -- CFLAR -- TRAF1 -- MAPK14 -- PTMA -- RHOA -- TGFB2 -- IL2 -- MAP3K1 -- VEGFA -- MAP3K14 -- RET -- MAPK1 -- TRAF2 -- TNFRSF10B -- ATM -- CASP2 -- E2F1 -- MDM2 -- CHUK -- RPS6KA5 -- MAPK3 -- PPP1R13L -- MAPK9 -- LYN -- IRF1 -- EIF4G2 -- HTRA2 -- CYCS -- CASP8 -- CDK6 -- RNF11 -- PARP1 -- PSEN1 -- BAD -- SOD1 -- HNRNPK -- SMPD1 -- RBL2 -- HTT -- BRCA1 -- BBC3 -- BAX -- BAK1 -- EIF4E -- BID -- MCL1 -- CTBP1 -- RBL1 -- CASP9 -- CCNG1 -- ALPI -- RASSF1
234,SMURF2 -- TNF -- TP53 -- NFKB1 -- MAPK8 -- STAT1 -- JUN -- BIRC2 -- BIRC3 -- FASLG -- MYC -- EP300 -- TRAF1 -- MAPK14 -- RHOA -- MAP3K1 -- IGF1 -- RET -- TRADD -- KRT18 -- ATM -- DAB2IP -- E2F1 -- CHUK -- MAPK3 -- PPP1R13L -- MAPK9 -- LYN -- IRF1 -- FAS -- NFKBIA -- HIP1 -- CDK4 -- CDK6 -- PARP1 -- BAD -- RPA4 -- RBL2 -- HTT -- PSIP1 -- BRCA1 -- BBC3 -- BAX -- BID -- FOXM1 -- MCL1 -- CTBP1 -- RBL1 -- PCNA -- CASP9 -- CCNG1 -- APAF1 -- ALPI -- RASSF1 -- RANGAP1
235,SMURF2 -- RIPK1 -- TP53 -- NFKB1 -- MAPK8 -- JUN -- FOS -- MYC -- RB1 -- EP300 -- TRAF1 -- TGFB2 -- IL2 -- RELA -- FADD -- RAC1 -- IGF1 -- MAP3K14 -- TRADD -- CASP3 -- AKT1 -- ATM -- NFKB2 -- CASP2 -- E2F1 -- MDM2 -- CHUK -- MAPK3 -- PPP1R13L -- LYN -- FAS -- EIF4G2 -- NFKBIA -- MYB -- BCL2 -- CASP8 -- RNF11 -- PARP1 -- BAD -- HNRNPK -- BCL2L1 -- HTT -- PSIP1 -- BRCA1 -- CDKN2A -- BBC3 -- BCL2L11 -- PELP1 -- BID -- FOXM1 -- TFDP1 -- MCL1 -- CTBP1 -- PCNA -- APAF1 -- ALPI
236,TNFRSF1B -- RIPK1 -- TP53 -- MAPK8 -- JUN -- FOS -- FASLG -- MYC -- RB1 -- PTMA -- RHOA -- TGFB2 -- IL2 -- MAP3K1 -- VEGFA -- TGFB1 -- TRADD -- MAPK1 -- KRT18 -- ATM -- DAB2IP -- E2F1 -- MDM2 -- CHUK -- MAPK3 -- FAS -- HTRA2 -- MYB -- HIP1 -- BCL2 -- CASP8 -- OTUD7B -- BAD -- SOD1 -- HNRNPK -- RPA4 -- SMPD1 -- TNIK -- CDKN1A -- HTT -- PSIP1 -- CDKN2A -- PELP1 -- EIF4E -- BID -- FOXM1 -- PCNA -- TAF1 -- CASP9 -- DIABLO -- RASSF1 -- RANGAP1
237,TNFRSF1B -- NFKB1 -- MAPK8 -- STAT1 -- JUN -- RB1 -- TNFAIP3 -- TRAF1 -- MAPK14 -- PTMA -- NR3C1 -- IL2 -- TGFB1 -- RET -- MAPK1 -- TNFRSF10B -- AKT1 -- ATM -- DAB2IP -- MAPK3 -- TRAF6 -- PPP1R13L -- LYN -- FAS -- NFKBIA -- CYCS -- BCL2 -- OTUD7B -- RNF11 -- CASP10 -- PARP1 -- BAD -- BCL2L1 -- TNIK -- RBL2 -- CDKN1A -- HTT -- PSIP1 -- CDKN2A -- BCL2L11 -- PELP1 -- MCL1 -- CTBP1 -- PCNA -- TAF1 -- PLAC8 -- CASP9 -- CCNG1 -- ALPI -- RASSF1 -- RANGAP1
238,TNFRSF1A -- TNF -- RIPK1 -- TP53 -- NFKB1 -- STAT1 -- BIRC2 -- SIRT1 -- MYC -- RB1 -- EP300 -- CFLAR -- PTMA -- NR3C1 -- FADD -- RAC1 -- MAP3K14 -- RET -- TRADD -- MAPK1 -- TRAF2 -- CASP3 -- AKT1 -- DAB2IP -- CHUK -- TRAF6 -- PPP1R13L -- IRF1 -- MYB -- CYCS -- RNF11 -- CASP10 -- SOD1 -- RPA4 -- CASP7 -- PSIP1 -- BRCA1 -- CDKN2A -- BCL2L11 -- PELP1 -- EIF4E -- FOXM1 -- MCL1 -- CTBP1 -- PCNA -- TAF1 -- CASP9 -- CCNG1 -- APAF1 -- ALPI
239,SMURF2 -- TNF -- RIPK1 -- TP53 -- JUN -- FOS -- BIRC3 -- FASLG -- RB1 -- TNFAIP3 -- RHOA -- TGFB2 -- IL2 -- MAP2K7 -- VEGFA -- TRADD -- TRAF2 -- TNFRSF10B -- CASP3 -- KRT18 -- ATM -- DAB2IP -- MDM2 -- MAPK3 -- PPP1R13L -- MAPK9 -- IRF1 -- EIF4G2 -- CASP8 -- CDK6 -- RNF11 -- CASP10 -- BAD -- HNRNPK -- RPA4 -- TNIK -- CDKN1A -- HTT -- PSIP1 -- BRCA1 -- CDKN2A -- BCL2L11 -- PELP1 -- BAX -- FOXM1 -- PCNA -- PLAC8 -- CASP9 -- CCNG1 -- DIABLO -- APAF1 -- ALPI
240,TNFRSF1A -- SMURF2 -- TNF -- TP53 -- NFKB1 -- FOS -- BIRC3 -- MYC -- RB1 -- TNFAIP3 -- EP300 -- CCND1 -- CFLAR -- RHOA -- TGFB2 -- IL2 -- RELA -- FADD -- RAC1 -- MAP2K7 -- MAPK1 -- TRAF2 -- CASP3 -- ATM -- CASP2 -- E2F1 -- MDM2 -- RPS6KA5 -- LYN -- FAS -- EIF4G2 -- NFKBIA -- HIP1 -- BCL2 -- CASP8 -- CDK4 -- PSEN1 -- BAD -- HNRNPK -- BCL2L1 -- CASP7 -- SMPD1 -- CDKN1A -- HTT -- CDKN2A -- BBC3 -- BCL2L11 -- BAX -- EIF4E -- FOXM1 -- TFDP1 -- MCL1 -- RBL1 -- PCNA -- CASP9 -- ALPI -- RANGAP1
241,TNFRSF1A -- TNF -- TNFRSF1B -- RIPK1 -- MAPK8 -- BIRC2 -- BIRC3 -- MYC -- EP300 -- CCND1 -- CFLAR -- PTMA -- RHOA -- NR3C1 -- TGFB2 -- IL2 -- FADD -- MAP2K7 -- IGF1 -- RET -- MAPK1 -- TRAF2 -- TNFRSF10B -- CASP3 -- AKT1 -- DAB2IP -- CASP2 -- E2F1 -- MDM2 -- CHUK -- RPS6KA5 -- PPP1R13L -- IRF1 -- FAS -- EIF4G2 -- NFKBIA -- MYB -- CYCS -- HIP1 -- BCL2 -- CASP8 -- CDK6 -- RNF11 -- CASP10 -- PARP1 -- PSEN1 -- SOD1 -- RPA4 -- BCL2L1 -- SMPD1 -- TNIK -- RBL2 -- PSIP1 -- CDKN2A -- BBC3 -- BID -- FOXM1 -- TFDP1 -- PCNA -- TAF1 -- PLAC8 -- CCNG1 -- DIABLO -- APAF1 -- ALPI
242,RIPK1 -- NFKB1 -- STAT1 -- JUN -- BIRC2 -- SIRT1 -- MYC -- CCND1 -- CFLAR -- TRAF1 -- MAPK14 -- TGFB2 -- RELA -- FADD -- RAC1 -- MAP2K7 -- MAP3K14 -- TRADD -- TRAF2 -- TNFRSF10B -- CASP3 -- KRT18 -- AKT1 -- CASP2 -- RPS6KA5 -- MAPK3 -- TRAF6 -- PPP1R13L -- IRF1 -- FAS -- EIF4G2 -- HTRA2 -- NFKBIA -- BCL2 -- CDK6 -- OTUD7B -- PSEN1 -- BAD -- CASP7 -- CDKN1A -- HTT -- PSIP1 -- CDKN2A -- BCL2L11 -- BAX -- EIF4E -- FOXM1 -- MCL1 -- RBL1 -- TAF1 -- ALPI -- RASSF1 -- RANGAP1
243,SMURF2 -- RIPK1 -- TP53 -- NFKB1 -- STAT1 -- BIRC2 -- RB1 -- TNFAIP3 -- EP300 -- TRAF1 -- MAPK14 -- PTMA -- RHOA -- TGFB2 -- RAC1 -- MAP2K7 -- TRADD -- TRAF2 -- CASP3 -- KRT18 -- AKT1 -- ATM -- DAB2IP -- MDM2 -- MAPK3 -- TRAF6 -- PPP1R13L -- LYN -- IRF1 -- HTRA2 -- NFKBIA -- HIP1 -- RNF11 -- SOD1 -- RPA4 -- BCL2L1 -- BRCA1 -- BCL2L11 -- PELP1 -- EIF4E -- FOXM1 -- MCL1 -- RBL1 -- CASP9 -- CCNG1 -- DIABLO -- ALPI
244,SMURF2 -- RIPK1 -- TP53 -- NFKB1 -- MAPK8 -- BIRC2 -- FASLG -- TNFAIP3 -- EP300 -- CCND1 -- TRAF1 -- MAPK14 -- PTMA -- RHOA -- NR3C1 -- RELA -- RAC1 -- TRAF2 -- TNFRSF10B -- AKT1 -- DAB2IP -- NFKB2 -- CHUK -- EIF4G2 -- HTRA2 -- MYB -- HIP1 -- CDK4 -- CDK6 -- RNF11 -- CASP10 -- BAD -- SOD1 -- CASP7 -- SMPD1 -- TNIK -- RBL2 -- CDKN1A -- BRCA1 -- CDKN2A -- BBC3 -- BAX -- EIF4E -- CTBP1 -- RBL1 -- PLAC8 -- APAF1 -- ALPI -- RASSF1
245,SMURF2 -- TP53 -- NFKB1 -- MAPK8 -- FOS -- BIRC3 -- SIRT1 -- MYC -- TNFAIP3 -- EP300 -- CCND1 -- CFLAR -- TRAF1 -- MAPK14 -- RHOA -- RELA -- FADD -- MAP2K7 -- MAP3K1 -- VEGFA -- MAP3K14 -- RET -- MAPK1 -- TNFRSF10B -- CASP3 -- KRT18 -- ATM -- DAB2IP -- CASP2 -- E2F1 -- CHUK -- TRAF6 -- PPP1R13L -- LYN -- FAS -- HTRA2 -- NFKBIA -- MYB -- HIP1 -- BCL2 -- CASP8 -- CDK4 -- CDK6 -- OTUD7B -- CASP10 -- PARP1 -- SOD1 -- RPA4 -- CASP7 -- SMPD1 -- TNIK -- RBL2 -- PSIP1 -- CDKN2A -- BAK1 -- BID -- CTBP1 -- PCNA -- TAF1 -- CCNG1 -- ALPI -- RASSF1 -- RANGAP1
246,TNFRSF1A -- TNFRSF1B -- RIPK1 -- TP53 -- MAPK8 -- STAT1 -- FOS -- BIRC3 -- SIRT1 -- MYC -- RB1 -- EP300 -- CCND1 -- CFLAR -- MAPK14 -- PTMA -- NR3C1 -- IL2 -- RELA -- MAP2K7 -- MAP3K1 -- IGF1 -- VEGFA -- TGFB1 -- RET -- TRADD -- TNFRSF10B -- CASP3 -- ATM -- NFKB2 -- E2F1 -- CHUK -- RPS6KA5 -- MAPK3 -- PPP1R13L -- MAPK9 -- EIF4G2 -- HTRA2 -- MYB -- CDK4 -- CDK6 -- OTUD7B -- BAD -- SOD1 -- RPA4 -- BCL2L1 -- CASP7 -- SMPD1 -- CDKN1A -- CDKN2A -- BCL2L11 -- BAX -- BAK1 -- EIF4E -- FOXM1 -- MCL1 -- CTBP1 -- PCNA -- CASP9 -- CCNG1 -- DIABLO -- APAF1 -- ALPI
247,SMURF2 -- NFKB1 -- MAPK8 -- JUN -- BIRC2 -- BIRC3 -- FASLG -- MYC -- RB1 -- EP300 -- CFLAR -- TRAF1 -- MAPK14 -- NR3C1 -- FADD -- MAP3K1 -- TNFRSF10B -- AKT1 -- ATM -- DAB2IP -- E2F1 -- MDM2 -- PPP1R13L -- MAPK9 -- NFKBIA -- CASP8 -- CDK4 -- CDK6 -- PSEN1 -- SOD1 -- RPA4 -- RBL2 -- PSIP1 -- BCL2L11 -- PELP1 -- BAK1 -- EIF4E -- BID -- FOXM1 -- TFDP1 -- MCL1 -- PCNA -- PLAC8 -- DIABLO
248,TNFRSF1A -- SMURF2 -- TNF -- RIPK1 -- TP53 -- STAT1 -- JUN -- BIRC2 -- SIRT1 -- FASLG -- MYC -- RB1 -- TNFAIP3 -- MAPK14 -- RHOA -- RELA -- FADD -- MAP2K7 -- MAP3K1 -- IGF1 -- VEGFA -- MAP3K14 -- TRADD -- MAPK1 -- TRAF2 -- TNFRSF10B -- AKT1 -- CASP2 -- MDM2 -- CHUK -- TRAF6 -- FAS -- EIF4G2 -- HTRA2 -- MYB -- CYCS -- HIP1 -- CDK6 -- OTUD7B -- SOD1 -- HNRNPK -- RPA4 -- CASP7 -- SMPD1 -- CDKN1A -- BRCA1 -- BCL2L11 -- PELP1 -- BAX -- EIF4E -- BID -- FOXM1 -- TFDP1 -- MCL1 -- CTBP1 -- RBL1 -- PCNA -- CASP9 -- CCNG1 -- APAF1 -- ALPI -- RASSF1 -- RANGAP1
249,TNFRSF1A -- SMURF2 -- TNF -- RIPK1 -- TP53 -- NFKB1 -- MAPK8 -- JUN -- BIRC2 -- MYC -- RB1 -- TNFAIP3 -- EP300 -- CCND1 -- MAPK14 -- RHOA -- IL2 -- FADD -- RAC1 -- TGFB1 -- MAP3K14 -- RET -- MAPK1 -- CASP3 -- AKT1 -- DAB2IP -- CASP2 -- MDM2 -- RPS6KA5 -- TRAF6 -- PPP1R13L -- MAPK9 -- LYN -- IRF1 -- HTRA2 -- NFKBIA -- MYB -- HIP1 -- CASP8 -- CDK6 -- PARP1 -- PSEN1 -- BAD -- SOD1 -- RPA4 -- CDKN1A -- PSIP1 -- BRCA1 -- BBC3 -- PELP1 -- EIF4E -- BID -- FOXM1 -- TFDP1 -- TAF1 -- PLAC8 -- CCNG1 -- DIABLO -- APAF1 -- ALPI -- RANGAP1
250,TNF -- TP53 -- STAT1 -- FOS -- BIRC2 -- BIRC3 -- MYC -- RB1 -- TNFAIP3 -- CCND1 -- RHOA -- RELA -- FADD -- RAC1 -- MAP2K7 -- TGFB1 -- MAP3K14 -- MAPK1 -- TRAF2 -- ATM -- NFKB2 -- CASP2 -- CHUK -- MAPK3 -- MAPK9 -- LYN -- HTRA2 -- MYB -- CASP8 -- OTUD7B -- RNF11 -- CASP10 -- PARP1 -- PSEN1 -- SOD1 -- BCL2L1 -- CASP7 -- SMPD1 -- PSIP1 -- BRCA1 -- CDKN2A -- BBC3 -- BCL2L11 -- BAK1 -- BID -- FOXM1 -- TFDP1 -- CTBP1 -- RBL1 -- CASP9 -- CCNG1 -- DIABLO -- APAF1 -- RASSF1
251,TNFRSF1A -- TNFRSF1B -- TP53 -- NFKB1 -- STAT1 -- BIRC3 -- EP300 -- CCND1 -- CFLAR -- TRAF1 -- RELA -- RAC1 -- MAP3K1 -- VEGFA -- MAP3K14 -- RET -- TRADD -- CASP3 -- AKT1 -- CASP2 -- E2F1 -- CHUK -- MAPK3 -- TRAF6 -- PPP1R13L -- MAPK9 -- LYN -- IRF1 -- MYB -- CYCS -- BCL2 -- CASP8 -- CDK6 -- OTUD7B -- PARP1 -- SOD1 -- HNRNPK -- TNIK -- RBL2 -- PSIP1 -- CDKN2A -- BCL2L11 -- BAK1 -- FOXM1 -- MCL1 -- CTBP1 -- TAF1 -- CASP9 -- DIABLO -- APAF1 -- RASSF1 -- RANGAP1
252,TP53 -- JUN -- BIRC3 -- EP300 -- CCND1 -- MAPK14 -- PTMA -- RHOA -- NR3C1 -- TGFB2 -- IL2 -- IGF1 -- VEGFA -- RET -- MAPK1 -- TNFRSF10B -- KRT18 -- AKT1 -- ATM -- NFKB2 -- CASP2 -- CHUK -- RPS6KA5 -- MAPK3 -- TRAF6 -- IRF1 -- FAS -- EIF4G2 -- NFKBIA -- MYB -- HIP1 -- BCL2 -- CDK6 -- OTUD7B -- RNF11 -- CASP10 -- PSEN1 -- BAD -- SOD1 -- HNRNPK -- RPA4 -- BCL2L1 -- CASP7 -- RBL2 -- CDKN1A -- HTT -- BRCA1 -- CDKN2A -- BBC3 -- BCL2L11 -- PELP1 -- BAX -- EIF4E -- BID -- FOXM1 -- MCL1 -- PCNA -- PLAC8 -- CASP9 -- DIABLO -- APAF1 -- RANGAP1
253,TNFRSF1A -- SMURF2 -- TNFRSF1B -- RIPK1 -- MAPK8 -- JUN -- FOS -- SIRT1 -- RB1 -- EP300 -- CCND1 -- MAPK14 -- PTMA -- RHOA -- TGFB2 -- RELA -- FADD -- RAC1 -- MAP2K7 -- MAP3K1 -- MAP3K14 -- RET -- MAPK1 -- TNFRSF10B -- CASP3 -- KRT18 -- ATM -- RPS6KA5 -- MAPK3 -- PPP1R13L -- LYN -- FAS -- HTRA2 -- CYCS -- HIP1 -- CASP8 -- CDK6 -- BAD -- SOD1 -- BCL2L1 -- CDKN1A -- PSIP1 -- BRCA1 -- CDKN2A -- BCL2L11 -- BAX -- BAK1 -- EIF4E -- FOXM1 -- MCL1 -- RBL1 -- PCNA -- CASP9 -- RASSF1
254,RIPK1 -- NFKB1 -- JUN -- FOS -- BIRC3 -- FASLG -- RB1 -- EP300 -- CFLAR -- TGFB2 -- IL2 -- FADD -- RAC1 -- MAP3K1 -- IGF1 -- VEGFA -- TRAF2 -- TNFRSF10B -- AKT1 -- ATM -- DAB2IP -- MDM2 -- RPS6KA5 -- TRAF6 -- MAPK9 -- FAS -- HTRA2 -- CYCS -- CASP8 -- CDK6 -- RNF11 -- PARP1 -- PSEN1 -- RPA4 -- CASP7 -- TNIK -- RBL2 -- CDKN1A -- HTT -- BRCA1 -- CDKN2A -- PELP1 -- BAX -- TFDP1 -- MCL1 -- CTBP1 -- PCNA -- PLAC8 -- CASP9 -- RASSF1
255,TNFRSF1B -- BIRC2 -- BIRC3 -- SIRT1 -- MYC -- RB1 -- TNFAIP3 -- EP300 -- CCND1 -- CFLAR -- MAPK14 -- RHOA -- NR3C1 -- IL2 -- RELA -- FADD -- RAC1 -- MAP2K7 -- MAP3K1 -- MAP3K14 -- MAPK1 -- TNFRSF10B -- CASP3 -- KRT18 -- ATM -- E2F1 -- PPP1R13L -- MAPK9 -- LYN -- IRF1 -- HTRA2 -- MYB -- CYCS -- HIP1 -- CDK4 -- CDK6 -- RNF11 -- PARP1 -- PSEN1 -- HNRNPK -- BCL2L1 -- CASP7 -- SMPD1 -- CDKN1A -- PSIP1 -- CDKN2A -- BBC3 -- BAX -- EIF4E -- BID -- FOXM1 -- TFDP1 -- CTBP1 -- RBL1 -- PCNA -- PLAC8 -- CASP9 -- ALPI -- RANGAP1
256,TNFRSF1A -- SMURF2 -- TNF -- RIPK1 -- FOS -- BIRC3 -- SIRT1 -- RB1 -- TNFAIP3 -- EP300 -- CCND1 -- CFLAR -- PTMA -- TGFB2 -- RELA -- RAC1 -- MAP2K7 -- TRADD -- CASP3 -- NFKB2 -- CASP2 -- MAPK3 -- EIF4G2 -- CYCS -- HIP1 -- OTUD7B -- PSEN1 -- SOD1 -- HNRNPK -- BCL2L1 -- RBL2 -- PSIP1 -- BRCA1 -- PELP1 -- EIF4E -- BID -- TFDP1 -- CTBP1 -- PCNA -- TAF1 -- CASP9 -- DIABLO -- APAF1 -- ALPI -- RASSF1
257,TNFRSF1B -- TP53 -- NFKB1 -- STAT1 -- FOS -- BIRC2 -- SIRT1 -- FASLG -- EP300 -- TRAF1 -- MAPK14 -- NR3C1 -- RELA -- RAC1 -- MAP2K7 -- IGF1 -- VEGFA -- TGFB1 -- RET -- TRADD -- TRAF2 -- KRT18 -- AKT1 -- ATM -- DAB2IP -- NFKB2 -- MDM2 -- CHUK -- TRAF6 -- MAPK9 -- LYN -- EIF4G2 -- HTRA2 -- NFKBIA -- CYCS -- HIP1 -- BCL2 -- CASP8 -- CDK4 -- CDK6 -- OTUD7B -- PARP1 -- PSEN1 -- BAD -- HNRNPK -- BCL2L1 -- CASP7 -- TNIK -- CDKN1A -- PSIP1 -- BRCA1 -- CDKN2A -- BBC3 -- BCL2L11 -- PELP1 -- BAX -- EIF4E -- TFDP1 -- MCL1 -- CTBP1 -- CASP9 -- DIABLO -- RANGAP1
258,TNFRSF1A -- TNFRSF1B -- RIPK1 -- TP53 -- NFKB1 -- MAPK8 -- STAT1 -- FOS -- BIRC2 -- BIRC3 -- SIRT1 -- RB1 -- CFLAR -- TRAF1 -- MAPK14 -- PTMA -- RHOA -- TGFB2 -- IL2 -- RELA -- RAC1 -- IGF1 -- VEGFA -- MAP3K14 -- RET -- MAPK1 -- TRAF2 -- TNFRSF10B -- AKT1 -- DAB2IP -- E2F1 -- MDM2 -- CHUK -- LYN -- IRF1 -- EIF4G2 -- HTRA2 -- NFKBIA -- MYB -- BCL2 -- CDK4 -- OTUD7B -- RNF11 -- CASP10 -- SOD1 -- HNRNPK -- SMPD1 -- RBL2 -- CDKN1A -- HTT -- BRCA1 -- CDKN2A -- BBC3 -- BAK1 -- BID -- FOXM1 -- PCNA -- TAF1 -- CASP9 -- APAF1 -- ALPI
259,TNFRSF1A -- RIPK1 -- SIRT1 -- RB1 -- TNFAIP3 -- EP300 -- PTMA -- TGFB2 -- RELA -- MAP2K7 -- IGF1 -- MAPK1 -- KRT18 -- AKT1 -- ATM -- DAB2IP -- NFKB2 -- CASP2 -- E2F1 -- PPP1R13L -- MAPK9 -- HTRA2 -- CYCS -- BCL2 -- CASP8 -- CDK4 -- CDK6 -- OTUD7B -- PSEN1 -- SOD1 -- HNRNPK -- RPA4 -- TNIK -- HTT -- BRCA1 -- PELP1 -- BID -- FOXM1 -- TFDP1 -- MCL1 -- CTBP1 -- RBL1 -- CASP9 -- DIABLO -- APAF1 -- RASSF1 -- RANGAP1
260,TNFRSF1A -- SMURF2 -- TNF -- TNFRSF1B -- TP53 -- NFKB1 -- BIRC3 -- FASLG -- MAPK14 -- RAC1 -- MAP3K1 -- VEGFA -- TGFB1 -- RET -- KRT18 -- ATM -- NFKB2 -- E2F1 -- MDM2 -- CHUK -- RPS6KA5 -- TRAF6 -- PPP1R13L -- LYN -- IRF1 -- FAS -- NFKBIA -- MYB -- HIP1 -- BCL2 -- PARP1 -- PSEN1 -- BAD -- SOD1 -- HNRNPK -- CASP7 -- TNIK -- CDKN1A -- BRCA1 -- BCL2L11 -- BAK1 -- EIF4E -- FOXM1 -- TFDP1 -- MCL1 -- RBL1 -- PCNA -- TAF1 -- CCNG1 -- RASSF1 -- RANGAP1
261,TNFRSF1A -- SMURF2 -- TNF -- MAPK8 -- STAT1 -- JUN -- FOS -- BIRC2 -- SIRT1 -- FASLG -- EP300 -- PTMA -- NR3C1 -- FADD -- RAC1 -- MAP2K7 -- MAP3K1 -- VEGFA -- MAP3K14 -- MAPK1 -- TNFRSF10B -- ATM -- E2F1 -- CHUK -- PPP1R13L -- MAPK9 -- LYN -- EIF4G2 -- NFKBIA -- HIP1 -- BCL2 -- CDK6 -- RNF11 -- CASP10 -- PSEN1 -- BCL2L1 -- SMPD1 -- TNIK -- CDKN1A -- PSIP1 -- BCL2L11 -- PELP1 -- TFDP1 -- MCL1 -- CTBP1 -- RBL1 -- CASP9 -- DIABLO -- ALPI -- RASSF1 -- RANGAP1
262,TNFRSF1A -- SMURF2 -- TNFRSF1B -- NFKB1 -- MAPK8 -- STAT1 -- BIRC2 -- SIRT1 -- MYC -- TNFAIP3 -- CCND1 -- CFLAR -- MAPK14 -- PTMA -- TGFB2 -- IL2 -- RELA -- FADD -- MAP2K7 -- MAP3K1 -- TGFB1 -- MAP3K14 -- RET -- TRADD -- MAPK1 -- CASP3 -- DAB2IP -- NFKB2 -- CASP2 -- RPS6KA5 -- MAPK3 -- TRAF6 -- IRF1 -- FAS -- EIF4G2 -- HTRA2 -- NFKBIA -- MYB -- CYCS -- HIP1 -- BCL2 -- CDK6 -- OTUD7B -- BAD -- SOD1 -- HNRNPK -- RPA4 -- RBL2 -- CDKN1A -- HTT -- BAX -- BAK1 -- EIF4E -- TFDP1 -- CTBP1 -- RBL1 -- PCNA -- TAF1 -- DIABLO -- APAF1
263,TNF -- TP53 -- MAPK8 -- STAT1 -- JUN -- SIRT1 -- FASLG -- RB1 -- TNFAIP3 -- EP300 -- TRAF1 -- MAPK14 -- PTMA -- RHOA -- NR3C1 -- TGFB2 -- RELA -- FADD -- MAP3K1 -- VEGFA -- TGFB1 -- TRADD -- TRAF2 -- TNFRSF10B -- AKT1 -- ATM -- NFKB2 -- CASP2 -- MDM2 -- RPS6KA5 -- MAPK3 -- TRAF6 -- PPP1R13L -- MAPK9 -- MYB -- BCL2 -- CDK4 -- RNF11 -- PARP1 -- PSEN1 -- BCL2L1 -- SMPD1 -- TNIK -- RBL2 -- CDKN1A -- HTT -- PSIP1 -- BRCA1 -- CDKN2A -- BBC3 -- PELP1 -- BAK1 -- EIF4E -- BID -- FOXM1 -- TFDP1 -- MCL1 -- CTBP1 -- RBL1 -- PCNA -- CCNG1 -- APAF1 -- ALPI -- RASSF1 -- RANGAP1
264,TNFRSF1A -- TNF -- TNFRSF1B -- RIPK1 -- TP53 -- NFKB1 -- JUN -- BIRC3 -- TNFAIP3 -- EP300 -- CFLAR -- MAPK14 -- PTMA -- TGFB2 -- IL2 -- RELA -- RAC1 -- MAP2K7 -- MAP3K1 -- VEGFA -- MAP3K14 -- RET -- TRADD -- CASP3 -- KRT18 -- AKT1 -- ATM -- DAB2IP -- NFKB2 -- E2F1 -- RPS6KA5 -- TRAF6 -- PPP1R13L -- MAPK9 -- EIF4G2 -- CDK6 -- OTUD7B -- PSEN1 -- SOD1 -- BCL2L1 -- RBL2 -- CDKN1A -- HTT -- PSIP1 -- BBC3 -- BAX -- FOXM1 -- TFDP1 -- MCL1 -- RBL1 -- TAF1 -- PLAC8 -- DIABLO -- APAF1 -- RANGAP1
265,SMURF2 -- TNF -- TP53 -- STAT1 -- FOS -- BIRC2 -- BIRC3 -- SIRT1 -- FASLG -- MYC -- RB1 -- MAPK14 -- RHOA -- NR3C1 -- TGFB2 -- IL2 -- FADD -- RAC1 -- MAP2K7 -- VEGFA -- TNFRSF10B -- KRT18 -- NFKB2 -- E2F1 -- MDM2 -- CHUK -- RPS6KA5 -- MAPK3 -- LYN -- NFKBIA -- CYCS -- HIP1 -- CASP8 -- CDK4 -- OTUD7B -- RNF11 -- CASP10 -- PARP1 -- PSEN1 -- SOD1 -- BCL2L1 -- CASP7 -- HTT -- CDKN2A -- BCL2L11 -- BAK1 -- BID -- MCL1 -- CTBP1 -- CCNG1 -- APAF1 -- ALPI -- RASSF1
266,SMURF2 -- RIPK1 -- TP53 -- NFKB1 -- FASLG -- MYC -- EP300 -- CCND1 -- CFLAR -- PTMA -- RHOA -- NR3C1 -- TGFB2 -- MAP2K7 -- MAP3K1 -- VEGFA -- TRADD -- CASP3 -- KRT18 -- AKT1 -- MDM2 -- CHUK -- RPS6KA5 -- MAPK3 -- TRAF6 -- MAPK9 -- FAS -- EIF4G2 -- CYCS -- BCL2 -- OTUD7B -- PSEN1 -- SOD1 -- HNRNPK -- CASP7 -- SMPD1 -- TNIK -- RBL2 -- CDKN1A -- HTT -- CDKN2A -- BBC3 -- BCL2L11 -- BAX -- BAK1 -- FOXM1 -- TFDP1 -- MCL1 -- CTBP1 -- RBL1 -- PCNA -- CASP9 -- CCNG1 -- ALPI -- RASSF1
267,SMURF2 -- TNF -- TNFRSF1B -- RIPK1 -- NFKB1 -- MAPK8 -- STAT1 -- JUN -- FOS -- FASLG -- MYC -- RB1 -- TNFAIP3 -- CFLAR -- MAPK14 -- RHOA -- RAC1 -- MAP2K7 -- VEGFA -- TGFB1 -- MAP3K14 -- RET -- KRT18 -- ATM -- NFKB2 -- CASP2 -- E2F1 -- MDM2 -- CHUK -- PPP1R13L -- CYCS -- HIP1 -- BCL2 -- CDK6 -- OTUD7B -- RNF11 -- PARP1 -- PSEN1 -- BAD -- BCL2L1 -- CASP7 -- SMPD1 -- TNIK -- RBL2 -- CDKN1A -- PSIP1 -- BRCA1 -- BAX -- BAK1 -- BID -- MCL1 -- RBL1 -- CASP9 -- CCNG1 -- RASSF1
268,TNFRSF1A -- SMURF2 -- TNF -- TNFRSF1B -- RIPK1 -- NFKB1 -- MAPK8 -- STAT1 -- JUN -- BIRC2 -- BIRC3 -- SIRT1 -- FASLG -- MYC -- RB1 -- EP300 -- CCND1 -- CFLAR -- TRAF1 -- MAPK14 -- RHOA -- NR3C1 -- IL2 -- RELA -- MAP3K1 -- IGF1 -- VEGFA -- TGFB1 -- RET -- MAPK1 -- TRAF2 -- TNFRSF10B -- CASP3 -- KRT18 -- AKT1 -- ATM -- NFKB2 -- CASP2 -- E2F1 -- MDM2 -- RPS6KA5 -- MAPK3 -- TRAF6 -- PPP1R13L -- MAPK9 -- IRF1 -- EIF4G2 -- NFKBIA -- CYCS -- HIP1 -- CASP8 -- CDK4 -- RNF11 -- PARP1 -- BAD -- SOD1 -- RPA4 -- BCL2L1 -- TNIK -- RBL2 -- CDKN1A -- HTT -- PELP1 -- BAK1 -- FOXM1 -- MCL1 -- CTBP1 -- RBL1 -- PCNA -- APAF1 -- ALPI -- RANGAP1
269,TNFRSF1A -- SMURF2 -- STAT1 -- BIRC3 -- SIRT1 -- FASLG -- MYC -- RB1 -- EP300 -- CCND1 -- TRAF1 -- NR3C1 -- FADD -- MAP2K7 -- IGF1 -- TRADD -- MAPK1 -- TNFRSF10B -- KRT18 -- AKT1 -- NFKB2 -- E2F1 -- MDM2 -- MAPK3 -- TRAF6 -- PPP1R13L -- MAPK9 -- EIF4G2 -- CYCS -- BCL2 -- CASP8 -- CDK6 -- OTUD7B -- RNF11 -- PSEN1 -- HNRNPK -- CASP7 -- SMPD1 -- RBL2 -- HTT -- BRCA1 -- CDKN2A -- BAK1 -- EIF4E -- BID -- FOXM1 -- TFDP1 -- MCL1 -- CTBP1 -- RBL1 -- PCNA -- TAF1 -- PLAC8 -- APAF1 -- RASSF1
270,TNFRSF1A -- TNF -- RIPK1 -- TP53 -- MAPK8 -- STAT1 -- FOS -- BIRC2 -- BIRC3 -- MYC -- RB1 -- CCND1 -- CFLAR -- RHOA -- NR3C1 -- RELA -- FADD -- RAC1 -- MAP2K7 -- MAP3K1 -- MAP3K14 -- RET -- TRADD -- TRAF2 -- CASP3 -- KRT18 -- AKT1 -- ATM -- DAB2IP -- E2F1 -- MDM2 -- CHUK -- RPS6KA5 -- MAPK3 -- PPP1R13L -- MAPK9 -- LYN -- FAS -- EIF4G2 -- HTRA2 -- NFKBIA -- MYB -- HIP1 -- CASP8 -- RNF11 -- CASP10 -- PSEN1 -- SOD1 -- SMPD1 -- TNIK -- CDKN1A -- PSIP1 -- BRCA1 -- BID -- FOXM1 -- CTBP1 -- PCNA -- CASP9 -- DIABLO -- RASSF1 -- RANGAP1
271,TNFRSF1A -- TNFRSF1B -- RIPK1 -- JUN -- FOS -- BIRC2 -- FASLG -- MYC -- CFLAR -- TRAF1 -- RHOA -- IL2 -- FADD -- MAP2K7 -- VEGFA -- TRADD -- MAPK1 -- TRAF2 -- CASP3 -- KRT18 -- ATM -- NFKB2 -- E2F1 -- MDM2 -- PPP1R13L -- IRF1 -- HTRA2 -- BCL2 -- CASP8 -- OTUD7B -- RNF11 -- PSEN1 -- CASP7 -- TNIK -- HTT -- CDKN2A -- BBC3 -- BCL2L11 -- PELP1 -- BAK1 -- EIF4E -- BID -- FOXM1 -- MCL1 -- CTBP1 -- PCNA -- PLAC8 -- CASP9 -- DIABLO -- APAF1 -- RANGAP1
272,TNFRSF1A -- RIPK1 -- NFKB1 -- MAPK8 -- FOS -- BIRC3 -- SIRT1 -- FASLG -- CFLAR -- MAPK14 -- PTMA -- RHOA -- TGFB2 -- IL2 -- RAC1 -- MAP2K7 -- MAP3K1 -- IGF1 -- TGFB1 -- TRADD -- MAPK1 -- TRAF2 -- CASP3 -- KRT18 -- AKT1 -- MDM2 -- RPS6KA5 -- PPP1R13L -- IRF1 -- EIF4G2 -- HTRA2 -- HIP1 -- BCL2 -- CASP8 -- OTUD7B -- RNF11 -- CASP7 -- SMPD1 -- TNIK -- RBL2 -- CDKN1A -- BRCA1 -- BBC3 -- BCL2L11 -- FOXM1 -- CTBP1 -- TAF1 -- CASP9 -- ALPI
273,TNFRSF1A -- SMURF2 -- TNFRSF1B -- RIPK1 -- NFKB1 -- MAPK8 -- JUN -- SIRT1 -- MYC -- TRAF1 -- NR3C1 -- TGFB2 -- IL2 -- RELA -- RAC1 -- MAP2K7 -- MAP3K1 -- VEGFA -- MAP3K14 -- MAPK1 -- TRAF2 -- ATM -- DAB2IP -- NFKB2 -- CASP2 -- E2F1 -- CHUK -- RPS6KA5 -- MAPK3 -- PPP1R13L -- EIF4G2 -- BCL2 -- CASP8 -- RNF11 -- HNRNPK -- CASP7 -- RBL2 -- HTT -- BRCA1 -- CDKN2A -- BBC3 -- BAK1 -- FOXM1 -- TFDP1 -- RBL1 -- PCNA -- TAF1 -- CASP9 -- DIABLO -- APAF1
274,SMURF2 -- TNFRSF1B -- NFKB1 -- STAT1 -- JUN -- FOS -- BIRC2 -- BIRC3 -- SIRT1 -- RB1 -- TRAF1 -- MAPK14 -- NR3C1 -- TGFB2 -- RELA -- FADD -- RAC1 -- MAP2K7 -- VEGFA -- TGFB1 -- TNFRSF10B -- CASP3 -- AKT1 -- ATM -- NFKB2 -- LYN -- EIF4G2 -- NFKBIA -- MYB -- CYCS -- HIP1 -- CDK4 -- CDK6 -- OTUD7B -- CASP10 -- PARP1 -- BAD -- BCL2L1 -- CASP7 -- SMPD1 -- TNIK -- BRCA1 -- BBC3 -- BCL2L11 -- PELP1 -- BAX -- BAK1 -- FOXM1 -- MCL1 -- CTBP1 -- RBL1 -- TAF1 -- CASP9 -- CCNG1 -- DIABLO -- RASSF1 -- RANGAP1
275,TNF -- TNFRSF1B -- TP53 -- NFKB1 -- MAPK8 -- STAT1 -- JUN -- BIRC2 -- SIRT1 -- FASLG -- RB1 -- EP300 -- TRAF1 -- RHOA -- TGFB2 -- IL2 -- RELA -- RAC1 -- MAP2K7 -- VEGFA -- RET -- TRAF2 -- TNFRSF10B -- CASP3 -- KRT18 -- ATM -- NFKB2 -- CASP2 -- MDM2 -- CHUK -- MAPK3 -- TRAF6 -- PPP1R13L -- MAPK9 -- IRF1 -- HTRA2 -- MYB -- CYCS -- HIP1 -- BCL2 -- CDK4 -- CDK6 -- CASP10 -- PARP1 -- PSEN1 -- BAD -- HNRNPK -- BCL2L1 -- CASP7 -- SMPD1 -- TNIK -- RBL2 -- CDKN1A -- PSIP1 -- BRCA1 -- BBC3 -- BCL2L11 -- PELP1 -- BAK1 -- BID -- FOXM1 -- MCL1 -- CTBP1 -- PLAC8 -- CCNG1 -- APAF1 -- RANGAP1
276,SMURF2 -- TNF -- TNFRSF1B -- RIPK1 -- JUN -- BIRC2 -- BIRC3 -- SIRT1 -- TNFAIP3 -- EP300 -- MAPK14 -- IL2 -- RAC1 -- MAP3K1 -- IGF1 -- MAP3K14 -- MAPK1 -- TRAF2 -- TNFRSF10B -- AKT1 -- DAB2IP -- NFKB2 -- CHUK -- RPS6KA5 -- MAPK3 -- PPP1R13L -- IRF1 -- FAS -- HTRA2 -- BCL2 -- OTUD7B -- PSEN1 -- BAD -- SOD1 -- CDKN1A -- PSIP1 -- CDKN2A -- BBC3 -- PELP1 -- EIF4E -- BID -- FOXM1 -- TFDP1 -- MCL1 -- CTBP1 -- PCNA -- DIABLO -- ALPI -- RASSF1 -- RANGAP1
277,SMURF2 -- MAPK8 -- JUN -- BIRC2 -- BIRC3 -- SIRT1 -- MYC -- TNFAIP3 -- CFLAR -- TRAF1 -- PTMA -- RHOA -- TGFB2 -- IL2 -- FADD -- RAC1 -- TGFB1 -- MAP3K14 -- KRT18 -- ATM -- DAB2IP -- CASP2 -- E2F1 -- CHUK -- PPP1R13L -- MAPK9 -- IRF1 -- FAS -- EIF4G2 -- NFKBIA -- CYCS -- BCL2 -- CASP8 -- RNF11 -- PSEN1 -- BAD -- SOD1 -- BCL2L1 -- RBL2 -- CDKN1A -- BRCA1 -- CDKN2A -- BCL2L11 -- BAK1 -- EIF4E -- TFDP1 -- CTBP1 -- PLAC8 -- CASP9 -- DIABLO -- RASSF1 -- RANGAP1
278,TNFRSF1A -- TNF -- MAPK8 -- STAT1 -- FOS -- BIRC2 -- MYC -- CCND1 -- CFLAR -- PTMA -- RHOA -- NR3C1 -- IL2 -- RELA -- MAP2K7 -- MAP3K1 -- IGF1 -- VEGFA -- TGFB1 -- RET -- TRADD -- TRAF2 -- AKT1 -- ATM -- NFKB2 -- E2F1 -- CHUK -- MAPK9 -- LYN -- IRF1 -- HIP1 -- BCL2 -- CASP8 -- CDK6 -- RNF11 -- BAD -- SOD1 -- RPA4 -- BCL2L1 -- BRCA1 -- BBC3 -- EIF4E -- BID -- FOXM1 -- TFDP1 -- MCL1 -- PCNA -- TAF1 -- PLAC8 -- ALPI -- RASSF1 -- RANGAP1
279,TNFRSF1A -- TNF -- MAPK8 -- STAT1 -- JUN -- FOS -- MYC -- EP300 -- CCND1 -- TGFB2 -- RELA -- FADD -- RAC1 -- MAP2K7 -- IGF1 -- VEGFA -- TGFB1 -- RET -- TNFRSF10B -- CASP3 -- AKT1 -- CASP2 -- E2F1 -- MDM2 -- CHUK -- MAPK3 -- TRAF6 -- PPP1R13L -- LYN -- FAS -- EIF4G2 -- HTRA2 -- MYB -- HIP1 -- CDK6 -- RNF11 -- CASP10 -- PSEN1 -- SOD1 -- RPA4 -- CASP7 -- RBL2 -- HTT -- PSIP1 -- CDKN2A -- BAK1 -- BID -- MCL1 -- PCNA -- PLAC8 -- CASP9 -- CCNG1 -- DIABLO -- APAF1 -- ALPI
280,TNFRSF1A -- SMURF2 -- TNF -- TNFRSF1B -- RIPK1 -- NFKB1 -- STAT1 -- FOS -- SIRT1 -- MYC -- CFLAR -- PTMA -- NR3C1 -- RAC1 -- MAP2K7 -- MAP3K1 -- IGF1 -- TRADD -- KRT18 -- DAB2IP -- CASP2 -- MDM2 -- RPS6KA5 -- MAPK3 -- TRAF6 -- PPP1R13L -- MAPK9 -- LYN -- IRF1 -- FAS -- EIF4G2 -- NFKBIA -- MYB -- HIP1 -- BCL2 -- CASP8 -- CDK6 -- OTUD7B -- PSEN1 -- SOD1 -- BCL2L1 -- CASP7 -- TNIK -- RBL2 -- CDKN1A -- HTT -- PSIP1 -- BCL2L11 -- PELP1 -- BAX -- BID -- FOXM1 -- PLAC8 -- CASP9 -- CCNG1 -- APAF1
281,TNF -- TNFRSF1B -- TP53 -- STAT1 -- JUN -- FOS -- BIRC3 -- SIRT1 -- EP300 -- CFLAR -- PTMA -- RHOA -- TGFB2 -- RELA -- MAP3K1 -- IGF1 -- VEGFA -- RET -- MAPK1 -- TRAF2 -- TNFRSF10B -- CASP3 -- KRT18 -- ATM -- CASP2 -- E2F1 -- MDM2 -- TRAF6 -- EIF4G2 -- HTRA2 -- NFKBIA -- HIP1 -- BCL2 -- CASP8 -- RNF11 -- CASP10 -- PSEN1 -- BAD -- SOD1 -- HNRNPK -- BCL2L1 -- CASP7 -- TNIK -- RBL2 -- CDKN1A -- PSIP1 -- BRCA1 -- CDKN2A -- BBC3 -- BAX -- BAK1 -- BID -- TFDP1 -- MCL1
282,TNFRSF1A -- TNF -- TNFRSF1B -- TP53 -- MAPK8 -- STAT1 -- FOS -- BIRC2 -- BIRC3 -- SIRT1 -- FASLG -- MYC -- EP300 -- CCND1 -- TRAF1 -- MAPK14 -- RHOA -- RELA -- FADD -- RAC1 -- VEGFA -- MAP3K14 -- TRADD -- TNFRSF10B -- CASP3 -- AKT1 -- ATM -- DAB2IP -- NFKB2 -- CASP2 -- CHUK -- TRAF6 -- MAPK9 -- LYN -- HTRA2 -- MYB -- BCL2 -- CDK4 -- RNF11 -- PSEN1 -- BAD -- SOD1 -- RPA4 -- CASP7 -- SMPD1 -- TNIK -- CDKN1A -- PSIP1 -- BBC3 -- BAX -- BAK1 -- BID -- FOXM1 -- TFDP1 -- MCL1 -- CTBP1 -- RBL1 -- PCNA -- PLAC8 -- CCNG1 -- DIABLO -- APAF1 -- RANGAP1
283,TNF -- TNFRSF1B -- TP53 -- MAPK8 -- STAT1 -- BIRC2 -- BIRC3 -- SIRT1 -- FASLG -- MYC -- RB1 -- TNFAIP3 -- CCND1 -- CFLAR -- MAPK14 -- RHOA -- TGFB2 -- IL2 -- MAP3K1 -- VEGFA -- MAP3K14 -- MAPK1 -- CASP3 -- CASP2 -- E2F1 -- MDM2 -- FAS -- HTRA2 -- NFKBIA -- MYB -- CYCS -- HIP1 -- CASP8 -- CDK4 -- CDK6 -- RNF11 -- CASP10 -- BAD -- SOD1 -- SMPD1 -- RBL2 -- PSIP1 -- BBC3 -- PELP1 -- BAX -- EIF4E -- BID -- MCL1 -- PCNA -- CCNG1 -- RANGAP1
284,SMURF2 -- TNFRSF1B -- RIPK1 -- NFKB1 -- MAPK8 -- FOS -- BIRC2 -- SIRT1 -- TRAF1 -- RHOA -- NR3C1 -- IL2 -- FADD -- MAP3K1 -- MAP3K14 -- TRAF2 -- TNFRSF10B -- CASP3 -- AKT1 -- ATM -- CASP2 -- E2F1 -- PPP1R13L -- HTRA2 -- NFKBIA -- MYB -- CYCS -- BCL2 -- CDK4 -- CDK6 -- OTUD7B -- RNF11 -- CASP10 -- PARP1 -- BAD -- HNRNPK -- BCL2L1 -- HTT -- PSIP1 -- BRCA1 -- PELP1 -- BAX -- BAK1 -- BID -- RBL1 -- DIABLO -- RANGAP1
285,TNF -- TP53 -- JUN -- FOS -- BIRC2 -- BIRC3 -- FASLG -- TNFAIP3 -- EP300 -- CCND1 -- CFLAR -- MAPK14 -- PTMA -- RHOA -- RELA -- FADD -- RAC1 -- MAP2K7 -- MAP3K1 -- TGFB1 -- RET -- MAPK1 -- TRAF2 -- ATM -- DAB2IP -- CASP2 -- MDM2 -- CHUK -- RPS6KA5 -- LYN -- FAS -- HTRA2 -- NFKBIA -- CYCS -- HIP1 -- BCL2 -- CDK6 -- OTUD7B -- BAD -- SOD1 -- HNRNPK -- RPA4 -- BCL2L1 -- CASP7 -- SMPD1 -- TNIK -- HTT -- PSIP1 -- BBC3 -- BCL2L11 -- PELP1 -- EIF4E -- TFDP1 -- MCL1 -- RBL1 -- PLAC8 -- CASP9 -- CCNG1 -- DIABLO -- RANGAP1
286,TNFRSF1A -- TNF -- TNFRSF1B -- RIPK1 -- MAPK8 -- STAT1 -- BIRC3 -- MYC -- TNFAIP3 -- CCND1 -- CFLAR -- MAPK14 -- NR3C1 -- IL2 -- RELA -- RAC1 -- MAP2K7 -- MAP3K1 -- TGFB1 -- RET -- TRADD -- MAPK1 -- TNFRSF10B -- MDM2 -- RPS6KA5 -- MAPK3 -- TRAF6 -- MAPK9 -- LYN -- FAS -- HTRA2 -- NFKBIA -- HIP1 -- BCL2 -- CASP8 -- CDK4 -- OTUD7B -- PARP1 -- PSEN1 -- BAD -- BCL2L1 -- CASP7 -- TNIK -- RBL2 -- CDKN1A -- PSIP1 -- BRCA1 -- BBC3 -- BCL2L11 -- BAX -- BAK1 -- EIF4E -- FOXM1 -- CTBP1 -- TAF1 -- APAF1 -- RASSF1
287,TNFRSF1A -- SMURF2 -- TNF -- TNFRSF1B -- TP53 -- NFKB1 -- MAPK8 -- STAT1 -- MYC -- RB1 -- TNFAIP3 -- EP300 -- TRAF1 -- MAPK14 -- PTMA -- RHOA -- RELA -- RAC1 -- MAP2K7 -- MAP3K1 -- VEGFA -- TGFB1 -- MAP3K14 -- TRADD -- MAPK1 -- TRAF2 -- KRT18 -- AKT1 -- ATM -- DAB2IP -- CASP2 -- E2F1 -- CHUK -- RPS6KA5 -- MAPK3 -- TRAF6 -- MAPK9 -- HTRA2 -- NFKBIA -- MYB -- BCL2 -- CASP8 -- CDK4 -- RNF11 -- PARP1 -- PSEN1 -- HNRNPK -- RPA4 -- BCL2L1 -- HTT -- BRCA1 -- PELP1 -- BAX -- BID -- TFDP1 -- MCL1 -- RBL1 -- TAF1 -- PLAC8 -- CCNG1 -- DIABLO
288,SMURF2 -- TNF -- TNFRSF1B -- TP53 -- NFKB1 -- MAPK8 -- FOS -- BIRC3 -- MYC -- TNFAIP3 -- CFLAR -- PTMA -- IL2 -- FADD -- IGF1 -- TRADD -- MAPK1 -- TRAF2 -- TNFRSF10B -- KRT18 -- ATM -- NFKB2 -- MDM2 -- MAPK3 -- TRAF6 -- PPP1R13L -- MAPK9 -- LYN -- IRF1 -- FAS -- EIF4G2 -- NFKBIA -- MYB -- BCL2 -- CASP8 -- CASP10 -- PARP1 -- PSEN1 -- BAD -- BCL2L1 -- SMPD1 -- HTT -- PSIP1 -- BRCA1 -- CDKN2A -- BCL2L11 -- BAK1 -- EIF4E -- BID -- FOXM1 -- RBL1 -- DIABLO -- ALPI
289,TNF -- TP53 -- NFKB1 -- MAPK8 -- STAT1 -- BIRC2 -- BIRC3 -- SIRT1 -- MYC -- RB1 -- EP300 -- CCND1 -- TRAF1 -- MAPK14 -- PTMA -- NR3C1 -- TGFB2 -- RELA -- FADD -- RAC1 -- TGFB1 -- MAP3K14 -- RET -- TRADD -- TRAF2 -- AKT1 -- ATM -- DAB2IP -- NFKB2 -- E2F1 -- CHUK -- RPS6KA5 -- TRAF6 -- PPP1R13L -- MAPK9 -- IRF1 -- FAS -- NFKBIA -- MYB -- CYCS -- HIP1 -- CASP8 -- CASP10 -- PSEN1 -- SOD1 -- CASP7 -- SMPD1 -- PSIP1 -- CDKN2A -- BBC3 -- BCL2L11 -- PELP1 -- BAX -- EIF4E -- BID -- MCL1 -- CTBP1 -- PCNA -- PLAC8 -- CASP9 -- CCNG1 -- DIABLO -- APAF1 -- ALPI -- RASSF1
290,TNFRSF1A -- SMURF2 -- RIPK1 -- TP53 -- NFKB1 -- MAPK8 -- SIRT1 -- FASLG -- RB1 -- CCND1 -- TRAF1 -- MAPK14 -- RHOA -- TGFB2 -- IL2 -- FADD -- MAP3K1 -- IGF1 -- TGFB1 -- MAP3K14 -- RET -- MAPK1 -- KRT18 -- DAB2IP -- NFKB2 -- CASP2 -- E2F1 -- MDM2 -- MAPK9 -- IRF1 -- NFKBIA -- CYCS -- HIP1 -- CDK4 -- CDK6 -- OTUD7B -- CASP10 -- PARP1 -- CASP7 -- TNIK -- RBL2 -- HTT -- PSIP1 -- BRCA1 -- PELP1 -- BAX -- BAK1 -- TFDP1 -- MCL1 -- CTBP1 -- RBL1 -- PCNA -- PLAC8 -- CASP9 -- CCNG1 -- DIABLO -- ALPI -- RASSF1 -- RANGAP1
291,SMURF2 -- TNF -- TNFRSF1B -- RIPK1 -- STAT1 -- BIRC2 -- BIRC3 -- FASLG -- RB1 -- EP300 -- MAPK14 -- PTMA -- NR3C1 -- IL2 -- RAC1 -- MAP2K7 -- IGF1 -- TGFB1 -- MAP3K14 -- RET -- MAPK1 -- CASP3 -- KRT18 -- AKT1 -- ATM -- DAB2IP -- E2F1 -- MDM2 -- CHUK -- RPS6KA5 -- MAPK9 -- LYN -- IRF1 -- NFKBIA -- MYB -- CYCS -- CDK4 -- RNF11 -- CASP10 -- BAD -- SOD1 -- RPA4 -- CASP7 -- RBL2 -- PSIP1 -- CDKN2A -- BAX -- BAK1 -- EIF4E -- BID -- TFDP1 -- MCL1 -- RBL1 -- PCNA -- CCNG1 -- RANGAP1
292,TNFRSF1A -- TNF -- TNFRSF1B -- RIPK1 -- TP53 -- STAT1 -- JUN -- FOS -- BIRC2 -- BIRC3 -- MYC -- TNFAIP3 -- EP300 -- CCND1 -- CFLAR -- TRAF1 -- MAPK14 -- PTMA -- RHOA -- TGFB2 -- RAC1 -- IGF1 -- RET -- TRADD -- MAPK1 -- AKT1 -- ATM -- DAB2IP -- MDM2 -- CHUK -- TRAF6 -- PPP1R13L -- MAPK9 -- LYN -- IRF1 -- NFKBIA -- HIP1 -- BCL2 -- CASP8 -- CDK4 -- CDK6 -- OTUD7B -- CASP10 -- PARP1 -- BAD -- SOD1 -- SMPD1 -- RBL2 -- PSIP1 -- CDKN2A -- PELP1 -- BAX -- BAK1 -- CTBP1 -- RBL1 -- PCNA -- TAF1 -- PLAC8 -- CASP9 -- CCNG1 -- DIABLO -- APAF1 -- ALPI -- RASSF1
293,TNF -- TNFRSF1B -- TP53 -- STAT1 -- FOS -- BIRC3 -- SIRT1 -- FASLG -- MYC -- EP300 -- CCND1 -- CFLAR -- RHOA -- IL2 -- FADD -- RAC1 -- IGF1 -- TRADD -- TRAF2 -- CASP3 -- KRT18 -- ATM -- DAB2IP -- NFKB2 -- E2F1 -- CHUK -- RPS6KA5 -- TRAF6 -- MAPK9 -- LYN -- HTRA2 -- MYB -- BCL2 -- CASP8 -- CDK4 -- CASP10 -- PSEN1 -- BAD -- SOD1 -- CASP7 -- TNIK -- RBL2 -- HTT -- CDKN2A -- BBC3 -- BAX -- EIF4E -- BID -- TFDP1 -- MCL1 -- RASSF1 -- RANGAP1
294,TNF -- RIPK1 -- NFKB1 -- FOS -- BIRC2 -- BIRC3 -- SIRT1 -- FASLG -- TNFAIP3 -- CCND1 -- CFLAR -- MAPK14 -- TGFB2 -- IL2 -- FADD -- MAP2K7 -- MAP3K1 -- VEGFA -- MAP3K14 -- MAPK1 -- NFKB2 -- CASP2 -- E2F1 -- MDM2 -- CHUK -- RPS6KA5 -- PPP1R13L -- MAPK9 -- LYN -- IRF1 -- EIF4G2 -- HTRA2 -- MYB -- HIP1 -- BCL2 -- CASP8 -- CDK6 -- PARP1 -- PSEN1 -- BAD -- RPA4 -- BRCA1 -- CDKN2A -- BBC3 -- BAX -- EIF4E -- FOXM1 -- RBL1 -- TAF1 -- PLAC8 -- CASP9 -- DIABLO -- RASSF1 -- RANGAP1
295,TNFRSF1A -- TNF -- TNFRSF1B -- TP53 -- NFKB1 -- MAPK8 -- STAT1 -- BIRC2 -- BIRC3 -- SIRT1 -- FASLG -- TNFAIP3 -- CCND1 -- CFLAR -- RHOA -- RELA -- RAC1 -- MAP3K1 -- IGF1 -- MAP3K14 -- RET -- TNFRSF10B -- CASP3 -- KRT18 -- AKT1 -- CASP2 -- RPS6KA5 -- MAPK3 -- PPP1R13L -- LYN -- IRF1 -- HTRA2 -- HIP1 -- CASP8 -- CDK4 -- CDK6 -- RNF11 -- PARP1 -- PSEN1 -- BAD -- HNRNPK -- BCL2L1 -- CASP7 -- SMPD1 -- RBL2 -- HTT -- BRCA1 -- BCL2L11 -- PELP1 -- EIF4E -- BID -- TFDP1 -- TAF1 -- PLAC8 -- CCNG1 -- DIABLO -- APAF1 -- RANGAP1
296,TNFRSF1A -- TNF -- TP53 -- MAPK8 -- FOS -- BIRC2 -- MYC -- TNFAIP3 -- CCND1 -- CFLAR -- TRAF1 -- MAPK14 -- RHOA -- TGFB2 -- IL2 -- FADD -- RAC1 -- MAP2K7 -- IGF1 -- VEGFA -- TGFB1 -- TRADD -- MAPK1 -- TRAF2 -- KRT18 -- AKT1 -- DAB2IP -- NFKB2 -- CASP2 -- MDM2 -- CHUK -- MAPK3 -- TRAF6 -- PPP1R13L -- MAPK9 -- LYN -- IRF1 -- FAS -- NFKBIA -- CDK6 -- OTUD7B -- CASP10 -- PARP1 -- PSEN1 -- BAD -- SOD1 -- HNRNPK -- SMPD1 -- CDKN1A -- BRCA1 -- CDKN2A -- BAK1 -- BID -- FOXM1 -- MCL1 -- CTBP1 -- PCNA -- TAF1 -- DIABLO -- APAF1
297,TNFRSF1A -- TNF -- TNFRSF1B -- RIPK1 -- TP53 -- NFKB1 -- STAT1 -- FOS -- BIRC2 -- BIRC3 -- SIRT1 -- FASLG -- MYC -- RB1 -- EP300 -- CCND1 -- CFLAR -- NR3C1 -- TGFB2 -- RELA -- FADD -- MAP2K7 -- MAP3K1 -- TRADD -- TRAF2 -- TNFRSF10B -- AKT1 -- NFKB2 -- CASP2 -- E2F1 -- CHUK -- TRAF6 -- PPP1R13L -- LYN -- IRF1 -- EIF4G2 -- HTRA2 -- CDK6 -- OTUD7B -- CASP10 -- PSEN1 -- SOD1 -- RPA4 -- TNIK -- RBL2 -- CDKN1A -- PSIP1 -- CDKN2A -- PELP1 -- EIF4E -- BID -- FOXM1 -- MCL1 -- RBL1 -- PCNA -- TAF1 -- PLAC8 -- CASP9 -- DIABLO -- ALPI -- RASSF1
298,SMURF2 -- TNF -- TNFRSF1B -- RIPK1 -- NFKB1 -- JUN -- FOS -- SIRT1 -- MYC -- EP300 -- MAPK14 -- RHOA -- NR3C1 -- RAC1 -- MAP2K7 -- MAP3K1 -- TNFRSF10B -- AKT1 -- NFKB2 -- CASP2 -- RPS6KA5 -- TRAF6 -- MAPK9 -- FAS -- EIF4G2 -- MYB -- CYCS -- BCL2 -- CASP10 -- PARP1 -- HNRNPK -- RPA4 -- BCL2L1 -- CASP7 -- SMPD1 -- TNIK -- RBL2 -- CDKN1A -- HTT -- BBC3 -- BCL2L11 -- PELP1 -- EIF4E -- BID -- FOXM1 -- PCNA -- CCNG1 -- RASSF1
299,TNFRSF1A -- TNF -- TNFRSF1B -- RIPK1 -- NFKB1 -- MAPK8 -- FOS -- BIRC2 -- SIRT1 -- MYC -- RB1 -- TNFAIP3 -- MAPK14 -- RHOA -- TGFB2 -- FADD -- MAP2K7 -- MAP3K14 -- MAPK1 -- TRAF2 -- TNFRSF10B -- NFKB2 -- CASP2 -- E2F1 -- MDM2 -- RPS6KA5 -- MAPK3 -- MAPK9 -- IRF1 -- NFKBIA -- MYB -- CYCS -- BCL2 -- CASP8 -- CDK6 -- OTUD7B -- RNF11 -- PARP1 -- BAD -- HNRNPK -- SMPD1 -- RBL2 -- CDKN1A -- HTT -- PSIP1 -- BBC3 -- BCL2L11 -- PELP1 -- BAX -- BAK1 -- EIF4E -- BID -- TFDP1 -- CTBP1 -- RBL1 -- TAF1 -- PLAC8 -- CASP9 -- DIABLO -- RANGAP1
300,TNFRSF1A -- SMURF2 -- TNF -- TP53 -- MAPK8 -- STAT1 -- FOS -- BIRC2 -- FASLG -- MYC -- CCND1 -- CFLAR -- MAPK14 -- PTMA -- RHOA -- TGFB2 -- RELA -- IGF1 -- TGFB1 -- RET -- TNFRSF10B -- ATM -- DAB2IP -- E2F1 -- MDM2 -- CHUK -- RPS6KA5 -- TRAF6 -- LYN -- EIF4G2 -- HIP1 -- BCL2 -- CASP8 -- OTUD7B -- PSEN1 -- SOD1 -- HNRNPK -- BCL2L1 -- CASP7 -- TNIK -- RBL2 -- CDKN1A -- BCL2L11 -- PELP1 -- BAX -- FOXM1 -- TFDP1 -- MCL1 -- RBL1 -- TAF1 -- PLAC8 -- APAF1 -- RANGAP1
301,TNFRSF1A -- NFKB1 -- MAPK8 -- STAT1 -- BIRC3 -- TNFAIP3 -- EP300 -- MAPK14 -- PTMA -- RHOA -- RAC1 -- MAP2K7 -- VEGFA -- TGFB1 -- MAP3K14 -- RET -- MAPK1 -- TRAF2 -- KRT18 -- AKT1 -- ATM -- DAB2IP -- NFKB2 -- CASP2 -- MAPK3 -- LYN -- IRF1 -- EIF4G2 -- HTRA2 -- MYB -- CYCS -- HIP1 -- BCL2 -- CASP8 -- CASP10 -- PSEN1 -- BAD -- SOD1 -- BCL2L1 -- SMPD1 -- TNIK -- PSIP1 -- BCL2L11 -- PELP1 -- BID -- FOXM1 -- TFDP1 -- MCL1 -- CTBP1 -- RBL1 -- PCNA -- PLAC8 -- CASP9 -- DIABLO -- APAF1 -- ALPI -- RASSF1 -- RANGAP1
302,SMURF2 -- TNF -- TNFRSF1B -- RIPK1 -- TP53 -- NFKB1 -- MAPK8 -- STAT1 -- BIRC2 -- BIRC3 -- SIRT1 -- MYC -- EP300 -- CCND1 -- CFLAR -- RHOA -- NR3C1 -- RELA -- FADD -- MAP3K1 -- IGF1 -- VEGFA -- TGFB1 -- MAPK1 -- KRT18 -- AKT1 -- NFKB2 -- CHUK -- MAPK3 -- PPP1R13L -- MAPK9 -- LYN -- IRF1 -- FAS -- EIF4G2 -- NFKBIA -- MYB -- CYCS -- HIP1 -- CDK6 -- RNF11 -- CASP10 -- PARP1 -- BAD -- HNRNPK -- RPA4 -- BCL2L1 -- BRCA1 -- BBC3 -- BCL2L11 -- BAX -- BAK1 -- FOXM1 -- CTBP1 -- RBL1 -- PCNA -- TAF1 -- ALPI -- RASSF1
303,TNFRSF1A -- SMURF2 -- TNF -- TP53 -- FOS -- BIRC2 -- SIRT1 -- FASLG -- RB1 -- CCND1 -- CFLAR -- MAPK14 -- PTMA -- RHOA -- NR3C1 -- IL2 -- RELA -- FADD -- MAP3K14 -- MAPK1 -- TNFRSF10B -- CASP3 -- AKT1 -- ATM -- DAB2IP -- NFKB2 -- MDM2 -- TRAF6 -- PPP1R13L -- LYN -- HIP1 -- BCL2 -- CDK6 -- CASP10 -- PARP1 -- BAD -- HNRNPK -- RPA4 -- BCL2L1 -- CASP7 -- TNIK -- CDKN1A -- HTT -- BRCA1 -- BCL2L11 -- BAK1 -- BID -- FOXM1 -- TFDP1 -- PCNA -- TAF1 -- PLAC8 -- CASP9 -- DIABLO -- ALPI
304,TNFRSF1A -- NFKB1 -- JUN -- BIRC3 -- TNFAIP3 -- EP300 -- CCND1 -- MAPK14 -- RELA -- IGF1 -- TRADD -- MAPK1 -- TNFRSF10B -- AKT1 -- NFKB2 -- CASP2 -- CHUK -- TRAF6 -- MAPK9 -- LYN -- IRF1 -- FAS -- EIF4G2 -- HTRA2 -- HIP1 -- CDK4 -- CASP10 -- BAD -- SOD1 -- BCL2L1 -- RBL2 -- CDKN1A -- PSIP1 -- BBC3 -- PELP1 -- BAK1 -- TFDP1 -- CTBP1 -- PCNA -- TAF1 -- PLAC8 -- DIABLO -- RANGAP1
305,TNFRSF1A -- SMURF2 -- TNF -- RIPK1 -- TP53 -- NFKB1 -- MAPK8 -- STAT1 -- FOS -- BIRC2 -- BIRC3 -- MYC -- EP300 -- MAPK14 -- RELA -- FADD -- VEGFA -- MAP3K14 -- RET -- KRT18 -- AKT1 -- ATM -- NFKB2 -- CASP2 -- RPS6KA5 -- TRAF6 -- IRF1 -- FAS -- EIF4G2 -- HTRA2 -- CYCS -- BCL2 -- OTUD7B -- PSEN1 -- HNRNPK -- BCL2L1 -- SMPD1 -- TNIK -- RBL2 -- CDKN1A -- PSIP1 -- BBC3 -- BCL2L11 -- PELP1 -- BAK1 -- BID -- FOXM1 -- TFDP1 -- MCL1 -- CTBP1 -- TAF1 -- PLAC8 -- CCNG1 -- APAF1 -- RASSF1
306,TNFRSF1B -- RIPK1 -- TP53 -- BIRC3 -- MYC -- RB1 -- TNFAIP3 -- EP300 -- CFLAR -- TRAF1 -- MAPK14 -- RHOA -- NR3C1 -- TGFB2 -- IL2 -- FADD -- RAC1 -- MAP3K1 -- VEGFA -- MAP3K14 -- RET -- TRAF2 -- CASP3 -- KRT18 -- AKT1 -- NFKB2 -- E2F1 -- MDM2 -- MAPK3 -- MAPK9 -- LYN -- IRF1 -- EIF4G2 -- HTRA2 -- NFKBIA -- CYCS -- BCL2 -- OTUD7B -- PARP1 -- PSEN1 -- BAD -- SOD1 -- HNRNPK -- CASP7 -- TNIK -- RBL2 -- PSIP1 -- BRCA1 -- CDKN2A -- BBC3 -- PELP1 -- BAK1 -- EIF4E -- TFDP1 -- MCL1 -- RBL1 -- TAF1 -- APAF1 -- RASSF1
307,TNFRSF1A -- SMURF2 -- RIPK1 -- TP53 -- NFKB1 -- STAT1 -- FOS -- BIRC3 -- SIRT1 -- FASLG -- EP300 -- CFLAR -- IL2 -- RELA -- FADD -- RAC1 -- MAP3K1 -- IGF1 -- VEGFA -- TGFB1 -- MAP3K14 -- RET -- TRADD -- TRAF2 -- TNFRSF10B -- CASP3 -- KRT18 -- AKT1 -- DAB2IP -- NFKB2 -- CASP2 -- CHUK -- RPS6KA5 -- EIF4G2 -- HTRA2 -- MYB -- CYCS -- CDK4 -- RNF11 -- CASP10 -- PARP1 -- BAD -- SOD1 -- HNRNPK -- RPA4 -- CASP7 -- HTT -- PSIP1 -- CDKN2A -- BCL2L11 -- PELP1 -- EIF4E -- BID -- FOXM1 -- MCL1 -- PCNA -- PLAC8 -- APAF1 -- RASSF1
308,TNFRSF1A -- SMURF2 -- TNF -- TNFRSF1B -- RIPK1 -- TP53 -- JUN -- FOS -- BIRC2 -- SIRT1 -- RB1 -- TNFAIP3 -- EP300 -- TRAF1 -- MAPK14 -- PTMA -- RHOA -- NR3C1 -- TGFB2 -- RAC1 -- MAP3K1 -- VEGFA -- MAP3K14 -- TRADD -- MAPK1 -- TNFRSF10B -- KRT18 -- AKT1 -- ATM -- NFKB2 -- MDM2 -- TRAF6 -- PPP1R13L -- MAPK9 -- IRF1 -- EIF4G2 -- HTRA2 -- MYB -- BCL2 -- CDK4 -- CDK6 -- CASP10 -- PARP1 -- PSEN1 -- RPA4 -- BCL2L1 -- CASP7 -- SMPD1 -- TNIK -- HTT -- BRCA1 -- CDKN2A -- BCL2L11 -- BAX -- BAK1 -- EIF4E -- BID -- MCL1 -- CTBP1 -- TAF1 -- CASP9 -- CCNG1 -- DIABLO -- RANGAP1
309,TNFRSF1A -- TNF -- TNFRSF1B -- RIPK1 -- MAPK8 -- JUN -- SIRT1 -- FASLG -- MYC -- TNFAIP3 -- EP300 -- TRAF1 -- MAPK14 -- PTMA -- IL2 -- RELA -- FADD -- RAC1 -- MAP3K1 -- IGF1 -- VEGFA -- TGFB1 -- MAP3K14 -- RET -- TRADD -- MAPK1 -- TNFRSF10B -- ATM -- DAB2IP -- E2F1 -- CHUK -- RPS6KA5 -- MAPK3 -- TRAF6 -- EIF4G2 -- HIP1 -- CASP8 -- PARP1 -- PSEN1 -- RPA4 -- BCL2L1 -- CASP7 -- SMPD1 -- HTT -- PSIP1 -- BBC3 -- BCL2L11 -- PELP1 -- TFDP1 -- PCNA -- TAF1 -- CCNG1
310,TNFRSF1B -- TP53 -- NFKB1 -- STAT1 -- FOS -- BIRC2 -- FASLG -- MYC -- CCND1 -- CFLAR -- NR3C1 -- TGFB2 -- IL2 -- RAC1 -- MAP2K7 -- VEGFA -- MAP3K14 -- TRADD -- TRAF2 -- TNFRSF10B -- CASP3 -- ATM -- DAB2IP -- NFKB2 -- CASP2 -- E2F1 -- MDM2 -- MAPK3 -- TRAF6 -- PPP1R13L -- MAPK9 -- IRF1 -- FAS -- HTRA2 -- NFKBIA -- MYB -- HIP1 -- BCL2 -- CASP8 -- OTUD7B -- CASP10 -- PARP1 -- SOD1 -- HNRNPK -- RPA4 -- BCL2L1 -- SMPD1 -- TNIK -- PSIP1 -- CDKN2A -- BBC3 -- PELP1 -- BAX -- BID -- FOXM1 -- CTBP1 -- CASP9 -- DIABLO -- APAF1
311,TNFRSF1A -- SMURF2 -- TNF -- NFKB1 -- MAPK8 -- STAT1 -- JUN -- FOS -- BIRC3 -- MYC -- RB1 -- TNFAIP3 -- EP300 -- CCND1 -- TRAF1 -- PTMA -- RHOA -- TGFB2 -- IL2 -- RELA -- FADD -- TGFB1 -- MAPK1 -- CASP3 -- AKT1 -- DAB2IP -- NFKB2 -- CASP2 -- MDM2 -- RPS6KA5 -- PPP1R13L -- MAPK9 -- LYN -- FAS -- EIF4G2 -- HTRA2 -- NFKBIA -- HIP1 -- CDK4 -- CASP10 -- PARP1 -- HNRNPK -- SMPD1 -- RBL2 -- BRCA1 -- BAX -- BAK1 -- FOXM1 -- TFDP1 -- MCL1 -- PCNA -- TAF1 -- PLAC8 -- CCNG1 -- DIABLO -- RANGAP1
312,TNFRSF1A -- SMURF2 -- TNF -- RIPK1 -- TP53 -- NFKB1 -- JUN -- FOS -- BIRC2 -- RB1 -- EP300 -- CCND1 -- PTMA -- RHOA -- NR3C1 -- TGFB2 -- IL2 -- RELA -- RAC1 -- TGFB1 -- TRADD -- MAPK1 -- TNFRSF10B -- CASP3 -- AKT1 -- NFKB2 -- CASP2 -- MDM2 -- CHUK -- RPS6KA5 -- LYN -- EIF4G2 -- HIP1 -- CDK4 -- OTUD7B -- CASP10 -- PARP1 -- RPA4 -- CASP7 -- TNIK -- PSIP1 -- BAX -- BAK1 -- EIF4E -- TFDP1 -- PLAC8 -- CASP9 -- CCNG1 -- DIABLO -- APAF1 -- RANGAP1
313,TP53 -- JUN -- BIRC3 -- FASLG -- RB1 -- CCND1 -- CFLAR -- TRAF1 -- RHOA -- NR3C1 -- TGFB2 -- RELA -- FADD -- MAP2K7 -- VEGFA -- TGFB1 -- RET -- TRADD -- MAPK1 -- TRAF2 -- CASP3 -- AKT1 -- ATM -- NFKB2 -- RPS6KA5 -- PPP1R13L -- LYN -- EIF4G2 -- HTRA2 -- NFKBIA -- MYB -- HIP1 -- BCL2 -- CASP8 -- RNF11 -- PARP1 -- PSEN1 -- BAD -- SMPD1 -- TNIK -- RBL2 -- BRCA1 -- BCL2L11 -- PELP1 -- BAK1 -- EIF4E -- PCNA -- CCNG1 -- RANGAP1
314,TP53 -- NFKB1 -- JUN -- FOS -- BIRC3 -- SIRT1 -- RB1 -- CCND1 -- TRAF1 -- MAPK14 -- PTMA -- NR3C1 -- IL2 -- RELA -- RAC1 -- MAP2K7 -- MAP3K1 -- TGFB1 -- MAP3K14 -- CASP3 -- KRT18 -- AKT1 -- DAB2IP -- NFKB2 -- CASP2 -- E2F1 -- MAPK3 -- PPP1R13L -- MAPK9 -- LYN -- EIF4G2 -- HTRA2 -- MYB -- HIP1 -- BCL2 -- CDK4 -- CDK6 -- CASP10 -- PSEN1 -- BAD -- SOD1 -- RPA4 -- BCL2L1 -- SMPD1 -- RBL2 -- HTT -- PSIP1 -- BRCA1 -- BBC3 -- BCL2L11 -- BAX -- BAK1 -- BID -- FOXM1 -- MCL1 -- CTBP1 -- PCNA -- CASP9 -- CCNG1 -- DIABLO -- APAF1 -- RASSF1 -- RANGAP1
315,TNFRSF1A -- SMURF2 -- TNF -- TNFRSF1B -- NFKB1 -- MAPK8 -- STAT1 -- FOS -- BIRC2 -- SIRT1 -- RB1 -- TNFAIP3 -- CCND1 -- TRAF1 -- FADD -- IGF1 -- VEGFA -- CASP3 -- AKT1 -- ATM -- DAB2IP -- NFKB2 -- CASP2 -- MDM2 -- RPS6KA5 -- LYN -- EIF4G2 -- CYCS -- BCL2 -- CASP8 -- OTUD7B -- PARP1 -- PSEN1 -- BAD -- SOD1 -- HNRNPK -- RPA4 -- BCL2L1 -- CASP7 -- TNIK -- CDKN1A -- PSIP1 -- BRCA1 -- CDKN2A -- PELP1 -- BID -- FOXM1 -- TFDP1 -- CTBP1 -- RBL1 -- PLAC8 -- DIABLO -- APAF1 -- ALPI -- RASSF1 -- RANGAP1
316,TNFRSF1B -- RIPK1 -- NFKB1 -- STAT1 -- FOS -- BIRC2 -- SIRT1 -- FASLG -- MYC -- EP300 -- MAPK14 -- RHOA -- TGFB2 -- MAP3K1 -- MAP3K14 -- RET -- TRADD -- TNFRSF10B -- CASP3 -- KRT18 -- AKT1 -- ATM -- DAB2IP -- NFKB2 -- CASP2 -- CHUK -- RPS6KA5 -- MAPK3 -- TRAF6 -- LYN -- FAS -- MYB -- CYCS -- HIP1 -- BCL2 -- CDK6 -- OTUD7B -- CASP10 -- PARP1 -- SOD1 -- RPA4 -- BCL2L1 -- SMPD1 -- TNIK -- BRCA1 -- BBC3 -- PELP1 -- BAX -- EIF4E -- BID -- MCL1 -- CTBP1 -- RBL1 -- PCNA -- TAF1 -- CASP9 -- CCNG1 -- APAF1 -- ALPI -- RASSF1
317,SMURF2 -- TNFRSF1B -- NFKB1 -- JUN -- FOS -- BIRC2 -- FASLG -- RB1 -- TNFAIP3 -- TRAF1 -- MAPK14 -- PTMA -- RELA -- FADD -- RAC1 -- VEGFA -- TGFB1 -- TRAF2 -- TNFRSF10B -- CASP3 -- KRT18 -- ATM -- DAB2IP -- CHUK -- RPS6KA5 -- TRAF6 -- PPP1R13L -- LYN -- IRF1 -- FAS -- CYCS -- BCL2 -- CASP8 -- CDK6 -- RNF11 -- CASP10 -- PARP1 -- PSEN1 -- BCL2L1 -- SMPD1 -- HTT -- CDKN2A -- BBC3 -- BCL2L11 -- PELP1 -- EIF4E -- CTBP1 -- PCNA -- CASP9 -- CCNG1 -- DIABLO -- APAF1 -- RASSF1
318,TNF -- TP53 -- NFKB1 -- STAT1 -- FOS -- SIRT1 -- FASLG -- TRAF1 -- NR3C1 -- TGFB2 -- IL2 -- RELA -- FADD -- RAC1 -- MAP3K1 -- IGF1 -- TGFB1 -- MAP3K14 -- RET -- MAPK1 -- TNFRSF10B -- AKT1 -- ATM -- CASP2 -- MDM2 -- TRAF6 -- MAPK9 -- IRF1 -- EIF4G2 -- HTRA2 -- NFKBIA -- CYCS -- HIP1 -- BCL2 -- CASP8 -- CDK6 -- CASP10 -- PARP1 -- PSEN1 -- BAD -- HNRNPK -- BCL2L1 -- SMPD1 -- TNIK -- RBL2 -- HTT -- CDKN2A -- BBC3 -- BAX -- EIF4E -- FOXM1 -- TFDP1 -- MCL1 -- RBL1 -- PCNA -- TAF1 -- CCNG1 -- RANGAP1
319,SMURF2 -- TNF -- RIPK1 -- TP53 -- MAPK8 -- STAT1 -- JUN -- FOS -- SIRT1 -- FASLG -- MYC -- CCND1 -- CFLAR -- MAPK14 -- RHOA -- NR3C1 -- TGFB2 -- RELA -- MAP2K7 -- MAP3K1 -- VEGFA -- MAP3K14 -- TNFRSF10B -- CASP3 -- AKT1 -- ATM -- E2F1 -- PPP1R13L -- FAS -- NFKBIA -- MYB -- CYCS -- HIP1 -- BCL2 -- CASP8 -- CDK4 -- OTUD7B -- CASP10 -- PARP1 -- PSEN1 -- BAD -- SOD1 -- HNRNPK -- BCL2L1 -- CDKN1A -- BRCA1 -- BCL2L11 -- PELP1 -- BAK1 -- BID -- FOXM1 -- TFDP1 -- MCL1 -- CTBP1 -- PCNA -- CASP9 -- CCNG1 -- APAF1 -- ALPI -- RASSF1
320,TNF -- RIPK1 -- NFKB1 -- STAT1 -- JUN -- BIRC2 -- SIRT1 -- FASLG -- RB1 -- CCND1 -- CFLAR -- RHOA -- NR3C1 -- TGFB2 -- RELA -- FADD -- MAP2K7 -- IGF1 -- TGFB1 -- MAP3K14 -- TRADD -- KRT18 -- AKT1 -- E2F1 -- MDM2 -- RPS6KA5 -- MAPK3 -- TRAF6 -- PPP1R13L -- LYN -- FAS -- HTRA2 -- NFKBIA -- MYB -- CYCS -- PARP1 -- PSEN1 -- CASP7 -- TNIK -- RBL2 -- BBC3 -- BCL2L11 -- PELP1 -- BAK1 -- EIF4E -- BID -- FOXM1 -- CTBP1 -- RBL1 -- PLAC8 -- DIABLO -- RASSF1
321,TNF -- RIPK1 -- TP53 -- NFKB1 -- JUN -- FOS -- BIRC2 -- BIRC3 -- SIRT1 -- TNFAIP3 -- CFLAR -- PTMA -- RHOA -- NR3C1 -- IL2 -- TGFB1 -- MAP3K14 -- RET -- TRADD -- TNFRSF10B -- CASP3 -- KRT18 -- AKT1 -- NFKB2 -- E2F1 -- MDM2 -- CHUK -- MAPK9 -- IRF1 -- FAS -- NFKBIA -- MYB -- BCL2 -- CASP8 -- CDK6 -- PARP1 -- SOD1 -- HNRNPK -- RPA4 -- BCL2L1 -- SMPD1 -- TNIK -- CDKN1A -- HTT -- BRCA1 -- BCL2L11 -- BAK1 -- CASP9 -- CCNG1
322,MAPK8 -- STAT1 -- FOS -- BIRC3 -- FASLG -- MYC -- RB1 -- TNFAIP3 -- CFLAR -- TRAF1 -- MAPK14 -- NR3C1 -- IL2 -- RELA -- FADD -- MAP2K7 -- IGF1 -- TGFB1 -- RET -- TRAF2 -- TNFRSF10B -- CASP3 -- AKT1 -- ATM -- E2F1 -- RPS6KA5 -- MAPK3 -- MAPK9 -- IRF1 -- FAS -- HTRA2 -- MYB -- HIP1 -- CASP8 -- CDK6 -- PARP1 -- PSEN1 -- HNRNPK -- BCL2L1 -- CASP7 -- TNIK -- RBL2 -- BRCA1 -- CDKN2A -- PELP1 -- BAX -- BID -- TFDP1 -- TAF1 -- PLAC8 -- DIABLO -- APAF1 -- ALPI -- RASSF1 -- RANGAP1
323,TNFRSF1A -- SMURF2 -- TNF -- TP53 -- MAPK8 -- STAT1 -- JUN -- FOS -- BIRC2 -- BIRC3 -- FASLG -- TNFAIP3 -- TRAF1 -- RHOA -- TGFB2 -- MAP2K7 -- IGF1 -- VEGFA -- TRADD -- TRAF2 -- TNFRSF10B -- CASP3 -- NFKB2 -- CASP2 -- MDM2 -- MAPK3 -- PPP1R13L -- IRF1 -- FAS -- EIF4G2 -- MYB -- HIP1 -- CASP8 -- CDK4 -- OTUD7B -- CASP10 -- PARP1 -- SOD1 -- HNRNPK -- RPA4 -- BCL2L1 -- SMPD1 -- BRCA1 -- BBC3 -- BAX -- BAK1 -- EIF4E -- BID -- TFDP1 -- MCL1 -- CTBP1 -- TAF1 -- PLAC8 -- DIABLO -- RASSF1 -- RANGAP1
324,TNFRSF1A -- JUN -- FOS -- BIRC3 -- SIRT1 -- MYC -- RB1 -- TNFAIP3 -- EP300 -- CCND1 -- MAPK14 -- NR3C1 -- TGFB2 -- FADD -- RAC1 -- MAP2K7 -- MAP3K1 -- IGF1 -- VEGFA -- TGFB1 -- MAP3K14 -- MAPK1 -- TRAF2 -- TNFRSF10B -- AKT1 -- ATM -- DAB2IP -- CASP2 -- CHUK -- RPS6KA5 -- MAPK3 -- TRAF6 -- PPP1R13L -- MAPK9 -- LYN -- EIF4G2 -- NFKBIA -- MYB -- HIP1 -- BCL2 -- CASP8 -- CDK4 -- CDK6 -- OTUD7B -- RNF11 -- PARP1 -- BAD -- SOD1 -- CASP7 -- SMPD1 -- PSIP1 -- BRCA1 -- CDKN2A -- BBC3 -- BAX -- EIF4E -- TFDP1 -- MCL1 -- TAF1 -- PLAC8 -- CCNG1 -- APAF1 -- RASSF1 -- RANGAP1
325,TNF -- TNFRSF1B -- RIPK1 -- STAT1 -- JUN -- FOS -- BIRC2 -- EP300 -- CFLAR -- RHOA -- NR3C1 -- IL2 -- RELA -- RAC1 -- IGF1 -- VEGFA -- TGFB1 -- RET -- TRAF2 -- TNFRSF10B -- AKT1 -- ATM -- DAB2IP -- NFKB2 -- CASP2 -- MDM2 -- CHUK -- RPS6KA5 -- MAPK9 -- LYN -- IRF1 -- FAS -- EIF4G2 -- HTRA2 -- CYCS -- BCL2 -- CASP8 -- CDK4 -- OTUD7B -- CASP10 -- BAD -- HNRNPK -- BCL2L1 -- CASP7 -- SMPD1 -- RBL2 -- CDKN1A -- HTT -- CDKN2A -- BCL2L11 -- BAX -- BID -- FOXM1 -- CTBP1 -- RBL1 -- CASP9 -- CCNG1 -- ALPI -- RASSF1
326,TNFRSF1A -- TNF -- TNFRSF1B -- RIPK1 -- TP53 -- MAPK8 -- BIRC2 -- BIRC3 -- SIRT1 -- FASLG -- RB1 -- TNFAIP3 -- EP300 -- CCND1 -- CFLAR -- RHOA -- TGFB2 -- MAP2K7 -- RET -- MAPK1 -- TNFRSF10B -- NFKB2 -- CASP2 -- E2F1 -- MAPK9 -- IRF1 -- HTRA2 -- BCL2 -- CDK4 -- RNF11 -- PSEN1 -- SOD1 -- BCL2L1 -- CASP7 -- SMPD1 -- RBL2 -- HTT -- BRCA1 -- PELP1 -- BID -- RBL1 -- PCNA -- CASP9 -- APAF1 -- RANGAP1
327,TNFRSF1A -- SMURF2 -- RIPK1 -- TP53 -- STAT1 -- BIRC3 -- SIRT1 -- RB1 -- MAPK14 -- NR3C1 -- TGFB2 -- IL2 -- RAC1 -- MAP2K7 -- IGF1 -- TGFB1 -- MAP3K14 -- RET -- TRADD -- TRAF2 -- TNFRSF10B -- KRT18 -- NFKB2 -- E2F1 -- MAPK3 -- LYN -- FAS -- EIF4G2 -- MYB -- CDK4 -- RNF11 -- CASP10 -- PSEN1 -- BAD -- HNRNPK -- RPA4 -- BCL2L1 -- CASP7 -- TNIK -- RBL2 -- CDKN1A -- PSIP1 -- BBC3 -- PELP1 -- BAX -- EIF4E -- BID -- MCL1 -- CTBP1 -- TAF1 -- PLAC8 -- CASP9 -- DIABLO -- APAF1 -- RASSF1 -- RANGAP1
328,TNF -- TP53 -- MAPK8 -- SIRT1 -- MYC -- TNFAIP3 -- EP300 -- CCND1 -- CFLAR -- MAPK14 -- TGFB2 -- IL2 -- RELA -- FADD -- MAP3K1 -- RET -- TRADD -- MAPK1 -- TRAF2 -- TNFRSF10B -- CASP3 -- KRT18 -- AKT1 -- ATM -- E2F1 -- MDM2 -- CHUK -- MAPK3 -- TRAF6 -- PPP1R13L -- MAPK9 -- LYN -- IRF1 -- EIF4G2 -- NFKBIA -- CYCS -- BCL2 -- CASP8 -- OTUD7B -- RNF11 -- PSEN1 -- BAD -- SOD1 -- HNRNPK -- RPA4 -- BCL2L1 -- CASP7 -- TNIK -- RBL2 -- HTT -- PSIP1 -- BCL2L11 -- PELP1 -- BAX -- TFDP1 -- CTBP1 -- RBL1 -- CASP9 -- CCNG1 -- DIABLO -- APAF1 -- ALPI -- RASSF1 -- RANGAP1
329,SMURF2 -- TNFRSF1B -- TP53 -- JUN -- BIRC3 -- MYC -- TNFAIP3 -- EP300 -- TRAF1 -- TGFB2 -- FADD -- RAC1 -- MAP3K1 -- TGFB1 -- MAP3K14 -- RET -- TRADD -- TRAF2 -- AKT1 -- ATM -- NFKB2 -- CASP2 -- MDM2 -- MAPK9 -- IRF1 -- EIF4G2 -- HTRA2 -- NFKBIA -- CYCS -- CDK4 -- RNF11 -- CASP10 -- BAD -- SOD1 -- CASP7 -- HTT -- BCL2L11 -- PELP1 -- BAX -- EIF4E -- FOXM1 -- RBL1 -- PLAC8 -- CASP9 -- DIABLO -- APAF1 -- ALPI -- RASSF1
330,TP53 -- NFKB1 -- STAT1 -- JUN -- FOS -- BIRC2 -- SIRT1 -- FASLG -- MYC -- CCND1 -- TRAF1 -- PTMA -- IL2 -- FADD -- VEGFA -- TGFB1 -- MAP3K14 -- TRADD -- TRAF2 -- CASP3 -- CASP2 -- CHUK -- RPS6KA5 -- FAS -- MYB -- BCL2 -- CASP8 -- CDK4 -- RNF11 -- CASP10 -- PARP1 -- SOD1 -- HNRNPK -- RPA4 -- TNIK -- HTT -- BRCA1 -- BBC3 -- PELP1 -- BAX -- BID -- FOXM1 -- MCL1 -- CTBP1 -- PCNA -- PLAC8 -- RASSF1
331,TNFRSF1A -- TNF -- RIPK1 -- NFKB1 -- JUN -- FOS -- BIRC3 -- MYC -- EP300 -- CFLAR -- TRAF1 -- PTMA -- NR3C1 -- RELA -- RAC1 -- MAP3K1 -- RET -- TRADD -- TRAF2 -- TNFRSF10B -- KRT18 -- ATM -- DAB2IP -- CASP2 -- MDM2 -- RPS6KA5 -- MAPK3 -- PPP1R13L -- MAPK9 -- IRF1 -- EIF4G2 -- CYCS -- HIP1 -- CASP8 -- CDK4 -- CASP10 -- PARP1 -- HNRNPK -- RPA4 -- SMPD1 -- CDKN1A -- HTT -- CDKN2A -- BCL2L11 -- PELP1 -- BAX -- BID -- FOXM1 -- TFDP1 -- CTBP1 -- RBL1 -- TAF1 -- CCNG1 -- ALPI -- RASSF1
332,SMURF2 -- TNF -- TNFRSF1B -- TP53 -- JUN -- FASLG -- RB1 -- TNFAIP3 -- CFLAR -- MAPK14 -- PTMA -- IL2 -- RAC1 -- RET -- TRADD -- TRAF2 -- CASP3 -- AKT1 -- ATM -- E2F1 -- MDM2 -- CHUK -- TRAF6 -- PPP1R13L -- MAPK9 -- FAS -- EIF4G2 -- HTRA2 -- NFKBIA -- MYB -- CYCS -- CDK4 -- CDK6 -- OTUD7B -- SOD1 -- HNRNPK -- BCL2L1 -- SMPD1 -- RBL2 -- CDKN1A -- HTT -- PSIP1 -- BRCA1 -- CDKN2A -- BBC3 -- PELP1 -- BAX -- BAK1 -- FOXM1 -- CTBP1 -- RBL1 -- TAF1 -- PLAC8 -- CCNG1 -- DIABLO -- APAF1 -- ALPI
333,TNFRSF1A -- TNF -- TP53 -- STAT1 -- JUN -- FOS -- BIRC2 -- SIRT1 -- FASLG -- EP300 -- CCND1 -- CFLAR -- RHOA -- IL2 -- RELA -- FADD -- RAC1 -- IGF1 -- TNFRSF10B -- AKT1 -- NFKB2 -- CASP2 -- MDM2 -- CHUK -- RPS6KA5 -- MAPK3 -- TRAF6 -- PPP1R13L -- LYN -- FAS -- NFKBIA -- MYB -- CYCS -- BCL2 -- CASP8 -- CDK6 -- OTUD7B -- RNF11 -- CASP10 -- PARP1 -- PSEN1 -- BAD -- SOD1 -- HNRNPK -- RPA4 -- BCL2L1 -- RBL2 -- CDKN2A -- BBC3 -- BCL2L11 -- BID -- PCNA -- TAF1 -- PLAC8 -- CASP9 -- DIABLO -- ALPI -- RASSF1
334,TNFRSF1B -- NFKB1 -- STAT1 -- FOS -- BIRC2 -- FASLG -- RB1 -- TNFAIP3 -- CCND1 -- TRAF1 -- MAPK14 -- TGFB2 -- IGF1 -- VEGFA -- RET -- MAPK1 -- TRAF2 -- CASP3 -- AKT1 -- CASP2 -- E2F1 -- MDM2 -- RPS6KA5 -- TRAF6 -- PPP1R13L -- MAPK9 -- LYN -- IRF1 -- HTRA2 -- NFKBIA -- MYB -- HIP1 -- CASP8 -- RNF11 -- PARP1 -- PSEN1 -- SOD1 -- BCL2L1 -- SMPD1 -- TNIK -- HTT -- CDKN2A -- BBC3 -- BCL2L11 -- PELP1 -- MCL1 -- CTBP1 -- PCNA -- PLAC8 -- APAF1 -- ALPI
335,SMURF2 -- TNFRSF1B -- FOS -- BIRC2 -- FASLG -- EP300 -- CCND1 -- CFLAR -- TRAF1 -- NR3C1 -- TGFB2 -- IL2 -- FADD -- RAC1 -- IGF1 -- VEGFA -- MAP3K14 -- TNFRSF10B -- CASP3 -- CASP2 -- E2F1 -- RPS6KA5 -- MAPK9 -- LYN -- IRF1 -- FAS -- EIF4G2 -- NFKBIA -- MYB -- CYCS -- CASP8 -- PARP1 -- PSEN1 -- BAD -- SOD1 -- BCL2L1 -- TNIK -- RBL2 -- CDKN2A -- BBC3 -- BCL2L11 -- EIF4E -- BID -- TFDP1 -- CTBP1 -- PCNA -- CCNG1 -- APAF1 -- RANGAP1
336,RIPK1 -- TP53 -- JUN -- FASLG -- MYC -- EP300 -- CCND1 -- CFLAR -- RHOA -- NR3C1 -- IL2 -- MAP2K7 -- MAP3K1 -- RET -- TRADD -- MAPK1 -- TRAF2 -- CASP3 -- KRT18 -- AKT1 -- NFKB2 -- CASP2 -- MDM2 -- LYN -- IRF1 -- FAS -- EIF4G2 -- CYCS -- HIP1 -- CDK4 -- CASP10 -- PARP1 -- PSEN1 -- RPA4 -- BCL2L1 -- CASP7 -- TNIK -- HTT -- PSIP1 -- BRCA1 -- CDKN2A -- BCL2L11 -- BAK1 -- TFDP1 -- MCL1 -- RBL1 -- PLAC8 -- CASP9 -- CCNG1 -- APAF1 -- RASSF1
337,TNFRSF1A -- SMURF2 -- TNF -- TNFRSF1B -- NFKB1 -- MAPK8 -- STAT1 -- JUN -- FOS -- BIRC3 -- SIRT1 -- FASLG -- MYC -- RB1 -- CCND1 -- MAPK14 -- MAP2K7 -- MAP3K1 -- IGF1 -- VEGFA -- TGFB1 -- MAP3K14 -- TRADD -- ATM -- DAB2IP -- NFKB2 -- CASP2 -- E2F1 -- CHUK -- RPS6KA5 -- MAPK3 -- LYN -- NFKBIA -- BCL2 -- CDK4 -- CDK6 -- OTUD7B -- PARP1 -- PSEN1 -- SOD1 -- HNRNPK -- BCL2L1 -- CASP7 -- SMPD1 -- TNIK -- RBL2 -- PSIP1 -- CDKN2A -- BBC3 -- BAK1 -- BID -- CTBP1 -- RBL1 -- PCNA -- TAF1 -- PLAC8 -- CASP9 -- CCNG1 -- DIABLO -- ALPI -- RANGAP1
338,TNFRSF1A -- SMURF2 -- TNFRSF1B -- TP53 -- STAT1 -- BIRC3 -- SIRT1 -- FASLG -- MYC -- CCND1 -- CFLAR -- TRAF1 -- PTMA -- RHOA -- TGFB2 -- RELA -- FADD -- RAC1 -- MAP2K7 -- IGF1 -- VEGFA -- RET -- MAPK1 -- TNFRSF10B -- CASP3 -- AKT1 -- ATM -- NFKB2 -- CASP2 -- MDM2 -- MAPK3 -- PPP1R13L -- FAS -- MYB -- CYCS -- HIP1 -- CDK4 -- CDK6 -- CASP10 -- SOD1 -- HNRNPK -- BCL2L1 -- RBL2 -- BRCA1 -- BBC3 -- BAX -- BAK1 -- EIF4E -- FOXM1 -- CTBP1 -- RBL1 -- DIABLO -- ALPI -- RASSF1
339,SMURF2 -- TNF -- TNFRSF1B -- TP53 -- MAPK8 -- STAT1 -- JUN -- FOS -- BIRC2 -- TNFAIP3 -- EP300 -- CCND1 -- TRAF1 -- MAPK14 -- RELA -- RAC1 -- MAP3K1 -- TGFB1 -- TRADD -- MAPK1 -- TNFRSF10B -- CASP3 -- ATM -- NFKB2 -- CASP2 -- MDM2 -- RPS6KA5 -- IRF1 -- FAS -- HTRA2 -- BCL2 -- CASP8 -- CASP10 -- PARP1 -- SOD1 -- CASP7 -- CDKN1A -- BCL2L11 -- PELP1 -- BAK1 -- EIF4E -- BID -- FOXM1 -- TFDP1 -- RBL1 -- TAF1 -- PLAC8 -- CCNG1 -- DIABLO -- ALPI
340,TNFRSF1A -- TNFRSF1B -- RIPK1 -- NFKB1 -- JUN -- FOS -- SIRT1 -- FASLG -- EP300 -- CCND1 -- MAPK14 -- RHOA -- RELA -- VEGFA -- MAP3K14 -- RET -- MAPK1 -- TRAF2 -- TNFRSF10B -- CASP3 -- DAB2IP -- CASP2 -- MDM2 -- CHUK -- RPS6KA5 -- TRAF6 -- PPP1R13L -- HTRA2 -- CYCS -- HIP1 -- BCL2 -- RNF11 -- PARP1 -- PSEN1 -- CASP7 -- TNIK -- CDKN1A -- PSIP1 -- CDKN2A -- BCL2L11 -- PELP1 -- BAX -- BID -- FOXM1 -- TFDP1 -- CTBP1 -- RBL1 -- PCNA -- DIABLO -- ALPI -- RASSF1 -- RANGAP1
341,TNFRSF1B -- RIPK1 -- NFKB1 -- BIRC2 -- BIRC3 -- SIRT1 -- MYC -- TNFAIP3 -- CCND1 -- TRAF1 -- MAPK14 -- PTMA -- RHOA -- NR3C1 -- IL2 -- FADD -- RAC1 -- MAP2K7 -- TGFB1 -- RET -- TRAF2 -- TNFRSF10B -- KRT18 -- AKT1 -- NFKB2 -- RPS6KA5 -- MAPK3 -- PPP1R13L -- MAPK9 -- IRF1 -- EIF4G2 -- HTRA2 -- MYB -- BCL2 -- CASP8 -- CDK6 -- OTUD7B -- PARP1 -- PSEN1 -- RPA4 -- CASP7 -- SMPD1 -- TNIK -- HTT -- CDKN2A -- BAX -- BID -- TFDP1 -- MCL1 -- PCNA -- CCNG1 -- APAF1 -- ALPI -- RASSF1
342,TNFRSF1A -- SMURF2 -- TNFRSF1B -- RIPK1 -- NFKB1 -- MAPK8 -- STAT1 -- FOS -- BIRC3 -- SIRT1 -- FASLG -- TNFAIP3 -- TRAF1 -- MAPK14 -- NR3C1 -- IL2 -- FADD -- RAC1 -- MAP2K7 -- VEGFA -- TGFB1 -- MAP3K14 -- TRADD -- TRAF2 -- CASP3 -- AKT1 -- DAB2IP -- NFKB2 -- CASP2 -- MDM2 -- CHUK -- TRAF6 -- PPP1R13L -- MAPK9 -- LYN -- EIF4G2 -- HTRA2 -- NFKBIA -- MYB -- CASP8 -- CDK4 -- OTUD7B -- RNF11 -- PARP1 -- BAD -- HNRNPK -- RPA4 -- BCL2L1 -- SMPD1 -- TNIK -- RBL2 -- CDKN1A -- BRCA1 -- CDKN2A -- PELP1 -- BAK1 -- BID -- FOXM1 -- MCL1 -- TAF1 -- PLAC8 -- CASP9 -- CCNG1 -- DIABLO -- RASSF1 -- RANGAP1
343,TNFRSF1B -- NFKB1 -- MAPK8 -- BIRC2 -- BIRC3 -- SIRT1 -- RB1 -- EP300 -- CFLAR -- PTMA -- RHOA -- IL2 -- RELA -- FADD -- RAC1 -- MAP3K1 -- IGF1 -- VEGFA -- TGFB1 -- MAPK1 -- TNFRSF10B -- CASP3 -- KRT18 -- AKT1 -- ATM -- DAB2IP -- NFKB2 -- CASP2 -- MDM2 -- RPS6KA5 -- MAPK3 -- TRAF6 -- PPP1R13L -- IRF1 -- HIP1 -- BCL2 -- CDK4 -- OTUD7B -- RNF11 -- PSEN1 -- BAD -- RPA4 -- BCL2L1 -- CASP7 -- SMPD1 -- TNIK -- PSIP1 -- BRCA1 -- CDKN2A -- BBC3 -- BAK1 -- EIF4E -- BID -- TFDP1 -- MCL1 -- CTBP1 -- RBL1 -- CASP9 -- DIABLO -- ALPI
344,TNFRSF1B -- TP53 -- NFKB1 -- MAPK8 -- JUN -- FOS -- BIRC3 -- SIRT1 -- FASLG -- MYC -- RB1 -- TNFAIP3 -- CFLAR -- TRAF1 -- PTMA -- TGFB2 -- RELA -- IGF1 -- RET -- MAPK1 -- TNFRSF10B -- KRT18 -- ATM -- DAB2IP -- NFKB2 -- CASP2 -- E2F1 -- MAPK3 -- PPP1R13L -- LYN -- HTRA2 -- MYB -- CYCS -- HIP1 -- BCL2 -- CASP8 -- CDK6 -- OTUD7B -- PSEN1 -- SOD1 -- RPA4 -- CASP7 -- SMPD1 -- TNIK -- CDKN1A -- HTT -- PSIP1 -- BRCA1 -- CDKN2A -- BCL2L11 -- EIF4E -- FOXM1 -- TFDP1 -- CTBP1 -- PCNA -- PLAC8 -- CASP9 -- DIABLO -- RANGAP1
345,TNFRSF1A -- RIPK1 -- TP53 -- NFKB1 -- MAPK8 -- FOS -- BIRC3 -- SIRT1 -- FASLG -- MYC -- TNFAIP3 -- EP300 -- MAPK14 -- RHOA -- IL2 -- FADD -- RAC1 -- MAP3K1 -- TGFB1 -- MAPK1 -- TRAF2 -- TNFRSF10B -- CASP3 -- KRT18 -- AKT1 -- CASP2 -- E2F1 -- MDM2 -- MAPK3 -- PPP1R13L -- MAPK9 -- LYN -- FAS -- HIP1 -- BCL2 -- CASP8 -- CDK4 -- RNF11 -- PARP1 -- PSEN1 -- SOD1 -- CASP7 -- SMPD1 -- PSIP1 -- CDKN2A -- BAX -- TFDP1 -- TAF1 -- PLAC8 -- CCNG1 -- APAF1 -- ALPI
346,TNFRSF1A -- SMURF2 -- TNF -- TNFRSF1B -- RIPK1 -- TP53 -- STAT1 -- FOS -- BIRC2 -- SIRT1 -- FASLG -- MYC -- RB1 -- TNFAIP3 -- EP300 -- CCND1 -- MAPK14 -- PTMA -- NR3C1 -- IL2 -- MAP2K7 -- MAP3K1 -- VEGFA -- TGFB1 -- RET -- MAPK1 -- TRAF2 -- CASP3 -- KRT18 -- ATM -- DAB2IP -- CASP2 -- E2F1 -- MDM2 -- RPS6KA5 -- FAS -- NFKBIA -- MYB -- BCL2 -- CASP8 -- PARP1 -- HNRNPK -- PSIP1 -- CDKN2A -- PELP1 -- BAK1 -- FOXM1 -- MCL1 -- CTBP1 -- RBL1 -- PCNA -- CASP9 -- CCNG1 -- DIABLO
347,TNFRSF1A -- SMURF2 -- TNF -- NFKB1 -- FASLG -- CCND1 -- CFLAR -- PTMA -- RHOA -- TGFB2 -- MAP2K7 -- MAP3K14 -- RET -- TRADD -- TRAF2 -- KRT18 -- AKT1 -- ATM -- DAB2IP -- NFKB2 -- MDM2 -- CHUK -- MAPK9 -- LYN -- FAS -- EIF4G2 -- NFKBIA -- CYCS -- BCL2 -- CASP8 -- CDK4 -- CDK6 -- PARP1 -- PSEN1 -- RPA4 -- BCL2L1 -- CASP7 -- SMPD1 -- TNIK -- RBL2 -- CDKN1A -- HTT -- BRCA1 -- BBC3 -- BCL2L11 -- PELP1 -- BAK1 -- EIF4E -- BID -- PCNA -- PLAC8 -- CCNG1 -- ALPI -- RASSF1
348,TNFRSF1B -- RIPK1 -- NFKB1 -- MAPK8 -- STAT1 -- JUN -- MYC -- EP300 -- CFLAR -- PTMA -- TGFB2 -- FADD -- IGF1 -- VEGFA -- MAP3K14 -- RET -- TRADD -- MAPK1 -- TNFRSF10B -- CASP3 -- ATM -- NFKB2 -- CASP2 -- E2F1 -- CHUK -- RPS6KA5 -- MAPK3 -- LYN -- IRF1 -- HTRA2 -- NFKBIA -- BCL2 -- CASP8 -- OTUD7B -- CASP10 -- PARP1 -- SOD1 -- CDKN1A -- HTT -- BRCA1 -- BBC3 -- BCL2L11 -- PELP1 -- BAK1 -- EIF4E -- FOXM1 -- RBL1 -- CASP9 -- CCNG1 -- DIABLO -- APAF1
349,SMURF2 -- TNF -- TNFRSF1B -- RIPK1 -- NFKB1 -- STAT1 -- FOS -- BIRC2 -- BIRC3 -- MYC -- RB1 -- TNFAIP3 -- EP300 -- CCND1 -- TRAF1 -- RHOA -- NR3C1 -- RELA -- FADD -- RAC1 -- MAP2K7 -- IGF1 -- VEGFA -- MAP3K14 -- RET -- MAPK1 -- DAB2IP -- NFKB2 -- CASP2 -- E2F1 -- MDM2 -- CHUK -- TRAF6 -- MAPK9 -- IRF1 -- EIF4G2 -- NFKBIA -- CYCS -- CDK4 -- CDK6 -- OTUD7B -- RNF11 -- PSEN1 -- SOD1 -- HNRNPK -- RPA4 -- RBL2 -- HTT -- PSIP1 -- BRCA1 -- BBC3 -- BCL2L11 -- BAX -- EIF4E -- BID -- PLAC8 -- DIABLO
350,TNFRSF1A -- SMURF2 -- TNF -- NFKB1 -- MAPK8 -- FOS -- BIRC2 -- SIRT1 -- MYC -- TNFAIP3 -- EP300 -- CFLAR -- PTMA -- NR3C1 -- RELA -- RAC1 -- MAP2K7 -- IGF1 -- TGFB1 -- TRADD -- TRAF2 -- CASP3 -- NFKB2 -- RPS6KA5 -- MAPK3 -- TRAF6 -- PPP1R13L -- MAPK9 -- EIF4G2 -- HTRA2 -- NFKBIA -- MYB -- CYCS -- CASP8 -- CDK6 -- PARP1 -- PSEN1 -- RPA4 -- BCL2L1 -- CASP7 -- SMPD1 -- TNIK -- RBL2 -- HTT -- BRCA1 -- CDKN2A -- BBC3 -- BCL2L11 -- PELP1 -- BID -- TFDP1 -- CTBP1 -- RBL1 -- PCNA -- TAF1 -- APAF1 -- ALPI -- RASSF1 -- RANGAP1
351,SMURF2 -- TNF -- TNFRSF1B -- TP53 -- STAT1 -- FOS -- BIRC2 -- BIRC3 -- EP300 -- CCND1 -- TRAF1 -- MAPK14 -- PTMA -- RHOA -- NR3C1 -- FADD -- RAC1 -- VEGFA -- TGFB1 -- MAP3K14 -- TRADD -- MAPK1 -- TNFRSF10B -- CASP3 -- KRT18 -- AKT1 -- DAB2IP -- CASP2 -- CHUK -- RPS6KA5 -- TRAF6 -- LYN -- IRF1 -- FAS -- EIF4G2 -- HTRA2 -- MYB -- CYCS -- HIP1 -- CDK4 -- CDK6 -- OTUD7B -- CASP10 -- PARP1 -- BAD -- SOD1 -- RPA4 -- SMPD1 -- TNIK -- CDKN1A -- HTT -- CDKN2A -- BAK1 -- BID -- FOXM1 -- TFDP1 -- PLAC8 -- CASP9 -- CCNG1 -- DIABLO -- RASSF1
352,SMURF2 -- TNFRSF1B -- TP53 -- MAPK8 -- FASLG -- MYC -- RB1 -- TNFAIP3 -- EP300 -- CFLAR -- TRAF1 -- IL2 -- RELA -- MAP2K7 -- VEGFA -- MAP3K14 -- RET -- CASP3 -- ATM -- NFKB2 -- CASP2 -- CHUK -- LYN -- IRF1 -- EIF4G2 -- HTRA2 -- MYB -- HIP1 -- CDK6 -- RNF11 -- CASP10 -- PARP1 -- PSEN1 -- BAD -- RPA4 -- CASP7 -- RBL2 -- CDKN2A -- BBC3 -- BAX -- BAK1 -- EIF4E -- CTBP1 -- PCNA -- CASP9 -- CCNG1 -- DIABLO -- APAF1
353,TNFRSF1A -- RIPK1 -- TP53 -- NFKB1 -- MAPK8 -- JUN -- FOS -- BIRC2 -- SIRT1 -- RB1 -- EP300 -- TRAF1 -- PTMA -- RHOA -- TGFB2 -- MAP3K1 -- IGF1 -- TGFB1 -- MAP3K14 -- RET -- TRADD -- ATM -- E2F1 -- MDM2 -- CHUK -- TRAF6 -- PPP1R13L -- MAPK9 -- LYN -- FAS -- HTRA2 -- CYCS -- BCL2 -- PARP1 -- PSEN1 -- BAD -- SOD1 -- RPA4 -- BCL2L1 -- SMPD1 -- RBL2 -- CDKN1A -- HTT -- PSIP1 -- BRCA1 -- CDKN2A -- BBC3 -- PELP1 -- EIF4E -- BID -- FOXM1 -- TFDP1 -- MCL1 -- RBL1 -- PLAC8 -- CASP9 -- DIABLO -- APAF1
354,TNFRSF1A -- TNFRSF1B -- RIPK1 -- NFKB1 -- MAPK8 -- STAT1 -- FASLG -- CCND1 -- CFLAR -- TRAF1 -- PTMA -- NR3C1 -- IL2 -- FADD -- MAP2K7 -- MAP3K1 -- TGFB1 -- MAP3K14 -- RET -- TNFRSF10B -- KRT18 -- AKT1 -- CASP2 -- MDM2 -- RPS6KA5 -- MAPK3 -- TRAF6 -- PPP1R13L -- LYN -- IRF1 -- FAS -- EIF4G2 -- CASP8 -- CDK4 -- OTUD7B -- RNF11 -- CASP10 -- PARP1 -- PSEN1 -- BAD -- HNRNPK -- TNIK -- HTT -- BRCA1 -- CDKN2A -- BCL2L11 -- PELP1 -- BAX -- BAK1 -- EIF4E -- TFDP1 -- CTBP1 -- PCNA -- TAF1 -- PLAC8 -- DIABLO -- APAF1 -- RANGAP1
355,TNFRSF1A -- SMURF2 -- TNFRSF1B -- RIPK1 -- BIRC2 -- CCND1 -- CFLAR -- TRAF1 -- MAPK14 -- RHOA -- IL2 -- RELA -- FADD -- RAC1 -- MAP2K7 -- MAP3K1 -- IGF1 -- VEGFA -- RET -- MAPK1 -- TRAF2 -- TNFRSF10B -- CASP3 -- KRT18 -- AKT1 -- ATM -- DAB2IP -- MDM2 -- RPS6KA5 -- MAPK3 -- TRAF6 -- MAPK9 -- FAS -- EIF4G2 -- HTRA2 -- NFKBIA -- MYB -- CYCS -- HIP1 -- CASP8 -- CDK6 -- RNF11 -- PARP1 -- PSEN1 -- BAD -- HNRNPK -- RPA4 -- CASP7 -- RBL2 -- CDKN1A -- CDKN2A -- BBC3 -- BAK1 -- EIF4E -- BID -- FOXM1 -- MCL1 -- CTBP1 -- RBL1 -- PCNA -- TAF1 -- CASP9 -- DIABLO -- RASSF1
356,SMURF2 -- TNFRSF1B -- TP53 -- MAPK8 -- JUN -- FASLG -- MYC -- EP300 -- TRAF1 -- MAPK14 -- NR3C1 -- FADD -- RAC1 -- MAP3K14 -- TRAF2 -- CASP3 -- DAB2IP -- E2F1 -- MDM2 -- CHUK -- RPS6KA5 -- MAPK9 -- FAS -- EIF4G2 -- HTRA2 -- NFKBIA -- BCL2 -- CDK6 -- OTUD7B -- CASP10 -- BAD -- SOD1 -- HNRNPK -- BCL2L1 -- RBL2 -- CDKN1A -- HTT -- PSIP1 -- BBC3 -- PELP1 -- EIF4E -- CTBP1 -- PCNA -- DIABLO -- APAF1 -- ALPI -- RASSF1 -- RANGAP1
357,TNFRSF1A -- TNF -- FOS -- RB1 -- TNFAIP3 -- EP300 -- CCND1 -- TRAF1 -- MAPK14 -- PTMA -- RHOA -- NR3C1 -- TGFB2 -- IL2 -- MAP3K1 -- IGF1 -- VEGFA -- TGFB1 -- RET -- TRADD -- TRAF2 -- TNFRSF10B -- CASP3 -- AKT1 -- DAB2IP -- CASP2 -- MDM2 -- CHUK -- RPS6KA5 -- MAPK3 -- IRF1 -- EIF4G2 -- NFKBIA -- MYB -- CYCS -- BCL2 -- CASP8 -- CDK4 -- OTUD7B -- RNF11 -- CASP10 -- PARP1 -- PSEN1 -- BAD -- SOD1 -- HNRNPK -- BCL2L1 -- CDKN1A -- HTT -- PSIP1 -- BRCA1 -- CDKN2A -- BBC3 -- PELP1 -- BAX -- FOXM1 -- TFDP1 -- RBL1 -- TAF1 -- PLAC8 -- CASP9 -- CCNG1 -- DIABLO -- APAF1 -- RANGAP1
358,TNF -- MAPK8 -- STAT1 -- JUN -- FOS -- BIRC2 -- FASLG -- MYC -- RB1 -- TNFAIP3 -- CCND1 -- MAPK14 -- RHOA -- NR3C1 -- FADD -- MAP2K7 -- VEGFA -- TGFB1 -- MAP3K14 -- MAPK1 -- CASP3 -- KRT18 -- AKT1 -- DAB2IP -- NFKB2 -- CASP2 -- MDM2 -- TRAF6 -- MAPK9 -- LYN -- EIF4G2 -- HTRA2 -- HIP1 -- CASP8 -- CDK4 -- CASP10 -- PARP1 -- PSEN1 -- SOD1 -- HNRNPK -- SMPD1 -- TNIK -- RBL2 -- PSIP1 -- CDKN2A -- BAX -- EIF4E -- BID -- TFDP1 -- MCL1 -- CTBP1 -- PCNA -- TAF1 -- CCNG1 -- ALPI -- RANGAP1
359,TNFRSF1A -- SMURF2 -- TNF -- TNFRSF1B -- RIPK1 -- TP53 -- NFKB1 -- STAT1 -- JUN -- BIRC2 -- BIRC3 -- SIRT1 -- FASLG -- RB1 -- TNFAIP3 -- CFLAR -- TRAF1 -- MAPK14 -- PTMA -- RELA -- IGF1 -- VEGFA -- TGFB1 -- MAP3K14 -- RET -- TRADD -- TRAF2 -- TNFRSF10B -- KRT18 -- AKT1 -- ATM -- NFKB2 -- MDM2 -- CHUK -- RPS6KA5 -- PPP1R13L -- LYN -- FAS -- HTRA2 -- NFKBIA -- MYB -- CYCS -- BCL2 -- CASP8 -- CDK4 -- CDK6 -- CASP10 -- PARP1 -- BAD -- SOD1 -- HNRNPK -- BCL2L1 -- SMPD1 -- HTT -- PSIP1 -- CDKN2A -- BBC3 -- BCL2L11 -- PELP1 -- EIF4E -- BID -- FOXM1 -- CTBP1 -- TAF1 -- PLAC8 -- CCNG1 -- DIABLO -- RANGAP1
360,TNFRSF1A -- SMURF2 -- TNFRSF1B -- TP53 -- NFKB1 -- MAPK8 -- STAT1 -- FASLG -- MYC -- RB1 -- TNFAIP3 -- EP300 -- CCND1 -- PTMA -- NR3C1 -- RELA -- RAC1 -- IGF1 -- TGFB1 -- RET -- TRADD -- TRAF2 -- TNFRSF10B -- ATM -- NFKB2 -- E2F1 -- MDM2 -- RPS6KA5 -- LYN -- NFKBIA -- MYB -- BCL2 -- CASP10 -- SOD1 -- SMPD1 -- TNIK -- PSIP1 -- BRCA1 -- PELP1 -- BAX -- BAK1 -- EIF4E -- BID -- FOXM1 -- MCL1 -- RBL1 -- CASP9
361,TNFRSF1A -- TNF -- TNFRSF1B -- RIPK1 -- NFKB1 -- STAT1 -- FOS -- BIRC3 -- SIRT1 -- FASLG -- EP300 -- TRAF1 -- MAPK14 -- TGFB2 -- FADD -- RAC1 -- MAP3K1 -- VEGFA -- MAP3K14 -- TRADD -- TNFRSF10B -- KRT18 -- DAB2IP -- NFKB2 -- TRAF6 -- LYN -- IRF1 -- HTRA2 -- NFKBIA -- HIP1 -- OTUD7B -- CASP10 -- PSEN1 -- BCL2L1 -- CDKN1A -- HTT -- BRCA1 -- CDKN2A -- BBC3 -- BAX -- BAK1 -- BID -- FOXM1 -- MCL1 -- CTBP1 -- TAF1 -- CASP9 -- APAF1 -- RASSF1 -- RANGAP1
362,RIPK1 -- NFKB1 -- MAPK8 -- STAT1 -- BIRC2 -- BIRC3 -- FASLG -- RB1 -- MAPK14 -- PTMA -- RHOA -- TGFB2 -- IL2 -- RELA -- RAC1 -- MAP2K7 -- MAP3K1 -- IGF1 -- TRADD -- CASP3 -- AKT1 -- DAB2IP -- NFKB2 -- CASP2 -- CHUK -- TRAF6 -- PPP1R13L -- FAS -- EIF4G2 -- HTRA2 -- MYB -- CYCS -- CASP8 -- CDK4 -- RNF11 -- PSEN1 -- BAD -- SOD1 -- SMPD1 -- TNIK -- CDKN1A -- HTT -- PSIP1 -- BRCA1 -- CDKN2A -- PELP1 -- TFDP1 -- CTBP1 -- RBL1 -- TAF1 -- PLAC8 -- CCNG1 -- DIABLO -- APAF1 -- ALPI -- RANGAP1
363,SMURF2 -- TNF -- TNFRSF1B -- STAT1 -- BIRC2 -- BIRC3 -- FASLG -- RB1 -- TNFAIP3 -- EP300 -- MAPK14 -- PTMA -- NR3C1 -- IL2 -- RELA -- FADD -- VEGFA -- MAP3K14 -- RET -- MAPK1 -- TRAF2 -- AKT1 -- ATM -- DAB2IP -- MDM2 -- MAPK3 -- TRAF6 -- PPP1R13L -- IRF1 -- HTRA2 -- MYB -- CYCS -- HIP1 -- CASP8 -- CDK6 -- RNF11 -- CASP10 -- PSEN1 -- BAD -- SOD1 -- HNRNPK -- RPA4 -- BCL2L1 -- SMPD1 -- TNIK -- RBL2 -- CDKN1A -- HTT -- BRCA1 -- BBC3 -- BCL2L11 -- PELP1 -- BAX -- EIF4E -- FOXM1 -- MCL1 -- CTBP1 -- RBL1 -- PCNA -- PLAC8 -- CASP9 -- DIABLO -- RASSF1
364,TNFRSF1A -- SMURF2 -- TNF -- TNFRSF1B -- RIPK1 -- TP53 -- NFKB1 -- JUN -- SIRT1 -- FASLG -- MYC -- RB1 -- TNFAIP3 -- EP300 -- CCND1 -- CFLAR -- MAPK14 -- RHOA -- IL2 -- RAC1 -- MAP3K1 -- TGFB1 -- MAP3K14 -- TRADD -- MAPK1 -- TRAF2 -- TNFRSF10B -- CASP3 -- KRT18 -- DAB2IP -- CASP2 -- MDM2 -- MAPK3 -- TRAF6 -- PPP1R13L -- IRF1 -- FAS -- NFKBIA -- CYCS -- CASP8 -- CDK4 -- OTUD7B -- CASP10 -- PARP1 -- PSEN1 -- BAD -- SOD1 -- CDKN1A -- HTT -- CDKN2A -- BCL2L11 -- PELP1 -- EIF4E -- BID -- FOXM1 -- TFDP1 -- CTBP1 -- RBL1 -- PCNA -- RASSF1
365,TNFRSF1A -- TNFRSF1B -- STAT1 -- JUN -- FOS -- BIRC2 -- MYC -- RB1 -- TNFAIP3 -- EP300 -- CCND1 -- MAPK14 -- PTMA -- RHOA -- NR3C1 -- TGFB2 -- IL2 -- MAP3K1 -- VEGFA -- TGFB1 -- MAP3K14 -- TRADD -- MAPK1 -- TNFRSF10B -- CASP3 -- KRT18 -- DAB2IP -- NFKB2 -- CASP2 -- E2F1 -- MDM2 -- MAPK3 -- TRAF6 -- PPP1R13L -- MAPK9 -- LYN -- NFKBIA -- MYB -- CYCS -- HIP1 -- CASP8 -- CDK4 -- CDK6 -- PARP1 -- HNRNPK -- SMPD1 -- CDKN1A -- HTT -- CDKN2A -- BCL2L11 -- BAX -- BAK1 -- EIF4E -- BID -- FOXM1 -- TFDP1 -- CTBP1 -- CASP9 -- CCNG1 -- DIABLO -- ALPI -- RANGAP1
366,TNFRSF1A -- SMURF2 -- TNF -- TNFRSF1B -- RIPK1 -- FOS -- BIRC3 -- SIRT1 -- EP300 -- PTMA -- RHOA -- NR3C1 -- IL2 -- RAC1 -- MAP3K1 -- IGF1 -- VEGFA -- TGFB1 -- TRADD -- TNFRSF10B -- CASP3 -- ATM -- DAB2IP -- CASP2 -- E2F1 -- CHUK -- RPS6KA5 -- MAPK3 -- TRAF6 -- MAPK9 -- FAS -- HTRA2 -- NFKBIA -- HIP1 -- CASP8 -- CDK6 -- RNF11 -- CASP10 -- SOD1 -- HNRNPK -- RPA4 -- BCL2L1 -- CASP7 -- TNIK -- CDKN1A -- HTT -- PSIP1 -- CDKN2A -- BCL2L11 -- BAX -- BAK1 -- EIF4E -- BID -- FOXM1 -- CTBP1 -- TAF1 -- PLAC8 -- CCNG1 -- DIABLO -- APAF1 -- RANGAP1
367,SMURF2 -- TNF -- TNFRSF1B -- RIPK1 -- NFKB1 -- MAPK8 -- STAT1 -- SIRT1 -- FASLG -- RB1 -- EP300 -- TRAF1 -- MAPK14 -- NR3C1 -- IL2 -- IGF1 -- TGFB1 -- TRADD -- MAPK1 -- KRT18 -- AKT1 -- CASP2 -- E2F1 -- MAPK3 -- PPP1R13L -- IRF1 -- FAS -- EIF4G2 -- MYB -- HIP1 -- CDK4 -- OTUD7B -- RNF11 -- BAD -- HNRNPK -- RPA4 -- SMPD1 -- RBL2 -- BRCA1 -- BBC3 -- BCL2L11 -- EIF4E -- BID -- TFDP1 -- MCL1 -- RBL1 -- TAF1 -- PLAC8 -- CASP9 -- CCNG1 -- APAF1 -- ALPI -- RASSF1
368,TNFRSF1A -- SMURF2 -- TNF -- TP53 -- NFKB1 -- MAPK8 -- JUN -- FOS -- MYC -- TNFAIP3 -- EP300 -- CCND1 -- CFLAR -- TRAF1 -- RELA -- MAP2K7 -- VEGFA -- MAP3K14 -- TRAF2 -- TNFRSF10B -- CASP2 -- MDM2 -- CHUK -- RPS6KA5 -- TRAF6 -- PPP1R13L -- MAPK9 -- LYN -- IRF1 -- FAS -- HTRA2 -- NFKBIA -- MYB -- HIP1 -- CASP8 -- CDK4 -- RNF11 -- CASP10 -- PARP1 -- SOD1 -- HNRNPK -- RPA4 -- BCL2L1 -- CASP7 -- SMPD1 -- TNIK -- CDKN1A -- PSIP1 -- BBC3 -- BCL2L11 -- BAK1 -- EIF4E -- BID -- FOXM1 -- PCNA -- CASP9 -- DIABLO -- ALPI -- RASSF1 -- RANGAP1
369,TNFRSF1A -- SMURF2 -- TNFRSF1B -- MAPK8 -- BIRC3 -- MYC -- CFLAR -- MAPK14 -- PTMA -- NR3C1 -- TGFB2 -- IL2 -- FADD -- RAC1 -- MAP3K1 -- IGF1 -- TGFB1 -- MAP3K14 -- TNFRSF10B -- CASP3 -- ATM -- DAB2IP -- NFKB2 -- E2F1 -- CHUK -- RPS6KA5 -- TRAF6 -- PPP1R13L -- LYN -- FAS -- HTRA2 -- BCL2 -- CASP8 -- CDK4 -- CDK6 -- OTUD7B -- BAD -- SOD1 -- HNRNPK -- RPA4 -- TNIK -- RBL2 -- HTT -- PSIP1 -- BRCA1 -- CDKN2A -- PELP1 -- BAX -- BAK1 -- EIF4E -- BID -- TFDP1 -- MCL1 -- CTBP1 -- TAF1 -- CASP9 -- APAF1 -- ALPI -- RANGAP1
370,SMURF2 -- TNF -- RIPK1 -- NFKB1 -- STAT1 -- FASLG -- MYC -- RB1 -- TRAF1 -- RHOA -- MAP3K1 -- VEGFA -- MAP3K14 -- TRADD -- KRT18 -- AKT1 -- MDM2 -- RPS6KA5 -- MAPK3 -- TRAF6 -- PPP1R13L -- MAPK9 -- HTRA2 -- NFKBIA -- HIP1 -- BCL2 -- CASP8 -- RNF11 -- CASP10 -- PARP1 -- BAD -- SOD1 -- HNRNPK -- RBL2 -- HTT -- CDKN2A -- BBC3 -- BCL2L11 -- BAX -- BID -- FOXM1 -- MCL1 -- RBL1 -- CCNG1 -- APAF1
371,SMURF2 -- TNF -- TNFRSF1B -- NFKB1 -- MAPK8 -- BIRC2 -- SIRT1 -- MYC -- RB1 -- TNFAIP3 -- CCND1 -- PTMA -- RHOA -- NR3C1 -- FADD -- MAP2K7 -- MAP3K1 -- TGFB1 -- TRADD -- TNFRSF10B -- DAB2IP -- RPS6KA5 -- TRAF6 -- MAPK9 -- LYN -- EIF4G2 -- HTRA2 -- NFKBIA -- MYB -- HIP1 -- CASP8 -- CDK4 -- CDK6 -- RNF11 -- CASP10 -- PARP1 -- PSEN1 -- SOD1 -- HNRNPK -- RPA4 -- BCL2L1 -- RBL2 -- CDKN1A -- PSIP1 -- CDKN2A -- BBC3 -- BCL2L11 -- BAK1 -- BID -- FOXM1 -- TFDP1 -- CTBP1 -- RBL1 -- PCNA -- CASP9 -- CCNG1 -- DIABLO -- RASSF1 -- RANGAP1
372,TNFRSF1A -- TNFRSF1B -- RIPK1 -- TP53 -- NFKB1 -- MAPK8 -- BIRC2 -- MYC -- TNFAIP3 -- EP300 -- CFLAR -- MAPK14 -- RELA -- RAC1 -- MAP3K1 -- VEGFA -- MAP3K14 -- RET -- TRADD -- MAPK1 -- TRAF2 -- KRT18 -- AKT1 -- ATM -- DAB2IP -- NFKB2 -- RPS6KA5 -- MAPK9 -- IRF1 -- FAS -- CYCS -- HIP1 -- BCL2 -- CASP8 -- CDK4 -- OTUD7B -- RNF11 -- PARP1 -- SOD1 -- HNRNPK -- RPA4 -- CASP7 -- TNIK -- RBL2 -- CDKN1A -- HTT -- PSIP1 -- BRCA1 -- CDKN2A -- BCL2L11 -- CTBP1 -- RBL1 -- PCNA -- PLAC8 -- CASP9 -- CCNG1 -- DIABLO -- RANGAP1
373,TNFRSF1A -- TNF -- TNFRSF1B -- RIPK1 -- TP53 -- FOS -- BIRC2 -- BIRC3 -- SIRT1 -- CCND1 -- CFLAR -- MAPK14 -- PTMA -- RHOA -- NR3C1 -- TGFB2 -- IL2 -- MAP2K7 -- MAP3K1 -- VEGFA -- MAP3K14 -- MAPK1 -- TRAF2 -- CASP3 -- ATM -- DAB2IP -- CASP2 -- CHUK -- RPS6KA5 -- TRAF6 -- MAPK9 -- FAS -- HTRA2 -- NFKBIA -- MYB -- HIP1 -- CDK6 -- RNF11 -- CASP10 -- PSEN1 -- BAD -- SOD1 -- HNRNPK -- RBL2 -- CDKN1A -- PSIP1 -- BRCA1 -- BBC3 -- BCL2L11 -- BAX -- EIF4E -- BID -- MCL1 -- CTBP1 -- PCNA -- TAF1 -- CASP9 -- CCNG1 -- APAF1 -- ALPI -- RANGAP1
374,SMURF2 -- RIPK1 -- NFKB1 -- MAPK8 -- STAT1 -- BIRC3 -- SIRT1 -- FASLG -- RB1 -- EP300 -- CFLAR -- TRAF1 -- RHOA -- NR3C1 -- IL2 -- FADD -- MAP2K7 -- IGF1 -- VEGFA -- RET -- TRADD -- TNFRSF10B -- KRT18 -- AKT1 -- ATM -- NFKB2 -- CASP2 -- E2F1 -- MDM2 -- RPS6KA5 -- MAPK3 -- PPP1R13L -- MAPK9 -- LYN -- IRF1 -- CYCS -- HIP1 -- CDK4 -- CDK6 -- OTUD7B -- PARP1 -- BAD -- BCL2L1 -- SMPD1 -- RBL2 -- PSIP1 -- BCL2L11 -- PELP1 -- BAX -- BAK1 -- BID -- FOXM1 -- TFDP1 -- RBL1 -- PCNA -- CASP9 -- APAF1
375,TNFRSF1A -- SMURF2 -- MAPK8 -- FOS -- TNFAIP3 -- CFLAR -- TRAF1 -- MAPK14 -- PTMA -- NR3C1 -- TGFB2 -- FADD -- MAP3K1 -- IGF1 -- VEGFA -- TGFB1 -- TRAF2 -- TNFRSF10B -- ATM -- DAB2IP -- NFKB2 -- CASP2 -- MDM2 -- CHUK -- RPS6KA5 -- PPP1R13L -- LYN -- IRF1 -- FAS -- EIF4G2 -- MYB -- CYCS -- HIP1 -- BCL2 -- CASP8 -- CDK6 -- OTUD7B -- CASP10 -- PARP1 -- HNRNPK -- RPA4 -- BCL2L1 -- CDKN1A -- HTT -- PSIP1 -- BRCA1 -- CDKN2A -- BCL2L11 -- PELP1 -- EIF4E -- BID -- FOXM1 -- TFDP1 -- CTBP1 -- RBL1 -- PCNA -- PLAC8 -- CASP9 -- CCNG1 -- ALPI -- RASSF1
376,TNFRSF1A -- TP53 -- MAPK8 -- STAT1 -- JUN -- FOS -- BIRC2 -- BIRC3 -- SIRT1 -- FASLG -- RB1 -- TRAF1 -- MAPK14 -- PTMA -- RHOA -- NR3C1 -- TGFB2 -- IL2 -- RELA -- RAC1 -- MAP3K1 -- IGF1 -- VEGFA -- TRADD -- TRAF2 -- CASP3 -- AKT1 -- DAB2IP -- NFKB2 -- CASP2 -- E2F1 -- MDM2 -- CHUK -- PPP1R13L -- FAS -- EIF4G2 -- NFKBIA -- CDK4 -- OTUD7B -- CASP10 -- PARP1 -- SOD1 -- BCL2L1 -- CASP7 -- SMPD1 -- TNIK -- HTT -- CDKN2A -- BBC3 -- BCL2L11 -- BAX -- TFDP1 -- CTBP1 -- TAF1 -- PLAC8 -- APAF1 -- RANGAP1
377,TNFRSF1A -- TNF -- TNFRSF1B -- TP53 -- MAPK8 -- FOS -- BIRC3 -- MYC -- RB1 -- CFLAR -- IL2 -- RELA -- RAC1 -- MAP2K7 -- MAP3K1 -- IGF1 -- VEGFA -- TGFB1 -- RET -- MAPK1 -- TNFRSF10B -- AKT1 -- ATM -- DAB2IP -- NFKB2 -- CASP2 -- MDM2 -- CHUK -- RPS6KA5 -- MAPK3 -- TRAF6 -- PPP1R13L -- IRF1 -- EIF4G2 -- HTRA2 -- NFKBIA -- CYCS -- HIP1 -- CASP8 -- CDK6 -- OTUD7B -- CASP10 -- PSEN1 -- SOD1 -- RPA4 -- CASP7 -- SMPD1 -- CDKN1A -- BRCA1 -- CDKN2A -- BBC3 -- BCL2L11 -- BAK1 -- EIF4E -- BID -- RBL1 -- PCNA -- ALPI -- RANGAP1
378,TNFRSF1A -- TNF -- RIPK1 -- NFKB1 -- MAPK8 -- STAT1 -- FOS -- BIRC2 -- BIRC3 -- FASLG -- MYC -- RB1 -- TNFAIP3 -- MAPK14 -- PTMA -- RELA -- TGFB1 -- MAP3K14 -- RET -- TRADD -- TNFRSF10B -- CASP3 -- KRT18 -- ATM -- E2F1 -- MDM2 -- CHUK -- MAPK3 -- MAPK9 -- LYN -- IRF1 -- MYB -- CYCS -- HIP1 -- BCL2 -- RNF11 -- CASP10 -- PARP1 -- BAD -- SOD1 -- HNRNPK -- BCL2L1 -- CASP7 -- SMPD1 -- HTT -- PSIP1 -- BRCA1 -- CDKN2A -- BBC3 -- BCL2L11 -- PELP1 -- MCL1 -- CTBP1 -- RBL1 -- PLAC8 -- ALPI
379,TNF -- TNFRSF1B -- RIPK1 -- TP53 -- NFKB1 -- STAT1 -- JUN -- FOS -- BIRC2 -- MYC -- CFLAR -- MAPK14 -- PTMA -- RELA -- RAC1 -- IGF1 -- VEGFA -- MAP3K14 -- TRADD -- TNFRSF10B -- CASP3 -- KRT18 -- AKT1 -- DAB2IP -- CASP2 -- E2F1 -- CHUK -- MAPK3 -- TRAF6 -- PPP1R13L -- MAPK9 -- IRF1 -- FAS -- CYCS -- CASP8 -- OTUD7B -- CASP10 -- PARP1 -- BAD -- SOD1 -- HNRNPK -- RPA4 -- CASP7 -- TNIK -- RBL2 -- PSIP1 -- BRCA1 -- BCL2L11 -- CTBP1 -- PLAC8 -- DIABLO -- APAF1 -- ALPI
380,SMURF2 -- TNF -- TP53 -- NFKB1 -- FOS -- BIRC3 -- SIRT1 -- FASLG -- RB1 -- CCND1 -- CFLAR -- MAPK14 -- PTMA -- FADD -- VEGFA -- TGFB1 -- RET -- MAPK1 -- TNFRSF10B -- AKT1 -- NFKB2 -- CASP2 -- E2F1 -- MDM2 -- CHUK -- PPP1R13L -- LYN -- IRF1 -- HTRA2 -- MYB -- CYCS -- BCL2 -- RNF11 -- PARP1 -- PSEN1 -- SOD1 -- HNRNPK -- RPA4 -- SMPD1 -- CDKN1A -- CDKN2A -- BAK1 -- EIF4E -- BID -- FOXM1 -- TFDP1 -- PCNA -- DIABLO
381,TNFRSF1A -- SMURF2 -- TP53 -- NFKB1 -- STAT1 -- JUN -- FASLG -- MAPK14 -- RHOA -- NR3C1 -- RELA -- RAC1 -- MAP2K7 -- IGF1 -- MAP3K14 -- RET -- TRADD -- MAPK1 -- KRT18 -- AKT1 -- DAB2IP -- E2F1 -- MDM2 -- RPS6KA5 -- TRAF6 -- PPP1R13L -- LYN -- IRF1 -- FAS -- NFKBIA -- CYCS -- CASP8 -- CDK4 -- OTUD7B -- SOD1 -- HNRNPK -- BCL2L1 -- CASP7 -- TNIK -- RBL2 -- CDKN1A -- HTT -- PSIP1 -- BRCA1 -- CDKN2A -- TFDP1 -- RBL1 -- PLAC8 -- CASP9 -- APAF1 -- RANGAP1
382,SMURF2 -- TNFRSF1B -- MAPK8 -- JUN -- FASLG -- MYC -- CCND1 -- CFLAR -- PTMA -- RHOA -- NR3C1 -- TGFB2 -- RELA -- MAP2K7 -- IGF1 -- VEGFA -- MAP3K14 -- RET -- CASP3 -- AKT1 -- ATM -- NFKB2 -- CASP2 -- CHUK -- RPS6KA5 -- TRAF6 -- PPP1R13L -- MAPK9 -- FAS -- EIF4G2 -- NFKBIA -- MYB -- BCL2 -- CASP8 -- OTUD7B -- RNF11 -- CASP10 -- SOD1 -- HNRNPK -- BCL2L1 -- TNIK -- CDKN1A -- BRCA1 -- BAX -- BAK1 -- EIF4E -- BID -- FOXM1 -- RBL1 -- TAF1 -- DIABLO -- APAF1
383,TNFRSF1B -- FOS -- BIRC3 -- FASLG -- MYC -- RB1 -- TNFAIP3 -- TRAF1 -- MAPK14 -- RHOA -- IL2 -- FADD -- MAP2K7 -- MAP3K1 -- IGF1 -- VEGFA -- MAP3K14 -- TRADD -- TNFRSF10B -- CASP3 -- KRT18 -- AKT1 -- ATM -- DAB2IP -- NFKB2 -- MDM2 -- CHUK -- TRAF6 -- LYN -- EIF4G2 -- HTRA2 -- NFKBIA -- CYCS -- BCL2 -- CASP8 -- OTUD7B -- CASP10 -- PSEN1 -- BAD -- SOD1 -- CASP7 -- TNIK -- HTT -- PELP1 -- BAX -- BAK1 -- EIF4E -- BID -- FOXM1 -- MCL1 -- RBL1 -- CASP9 -- DIABLO -- ALPI -- RANGAP1
384,TNFRSF1A -- TNFRSF1B -- MAPK8 -- BIRC2 -- SIRT1 -- FASLG -- MYC -- RB1 -- TNFAIP3 -- EP300 -- CCND1 -- CFLAR -- TRAF1 -- PTMA -- RHOA -- NR3C1 -- TGFB2 -- RELA -- FADD -- RAC1 -- MAP2K7 -- IGF1 -- TGFB1 -- TRADD -- MAPK1 -- TRAF2 -- TNFRSF10B -- CASP3 -- ATM -- DAB2IP -- NFKB2 -- E2F1 -- MDM2 -- CHUK -- TRAF6 -- IRF1 -- FAS -- HTRA2 -- NFKBIA -- CYCS -- HIP1 -- BCL2 -- RNF11 -- CASP10 -- PSEN1 -- RPA4 -- CDKN1A -- HTT -- CDKN2A -- BAX -- BID -- TFDP1 -- MCL1 -- CTBP1 -- RBL1 -- TAF1 -- PLAC8 -- CASP9 -- CCNG1 -- RANGAP1
385,TNFRSF1A -- TNFRSF1B -- RIPK1 -- TP53 -- NFKB1 -- MAPK8 -- STAT1 -- FOS -- BIRC3 -- SIRT1 -- FASLG -- MYC -- RB1 -- EP300 -- CFLAR -- NR3C1 -- TGFB2 -- IL2 -- FADD -- IGF1 -- TGFB1 -- MAP3K14 -- RET -- TRADD -- TRAF2 -- TNFRSF10B -- KRT18 -- DAB2IP -- NFKB2 -- CASP2 -- MDM2 -- CHUK -- LYN -- EIF4G2 -- HTRA2 -- HIP1 -- CASP8 -- OTUD7B -- CASP10 -- PARP1 -- BAD -- RPA4 -- BCL2L1 -- SMPD1 -- CDKN1A -- BRCA1 -- BBC3 -- BAX -- BAK1 -- EIF4E -- TFDP1 -- MCL1 -- CTBP1 -- PCNA -- TAF1 -- PLAC8 -- RASSF1 -- RANGAP1
386,SMURF2 -- TNFRSF1B -- NFKB1 -- SIRT1 -- CCND1 -- MAPK14 -- PTMA -- RHOA -- TGFB2 -- IL2 -- RELA -- FADD -- MAP2K7 -- RET -- TRADD -- MAPK1 -- TRAF2 -- TNFRSF10B -- CASP3 -- KRT18 -- AKT1 -- CASP2 -- E2F1 -- CHUK -- RPS6KA5 -- MAPK3 -- IRF1 -- FAS -- MYB -- CYCS -- CDK6 -- OTUD7B -- PSEN1 -- RPA4 -- CASP7 -- TNIK -- RBL2 -- HTT -- BAK1 -- EIF4E -- TFDP1 -- MCL1 -- PLAC8 -- CCNG1 -- ALPI -- RASSF1 -- RANGAP1
387,SMURF2 -- BIRC2 -- BIRC3 -- SIRT1 -- MYC -- RB1 -- TNFAIP3 -- EP300 -- CCND1 -- CFLAR -- MAPK14 -- PTMA -- RHOA -- NR3C1 -- RELA -- MAP2K7 -- IGF1 -- MAP3K14 -- TRAF2 -- TNFRSF10B -- CASP3 -- ATM -- CASP2 -- MAPK3 -- FAS -- EIF4G2 -- HTRA2 -- NFKBIA -- MYB -- CDK4 -- RNF11 -- CASP10 -- PARP1 -- SOD1 -- BCL2L1 -- RBL2 -- HTT -- BRCA1 -- CDKN2A -- PELP1 -- BAX -- BAK1 -- FOXM1 -- TFDP1 -- PCNA -- TAF1 -- CCNG1 -- DIABLO -- APAF1 -- RASSF1 -- RANGAP1
388,SMURF2 -- RIPK1 -- NFKB1 -- FOS -- BIRC3 -- FASLG -- MYC -- PTMA -- IL2 -- RELA -- IGF1 -- RET -- TRADD -- AKT1 -- DAB2IP -- NFKB2 -- CHUK -- TRAF6 -- PPP1R13L -- MAPK9 -- LYN -- FAS -- EIF4G2 -- HTRA2 -- NFKBIA -- MYB -- CDK4 -- CDK6 -- OTUD7B -- RNF11 -- BAD -- SOD1 -- HNRNPK -- CASP7 -- SMPD1 -- TNIK -- CDKN1A -- HTT -- PSIP1 -- BBC3 -- BCL2L11 -- BAX -- BID -- TFDP1 -- CTBP1 -- CASP9 -- CCNG1 -- RASSF1 -- RANGAP1
389,TNFRSF1B -- RIPK1 -- STAT1 -- FASLG -- RB1 -- TNFAIP3 -- TRAF1 -- PTMA -- RHOA -- NR3C1 -- IL2 -- RELA -- RAC1 -- MAP2K7 -- IGF1 -- VEGFA -- TGFB1 -- RET -- TNFRSF10B -- CASP3 -- AKT1 -- ATM -- DAB2IP -- CASP2 -- CHUK -- RPS6KA5 -- MAPK3 -- LYN -- FAS -- CYCS -- CASP8 -- CDK4 -- CDK6 -- RNF11 -- PARP1 -- PSEN1 -- BAD -- SOD1 -- HNRNPK -- BCL2L1 -- CASP7 -- TNIK -- HTT -- CDKN2A -- BCL2L11 -- BAX -- BAK1 -- MCL1 -- TAF1 -- PLAC8 -- CCNG1 -- DIABLO -- APAF1
390,SMURF2 -- TNF -- RIPK1 -- TP53 -- MAPK8 -- JUN -- FOS -- BIRC2 -- BIRC3 -- FASLG -- TNFAIP3 -- EP300 -- CCND1 -- CFLAR -- MAPK14 -- PTMA -- TGFB2 -- IGF1 -- TGFB1 -- RET -- TRADD -- TNFRSF10B -- CASP3 -- AKT1 -- NFKB2 -- CASP2 -- MDM2 -- CHUK -- TRAF6 -- IRF1 -- EIF4G2 -- HTRA2 -- NFKBIA -- MYB -- CASP8 -- CDK4 -- CDK6 -- PSEN1 -- BAD -- TNIK -- RBL2 -- HTT -- BRCA1 -- BBC3 -- PELP1 -- BAX -- BID -- CTBP1 -- RBL1 -- PCNA -- CASP9 -- CCNG1 -- APAF1 -- ALPI -- RASSF1
391,TNFRSF1A -- TNF -- TNFRSF1B -- MAPK8 -- JUN -- FOS -- FASLG -- MYC -- CCND1 -- RHOA -- NR3C1 -- TGFB2 -- RELA -- FADD -- RAC1 -- MAP2K7 -- TRAF2 -- TNFRSF10B -- CASP3 -- KRT18 -- DAB2IP -- CASP2 -- E2F1 -- MDM2 -- CHUK -- RPS6KA5 -- TRAF6 -- FAS -- NFKBIA -- BCL2 -- CDK4 -- OTUD7B -- RNF11 -- PARP1 -- SOD1 -- HNRNPK -- SMPD1 -- TNIK -- RBL2 -- CDKN1A -- BRCA1 -- CDKN2A -- PELP1 -- BAK1 -- EIF4E -- FOXM1 -- TFDP1 -- MCL1 -- RBL1 -- PCNA -- PLAC8 -- ALPI -- RASSF1
392,TNFRSF1A -- TNF -- TNFRSF1B -- RIPK1 -- TP53 -- MAPK8 -- STAT1 -- FOS -- SIRT1 -- TNFAIP3 -- EP300 -- PTMA -- NR3C1 -- RELA -- MAP3K1 -- IGF1 -- VEGFA -- TGFB1 -- MAP3K14 -- RET -- TRADD -- CASP3 -- ATM -- NFKB2 -- E2F1 -- CHUK -- MAPK3 -- TRAF6 -- LYN -- NFKBIA -- CYCS -- CASP8 -- CDK4 -- CDK6 -- OTUD7B -- BAD -- RPA4 -- BCL2L1 -- CDKN1A -- BBC3 -- BCL2L11 -- PELP1 -- TFDP1 -- CTBP1 -- PCNA -- TAF1 -- PLAC8 -- CCNG1 -- DIABLO -- APAF1 -- RANGAP1
393,SMURF2 -- TNFRSF1B -- TP53 -- NFKB1 -- MAPK8 -- FOS -- BIRC2 -- RB1 -- TNFAIP3 -- CCND1 -- CFLAR -- MAPK14 -- PTMA -- RAC1 -- MAP3K1 -- IGF1 -- MAP3K14 -- TRADD -- MAPK1 -- KRT18 -- AKT1 -- DAB2IP -- NFKB2 -- E2F1 -- MDM2 -- TRAF6 -- EIF4G2 -- HTRA2 -- NFKBIA -- HIP1 -- CASP8 -- CDK6 -- RNF11 -- PSEN1 -- BAD -- HNRNPK -- CASP7 -- SMPD1 -- TNIK -- RBL2 -- HTT -- BRCA1 -- CDKN2A -- BCL2L11 -- BAX -- EIF4E -- BID -- MCL1 -- CTBP1 -- TAF1 -- CASP9 -- APAF1 -- ALPI -- RASSF1 -- RANGAP1
394,TNFRSF1A -- TNF -- RIPK1 -- NFKB1 -- STAT1 -- JUN -- FOS -- TRAF1 -- PTMA -- NR3C1 -- RAC1 -- MAP2K7 -- MAP3K1 -- VEGFA -- TGFB1 -- MAP3K14 -- RET -- TRADD -- MAPK1 -- TNFRSF10B -- CASP3 -- KRT18 -- AKT1 -- NFKB2 -- CASP2 -- CHUK -- RPS6KA5 -- TRAF6 -- LYN -- FAS -- EIF4G2 -- HTRA2 -- CYCS -- HIP1 -- BCL2 -- CASP8 -- RNF11 -- CASP10 -- PARP1 -- PSEN1 -- SOD1 -- HNRNPK -- RPA4 -- BCL2L1 -- CASP7 -- SMPD1 -- RBL2 -- CDKN1A -- HTT -- PSIP1 -- CDKN2A -- BBC3 -- BCL2L11 -- PELP1 -- BAX -- EIF4E -- TFDP1 -- CTBP1 -- RBL1 -- PLAC8 -- CASP9 -- CCNG1 -- DIABLO -- APAF1 -- ALPI -- RASSF1 -- RANGAP1
395,TNF -- NFKB1 -- JUN -- FOS -- BIRC2 -- BIRC3 -- FASLG -- MYC -- TNFAIP3 -- EP300 -- CCND1 -- CFLAR -- TRAF1 -- RHOA -- TGFB2 -- IL2 -- RELA -- MAP2K7 -- IGF1 -- TGFB1 -- MAP3K14 -- RET -- TRADD -- TRAF2 -- CASP3 -- AKT1 -- DAB2IP -- NFKB2 -- MDM2 -- CHUK -- RPS6KA5 -- PPP1R13L -- LYN -- EIF4G2 -- HTRA2 -- MYB -- CYCS -- HIP1 -- BCL2 -- CDK6 -- OTUD7B -- RNF11 -- BAD -- SOD1 -- BCL2L1 -- SMPD1 -- TNIK -- HTT -- PSIP1 -- BRCA1 -- BBC3 -- BAX -- BAK1 -- EIF4E -- CTBP1 -- PCNA -- TAF1 -- PLAC8 -- CASP9 -- DIABLO -- APAF1 -- ALPI -- RASSF1
396,SMURF2 -- RIPK1 -- TP53 -- NFKB1 -- MAPK8 -- BIRC2 -- SIRT1 -- FASLG -- MYC -- EP300 -- MAPK14 -- PTMA -- TGFB2 -- IL2 -- RELA -- FADD -- VEGFA -- TGFB1 -- MAP3K14 -- RET -- MAPK1 -- TNFRSF10B -- CASP3 -- KRT18 -- AKT1 -- ATM -- CASP2 -- E2F1 -- RPS6KA5 -- MAPK3 -- TRAF6 -- IRF1 -- FAS -- EIF4G2 -- HTRA2 -- MYB -- OTUD7B -- RNF11 -- CASP10 -- PARP1 -- PSEN1 -- BAD -- HNRNPK -- BCL2L1 -- CASP7 -- SMPD1 -- TNIK -- RBL2 -- CDKN1A -- HTT -- PSIP1 -- BRCA1 -- BBC3 -- BCL2L11 -- BAK1 -- BID -- TFDP1 -- RBL1 -- PCNA -- TAF1 -- PLAC8 -- CCNG1 -- DIABLO -- ALPI
397,TNF -- TNFRSF1B -- RIPK1 -- TP53 -- MAPK8 -- STAT1 -- JUN -- FOS -- BIRC2 -- BIRC3 -- MYC -- TRAF1 -- MAPK14 -- PTMA -- NR3C1 -- FADD -- RAC1 -- MAP3K1 -- TGFB1 -- MAP3K14 -- TRADD -- TRAF2 -- CASP3 -- AKT1 -- DAB2IP -- CASP2 -- MDM2 -- CHUK -- RPS6KA5 -- MAPK3 -- TRAF6 -- PPP1R13L -- HTRA2 -- NFKBIA -- CYCS -- HIP1 -- BCL2 -- CASP8 -- CDK6 -- OTUD7B -- RNF11 -- CASP10 -- PSEN1 -- BAD -- HNRNPK -- RPA4 -- BCL2L1 -- CASP7 -- TNIK -- BRCA1 -- EIF4E -- CTBP1 -- PCNA -- CASP9 -- CCNG1 -- DIABLO -- APAF1 -- RASSF1 -- RANGAP1
398,TNFRSF1A -- TNF -- TNFRSF1B -- RIPK1 -- TP53 -- NFKB1 -- JUN -- BIRC2 -- FASLG -- MYC -- TNFAIP3 -- EP300 -- CCND1 -- IL2 -- RELA -- RAC1 -- MAP2K7 -- MAP3K1 -- MAP3K14 -- RET -- TRAF2 -- CASP3 -- AKT1 -- ATM -- NFKB2 -- CASP2 -- MAPK3 -- TRAF6 -- MAPK9 -- LYN -- IRF1 -- FAS -- EIF4G2 -- HIP1 -- CDK6 -- OTUD7B -- RNF11 -- PSEN1 -- BAD -- RPA4 -- BCL2L1 -- CASP7 -- SMPD1 -- RBL2 -- HTT -- PSIP1 -- BRCA1 -- BBC3 -- PELP1 -- BAK1 -- EIF4E -- FOXM1 -- TFDP1 -- CTBP1 -- RBL1 -- PCNA -- TAF1 -- DIABLO -- ALPI
399,TNFRSF1A -- TNFRSF1B -- TP53 -- NFKB1 -- MAPK8 -- STAT1 -- JUN -- FOS -- BIRC2 -- FASLG -- MYC -- EP300 -- CFLAR -- TRAF1 -- PTMA -- RHOA -- IL2 -- FADD -- MAP3K1 -- TGFB1 -- RET -- TRADD -- MAPK1 -- TNFRSF10B -- KRT18 -- AKT1 -- ATM -- NFKB2 -- CASP2 -- MDM2 -- CHUK -- MAPK3 -- TRAF6 -- PPP1R13L -- MAPK9 -- FAS -- NFKBIA -- CYCS -- BCL2 -- CASP8 -- CDK6 -- CASP10 -- RPA4 -- BCL2L1 -- SMPD1 -- TNIK -- CDKN1A -- PSIP1 -- BRCA1 -- CDKN2A -- BBC3 -- BAK1 -- TFDP1 -- MCL1 -- RBL1 -- PCNA -- CASP9 -- CCNG1 -- APAF1 -- RANGAP1
400,RIPK1 -- NFKB1 -- MAPK8 -- STAT1 -- BIRC2 -- MYC -- RB1 -- EP300 -- CCND1 -- CFLAR -- TRAF1 -- PTMA -- RHOA -- RELA -- MAP3K1 -- VEGFA -- RET -- TRADD -- MAPK1 -- TRAF2 -- TNFRSF10B -- CASP3 -- E2F1 -- MDM2 -- RPS6KA5 -- MAPK3 -- TRAF6 -- MAPK9 -- IRF1 -- FAS -- NFKBIA -- CYCS -- BCL2 -- CDK4 -- CASP10 -- SOD1 -- BCL2L1 -- SMPD1 -- RBL2 -- CDKN1A -- CDKN2A -- BAK1 -- TFDP1 -- MCL1 -- RBL1 -- PLAC8 -- CCNG1 -- ALPI -- RANGAP1
401,TNFRSF1A -- SMURF2 -- TNF -- RIPK1 -- TP53 -- NFKB1 -- MAPK8 -- JUN -- FOS -- BIRC3 -- SIRT1 -- FASLG -- MYC -- TNFAIP3 -- EP300 -- CCND1 -- CFLAR -- TRAF1 -- MAPK14 -- PTMA -- RHOA -- NR3C1 -- TGFB2 -- RAC1 -- MAP2K7 -- MAP3K1 -- VEGFA -- RET -- MAPK1 -- TNFRSF10B -- DAB2IP -- E2F1 -- RPS6KA5 -- TRAF6 -- FAS -- MYB -- CYCS -- BCL2 -- CASP8 -- CDK6 -- OTUD7B -- BAD -- SOD1 -- HNRNPK -- RPA4 -- BCL2L1 -- CASP7 -- TNIK -- RBL2 -- PSIP1 -- BRCA1 -- CDKN2A -- BBC3 -- BCL2L11 -- PELP1 -- BAX -- EIF4E -- BID -- FOXM1 -- MCL1 -- CTBP1 -- CASP9 -- ALPI
402,TP53 -- MAPK8 -- BIRC3 -- SIRT1 -- RB1 -- EP300 -- CFLAR -- MAPK14 -- RHOA -- NR3C1 -- TGFB2 -- IL2 -- RAC1 -- MAP2K7 -- MAP3K1 -- VEGFA -- TRAF2 -- CASP3 -- KRT18 -- AKT1 -- ATM -- DAB2IP -- NFKB2 -- CASP2 -- MDM2 -- MAPK3 -- PPP1R13L -- MAPK9 -- LYN -- IRF1 -- EIF4G2 -- HTRA2 -- CYCS -- CASP8 -- CDK4 -- CDK6 -- OTUD7B -- RNF11 -- PARP1 -- PSEN1 -- HNRNPK -- RPA4 -- CASP7 -- TNIK -- BRCA1 -- BBC3 -- PELP1 -- BAX -- EIF4E -- FOXM1 -- RBL1 -- TAF1 -- PLAC8 -- CASP9 -- RANGAP1
403,TNFRSF1A -- SMURF2 -- TNF -- RIPK1 -- TP53 -- JUN -- FOS -- FASLG -- TNFAIP3 -- EP300 -- CCND1 -- TRAF1 -- MAPK14 -- PTMA -- IL2 -- RELA -- MAP3K1 -- IGF1 -- RET -- TRAF2 -- TNFRSF10B -- AKT1 -- ATM -- NFKB2 -- E2F1 -- CHUK -- RPS6KA5 -- MAPK3 -- TRAF6 -- EIF4G2 -- NFKBIA -- CDK6 -- RNF11 -- PARP1 -- PSEN1 -- SOD1 -- BCL2L1 -- CASP7 -- SMPD1 -- TNIK -- HTT -- CDKN2A -- BBC3 -- PELP1 -- BAX -- BAK1 -- EIF4E -- BID -- MCL1 -- CTBP1 -- RBL1 -- TAF1 -- ALPI -- RASSF1
404,TNFRSF1A -- SMURF2 -- TNFRSF1B -- TP53 -- NFKB1 -- MAPK8 -- STAT1 -- JUN -- FOS -- BIRC2 -- BIRC3 -- SIRT1 -- TNFAIP3 -- CFLAR -- TRAF1 -- MAPK14 -- PTMA -- NR3C1 -- IL2 -- FADD -- MAP2K7 -- VEGFA -- TGFB1 -- MAP3K14 -- RET -- TRADD -- MAPK1 -- TRAF2 -- CASP3 -- KRT18 -- AKT1 -- ATM -- NFKB2 -- CASP2 -- RPS6KA5 -- TRAF6 -- PPP1R13L -- MAPK9 -- LYN -- IRF1 -- FAS -- EIF4G2 -- HTRA2 -- MYB -- HIP1 -- CDK4 -- CDK6 -- OTUD7B -- RNF11 -- PARP1 -- PSEN1 -- BAD -- SOD1 -- HNRNPK -- BCL2L1 -- SMPD1 -- TNIK -- CDKN1A -- BRCA1 -- BAX -- FOXM1 -- MCL1 -- CTBP1 -- RBL1 -- DIABLO -- RASSF1
405,TNFRSF1A -- SMURF2 -- TNF -- TNFRSF1B -- RIPK1 -- TP53 -- FOS -- BIRC2 -- FASLG -- MYC -- RB1 -- TNFAIP3 -- EP300 -- FADD -- MAP2K7 -- MAP3K1 -- VEGFA -- MAP3K14 -- TRADD -- MAPK1 -- CASP3 -- AKT1 -- ATM -- DAB2IP -- E2F1 -- MDM2 -- CHUK -- RPS6KA5 -- MAPK3 -- PPP1R13L -- MAPK9 -- IRF1 -- FAS -- EIF4G2 -- HTRA2 -- MYB -- CASP8 -- CDK6 -- OTUD7B -- CASP10 -- SOD1 -- HNRNPK -- RPA4 -- CASP7 -- TNIK -- RBL2 -- PSIP1 -- BRCA1 -- CDKN2A -- BBC3 -- PELP1 -- BAX -- EIF4E -- FOXM1 -- TFDP1 -- RBL1 -- PLAC8 -- CASP9 -- DIABLO
406,SMURF2 -- TNF -- RIPK1 -- TP53 -- NFKB1 -- FOS -- BIRC3 -- FASLG -- RHOA -- IL2 -- RAC1 -- IGF1 -- TGFB1 -- MAP3K14 -- RET -- TRADD -- MAPK1 -- KRT18 -- ATM -- DAB2IP -- NFKB2 -- E2F1 -- MDM2 -- CHUK -- RPS6KA5 -- FAS -- EIF4G2 -- MYB -- CYCS -- CDK6 -- PARP1 -- CASP7 -- SMPD1 -- TNIK -- RBL2 -- HTT -- PSIP1 -- BRCA1 -- CDKN2A -- BAX -- BAK1 -- EIF4E -- FOXM1 -- TFDP1 -- MCL1 -- CTBP1 -- RBL1 -- PCNA -- TAF1 -- CASP9 -- CCNG1 -- DIABLO -- RASSF1
407,SMURF2 -- TP53 -- NFKB1 -- STAT1 -- BIRC2 -- BIRC3 -- SIRT1 -- RB1 -- TNFAIP3 -- EP300 -- CCND1 -- CFLAR -- PTMA -- TGFB2 -- RELA -- RAC1 -- MAP2K7 -- MAP3K1 -- TGFB1 -- MAP3K14 -- RET -- MAPK1 -- TRAF2 -- CASP3 -- AKT1 -- DAB2IP -- CASP2 -- E2F1 -- MDM2 -- CHUK -- RPS6KA5 -- TRAF6 -- MAPK9 -- HTRA2 -- HIP1 -- CDK6 -- OTUD7B -- RNF11 -- CASP10 -- PARP1 -- HNRNPK -- BCL2L1 -- SMPD1 -- CDKN1A -- HTT -- PSIP1 -- BRCA1 -- BBC3 -- PELP1 -- BAX -- BAK1 -- BID -- FOXM1 -- TFDP1 -- MCL1 -- CTBP1 -- PLAC8 -- CASP9 -- DIABLO -- ALPI -- RANGAP1
408,TNFRSF1A -- TNF -- TNFRSF1B -- TP53 -- NFKB1 -- STAT1 -- JUN -- BIRC2 -- BIRC3 -- SIRT1 -- MYC -- TNFAIP3 -- TRAF1 -- RHOA -- NR3C1 -- TGFB2 -- RELA -- MAP2K7 -- MAP3K1 -- IGF1 -- TGFB1 -- RET -- TRADD -- TRAF2 -- AKT1 -- ATM -- DAB2IP -- CASP2 -- E2F1 -- MDM2 -- CHUK -- TRAF6 -- LYN -- IRF1 -- FAS -- HTRA2 -- NFKBIA -- CYCS -- BCL2 -- CASP8 -- CDK6 -- CASP10 -- PARP1 -- PSEN1 -- SOD1 -- RPA4 -- BCL2L1 -- TNIK -- RBL2 -- HTT -- BRCA1 -- BBC3 -- PELP1 -- BAX -- CTBP1 -- RBL1 -- PLAC8 -- CASP9 -- CCNG1 -- DIABLO -- RASSF1 -- RANGAP1
409,TNFRSF1A -- TNF -- TP53 -- MAPK8 -- STAT1 -- JUN -- BIRC2 -- BIRC3 -- SIRT1 -- FASLG -- MYC -- TNFAIP3 -- EP300 -- CCND1 -- MAPK14 -- PTMA -- RHOA -- TGFB2 -- FADD -- RAC1 -- IGF1 -- VEGFA -- TGFB1 -- MAPK1 -- ATM -- DAB2IP -- NFKB2 -- MDM2 -- RPS6KA5 -- TRAF6 -- PPP1R13L -- MAPK9 -- IRF1 -- EIF4G2 -- HTRA2 -- MYB -- HIP1 -- BCL2 -- RNF11 -- PSEN1 -- RPA4 -- BCL2L1 -- CASP7 -- SMPD1 -- CDKN2A -- BCL2L11 -- PELP1 -- BAX -- BID -- TFDP1 -- CTBP1 -- RBL1 -- TAF1 -- PLAC8 -- DIABLO -- APAF1 -- ALPI -- RANGAP1
410,TNFRSF1A -- SMURF2 -- TNFRSF1B -- TP53 -- JUN -- BIRC3 -- FASLG -- MYC -- TNFAIP3 -- EP300 -- CCND1 -- CFLAR -- TGFB2 -- IL2 -- MAP2K7 -- MAP3K1 -- VEGFA -- MAP3K14 -- RET -- TRAF2 -- AKT1 -- DAB2IP -- CASP2 -- CHUK -- RPS6KA5 -- TRAF6 -- IRF1 -- FAS -- EIF4G2 -- HTRA2 -- CYCS -- CDK4 -- CDK6 -- RNF11 -- PSEN1 -- HNRNPK -- TNIK -- RBL2 -- HTT -- BAK1 -- FOXM1 -- MCL1 -- CTBP1 -- RBL1 -- PCNA -- CASP9 -- CCNG1 -- DIABLO -- APAF1 -- RASSF1
411,TNFRSF1A -- TNFRSF1B -- MAPK8 -- JUN -- BIRC2 -- BIRC3 -- FASLG -- RB1 -- TNFAIP3 -- EP300 -- CCND1 -- CFLAR -- MAPK14 -- RHOA -- NR3C1 -- RELA -- FADD -- MAP3K1 -- IGF1 -- VEGFA -- MAP3K14 -- RET -- MAPK1 -- KRT18 -- ATM -- DAB2IP -- CASP2 -- RPS6KA5 -- MAPK3 -- TRAF6 -- IRF1 -- NFKBIA -- BCL2 -- CASP8 -- OTUD7B -- RNF11 -- PARP1 -- PSEN1 -- SOD1 -- HNRNPK -- CDKN1A -- HTT -- CDKN2A -- BBC3 -- PELP1 -- BAX -- MCL1 -- RBL1 -- PCNA -- TAF1 -- PLAC8 -- CASP9 -- CCNG1 -- ALPI -- RASSF1
412,SMURF2 -- TNFRSF1B -- RIPK1 -- STAT1 -- JUN -- BIRC2 -- BIRC3 -- SIRT1 -- MYC -- TNFAIP3 -- CFLAR -- MAPK14 -- PTMA -- RHOA -- TGFB2 -- IL2 -- FADD -- RAC1 -- IGF1 -- TGFB1 -- TRADD -- MAPK1 -- TRAF2 -- TNFRSF10B -- CASP3 -- DAB2IP -- E2F1 -- MDM2 -- MAPK3 -- PPP1R13L -- IRF1 -- CYCS -- HIP1 -- BCL2 -- CDK6 -- RNF11 -- HNRNPK -- BCL2L1 -- CASP7 -- RBL2 -- CDKN1A -- CDKN2A -- BBC3 -- BID -- TFDP1 -- MCL1 -- RBL1 -- PCNA -- TAF1 -- PLAC8 -- CCNG1 -- DIABLO -- ALPI -- RANGAP1
413,SMURF2 -- TNF -- TNFRSF1B -- TP53 -- NFKB1 -- STAT1 -- JUN -- BIRC2 -- FASLG -- MYC -- RB1 -- TNFAIP3 -- EP300 -- CCND1 -- CFLAR -- RHOA -- IL2 -- FADD -- MAP2K7 -- MAP3K1 -- VEGFA -- TGFB1 -- MAP3K14 -- RET -- TRADD -- MAPK1 -- KRT18 -- AKT1 -- ATM -- CASP2 -- E2F1 -- MDM2 -- MAPK3 -- TRAF6 -- PPP1R13L -- MAPK9 -- LYN -- FAS -- EIF4G2 -- NFKBIA -- MYB -- HIP1 -- CDK6 -- OTUD7B -- RNF11 -- PARP1 -- BAD -- SOD1 -- HNRNPK -- BCL2L1 -- CASP7 -- SMPD1 -- HTT -- PSIP1 -- BRCA1 -- CDKN2A -- BBC3 -- BCL2L11 -- BAX -- BID -- FOXM1 -- MCL1 -- PCNA -- TAF1 -- PLAC8 -- APAF1 -- ALPI -- RASSF1
414,TP53 -- STAT1 -- JUN -- BIRC2 -- SIRT1 -- MYC -- TNFAIP3 -- EP300 -- CCND1 -- CFLAR -- MAPK14 -- RHOA -- IL2 -- RELA -- FADD -- RAC1 -- MAP3K1 -- IGF1 -- TGFB1 -- RET -- TRADD -- TRAF2 -- TNFRSF10B -- AKT1 -- ATM -- DAB2IP -- NFKB2 -- PPP1R13L -- MAPK9 -- LYN -- IRF1 -- FAS -- EIF4G2 -- NFKBIA -- CYCS -- HIP1 -- CDK6 -- OTUD7B -- RNF11 -- CASP10 -- SOD1 -- CASP7 -- SMPD1 -- CDKN2A -- BBC3 -- BCL2L11 -- BAX -- BAK1 -- EIF4E -- BID -- FOXM1 -- TFDP1 -- MCL1 -- RBL1 -- PLAC8 -- RANGAP1
415,TNFRSF1A -- SMURF2 -- TNF -- NFKB1 -- MAPK8 -- BIRC2 -- BIRC3 -- SIRT1 -- RB1 -- TNFAIP3 -- EP300 -- RAC1 -- MAP2K7 -- MAP3K1 -- VEGFA -- TGFB1 -- MAP3K14 -- RET -- TRADD -- KRT18 -- DAB2IP -- E2F1 -- MAPK3 -- PPP1R13L -- LYN -- HTRA2 -- MYB -- CYCS -- BCL2 -- CASP8 -- CDK4 -- OTUD7B -- RNF11 -- PARP1 -- SOD1 -- RPA4 -- CASP7 -- TNIK -- CDKN2A -- BBC3 -- PELP1 -- BAX -- TFDP1 -- CTBP1 -- RBL1 -- TAF1 -- DIABLO -- APAF1 -- RANGAP1
416,TNFRSF1A -- TNF -- TP53 -- FOS -- SIRT1 -- TNFAIP3 -- EP300 -- CCND1 -- PTMA -- NR3C1 -- TGFB2 -- IL2 -- RELA -- FADD -- MAP3K1 -- VEGFA -- TGFB1 -- MAP3K14 -- RET -- MAPK1 -- TNFRSF10B -- CASP3 -- KRT18 -- ATM -- DAB2IP -- NFKB2 -- E2F1 -- CHUK -- MAPK3 -- FAS -- EIF4G2 -- NFKBIA -- CYCS -- HIP1 -- CDK4 -- OTUD7B -- RNF11 -- CASP10 -- PARP1 -- BAD -- RPA4 -- CASP7 -- SMPD1 -- HTT -- BBC3 -- BCL2L11 -- BAX -- BAK1 -- BID -- FOXM1 -- RBL1 -- PCNA -- TAF1 -- CASP9 -- DIABLO -- APAF1 -- RASSF1 -- RANGAP1
417,SMURF2 -- TNFRSF1B -- RIPK1 -- STAT1 -- JUN -- BIRC2 -- BIRC3 -- MYC -- RB1 -- TNFAIP3 -- CFLAR -- PTMA -- RHOA -- TGFB2 -- RELA -- FADD -- MAP2K7 -- MAP3K1 -- VEGFA -- TGFB1 -- MAP3K14 -- MAPK1 -- TNFRSF10B -- ATM -- NFKB2 -- PPP1R13L -- MAPK9 -- EIF4G2 -- HTRA2 -- NFKBIA -- CYCS -- BCL2 -- RNF11 -- PARP1 -- SOD1 -- RPA4 -- BCL2L1 -- CASP7 -- TNIK -- RBL2 -- PSIP1 -- BCL2L11 -- BAK1 -- EIF4E -- BID -- PCNA -- CASP9 -- CCNG1 -- APAF1 -- ALPI
418,SMURF2 -- TP53 -- NFKB1 -- STAT1 -- JUN -- FOS -- BIRC3 -- SIRT1 -- FASLG -- TNFAIP3 -- EP300 -- CCND1 -- MAPK14 -- PTMA -- RHOA -- NR3C1 -- TGFB2 -- IL2 -- FADD -- MAP2K7 -- IGF1 -- MAP3K14 -- RET -- TNFRSF10B -- KRT18 -- CASP2 -- E2F1 -- CHUK -- MAPK3 -- TRAF6 -- MAPK9 -- IRF1 -- EIF4G2 -- HTRA2 -- MYB -- HIP1 -- RNF11 -- PSEN1 -- BAD -- SOD1 -- HNRNPK -- RPA4 -- CASP7 -- SMPD1 -- RBL2 -- HTT -- BRCA1 -- BBC3 -- BCL2L11 -- BAX -- BAK1 -- EIF4E -- BID -- RBL1 -- PCNA -- PLAC8 -- CASP9 -- CCNG1 -- DIABLO -- APAF1 -- ALPI
419,TNFRSF1A -- SMURF2 -- RIPK1 -- TP53 -- NFKB1 -- STAT1 -- JUN -- FOS -- BIRC3 -- SIRT1 -- FASLG -- MYC -- RB1 -- TNFAIP3 -- CCND1 -- MAPK14 -- PTMA -- RHOA -- NR3C1 -- FADD -- RAC1 -- MAP2K7 -- IGF1 -- TGFB1 -- MAP3K14 -- RET -- TRADD -- TRAF2 -- TNFRSF10B -- AKT1 -- DAB2IP -- PPP1R13L -- MAPK9 -- IRF1 -- HTRA2 -- NFKBIA -- MYB -- CYCS -- HIP1 -- CDK6 -- PSEN1 -- SOD1 -- HNRNPK -- CASP7 -- SMPD1 -- TNIK -- RBL2 -- PSIP1 -- BRCA1 -- CDKN2A -- BBC3 -- BCL2L11 -- PELP1 -- BAK1 -- FOXM1 -- CTBP1 -- PCNA -- TAF1 -- CASP9 -- DIABLO -- APAF1 -- ALPI -- RASSF1
420,SMURF2 -- TNF -- TNFRSF1B -- RIPK1 -- NFKB1 -- JUN -- FOS -- BIRC2 -- BIRC3 -- SIRT1 -- MYC -- PTMA -- IL2 -- RELA -- FADD -- RAC1 -- MAP3K1 -- TGFB1 -- RET -- TRAF2 -- CASP3 -- KRT18 -- AKT1 -- NFKB2 -- E2F1 -- MDM2 -- MAPK3 -- TRAF6 -- PPP1R13L -- LYN -- IRF1 -- EIF4G2 -- HIP1 -- CDK4 -- CDK6 -- OTUD7B -- BAD -- CASP7 -- SMPD1 -- TNIK -- BRCA1 -- PELP1 -- BAK1 -- EIF4E -- BID -- FOXM1 -- CTBP1 -- RBL1 -- TAF1 -- DIABLO -- ALPI -- RANGAP1
421,TNFRSF1A -- NFKB1 -- STAT1 -- JUN -- SIRT1 -- MYC -- TNFAIP3 -- CCND1 -- MAPK14 -- TGFB2 -- IL2 -- RAC1 -- MAP3K14 -- KRT18 -- ATM -- DAB2IP -- CASP2 -- MAPK3 -- IRF1 -- FAS -- HIP1 -- BCL2 -- CDK4 -- RNF11 -- BAD -- SOD1 -- HNRNPK -- CASP7 -- TNIK -- RBL2 -- HTT -- CDKN2A -- BBC3 -- PELP1 -- BAX -- BAK1 -- BID -- FOXM1 -- MCL1 -- RBL1 -- CCNG1 -- DIABLO -- APAF1 -- RANGAP1
422,SMURF2 -- TNF -- TNFRSF1B -- TP53 -- STAT1 -- JUN -- FOS -- BIRC2 -- BIRC3 -- SIRT1 -- FASLG -- TNFAIP3 -- CFLAR -- TRAF1 -- PTMA -- TGFB2 -- IL2 -- FADD -- MAP2K7 -- MAP3K1 -- VEGFA -- TGFB1 -- MAPK1 -- TNFRSF10B -- KRT18 -- NFKB2 -- CASP2 -- E2F1 -- CHUK -- RPS6KA5 -- MAPK3 -- PPP1R13L -- IRF1 -- EIF4G2 -- HTRA2 -- NFKBIA -- MYB -- BCL2 -- CDK6 -- RNF11 -- PARP1 -- BAD -- SOD1 -- HNRNPK -- RPA4 -- CASP7 -- HTT -- PSIP1 -- BRCA1 -- CDKN2A -- BBC3 -- BCL2L11 -- BAX -- BAK1 -- TFDP1 -- MCL1 -- PCNA -- TAF1 -- CASP9 -- DIABLO -- RASSF1 -- RANGAP1
423,TNFRSF1A -- SMURF2 -- TNF -- TNFRSF1B -- RIPK1 -- TP53 -- NFKB1 -- MAPK8 -- STAT1 -- FOS -- BIRC3 -- FASLG -- TNFAIP3 -- TRAF1 -- PTMA -- RELA -- RAC1 -- MAP2K7 -- IGF1 -- VEGFA -- TGFB1 -- RET -- TRADD -- E2F1 -- MDM2 -- CHUK -- RPS6KA5 -- MAPK9 -- IRF1 -- EIF4G2 -- HTRA2 -- NFKBIA -- MYB -- CYCS -- BCL2 -- CDK6 -- RNF11 -- CASP10 -- PSEN1 -- SOD1 -- RPA4 -- SMPD1 -- CDKN1A -- PSIP1 -- BRCA1 -- BBC3 -- PELP1 -- FOXM1 -- TFDP1 -- CTBP1 -- RBL1 -- TAF1 -- CASP9 -- CCNG1 -- APAF1 -- ALPI -- RASSF1
424,TNF -- MAPK8 -- BIRC2 -- SIRT1 -- FASLG -- MYC -- TNFAIP3 -- EP300 -- PTMA -- RHOA -- NR3C1 -- IL2 -- RELA -- FADD -- MAP3K1 -- IGF1 -- VEGFA -- MAP3K14 -- RET -- CASP3 -- KRT18 -- AKT1 -- NFKB2 -- CASP2 -- MDM2 -- CHUK -- TRAF6 -- IRF1 -- HTRA2 -- NFKBIA -- MYB -- HIP1 -- RNF11 -- PARP1 -- BAD -- RPA4 -- CASP7 -- CDKN1A -- HTT -- PSIP1 -- BRCA1 -- CDKN2A -- BCL2L11 -- BAX -- EIF4E -- BID -- TFDP1 -- MCL1 -- CTBP1 -- PLAC8 -- CASP9 -- DIABLO -- RASSF1 -- RANGAP1
425,TNFRSF1A -- SMURF2 -- TNFRSF1B -- NFKB1 -- JUN -- FOS -- SIRT1 -- FASLG -- RB1 -- CFLAR -- TRAF1 -- MAPK14 -- PTMA -- RHOA -- NR3C1 -- RELA -- TGFB1 -- RET -- TRADD -- MAPK1 -- TRAF2 -- CASP3 -- KRT18 -- NFKB2 -- E2F1 -- CHUK -- TRAF6 -- MAPK9 -- LYN -- EIF4G2 -- MYB -- CYCS -- BCL2 -- CDK6 -- RNF11 -- CASP10 -- PSEN1 -- BAD -- RPA4 -- BCL2L1 -- CASP7 -- TNIK -- HTT -- PSIP1 -- BRCA1 -- BCL2L11 -- BAK1 -- EIF4E -- FOXM1 -- TFDP1 -- MCL1 -- TAF1 -- DIABLO -- APAF1 -- RASSF1
426,TNFRSF1A -- NFKB1 -- MAPK8 -- STAT1 -- BIRC2 -- BIRC3 -- SIRT1 -- MYC -- TNFAIP3 -- EP300 -- CFLAR -- MAPK14 -- RAC1 -- MAP2K7 -- MAP3K1 -- TGFB1 -- RET -- TRADD -- TRAF2 -- CASP3 -- KRT18 -- AKT1 -- ATM -- CHUK -- RPS6KA5 -- TRAF6 -- PPP1R13L -- MAPK9 -- EIF4G2 -- HIP1 -- BCL2 -- CDK6 -- OTUD7B -- RNF11 -- CASP10 -- PARP1 -- SOD1 -- RPA4 -- SMPD1 -- TNIK -- CDKN1A -- HTT -- BRCA1 -- CDKN2A -- BAK1 -- EIF4E -- FOXM1 -- TFDP1 -- CTBP1 -- RBL1 -- TAF1 -- CCNG1 -- APAF1 -- ALPI -- RASSF1
427,TNFRSF1A -- SMURF2 -- TNFRSF1B -- RIPK1 -- JUN -- BIRC2 -- BIRC3 -- MYC -- RB1 -- MAPK14 -- RHOA -- RELA -- MAP3K1 -- MAP3K14 -- RET -- TRAF2 -- DAB2IP -- CASP2 -- MDM2 -- CHUK -- RPS6KA5 -- TRAF6 -- PPP1R13L -- FAS -- HTRA2 -- NFKBIA -- HIP1 -- BCL2 -- OTUD7B -- RNF11 -- CASP10 -- PARP1 -- HNRNPK -- RPA4 -- RBL2 -- CDKN1A -- BRCA1 -- PELP1 -- EIF4E -- FOXM1 -- MCL1 -- TAF1 -- PLAC8 -- ALPI -- RASSF1 -- RANGAP1
428,TNFRSF1A -- TNF -- TNFRSF1B -- STAT1 -- JUN -- FOS -- SIRT1 -- FASLG -- TNFAIP3 -- PTMA -- RHOA -- IL2 -- RELA -- FADD -- RAC1 -- MAP3K1 -- TGFB1 -- TNFRSF10B -- AKT1 -- ATM -- NFKB2 -- TRAF6 -- MAPK9 -- IRF1 -- FAS -- EIF4G2 -- HTRA2 -- NFKBIA -- CYCS -- HIP1 -- CDK4 -- OTUD7B -- RNF11 -- CASP10 -- PSEN1 -- SOD1 -- RPA4 -- CASP7 -- SMPD1 -- CDKN1A -- HTT -- PSIP1 -- CDKN2A -- BCL2L11 -- BAX -- MCL1 -- RBL1 -- TAF1 -- PLAC8 -- CASP9 -- DIABLO -- APAF1 -- ALPI -- RASSF1
429,TNFRSF1A -- TNF -- TNFRSF1B -- NFKB1 -- STAT1 -- JUN -- FOS -- BIRC2 -- BIRC3 -- RB1 -- TNFAIP3 -- TRAF1 -- MAPK14 -- PTMA -- NR3C1 -- RAC1 -- MAP2K7 -- MAP3K1 -- IGF1 -- MAPK1 -- TRAF2 -- TNFRSF10B -- ATM -- NFKB2 -- E2F1 -- TRAF6 -- PPP1R13L -- MAPK9 -- EIF4G2 -- NFKBIA -- HIP1 -- BCL2 -- CASP8 -- CDK4 -- CDK6 -- RNF11 -- PARP1 -- PSEN1 -- BAD -- SOD1 -- RPA4 -- BCL2L1 -- CASP7 -- SMPD1 -- TNIK -- CDKN2A -- BCL2L11 -- PELP1 -- BAX -- EIF4E -- BID -- FOXM1 -- MCL1 -- PCNA -- DIABLO -- RANGAP1
430,TNFRSF1A -- RIPK1 -- NFKB1 -- MAPK8 -- STAT1 -- FOS -- BIRC2 -- BIRC3 -- SIRT1 -- MYC -- RB1 -- EP300 -- CFLAR -- MAPK14 -- RHOA -- NR3C1 -- RELA -- FADD -- MAP2K7 -- TGFB1 -- TRAF2 -- CASP3 -- RPS6KA5 -- TRAF6 -- PPP1R13L -- MAPK9 -- IRF1 -- FAS -- NFKBIA -- MYB -- CYCS -- HIP1 -- CASP8 -- CDK4 -- CDK6 -- OTUD7B -- CASP10 -- PARP1 -- SOD1 -- HNRNPK -- RPA4 -- CASP7 -- SMPD1 -- TNIK -- CDKN1A -- PSIP1 -- BRCA1 -- CDKN2A -- BBC3 -- BCL2L11 -- PELP1 -- EIF4E -- FOXM1 -- MCL1 -- RBL1 -- PCNA -- TAF1 -- PLAC8 -- CCNG1 -- DIABLO -- ALPI -- RANGAP1
431,RIPK1 -- TP53 -- NFKB1 -- BIRC3 -- SIRT1 -- FASLG -- RB1 -- PTMA -- RHOA -- NR3C1 -- TGFB2 -- IL2 -- FADD -- RAC1 -- VEGFA -- RET -- TNFRSF10B -- AKT1 -- ATM -- DAB2IP -- E2F1 -- LYN -- IRF1 -- FAS -- EIF4G2 -- BCL2 -- CASP8 -- CDK6 -- RNF11 -- PSEN1 -- SOD1 -- CASP7 -- TNIK -- CDKN1A -- BAK1 -- BID -- FOXM1 -- TFDP1 -- RBL1 -- PLAC8 -- DIABLO -- APAF1 -- ALPI
432,SMURF2 -- TNF -- TNFRSF1B -- RIPK1 -- TP53 -- NFKB1 -- JUN -- FOS -- BIRC2 -- SIRT1 -- MYC -- RB1 -- CCND1 -- CFLAR -- PTMA -- RHOA -- NR3C1 -- RAC1 -- MAP3K1 -- IGF1 -- VEGFA -- MAP3K14 -- RET -- TRADD -- MAPK1 -- TRAF2 -- AKT1 -- ATM -- NFKB2 -- CASP2 -- MDM2 -- MAPK9 -- LYN -- FAS -- HTRA2 -- NFKBIA -- CYCS -- CDK4 -- CDK6 -- RNF11 -- PSEN1 -- SOD1 -- HTT -- CDKN2A -- BBC3 -- BCL2L11 -- BAX -- EIF4E -- TFDP1 -- CTBP1 -- PCNA -- PLAC8 -- CCNG1 -- DIABLO -- APAF1 -- ALPI -- RANGAP1
433,TNFRSF1A -- SMURF2 -- TNFRSF1B -- RIPK1 -- NFKB1 -- STAT1 -- BIRC2 -- MYC -- RB1 -- EP300 -- PTMA -- RHOA -- NR3C1 -- TGFB2 -- RELA -- IGF1 -- VEGFA -- CASP3 -- KRT18 -- AKT1 -- ATM -- E2F1 -- MDM2 -- CHUK -- TRAF6 -- EIF4G2 -- HTRA2 -- BCL2 -- CDK6 -- RNF11 -- PARP1 -- PSEN1 -- BAD -- SOD1 -- CASP7 -- SMPD1 -- CDKN1A -- HTT -- PSIP1 -- BCL2L11 -- PELP1 -- BAK1 -- BID -- FOXM1 -- TFDP1 -- RBL1 -- PCNA -- TAF1 -- CCNG1 -- APAF1 -- ALPI -- RASSF1 -- RANGAP1
434,TNFRSF1B -- RIPK1 -- TP53 -- NFKB1 -- MAPK8 -- STAT1 -- BIRC2 -- BIRC3 -- MYC -- EP300 -- CCND1 -- CFLAR -- PTMA -- IL2 -- RELA -- FADD -- MAP3K1 -- IGF1 -- VEGFA -- MAP3K14 -- RET -- TRADD -- MAPK1 -- TNFRSF10B -- CASP3 -- AKT1 -- NFKB2 -- CASP2 -- MDM2 -- RPS6KA5 -- MAPK9 -- HTRA2 -- NFKBIA -- CYCS -- BCL2 -- CDK6 -- OTUD7B -- CASP10 -- PSEN1 -- BAD -- HNRNPK -- RPA4 -- TNIK -- CDKN1A -- PSIP1 -- CDKN2A -- PELP1 -- EIF4E -- FOXM1 -- MCL1 -- CTBP1 -- PLAC8 -- CASP9 -- DIABLO -- RASSF1
435,TNFRSF1A -- TNF -- NFKB1 -- MAPK8 -- JUN -- FOS -- BIRC3 -- FASLG -- RB1 -- TNFAIP3 -- EP300 -- CCND1 -- NR3C1 -- TGFB2 -- FADD -- RAC1 -- MAP2K7 -- MAP3K1 -- IGF1 -- MAP3K14 -- RET -- TRADD -- TNFRSF10B -- CASP3 -- KRT18 -- AKT1 -- ATM -- NFKB2 -- RPS6KA5 -- TRAF6 -- PPP1R13L -- HTRA2 -- MYB -- BCL2 -- CASP8 -- CDK4 -- OTUD7B -- CASP10 -- PSEN1 -- SOD1 -- RPA4 -- SMPD1 -- RBL2 -- CDKN1A -- PSIP1 -- BRCA1 -- EIF4E -- BID -- FOXM1 -- TFDP1 -- RBL1 -- PCNA -- PLAC8 -- CASP9 -- CCNG1 -- RANGAP1
436,RIPK1 -- TP53 -- STAT1 -- BIRC3 -- RB1 -- TNFAIP3 -- CFLAR -- MAPK14 -- PTMA -- RHOA -- NR3C1 -- TGFB2 -- IL2 -- RAC1 -- MAP2K7 -- MAP3K1 -- VEGFA -- TRADD -- TRAF2 -- TNFRSF10B -- CASP3 -- KRT18 -- MDM2 -- CHUK -- MAPK3 -- TRAF6 -- EIF4G2 -- HTRA2 -- MYB -- BCL2 -- CASP8 -- CDK4 -- OTUD7B -- CASP10 -- BAD -- BCL2L1 -- CASP7 -- SMPD1 -- TNIK -- RBL2 -- CDKN1A -- HTT -- CDKN2A -- EIF4E -- TFDP1 -- MCL1 -- CTBP1 -- PCNA -- TAF1 -- CASP9 -- DIABLO -- APAF1 -- RANGAP1
437,SMURF2 -- TNF -- NFKB1 -- MAPK8 -- JUN -- BIRC2 -- BIRC3 -- CCND1 -- CFLAR -- TRAF1 -- RHOA -- NR3C1 -- IL2 -- FADD -- RAC1 -- MAP2K7 -- IGF1 -- TGFB1 -- RET -- CASP3 -- AKT1 -- ATM -- DAB2IP -- CASP2 -- CHUK -- RPS6KA5 -- MAPK3 -- MAPK9 -- LYN -- FAS -- HTRA2 -- MYB -- CYCS -- CASP8 -- CDK4 -- RNF11 -- PARP1 -- PSEN1 -- BAD -- HNRNPK -- BCL2L1 -- SMPD1 -- TNIK -- RBL2 -- CDKN1A -- CDKN2A -- PELP1 -- BAX -- BID -- MCL1 -- RBL1 -- PCNA -- TAF1 -- RANGAP1
438,NFKB1 -- STAT1 -- FOS -- FASLG -- RB1 -- TNFAIP3 -- CFLAR -- MAPK14 -- PTMA -- RHOA -- NR3C1 -- TGFB2 -- RELA -- RAC1 -- VEGFA -- TGFB1 -- RET -- AKT1 -- DAB2IP -- NFKB2 -- E2F1 -- MDM2 -- RPS6KA5 -- PPP1R13L -- IRF1 -- EIF4G2 -- HTRA2 -- NFKBIA -- MYB -- CDK4 -- OTUD7B -- HNRNPK -- RPA4 -- BCL2L1 -- CASP7 -- SMPD1 -- TNIK -- CDKN1A -- HTT -- PSIP1 -- BCL2L11 -- PELP1 -- BAX -- BID -- FOXM1 -- TFDP1 -- MCL1 -- CCNG1 -- DIABLO -- APAF1 -- RASSF1 -- RANGAP1
439,TP53 -- NFKB1 -- STAT1 -- JUN -- FOS -- SIRT1 -- FASLG -- MYC -- RB1 -- TNFAIP3 -- EP300 -- CCND1 -- CFLAR -- RHOA -- IL2 -- RELA -- RAC1 -- VEGFA -- TGFB1 -- MAPK1 -- TRAF2 -- TNFRSF10B -- AKT1 -- DAB2IP -- NFKB2 -- MDM2 -- TRAF6 -- PPP1R13L -- IRF1 -- HTRA2 -- MYB -- HIP1 -- BCL2 -- CASP8 -- CDK4 -- CDK6 -- OTUD7B -- RNF11 -- PSEN1 -- BAD -- SOD1 -- HNRNPK -- RPA4 -- BCL2L1 -- SMPD1 -- RBL2 -- CDKN1A -- HTT -- PSIP1 -- BRCA1 -- CDKN2A -- PELP1 -- BAX -- BAK1 -- BID -- TFDP1 -- MCL1 -- TAF1 -- PLAC8 -- CCNG1 -- DIABLO -- APAF1 -- ALPI
440,SMURF2 -- TNF -- TNFRSF1B -- RIPK1 -- TP53 -- STAT1 -- JUN -- FOS -- FASLG -- MYC -- TNFAIP3 -- CFLAR -- PTMA -- RHOA -- MAP3K1 -- IGF1 -- VEGFA -- MAP3K14 -- TRADD -- MAPK1 -- TNFRSF10B -- CASP3 -- KRT18 -- AKT1 -- DAB2IP -- CASP2 -- E2F1 -- MAPK3 -- TRAF6 -- PPP1R13L -- LYN -- IRF1 -- FAS -- NFKBIA -- MYB -- HIP1 -- BCL2 -- CDK6 -- OTUD7B -- RNF11 -- CASP10 -- PARP1 -- SOD1 -- HNRNPK -- CASP7 -- TNIK -- CDKN1A -- BRCA1 -- CDKN2A -- BBC3 -- PELP1 -- EIF4E -- BID -- FOXM1 -- TFDP1 -- MCL1 -- PCNA -- PLAC8 -- CASP9 -- CCNG1 -- ALPI -- RASSF1 -- RANGAP1
441,TNFRSF1A -- RIPK1 -- NFKB1 -- STAT1 -- BIRC2 -- SIRT1 -- RB1 -- TNFAIP3 -- CFLAR -- TRAF1 -- MAPK14 -- NR3C1 -- MAP2K7 -- MAP3K1 -- TGFB1 -- TRADD -- MAPK1 -- TRAF2 -- TNFRSF10B -- CASP3 -- NFKB2 -- CASP2 -- CHUK -- MAPK3 -- TRAF6 -- PPP1R13L -- MAPK9 -- LYN -- FAS -- HIP1 -- CASP8 -- CDK4 -- CDK6 -- CASP10 -- PARP1 -- PSEN1 -- HNRNPK -- RPA4 -- TNIK -- RBL2 -- CDKN1A -- CDKN2A -- BBC3 -- PELP1 -- BAX -- EIF4E -- BID -- FOXM1 -- MCL1 -- CTBP1 -- PCNA -- CCNG1 -- DIABLO -- APAF1 -- RANGAP1
442,TNFRSF1A -- TNFRSF1B -- RIPK1 -- TP53 -- STAT1 -- JUN -- FOS -- BIRC2 -- BIRC3 -- TNFAIP3 -- EP300 -- CFLAR -- TRAF1 -- PTMA -- TGFB2 -- RELA -- FADD -- RAC1 -- MAP3K1 -- IGF1 -- VEGFA -- TGFB1 -- TRAF2 -- CASP3 -- AKT1 -- ATM -- CASP2 -- E2F1 -- MDM2 -- CHUK -- MAPK3 -- TRAF6 -- IRF1 -- FAS -- EIF4G2 -- MYB -- CYCS -- CASP8 -- CDK6 -- PARP1 -- PSEN1 -- BAD -- SOD1 -- HNRNPK -- BCL2L1 -- SMPD1 -- TNIK -- RBL2 -- CDKN2A -- PELP1 -- BAX -- TFDP1 -- MCL1 -- PCNA -- PLAC8 -- DIABLO -- APAF1 -- ALPI -- RASSF1 -- RANGAP1
443,TNFRSF1A -- TNF -- TNFRSF1B -- RIPK1 -- NFKB1 -- FOS -- BIRC3 -- SIRT1 -- MYC -- TNFAIP3 -- CFLAR -- MAPK14 -- TGFB2 -- RELA -- FADD -- RAC1 -- MAP2K7 -- MAP3K14 -- RET -- TRAF2 -- AKT1 -- CASP2 -- E2F1 -- CHUK -- RPS6KA5 -- MAPK3 -- PPP1R13L -- MAPK9 -- LYN -- FAS -- EIF4G2 -- HTRA2 -- NFKBIA -- CYCS -- HIP1 -- BCL2 -- CASP8 -- CASP10 -- BAD -- HNRNPK -- BCL2L1 -- CASP7 -- SMPD1 -- TNIK -- RBL2 -- PSIP1 -- CDKN2A -- BBC3 -- BAX -- BAK1 -- FOXM1 -- CTBP1 -- RBL1 -- PCNA -- TAF1 -- PLAC8 -- DIABLO -- APAF1 -- ALPI -- RASSF1
444,TNFRSF1B -- RIPK1 -- TP53 -- NFKB1 -- MAPK8 -- STAT1 -- JUN -- FOS -- BIRC2 -- BIRC3 -- SIRT1 -- MYC -- CFLAR -- PTMA -- RHOA -- TGFB2 -- RELA -- FADD -- RAC1 -- IGF1 -- VEGFA -- TGFB1 -- RET -- TRAF2 -- TNFRSF10B -- CASP3 -- KRT18 -- DAB2IP -- CASP2 -- E2F1 -- MDM2 -- TRAF6 -- MAPK9 -- LYN -- IRF1 -- FAS -- HTRA2 -- MYB -- CYCS -- BCL2 -- CASP8 -- CDK4 -- OTUD7B -- RNF11 -- CASP10 -- PSEN1 -- BCL2L1 -- SMPD1 -- TNIK -- PSIP1 -- BCL2L11 -- PELP1 -- BAX -- EIF4E -- BID -- MCL1 -- CTBP1 -- RBL1 -- PCNA -- TAF1 -- DIABLO -- APAF1 -- RASSF1 -- RANGAP1
445,TNFRSF1A -- TNF -- TNFRSF1B -- MAPK8 -- FASLG -- MYC -- TNFAIP3 -- EP300 -- CFLAR -- PTMA -- TGFB2 -- RELA -- RAC1 -- TGFB1 -- TRADD -- TRAF2 -- CASP3 -- KRT18 -- AKT1 -- NFKB2 -- CHUK -- RPS6KA5 -- MAPK3 -- TRAF6 -- PPP1R13L -- LYN -- HIP1 -- BCL2 -- CASP8 -- CDK4 -- RNF11 -- PSEN1 -- BAD -- HNRNPK -- BCL2L1 -- CASP7 -- SMPD1 -- CDKN1A -- BBC3 -- BCL2L11 -- PELP1 -- CTBP1 -- RBL1 -- TAF1 -- PLAC8 -- APAF1 -- ALPI
446,RIPK1 -- TP53 -- STAT1 -- JUN -- BIRC2 -- SIRT1 -- MAPK14 -- PTMA -- RHOA -- TGFB2 -- IL2 -- FADD -- RAC1 -- IGF1 -- VEGFA -- TGFB1 -- RET -- TRAF2 -- TNFRSF10B -- AKT1 -- ATM -- DAB2IP -- NFKB2 -- E2F1 -- MAPK3 -- TRAF6 -- LYN -- FAS -- EIF4G2 -- MYB -- CYCS -- CASP8 -- RNF11 -- PARP1 -- BAD -- SOD1 -- RPA4 -- TNIK -- CDKN1A -- BCL2L11 -- PELP1 -- EIF4E -- TFDP1 -- CTBP1 -- RBL1 -- PCNA -- PLAC8 -- CCNG1 -- DIABLO -- APAF1 -- RASSF1 -- RANGAP1
447,TNFRSF1B -- RIPK1 -- TP53 -- MAPK8 -- JUN -- BIRC2 -- FASLG -- MYC -- RB1 -- TNFAIP3 -- EP300 -- CCND1 -- TRAF1 -- RHOA -- NR3C1 -- IL2 -- MAP3K1 -- IGF1 -- MAP3K14 -- TRADD -- TRAF2 -- CASP3 -- KRT18 -- AKT1 -- ATM -- NFKB2 -- CASP2 -- MDM2 -- RPS6KA5 -- MAPK3 -- MAPK9 -- FAS -- NFKBIA -- CYCS -- HIP1 -- OTUD7B -- RNF11 -- PARP1 -- PSEN1 -- SOD1 -- HNRNPK -- RPA4 -- BCL2L1 -- CASP7 -- SMPD1 -- TNIK -- RBL2 -- CDKN1A -- HTT -- CDKN2A -- PELP1 -- BAK1 -- FOXM1 -- TFDP1 -- MCL1 -- CTBP1 -- TAF1 -- PLAC8 -- CASP9 -- CCNG1 -- ALPI -- RASSF1 -- RANGAP1
448,TNFRSF1B -- RIPK1 -- TP53 -- NFKB1 -- BIRC2 -- SIRT1 -- FASLG -- EP300 -- RHOA -- TGFB2 -- IL2 -- RELA -- RAC1 -- MAP2K7 -- IGF1 -- VEGFA -- TGFB1 -- MAP3K14 -- RET -- TRADD -- MAPK1 -- TRAF2 -- TNFRSF10B -- KRT18 -- AKT1 -- ATM -- CASP2 -- MDM2 -- CHUK -- MAPK3 -- PPP1R13L -- LYN -- IRF1 -- EIF4G2 -- HTRA2 -- MYB -- RNF11 -- CASP10 -- PARP1 -- PSEN1 -- HNRNPK -- RPA4 -- BCL2L1 -- CASP7 -- CDKN1A -- HTT -- PSIP1 -- CDKN2A -- BCL2L11 -- PELP1 -- BAK1 -- TFDP1 -- MCL1 -- CTBP1 -- RBL1 -- PCNA -- TAF1 -- CASP9
449,SMURF2 -- TNF -- RIPK1 -- NFKB1 -- MAPK8 -- STAT1 -- JUN -- FOS -- SIRT1 -- FASLG -- MYC -- RB1 -- EP300 -- CCND1 -- CFLAR -- TRAF1 -- MAPK14 -- NR3C1 -- RAC1 -- MAP2K7 -- VEGFA -- TRADD -- MAPK1 -- CASP3 -- KRT18 -- AKT1 -- ATM -- DAB2IP -- CASP2 -- E2F1 -- TRAF6 -- PPP1R13L -- LYN -- IRF1 -- EIF4G2 -- MYB -- BCL2 -- CASP8 -- CDK4 -- CDK6 -- OTUD7B -- RNF11 -- CASP10 -- PSEN1 -- BAD -- BCL2L1 -- CASP7 -- TNIK -- CDKN1A -- HTT -- PELP1 -- BAX -- BAK1 -- EIF4E -- BID -- FOXM1 -- TFDP1 -- CTBP1 -- RBL1 -- PCNA -- TAF1 -- CASP9 -- CCNG1 -- APAF1 -- RANGAP1
450,TNFRSF1A -- TNFRSF1B -- RIPK1 -- TP53 -- MAPK8 -- STAT1 -- JUN -- BIRC2 -- BIRC3 -- SIRT1 -- MYC -- TNFAIP3 -- EP300 -- CCND1 -- CFLAR -- TRAF1 -- PTMA -- NR3C1 -- IL2 -- RELA -- FADD -- MAP3K14 -- RET -- TRAF2 -- CASP3 -- AKT1 -- ATM -- DAB2IP -- NFKB2 -- RPS6KA5 -- MAPK3 -- TRAF6 -- MAPK9 -- FAS -- HTRA2 -- NFKBIA -- MYB -- HIP1 -- BCL2 -- OTUD7B -- RNF11 -- PARP1 -- SOD1 -- HNRNPK -- RPA4 -- CASP7 -- SMPD1 -- TNIK -- CDKN1A -- CDKN2A -- BCL2L11 -- PELP1 -- BAX -- BID -- FOXM1 -- MCL1 -- PCNA -- TAF1 -- ALPI
451,TNF -- TNFRSF1B -- TP53 -- NFKB1 -- JUN -- BIRC2 -- TRAF1 -- PTMA -- RHOA -- NR3C1 -- RELA -- FADD -- RAC1 -- MAP2K7 -- IGF1 -- VEGFA -- RET -- MAPK1 -- TRAF2 -- TNFRSF10B -- CASP3 -- KRT18 -- ATM -- MDM2 -- CHUK -- RPS6KA5 -- MAPK3 -- PPP1R13L -- LYN -- IRF1 -- EIF4G2 -- HTRA2 -- CYCS -- HIP1 -- BCL2 -- CASP8 -- CDK4 -- CDK6 -- OTUD7B -- CASP10 -- PSEN1 -- BAD -- SOD1 -- HNRNPK -- BCL2L1 -- CASP7 -- SMPD1 -- RBL2 -- PSIP1 -- BAX -- EIF4E -- TFDP1 -- PCNA -- CASP9 -- CCNG1 -- DIABLO -- APAF1 -- RASSF1 -- RANGAP1
452,TNF -- TNFRSF1B -- RIPK1 -- NFKB1 -- JUN -- FOS -- BIRC2 -- SIRT1 -- FASLG -- MYC -- TNFAIP3 -- CCND1 -- CFLAR -- TRAF1 -- MAPK14 -- RHOA -- NR3C1 -- TGFB2 -- IL2 -- RELA -- FADD -- RAC1 -- MAP2K7 -- MAP3K1 -- IGF1 -- VEGFA -- TGFB1 -- CASP3 -- KRT18 -- DAB2IP -- CASP2 -- E2F1 -- MDM2 -- CHUK -- MAPK3 -- PPP1R13L -- MAPK9 -- LYN -- IRF1 -- FAS -- CYCS -- CDK6 -- CASP10 -- RPA4 -- BCL2L1 -- CASP7 -- CDKN1A -- PSIP1 -- BRCA1 -- BCL2L11 -- BAX -- EIF4E -- FOXM1 -- MCL1 -- CTBP1 -- RBL1 -- PCNA -- PLAC8 -- CASP9 -- ALPI -- RASSF1
453,TNFRSF1A -- SMURF2 -- TNFRSF1B -- RIPK1 -- TP53 -- FASLG -- CCND1 -- CFLAR -- MAPK14 -- PTMA -- RHOA -- IL2 -- RELA -- RAC1 -- MAP3K1 -- TGFB1 -- MAPK1 -- TRAF2 -- TNFRSF10B -- CASP3 -- KRT18 -- AKT1 -- CASP2 -- E2F1 -- MAPK3 -- LYN -- IRF1 -- FAS -- HTRA2 -- NFKBIA -- CASP8 -- CDK4 -- CDK6 -- OTUD7B -- CASP10 -- SOD1 -- BCL2L1 -- TNIK -- RBL2 -- CDKN1A -- HTT -- BRCA1 -- CDKN2A -- BBC3 -- PELP1 -- BAK1 -- EIF4E -- FOXM1 -- TFDP1 -- MCL1 -- CTBP1 -- PLAC8 -- CASP9 -- CCNG1 -- RANGAP1
454,SMURF2 -- TNF -- TNFRSF1B -- TP53 -- NFKB1 -- STAT1 -- FOS -- RB1 -- TNFAIP3 -- EP300 -- PTMA -- RHOA -- NR3C1 -- IL2 -- RAC1 -- MAP3K1 -- VEGFA -- TGFB1 -- MAP3K14 -- MAPK1 -- TNFRSF10B -- CASP3 -- ATM -- NFKB2 -- CASP2 -- E2F1 -- MDM2 -- PPP1R13L -- LYN -- FAS -- HTRA2 -- MYB -- CYCS -- HIP1 -- CASP8 -- RNF11 -- SOD1 -- HNRNPK -- BCL2L1 -- HTT -- CDKN2A -- PELP1 -- BAK1 -- EIF4E -- BID -- RBL1 -- PCNA -- APAF1 -- RANGAP1
455,NFKB1 -- MAPK8 -- FOS -- BIRC2 -- BIRC3 -- SIRT1 -- FASLG -- TNFAIP3 -- EP300 -- CCND1 -- CFLAR -- TRAF1 -- MAPK14 -- TGFB2 -- FADD -- IGF1 -- TGFB1 -- MAP3K14 -- TRAF2 -- TNFRSF10B -- AKT1 -- ATM -- CASP2 -- MDM2 -- IRF1 -- FAS -- EIF4G2 -- NFKBIA -- CYCS -- BCL2 -- CDK4 -- OTUD7B -- CASP10 -- CASP7 -- SMPD1 -- TNIK -- RBL2 -- CDKN1A -- HTT -- PSIP1 -- BRCA1 -- BBC3 -- PELP1 -- BAK1 -- EIF4E -- FOXM1 -- TFDP1 -- MCL1 -- CTBP1 -- RBL1 -- PCNA -- CASP9 -- ALPI
456,TNFRSF1A -- TP53 -- NFKB1 -- BIRC2 -- RB1 -- CCND1 -- CFLAR -- MAPK14 -- PTMA -- RHOA -- RELA -- RAC1 -- MAP3K1 -- MAP3K14 -- TRADD -- TRAF2 -- CASP3 -- ATM -- DAB2IP -- RPS6KA5 -- TRAF6 -- MAPK9 -- LYN -- HTRA2 -- HIP1 -- OTUD7B -- CASP10 -- BAD -- BCL2L1 -- CASP7 -- TNIK -- RBL2 -- HTT -- PSIP1 -- BRCA1 -- BBC3 -- BCL2L11 -- PELP1 -- FOXM1 -- MCL1 -- CTBP1 -- RBL1 -- TAF1 -- DIABLO -- ALPI
457,TNFRSF1A -- TNFRSF1B -- TP53 -- NFKB1 -- STAT1 -- JUN -- SIRT1 -- FASLG -- MYC -- RB1 -- EP300 -- CFLAR -- RHOA -- NR3C1 -- IL2 -- RELA -- IGF1 -- VEGFA -- TGFB1 -- MAP3K14 -- RET -- TRADD -- TRAF2 -- CASP3 -- NFKB2 -- CASP2 -- E2F1 -- MDM2 -- MAPK3 -- PPP1R13L -- FAS -- EIF4G2 -- NFKBIA -- CYCS -- CASP8 -- CDK4 -- RNF11 -- PARP1 -- PSEN1 -- BAD -- RPA4 -- SMPD1 -- CDKN1A -- BCL2L11 -- PELP1 -- BAX -- BAK1 -- EIF4E -- BID -- MCL1 -- PCNA -- CCNG1 -- DIABLO -- APAF1 -- ALPI -- RASSF1 -- RANGAP1
458,TNFRSF1A -- RIPK1 -- NFKB1 -- MAPK8 -- STAT1 -- JUN -- FASLG -- RB1 -- TNFAIP3 -- EP300 -- CFLAR -- TRAF1 -- PTMA -- RHOA -- NR3C1 -- TGFB2 -- MAP2K7 -- MAP3K1 -- IGF1 -- VEGFA -- TGFB1 -- MAP3K14 -- RET -- TRAF2 -- KRT18 -- AKT1 -- ATM -- DAB2IP -- NFKB2 -- MDM2 -- RPS6KA5 -- MAPK3 -- PPP1R13L -- MAPK9 -- IRF1 -- EIF4G2 -- CYCS -- CASP8 -- CASP10 -- PARP1 -- BAD -- RPA4 -- BCL2L1 -- CASP7 -- SMPD1 -- TNIK -- RBL2 -- CDKN1A -- CDKN2A -- BBC3 -- BAK1 -- EIF4E -- RBL1 -- CCNG1 -- DIABLO -- ALPI -- RASSF1 -- RANGAP1
459,TNFRSF1B -- RIPK1 -- TP53 -- STAT1 -- FOS -- BIRC2 -- BIRC3 -- FASLG -- MYC -- TRAF1 -- RHOA -- NR3C1 -- TGFB2 -- RELA -- MAP3K1 -- MAP3K14 -- KRT18 -- E2F1 -- MDM2 -- CHUK -- RPS6KA5 -- TRAF6 -- PPP1R13L -- MAPK9 -- HTRA2 -- MYB -- CYCS -- HIP1 -- BCL2 -- CASP8 -- OTUD7B -- RNF11 -- PSEN1 -- BAD -- HNRNPK -- RPA4 -- SMPD1 -- RBL2 -- CDKN1A -- PSIP1 -- BRCA1 -- CDKN2A -- BCL2L11 -- PELP1 -- EIF4E -- FOXM1 -- TFDP1 -- MCL1 -- CTBP1 -- RBL1 -- PCNA -- PLAC8 -- CASP9 -- CCNG1 -- APAF1
460,TNFRSF1B -- RIPK1 -- TP53 -- STAT1 -- JUN -- BIRC2 -- BIRC3 -- MYC -- TNFAIP3 -- CCND1 -- TRAF1 -- IL2 -- RAC1 -- MAP2K7 -- MAP3K1 -- IGF1 -- TRADD -- TRAF2 -- TNFRSF10B -- CASP3 -- KRT18 -- AKT1 -- ATM -- DAB2IP -- E2F1 -- CHUK -- PPP1R13L -- MAPK9 -- EIF4G2 -- HTRA2 -- CYCS -- CDK4 -- RNF11 -- SOD1 -- HNRNPK -- RPA4 -- BCL2L1 -- CASP7 -- SMPD1 -- TNIK -- CDKN1A -- HTT -- PSIP1 -- BRCA1 -- CDKN2A -- BBC3 -- PELP1 -- BAK1 -- EIF4E -- BID -- FOXM1 -- CTBP1 -- RBL1 -- TAF1 -- PLAC8 -- CASP9 -- APAF1 -- RANGAP1
461,TNFRSF1B -- RIPK1 -- NFKB1 -- MAPK8 -- FOS -- TNFAIP3 -- EP300 -- CCND1 -- CFLAR -- TRAF1 -- MAPK14 -- NR3C1 -- IL2 -- MAP2K7 -- IGF1 -- RET -- MAPK1 -- TNFRSF10B -- ATM -- DAB2IP -- NFKB2 -- CASP2 -- RPS6KA5 -- MAPK3 -- TRAF6 -- MAPK9 -- IRF1 -- FAS -- HTRA2 -- MYB -- CYCS -- BCL2 -- CASP8 -- CDK6 -- OTUD7B -- RNF11 -- CASP10 -- PARP1 -- BAD -- HNRNPK -- RPA4 -- CASP7 -- CDKN1A -- HTT -- PSIP1 -- BRCA1 -- CDKN2A -- BBC3 -- BCL2L11 -- EIF4E -- BID -- FOXM1 -- RBL1 -- TAF1 -- CASP9 -- DIABLO -- APAF1 -- RASSF1
462,TNFRSF1A -- TNF -- TNFRSF1B -- TP53 -- MAPK8 -- STAT1 -- JUN -- BIRC3 -- FASLG -- MYC -- RB1 -- TNFAIP3 -- CCND1 -- TRAF1 -- MAPK14 -- PTMA -- NR3C1 -- IL2 -- RELA -- FADD -- MAP2K7 -- MAP3K1 -- IGF1 -- VEGFA -- MAP3K14 -- RET -- TNFRSF10B -- CASP3 -- KRT18 -- ATM -- DAB2IP -- E2F1 -- MAPK3 -- PPP1R13L -- LYN -- IRF1 -- EIF4G2 -- NFKBIA -- MYB -- CYCS -- BCL2 -- CASP8 -- PSEN1 -- BAD -- SOD1 -- HNRNPK -- CASP7 -- SMPD1 -- TNIK -- RBL2 -- HTT -- PSIP1 -- CDKN2A -- BCL2L11 -- BAX -- TFDP1 -- RBL1 -- PCNA -- TAF1 -- PLAC8 -- CCNG1 -- RASSF1
463,TNFRSF1A -- RIPK1 -- MAPK8 -- STAT1 -- JUN -- BIRC2 -- EP300 -- CCND1 -- CFLAR -- MAPK14 -- RHOA -- NR3C1 -- TGFB2 -- IL2 -- FADD -- RAC1 -- MAP2K7 -- IGF1 -- VEGFA -- TGFB1 -- CASP3 -- AKT1 -- ATM -- NFKB2 -- E2F1 -- CHUK -- RPS6KA5 -- MAPK9 -- LYN -- IRF1 -- EIF4G2 -- CDK4 -- OTUD7B -- CASP10 -- PARP1 -- PSEN1 -- BAD -- RPA4 -- BCL2L1 -- CDKN1A -- HTT -- BRCA1 -- BBC3 -- PELP1 -- BID -- TFDP1 -- MCL1 -- CTBP1 -- RBL1 -- TAF1 -- APAF1 -- ALPI -- RASSF1
464,TNFRSF1A -- TNF -- RIPK1 -- NFKB1 -- FOS -- BIRC3 -- TRAF1 -- RHOA -- TGFB2 -- IL2 -- RELA -- FADD -- MAP2K7 -- IGF1 -- MAP3K14 -- RET -- TRADD -- TNFRSF10B -- KRT18 -- ATM -- MDM2 -- CHUK -- RPS6KA5 -- MAPK3 -- PPP1R13L -- IRF1 -- FAS -- CYCS -- HIP1 -- CASP8 -- CDK4 -- PARP1 -- RPA4 -- SMPD1 -- TNIK -- CDKN1A -- HTT -- CDKN2A -- BBC3 -- BCL2L11 -- PELP1 -- BID -- CTBP1 -- PLAC8 -- CASP9 -- APAF1 -- RASSF1 -- RANGAP1
465,SMURF2 -- TNFRSF1B -- RIPK1 -- TP53 -- NFKB1 -- MAPK8 -- STAT1 -- JUN -- SIRT1 -- CFLAR -- TGFB2 -- RELA -- FADD -- RAC1 -- MAP2K7 -- MAP3K1 -- VEGFA -- TGFB1 -- TRADD -- MAPK1 -- TNFRSF10B -- ATM -- NFKB2 -- CASP2 -- E2F1 -- MAPK3 -- TRAF6 -- MAPK9 -- LYN -- EIF4G2 -- NFKBIA -- MYB -- BCL2 -- CDK4 -- OTUD7B -- RNF11 -- SOD1 -- HNRNPK -- SMPD1 -- RBL2 -- CDKN1A -- CDKN2A -- BBC3 -- BAX -- BID -- TFDP1 -- CTBP1 -- RBL1 -- PCNA -- PLAC8 -- CASP9 -- DIABLO -- APAF1 -- ALPI -- RASSF1 -- RANGAP1
466,SMURF2 -- TNF -- NFKB1 -- STAT1 -- FOS -- BIRC3 -- SIRT1 -- MYC -- RB1 -- EP300 -- CCND1 -- TRAF1 -- MAPK14 -- PTMA -- RHOA -- NR3C1 -- TGFB2 -- RELA -- FADD -- MAP2K7 -- MAP3K1 -- TGFB1 -- RET -- TRADD -- MAPK1 -- TNFRSF10B -- KRT18 -- ATM -- DAB2IP -- E2F1 -- MDM2 -- MAPK3 -- TRAF6 -- MAPK9 -- LYN -- FAS -- EIF4G2 -- NFKBIA -- MYB -- CYCS -- CDK6 -- OTUD7B -- CASP10 -- PARP1 -- PSEN1 -- SOD1 -- SMPD1 -- RBL2 -- PSIP1 -- BRCA1 -- CDKN2A -- BBC3 -- BCL2L11 -- BAX -- EIF4E -- BID -- CTBP1 -- PCNA -- PLAC8 -- CASP9 -- DIABLO -- RANGAP1
467,SMURF2 -- TNF -- TNFRSF1B -- TP53 -- STAT1 -- JUN -- FOS -- BIRC3 -- SIRT1 -- FASLG -- MYC -- CFLAR -- PTMA -- RHOA -- TGFB2 -- IL2 -- RELA -- RAC1 -- MAP2K7 -- MAP3K1 -- TGFB1 -- MAP3K14 -- TRADD -- MAPK1 -- TRAF2 -- CASP3 -- KRT18 -- AKT1 -- DAB2IP -- MDM2 -- MAPK3 -- LYN -- IRF1 -- HTRA2 -- NFKBIA -- MYB -- CYCS -- HIP1 -- CASP8 -- CDK6 -- RNF11 -- CASP10 -- BAD -- SOD1 -- HNRNPK -- RPA4 -- BCL2L1 -- SMPD1 -- TNIK -- RBL2 -- CDKN2A -- PELP1 -- TFDP1 -- CTBP1 -- RBL1 -- PCNA -- TAF1 -- PLAC8 -- CASP9 -- CCNG1 -- DIABLO -- APAF1 -- ALPI -- RASSF1
468,TP53 -- MAPK8 -- STAT1 -- JUN -- FOS -- SIRT1 -- MYC -- EP300 -- PTMA -- RHOA -- NR3C1 -- IL2 -- RELA -- RAC1 -- VEGFA -- TGFB1 -- MAP3K14 -- RET -- TRADD -- MAPK1 -- TRAF2 -- TNFRSF10B -- CASP3 -- ATM -- DAB2IP -- MAPK3 -- PPP1R13L -- MAPK9 -- LYN -- IRF1 -- FAS -- NFKBIA -- HIP1 -- BCL2 -- CASP8 -- CDK6 -- OTUD7B -- RNF11 -- CASP10 -- BAD -- HNRNPK -- RPA4 -- BCL2L1 -- CASP7 -- SMPD1 -- TNIK -- CDKN1A -- BRCA1 -- CDKN2A -- BCL2L11 -- BAX -- BAK1 -- FOXM1 -- MCL1 -- CTBP1 -- RBL1 -- TAF1 -- PLAC8 -- CASP9
469,TNFRSF1A -- SMURF2 -- TP53 -- MAPK8 -- FOS -- BIRC2 -- SIRT1 -- FASLG -- EP300 -- CFLAR -- MAPK14 -- TGFB2 -- RAC1 -- MAP2K7 -- VEGFA -- RET -- TRADD -- TRAF2 -- TNFRSF10B -- KRT18 -- ATM -- CASP2 -- E2F1 -- MDM2 -- CHUK -- TRAF6 -- PPP1R13L -- LYN -- CYCS -- BCL2 -- OTUD7B -- RNF11 -- BAD -- SOD1 -- HNRNPK -- RPA4 -- CDKN1A -- HTT -- PSIP1 -- CDKN2A -- BBC3 -- PELP1 -- BAX -- EIF4E -- BID -- FOXM1 -- RBL1 -- CCNG1 -- DIABLO -- APAF1 -- RANGAP1
470,TP53 -- JUN -- FOS -- FASLG -- TNFAIP3 -- CFLAR -- TRAF1 -- MAPK14 -- PTMA -- NR3C1 -- RELA -- FADD -- MAP2K7 -- MAP3K1 -- IGF1 -- VEGFA -- TGFB1 -- TRADD -- CASP3 -- NFKB2 -- E2F1 -- CHUK -- RPS6KA5 -- MAPK3 -- TRAF6 -- MAPK9 -- CYCS -- HIP1 -- CASP8 -- RNF11 -- CASP10 -- PARP1 -- SOD1 -- RPA4 -- BCL2L1 -- SMPD1 -- PSIP1 -- BRCA1 -- BBC3 -- BCL2L11 -- PELP1 -- BAX -- MCL1 -- RBL1 -- TAF1 -- PLAC8 -- CCNG1 -- RASSF1
471,SMURF2 -- TNF -- TNFRSF1B -- RIPK1 -- NFKB1 -- STAT1 -- FOS -- BIRC3 -- SIRT1 -- FASLG -- RB1 -- TNFAIP3 -- CCND1 -- CFLAR -- PTMA -- RHOA -- NR3C1 -- TGFB2 -- RELA -- FADD -- RAC1 -- MAP2K7 -- MAP3K1 -- RET -- TRADD -- MAPK1 -- CASP3 -- AKT1 -- ATM -- DAB2IP -- NFKB2 -- CASP2 -- CHUK -- RPS6KA5 -- TRAF6 -- PPP1R13L -- MAPK9 -- LYN -- CYCS -- BCL2 -- CASP8 -- CDK4 -- CDK6 -- CASP10 -- BAD -- HNRNPK -- RPA4 -- CASP7 -- TNIK -- CDKN1A -- BRCA1 -- CDKN2A -- BBC3 -- PELP1 -- BID -- TFDP1 -- PCNA -- TAF1 -- PLAC8 -- DIABLO -- RASSF1
472,TNFRSF1A -- SMURF2 -- TNF -- RIPK1 -- JUN -- FOS -- BIRC2 -- FASLG -- MYC -- CCND1 -- TRAF1 -- MAPK14 -- PTMA -- RHOA -- NR3C1 -- TGFB2 -- FADD -- MAP2K7 -- IGF1 -- RET -- TRADD -- TNFRSF10B -- AKT1 -- DAB2IP -- NFKB2 -- CASP2 -- MDM2 -- CHUK -- RPS6KA5 -- TRAF6 -- PPP1R13L -- IRF1 -- EIF4G2 -- HTRA2 -- NFKBIA -- CYCS -- CASP8 -- CDK4 -- OTUD7B -- RNF11 -- CASP10 -- PARP1 -- PSEN1 -- BAD -- SOD1 -- HNRNPK -- RPA4 -- BCL2L1 -- CDKN1A -- HTT -- BRCA1 -- CDKN2A -- BCL2L11 -- EIF4E -- MCL1 -- CTBP1 -- RBL1 -- PCNA -- PLAC8 -- DIABLO -- ALPI
473,TNFRSF1B -- RIPK1 -- TP53 -- NFKB1 -- BIRC3 -- MYC -- TNFAIP3 -- EP300 -- CFLAR -- TRAF1 -- PTMA -- RHOA -- TGFB2 -- IL2 -- RELA -- RAC1 -- MAP2K7 -- MAP3K1 -- IGF1 -- RET -- MAPK1 -- TNFRSF10B -- KRT18 -- AKT1 -- ATM -- DAB2IP -- NFKB2 -- CASP2 -- MDM2 -- CHUK -- RPS6KA5 -- TRAF6 -- MAPK9 -- LYN -- IRF1 -- EIF4G2 -- HIP1 -- CASP8 -- CDK4 -- CASP10 -- PARP1 -- PSEN1 -- BAD -- SOD1 -- RPA4 -- TNIK -- RBL2 -- HTT -- CDKN2A -- BBC3 -- BCL2L11 -- PELP1 -- EIF4E -- TFDP1 -- MCL1 -- TAF1 -- PLAC8 -- CCNG1 -- DIABLO -- APAF1 -- RASSF1 -- RANGAP1
474,TNF -- MAPK8 -- STAT1 -- JUN -- BIRC2 -- SIRT1 -- FASLG -- RB1 -- CCND1 -- CFLAR -- PTMA -- IL2 -- FADD -- RAC1 -- MAP2K7 -- IGF1 -- VEGFA -- MAP3K14 -- TNFRSF10B -- CASP3 -- KRT18 -- AKT1 -- ATM -- NFKB2 -- E2F1 -- MDM2 -- CHUK -- MAPK3 -- MAPK9 -- LYN -- IRF1 -- FAS -- EIF4G2 -- HTRA2 -- MYB -- HIP1 -- CDK6 -- OTUD7B -- RNF11 -- CASP10 -- PSEN1 -- BAD -- SOD1 -- RPA4 -- CASP7 -- TNIK -- PSIP1 -- BRCA1 -- BBC3 -- BAX -- BAK1 -- BID -- TFDP1 -- MCL1 -- CTBP1 -- RBL1 -- PCNA -- DIABLO -- RASSF1
475,TNFRSF1A -- SMURF2 -- TNFRSF1B -- RIPK1 -- TP53 -- NFKB1 -- MAPK8 -- FOS -- BIRC3 -- TNFAIP3 -- EP300 -- CCND1 -- MAPK14 -- PTMA -- RHOA -- NR3C1 -- TGFB2 -- IL2 -- MAP3K1 -- IGF1 -- TGFB1 -- RET -- MAPK1 -- TNFRSF10B -- CASP3 -- KRT18 -- AKT1 -- DAB2IP -- MDM2 -- RPS6KA5 -- MAPK3 -- TRAF6 -- MAPK9 -- LYN -- IRF1 -- EIF4G2 -- HTRA2 -- NFKBIA -- CYCS -- OTUD7B -- BAD -- SOD1 -- HNRNPK -- BCL2L1 -- CASP7 -- CDKN1A -- HTT -- BBC3 -- PELP1 -- BID -- TFDP1 -- CTBP1 -- RBL1 -- TAF1 -- PLAC8 -- CCNG1 -- APAF1 -- ALPI
476,TNFRSF1A -- SMURF2 -- RIPK1 -- TP53 -- MAPK8 -- STAT1 -- FOS -- SIRT1 -- MYC -- TNFAIP3 -- CCND1 -- TRAF1 -- MAPK14 -- PTMA -- NR3C1 -- TGFB2 -- IL2 -- FADD -- RAC1 -- IGF1 -- VEGFA -- TGFB1 -- MAP3K14 -- RET -- TRADD -- MAPK1 -- CASP3 -- KRT18 -- DAB2IP -- CHUK -- RPS6KA5 -- PPP1R13L -- EIF4G2 -- HTRA2 -- NFKBIA -- BCL2 -- CASP8 -- PSEN1 -- SOD1 -- HNRNPK -- BCL2L1 -- CASP7 -- CDKN1A -- HTT -- PSIP1 -- CDKN2A -- BBC3 -- BCL2L11 -- PELP1 -- BAK1 -- EIF4E -- FOXM1 -- TFDP1 -- MCL1 -- RBL1 -- PLAC8 -- CCNG1 -- ALPI -- RASSF1
477,SMURF2 -- TNF -- TP53 -- MAPK8 -- STAT1 -- JUN -- FOS -- MYC -- RB1 -- CFLAR -- PTMA -- RHOA -- IL2 -- FADD -- RAC1 -- IGF1 -- VEGFA -- TGFB1 -- MAP3K14 -- TRADD -- TNFRSF10B -- KRT18 -- ATM -- DAB2IP -- NFKB2 -- PPP1R13L -- MAPK9 -- IRF1 -- FAS -- EIF4G2 -- MYB -- HIP1 -- CDK6 -- PARP1 -- PSEN1 -- RPA4 -- BCL2L1 -- CASP7 -- TNIK -- RBL2 -- HTT -- CDKN2A -- PELP1 -- EIF4E -- BID -- TFDP1 -- MCL1 -- RBL1 -- PCNA -- PLAC8 -- CASP9 -- CCNG1 -- DIABLO -- ALPI -- RASSF1 -- RANGAP1
478,SMURF2 -- TNF -- MAPK8 -- STAT1 -- JUN -- FOS -- SIRT1 -- MYC -- RB1 -- CCND1 -- CFLAR -- TRAF1 -- PTMA -- RHOA -- TGFB2 -- RAC1 -- MAP2K7 -- MAP3K1 -- IGF1 -- TGFB1 -- MAP3K14 -- RET -- TRAF2 -- TNFRSF10B -- ATM -- DAB2IP -- CASP2 -- E2F1 -- CHUK -- RPS6KA5 -- MAPK3 -- TRAF6 -- MAPK9 -- IRF1 -- HIP1 -- CASP8 -- CDK6 -- OTUD7B -- RNF11 -- BAD -- CASP7 -- SMPD1 -- TNIK -- CDKN1A -- HTT -- PSIP1 -- CDKN2A -- BBC3 -- BCL2L11 -- PELP1 -- BAK1 -- MCL1 -- CASP9 -- DIABLO -- RASSF1
479,TNFRSF1A -- SMURF2 -- TNF -- TNFRSF1B -- RIPK1 -- TP53 -- JUN -- SIRT1 -- RB1 -- TNFAIP3 -- EP300 -- CFLAR -- TRAF1 -- PTMA -- IL2 -- FADD -- RAC1 -- MAP2K7 -- IGF1 -- VEGFA -- MAPK1 -- TRAF2 -- TNFRSF10B -- KRT18 -- ATM -- DAB2IP -- CASP2 -- MDM2 -- CHUK -- RPS6KA5 -- MAPK9 -- LYN -- IRF1 -- NFKBIA -- MYB -- CYCS -- HIP1 -- CDK6 -- OTUD7B -- PARP1 -- PSEN1 -- SOD1 -- HNRNPK -- RPA4 -- BCL2L1 -- CASP7 -- SMPD1 -- HTT -- BRCA1 -- BBC3 -- PELP1 -- EIF4E -- MCL1 -- RBL1 -- PCNA -- TAF1 -- CASP9 -- DIABLO -- ALPI -- RANGAP1
480,TNF -- TNFRSF1B -- TP53 -- MAPK8 -- BIRC2 -- BIRC3 -- SIRT1 -- FASLG -- RB1 -- TNFAIP3 -- CFLAR -- MAPK14 -- RHOA -- NR3C1 -- FADD -- MAP2K7 -- MAP3K1 -- TGFB1 -- MAP3K14 -- RET -- TRADD -- MAPK1 -- CASP3 -- KRT18 -- AKT1 -- DAB2IP -- CASP2 -- E2F1 -- MDM2 -- CHUK -- RPS6KA5 -- MAPK3 -- MAPK9 -- IRF1 -- FAS -- EIF4G2 -- HTRA2 -- NFKBIA -- MYB -- CYCS -- HIP1 -- CDK6 -- RNF11 -- PARP1 -- BAD -- SOD1 -- SMPD1 -- TNIK -- RBL2 -- PSIP1 -- BRCA1 -- CDKN2A -- BAX -- EIF4E -- BID -- TFDP1 -- MCL1 -- RBL1 -- PCNA -- PLAC8 -- CASP9 -- CCNG1 -- DIABLO -- APAF1 -- RANGAP1
481,TNFRSF1A -- SMURF2 -- TNF -- TNFRSF1B -- TP53 -- NFKB1 -- STAT1 -- JUN -- BIRC3 -- CCND1 -- CFLAR -- TRAF1 -- PTMA -- RHOA -- NR3C1 -- RELA -- RAC1 -- MAP2K7 -- MAP3K1 -- IGF1 -- VEGFA -- TRADD -- CASP3 -- KRT18 -- AKT1 -- NFKB2 -- MDM2 -- CHUK -- MAPK9 -- EIF4G2 -- HTRA2 -- CYCS -- HIP1 -- CASP8 -- CDK4 -- CDK6 -- SOD1 -- HNRNPK -- CASP7 -- CDKN1A -- HTT -- BRCA1 -- CDKN2A -- BCL2L11 -- PELP1 -- BAX -- BAK1 -- EIF4E -- BID -- TFDP1 -- MCL1 -- CTBP1 -- PLAC8 -- CASP9 -- APAF1 -- ALPI
482,SMURF2 -- TNF -- TP53 -- NFKB1 -- FOS -- BIRC2 -- FASLG -- MYC -- RB1 -- TNFAIP3 -- CCND1 -- CFLAR -- MAPK14 -- PTMA -- NR3C1 -- RELA -- FADD -- RAC1 -- IGF1 -- MAP3K14 -- RET -- TRADD -- TNFRSF10B -- AKT1 -- ATM -- DAB2IP -- NFKB2 -- CASP2 -- E2F1 -- RPS6KA5 -- MAPK3 -- TRAF6 -- FAS -- EIF4G2 -- HIP1 -- BCL2 -- CDK6 -- RNF11 -- CASP10 -- PARP1 -- HNRNPK -- RPA4 -- CASP7 -- RBL2 -- HTT -- BCL2L11 -- PELP1 -- BAX -- TFDP1 -- MCL1 -- CTBP1 -- TAF1 -- CCNG1 -- DIABLO -- APAF1 -- ALPI -- RANGAP1
483,TNFRSF1A -- TNF -- TNFRSF1B -- RIPK1 -- NFKB1 -- STAT1 -- FOS -- BIRC2 -- SIRT1 -- CCND1 -- CFLAR -- RHOA -- RELA -- RAC1 -- MAP3K1 -- IGF1 -- VEGFA -- CASP3 -- KRT18 -- ATM -- DAB2IP -- CASP2 -- RPS6KA5 -- MAPK3 -- PPP1R13L -- MAPK9 -- LYN -- IRF1 -- EIF4G2 -- CYCS -- HIP1 -- BCL2 -- CDK4 -- RNF11 -- CASP10 -- PARP1 -- PSEN1 -- SOD1 -- HNRNPK -- RPA4 -- SMPD1 -- TNIK -- RBL2 -- HTT -- BRCA1 -- BCL2L11 -- PELP1 -- BAX -- BAK1 -- RBL1 -- PCNA -- CASP9 -- DIABLO -- APAF1 -- ALPI
484,TNFRSF1A -- SMURF2 -- TNFRSF1B -- TP53 -- NFKB1 -- FOS -- BIRC2 -- SIRT1 -- FASLG -- RB1 -- TRAF1 -- MAPK14 -- RHOA -- TGFB2 -- IL2 -- RELA -- FADD -- MAP2K7 -- MAP3K1 -- IGF1 -- VEGFA -- TGFB1 -- RET -- TRADD -- TRAF2 -- CASP3 -- KRT18 -- NFKB2 -- CASP2 -- E2F1 -- MDM2 -- CHUK -- MAPK3 -- PPP1R13L -- MAPK9 -- NFKBIA -- CYCS -- CASP8 -- CDK4 -- OTUD7B -- RNF11 -- CASP10 -- PARP1 -- BAD -- SOD1 -- RPA4 -- CASP7 -- TNIK -- RBL2 -- HTT -- BRCA1 -- CDKN2A -- BBC3 -- PELP1 -- EIF4E -- BID -- FOXM1 -- MCL1 -- CTBP1 -- RBL1 -- CASP9 -- ALPI
485,TNFRSF1A -- SMURF2 -- TNF -- RIPK1 -- TP53 -- NFKB1 -- STAT1 -- JUN -- FOS -- BIRC3 -- MYC -- RB1 -- TNFAIP3 -- EP300 -- CCND1 -- PTMA -- TGFB2 -- IL2 -- RELA -- MAP2K7 -- MAP3K1 -- TGFB1 -- RET -- MAPK1 -- TRAF2 -- KRT18 -- AKT1 -- ATM -- NFKB2 -- CASP2 -- E2F1 -- CHUK -- RPS6KA5 -- MAPK3 -- IRF1 -- CYCS -- CDK4 -- CASP10 -- PARP1 -- PSEN1 -- BAD -- RPA4 -- BCL2L1 -- CASP7 -- SMPD1 -- CDKN1A -- PSIP1 -- BCL2L11 -- PELP1 -- BAK1 -- MCL1 -- CTBP1 -- RBL1 -- PCNA -- TAF1 -- CASP9 -- CCNG1 -- DIABLO -- APAF1 -- RASSF1
486,SMURF2 -- RIPK1 -- TP53 -- NFKB1 -- BIRC2 -- BIRC3 -- FASLG -- TNFAIP3 -- EP300 -- MAPK14 -- PTMA -- RHOA -- NR3C1 -- RELA -- RAC1 -- MAP2K7 -- MAP3K1 -- TGFB1 -- MAP3K14 -- RET -- TRADD -- TNFRSF10B -- KRT18 -- DAB2IP -- NFKB2 -- E2F1 -- MDM2 -- LYN -- IRF1 -- FAS -- EIF4G2 -- HTRA2 -- NFKBIA -- HIP1 -- CDK4 -- OTUD7B -- RNF11 -- CASP10 -- PSEN1 -- HNRNPK -- RPA4 -- CDKN1A -- HTT -- BRCA1 -- CDKN2A -- BAX -- BAK1 -- EIF4E -- FOXM1 -- TFDP1 -- MCL1 -- RBL1 -- TAF1 -- PLAC8 -- CASP9 -- CCNG1 -- DIABLO -- APAF1 -- RANGAP1
487,TNFRSF1A -- SMURF2 -- TNFRSF1B -- RIPK1 -- NFKB1 -- MAPK8 -- STAT1 -- JUN -- FOS -- BIRC2 -- BIRC3 -- MYC -- RB1 -- CCND1 -- CFLAR -- RHOA -- FADD -- MAP2K7 -- MAP3K1 -- IGF1 -- MAP3K14 -- RET -- TNFRSF10B -- NFKB2 -- E2F1 -- MDM2 -- CHUK -- TRAF6 -- PPP1R13L -- IRF1 -- NFKBIA -- MYB -- HIP1 -- CASP10 -- SOD1 -- HNRNPK -- CASP7 -- SMPD1 -- TNIK -- RBL2 -- HTT -- PSIP1 -- BBC3 -- EIF4E -- MCL1 -- PCNA -- PLAC8 -- CASP9 -- CCNG1 -- DIABLO -- APAF1 -- ALPI
488,TNFRSF1A -- SMURF2 -- TNF -- NFKB1 -- MAPK8 -- STAT1 -- JUN -- BIRC2 -- BIRC3 -- EP300 -- CFLAR -- MAPK14 -- RHOA -- IL2 -- RELA -- RAC1 -- IGF1 -- VEGFA -- TRAF2 -- CASP3 -- AKT1 -- ATM -- DAB2IP -- CASP2 -- MDM2 -- CHUK -- MAPK9 -- IRF1 -- NFKBIA -- MYB -- BCL2 -- CASP8 -- CDK4 -- CDK6 -- OTUD7B -- RNF11 -- PARP1 -- PSEN1 -- BAD -- SOD1 -- HNRNPK -- RPA4 -- CASP7 -- TNIK -- RBL2 -- HTT -- BRCA1 -- CDKN2A -- BBC3 -- PELP1 -- BAX -- BAK1 -- EIF4E -- FOXM1 -- TFDP1 -- MCL1 -- CTBP1 -- PCNA -- PLAC8 -- CASP9 -- DIABLO -- APAF1 -- ALPI
489,TNF -- RIPK1 -- TP53 -- JUN -- BIRC2 -- BIRC3 -- FASLG -- MYC -- PTMA -- RHOA -- TGFB2 -- IL2 -- RELA -- FADD -- RAC1 -- TGFB1 -- CASP3 -- DAB2IP -- E2F1 -- MDM2 -- RPS6KA5 -- MAPK3 -- PPP1R13L -- LYN -- IRF1 -- FAS -- EIF4G2 -- CYCS -- BCL2 -- OTUD7B -- CASP10 -- PARP1 -- HNRNPK -- BCL2L1 -- CASP7 -- SMPD1 -- TNIK -- HTT -- BRCA1 -- BCL2L11 -- BAX -- EIF4E -- TAF1 -- CASP9 -- APAF1 -- ALPI -- RANGAP1
490,TNFRSF1B -- TP53 -- NFKB1 -- MAPK8 -- STAT1 -- BIRC2 -- MYC -- RB1 -- CCND1 -- CFLAR -- TRAF1 -- PTMA -- RELA -- FADD -- RAC1 -- TGFB1 -- MAP3K14 -- RET -- TRAF2 -- TNFRSF10B -- CASP3 -- KRT18 -- DAB2IP -- RPS6KA5 -- TRAF6 -- PPP1R13L -- LYN -- EIF4G2 -- CYCS -- CDK6 -- CASP10 -- PARP1 -- SOD1 -- HNRNPK -- RPA4 -- BCL2L1 -- CASP7 -- SMPD1 -- TNIK -- RBL2 -- BRCA1 -- CDKN2A -- BBC3 -- PELP1 -- BAX -- EIF4E -- TAF1 -- PLAC8 -- CASP9 -- CCNG1 -- APAF1
491,TNFRSF1A -- TNF -- TP53 -- JUN -- FOS -- MYC -- TNFAIP3 -- EP300 -- CFLAR -- MAPK14 -- NR3C1 -- IL2 -- FADD -- RAC1 -- IGF1 -- MAP3K14 -- TRAF2 -- TNFRSF10B -- KRT18 -- AKT1 -- DAB2IP -- NFKB2 -- CASP2 -- MDM2 -- CHUK -- PPP1R13L -- FAS -- EIF4G2 -- NFKBIA -- MYB -- HIP1 -- BCL2 -- CASP8 -- CDK4 -- RNF11 -- BAD -- SOD1 -- HNRNPK -- RPA4 -- TNIK -- RBL2 -- CDKN1A -- PSIP1 -- BRCA1 -- PELP1 -- FOXM1 -- TFDP1 -- TAF1 -- PLAC8
492,TNFRSF1A -- SMURF2 -- TNF -- TNFRSF1B -- TP53 -- NFKB1 -- MAPK8 -- BIRC2 -- MYC -- RB1 -- TNFAIP3 -- CFLAR -- MAPK14 -- PTMA -- RHOA -- TGFB2 -- FADD -- MAP3K1 -- IGF1 -- VEGFA -- TGFB1 -- MAP3K14 -- RET -- MAPK1 -- TRAF2 -- TNFRSF10B -- CASP3 -- ATM -- CASP2 -- RPS6KA5 -- MAPK3 -- TRAF6 -- MAPK9 -- NFKBIA -- MYB -- CYCS -- CASP8 -- CDK4 -- CDK6 -- RNF11 -- PARP1 -- BAD -- HNRNPK -- BCL2L1 -- CASP7 -- SMPD1 -- HTT -- PSIP1 -- BRCA1 -- CDKN2A -- BCL2L11 -- PELP1 -- BAX -- BAK1 -- FOXM1 -- TFDP1 -- MCL1 -- CTBP1 -- RBL1 -- TAF1 -- CCNG1 -- RASSF1
493,TNFRSF1A -- TNF -- NFKB1 -- STAT1 -- FOS -- BIRC2 -- BIRC3 -- SIRT1 -- FASLG -- TNFAIP3 -- CFLAR -- MAPK14 -- RHOA -- IL2 -- FADD -- RAC1 -- MAP3K1 -- TGFB1 -- TRADD -- TNFRSF10B -- CASP3 -- KRT18 -- NFKB2 -- CASP2 -- E2F1 -- MDM2 -- CHUK -- RPS6KA5 -- MAPK3 -- TRAF6 -- MAPK9 -- LYN -- HTRA2 -- CYCS -- CASP8 -- OTUD7B -- RNF11 -- BAD -- RPA4 -- BCL2L1 -- CASP7 -- SMPD1 -- RBL2 -- PSIP1 -- CDKN2A -- PELP1 -- EIF4E -- BID -- FOXM1 -- MCL1 -- RBL1 -- PCNA -- CASP9 -- ALPI
494,TNFRSF1A -- TNFRSF1B -- TP53 -- JUN -- FASLG -- MYC -- RB1 -- TNFAIP3 -- CCND1 -- CFLAR -- RHOA -- NR3C1 -- IL2 -- RAC1 -- MAP3K1 -- MAP3K14 -- RET -- TRADD -- TNFRSF10B -- KRT18 -- AKT1 -- DAB2IP -- E2F1 -- MDM2 -- RPS6KA5 -- MAPK3 -- PPP1R13L -- LYN -- FAS -- EIF4G2 -- HTRA2 -- NFKBIA -- HIP1 -- BCL2 -- CASP8 -- CDK4 -- CDK6 -- OTUD7B -- CASP10 -- PARP1 -- PSEN1 -- SOD1 -- HNRNPK -- BCL2L1 -- SMPD1 -- HTT -- PSIP1 -- CDKN2A -- BAX -- BID -- MCL1 -- CTBP1 -- RBL1 -- PLAC8 -- CASP9 -- CCNG1 -- DIABLO -- ALPI
495,TNFRSF1A -- RIPK1 -- TP53 -- NFKB1 -- JUN -- BIRC2 -- SIRT1 -- FASLG -- MYC -- TNFAIP3 -- CFLAR -- RHOA -- FADD -- MAP2K7 -- MAP3K1 -- TGFB1 -- MAPK1 -- TRAF2 -- TNFRSF10B -- CASP3 -- KRT18 -- ATM -- NFKB2 -- CASP2 -- E2F1 -- CHUK -- RPS6KA5 -- MAPK9 -- LYN -- FAS -- HTRA2 -- HIP1 -- RNF11 -- PARP1 -- BAD -- HNRNPK -- BCL2L1 -- CASP7 -- TNIK -- HTT -- BRCA1 -- CDKN2A -- BBC3 -- BAX -- EIF4E -- TFDP1 -- RBL1 -- TAF1 -- PLAC8 -- RANGAP1
496,TNFRSF1B -- RIPK1 -- MAPK8 -- STAT1 -- JUN -- BIRC3 -- FASLG -- MYC -- RB1 -- TNFAIP3 -- CCND1 -- PTMA -- RHOA -- TGFB2 -- RELA -- MAP2K7 -- MAP3K1 -- IGF1 -- RET -- MAPK1 -- TRAF2 -- CASP3 -- KRT18 -- DAB2IP -- MDM2 -- TRAF6 -- MAPK9 -- LYN -- IRF1 -- HTRA2 -- NFKBIA -- CYCS -- HIP1 -- BCL2 -- CDK4 -- CDK6 -- OTUD7B -- RNF11 -- SOD1 -- HNRNPK -- RPA4 -- SMPD1 -- TNIK -- RBL2 -- CDKN1A -- BBC3 -- BCL2L11 -- PELP1 -- BAK1 -- EIF4E -- FOXM1 -- MCL1 -- CTBP1 -- PLAC8 -- CASP9 -- CCNG1 -- DIABLO -- APAF1
497,SMURF2 -- TNFRSF1B -- RIPK1 -- MAPK8 -- JUN -- SIRT1 -- FASLG -- MYC -- RB1 -- TNFAIP3 -- EP300 -- CFLAR -- MAPK14 -- PTMA -- RHOA -- NR3C1 -- IL2 -- RELA -- RAC1 -- MAP2K7 -- MAP3K1 -- TGFB1 -- MAP3K14 -- TRAF2 -- KRT18 -- DAB2IP -- NFKB2 -- CASP2 -- E2F1 -- RPS6KA5 -- MAPK3 -- LYN -- HTRA2 -- HIP1 -- BCL2 -- CASP8 -- RNF11 -- PSEN1 -- BAD -- HNRNPK -- RPA4 -- BCL2L1 -- SMPD1 -- CDKN1A -- HTT -- CDKN2A -- PELP1 -- BAX -- EIF4E -- BID -- FOXM1 -- TFDP1 -- MCL1 -- RBL1 -- TAF1 -- CCNG1 -- ALPI -- RASSF1 -- RANGAP1
498,TNFRSF1A -- TP53 -- MAPK8 -- STAT1 -- FOS -- BIRC2 -- TNFAIP3 -- EP300 -- CCND1 -- PTMA -- RELA -- FADD -- RAC1 -- MAP3K1 -- IGF1 -- MAP3K14 -- TRADD -- KRT18 -- AKT1 -- DAB2IP -- CASP2 -- E2F1 -- MDM2 -- RPS6KA5 -- PPP1R13L -- LYN -- FAS -- EIF4G2 -- NFKBIA -- MYB -- HIP1 -- BCL2 -- PARP1 -- BAD -- HNRNPK -- CASP7 -- TNIK -- RBL2 -- BRCA1 -- BCL2L11 -- BAX -- BAK1 -- BID -- FOXM1 -- MCL1 -- RBL1 -- RASSF1
499,SMURF2 -- TNF -- TNFRSF1B -- NFKB1 -- STAT1 -- JUN -- FASLG -- MYC -- TRAF1 -- RHOA -- NR3C1 -- TGFB2 -- IL2 -- RELA -- FADD -- MAP3K1 -- IGF1 -- TGFB1 -- MAP3K14 -- TRADD -- MAPK1 -- ATM -- DAB2IP -- E2F1 -- MDM2 -- CHUK -- RPS6KA5 -- PPP1R13L -- LYN -- NFKBIA -- HIP1 -- OTUD7B -- CASP10 -- PSEN1 -- BAD -- SOD1 -- HNRNPK -- RPA4 -- CASP7 -- SMPD1 -- TNIK -- CDKN1A -- CDKN2A -- PELP1 -- BAX -- EIF4E -- BID -- TFDP1 -- RBL1 -- TAF1 -- DIABLO -- APAF1 -- RASSF1 -- RANGAP1
500,TNFRSF1B -- STAT1 -- JUN -- BIRC3 -- FASLG -- RB1 -- CCND1 -- CFLAR -- NR3C1 -- TGFB2 -- IL2 -- RAC1 -- MAP2K7 -- MAP3K1 -- IGF1 -- TGFB1 -- MAP3K14 -- TRADD -- MAPK1 -- TNFRSF10B -- CASP3 -- DAB2IP -- NFKB2 -- E2F1 -- MDM2 -- CHUK -- RPS6KA5 -- MAPK3 -- TRAF6 -- PPP1R13L -- LYN -- IRF1 -- NFKBIA -- MYB -- HIP1 -- BCL2 -- CASP8 -- CDK4 -- CDK6 -- OTUD7B -- PARP1 -- BAD -- SOD1 -- BCL2L1 -- SMPD1 -- RBL2 -- CDKN1A -- PSIP1 -- BAX -- BAK1 -- BID -- FOXM1 -- TFDP1 -- MCL1 -- CTBP1 -- RBL1 -- PLAC8 -- RASSF1
501,SMURF2 -- NFKB1 -- STAT1 -- BIRC2 -- BIRC3 -- SIRT1 -- FASLG -- MYC -- TNFAIP3 -- CFLAR -- TRAF1 -- MAPK14 -- TGFB2 -- IL2 -- IGF1 -- VEGFA -- TGFB1 -- MAPK1 -- TRAF2 -- KRT18 -- NFKB2 -- CASP2 -- CHUK -- PPP1R13L -- IRF1 -- FAS -- HTRA2 -- CYCS -- BCL2 -- CASP8 -- CDK4 -- CDK6 -- OTUD7B -- CASP10 -- SOD1 -- HNRNPK -- CASP7 -- SMPD1 -- TNIK -- RBL2 -- CDKN1A -- HTT -- BRCA1 -- BBC3 -- PELP1 -- EIF4E -- BID -- TFDP1 -- MCL1 -- CTBP1 -- RBL1 -- TAF1 -- CASP9 -- DIABLO -- RANGAP1
502,TNFRSF1A -- TNFRSF1B -- RIPK1 -- TP53 -- MAPK8 -- JUN -- FOS -- FASLG -- TNFAIP3 -- CFLAR -- TRAF1 -- PTMA -- RHOA -- NR3C1 -- TGFB2 -- RAC1 -- IGF1 -- VEGFA -- TGFB1 -- RET -- TNFRSF10B -- AKT1 -- ATM -- NFKB2 -- E2F1 -- FAS -- NFKBIA -- BCL2 -- CDK6 -- RNF11 -- PARP1 -- BAD -- BCL2L1 -- TNIK -- CDKN1A -- HTT -- PSIP1 -- BRCA1 -- CDKN2A -- BBC3 -- EIF4E -- BID -- CTBP1 -- RBL1 -- CASP9 -- CCNG1 -- DIABLO -- APAF1 -- RASSF1
503,TNFRSF1B -- RIPK1 -- BIRC2 -- BIRC3 -- MYC -- RB1 -- EP300 -- TRAF1 -- PTMA -- RHOA -- NR3C1 -- TGFB2 -- RELA -- FADD -- MAP2K7 -- IGF1 -- VEGFA -- TGFB1 -- TRADD -- MAPK1 -- TRAF2 -- DAB2IP -- NFKB2 -- CASP2 -- MDM2 -- CHUK -- RPS6KA5 -- MAPK3 -- TRAF6 -- PPP1R13L -- IRF1 -- FAS -- EIF4G2 -- NFKBIA -- MYB -- CYCS -- HIP1 -- CASP8 -- CDK4 -- PARP1 -- SOD1 -- HNRNPK -- SMPD1 -- RBL2 -- CDKN1A -- HTT -- PSIP1 -- CDKN2A -- BBC3 -- PELP1 -- EIF4E -- BID -- FOXM1 -- TFDP1 -- MCL1 -- CTBP1 -- RBL1 -- PCNA -- TAF1 -- CCNG1 -- DIABLO -- ALPI -- RASSF1 -- RANGAP1
504,SMURF2 -- RIPK1 -- NFKB1 -- STAT1 -- FOS -- TNFAIP3 -- TRAF1 -- PTMA -- RHOA -- NR3C1 -- RELA -- FADD -- MAP2K7 -- VEGFA -- TGFB1 -- MAP3K14 -- TRAF2 -- CASP3 -- ATM -- DAB2IP -- NFKB2 -- CASP2 -- E2F1 -- MDM2 -- CHUK -- RPS6KA5 -- IRF1 -- HTRA2 -- HIP1 -- CASP8 -- CDK6 -- PARP1 -- BAD -- CDKN1A -- PSIP1 -- BRCA1 -- BBC3 -- PELP1 -- BAX -- EIF4E -- FOXM1 -- MCL1 -- PCNA -- DIABLO -- APAF1 -- RASSF1 -- RANGAP1
505,SMURF2 -- RIPK1 -- TP53 -- MAPK8 -- JUN -- BIRC2 -- MYC -- RB1 -- CCND1 -- TRAF1 -- RHOA -- NR3C1 -- TGFB2 -- FADD -- MAP2K7 -- IGF1 -- VEGFA -- RET -- TRADD -- TRAF2 -- CASP3 -- KRT18 -- CASP2 -- E2F1 -- TRAF6 -- FAS -- NFKBIA -- MYB -- HIP1 -- CASP8 -- CDK4 -- CDK6 -- OTUD7B -- RNF11 -- HNRNPK -- BCL2L1 -- CASP7 -- SMPD1 -- RBL2 -- CDKN1A -- PSIP1 -- BRCA1 -- CDKN2A -- BBC3 -- BID -- TFDP1 -- CTBP1 -- PCNA -- TAF1 -- PLAC8 -- CASP9 -- CCNG1 -- APAF1 -- ALPI
506,TNFRSF1B -- RIPK1 -- NFKB1 -- MAPK8 -- BIRC2 -- SIRT1 -- MYC -- RB1 -- TNFAIP3 -- EP300 -- CCND1 -- CFLAR -- TRAF1 -- MAPK14 -- RHOA -- RELA -- RAC1 -- MAP3K1 -- IGF1 -- VEGFA -- TGFB1 -- RET -- TRADD -- MAPK1 -- DAB2IP -- NFKB2 -- CASP2 -- MDM2 -- CHUK -- RPS6KA5 -- TRAF6 -- FAS -- EIF4G2 -- HTRA2 -- NFKBIA -- MYB -- CYCS -- HIP1 -- BCL2 -- CASP8 -- OTUD7B -- CASP10 -- PSEN1 -- HNRNPK -- RBL2 -- BRCA1 -- CDKN2A -- BBC3 -- PELP1 -- BID -- MCL1 -- CTBP1 -- PLAC8 -- CCNG1 -- ALPI -- RANGAP1
507,TNFRSF1A -- TNFRSF1B -- TP53 -- MAPK8 -- FOS -- BIRC3 -- TNFAIP3 -- CFLAR -- TRAF1 -- PTMA -- RHOA -- TGFB2 -- IL2 -- RELA -- FADD -- RAC1 -- IGF1 -- TGFB1 -- MAP3K14 -- MAPK1 -- CASP3 -- KRT18 -- DAB2IP -- NFKB2 -- CASP2 -- E2F1 -- RPS6KA5 -- FAS -- NFKBIA -- MYB -- HIP1 -- CDK4 -- CASP10 -- BAD -- SOD1 -- CASP7 -- SMPD1 -- TNIK -- CDKN1A -- HTT -- BRCA1 -- CDKN2A -- BCL2L11 -- PELP1 -- BAX -- EIF4E -- MCL1 -- PCNA -- CASP9 -- CCNG1 -- DIABLO -- APAF1 -- RANGAP1
508,TNFRSF1A -- TNF -- TP53 -- FOS -- BIRC2 -- SIRT1 -- FASLG -- MYC -- RB1 -- TNFAIP3 -- EP300 -- TRAF1 -- PTMA -- RHOA -- TGFB2 -- IL2 -- FADD -- RAC1 -- MAP2K7 -- MAP3K1 -- TGFB1 -- MAP3K14 -- RET -- MAPK1 -- CASP3 -- ATM -- DAB2IP -- CASP2 -- MDM2 -- CHUK -- TRAF6 -- PPP1R13L -- MAPK9 -- LYN -- IRF1 -- FAS -- EIF4G2 -- MYB -- HIP1 -- CASP8 -- OTUD7B -- RNF11 -- CASP10 -- PARP1 -- PSEN1 -- SOD1 -- HNRNPK -- BCL2L1 -- TNIK -- CDKN1A -- CDKN2A -- BAK1 -- EIF4E -- BID -- FOXM1 -- TFDP1 -- CTBP1 -- PCNA -- TAF1 -- PLAC8 -- DIABLO -- APAF1
509,TNFRSF1A -- SMURF2 -- TNFRSF1B -- RIPK1 -- TP53 -- NFKB1 -- MAPK8 -- FOS -- BIRC2 -- SIRT1 -- FASLG -- CFLAR -- PTMA -- RHOA -- TGFB2 -- FADD -- MAP2K7 -- MAPK1 -- AKT1 -- ATM -- NFKB2 -- CASP2 -- E2F1 -- MDM2 -- CHUK -- RPS6KA5 -- PPP1R13L -- MAPK9 -- IRF1 -- HTRA2 -- NFKBIA -- MYB -- CYCS -- CASP8 -- CDK6 -- OTUD7B -- RNF11 -- PARP1 -- PSEN1 -- SOD1 -- HNRNPK -- RPA4 -- BCL2L1 -- CASP7 -- TNIK -- RBL2 -- CDKN1A -- PELP1 -- BAK1 -- CTBP1 -- PLAC8 -- CASP9 -- ALPI -- RASSF1
510,SMURF2 -- FOS -- BIRC2 -- FASLG -- MYC -- RB1 -- EP300 -- CCND1 -- TRAF1 -- RHOA -- VEGFA -- MAP3K14 -- RET -- TRADD -- TRAF2 -- TNFRSF10B -- AKT1 -- ATM -- NFKB2 -- CASP2 -- MAPK3 -- MAPK9 -- LYN -- NFKBIA -- HIP1 -- CASP8 -- CDK4 -- CDK6 -- OTUD7B -- PARP1 -- PSEN1 -- BAD -- SOD1 -- HNRNPK -- RPA4 -- CASP7 -- HTT -- BRCA1 -- BCL2L11 -- PELP1 -- BAX -- BAK1 -- EIF4E -- BID -- FOXM1 -- MCL1 -- CTBP1 -- TAF1 -- PLAC8 -- CASP9 -- CCNG1 -- DIABLO -- RASSF1 -- RANGAP1
511,TNF -- TNFRSF1B -- TP53 -- MAPK8 -- STAT1 -- JUN -- FOS -- BIRC2 -- BIRC3 -- SIRT1 -- TRAF1 -- PTMA -- IL2 -- RELA -- FADD -- RAC1 -- MAP2K7 -- MAP3K1 -- IGF1 -- VEGFA -- TGFB1 -- MAPK1 -- TRAF2 -- CASP3 -- KRT18 -- AKT1 -- DAB2IP -- NFKB2 -- MDM2 -- CHUK -- TRAF6 -- PPP1R13L -- MAPK9 -- IRF1 -- FAS -- MYB -- HIP1 -- BCL2 -- CASP8 -- CDK4 -- OTUD7B -- RNF11 -- PSEN1 -- SOD1 -- CASP7 -- TNIK -- RBL2 -- HTT -- BRCA1 -- BCL2L11 -- PELP1 -- BAX -- EIF4E -- MCL1 -- CTBP1 -- RBL1 -- PCNA -- TAF1 -- PLAC8 -- DIABLO -- ALPI
512,TNF -- RIPK1 -- TP53 -- NFKB1 -- MAPK8 -- STAT1 -- BIRC2 -- MYC -- RB1 -- TNFAIP3 -- EP300 -- CFLAR -- MAPK14 -- RELA -- RAC1 -- MAP3K1 -- IGF1 -- VEGFA -- RET -- TRADD -- MAPK1 -- KRT18 -- AKT1 -- ATM -- DAB2IP -- NFKB2 -- CASP2 -- E2F1 -- CHUK -- RPS6KA5 -- MAPK3 -- TRAF6 -- PPP1R13L -- MAPK9 -- LYN -- EIF4G2 -- NFKBIA -- CYCS -- BCL2 -- CDK4 -- CDK6 -- RNF11 -- PSEN1 -- SMPD1 -- TNIK -- CDKN1A -- PSIP1 -- BBC3 -- BCL2L11 -- PELP1 -- BAX -- EIF4E -- FOXM1 -- MCL1 -- RBL1 -- DIABLO -- ALPI -- RASSF1 -- RANGAP1
513,TNF -- TNFRSF1B -- JUN -- FOS -- BIRC3 -- FASLG -- RB1 -- EP300 -- CCND1 -- CFLAR -- TRAF1 -- PTMA -- RHOA -- NR3C1 -- TGFB2 -- IL2 -- RELA -- IGF1 -- VEGFA -- TGFB1 -- TRAF2 -- CASP3 -- ATM -- CASP2 -- E2F1 -- MDM2 -- CHUK -- TRAF6 -- MAPK9 -- FAS -- NFKBIA -- CYCS -- HIP1 -- BCL2 -- CASP8 -- OTUD7B -- PSEN1 -- HNRNPK -- TNIK -- CDKN1A -- HTT -- CDKN2A -- BCL2L11 -- EIF4E -- PLAC8 -- APAF1 -- ALPI -- RASSF1
514,SMURF2 -- TNF -- TNFRSF1B -- RIPK1 -- NFKB1 -- MAPK8 -- FOS -- SIRT1 -- FASLG -- MYC -- RB1 -- CCND1 -- CFLAR -- TRAF1 -- PTMA -- RHOA -- IL2 -- RELA -- FADD -- RAC1 -- MAP2K7 -- VEGFA -- TGFB1 -- MAP3K14 -- RET -- TNFRSF10B -- CASP3 -- KRT18 -- AKT1 -- ATM -- DAB2IP -- MDM2 -- RPS6KA5 -- MAPK3 -- TRAF6 -- MAPK9 -- LYN -- EIF4G2 -- HTRA2 -- NFKBIA -- MYB -- HIP1 -- BCL2 -- CDK6 -- RNF11 -- PARP1 -- PSEN1 -- BAD -- SOD1 -- HNRNPK -- SMPD1 -- TNIK -- BRCA1 -- CDKN2A -- BBC3 -- PELP1 -- BAK1 -- TFDP1 -- CTBP1 -- RBL1 -- PLAC8 -- CASP9 -- APAF1
515,TNF -- TP53 -- MAPK8 -- FOS -- BIRC2 -- MYC -- TNFAIP3 -- PTMA -- NR3C1 -- RELA -- FADD -- RAC1 -- MAP3K1 -- IGF1 -- MAP3K14 -- RET -- CASP3 -- ATM -- CASP2 -- MDM2 -- TRAF6 -- PPP1R13L -- IRF1 -- EIF4G2 -- NFKBIA -- MYB -- BCL2 -- CDK6 -- RNF11 -- PARP1 -- PSEN1 -- BAD -- SOD1 -- HNRNPK -- RPA4 -- BCL2L1 -- CASP7 -- SMPD1 -- RBL2 -- CDKN1A -- HTT -- BRCA1 -- CDKN2A -- BBC3 -- PELP1 -- BAX -- BAK1 -- EIF4E -- CTBP1 -- RBL1 -- PCNA -- PLAC8 -- CASP9 -- APAF1 -- ALPI
516,SMURF2 -- NFKB1 -- MAPK8 -- STAT1 -- SIRT1 -- MYC -- RB1 -- TRAF1 -- PTMA -- NR3C1 -- TGFB2 -- IL2 -- RAC1 -- VEGFA -- TGFB1 -- MAP3K14 -- RET -- MAPK1 -- CASP3 -- AKT1 -- ATM -- NFKB2 -- MDM2 -- MAPK3 -- LYN -- IRF1 -- FAS -- HTRA2 -- NFKBIA -- CASP8 -- CDK6 -- CASP10 -- PSEN1 -- BAD -- RPA4 -- BCL2L1 -- SMPD1 -- CDKN1A -- PSIP1 -- BCL2L11 -- BAK1 -- FOXM1 -- TFDP1 -- MCL1 -- PCNA -- TAF1 -- PLAC8 -- CASP9 -- ALPI -- RASSF1 -- RANGAP1
517,SMURF2 -- TNF -- TNFRSF1B -- TP53 -- NFKB1 -- MAPK8 -- STAT1 -- JUN -- FOS -- BIRC3 -- MYC -- CCND1 -- TRAF1 -- TGFB2 -- RELA -- FADD -- IGF1 -- TRADD -- TRAF2 -- CASP3 -- AKT1 -- ATM -- DAB2IP -- TRAF6 -- IRF1 -- FAS -- NFKBIA -- CYCS -- BCL2 -- CASP10 -- SOD1 -- HNRNPK -- RPA4 -- CASP7 -- TNIK -- CDKN1A -- BBC3 -- BCL2L11 -- BAK1 -- MCL1 -- CTBP1 -- RBL1 -- PCNA -- PLAC8 -- ALPI -- RASSF1 -- RANGAP1
518,NFKB1 -- MAPK8 -- FOS -- BIRC3 -- SIRT1 -- FASLG -- RB1 -- CFLAR -- TRAF1 -- MAPK14 -- NR3C1 -- IL2 -- RELA -- RAC1 -- MAP2K7 -- VEGFA -- MAP3K14 -- RET -- TRADD -- MAPK1 -- TNFRSF10B -- KRT18 -- ATM -- CASP2 -- E2F1 -- CHUK -- TRAF6 -- PPP1R13L -- LYN -- FAS -- EIF4G2 -- HTRA2 -- NFKBIA -- MYB -- HIP1 -- BCL2 -- CDK4 -- RNF11 -- CASP10 -- PSEN1 -- SOD1 -- HNRNPK -- RPA4 -- BCL2L1 -- TNIK -- CDKN1A -- HTT -- PSIP1 -- BBC3 -- EIF4E -- BID -- MCL1 -- CTBP1 -- RBL1 -- PLAC8 -- DIABLO -- ALPI -- RASSF1
519,SMURF2 -- TP53 -- MAPK8 -- STAT1 -- JUN -- FOS -- TNFAIP3 -- CCND1 -- TRAF1 -- MAPK14 -- PTMA -- TGFB2 -- FADD -- RAC1 -- MAP2K7 -- IGF1 -- TGFB1 -- MAP3K14 -- RET -- TRADD -- MAPK1 -- TNFRSF10B -- DAB2IP -- NFKB2 -- CASP2 -- E2F1 -- CHUK -- IRF1 -- FAS -- EIF4G2 -- HTRA2 -- CYCS -- HIP1 -- BCL2 -- CDK4 -- CDK6 -- RNF11 -- BAD -- HNRNPK -- RPA4 -- CASP7 -- SMPD1 -- CDKN1A -- HTT -- BBC3 -- BCL2L11 -- PELP1 -- BID -- MCL1 -- CTBP1 -- PCNA -- TAF1 -- CASP9 -- CCNG1
520,TNF -- RIPK1 -- TP53 -- STAT1 -- FASLG -- RB1 -- CCND1 -- CFLAR -- TRAF1 -- MAPK14 -- PTMA -- TGFB2 -- RAC1 -- MAP2K7 -- MAP3K1 -- TGFB1 -- RET -- TRAF2 -- TNFRSF10B -- CASP3 -- AKT1 -- ATM -- CASP2 -- MDM2 -- MAPK3 -- PPP1R13L -- MAPK9 -- FAS -- EIF4G2 -- HTRA2 -- MYB -- CYCS -- CASP8 -- RNF11 -- CASP10 -- BAD -- HNRNPK -- RPA4 -- SMPD1 -- TNIK -- CDKN2A -- BAK1 -- EIF4E -- FOXM1 -- TFDP1 -- MCL1 -- PCNA -- CASP9 -- DIABLO -- APAF1 -- RASSF1 -- RANGAP1
521,TNFRSF1A -- SMURF2 -- TNFRSF1B -- RIPK1 -- BIRC3 -- RB1 -- TNFAIP3 -- EP300 -- MAPK14 -- NR3C1 -- TGFB2 -- FADD -- MAP3K1 -- VEGFA -- TGFB1 -- MAP3K14 -- RET -- TRAF2 -- CHUK -- RPS6KA5 -- TRAF6 -- PPP1R13L -- LYN -- IRF1 -- FAS -- HTRA2 -- NFKBIA -- CYCS -- HIP1 -- CASP8 -- RNF11 -- PARP1 -- BAD -- BCL2L1 -- CASP7 -- SMPD1 -- TNIK -- CDKN1A -- PSIP1 -- CDKN2A -- BBC3 -- BAX -- BAK1 -- BID -- TFDP1 -- MCL1 -- CTBP1 -- PCNA -- PLAC8 -- CCNG1 -- DIABLO -- RANGAP1
522,TNFRSF1A -- TNF -- RIPK1 -- TP53 -- STAT1 -- FOS -- BIRC3 -- SIRT1 -- RB1 -- TNFAIP3 -- TRAF1 -- MAPK14 -- PTMA -- IL2 -- RELA -- MAP2K7 -- TGFB1 -- MAP3K14 -- RET -- TRAF2 -- TNFRSF10B -- CASP3 -- KRT18 -- AKT1 -- ATM -- DAB2IP -- NFKB2 -- CASP2 -- MDM2 -- MAPK3 -- TRAF6 -- LYN -- HTRA2 -- NFKBIA -- CASP8 -- CDK6 -- RNF11 -- BAD -- CASP7 -- RBL2 -- PSIP1 -- BBC3 -- PELP1 -- BAX -- BID -- TFDP1 -- RBL1 -- PLAC8 -- CASP9 -- CCNG1 -- ALPI -- RASSF1
523,SMURF2 -- TNFRSF1B -- RIPK1 -- MAPK8 -- STAT1 -- JUN -- FOS -- BIRC2 -- BIRC3 -- SIRT1 -- EP300 -- TRAF1 -- PTMA -- TGFB2 -- MAP3K14 -- TRADD -- MAPK1 -- TRAF2 -- KRT18 -- ATM -- DAB2IP -- CASP2 -- E2F1 -- CHUK -- RPS6KA5 -- TRAF6 -- MAPK9 -- FAS -- EIF4G2 -- NFKBIA -- MYB -- HIP1 -- BCL2 -- CDK6 -- OTUD7B -- BAD -- HNRNPK -- RPA4 -- CASP7 -- SMPD1 -- TNIK -- RBL2 -- HTT -- BRCA1 -- CDKN2A -- BBC3 -- PELP1 -- BAX -- BAK1 -- EIF4E -- FOXM1 -- TFDP1 -- MCL1 -- RBL1 -- PCNA -- PLAC8 -- CASP9 -- ALPI
524,TNF -- TNFRSF1B -- RIPK1 -- TP53 -- STAT1 -- FOS -- MYC -- RB1 -- TNFAIP3 -- TRAF1 -- MAPK14 -- NR3C1 -- MAP2K7 -- IGF1 -- VEGFA -- RET -- TRADD -- MAPK1 -- CASP3 -- AKT1 -- ATM -- MDM2 -- CHUK -- RPS6KA5 -- MAPK3 -- PPP1R13L -- MAPK9 -- LYN -- FAS -- HTRA2 -- MYB -- CYCS -- BCL2 -- CASP8 -- CDK4 -- BAD -- SOD1 -- RPA4 -- BCL2L1 -- CASP7 -- SMPD1 -- BBC3 -- BID -- FOXM1 -- TFDP1 -- MCL1 -- TAF1 -- PLAC8 -- DIABLO -- RASSF1
525,TNFRSF1A -- SMURF2 -- TNF -- TP53 -- SIRT1 -- FASLG -- MYC -- RB1 -- CCND1 -- NR3C1 -- IL2 -- RELA -- FADD -- MAP2K7 -- MAP3K1 -- MAP3K14 -- RET -- TRADD -- ATM -- CASP2 -- E2F1 -- MDM2 -- CHUK -- TRAF6 -- PPP1R13L -- MAPK9 -- FAS -- EIF4G2 -- HTRA2 -- MYB -- BCL2 -- CASP8 -- CDK6 -- OTUD7B -- RNF11 -- CASP10 -- PARP1 -- PSEN1 -- SOD1 -- HNRNPK -- RPA4 -- BCL2L1 -- CASP7 -- SMPD1 -- RBL2 -- HTT -- BRCA1 -- BBC3 -- BAK1 -- FOXM1 -- MCL1 -- CTBP1 -- RBL1 -- PCNA
526,TNFRSF1A -- TNF -- RIPK1 -- TP53 -- NFKB1 -- STAT1 -- FOS -- MYC -- EP300 -- CFLAR -- TRAF1 -- MAPK14 -- PTMA -- RHOA -- TGFB2 -- RELA -- RAC1 -- MAP2K7 -- MAP3K1 -- TGFB1 -- TNFRSF10B -- ATM -- E2F1 -- MDM2 -- CHUK -- RPS6KA5 -- MAPK3 -- TRAF6 -- LYN -- FAS -- EIF4G2 -- MYB -- BCL2 -- CASP8 -- CDK6 -- OTUD7B -- CASP10 -- PSEN1 -- BAD -- BCL2L1 -- TNIK -- RBL2 -- HTT -- BRCA1 -- PELP1 -- EIF4E -- FOXM1 -- DIABLO -- APAF1 -- ALPI -- RASSF1
527,SMURF2 -- TNFRSF1B -- NFKB1 -- FOS -- FASLG -- RB1 -- TRAF1 -- NR3C1 -- RELA -- MAP3K1 -- IGF1 -- RET -- TRAF2 -- CASP3 -- DAB2IP -- NFKB2 -- CASP2 -- E2F1 -- CHUK -- RPS6KA5 -- MAPK3 -- TRAF6 -- PPP1R13L -- EIF4G2 -- HTRA2 -- NFKBIA -- CYCS -- HIP1 -- BCL2 -- OTUD7B -- CASP10 -- PARP1 -- PSEN1 -- BAD -- BCL2L1 -- CASP7 -- RBL2 -- CDKN1A -- HTT -- PSIP1 -- BBC3 -- BCL2L11 -- BAX -- EIF4E -- BID -- FOXM1 -- RBL1 -- TAF1 -- CCNG1 -- APAF1 -- ALPI -- RASSF1
528,TNF -- TP53 -- MAPK8 -- STAT1 -- SIRT1 -- FASLG -- MYC -- RB1 -- TNFAIP3 -- CCND1 -- TRAF1 -- MAPK14 -- IL2 -- MAP3K1 -- VEGFA -- TGFB1 -- MAP3K14 -- RET -- MAPK1 -- TRAF2 -- CASP3 -- AKT1 -- E2F1 -- MDM2 -- RPS6KA5 -- PPP1R13L -- LYN -- IRF1 -- HTRA2 -- MYB -- HIP1 -- BCL2 -- OTUD7B -- CASP10 -- PARP1 -- PSEN1 -- SOD1 -- RPA4 -- CASP7 -- SMPD1 -- RBL2 -- HTT -- PSIP1 -- BRCA1 -- CDKN2A -- BBC3 -- BCL2L11 -- BAX -- TFDP1 -- CTBP1 -- PLAC8 -- ALPI -- RASSF1 -- RANGAP1
529,TNFRSF1A -- TNF -- NFKB1 -- BIRC2 -- SIRT1 -- EP300 -- CFLAR -- TRAF1 -- MAPK14 -- RHOA -- NR3C1 -- FADD -- RAC1 -- MAP2K7 -- VEGFA -- RET -- TRADD -- TRAF2 -- KRT18 -- NFKB2 -- CASP2 -- RPS6KA5 -- TRAF6 -- LYN -- IRF1 -- FAS -- EIF4G2 -- HTRA2 -- NFKBIA -- BCL2 -- RNF11 -- PARP1 -- BAD -- SOD1 -- RPA4 -- SMPD1 -- TNIK -- BRCA1 -- BAX -- EIF4E -- BID -- FOXM1 -- TFDP1 -- MCL1 -- CTBP1 -- PCNA -- PLAC8 -- CCNG1 -- DIABLO
530,TNF -- TNFRSF1B -- STAT1 -- JUN -- BIRC2 -- FASLG -- MYC -- RB1 -- TNFAIP3 -- CFLAR -- TRAF1 -- TGFB2 -- IL2 -- FADD -- MAP2K7 -- IGF1 -- VEGFA -- RET -- TRADD -- TNFRSF10B -- CASP3 -- KRT18 -- ATM -- NFKB2 -- E2F1 -- MDM2 -- CHUK -- RPS6KA5 -- MAPK3 -- TRAF6 -- PPP1R13L -- MAPK9 -- LYN -- HTRA2 -- CYCS -- HIP1 -- BCL2 -- CASP8 -- CDK6 -- OTUD7B -- RNF11 -- PARP1 -- SOD1 -- HNRNPK -- RPA4 -- SMPD1 -- TNIK -- PSIP1 -- BRCA1 -- CDKN2A -- BBC3 -- BCL2L11 -- PELP1 -- MCL1 -- CTBP1 -- PCNA -- PLAC8 -- CASP9 -- DIABLO -- RASSF1
531,MAPK8 -- JUN -- FOS -- BIRC2 -- FASLG -- MYC -- PTMA -- TGFB2 -- RELA -- FADD -- VEGFA -- TGFB1 -- MAPK1 -- TNFRSF10B -- CASP3 -- KRT18 -- AKT1 -- ATM -- CASP2 -- CHUK -- PPP1R13L -- IRF1 -- FAS -- EIF4G2 -- HTRA2 -- MYB -- CASP8 -- CDK4 -- RNF11 -- PARP1 -- SMPD1 -- TNIK -- HTT -- BRCA1 -- PELP1 -- BAX -- BAK1 -- EIF4E -- BID -- MCL1 -- CTBP1 -- RBL1 -- PCNA -- TAF1 -- APAF1 -- ALPI -- RASSF1
532,SMURF2 -- TNFRSF1B -- TP53 -- SIRT1 -- MYC -- RB1 -- EP300 -- TRAF1 -- PTMA -- TGFB2 -- RELA -- FADD -- RAC1 -- MAP2K7 -- TGFB1 -- RET -- MAPK1 -- TRAF2 -- TNFRSF10B -- ATM -- E2F1 -- MDM2 -- TRAF6 -- MAPK9 -- LYN -- FAS -- EIF4G2 -- NFKBIA -- MYB -- CYCS -- BCL2 -- CASP8 -- CASP10 -- PSEN1 -- BAD -- HNRNPK -- RPA4 -- BCL2L1 -- SMPD1 -- TNIK -- RBL2 -- CDKN1A -- HTT -- BRCA1 -- CDKN2A -- BBC3 -- BCL2L11 -- BAK1 -- FOXM1 -- TFDP1 -- CTBP1 -- RBL1 -- PCNA -- PLAC8 -- DIABLO -- RASSF1 -- RANGAP1
533,SMURF2 -- TNFRSF1B -- RIPK1 -- MAPK8 -- STAT1 -- FOS -- RB1 -- TNFAIP3 -- CCND1 -- CFLAR -- MAPK14 -- PTMA -- RHOA -- TGFB2 -- IL2 -- RAC1 -- VEGFA -- TGFB1 -- TNFRSF10B -- CASP3 -- AKT1 -- ATM -- DAB2IP -- E2F1 -- CHUK -- RPS6KA5 -- MAPK3 -- PPP1R13L -- MAPK9 -- FAS -- HTRA2 -- NFKBIA -- CYCS -- HIP1 -- CASP8 -- CDK4 -- CDK6 -- PARP1 -- BAD -- HNRNPK -- RBL2 -- CDKN1A -- HTT -- PSIP1 -- BBC3 -- BCL2L11 -- BAX -- CASP9 -- ALPI -- RANGAP1
534,SMURF2 -- MAPK8 -- STAT1 -- FOS -- BIRC2 -- SIRT1 -- FASLG -- MYC -- EP300 -- CCND1 -- RHOA -- TGFB2 -- FADD -- RAC1 -- MAP3K1 -- VEGFA -- TRADD -- MAPK1 -- KRT18 -- NFKB2 -- MDM2 -- MAPK3 -- TRAF6 -- PPP1R13L -- LYN -- IRF1 -- EIF4G2 -- NFKBIA -- MYB -- CASP8 -- CDK4 -- CDK6 -- PARP1 -- BAD -- RPA4 -- CASP7 -- RBL2 -- PSIP1 -- BBC3 -- BCL2L11 -- PELP1 -- TFDP1 -- MCL1 -- CTBP1 -- RBL1 -- TAF1 -- PLAC8 -- CASP9 -- DIABLO -- ALPI -- RASSF1
535,TNFRSF1A -- SMURF2 -- RIPK1 -- TP53 -- NFKB1 -- MAPK8 -- STAT1 -- JUN -- FOS -- BIRC2 -- EP300 -- CCND1 -- TRAF1 -- RHOA -- NR3C1 -- TGFB2 -- IL2 -- RELA -- FADD -- RAC1 -- MAP2K7 -- MAP3K1 -- IGF1 -- VEGFA -- RET -- MAPK1 -- NFKB2 -- CASP2 -- E2F1 -- MDM2 -- CHUK -- MAPK3 -- PPP1R13L -- IRF1 -- FAS -- NFKBIA -- MYB -- CASP8 -- CDK4 -- CDK6 -- OTUD7B -- CASP10 -- PARP1 -- SOD1 -- RPA4 -- BCL2L1 -- TNIK -- HTT -- BRCA1 -- BAX -- EIF4E -- FOXM1 -- MCL1 -- CTBP1 -- PCNA -- TAF1 -- PLAC8 -- RASSF1
536,TNFRSF1A -- TNF -- TP53 -- BIRC2 -- BIRC3 -- FASLG -- MYC -- EP300 -- CFLAR -- TRAF1 -- NR3C1 -- IL2 -- FADD -- RAC1 -- MAP2K7 -- MAP3K1 -- IGF1 -- MAP3K14 -- TRADD -- MAPK1 -- TNFRSF10B -- CASP3 -- AKT1 -- ATM -- CHUK -- RPS6KA5 -- TRAF6 -- MAPK9 -- LYN -- EIF4G2 -- NFKBIA -- MYB -- HIP1 -- CDK4 -- CDK6 -- OTUD7B -- PARP1 -- SOD1 -- HNRNPK -- BCL2L1 -- RBL2 -- HTT -- PSIP1 -- BCL2L11 -- EIF4E -- FOXM1 -- TFDP1 -- TAF1 -- CCNG1 -- ALPI -- RASSF1 -- RANGAP1
537,TNF -- TNFRSF1B -- TP53 -- NFKB1 -- MAPK8 -- STAT1 -- FOS -- FASLG -- RB1 -- TNFAIP3 -- EP300 -- MAPK14 -- PTMA -- NR3C1 -- IL2 -- RELA -- FADD -- MAP2K7 -- IGF1 -- VEGFA -- TGFB1 -- TRADD -- MAPK1 -- TRAF2 -- AKT1 -- NFKB2 -- CASP2 -- MDM2 -- CHUK -- RPS6KA5 -- FAS -- EIF4G2 -- HTRA2 -- MYB -- CYCS -- HIP1 -- CASP8 -- CASP10 -- BAD -- HNRNPK -- RPA4 -- CASP7 -- SMPD1 -- TNIK -- RBL2 -- PSIP1 -- CDKN2A -- BBC3 -- BAX -- BAK1 -- EIF4E -- CCNG1 -- DIABLO -- APAF1
538,SMURF2 -- TNFRSF1B -- NFKB1 -- STAT1 -- FOS -- BIRC3 -- SIRT1 -- FASLG -- MYC -- EP300 -- CCND1 -- CFLAR -- TRAF1 -- MAPK14 -- NR3C1 -- TGFB2 -- RELA -- MAP2K7 -- MAP3K14 -- TRADD -- TRAF2 -- TNFRSF10B -- CASP3 -- KRT18 -- AKT1 -- DAB2IP -- CHUK -- MAPK3 -- LYN -- NFKBIA -- CYCS -- HIP1 -- CASP8 -- CDK6 -- RNF11 -- PARP1 -- SOD1 -- HNRNPK -- CASP7 -- SMPD1 -- RBL2 -- PSIP1 -- CDKN2A -- BBC3 -- PELP1 -- BAX -- BAK1 -- FOXM1 -- RBL1 -- PCNA -- ALPI -- RANGAP1
539,TNF -- TNFRSF1B -- RIPK1 -- TP53 -- NFKB1 -- STAT1 -- FOS -- BIRC2 -- BIRC3 -- MYC -- CCND1 -- CFLAR -- TRAF1 -- RHOA -- NR3C1 -- IL2 -- RELA -- FADD -- IGF1 -- TGFB1 -- MAP3K14 -- RET -- TRADD -- MAPK1 -- TRAF2 -- CASP3 -- KRT18 -- DAB2IP -- NFKB2 -- E2F1 -- CHUK -- TRAF6 -- MAPK9 -- IRF1 -- FAS -- HTRA2 -- NFKBIA -- CYCS -- BCL2 -- CDK6 -- OTUD7B -- PARP1 -- SOD1 -- CASP7 -- SMPD1 -- TNIK -- CDKN1A -- PSIP1 -- CDKN2A -- BAX -- BAK1 -- BID -- FOXM1 -- MCL1 -- RBL1 -- TAF1 -- DIABLO -- ALPI -- RASSF1 -- RANGAP1
540,TNFRSF1A -- TNF -- TNFRSF1B -- RIPK1 -- MAPK8 -- STAT1 -- JUN -- BIRC2 -- BIRC3 -- MYC -- TNFAIP3 -- EP300 -- CCND1 -- TRAF1 -- MAPK14 -- PTMA -- TGFB2 -- IL2 -- RELA -- RET -- MAPK1 -- CASP3 -- KRT18 -- ATM -- NFKB2 -- CASP2 -- E2F1 -- MDM2 -- IRF1 -- FAS -- MYB -- BCL2 -- CDK6 -- RNF11 -- CASP10 -- PSEN1 -- BAD -- SOD1 -- RPA4 -- BCL2L1 -- CASP7 -- SMPD1 -- BBC3 -- BCL2L11 -- PELP1 -- EIF4E -- BID -- FOXM1 -- MCL1 -- CTBP1 -- PCNA -- TAF1 -- PLAC8 -- CCNG1 -- DIABLO -- APAF1 -- ALPI -- RASSF1 -- RANGAP1
541,TNFRSF1A -- SMURF2 -- RIPK1 -- MAPK8 -- STAT1 -- FOS -- BIRC2 -- BIRC3 -- SIRT1 -- MYC -- RB1 -- TNFAIP3 -- CFLAR -- RHOA -- TGFB2 -- RELA -- FADD -- RAC1 -- MAP2K7 -- TGFB1 -- MAP3K14 -- TRAF2 -- TNFRSF10B -- NFKB2 -- E2F1 -- MAPK3 -- PPP1R13L -- MAPK9 -- IRF1 -- FAS -- HTRA2 -- CYCS -- HIP1 -- CASP8 -- CDK6 -- CASP10 -- PSEN1 -- HNRNPK -- BCL2L1 -- TNIK -- CDKN1A -- BRCA1 -- BCL2L11 -- PELP1 -- BAX -- EIF4E -- TFDP1 -- MCL1 -- CTBP1 -- RBL1 -- PCNA -- TAF1 -- CASP9 -- DIABLO -- APAF1 -- RASSF1
542,TNFRSF1A -- SMURF2 -- TNF -- RIPK1 -- NFKB1 -- FOS -- MYC -- RB1 -- TNFAIP3 -- CCND1 -- IL2 -- RELA -- RAC1 -- MAP3K1 -- IGF1 -- VEGFA -- TGFB1 -- RET -- TRADD -- MAPK1 -- TRAF2 -- TNFRSF10B -- CASP3 -- KRT18 -- AKT1 -- ATM -- NFKB2 -- CASP2 -- CHUK -- MAPK3 -- TRAF6 -- EIF4G2 -- NFKBIA -- CYCS -- BCL2 -- CDK4 -- CASP10 -- PSEN1 -- BAD -- SOD1 -- HNRNPK -- RPA4 -- CASP7 -- CDKN1A -- HTT -- PSIP1 -- CDKN2A -- BCL2L11 -- PELP1 -- BAX -- BAK1 -- EIF4E -- BID -- PCNA -- CASP9 -- CCNG1 -- ALPI
543,RIPK1 -- TP53 -- NFKB1 -- JUN -- FOS -- BIRC2 -- SIRT1 -- TNFAIP3 -- CCND1 -- MAPK14 -- FADD -- MAP2K7 -- IGF1 -- TGFB1 -- RET -- TRAF2 -- CASP3 -- NFKB2 -- CASP2 -- E2F1 -- RPS6KA5 -- MAPK3 -- MAPK9 -- LYN -- FAS -- HTRA2 -- NFKBIA -- MYB -- HIP1 -- BCL2 -- CASP8 -- CDK4 -- CDK6 -- RNF11 -- CASP10 -- HNRNPK -- RPA4 -- TNIK -- CDKN1A -- HTT -- PSIP1 -- BCL2L11 -- TFDP1 -- RBL1 -- TAF1 -- RANGAP1
544,TNFRSF1A -- SMURF2 -- TNF -- TNFRSF1B -- NFKB1 -- MAPK8 -- FOS -- BIRC2 -- FASLG -- CCND1 -- RHOA -- FADD -- MAP2K7 -- IGF1 -- VEGFA -- MAP3K14 -- RET -- TRADD -- CASP3 -- DAB2IP -- NFKB2 -- MAPK3 -- PPP1R13L -- FAS -- HTRA2 -- NFKBIA -- HIP1 -- BCL2 -- CDK4 -- CDK6 -- RNF11 -- SOD1 -- HNRNPK -- RPA4 -- CASP7 -- TNIK -- RBL2 -- CDKN2A -- BCL2L11 -- BAK1 -- EIF4E -- FOXM1 -- MCL1 -- PCNA -- TAF1 -- PLAC8 -- CASP9 -- DIABLO -- RANGAP1
545,TNFRSF1A -- NFKB1 -- MAPK8 -- STAT1 -- JUN -- FOS -- BIRC2 -- BIRC3 -- SIRT1 -- FASLG -- MYC -- CFLAR -- TRAF1 -- MAPK14 -- PTMA -- IL2 -- FADD -- MAP3K1 -- TRADD -- MAPK1 -- TNFRSF10B -- DAB2IP -- E2F1 -- MDM2 -- CHUK -- RPS6KA5 -- MAPK3 -- PPP1R13L -- IRF1 -- FAS -- NFKBIA -- CYCS -- BCL2 -- CDK4 -- CDK6 -- OTUD7B -- RNF11 -- PARP1 -- PSEN1 -- SOD1 -- RPA4 -- SMPD1 -- HTT -- BRCA1 -- CDKN2A -- BBC3 -- BID -- MCL1 -- TAF1 -- PLAC8 -- DIABLO -- RANGAP1
546,TNFRSF1B -- NFKB1 -- JUN -- FASLG -- CFLAR -- IL2 -- RELA -- RAC1 -- TGFB1 -- MAP3K14 -- TRADD -- MAPK1 -- TNFRSF10B -- CASP3 -- AKT1 -- ATM -- NFKB2 -- CASP2 -- E2F1 -- MDM2 -- CHUK -- MAPK3 -- TRAF6 -- MAPK9 -- EIF4G2 -- CYCS -- BCL2 -- CASP8 -- CDK4 -- CDK6 -- RNF11 -- RPA4 -- CASP7 -- TNIK -- RBL2 -- CDKN1A -- HTT -- PELP1 -- BAK1 -- EIF4E -- MCL1 -- TAF1 -- CASP9 -- ALPI -- RANGAP1
547,TNFRSF1A -- SMURF2 -- TNFRSF1B -- MAPK8 -- STAT1 -- JUN -- BIRC2 -- BIRC3 -- SIRT1 -- FASLG -- RB1 -- TNFAIP3 -- CCND1 -- TRAF1 -- TGFB2 -- RELA -- RAC1 -- MAP3K1 -- IGF1 -- TGFB1 -- MAP3K14 -- MAPK1 -- TNFRSF10B -- ATM -- DAB2IP -- NFKB2 -- CASP2 -- CHUK -- RPS6KA5 -- MAPK3 -- TRAF6 -- PPP1R13L -- EIF4G2 -- HTRA2 -- MYB -- HIP1 -- CDK4 -- OTUD7B -- PARP1 -- PSEN1 -- SOD1 -- HNRNPK -- BCL2L1 -- SMPD1 -- HTT -- BBC3 -- PELP1 -- EIF4E -- TFDP1 -- RBL1 -- CASP9 -- CCNG1 -- DIABLO -- ALPI
548,SMURF2 -- TNFRSF1B -- STAT1 -- JUN -- FOS -- SIRT1 -- MYC -- EP300 -- CCND1 -- CFLAR -- PTMA -- IL2 -- FADD -- MAP2K7 -- IGF1 -- RET -- TRADD -- MAPK1 -- TRAF2 -- ATM -- DAB2IP -- CHUK -- TRAF6 -- PPP1R13L -- IRF1 -- EIF4G2 -- NFKBIA -- MYB -- BCL2 -- CASP8 -- CDK4 -- CDK6 -- SOD1 -- CASP7 -- RBL2 -- CDKN1A -- BAK1 -- FOXM1 -- TFDP1 -- MCL1 -- RBL1 -- PCNA -- TAF1 -- CASP9 -- DIABLO
549,TNF -- RIPK1 -- TP53 -- JUN -- BIRC2 -- BIRC3 -- SIRT1 -- FASLG -- MYC -- CCND1 -- CFLAR -- TRAF1 -- PTMA -- NR3C1 -- TGFB2 -- IL2 -- RELA -- FADD -- RAC1 -- MAP3K1 -- VEGFA -- MAP3K14 -- RET -- AKT1 -- NFKB2 -- CASP2 -- MDM2 -- CHUK -- RPS6KA5 -- PPP1R13L -- LYN -- HTRA2 -- BCL2 -- CASP8 -- CDK4 -- OTUD7B -- RNF11 -- PSEN1 -- SOD1 -- HNRNPK -- BCL2L1 -- SMPD1 -- CDKN1A -- CDKN2A -- BAK1 -- BID -- FOXM1 -- TFDP1 -- CTBP1 -- CASP9 -- ALPI -- RASSF1
550,TNFRSF1B -- BIRC2 -- SIRT1 -- FASLG -- RB1 -- TNFAIP3 -- PTMA -- RHOA -- IL2 -- FADD -- RAC1 -- MAP2K7 -- IGF1 -- RET -- KRT18 -- ATM -- CASP2 -- MDM2 -- CHUK -- MAPK3 -- TRAF6 -- MAPK9 -- IRF1 -- EIF4G2 -- NFKBIA -- MYB -- CYCS -- CASP8 -- CDK6 -- RNF11 -- PARP1 -- BAD -- RPA4 -- CASP7 -- TNIK -- RBL2 -- CDKN1A -- HTT -- PSIP1 -- BRCA1 -- CDKN2A -- BBC3 -- BCL2L11 -- BAK1 -- BID -- FOXM1 -- MCL1 -- PLAC8 -- CASP9 -- CCNG1 -- DIABLO -- RASSF1 -- RANGAP1
551,SMURF2 -- TNF -- TNFRSF1B -- TP53 -- NFKB1 -- JUN -- FOS -- BIRC2 -- FASLG -- MYC -- RB1 -- TNFAIP3 -- CCND1 -- CFLAR -- TRAF1 -- MAPK14 -- PTMA -- IL2 -- RAC1 -- MAP2K7 -- MAP3K1 -- VEGFA -- TGFB1 -- MAP3K14 -- TRADD -- MAPK1 -- CASP3 -- AKT1 -- ATM -- DAB2IP -- NFKB2 -- CASP2 -- RPS6KA5 -- MAPK3 -- TRAF6 -- LYN -- NFKBIA -- CYCS -- CASP8 -- CASP10 -- PARP1 -- BAD -- RPA4 -- BCL2L1 -- SMPD1 -- TNIK -- CDKN1A -- HTT -- PSIP1 -- BRCA1 -- CDKN2A -- BCL2L11 -- BID -- TFDP1 -- PCNA -- TAF1 -- PLAC8 -- CASP9 -- APAF1 -- RANGAP1
552,TNFRSF1A -- TNF -- RIPK1 -- MAPK8 -- BIRC3 -- FASLG -- RB1 -- EP300 -- TRAF1 -- NR3C1 -- RELA -- FADD -- RAC1 -- TGFB1 -- TRADD -- KRT18 -- AKT1 -- E2F1 -- MDM2 -- MAPK3 -- PPP1R13L -- MAPK9 -- LYN -- IRF1 -- FAS -- EIF4G2 -- NFKBIA -- BCL2 -- CDK4 -- OTUD7B -- RNF11 -- CASP10 -- BAD -- BCL2L1 -- CASP7 -- SMPD1 -- TNIK -- RBL2 -- CDKN1A -- HTT -- BRCA1 -- CDKN2A -- PELP1 -- BAX -- BAK1 -- BID -- TFDP1 -- PCNA -- PLAC8 -- DIABLO -- RASSF1
553,TNFRSF1A -- SMURF2 -- TNFRSF1B -- TP53 -- NFKB1 -- STAT1 -- FOS -- FASLG -- MYC -- TNFAIP3 -- CCND1 -- MAPK14 -- RHOA -- NR3C1 -- TGFB2 -- IL2 -- RELA -- RAC1 -- MAP2K7 -- MAP3K1 -- IGF1 -- MAPK1 -- TRAF2 -- TNFRSF10B -- CASP3 -- AKT1 -- E2F1 -- TRAF6 -- PPP1R13L -- MAPK9 -- LYN -- FAS -- HIP1 -- CDK4 -- OTUD7B -- PARP1 -- BAD -- HNRNPK -- TNIK -- CDKN1A -- PSIP1 -- BRCA1 -- CDKN2A -- BBC3 -- BCL2L11 -- PELP1 -- BAK1 -- BID -- TFDP1 -- CTBP1 -- RBL1 -- PCNA -- CASP9 -- DIABLO -- ALPI
554,TNFRSF1A -- TNF -- MAPK8 -- JUN -- BIRC3 -- SIRT1 -- RB1 -- TNFAIP3 -- EP300 -- CCND1 -- TRAF1 -- MAPK14 -- RHOA -- NR3C1 -- TGFB2 -- RELA -- VEGFA -- TGFB1 -- RET -- TRADD -- MAPK1 -- TNFRSF10B -- DAB2IP -- NFKB2 -- CASP2 -- E2F1 -- CHUK -- MAPK3 -- MAPK9 -- IRF1 -- MYB -- CYCS -- HIP1 -- BCL2 -- CASP8 -- CDK4 -- CDK6 -- PARP1 -- PSEN1 -- BAD -- RPA4 -- BCL2L1 -- CASP7 -- SMPD1 -- TNIK -- BRCA1 -- PELP1 -- BID -- FOXM1 -- TAF1 -- PLAC8 -- CASP9 -- DIABLO -- ALPI -- RASSF1
555,TNFRSF1A -- TNFRSF1B -- TP53 -- STAT1 -- JUN -- FOS -- BIRC2 -- BIRC3 -- SIRT1 -- TNFAIP3 -- CCND1 -- CFLAR -- RHOA -- TGFB2 -- IL2 -- RELA -- MAP2K7 -- MAP3K1 -- IGF1 -- VEGFA -- TGFB1 -- MAP3K14 -- TRADD -- KRT18 -- ATM -- DAB2IP -- CASP2 -- MDM2 -- PPP1R13L -- NFKBIA -- CYCS -- BCL2 -- CASP8 -- CDK4 -- OTUD7B -- PSEN1 -- BCL2L1 -- CASP7 -- RBL2 -- HTT -- PSIP1 -- BRCA1 -- CDKN2A -- BBC3 -- BCL2L11 -- BAX -- EIF4E -- BID -- MCL1 -- RBL1 -- TAF1 -- PLAC8 -- DIABLO -- ALPI
556,TNFRSF1A -- SMURF2 -- RIPK1 -- SIRT1 -- MYC -- RB1 -- CCND1 -- CFLAR -- MAPK14 -- TGFB2 -- MAP2K7 -- MAP3K1 -- IGF1 -- VEGFA -- TGFB1 -- MAP3K14 -- MAPK1 -- ATM -- E2F1 -- MDM2 -- CHUK -- MAPK3 -- PPP1R13L -- MAPK9 -- LYN -- EIF4G2 -- CDK4 -- RNF11 -- PSEN1 -- BAD -- BCL2L1 -- SMPD1 -- HTT -- PSIP1 -- CDKN2A -- BBC3 -- BCL2L11 -- BAK1 -- EIF4E -- BID -- FOXM1 -- TFDP1 -- RBL1 -- CASP9 -- DIABLO -- APAF1 -- ALPI
557,SMURF2 -- TNF -- TNFRSF1B -- TP53 -- NFKB1 -- MAPK8 -- STAT1 -- JUN -- RB1 -- TNFAIP3 -- EP300 -- TRAF1 -- RHOA -- TGFB2 -- IL2 -- RAC1 -- MAP3K1 -- IGF1 -- TGFB1 -- MAP3K14 -- TRADD -- MAPK1 -- TNFRSF10B -- CASP3 -- NFKB2 -- CASP2 -- E2F1 -- MDM2 -- MAPK3 -- PPP1R13L -- MAPK9 -- IRF1 -- FAS -- EIF4G2 -- HTRA2 -- MYB -- CASP8 -- CDK6 -- PARP1 -- PSEN1 -- SOD1 -- HNRNPK -- BCL2L1 -- TNIK -- RBL2 -- HTT -- PSIP1 -- PELP1 -- FOXM1 -- MCL1 -- PCNA -- CASP9 -- DIABLO -- ALPI -- RASSF1 -- RANGAP1
558,TNFRSF1A -- SMURF2 -- TNF -- TNFRSF1B -- RIPK1 -- NFKB1 -- STAT1 -- JUN -- FOS -- BIRC2 -- SIRT1 -- FASLG -- MYC -- RB1 -- TNFAIP3 -- EP300 -- TRAF1 -- PTMA -- RELA -- RAC1 -- MAP2K7 -- MAP3K1 -- IGF1 -- RET -- TRADD -- AKT1 -- DAB2IP -- CASP2 -- MDM2 -- MAPK3 -- TRAF6 -- MAPK9 -- IRF1 -- FAS -- EIF4G2 -- HTRA2 -- MYB -- CYCS -- HIP1 -- CDK4 -- OTUD7B -- PARP1 -- BAD -- SOD1 -- HNRNPK -- BCL2L1 -- RBL2 -- PSIP1 -- BRCA1 -- BBC3 -- BCL2L11 -- PELP1 -- EIF4E -- BID -- FOXM1 -- TFDP1 -- RBL1 -- TAF1 -- DIABLO -- ALPI -- RASSF1
559,TNFRSF1A -- TNF -- TNFRSF1B -- TP53 -- STAT1 -- BIRC2 -- BIRC3 -- SIRT1 -- FASLG -- MYC -- CCND1 -- CFLAR -- TRAF1 -- MAPK14 -- RHOA -- IL2 -- RELA -- RAC1 -- VEGFA -- TGFB1 -- RET -- TRADD -- MAPK1 -- TRAF2 -- TNFRSF10B -- KRT18 -- ATM -- DAB2IP -- CASP2 -- CHUK -- RPS6KA5 -- MAPK3 -- PPP1R13L -- LYN -- IRF1 -- EIF4G2 -- CYCS -- HIP1 -- CASP8 -- CDK4 -- PSEN1 -- SOD1 -- HNRNPK -- RBL2 -- CDKN1A -- HTT -- BRCA1 -- BCL2L11 -- PELP1 -- BAX -- EIF4E -- FOXM1 -- CTBP1 -- PCNA -- CCNG1 -- DIABLO -- APAF1 -- ALPI -- RANGAP1
560,TNF -- TNFRSF1B -- RIPK1 -- NFKB1 -- MAPK8 -- FOS -- BIRC2 -- BIRC3 -- SIRT1 -- FASLG -- RB1 -- RHOA -- NR3C1 -- TGFB2 -- FADD -- RAC1 -- MAP3K1 -- RET -- TRAF2 -- CASP3 -- AKT1 -- ATM -- CASP2 -- RPS6KA5 -- MAPK9 -- LYN -- FAS -- HTRA2 -- NFKBIA -- CYCS -- BCL2 -- CDK4 -- RNF11 -- HNRNPK -- RPA4 -- BCL2L1 -- CASP7 -- SMPD1 -- TNIK -- RBL2 -- CDKN1A -- HTT -- PSIP1 -- BRCA1 -- CDKN2A -- BCL2L11 -- PELP1 -- BAX -- BID -- FOXM1 -- MCL1 -- RBL1 -- PCNA -- PLAC8 -- CCNG1 -- DIABLO -- APAF1 -- RANGAP1
561,TNF -- TNFRSF1B -- RIPK1 -- MAPK8 -- STAT1 -- FOS -- BIRC2 -- BIRC3 -- MYC -- RB1 -- TNFAIP3 -- MAPK14 -- RHOA -- NR3C1 -- TGFB2 -- IL2 -- RAC1 -- VEGFA -- TGFB1 -- MAP3K14 -- TRADD -- TRAF2 -- TNFRSF10B -- CASP3 -- KRT18 -- ATM -- NFKB2 -- CASP2 -- MAPK3 -- PPP1R13L -- LYN -- FAS -- HTRA2 -- BCL2 -- CASP8 -- CDK6 -- OTUD7B -- CASP10 -- PSEN1 -- HNRNPK -- RPA4 -- CASP7 -- SMPD1 -- TNIK -- RBL2 -- CDKN1A -- HTT -- PSIP1 -- BRCA1 -- CDKN2A -- BBC3 -- BCL2L11 -- BAK1 -- BID -- FOXM1 -- TFDP1 -- MCL1 -- CASP9 -- DIABLO
562,SMURF2 -- TNFRSF1B -- STAT1 -- FOS -- SIRT1 -- FASLG -- EP300 -- TRAF1 -- PTMA -- RHOA -- TGFB2 -- RELA -- FADD -- RAC1 -- MAP2K7 -- MAP3K1 -- IGF1 -- VEGFA -- TGFB1 -- TRAF2 -- AKT1 -- ATM -- CASP2 -- E2F1 -- MDM2 -- MAPK3 -- TRAF6 -- MAPK9 -- FAS -- MYB -- CDK6 -- OTUD7B -- RNF11 -- CASP10 -- PSEN1 -- BAD -- SOD1 -- CASP7 -- RBL2 -- CDKN1A -- PSIP1 -- BCL2L11 -- BAX -- EIF4E -- FOXM1 -- RBL1 -- PCNA -- CASP9 -- CCNG1 -- DIABLO -- APAF1
563,TNFRSF1A -- SMURF2 -- TNFRSF1B -- NFKB1 -- STAT1 -- JUN -- FOS -- BIRC2 -- FASLG -- RB1 -- EP300 -- CFLAR -- TRAF1 -- PTMA -- RHOA -- TGFB2 -- RELA -- MAP3K1 -- IGF1 -- VEGFA -- TGFB1 -- MAPK1 -- TNFRSF10B -- CASP3 -- KRT18 -- AKT1 -- ATM -- DAB2IP -- E2F1 -- CHUK -- TRAF6 -- MAPK9 -- LYN -- EIF4G2 -- HTRA2 -- MYB -- BCL2 -- CDK4 -- CDK6 -- CASP10 -- PARP1 -- PSEN1 -- HNRNPK -- RPA4 -- BCL2L1 -- TNIK -- HTT -- BBC3 -- BCL2L11 -- BAX -- BAK1 -- BID -- FOXM1 -- TAF1 -- PLAC8 -- APAF1 -- RASSF1 -- RANGAP1
564,TNFRSF1A -- RIPK1 -- BIRC2 -- FASLG -- MYC -- RB1 -- CFLAR -- TRAF1 -- PTMA -- RHOA -- TGFB2 -- IL2 -- RELA -- FADD -- RAC1 -- MAP2K7 -- MAP3K1 -- IGF1 -- TRADD -- KRT18 -- AKT1 -- ATM -- DAB2IP -- CASP2 -- MDM2 -- LYN -- IRF1 -- NFKBIA -- MYB -- HIP1 -- OTUD7B -- CASP10 -- PARP1 -- PSEN1 -- BAD -- RPA4 -- BCL2L1 -- CASP7 -- SMPD1 -- RBL2 -- CDKN1A -- HTT -- PSIP1 -- BRCA1 -- PCNA -- PLAC8 -- RASSF1 -- RANGAP1
565,TNFRSF1A -- TNFRSF1B -- RIPK1 -- TP53 -- STAT1 -- BIRC2 -- BIRC3 -- SIRT1 -- FASLG -- MYC -- RB1 -- TNFAIP3 -- TRAF1 -- RHOA -- NR3C1 -- TGFB2 -- IL2 -- RAC1 -- MAP3K1 -- RET -- TRAF2 -- TNFRSF10B -- KRT18 -- AKT1 -- ATM -- RPS6KA5 -- MAPK3 -- PPP1R13L -- IRF1 -- FAS -- EIF4G2 -- HTRA2 -- HIP1 -- BCL2 -- CDK6 -- RNF11 -- PSEN1 -- BAD -- RPA4 -- SMPD1 -- CDKN1A -- PSIP1 -- BRCA1 -- BCL2L11 -- BID -- RBL1 -- TAF1 -- PLAC8 -- CASP9 -- RASSF1
566,TNF -- RIPK1 -- TP53 -- NFKB1 -- MAPK8 -- STAT1 -- JUN -- BIRC2 -- BIRC3 -- SIRT1 -- RB1 -- EP300 -- CFLAR -- TRAF1 -- MAPK14 -- PTMA -- TGFB2 -- VEGFA -- TGFB1 -- MAP3K14 -- TRADD -- TRAF2 -- CASP3 -- KRT18 -- ATM -- NFKB2 -- CASP2 -- E2F1 -- CHUK -- TRAF6 -- PPP1R13L -- MAPK9 -- IRF1 -- FAS -- NFKBIA -- MYB -- HIP1 -- BCL2 -- CASP8 -- CDK4 -- OTUD7B -- RNF11 -- PARP1 -- PSEN1 -- BAD -- TNIK -- HTT -- PSIP1 -- BRCA1 -- CDKN2A -- BBC3 -- BCL2L11 -- PELP1 -- BAX -- BAK1 -- MCL1 -- CTBP1 -- RBL1 -- TAF1 -- CASP9 -- CCNG1 -- APAF1 -- ALPI
567,TNFRSF1A -- TNFRSF1B -- RIPK1 -- TP53 -- NFKB1 -- JUN -- FOS -- BIRC2 -- SIRT1 -- FASLG -- MYC -- RB1 -- CCND1 -- CFLAR -- TRAF1 -- NR3C1 -- IL2 -- MAP3K1 -- IGF1 -- VEGFA -- MAP3K14 -- RET -- CASP3 -- KRT18 -- AKT1 -- ATM -- CASP2 -- E2F1 -- MDM2 -- CHUK -- PPP1R13L -- IRF1 -- HTRA2 -- CYCS -- HIP1 -- CDK6 -- OTUD7B -- BAD -- SOD1 -- HNRNPK -- CASP7 -- TNIK -- RBL2 -- CDKN1A -- PSIP1 -- BRCA1 -- CDKN2A -- BBC3 -- BCL2L11 -- BAX -- EIF4E -- TFDP1 -- PLAC8 -- CASP9 -- CCNG1 -- DIABLO -- ALPI -- RASSF1 -- RANGAP1
568,SMURF2 -- TNF -- TNFRSF1B -- TP53 -- NFKB1 -- MAPK8 -- FOS -- BIRC3 -- SIRT1 -- TNFAIP3 -- CFLAR -- TRAF1 -- MAPK14 -- PTMA -- RHOA -- NR3C1 -- TGFB2 -- IL2 -- RELA -- RAC1 -- MAP2K7 -- MAP3K1 -- TGFB1 -- MAP3K14 -- RET -- TRADD -- MAPK1 -- CASP3 -- KRT18 -- ATM -- DAB2IP -- CASP2 -- MDM2 -- RPS6KA5 -- MAPK3 -- PPP1R13L -- MAPK9 -- FAS -- HTRA2 -- CYCS -- CASP8 -- CDK4 -- CDK6 -- OTUD7B -- PARP1 -- PSEN1 -- BAD -- SOD1 -- HNRNPK -- BCL2L1 -- CASP7 -- SMPD1 -- PSIP1 -- BRCA1 -- CDKN2A -- BAK1 -- EIF4E -- BID -- TFDP1 -- CTBP1 -- TAF1 -- PLAC8 -- CCNG1 -- ALPI -- RASSF1
569,SMURF2 -- TNF -- RIPK1 -- NFKB1 -- BIRC2 -- BIRC3 -- SIRT1 -- FASLG -- TNFAIP3 -- CCND1 -- TRAF1 -- MAPK14 -- NR3C1 -- TGFB2 -- RELA -- MAP3K1 -- TRADD -- TRAF2 -- TNFRSF10B -- AKT1 -- DAB2IP -- CASP2 -- E2F1 -- PPP1R13L -- MAPK9 -- FAS -- EIF4G2 -- HTRA2 -- BCL2 -- CASP8 -- CDK4 -- CDK6 -- OTUD7B -- PARP1 -- PSEN1 -- RPA4 -- BCL2L1 -- CASP7 -- CDKN1A -- PSIP1 -- BRCA1 -- BBC3 -- BID -- TFDP1 -- RBL1 -- CASP9 -- CCNG1 -- APAF1 -- RANGAP1
570,TNFRSF1B -- TP53 -- NFKB1 -- STAT1 -- JUN -- BIRC2 -- FASLG -- MYC -- RB1 -- TNFAIP3 -- CCND1 -- CFLAR -- PTMA -- TGFB2 -- FADD -- RAC1 -- MAP2K7 -- MAP3K1 -- MAP3K14 -- TRAF2 -- TNFRSF10B -- CASP3 -- KRT18 -- AKT1 -- ATM -- E2F1 -- MDM2 -- CHUK -- MAPK3 -- TRAF6 -- MAPK9 -- LYN -- IRF1 -- EIF4G2 -- RNF11 -- PSEN1 -- HNRNPK -- RPA4 -- CASP7 -- TNIK -- RBL2 -- CDKN1A -- PSIP1 -- BBC3 -- BAX -- BAK1 -- EIF4E -- TFDP1 -- MCL1 -- CTBP1 -- RBL1 -- TAF1 -- PLAC8 -- ALPI -- RASSF1
571,TNFRSF1A -- SMURF2 -- RIPK1 -- TP53 -- MAPK8 -- JUN -- FOS -- BIRC2 -- BIRC3 -- CCND1 -- TRAF1 -- PTMA -- TGFB2 -- RELA -- MAP2K7 -- MAP3K1 -- MAP3K14 -- RET -- TRAF2 -- TNFRSF10B -- ATM -- CASP2 -- CHUK -- TRAF6 -- LYN -- IRF1 -- EIF4G2 -- HTRA2 -- NFKBIA -- MYB -- HIP1 -- BCL2 -- OTUD7B -- CASP10 -- PSEN1 -- HNRNPK -- CASP7 -- TNIK -- CDKN2A -- PELP1 -- BAX -- BAK1 -- BID -- FOXM1 -- TFDP1 -- TAF1 -- PLAC8 -- CCNG1 -- DIABLO
572,TNFRSF1A -- SMURF2 -- TNF -- RIPK1 -- MAPK8 -- JUN -- SIRT1 -- FASLG -- MYC -- CFLAR -- TGFB2 -- FADD -- IGF1 -- VEGFA -- TGFB1 -- MAP3K14 -- TRADD -- TNFRSF10B -- CASP3 -- KRT18 -- AKT1 -- DAB2IP -- CASP2 -- E2F1 -- MDM2 -- RPS6KA5 -- MAPK3 -- PPP1R13L -- MAPK9 -- MYB -- CYCS -- CDK6 -- OTUD7B -- RNF11 -- SOD1 -- BCL2L1 -- CASP7 -- TNIK -- HTT -- PSIP1 -- BCL2L11 -- PELP1 -- BAX -- RBL1 -- PLAC8 -- DIABLO
573,TNFRSF1A -- TNFRSF1B -- RIPK1 -- TP53 -- STAT1 -- BIRC2 -- MYC -- RB1 -- CFLAR -- TRAF1 -- NR3C1 -- IL2 -- RELA -- FADD -- RAC1 -- VEGFA -- RET -- TRADD -- TRAF2 -- TNFRSF10B -- KRT18 -- ATM -- DAB2IP -- NFKB2 -- E2F1 -- RPS6KA5 -- TRAF6 -- LYN -- FAS -- NFKBIA -- CASP8 -- CDK4 -- RNF11 -- PSEN1 -- RPA4 -- CASP7 -- TNIK -- RBL2 -- CDKN1A -- HTT -- PSIP1 -- BCL2L11 -- PELP1 -- BAX -- EIF4E -- FOXM1 -- TFDP1 -- RBL1 -- TAF1 -- CCNG1 -- DIABLO -- ALPI
574,TNFRSF1B -- MAPK8 -- STAT1 -- JUN -- FOS -- BIRC2 -- BIRC3 -- SIRT1 -- FASLG -- EP300 -- CFLAR -- MAPK14 -- RHOA -- NR3C1 -- RAC1 -- MAP3K1 -- IGF1 -- VEGFA -- TGFB1 -- RET -- TRADD -- TRAF2 -- AKT1 -- ATM -- MAPK3 -- TRAF6 -- PPP1R13L -- FAS -- EIF4G2 -- HTRA2 -- MYB -- CYCS -- HIP1 -- BCL2 -- CDK4 -- RNF11 -- PARP1 -- PSEN1 -- SOD1 -- BCL2L1 -- CASP7 -- TNIK -- CDKN1A -- HTT -- PSIP1 -- BRCA1 -- BAX -- EIF4E -- BID -- TFDP1 -- PCNA -- TAF1 -- CASP9 -- RASSF1
575,TP53 -- NFKB1 -- JUN -- BIRC3 -- FASLG -- MYC -- TNFAIP3 -- EP300 -- CCND1 -- CFLAR -- NR3C1 -- RELA -- FADD -- VEGFA -- RET -- TRADD -- TNFRSF10B -- CASP3 -- ATM -- NFKB2 -- CASP2 -- MDM2 -- CHUK -- MAPK3 -- MAPK9 -- IRF1 -- EIF4G2 -- HTRA2 -- NFKBIA -- CYCS -- CDK4 -- PARP1 -- PSEN1 -- SOD1 -- HNRNPK -- RPA4 -- BCL2L1 -- TNIK -- HTT -- CDKN2A -- BBC3 -- BCL2L11 -- PELP1 -- BAX -- EIF4E -- BID -- MCL1 -- PCNA -- TAF1 -- CCNG1 -- APAF1 -- RASSF1 -- RANGAP1
576,TP53 -- JUN -- FOS -- BIRC2 -- SIRT1 -- RB1 -- EP300 -- CCND1 -- CFLAR -- TRAF1 -- MAPK14 -- PTMA -- NR3C1 -- IL2 -- RELA -- RAC1 -- MAP2K7 -- MAP3K1 -- IGF1 -- VEGFA -- TGFB1 -- TRADD -- MAPK1 -- TRAF2 -- TNFRSF10B -- CASP3 -- KRT18 -- AKT1 -- DAB2IP -- NFKB2 -- CASP2 -- E2F1 -- MDM2 -- CHUK -- MAPK3 -- PPP1R13L -- IRF1 -- EIF4G2 -- HTRA2 -- CDK4 -- CDK6 -- RNF11 -- CASP10 -- PARP1 -- RPA4 -- BCL2L1 -- SMPD1 -- HTT -- PSIP1 -- CDKN2A -- EIF4E -- FOXM1 -- TFDP1 -- MCL1 -- PCNA -- TAF1 -- CASP9 -- CCNG1 -- APAF1 -- ALPI
577,SMURF2 -- NFKB1 -- FOS -- BIRC3 -- TNFAIP3 -- CCND1 -- CFLAR -- TRAF1 -- RAC1 -- MAP3K1 -- VEGFA -- TGFB1 -- TRADD -- MAPK1 -- CASP3 -- KRT18 -- NFKB2 -- E2F1 -- MDM2 -- MAPK3 -- PPP1R13L -- MAPK9 -- IRF1 -- FAS -- EIF4G2 -- NFKBIA -- MYB -- BCL2 -- CASP8 -- CDK4 -- CDK6 -- PSEN1 -- BAD -- CASP7 -- SMPD1 -- TNIK -- RBL2 -- HTT -- PSIP1 -- BRCA1 -- BCL2L11 -- BAX -- BAK1 -- BID -- FOXM1 -- MCL1 -- PLAC8 -- CASP9 -- CCNG1 -- DIABLO -- APAF1 -- RANGAP1
578,SMURF2 -- TNF -- TNFRSF1B -- RIPK1 -- NFKB1 -- SIRT1 -- FASLG -- TNFAIP3 -- EP300 -- CCND1 -- CFLAR -- MAPK14 -- PTMA -- NR3C1 -- FADD -- RAC1 -- MAP2K7 -- MAP3K1 -- VEGFA -- TGFB1 -- MAP3K14 -- TRADD -- MAPK1 -- AKT1 -- DAB2IP -- NFKB2 -- CASP2 -- E2F1 -- MDM2 -- CHUK -- MAPK3 -- PPP1R13L -- LYN -- IRF1 -- EIF4G2 -- NFKBIA -- MYB -- HIP1 -- BCL2 -- CDK4 -- RNF11 -- PSEN1 -- SOD1 -- BCL2L1 -- TNIK -- CDKN1A -- BRCA1 -- BBC3 -- BCL2L11 -- PELP1 -- BAX -- BAK1 -- EIF4E -- FOXM1 -- TFDP1 -- MCL1 -- RBL1 -- CASP9 -- CCNG1 -- DIABLO -- APAF1 -- ALPI -- RASSF1
579,TNFRSF1A -- SMURF2 -- TNF -- TP53 -- MAPK8 -- JUN -- FOS -- SIRT1 -- CCND1 -- PTMA -- TGFB2 -- IL2 -- FADD -- RAC1 -- MAP2K7 -- TGFB1 -- RET -- MAPK1 -- TNFRSF10B -- CASP3 -- AKT1 -- E2F1 -- MDM2 -- RPS6KA5 -- TRAF6 -- PPP1R13L -- MAPK9 -- LYN -- FAS -- CYCS -- HIP1 -- BCL2 -- CASP8 -- CDK6 -- PSEN1 -- BAD -- SOD1 -- HNRNPK -- RPA4 -- BCL2L1 -- TNIK -- CDKN2A -- BCL2L11 -- PELP1 -- BAX -- BID -- FOXM1 -- MCL1 -- CTBP1 -- RBL1 -- PLAC8 -- CCNG1 -- DIABLO -- ALPI
580,TNF -- TNFRSF1B -- RIPK1 -- TP53 -- STAT1 -- FASLG -- RB1 -- EP300 -- CFLAR -- MAPK14 -- TGFB2 -- RELA -- RAC1 -- IGF1 -- RET -- TRADD -- MAPK1 -- CASP3 -- AKT1 -- DAB2IP -- NFKB2 -- CASP2 -- MDM2 -- CHUK -- RPS6KA5 -- MAPK3 -- PPP1R13L -- IRF1 -- FAS -- HTRA2 -- CASP8 -- CDK4 -- CASP10 -- PARP1 -- BAD -- HNRNPK -- CASP7 -- RBL2 -- HTT -- BBC3 -- BCL2L11 -- PELP1 -- BAK1 -- EIF4E -- FOXM1 -- TFDP1 -- MCL1 -- PLAC8 -- APAF1 -- RANGAP1
581,TNFRSF1A -- SMURF2 -- TNF -- TNFRSF1B -- RIPK1 -- TP53 -- NFKB1 -- JUN -- FOS -- FASLG -- CCND1 -- MAPK14 -- RHOA -- IL2 -- RAC1 -- VEGFA -- TGFB1 -- MAPK1 -- TRAF2 -- TNFRSF10B -- CASP3 -- ATM -- MDM2 -- RPS6KA5 -- PPP1R13L -- LYN -- FAS -- HTRA2 -- MYB -- HIP1 -- CDK4 -- PARP1 -- PSEN1 -- HNRNPK -- RPA4 -- BCL2L1 -- CDKN1A -- HTT -- PSIP1 -- BRCA1 -- BBC3 -- PELP1 -- EIF4E -- BID -- FOXM1 -- MCL1 -- CTBP1 -- RBL1 -- TAF1 -- CASP9 -- CCNG1 -- APAF1 -- ALPI -- RASSF1 -- RANGAP1
582,SMURF2 -- TNF -- NFKB1 -- MAPK8 -- FOS -- BIRC2 -- SIRT1 -- FASLG -- MYC -- RB1 -- TNFAIP3 -- EP300 -- CCND1 -- TRAF1 -- MAPK14 -- PTMA -- FADD -- MAP3K1 -- VEGFA -- TGFB1 -- MAP3K14 -- RET -- MAPK1 -- TRAF2 -- TNFRSF10B -- KRT18 -- AKT1 -- ATM -- DAB2IP -- NFKB2 -- MDM2 -- CHUK -- RPS6KA5 -- MAPK3 -- TRAF6 -- PPP1R13L -- LYN -- IRF1 -- FAS -- NFKBIA -- MYB -- CYCS -- CASP8 -- RNF11 -- PARP1 -- PSEN1 -- SOD1 -- HNRNPK -- RPA4 -- BCL2L1 -- RBL2 -- HTT -- PSIP1 -- BBC3 -- BCL2L11 -- BAK1 -- EIF4E -- BID -- MCL1 -- CTBP1 -- RBL1 -- PCNA -- TAF1 -- CASP9 -- DIABLO
583,SMURF2 -- RIPK1 -- NFKB1 -- STAT1 -- BIRC2 -- BIRC3 -- FASLG -- MYC -- EP300 -- CFLAR -- MAPK14 -- PTMA -- RHOA -- TGFB2 -- RELA -- TGFB1 -- MAP3K14 -- CASP3 -- KRT18 -- AKT1 -- DAB2IP -- CASP2 -- E2F1 -- MDM2 -- MAPK3 -- TRAF6 -- PPP1R13L -- MAPK9 -- LYN -- EIF4G2 -- CYCS -- CASP8 -- OTUD7B -- CASP10 -- PARP1 -- HNRNPK -- RPA4 -- BCL2L1 -- SMPD1 -- RBL2 -- CDKN1A -- PSIP1 -- CDKN2A -- BBC3 -- BAK1 -- EIF4E -- BID -- FOXM1 -- TFDP1 -- MCL1 -- PCNA -- CASP9 -- APAF1 -- ALPI -- RASSF1 -- RANGAP1
584,TNF -- STAT1 -- JUN -- BIRC3 -- FASLG -- TRAF1 -- MAPK14 -- PTMA -- RHOA -- IL2 -- RAC1 -- MAP2K7 -- VEGFA -- TGFB1 -- MAP3K14 -- RET -- TRADD -- MAPK1 -- TRAF2 -- TNFRSF10B -- CASP3 -- AKT1 -- ATM -- RPS6KA5 -- TRAF6 -- PPP1R13L -- MAPK9 -- IRF1 -- FAS -- HTRA2 -- MYB -- CYCS -- HIP1 -- BCL2 -- CASP8 -- CDK4 -- CDK6 -- CASP10 -- PSEN1 -- BCL2L1 -- CDKN1A -- HTT -- PSIP1 -- BRCA1 -- CDKN2A -- BBC3 -- BAX -- BAK1 -- FOXM1 -- MCL1 -- CTBP1 -- RBL1 -- CASP9 -- DIABLO -- APAF1 -- RASSF1
585,TNFRSF1A -- TNFRSF1B -- TP53 -- JUN -- FOS -- BIRC2 -- MYC -- EP300 -- CCND1 -- CFLAR -- PTMA -- NR3C1 -- TGFB2 -- FADD -- RAC1 -- MAP3K1 -- IGF1 -- MAP3K14 -- RET -- TRADD -- TNFRSF10B -- KRT18 -- AKT1 -- DAB2IP -- E2F1 -- MDM2 -- CHUK -- TRAF6 -- PPP1R13L -- MAPK9 -- LYN -- CYCS -- HIP1 -- BCL2 -- CASP8 -- CDK6 -- OTUD7B -- RNF11 -- CASP10 -- PSEN1 -- RPA4 -- CASP7 -- BRCA1 -- CDKN2A -- BCL2L11 -- BAX -- BAK1 -- EIF4E -- BID -- RBL1 -- TAF1 -- CASP9
586,TNFRSF1B -- NFKB1 -- JUN -- FOS -- BIRC3 -- SIRT1 -- FASLG -- MYC -- TNFAIP3 -- CFLAR -- TRAF1 -- MAPK14 -- RHOA -- TGFB2 -- RELA -- RAC1 -- MAP3K1 -- IGF1 -- TGFB1 -- MAP3K14 -- RET -- TRADD -- TNFRSF10B -- CASP3 -- DAB2IP -- NFKB2 -- CASP2 -- CHUK -- RPS6KA5 -- MAPK3 -- MAPK9 -- IRF1 -- FAS -- HTRA2 -- NFKBIA -- HIP1 -- BCL2 -- CASP8 -- CDK4 -- OTUD7B -- SOD1 -- BCL2L1 -- SMPD1 -- CDKN1A -- HTT -- BRCA1 -- BCL2L11 -- PELP1 -- BAX -- BAK1 -- BID -- CTBP1 -- PLAC8 -- DIABLO -- APAF1 -- RASSF1
587,SMURF2 -- TNF -- MAPK8 -- STAT1 -- BIRC2 -- BIRC3 -- SIRT1 -- MYC -- TNFAIP3 -- CCND1 -- CFLAR -- TRAF1 -- RHOA -- TGFB2 -- IL2 -- FADD -- MAP2K7 -- IGF1 -- TGFB1 -- MAP3K14 -- RET -- TRADD -- MAPK1 -- TNFRSF10B -- CASP3 -- KRT18 -- AKT1 -- DAB2IP -- MAPK3 -- TRAF6 -- PPP1R13L -- MAPK9 -- FAS -- EIF4G2 -- NFKBIA -- CYCS -- CDK6 -- OTUD7B -- RNF11 -- PSEN1 -- SOD1 -- RPA4 -- TNIK -- RBL2 -- PSIP1 -- BBC3 -- BCL2L11 -- PELP1 -- BAK1 -- EIF4E -- BID -- FOXM1 -- TFDP1 -- MCL1 -- CTBP1 -- RBL1 -- CASP9 -- CCNG1 -- APAF1
588,TNFRSF1A -- TNFRSF1B -- TP53 -- MAPK8 -- FOS -- BIRC2 -- BIRC3 -- SIRT1 -- MYC -- TNFAIP3 -- CCND1 -- TRAF1 -- PTMA -- NR3C1 -- RELA -- RAC1 -- MAP3K1 -- VEGFA -- MAP3K14 -- RET -- TRADD -- TRAF2 -- CASP3 -- KRT18 -- ATM -- DAB2IP -- CASP2 -- CHUK -- RPS6KA5 -- MAPK3 -- TRAF6 -- IRF1 -- FAS -- NFKBIA -- MYB -- HIP1 -- BCL2 -- OTUD7B -- RNF11 -- CASP10 -- PARP1 -- PSEN1 -- SOD1 -- HNRNPK -- BRCA1 -- CDKN2A -- BBC3 -- BCL2L11 -- BAK1 -- BID -- PCNA -- PLAC8 -- APAF1 -- ALPI -- RANGAP1
589,TNFRSF1A -- SMURF2 -- RIPK1 -- NFKB1 -- STAT1 -- JUN -- BIRC2 -- SIRT1 -- FASLG -- TNFAIP3 -- CCND1 -- RHOA -- NR3C1 -- IGF1 -- VEGFA -- TGFB1 -- TRADD -- TRAF2 -- TNFRSF10B -- CASP3 -- KRT18 -- ATM -- DAB2IP -- CASP2 -- E2F1 -- MDM2 -- LYN -- IRF1 -- FAS -- HTRA2 -- NFKBIA -- CYCS -- HIP1 -- CDK4 -- CASP10 -- BAD -- BCL2L1 -- HTT -- CDKN2A -- BCL2L11 -- PELP1 -- BAK1 -- BID -- FOXM1 -- MCL1 -- CTBP1 -- RBL1 -- DIABLO -- APAF1 -- RASSF1
590,TNFRSF1A -- SMURF2 -- TNF -- TNFRSF1B -- RIPK1 -- TP53 -- NFKB1 -- MAPK8 -- FOS -- BIRC2 -- BIRC3 -- SIRT1 -- FASLG -- MYC -- TRAF1 -- PTMA -- RHOA -- TGFB2 -- IL2 -- FADD -- MAP3K1 -- IGF1 -- MAP3K14 -- RET -- MAPK1 -- TNFRSF10B -- CASP2 -- E2F1 -- MDM2 -- CHUK -- PPP1R13L -- MAPK9 -- EIF4G2 -- MYB -- CYCS -- CDK4 -- CDK6 -- OTUD7B -- CASP10 -- PARP1 -- HNRNPK -- RPA4 -- SMPD1 -- RBL2 -- PSIP1 -- CDKN2A -- PELP1 -- EIF4E -- BID -- FOXM1 -- TFDP1 -- CTBP1 -- PCNA -- PLAC8 -- CASP9 -- CCNG1 -- ALPI -- RASSF1
591,TNFRSF1A -- SMURF2 -- TNF -- STAT1 -- BIRC2 -- SIRT1 -- MYC -- RB1 -- CFLAR -- TRAF1 -- RHOA -- NR3C1 -- IL2 -- RELA -- FADD -- RAC1 -- MAP3K1 -- TGFB1 -- MAP3K14 -- RET -- TRADD -- ATM -- CASP2 -- MDM2 -- CHUK -- RPS6KA5 -- MAPK3 -- PPP1R13L -- MAPK9 -- FAS -- EIF4G2 -- NFKBIA -- CYCS -- HIP1 -- CDK4 -- CASP10 -- PSEN1 -- HNRNPK -- RPA4 -- BCL2L1 -- RBL2 -- CDKN1A -- CDKN2A -- BBC3 -- PELP1 -- BAX -- BAK1 -- BID -- FOXM1 -- TFDP1 -- CTBP1 -- RBL1 -- TAF1 -- PLAC8 -- CASP9 -- CCNG1
592,TP53 -- NFKB1 -- MAPK8 -- STAT1 -- BIRC2 -- MYC -- RB1 -- EP300 -- CCND1 -- CFLAR -- TRAF1 -- TGFB2 -- IL2 -- RELA -- MAP2K7 -- MAP3K1 -- IGF1 -- MAPK1 -- CASP3 -- KRT18 -- ATM -- DAB2IP -- CASP2 -- MDM2 -- CHUK -- RPS6KA5 -- MAPK3 -- TRAF6 -- MAPK9 -- IRF1 -- FAS -- HIP1 -- CASP8 -- OTUD7B -- RNF11 -- CASP10 -- PARP1 -- PSEN1 -- BAD -- RPA4 -- BCL2L1 -- CDKN1A -- HTT -- BBC3 -- BAK1 -- BID -- MCL1 -- CTBP1 -- RBL1 -- PCNA -- CASP9 -- CCNG1 -- APAF1 -- ALPI
593,TNFRSF1A -- SMURF2 -- TNFRSF1B -- TP53 -- NFKB1 -- MAPK8 -- BIRC2 -- BIRC3 -- SIRT1 -- FASLG -- RB1 -- CCND1 -- CFLAR -- TRAF1 -- RHOA -- NR3C1 -- IL2 -- VEGFA -- TGFB1 -- RET -- TRADD -- MAPK1 -- TRAF2 -- TNFRSF10B -- KRT18 -- AKT1 -- ATM -- DAB2IP -- NFKB2 -- E2F1 -- MDM2 -- MAPK3 -- PPP1R13L -- IRF1 -- FAS -- EIF4G2 -- CYCS -- CDK4 -- OTUD7B -- RNF11 -- CASP10 -- PSEN1 -- RPA4 -- BCL2L1 -- TNIK -- RBL2 -- PSIP1 -- BRCA1 -- CDKN2A -- BBC3 -- PELP1 -- BAK1 -- EIF4E -- CTBP1 -- RBL1 -- APAF1
594,TNF -- RIPK1 -- STAT1 -- FOS -- BIRC2 -- BIRC3 -- FASLG -- TNFAIP3 -- EP300 -- MAPK14 -- NR3C1 -- IL2 -- MAP2K7 -- IGF1 -- TGFB1 -- RET -- TNFRSF10B -- KRT18 -- AKT1 -- ATM -- DAB2IP -- E2F1 -- MDM2 -- RPS6KA5 -- MAPK3 -- TRAF6 -- PPP1R13L -- MAPK9 -- LYN -- IRF1 -- FAS -- NFKBIA -- HIP1 -- OTUD7B -- RNF11 -- CASP10 -- PARP1 -- SOD1 -- BCL2L1 -- SMPD1 -- TNIK -- CDKN2A -- BBC3 -- BAK1 -- BID -- FOXM1 -- MCL1 -- PCNA -- TAF1 -- CASP9 -- DIABLO -- RASSF1
595,SMURF2 -- TNFRSF1B -- TP53 -- NFKB1 -- STAT1 -- FOS -- BIRC3 -- SIRT1 -- MYC -- CCND1 -- TRAF1 -- PTMA -- RHOA -- NR3C1 -- TGFB2 -- IL2 -- RELA -- RAC1 -- IGF1 -- VEGFA -- TGFB1 -- MAP3K14 -- RET -- TRADD -- MAPK1 -- TNFRSF10B -- NFKB2 -- CASP2 -- MDM2 -- MAPK3 -- TRAF6 -- LYN -- MYB -- OTUD7B -- RNF11 -- CASP10 -- PARP1 -- PSEN1 -- BAD -- SOD1 -- HNRNPK -- SMPD1 -- RBL2 -- CDKN1A -- PSIP1 -- BRCA1 -- BCL2L11 -- BAX -- FOXM1 -- TFDP1 -- CASP9 -- APAF1 -- ALPI -- RASSF1
596,SMURF2 -- RIPK1 -- TP53 -- NFKB1 -- JUN -- FOS -- BIRC3 -- SIRT1 -- FASLG -- RB1 -- EP300 -- MAPK14 -- PTMA -- RHOA -- NR3C1 -- IL2 -- RAC1 -- MAP2K7 -- MAP3K1 -- IGF1 -- VEGFA -- MAP3K14 -- TRADD -- TNFRSF10B -- CASP3 -- KRT18 -- AKT1 -- ATM -- NFKB2 -- CHUK -- MAPK3 -- TRAF6 -- PPP1R13L -- LYN -- FAS -- HTRA2 -- NFKBIA -- CYCS -- CASP8 -- RNF11 -- PARP1 -- BAD -- HNRNPK -- CASP7 -- SMPD1 -- RBL2 -- HTT -- BRCA1 -- BBC3 -- BCL2L11 -- BAK1 -- EIF4E -- MCL1 -- CCNG1 -- DIABLO -- APAF1 -- ALPI -- RASSF1
597,TNFRSF1A -- SMURF2 -- TNFRSF1B -- MAPK8 -- JUN -- FASLG -- MYC -- TNFAIP3 -- EP300 -- MAPK14 -- RHOA -- TGFB2 -- IL2 -- FADD -- RAC1 -- VEGFA -- MAP3K14 -- MAPK1 -- CASP3 -- AKT1 -- ATM -- DAB2IP -- NFKB2 -- CASP2 -- E2F1 -- CHUK -- PPP1R13L -- MAPK9 -- EIF4G2 -- HTRA2 -- MYB -- CYCS -- CDK6 -- OTUD7B -- RNF11 -- CASP10 -- PARP1 -- PSEN1 -- BAD -- SOD1 -- RPA4 -- TNIK -- CDKN1A -- BBC3 -- EIF4E -- TFDP1 -- CTBP1 -- RBL1 -- PLAC8 -- CASP9 -- APAF1 -- ALPI
598,TNF -- TNFRSF1B -- MAPK8 -- STAT1 -- JUN -- FOS -- FASLG -- RB1 -- TNFAIP3 -- TRAF1 -- MAPK14 -- NR3C1 -- IL2 -- RELA -- FADD -- RAC1 -- IGF1 -- VEGFA -- MAPK1 -- TNFRSF10B -- CASP3 -- KRT18 -- AKT1 -- NFKB2 -- CASP2 -- MDM2 -- CHUK -- RPS6KA5 -- MAPK3 -- MAPK9 -- LYN -- FAS -- MYB -- BCL2 -- CASP8 -- CDK6 -- OTUD7B -- RNF11 -- CASP10 -- PARP1 -- PSEN1 -- SOD1 -- CASP7 -- TNIK -- RBL2 -- CDKN1A -- HTT -- PSIP1 -- BBC3 -- BCL2L11 -- PELP1 -- FOXM1 -- CTBP1 -- TAF1 -- PLAC8 -- CCNG1 -- DIABLO -- APAF1 -- ALPI -- RANGAP1
599,TNFRSF1A -- RIPK1 -- TP53 -- MAPK8 -- STAT1 -- JUN -- FOS -- FASLG -- TNFAIP3 -- EP300 -- TRAF1 -- RHOA -- IL2 -- FADD -- RAC1 -- MAP2K7 -- MAP3K1 -- VEGFA -- TGFB1 -- RET -- TRADD -- KRT18 -- AKT1 -- DAB2IP -- E2F1 -- MDM2 -- CHUK -- RPS6KA5 -- MAPK3 -- MAPK9 -- LYN -- CYCS -- BCL2 -- CASP8 -- CDK4 -- CDK6 -- RNF11 -- CASP10 -- PSEN1 -- BAD -- HNRNPK -- BCL2L1 -- CASP7 -- SMPD1 -- TNIK -- RBL2 -- HTT -- PSIP1 -- BBC3 -- BAX -- BAK1 -- TFDP1 -- RBL1 -- PLAC8 -- DIABLO -- APAF1
600,TNF -- MAPK8 -- STAT1 -- BIRC2 -- FASLG -- RB1 -- TNFAIP3 -- CCND1 -- CFLAR -- PTMA -- RELA -- FADD -- RAC1 -- MAP2K7 -- IGF1 -- VEGFA -- MAP3K14 -- RET -- TRADD -- KRT18 -- CASP2 -- E2F1 -- MDM2 -- MAPK3 -- TRAF6 -- PPP1R13L -- LYN -- FAS -- EIF4G2 -- HTRA2 -- MYB -- BCL2 -- CASP10 -- PARP1 -- BAD -- SOD1 -- TNIK -- RBL2 -- PSIP1 -- CDKN2A -- BBC3 -- BCL2L11 -- BAX -- BID -- MCL1 -- CTBP1 -- RBL1 -- PCNA -- TAF1 -- PLAC8 -- CASP9 -- APAF1 -- RASSF1
601,SMURF2 -- TNFRSF1B -- NFKB1 -- MAPK8 -- STAT1 -- JUN -- FOS -- BIRC3 -- SIRT1 -- FASLG -- MYC -- CFLAR -- RELA -- RAC1 -- MAP2K7 -- MAP3K1 -- VEGFA -- RET -- TRAF2 -- TNFRSF10B -- CASP3 -- AKT1 -- CASP2 -- E2F1 -- RPS6KA5 -- TRAF6 -- PPP1R13L -- LYN -- FAS -- EIF4G2 -- NFKBIA -- MYB -- CYCS -- CASP8 -- OTUD7B -- CASP10 -- PARP1 -- PSEN1 -- SOD1 -- BCL2L1 -- SMPD1 -- BRCA1 -- CDKN2A -- BBC3 -- BAK1 -- TFDP1 -- MCL1 -- CTBP1 -- PCNA -- TAF1 -- RANGAP1
602,SMURF2 -- RIPK1 -- TP53 -- MAPK8 -- STAT1 -- JUN -- BIRC2 -- SIRT1 -- FASLG -- RB1 -- EP300 -- CCND1 -- CFLAR -- MAPK14 -- PTMA -- RHOA -- NR3C1 -- FADD -- VEGFA -- TGFB1 -- MAP3K14 -- RET -- MAPK1 -- TRAF2 -- KRT18 -- AKT1 -- ATM -- DAB2IP -- NFKB2 -- CASP2 -- MAPK3 -- MAPK9 -- EIF4G2 -- HTRA2 -- MYB -- HIP1 -- CDK4 -- CDK6 -- OTUD7B -- CASP10 -- PARP1 -- PSEN1 -- BAD -- HNRNPK -- TNIK -- RBL2 -- CDKN1A -- PSIP1 -- BRCA1 -- CDKN2A -- BBC3 -- BAK1 -- BID -- FOXM1 -- CTBP1 -- TAF1 -- CASP9 -- CCNG1 -- APAF1 -- ALPI -- RANGAP1
603,SMURF2 -- TNF -- TNFRSF1B -- NFKB1 -- MAPK8 -- JUN -- BIRC2 -- FASLG -- TNFAIP3 -- CCND1 -- MAPK14 -- RHOA -- IL2 -- RELA -- MAP2K7 -- IGF1 -- VEGFA -- TGFB1 -- TRADD -- AKT1 -- DAB2IP -- NFKB2 -- CASP2 -- MDM2 -- TRAF6 -- PPP1R13L -- LYN -- IRF1 -- FAS -- EIF4G2 -- HTRA2 -- NFKBIA -- MYB -- CYCS -- HIP1 -- OTUD7B -- RNF11 -- BAD -- SOD1 -- HNRNPK -- BCL2L1 -- TNIK -- HTT -- PSIP1 -- BBC3 -- BAX -- BAK1 -- EIF4E -- RBL1 -- PLAC8 -- CCNG1 -- ALPI -- RASSF1 -- RANGAP1
604,SMURF2 -- RIPK1 -- MAPK8 -- STAT1 -- BIRC2 -- SIRT1 -- RB1 -- TNFAIP3 -- CCND1 -- PTMA -- TGFB2 -- IL2 -- RAC1 -- IGF1 -- RET -- MAPK1 -- TNFRSF10B -- KRT18 -- ATM -- DAB2IP -- NFKB2 -- CASP2 -- E2F1 -- MDM2 -- CHUK -- RPS6KA5 -- TRAF6 -- MAPK9 -- LYN -- EIF4G2 -- NFKBIA -- MYB -- CYCS -- CASP8 -- OTUD7B -- PARP1 -- PSEN1 -- BAD -- HNRNPK -- BCL2L1 -- SMPD1 -- TNIK -- CDKN1A -- PSIP1 -- BRCA1 -- BBC3 -- BCL2L11 -- BAX -- BAK1 -- EIF4E -- FOXM1 -- MCL1 -- CTBP1 -- RBL1 -- PCNA -- TAF1 -- PLAC8 -- CASP9 -- APAF1
605,TNFRSF1A -- TNF -- TNFRSF1B -- TP53 -- NFKB1 -- MAPK8 -- STAT1 -- JUN -- FOS -- SIRT1 -- TNFAIP3 -- CCND1 -- TRAF1 -- RHOA -- TGFB2 -- IL2 -- RELA -- RAC1 -- IGF1 -- TGFB1 -- MAP3K14 -- TRADD -- MAPK1 -- TNFRSF10B -- DAB2IP -- E2F1 -- MDM2 -- CHUK -- TRAF6 -- LYN -- FAS -- EIF4G2 -- HTRA2 -- NFKBIA -- CYCS -- HIP1 -- BCL2 -- CDK4 -- CDK6 -- RNF11 -- PARP1 -- BAD -- SMPD1 -- TNIK -- PSIP1 -- BRCA1 -- CDKN2A -- BBC3 -- PELP1 -- BAX -- BAK1 -- EIF4E -- BID -- FOXM1 -- CTBP1 -- TAF1 -- CASP9 -- APAF1 -- ALPI
606,SMURF2 -- TNFRSF1B -- NFKB1 -- MAPK8 -- JUN -- SIRT1 -- RB1 -- EP300 -- CFLAR -- PTMA -- RHOA -- NR3C1 -- TGFB2 -- RAC1 -- RET -- TRADD -- MAPK1 -- CASP3 -- KRT18 -- AKT1 -- CASP2 -- E2F1 -- MDM2 -- CHUK -- MAPK3 -- TRAF6 -- MAPK9 -- LYN -- IRF1 -- EIF4G2 -- HTRA2 -- NFKBIA -- CASP8 -- CDK6 -- OTUD7B -- RNF11 -- PSEN1 -- HNRNPK -- RPA4 -- BCL2L1 -- CASP7 -- TNIK -- CDKN1A -- HTT -- BRCA1 -- CDKN2A -- BBC3 -- BCL2L11 -- PELP1 -- BAK1 -- FOXM1 -- TFDP1 -- MCL1 -- CTBP1 -- PCNA -- TAF1 -- CCNG1 -- DIABLO -- ALPI -- RASSF1
607,TNF -- TP53 -- MAPK8 -- STAT1 -- FOS -- BIRC2 -- BIRC3 -- FASLG -- CFLAR -- TRAF1 -- RHOA -- NR3C1 -- RELA -- IGF1 -- MAPK1 -- TRAF2 -- KRT18 -- ATM -- DAB2IP -- NFKB2 -- CASP2 -- E2F1 -- MDM2 -- CHUK -- MAPK9 -- IRF1 -- FAS -- HTRA2 -- MYB -- BCL2 -- OTUD7B -- RNF11 -- CASP10 -- PSEN1 -- TNIK -- BRCA1 -- BBC3 -- BAX -- BAK1 -- MCL1 -- RBL1 -- TAF1 -- PLAC8 -- CCNG1 -- APAF1 -- RASSF1 -- RANGAP1
608,TNFRSF1A -- TNFRSF1B -- TP53 -- NFKB1 -- MAPK8 -- JUN -- FOS -- BIRC3 -- SIRT1 -- PTMA -- RHOA -- NR3C1 -- TGFB2 -- FADD -- IGF1 -- VEGFA -- TGFB1 -- MAP3K14 -- RET -- TRADD -- MAPK1 -- TRAF2 -- KRT18 -- ATM -- DAB2IP -- E2F1 -- MDM2 -- RPS6KA5 -- TRAF6 -- MAPK9 -- LYN -- IRF1 -- EIF4G2 -- HIP1 -- CASP8 -- CDK6 -- CASP10 -- PARP1 -- SOD1 -- RPA4 -- BCL2L1 -- CASP7 -- SMPD1 -- TNIK -- HTT -- BCL2L11 -- BID -- MCL1 -- PLAC8 -- CCNG1 -- DIABLO -- RASSF1
609,TNFRSF1A -- SMURF2 -- TNF -- RIPK1 -- NFKB1 -- JUN -- SIRT1 -- FASLG -- CFLAR -- TRAF1 -- RHOA -- TGFB2 -- RAC1 -- MAP3K1 -- VEGFA -- AKT1 -- ATM -- RPS6KA5 -- TRAF6 -- PPP1R13L -- IRF1 -- HTRA2 -- NFKBIA -- HIP1 -- CDK4 -- CDK6 -- OTUD7B -- RNF11 -- CASP10 -- PARP1 -- PSEN1 -- RPA4 -- BCL2L1 -- CASP7 -- SMPD1 -- TNIK -- CDKN1A -- HTT -- PELP1 -- BAX -- BAK1 -- EIF4E -- BID -- CTBP1 -- RBL1 -- PCNA -- TAF1 -- CCNG1 -- ALPI
610,TNFRSF1A -- SMURF2 -- TNF -- RIPK1 -- TP53 -- MAPK8 -- BIRC2 -- SIRT1 -- EP300 -- RHOA -- IL2 -- RELA -- FADD -- MAP2K7 -- MAP3K1 -- IGF1 -- VEGFA -- RET -- TRAF2 -- CASP3 -- AKT1 -- DAB2IP -- NFKB2 -- MDM2 -- CHUK -- RPS6KA5 -- MAPK3 -- PPP1R13L -- LYN -- IRF1 -- EIF4G2 -- HTRA2 -- CYCS -- CASP8 -- CDK6 -- CASP10 -- PARP1 -- BAD -- SOD1 -- RPA4 -- BCL2L1 -- SMPD1 -- RBL2 -- CDKN1A -- HTT -- BRCA1 -- BAX -- BID -- FOXM1 -- TFDP1 -- CTBP1 -- PCNA -- TAF1 -- PLAC8 -- CASP9 -- DIABLO -- APAF1 -- ALPI -- RASSF1
611,TNFRSF1A -- TP53 -- MAPK8 -- JUN -- BIRC2 -- RB1 -- TNFAIP3 -- CFLAR -- PTMA -- IL2 -- RELA -- RAC1 -- MAP2K7 -- VEGFA -- TGFB1 -- RET -- MAPK1 -- TNFRSF10B -- ATM -- E2F1 -- TRAF6 -- PPP1R13L -- LYN -- IRF1 -- EIF4G2 -- NFKBIA -- MYB -- BCL2 -- CASP8 -- OTUD7B -- PARP1 -- PSEN1 -- HNRNPK -- RPA4 -- BCL2L1 -- CASP7 -- SMPD1 -- TNIK -- CDKN1A -- HTT -- PSIP1 -- BAK1 -- EIF4E -- BID -- TFDP1 -- RBL1 -- PCNA -- TAF1 -- PLAC8 -- CASP9 -- CCNG1 -- DIABLO -- APAF1 -- ALPI -- RASSF1 -- RANGAP1
612,SMURF2 -- TNFRSF1B -- RIPK1 -- TP53 -- NFKB1 -- MAPK8 -- STAT1 -- JUN -- FOS -- BIRC3 -- FASLG -- MYC -- RB1 -- EP300 -- CCND1 -- CFLAR -- TRAF1 -- PTMA -- TGFB2 -- IL2 -- RELA -- FADD -- MAP2K7 -- MAP3K1 -- IGF1 -- TNFRSF10B -- AKT1 -- DAB2IP -- CASP2 -- E2F1 -- MAPK3 -- MAPK9 -- LYN -- FAS -- EIF4G2 -- NFKBIA -- CYCS -- BCL2 -- CASP8 -- CDK4 -- OTUD7B -- PARP1 -- PSEN1 -- BAD -- SOD1 -- HNRNPK -- BCL2L1 -- TNIK -- HTT -- PELP1 -- BAK1 -- BID -- CTBP1 -- RBL1 -- PCNA -- TAF1 -- PLAC8 -- CASP9 -- APAF1
613,SMURF2 -- TNF -- TNFRSF1B -- MAPK8 -- JUN -- FOS -- BIRC2 -- SIRT1 -- FASLG -- EP300 -- CCND1 -- CFLAR -- MAPK14 -- PTMA -- RHOA -- NR3C1 -- IL2 -- MAP2K7 -- MAP3K1 -- IGF1 -- VEGFA -- TGFB1 -- KRT18 -- ATM -- DAB2IP -- NFKB2 -- CASP2 -- CHUK -- RPS6KA5 -- TRAF6 -- PPP1R13L -- LYN -- IRF1 -- EIF4G2 -- HTRA2 -- MYB -- CYCS -- BCL2 -- CDK4 -- CDK6 -- OTUD7B -- CASP10 -- BAD -- SOD1 -- RPA4 -- HTT -- BRCA1 -- BCL2L11 -- EIF4E -- TFDP1 -- MCL1 -- RBL1 -- PCNA -- CASP9 -- DIABLO -- ALPI -- RANGAP1
614,TNFRSF1B -- RIPK1 -- STAT1 -- FOS -- BIRC3 -- RB1 -- EP300 -- CFLAR -- MAPK14 -- RHOA -- IL2 -- FADD -- MAP2K7 -- IGF1 -- VEGFA -- MAPK1 -- KRT18 -- ATM -- DAB2IP -- NFKB2 -- CASP2 -- MDM2 -- CHUK -- RPS6KA5 -- MAPK3 -- TRAF6 -- PPP1R13L -- LYN -- HIP1 -- BCL2 -- CASP8 -- CASP10 -- PARP1 -- PSEN1 -- BAD -- SOD1 -- CASP7 -- SMPD1 -- RBL2 -- HTT -- PSIP1 -- BRCA1 -- BBC3 -- BCL2L11 -- EIF4E -- FOXM1 -- TFDP1 -- CTBP1 -- PCNA -- TAF1 -- PLAC8 -- RASSF1 -- RANGAP1
615,TNFRSF1A -- NFKB1 -- STAT1 -- JUN -- FOS -- SIRT1 -- FASLG -- MYC -- RB1 -- EP300 -- IL2 -- FADD -- MAP2K7 -- MAP3K1 -- TGFB1 -- MAP3K14 -- RET -- TRADD -- MAPK1 -- TRAF2 -- AKT1 -- DAB2IP -- NFKB2 -- MDM2 -- CHUK -- TRAF6 -- FAS -- EIF4G2 -- HTRA2 -- NFKBIA -- OTUD7B -- RNF11 -- PARP1 -- BCL2L1 -- CASP7 -- RBL2 -- BBC3 -- PELP1 -- BAK1 -- BID -- FOXM1 -- PCNA -- TAF1 -- PLAC8 -- CASP9 -- CCNG1 -- APAF1
616,TNFRSF1A -- TNF -- NFKB1 -- JUN -- FOS -- BIRC2 -- BIRC3 -- SIRT1 -- FASLG -- MYC -- TNFAIP3 -- CCND1 -- MAPK14 -- PTMA -- NR3C1 -- IL2 -- RELA -- FADD -- VEGFA -- TGFB1 -- MAP3K14 -- RET -- TRADD -- TRAF2 -- TNFRSF10B -- NFKB2 -- CASP2 -- MDM2 -- CHUK -- TRAF6 -- PPP1R13L -- EIF4G2 -- CDK4 -- CDK6 -- RNF11 -- BAD -- SOD1 -- HNRNPK -- BCL2L1 -- SMPD1 -- CDKN1A -- HTT -- BBC3 -- BCL2L11 -- BAX -- BAK1 -- EIF4E -- MCL1 -- CTBP1 -- RBL1 -- PCNA -- TAF1 -- PLAC8 -- CASP9 -- DIABLO -- ALPI -- RASSF1 -- RANGAP1
617,TNFRSF1A -- TNFRSF1B -- TP53 -- STAT1 -- JUN -- FOS -- FASLG -- RB1 -- TNFAIP3 -- EP300 -- CCND1 -- TRAF1 -- MAPK14 -- TGFB2 -- IL2 -- MAP2K7 -- MAP3K1 -- TGFB1 -- MAP3K14 -- RET -- TRADD -- MAPK1 -- KRT18 -- E2F1 -- MDM2 -- TRAF6 -- PPP1R13L -- LYN -- IRF1 -- FAS -- MYB -- HIP1 -- CDK4 -- CASP10 -- PARP1 -- PSEN1 -- BAD -- RPA4 -- SMPD1 -- TNIK -- RBL2 -- CDKN1A -- PSIP1 -- CDKN2A -- PELP1 -- BAX -- BAK1 -- EIF4E -- MCL1 -- PCNA -- PLAC8 -- CCNG1 -- RANGAP1
618,TNFRSF1A -- SMURF2 -- TNFRSF1B -- TP53 -- NFKB1 -- MAPK8 -- JUN -- BIRC2 -- BIRC3 -- SIRT1 -- MYC -- RB1 -- MAPK14 -- NR3C1 -- TGFB2 -- IL2 -- FADD -- RAC1 -- MAP2K7 -- MAP3K1 -- VEGFA -- TGFB1 -- MAP3K14 -- RET -- MAPK1 -- TRAF2 -- CASP3 -- AKT1 -- CASP2 -- E2F1 -- MDM2 -- TRAF6 -- PPP1R13L -- MAPK9 -- IRF1 -- FAS -- HTRA2 -- MYB -- CYCS -- CASP8 -- CDK4 -- CDK6 -- OTUD7B -- RNF11 -- CASP10 -- PARP1 -- HNRNPK -- TNIK -- RBL2 -- HTT -- PSIP1 -- CDKN2A -- BBC3 -- BCL2L11 -- BAK1 -- EIF4E -- FOXM1 -- TFDP1 -- MCL1 -- CTBP1 -- RBL1 -- TAF1 -- PLAC8 -- CASP9 -- CCNG1 -- APAF1 -- ALPI -- RANGAP1
619,TNFRSF1A -- TNF -- TP53 -- STAT1 -- JUN -- FOS -- SIRT1 -- FASLG -- RB1 -- TNFAIP3 -- MAPK14 -- TGFB2 -- RAC1 -- VEGFA -- TRADD -- TRAF2 -- TNFRSF10B -- CASP3 -- AKT1 -- ATM -- DAB2IP -- NFKB2 -- E2F1 -- MDM2 -- RPS6KA5 -- MAPK3 -- MAPK9 -- LYN -- IRF1 -- EIF4G2 -- HTRA2 -- HIP1 -- CASP8 -- CDK4 -- CDK6 -- CASP10 -- PARP1 -- PSEN1 -- BAD -- SOD1 -- HNRNPK -- RPA4 -- TNIK -- RBL2 -- CDKN1A -- HTT -- FOXM1 -- MCL1 -- RBL1 -- CCNG1 -- RASSF1
620,TNFRSF1A -- SMURF2 -- TNF -- TNFRSF1B -- RIPK1 -- NFKB1 -- MAPK8 -- STAT1 -- BIRC2 -- BIRC3 -- TNFAIP3 -- EP300 -- CFLAR -- RHOA -- RELA -- RAC1 -- MAP2K7 -- TGFB1 -- RET -- TRAF2 -- KRT18 -- DAB2IP -- CASP2 -- E2F1 -- RPS6KA5 -- MAPK3 -- FAS -- EIF4G2 -- NFKBIA -- CYCS -- BCL2 -- CASP8 -- CDK4 -- PARP1 -- SOD1 -- HNRNPK -- RPA4 -- SMPD1 -- TNIK -- RBL2 -- PSIP1 -- BRCA1 -- BCL2L11 -- BAX -- BID -- FOXM1 -- TFDP1 -- CTBP1 -- RBL1 -- DIABLO -- ALPI -- RASSF1
621,SMURF2 -- TNFRSF1B -- TP53 -- NFKB1 -- STAT1 -- BIRC2 -- MYC -- EP300 -- CCND1 -- CFLAR -- MAPK14 -- PTMA -- TGFB2 -- FADD -- RAC1 -- IGF1 -- VEGFA -- TGFB1 -- MAP3K14 -- RET -- MAPK1 -- TNFRSF10B -- CASP3 -- KRT18 -- AKT1 -- ATM -- CASP2 -- MDM2 -- CHUK -- RPS6KA5 -- MAPK3 -- PPP1R13L -- MAPK9 -- IRF1 -- FAS -- NFKBIA -- BCL2 -- CDK4 -- OTUD7B -- CASP10 -- PSEN1 -- SOD1 -- BCL2L1 -- CASP7 -- TNIK -- RBL2 -- CDKN1A -- HTT -- PSIP1 -- BRCA1 -- EIF4E -- BID -- TFDP1 -- MCL1 -- CTBP1 -- PCNA -- TAF1 -- PLAC8 -- CASP9 -- APAF1 -- RASSF1
622,TNFRSF1A -- SMURF2 -- TNF -- TP53 -- STAT1 -- JUN -- FOS -- SIRT1 -- FASLG -- EP300 -- CFLAR -- PTMA -- TGFB2 -- MAP2K7 -- IGF1 -- VEGFA -- MAP3K14 -- TNFRSF10B -- CASP3 -- ATM -- CASP2 -- E2F1 -- CHUK -- RPS6KA5 -- MAPK3 -- PPP1R13L -- LYN -- IRF1 -- MYB -- HIP1 -- BCL2 -- CASP8 -- CDK4 -- OTUD7B -- RNF11 -- PSEN1 -- BAD -- RPA4 -- CASP7 -- SMPD1 -- TNIK -- RBL2 -- CDKN1A -- HTT -- BRCA1 -- CDKN2A -- PELP1 -- BAX -- BAK1 -- EIF4E -- BID -- FOXM1 -- CTBP1 -- RBL1 -- TAF1
623,SMURF2 -- TNF -- RIPK1 -- NFKB1 -- JUN -- SIRT1 -- RB1 -- CCND1 -- MAPK14 -- RHOA -- TGFB2 -- RELA -- RAC1 -- MAP3K1 -- MAP3K14 -- MAPK1 -- CASP3 -- KRT18 -- AKT1 -- ATM -- DAB2IP -- NFKB2 -- E2F1 -- MDM2 -- RPS6KA5 -- PPP1R13L -- MAPK9 -- IRF1 -- FAS -- NFKBIA -- CDK6 -- OTUD7B -- CASP10 -- PARP1 -- HNRNPK -- CASP7 -- TNIK -- PSIP1 -- BRCA1 -- BBC3 -- PELP1 -- BID -- FOXM1 -- TFDP1 -- MCL1 -- RBL1 -- PCNA -- TAF1 -- CASP9 -- ALPI
624,SMURF2 -- TNF -- TNFRSF1B -- TP53 -- NFKB1 -- MAPK8 -- BIRC3 -- SIRT1 -- MYC -- TNFAIP3 -- EP300 -- CCND1 -- NR3C1 -- TGFB2 -- RELA -- FADD -- VEGFA -- TGFB1 -- TRADD -- CASP3 -- DAB2IP -- NFKB2 -- CASP2 -- E2F1 -- CHUK -- RPS6KA5 -- MAPK3 -- PPP1R13L -- LYN -- IRF1 -- EIF4G2 -- HTRA2 -- NFKBIA -- CYCS -- BCL2 -- CASP8 -- CDK6 -- RNF11 -- SOD1 -- CASP7 -- SMPD1 -- TNIK -- RBL2 -- PSIP1 -- FOXM1 -- MCL1 -- TAF1 -- PLAC8 -- CASP9 -- CCNG1 -- ALPI -- RASSF1 -- RANGAP1
625,SMURF2 -- NFKB1 -- MAPK8 -- STAT1 -- JUN -- SIRT1 -- FASLG -- RB1 -- EP300 -- CCND1 -- CFLAR -- TRAF1 -- RHOA -- NR3C1 -- TGFB2 -- IL2 -- RELA -- FADD -- MAP3K1 -- IGF1 -- VEGFA -- MAP3K14 -- RET -- TRADD -- TRAF2 -- CASP3 -- KRT18 -- AKT1 -- ATM -- DAB2IP -- NFKB2 -- CASP2 -- E2F1 -- MDM2 -- MAPK3 -- TRAF6 -- PPP1R13L -- LYN -- NFKBIA -- HIP1 -- CASP8 -- CDK6 -- OTUD7B -- RNF11 -- CASP10 -- PARP1 -- PSEN1 -- HNRNPK -- TNIK -- HTT -- PSIP1 -- BRCA1 -- CDKN2A -- BBC3 -- BCL2L11 -- PELP1 -- BAX -- RBL1 -- TAF1 -- PLAC8 -- APAF1 -- RASSF1
626,TNFRSF1A -- TNF -- RIPK1 -- TP53 -- NFKB1 -- MAPK8 -- FOS -- BIRC2 -- BIRC3 -- RB1 -- EP300 -- CFLAR -- MAPK14 -- PTMA -- IL2 -- RELA -- FADD -- MAP2K7 -- VEGFA -- TGFB1 -- TRADD -- TRAF2 -- AKT1 -- ATM -- E2F1 -- RPS6KA5 -- TRAF6 -- MAPK9 -- FAS -- EIF4G2 -- NFKBIA -- CYCS -- HIP1 -- CASP8 -- CDK4 -- CDK6 -- CASP10 -- PSEN1 -- BAD -- HNRNPK -- RPA4 -- CASP7 -- TNIK -- HTT -- BCL2L11 -- EIF4E -- BID -- FOXM1 -- TFDP1 -- MCL1 -- CTBP1 -- TAF1 -- PLAC8 -- CASP9 -- CCNG1
627,SMURF2 -- TNF -- RIPK1 -- TP53 -- RB1 -- MAPK14 -- TGFB2 -- FADD -- MAP2K7 -- MAP3K1 -- VEGFA -- MAP3K14 -- MAPK1 -- TNFRSF10B -- AKT1 -- ATM -- DAB2IP -- CASP2 -- MDM2 -- RPS6KA5 -- TRAF6 -- PPP1R13L -- MAPK9 -- IRF1 -- EIF4G2 -- HTRA2 -- CYCS -- HIP1 -- CASP8 -- CDK6 -- CASP10 -- PARP1 -- SOD1 -- BCL2L1 -- SMPD1 -- HTT -- BRCA1 -- CDKN2A -- BAX -- EIF4E -- FOXM1 -- TFDP1 -- MCL1 -- TAF1 -- PLAC8 -- CASP9 -- APAF1 -- ALPI -- RANGAP1
628,TNF -- TNFRSF1B -- NFKB1 -- MAPK8 -- STAT1 -- BIRC2 -- BIRC3 -- SIRT1 -- FASLG -- MYC -- RB1 -- RHOA -- NR3C1 -- TGFB2 -- IL2 -- RELA -- RAC1 -- MAP2K7 -- MAP3K1 -- IGF1 -- MAP3K14 -- MAPK1 -- TNFRSF10B -- CASP3 -- KRT18 -- AKT1 -- NFKB2 -- CASP2 -- MDM2 -- MAPK3 -- TRAF6 -- MAPK9 -- LYN -- IRF1 -- EIF4G2 -- HTRA2 -- NFKBIA -- MYB -- CYCS -- BCL2 -- CDK4 -- CDK6 -- RNF11 -- PARP1 -- HNRNPK -- RPA4 -- BCL2L1 -- SMPD1 -- TNIK -- RBL2 -- BBC3 -- FOXM1 -- CTBP1 -- TAF1 -- PLAC8 -- CASP9 -- CCNG1 -- RASSF1
629,SMURF2 -- TNFRSF1B -- MAPK8 -- JUN -- FOS -- MYC -- TNFAIP3 -- EP300 -- CFLAR -- TRAF1 -- PTMA -- NR3C1 -- TGFB2 -- IL2 -- RAC1 -- MAP2K7 -- MAP3K1 -- IGF1 -- VEGFA -- MAPK1 -- AKT1 -- NFKB2 -- MDM2 -- MAPK9 -- IRF1 -- FAS -- EIF4G2 -- HTRA2 -- CYCS -- HIP1 -- CASP8 -- OTUD7B -- SOD1 -- HNRNPK -- RPA4 -- BCL2L1 -- TNIK -- RBL2 -- PSIP1 -- CDKN2A -- BBC3 -- PELP1 -- BAX -- BAK1 -- EIF4E -- FOXM1 -- MCL1 -- CCNG1 -- APAF1 -- RANGAP1
630,TNFRSF1B -- RIPK1 -- FOS -- BIRC3 -- FASLG -- MYC -- TNFAIP3 -- CFLAR -- TRAF1 -- NR3C1 -- IL2 -- FADD -- MAP2K7 -- MAP3K1 -- IGF1 -- TGFB1 -- MAPK1 -- TRAF2 -- AKT1 -- CASP2 -- RPS6KA5 -- TRAF6 -- IRF1 -- FAS -- EIF4G2 -- NFKBIA -- CYCS -- CASP8 -- CDK6 -- OTUD7B -- CASP10 -- PSEN1 -- BAD -- CASP7 -- TNIK -- CDKN1A -- HTT -- BRCA1 -- CDKN2A -- BBC3 -- PELP1 -- BAX -- BAK1 -- BID -- TFDP1 -- PCNA -- TAF1 -- APAF1 -- RANGAP1
631,TNFRSF1A -- TNF -- RIPK1 -- TP53 -- STAT1 -- SIRT1 -- MYC -- RB1 -- TNFAIP3 -- EP300 -- CCND1 -- CFLAR -- MAPK14 -- RHOA -- IL2 -- FADD -- MAP2K7 -- VEGFA -- TGFB1 -- MAP3K14 -- RET -- TRADD -- MAPK1 -- TRAF2 -- CASP3 -- KRT18 -- AKT1 -- DAB2IP -- NFKB2 -- CASP2 -- MDM2 -- RPS6KA5 -- LYN -- IRF1 -- FAS -- EIF4G2 -- HTRA2 -- NFKBIA -- MYB -- CYCS -- BCL2 -- CDK4 -- CDK6 -- OTUD7B -- CASP10 -- PARP1 -- SOD1 -- HNRNPK -- PSIP1 -- BRCA1 -- BCL2L11 -- PELP1 -- BAX -- BAK1 -- EIF4E -- FOXM1 -- MCL1 -- CTBP1 -- RBL1 -- PCNA -- TAF1 -- PLAC8 -- CCNG1 -- ALPI -- RASSF1 -- RANGAP1
632,SMURF2 -- TNF -- TNFRSF1B -- NFKB1 -- BIRC3 -- SIRT1 -- FASLG -- RB1 -- PTMA -- RHOA -- NR3C1 -- TGFB2 -- RELA -- MAP3K1 -- IGF1 -- VEGFA -- MAPK1 -- CASP3 -- NFKB2 -- CASP2 -- MDM2 -- MAPK3 -- MAPK9 -- LYN -- NFKBIA -- MYB -- CYCS -- CDK4 -- CDK6 -- OTUD7B -- PARP1 -- HNRNPK -- BCL2L1 -- CASP7 -- PSIP1 -- CDKN2A -- BBC3 -- PELP1 -- BAX -- EIF4E -- MCL1 -- PCNA -- TAF1 -- CCNG1 -- DIABLO -- APAF1 -- ALPI -- RASSF1
633,TNFRSF1A -- TP53 -- NFKB1 -- MAPK8 -- FOS -- BIRC2 -- SIRT1 -- FASLG -- CCND1 -- CFLAR -- MAPK14 -- PTMA -- NR3C1 -- TGFB2 -- IL2 -- FADD -- MAP3K1 -- RET -- TRADD -- MAPK1 -- TRAF2 -- KRT18 -- AKT1 -- ATM -- E2F1 -- MDM2 -- RPS6KA5 -- PPP1R13L -- EIF4G2 -- MYB -- CYCS -- HIP1 -- BCL2 -- CASP8 -- CDK4 -- PARP1 -- BAD -- SOD1 -- RPA4 -- BCL2L1 -- CASP7 -- SMPD1 -- RBL2 -- BBC3 -- PELP1 -- BAX -- EIF4E -- BID -- TFDP1 -- CTBP1 -- PLAC8 -- CASP9 -- CCNG1 -- APAF1 -- ALPI -- RASSF1 -- RANGAP1
634,SMURF2 -- TNFRSF1B -- NFKB1 -- MAPK8 -- STAT1 -- BIRC2 -- SIRT1 -- EP300 -- CCND1 -- TRAF1 -- MAPK14 -- PTMA -- NR3C1 -- IL2 -- FADD -- RAC1 -- MAP3K1 -- VEGFA -- TGFB1 -- MAP3K14 -- RET -- MAPK1 -- TRAF2 -- TNFRSF10B -- KRT18 -- ATM -- DAB2IP -- CASP2 -- E2F1 -- RPS6KA5 -- MAPK3 -- PPP1R13L -- FAS -- HTRA2 -- NFKBIA -- CYCS -- HIP1 -- CASP8 -- OTUD7B -- RNF11 -- CASP10 -- RPA4 -- BCL2L1 -- CASP7 -- RBL2 -- BCL2L11 -- BAX -- BID -- CTBP1 -- PCNA -- PLAC8 -- CASP9 -- CCNG1 -- APAF1 -- ALPI -- RASSF1 -- RANGAP1
635,TNFRSF1A -- TNF -- BIRC2 -- BIRC3 -- SIRT1 -- RB1 -- TNFAIP3 -- CCND1 -- CFLAR -- TRAF1 -- MAPK14 -- PTMA -- RHOA -- TGFB2 -- RELA -- FADD -- RAC1 -- IGF1 -- VEGFA -- TRAF2 -- TNFRSF10B -- CASP3 -- DAB2IP -- CASP2 -- MDM2 -- MAPK3 -- MAPK9 -- IRF1 -- FAS -- HTRA2 -- NFKBIA -- MYB -- CYCS -- CASP8 -- CDK4 -- CASP10 -- PARP1 -- PSEN1 -- SOD1 -- HNRNPK -- RPA4 -- SMPD1 -- TNIK -- RBL2 -- CDKN1A -- BRCA1 -- BCL2L11 -- BAK1 -- EIF4E -- TFDP1 -- CTBP1 -- RBL1 -- PCNA -- TAF1 -- PLAC8 -- APAF1 -- ALPI
636,SMURF2 -- TNF -- RIPK1 -- STAT1 -- BIRC2 -- BIRC3 -- SIRT1 -- FASLG -- MYC -- RB1 -- TNFAIP3 -- CFLAR -- PTMA -- IL2 -- FADD -- RAC1 -- MAP3K1 -- IGF1 -- MAP3K14 -- RET -- MAPK1 -- TNFRSF10B -- CASP3 -- KRT18 -- AKT1 -- ATM -- DAB2IP -- NFKB2 -- CASP2 -- MDM2 -- CHUK -- TRAF6 -- PPP1R13L -- MAPK9 -- LYN -- IRF1 -- FAS -- NFKBIA -- HIP1 -- CDK4 -- CDK6 -- PSEN1 -- BAD -- CASP7 -- CDKN1A -- HTT -- BRCA1 -- CDKN2A -- BCL2L11 -- BAX -- BAK1 -- EIF4E -- BID -- FOXM1 -- RBL1 -- CASP9 -- CCNG1 -- DIABLO -- APAF1 -- ALPI -- RASSF1
637,TNFRSF1A -- SMURF2 -- TNF -- TP53 -- MAPK8 -- BIRC3 -- FASLG -- RB1 -- TNFAIP3 -- EP300 -- CCND1 -- CFLAR -- TRAF1 -- MAPK14 -- TGFB2 -- IL2 -- RELA -- FADD -- RAC1 -- MAP2K7 -- TGFB1 -- MAP3K14 -- RET -- TRADD -- MAPK1 -- TNFRSF10B -- CASP3 -- KRT18 -- AKT1 -- ATM -- E2F1 -- MAPK9 -- IRF1 -- FAS -- HTRA2 -- CYCS -- BCL2 -- CASP8 -- CDK4 -- OTUD7B -- RNF11 -- PARP1 -- PSEN1 -- BAD -- SOD1 -- HNRNPK -- RPA4 -- BCL2L1 -- TNIK -- HTT -- BRCA1 -- CDKN2A -- BCL2L11 -- BAX -- FOXM1 -- MCL1 -- RBL1 -- PCNA -- TAF1 -- CASP9 -- CCNG1 -- DIABLO -- APAF1
638,SMURF2 -- TNF -- RIPK1 -- TP53 -- MAPK8 -- STAT1 -- FOS -- BIRC2 -- BIRC3 -- MYC -- RB1 -- TNFAIP3 -- EP300 -- CCND1 -- MAPK14 -- PTMA -- RHOA -- IL2 -- FADD -- RAC1 -- MAP2K7 -- IGF1 -- TGFB1 -- MAP3K14 -- TRADD -- CASP3 -- KRT18 -- NFKB2 -- CASP2 -- MDM2 -- MAPK9 -- LYN -- FAS -- HTRA2 -- MYB -- CYCS -- BCL2 -- CASP8 -- CDK6 -- OTUD7B -- PARP1 -- PSEN1 -- BAD -- HNRNPK -- CASP7 -- RBL2 -- HTT -- BRCA1 -- PELP1 -- BAX -- EIF4E -- FOXM1 -- RBL1 -- CASP9 -- CCNG1 -- DIABLO -- APAF1 -- RASSF1 -- RANGAP1
639,SMURF2 -- TP53 -- MAPK8 -- BIRC3 -- SIRT1 -- CCND1 -- CFLAR -- MAPK14 -- RHOA -- NR3C1 -- FADD -- RAC1 -- VEGFA -- TGFB1 -- TRADD -- TNFRSF10B -- KRT18 -- AKT1 -- DAB2IP -- MDM2 -- MAPK3 -- TRAF6 -- PPP1R13L -- MAPK9 -- IRF1 -- FAS -- HTRA2 -- MYB -- CYCS -- HIP1 -- CASP8 -- CDK6 -- OTUD7B -- RNF11 -- CASP10 -- PARP1 -- BAD -- RPA4 -- BCL2L1 -- SMPD1 -- TNIK -- CDKN1A -- HTT -- PSIP1 -- BRCA1 -- CDKN2A -- BCL2L11 -- PELP1 -- BAX -- BAK1 -- FOXM1 -- TFDP1 -- PCNA -- TAF1 -- DIABLO -- APAF1 -- ALPI -- RANGAP1
640,SMURF2 -- TNFRSF1B -- TP53 -- NFKB1 -- STAT1 -- FOS -- BIRC2 -- EP300 -- CFLAR -- TRAF1 -- MAPK14 -- PTMA -- RHOA -- NR3C1 -- RAC1 -- MAP2K7 -- MAP3K1 -- VEGFA -- TGFB1 -- MAP3K14 -- RET -- TRAF2 -- NFKB2 -- CHUK -- RPS6KA5 -- PPP1R13L -- IRF1 -- FAS -- HIP1 -- CDK6 -- RNF11 -- CASP10 -- BCL2L1 -- CASP7 -- RBL2 -- CDKN1A -- PSIP1 -- BRCA1 -- CDKN2A -- BCL2L11 -- RBL1 -- PCNA -- TAF1 -- PLAC8 -- CASP9 -- DIABLO -- RANGAP1
641,MAPK8 -- STAT1 -- JUN -- FOS -- BIRC2 -- BIRC3 -- SIRT1 -- FASLG -- MYC -- TNFAIP3 -- EP300 -- CCND1 -- TRAF1 -- MAPK14 -- IL2 -- FADD -- RAC1 -- TGFB1 -- MAP3K14 -- MAPK1 -- CASP3 -- KRT18 -- AKT1 -- ATM -- E2F1 -- MDM2 -- RPS6KA5 -- MAPK3 -- PPP1R13L -- LYN -- FAS -- EIF4G2 -- NFKBIA -- CYCS -- BCL2 -- OTUD7B -- RNF11 -- CASP10 -- PARP1 -- PSEN1 -- RPA4 -- CASP7 -- SMPD1 -- TNIK -- HTT -- PSIP1 -- PELP1 -- BAK1 -- FOXM1 -- TFDP1 -- MCL1 -- RBL1 -- PCNA -- CASP9 -- CCNG1 -- DIABLO -- APAF1 -- ALPI -- RASSF1
642,TNFRSF1B -- MAPK8 -- STAT1 -- JUN -- FOS -- BIRC2 -- BIRC3 -- SIRT1 -- FASLG -- MYC -- RB1 -- TNFAIP3 -- CCND1 -- PTMA -- RHOA -- IL2 -- RELA -- FADD -- MAP2K7 -- MAP3K1 -- MAP3K14 -- TRADD -- TRAF2 -- TNFRSF10B -- AKT1 -- DAB2IP -- NFKB2 -- MDM2 -- MAPK3 -- MAPK9 -- EIF4G2 -- HTRA2 -- MYB -- CYCS -- PARP1 -- PSEN1 -- SOD1 -- HNRNPK -- BCL2L1 -- CASP7 -- SMPD1 -- TNIK -- RBL2 -- PSIP1 -- BBC3 -- BCL2L11 -- PELP1 -- EIF4E -- BID -- MCL1 -- CTBP1 -- PCNA -- CASP9 -- CCNG1 -- DIABLO -- APAF1 -- ALPI -- RASSF1
643,SMURF2 -- TNF -- TNFRSF1B -- TP53 -- NFKB1 -- MAPK8 -- STAT1 -- FOS -- BIRC2 -- SIRT1 -- CCND1 -- RHOA -- NR3C1 -- IL2 -- MAP2K7 -- IGF1 -- TGFB1 -- MAP3K14 -- TRADD -- MAPK1 -- TRAF2 -- AKT1 -- DAB2IP -- CASP2 -- RPS6KA5 -- LYN -- IRF1 -- FAS -- EIF4G2 -- HTRA2 -- NFKBIA -- MYB -- HIP1 -- CDK6 -- OTUD7B -- RNF11 -- HNRNPK -- CASP7 -- SMPD1 -- PSIP1 -- BRCA1 -- CDKN2A -- BCL2L11 -- PELP1 -- EIF4E -- BID -- FOXM1 -- TFDP1 -- PLAC8 -- CCNG1 -- DIABLO -- APAF1
644,TNFRSF1A -- TNF -- RIPK1 -- NFKB1 -- STAT1 -- JUN -- BIRC2 -- SIRT1 -- CFLAR -- NR3C1 -- RELA -- FADD -- MAP2K7 -- VEGFA -- TGFB1 -- AKT1 -- NFKB2 -- E2F1 -- RPS6KA5 -- MAPK3 -- TRAF6 -- PPP1R13L -- MAPK9 -- LYN -- EIF4G2 -- NFKBIA -- CYCS -- BCL2 -- CASP8 -- CDK6 -- RNF11 -- PARP1 -- SOD1 -- RPA4 -- CASP7 -- CDKN1A -- HTT -- PSIP1 -- BBC3 -- BCL2L11 -- BAX -- BAK1 -- MCL1 -- CTBP1 -- PCNA -- TAF1 -- CASP9 -- DIABLO -- ALPI
645,TNFRSF1B -- RIPK1 -- TP53 -- STAT1 -- JUN -- FOS -- BIRC2 -- BIRC3 -- SIRT1 -- TNFAIP3 -- CFLAR -- RHOA -- NR3C1 -- IL2 -- RELA -- MAP2K7 -- MAP3K1 -- IGF1 -- CASP3 -- DAB2IP -- NFKB2 -- CHUK -- RPS6KA5 -- MAPK3 -- TRAF6 -- MAPK9 -- LYN -- IRF1 -- FAS -- EIF4G2 -- NFKBIA -- MYB -- CDK4 -- CDK6 -- RNF11 -- PARP1 -- SOD1 -- CASP7 -- SMPD1 -- RBL2 -- CDKN1A -- HTT -- BRCA1 -- BBC3 -- BAK1 -- FOXM1 -- MCL1 -- CTBP1 -- PCNA -- PLAC8 -- DIABLO -- ALPI -- RASSF1
646,TNF -- TNFRSF1B -- TP53 -- MAPK8 -- STAT1 -- JUN -- FOS -- BIRC3 -- SIRT1 -- FASLG -- RB1 -- TNFAIP3 -- CCND1 -- CFLAR -- RHOA -- IL2 -- IGF1 -- VEGFA -- MAP3K14 -- RET -- TRADD -- MAPK1 -- TNFRSF10B -- NFKB2 -- CHUK -- MAPK3 -- PPP1R13L -- MAPK9 -- IRF1 -- EIF4G2 -- CYCS -- BCL2 -- CASP8 -- CDK6 -- RNF11 -- PSEN1 -- BAD -- SOD1 -- HNRNPK -- SMPD1 -- TNIK -- CDKN1A -- CDKN2A -- BBC3 -- BCL2L11 -- PELP1 -- BAK1 -- FOXM1 -- CTBP1 -- RBL1 -- PCNA -- PLAC8 -- APAF1 -- RASSF1
647,TNF -- TP53 -- NFKB1 -- MAPK8 -- STAT1 -- BIRC2 -- BIRC3 -- SIRT1 -- MYC -- RB1 -- TNFAIP3 -- CCND1 -- TRAF1 -- RHOA -- TGFB2 -- RELA -- FADD -- RAC1 -- MAP3K1 -- TGFB1 -- MAP3K14 -- RET -- MAPK1 -- TNFRSF10B -- CASP3 -- AKT1 -- ATM -- DAB2IP -- NFKB2 -- CASP2 -- E2F1 -- MAPK3 -- IRF1 -- EIF4G2 -- NFKBIA -- HIP1 -- CASP8 -- CDK4 -- CDK6 -- OTUD7B -- RNF11 -- CASP10 -- PSEN1 -- SOD1 -- HNRNPK -- RPA4 -- BCL2L1 -- CASP7 -- CDKN1A -- BRCA1 -- CDKN2A -- BCL2L11 -- FOXM1 -- MCL1 -- CTBP1 -- RBL1 -- PCNA -- PLAC8 -- APAF1 -- RASSF1
648,TNFRSF1A -- SMURF2 -- TNF -- RIPK1 -- JUN -- BIRC2 -- BIRC3 -- SIRT1 -- MYC -- TNFAIP3 -- EP300 -- CCND1 -- CFLAR -- MAPK14 -- PTMA -- IL2 -- IGF1 -- VEGFA -- TRADD -- MAPK1 -- TRAF2 -- TNFRSF10B -- CASP3 -- KRT18 -- AKT1 -- ATM -- CHUK -- RPS6KA5 -- MAPK3 -- TRAF6 -- PPP1R13L -- LYN -- FAS -- HTRA2 -- CYCS -- HIP1 -- CDK4 -- RNF11 -- PSEN1 -- BAD -- SOD1 -- RPA4 -- CASP7 -- CDKN1A -- CDKN2A -- BCL2L11 -- EIF4E -- BID -- FOXM1 -- MCL1 -- PCNA -- TAF1 -- CASP9 -- DIABLO
649,SMURF2 -- TNFRSF1B -- RIPK1 -- TP53 -- NFKB1 -- STAT1 -- FOS -- BIRC3 -- SIRT1 -- MYC -- TNFAIP3 -- CFLAR -- TRAF1 -- PTMA -- RHOA -- NR3C1 -- IL2 -- RELA -- RAC1 -- MAP3K14 -- RET -- TRADD -- TNFRSF10B -- CASP3 -- KRT18 -- NFKB2 -- CASP2 -- MAPK3 -- TRAF6 -- FAS -- NFKBIA -- MYB -- CYCS -- HIP1 -- CASP8 -- CDK4 -- OTUD7B -- RNF11 -- PSEN1 -- RPA4 -- TNIK -- HTT -- BBC3 -- BCL2L11 -- PELP1 -- BAX -- EIF4E -- MCL1 -- CTBP1 -- PCNA -- TAF1 -- CCNG1 -- ALPI -- RASSF1
650,TNF -- TNFRSF1B -- NFKB1 -- MAPK8 -- JUN -- BIRC3 -- TNFAIP3 -- EP300 -- CCND1 -- CFLAR -- TRAF1 -- RHOA -- TGFB2 -- IL2 -- RELA -- RAC1 -- MAP3K1 -- VEGFA -- TGFB1 -- RET -- MAPK1 -- CASP3 -- ATM -- DAB2IP -- MDM2 -- RPS6KA5 -- MAPK3 -- LYN -- IRF1 -- EIF4G2 -- MYB -- HIP1 -- CASP8 -- RNF11 -- CASP10 -- PARP1 -- PSEN1 -- SOD1 -- HNRNPK -- RPA4 -- CASP7 -- SMPD1 -- TNIK -- HTT -- PSIP1 -- BRCA1 -- CDKN2A -- BBC3 -- BCL2L11 -- PELP1 -- BAX -- EIF4E -- BID -- MCL1 -- PCNA -- CASP9 -- DIABLO -- APAF1 -- ALPI
651,TNFRSF1A -- SMURF2 -- TNF -- TNFRSF1B -- TP53 -- NFKB1 -- MAPK8 -- FOS -- BIRC2 -- SIRT1 -- CFLAR -- TRAF1 -- MAPK14 -- PTMA -- RHOA -- NR3C1 -- TGFB2 -- RELA -- FADD -- RAC1 -- MAP2K7 -- VEGFA -- RET -- TRAF2 -- CASP3 -- KRT18 -- ATM -- NFKB2 -- CASP2 -- RPS6KA5 -- TRAF6 -- PPP1R13L -- MAPK9 -- IRF1 -- FAS -- NFKBIA -- CYCS -- BCL2 -- CASP8 -- CDK4 -- RNF11 -- CASP10 -- PARP1 -- SOD1 -- RPA4 -- CASP7 -- CDKN1A -- CDKN2A -- BBC3 -- BCL2L11 -- FOXM1 -- MCL1 -- CTBP1 -- CASP9 -- CCNG1 -- DIABLO -- ALPI -- RASSF1 -- RANGAP1
652,TNFRSF1A -- SMURF2 -- RIPK1 -- TP53 -- MAPK8 -- STAT1 -- JUN -- BIRC3 -- MYC -- RB1 -- EP300 -- CFLAR -- MAPK14 -- RHOA -- TGFB2 -- FADD -- RAC1 -- MAP2K7 -- MAP3K1 -- IGF1 -- TGFB1 -- RET -- TNFRSF10B -- CASP3 -- KRT18 -- NFKB2 -- CHUK -- MAPK9 -- LYN -- FAS -- EIF4G2 -- HTRA2 -- NFKBIA -- MYB -- HIP1 -- CASP8 -- CDK4 -- CDK6 -- PARP1 -- PSEN1 -- RPA4 -- BCL2L1 -- CASP7 -- SMPD1 -- TNIK -- RBL2 -- CDKN1A -- HTT -- BBC3 -- BAX -- BAK1 -- FOXM1 -- CTBP1 -- PCNA -- TAF1 -- CASP9 -- DIABLO -- ALPI -- RASSF1
653,TNFRSF1B -- TP53 -- NFKB1 -- JUN -- FOS -- BIRC3 -- FASLG -- MYC -- RB1 -- TNFAIP3 -- EP300 -- CCND1 -- CFLAR -- TRAF1 -- MAPK14 -- RHOA -- NR3C1 -- TGFB2 -- RELA -- FADD -- IGF1 -- MAP3K14 -- TRADD -- TRAF2 -- TNFRSF10B -- CASP3 -- KRT18 -- DAB2IP -- NFKB2 -- CASP2 -- E2F1 -- CHUK -- MAPK3 -- LYN -- IRF1 -- FAS -- EIF4G2 -- HTRA2 -- MYB -- CYCS -- BCL2 -- CASP8 -- OTUD7B -- RNF11 -- BAD -- SOD1 -- CASP7 -- TNIK -- RBL2 -- HTT -- PSIP1 -- CDKN2A -- BBC3 -- PELP1 -- BAX -- BAK1 -- EIF4E -- BID -- FOXM1 -- CTBP1 -- RBL1 -- PLAC8 -- CCNG1 -- DIABLO -- RASSF1 -- RANGAP1
654,TNFRSF1B -- STAT1 -- FOS -- SIRT1 -- FASLG -- MYC -- TNFAIP3 -- CCND1 -- CFLAR -- PTMA -- TGFB2 -- RELA -- RAC1 -- VEGFA -- TRADD -- CASP3 -- AKT1 -- ATM -- DAB2IP -- E2F1 -- RPS6KA5 -- MAPK9 -- MYB -- CYCS -- CASP8 -- CDK4 -- CDK6 -- OTUD7B -- RNF11 -- BAD -- SOD1 -- RPA4 -- SMPD1 -- TNIK -- RBL2 -- CDKN1A -- CDKN2A -- BCL2L11 -- BAX -- BAK1 -- BID -- FOXM1 -- PCNA -- PLAC8 -- CASP9 -- CCNG1 -- APAF1
655,TNFRSF1A -- RIPK1 -- TP53 -- NFKB1 -- STAT1 -- BIRC3 -- FASLG -- TNFAIP3 -- CCND1 -- CFLAR -- MAPK14 -- TGFB2 -- RELA -- VEGFA -- RET -- MAPK1 -- TRAF2 -- TNFRSF10B -- AKT1 -- NFKB2 -- E2F1 -- CHUK -- PPP1R13L -- IRF1 -- EIF4G2 -- HIP1 -- RNF11 -- CASP10 -- PARP1 -- PSEN1 -- HNRNPK -- RPA4 -- CASP7 -- SMPD1 -- RBL2 -- BBC3 -- BCL2L11 -- PELP1 -- BAX -- BAK1 -- BID -- FOXM1 -- RBL1 -- PCNA -- TAF1 -- PLAC8 -- CASP9 -- ALPI -- RASSF1 -- RANGAP1
656,TNFRSF1A -- RIPK1 -- MAPK8 -- BIRC2 -- BIRC3 -- SIRT1 -- FASLG -- MYC -- EP300 -- CCND1 -- PTMA -- FADD -- MAP2K7 -- MAP3K1 -- RET -- TRADD -- TRAF2 -- E2F1 -- MDM2 -- TRAF6 -- PPP1R13L -- MAPK9 -- LYN -- IRF1 -- HTRA2 -- NFKBIA -- MYB -- CDK4 -- OTUD7B -- RNF11 -- PARP1 -- PSEN1 -- RBL2 -- CDKN1A -- BRCA1 -- BCL2L11 -- PELP1 -- BAK1 -- TFDP1 -- CTBP1 -- RBL1 -- PCNA -- PLAC8 -- CASP9 -- CCNG1 -- APAF1 -- ALPI -- RASSF1 -- RANGAP1
657,TNFRSF1B -- TP53 -- NFKB1 -- MAPK8 -- STAT1 -- FOS -- BIRC2 -- BIRC3 -- TNFAIP3 -- CCND1 -- CFLAR -- TRAF1 -- PTMA -- NR3C1 -- TGFB2 -- FADD -- MAP3K14 -- MAPK1 -- TNFRSF10B -- AKT1 -- DAB2IP -- NFKB2 -- CASP2 -- CHUK -- RPS6KA5 -- TRAF6 -- MAPK9 -- IRF1 -- FAS -- EIF4G2 -- NFKBIA -- HIP1 -- CASP8 -- CDK4 -- OTUD7B -- RNF11 -- CASP10 -- BAD -- SOD1 -- RPA4 -- BCL2L1 -- BRCA1 -- BCL2L11 -- BAK1 -- EIF4E -- FOXM1 -- TFDP1 -- MCL1 -- CTBP1 -- RBL1 -- PCNA -- CASP9 -- DIABLO -- APAF1 -- ALPI
658,RIPK1 -- STAT1 -- JUN -- FOS -- FASLG -- TNFAIP3 -- CFLAR -- MAPK14 -- NR3C1 -- RELA -- RAC1 -- MAP3K1 -- VEGFA -- TGFB1 -- RET -- TRADD -- MAPK1 -- KRT18 -- AKT1 -- E2F1 -- MDM2 -- CHUK -- TRAF6 -- MAPK9 -- FAS -- NFKBIA -- MYB -- CYCS -- HIP1 -- BCL2 -- CDK4 -- CDK6 -- OTUD7B -- RNF11 -- PARP1 -- HNRNPK -- SMPD1 -- PSIP1 -- BBC3 -- PELP1 -- BAK1 -- BID -- FOXM1 -- MCL1 -- CTBP1 -- RBL1 -- DIABLO -- APAF1 -- RASSF1
659,TNFRSF1A -- SMURF2 -- TNF -- RIPK1 -- TP53 -- JUN -- FOS -- BIRC2 -- BIRC3 -- SIRT1 -- FASLG -- MYC -- EP300 -- CFLAR -- TRAF1 -- MAPK14 -- PTMA -- RHOA -- NR3C1 -- RELA -- FADD -- MAP2K7 -- MAP3K1 -- TGFB1 -- MAP3K14 -- RET -- TRADD -- MAPK1 -- TRAF2 -- TNFRSF10B -- CASP3 -- KRT18 -- AKT1 -- ATM -- DAB2IP -- NFKB2 -- CASP2 -- E2F1 -- RPS6KA5 -- MAPK9 -- LYN -- IRF1 -- HTRA2 -- NFKBIA -- MYB -- CYCS -- CDK4 -- RNF11 -- CASP10 -- HNRNPK -- RPA4 -- BCL2L1 -- SMPD1 -- TNIK -- RBL2 -- CDKN1A -- PSIP1 -- CDKN2A -- BBC3 -- BCL2L11 -- PELP1 -- BAX -- BAK1 -- FOXM1 -- MCL1 -- RBL1 -- TAF1 -- CASP9 -- CCNG1 -- DIABLO -- RASSF1
660,TNFRSF1A -- SMURF2 -- TNFRSF1B -- RIPK1 -- NFKB1 -- MAPK8 -- STAT1 -- JUN -- FOS -- BIRC2 -- BIRC3 -- MYC -- RB1 -- TNFAIP3 -- EP300 -- CCND1 -- CFLAR -- TRAF1 -- PTMA -- RHOA -- TGFB2 -- RELA -- FADD -- RAC1 -- TGFB1 -- RET -- CASP3 -- AKT1 -- ATM -- NFKB2 -- CASP2 -- E2F1 -- MAPK9 -- LYN -- NFKBIA -- CYCS -- CASP8 -- RNF11 -- PSEN1 -- BAD -- BCL2L1 -- CASP7 -- PSIP1 -- CDKN2A -- BBC3 -- BCL2L11 -- PELP1 -- BAX -- BAK1 -- EIF4E -- FOXM1 -- MCL1 -- TAF1 -- CASP9 -- DIABLO -- APAF1 -- ALPI
661,TNFRSF1A -- RIPK1 -- MAPK8 -- FASLG -- MYC -- RB1 -- EP300 -- CCND1 -- CFLAR -- TRAF1 -- PTMA -- NR3C1 -- IL2 -- RAC1 -- MAP3K1 -- IGF1 -- VEGFA -- TGFB1 -- MAP3K14 -- RET -- TRADD -- MAPK1 -- TRAF2 -- AKT1 -- ATM -- DAB2IP -- CASP2 -- E2F1 -- MDM2 -- CHUK -- RPS6KA5 -- MAPK3 -- TRAF6 -- MAPK9 -- EIF4G2 -- MYB -- CYCS -- HIP1 -- BCL2 -- CASP8 -- CDK4 -- CDK6 -- CASP10 -- PSEN1 -- SOD1 -- HNRNPK -- RPA4 -- SMPD1 -- TNIK -- RBL2 -- PSIP1 -- BRCA1 -- BAX -- BAK1 -- BID -- FOXM1 -- TFDP1 -- CTBP1 -- RBL1 -- TAF1 -- CCNG1 -- DIABLO -- RASSF1
662,TNFRSF1A -- SMURF2 -- TNFRSF1B -- RIPK1 -- TP53 -- JUN -- BIRC3 -- FASLG -- MYC -- EP300 -- CCND1 -- CFLAR -- TRAF1 -- NR3C1 -- IL2 -- RELA -- FADD -- MAP2K7 -- VEGFA -- MAPK1 -- CASP3 -- AKT1 -- DAB2IP -- NFKB2 -- CASP2 -- E2F1 -- CHUK -- RPS6KA5 -- MAPK3 -- TRAF6 -- PPP1R13L -- IRF1 -- NFKBIA -- MYB -- CYCS -- HIP1 -- BCL2 -- CDK6 -- OTUD7B -- PARP1 -- SOD1 -- BCL2L1 -- CASP7 -- RBL2 -- HTT -- BRCA1 -- CDKN2A -- BBC3 -- BCL2L11 -- BAX -- BAK1 -- BID -- CTBP1 -- TAF1 -- PLAC8 -- CASP9 -- CCNG1 -- APAF1
663,TNF -- TNFRSF1B -- TP53 -- NFKB1 -- MAPK8 -- STAT1 -- BIRC2 -- BIRC3 -- FASLG -- MYC -- RB1 -- TNFAIP3 -- TRAF1 -- PTMA -- RHOA -- RAC1 -- MAP2K7 -- VEGFA -- TGFB1 -- RET -- TRADD -- MAPK1 -- TRAF2 -- ATM -- DAB2IP -- NFKB2 -- E2F1 -- MDM2 -- RPS6KA5 -- MAPK3 -- MAPK9 -- HTRA2 -- CASP8 -- CDK6 -- OTUD7B -- PARP1 -- HNRNPK -- TNIK -- CDKN1A -- PSIP1 -- BCL2L11 -- BAX -- BAK1 -- BID -- FOXM1 -- CTBP1 -- RBL1 -- PCNA -- PLAC8 -- APAF1 -- RANGAP1
664,SMURF2 -- TNF -- TNFRSF1B -- TP53 -- NFKB1 -- BIRC2 -- SIRT1 -- FASLG -- MYC -- TNFAIP3 -- EP300 -- CCND1 -- CFLAR -- RHOA -- TGFB2 -- RELA -- RAC1 -- MAP2K7 -- VEGFA -- TRADD -- TRAF2 -- TNFRSF10B -- CASP3 -- NFKB2 -- RPS6KA5 -- TRAF6 -- PPP1R13L -- LYN -- EIF4G2 -- HTRA2 -- NFKBIA -- MYB -- CYCS -- CASP8 -- CDK6 -- CASP10 -- RPA4 -- CASP7 -- CDKN1A -- BRCA1 -- BCL2L11 -- PELP1 -- BAX -- BAK1 -- EIF4E -- BID -- CTBP1 -- RBL1 -- PCNA -- CCNG1 -- APAF1 -- RANGAP1
665,TNFRSF1A -- SMURF2 -- TNF -- TP53 -- STAT1 -- FOS -- BIRC2 -- BIRC3 -- SIRT1 -- MYC -- RB1 -- TNFAIP3 -- CCND1 -- TRAF1 -- TGFB2 -- IL2 -- FADD -- VEGFA -- TGFB1 -- MAP3K14 -- RET -- TRADD -- MAPK1 -- TRAF2 -- TNFRSF10B -- CASP3 -- DAB2IP -- CASP2 -- MDM2 -- CHUK -- RPS6KA5 -- TRAF6 -- PPP1R13L -- FAS -- HTRA2 -- NFKBIA -- MYB -- CASP8 -- OTUD7B -- RNF11 -- CASP10 -- SOD1 -- TNIK -- RBL2 -- CDKN1A -- HTT -- CDKN2A -- BCL2L11 -- PELP1 -- BAX -- BAK1 -- BID -- FOXM1 -- TFDP1 -- PCNA -- TAF1 -- CCNG1 -- ALPI
666,TNF -- TNFRSF1B -- RIPK1 -- TP53 -- MAPK8 -- FOS -- FASLG -- MYC -- TNFAIP3 -- CCND1 -- CFLAR -- PTMA -- NR3C1 -- RELA -- FADD -- RAC1 -- MAP3K1 -- TGFB1 -- TRADD -- MAPK1 -- AKT1 -- ATM -- NFKB2 -- CASP2 -- MDM2 -- CHUK -- RPS6KA5 -- MAPK3 -- TRAF6 -- MAPK9 -- LYN -- FAS -- MYB -- HIP1 -- CASP8 -- OTUD7B -- CASP10 -- PARP1 -- PSEN1 -- BAD -- HNRNPK -- RPA4 -- BCL2L1 -- CASP7 -- SMPD1 -- TNIK -- CDKN1A -- BRCA1 -- BBC3 -- BCL2L11 -- BAX -- EIF4E -- PCNA -- TAF1 -- APAF1 -- ALPI -- RANGAP1
667,SMURF2 -- TNF -- TNFRSF1B -- RIPK1 -- JUN -- FASLG -- MYC -- TNFAIP3 -- EP300 -- CCND1 -- MAPK14 -- RHOA -- TGFB2 -- IL2 -- FADD -- MAP2K7 -- MAP3K1 -- IGF1 -- RET -- TRADD -- MAPK1 -- TRAF2 -- TNFRSF10B -- CASP3 -- AKT1 -- CASP2 -- PPP1R13L -- MAPK9 -- LYN -- FAS -- EIF4G2 -- HTRA2 -- CYCS -- BCL2 -- CASP8 -- CDK4 -- CDK6 -- RNF11 -- CASP10 -- PARP1 -- BAD -- SOD1 -- HNRNPK -- SMPD1 -- PSIP1 -- BRCA1 -- CDKN2A -- BCL2L11 -- FOXM1 -- TFDP1 -- RBL1 -- PCNA -- PLAC8 -- CASP9 -- RANGAP1
668,TNFRSF1A -- NFKB1 -- FOS -- BIRC3 -- FASLG -- MYC -- RB1 -- EP300 -- CCND1 -- RHOA -- IL2 -- RELA -- MAP2K7 -- MAP3K1 -- VEGFA -- TGFB1 -- MAPK1 -- TRAF2 -- TNFRSF10B -- KRT18 -- AKT1 -- DAB2IP -- NFKB2 -- CASP2 -- E2F1 -- MDM2 -- RPS6KA5 -- MAPK3 -- TRAF6 -- MAPK9 -- MYB -- CDK6 -- CASP10 -- PSEN1 -- BCL2L1 -- CASP7 -- SMPD1 -- CDKN2A -- BBC3 -- BCL2L11 -- PELP1 -- BAK1 -- EIF4E -- FOXM1 -- RBL1 -- PCNA -- TAF1 -- PLAC8 -- ALPI -- RASSF1
669,TNF -- TP53 -- MAPK8 -- STAT1 -- BIRC3 -- SIRT1 -- FASLG -- CCND1 -- CFLAR -- MAPK14 -- PTMA -- RHOA -- IL2 -- RELA -- FADD -- RAC1 -- VEGFA -- MAP3K14 -- RET -- TRADD -- MAPK1 -- TRAF2 -- CASP3 -- ATM -- DAB2IP -- NFKB2 -- RPS6KA5 -- LYN -- IRF1 -- EIF4G2 -- HTRA2 -- NFKBIA -- MYB -- BCL2 -- CDK4 -- OTUD7B -- RNF11 -- CASP10 -- PARP1 -- PSEN1 -- RPA4 -- BCL2L1 -- SMPD1 -- CDKN1A -- HTT -- BRCA1 -- BBC3 -- BAK1 -- EIF4E -- BID -- FOXM1 -- CTBP1 -- RBL1 -- TAF1 -- APAF1 -- ALPI -- RASSF1 -- RANGAP1
670,TNFRSF1A -- TNFRSF1B -- RIPK1 -- TP53 -- MAPK8 -- BIRC2 -- BIRC3 -- SIRT1 -- FASLG -- MYC -- EP300 -- TRAF1 -- MAPK14 -- PTMA -- NR3C1 -- TGFB2 -- IL2 -- RAC1 -- VEGFA -- MAP3K14 -- RET -- TNFRSF10B -- KRT18 -- ATM -- DAB2IP -- NFKB2 -- CASP2 -- MDM2 -- RPS6KA5 -- MAPK3 -- TRAF6 -- MAPK9 -- IRF1 -- HTRA2 -- MYB -- CYCS -- BCL2 -- CASP8 -- OTUD7B -- RNF11 -- PARP1 -- PSEN1 -- BAD -- SOD1 -- HNRNPK -- RPA4 -- BCL2L1 -- CASP7 -- CDKN1A -- PELP1 -- EIF4E -- MCL1 -- CTBP1 -- DIABLO -- APAF1
671,TNFRSF1B -- NFKB1 -- JUN -- BIRC2 -- BIRC3 -- TNFAIP3 -- CCND1 -- TRAF1 -- MAPK14 -- PTMA -- NR3C1 -- TGFB2 -- IL2 -- RELA -- FADD -- RAC1 -- MAP2K7 -- MAP3K1 -- IGF1 -- VEGFA -- TGFB1 -- RET -- CASP3 -- E2F1 -- MDM2 -- CHUK -- MAPK9 -- LYN -- IRF1 -- FAS -- EIF4G2 -- HIP1 -- BCL2 -- CASP8 -- OTUD7B -- RPA4 -- CASP7 -- SMPD1 -- HTT -- PSIP1 -- BRCA1 -- CDKN2A -- BCL2L11 -- BAK1 -- EIF4E -- FOXM1 -- MCL1 -- RBL1 -- PCNA -- TAF1 -- PLAC8 -- CASP9 -- APAF1 -- ALPI -- RASSF1
672,SMURF2 -- TNFRSF1B -- RIPK1 -- NFKB1 -- MAPK8 -- JUN -- SIRT1 -- FASLG -- MYC -- CCND1 -- CFLAR -- TRAF1 -- PTMA -- NR3C1 -- TGFB2 -- RELA -- MAP2K7 -- IGF1 -- RET -- MAPK1 -- TNFRSF10B -- CASP3 -- KRT18 -- ATM -- DAB2IP -- NFKB2 -- CASP2 -- MDM2 -- TRAF6 -- PPP1R13L -- MAPK9 -- IRF1 -- FAS -- HTRA2 -- NFKBIA -- HIP1 -- CASP8 -- CDK4 -- CDK6 -- CASP10 -- RPA4 -- BCL2L1 -- CASP7 -- SMPD1 -- RBL2 -- CDKN1A -- PSIP1 -- CDKN2A -- BBC3 -- BCL2L11 -- BAX -- BID -- TFDP1 -- MCL1 -- CTBP1 -- PCNA -- PLAC8 -- CASP9 -- CCNG1 -- ALPI -- RASSF1
673,TNFRSF1A -- TNFRSF1B -- RIPK1 -- MAPK8 -- JUN -- FOS -- BIRC2 -- BIRC3 -- FASLG -- CCND1 -- TRAF1 -- PTMA -- RHOA -- NR3C1 -- TGFB2 -- IL2 -- MAP3K1 -- IGF1 -- VEGFA -- MAP3K14 -- RET -- TRAF2 -- TNFRSF10B -- CASP3 -- KRT18 -- DAB2IP -- NFKB2 -- CASP2 -- E2F1 -- CHUK -- RPS6KA5 -- MAPK3 -- TRAF6 -- PPP1R13L -- MAPK9 -- FAS -- MYB -- BCL2 -- CDK6 -- OTUD7B -- CASP10 -- HNRNPK -- RPA4 -- BCL2L1 -- CASP7 -- SMPD1 -- RBL2 -- HTT -- CDKN2A -- BCL2L11 -- BAK1 -- BID -- CTBP1 -- RBL1 -- PCNA -- CCNG1 -- RANGAP1
674,TNFRSF1A -- TNF -- TNFRSF1B -- RIPK1 -- TP53 -- NFKB1 -- MAPK8 -- JUN -- BIRC3 -- FASLG -- MYC -- RB1 -- TNFAIP3 -- EP300 -- CCND1 -- CFLAR -- TRAF1 -- RHOA -- TGFB2 -- IL2 -- RELA -- RAC1 -- IGF1 -- VEGFA -- MAPK1 -- CASP3 -- AKT1 -- DAB2IP -- CHUK -- RPS6KA5 -- MAPK3 -- TRAF6 -- PPP1R13L -- MAPK9 -- LYN -- FAS -- EIF4G2 -- HTRA2 -- NFKBIA -- MYB -- HIP1 -- RNF11 -- PARP1 -- PSEN1 -- BAD -- RPA4 -- BCL2L1 -- CASP7 -- SMPD1 -- RBL2 -- HTT -- BRCA1 -- BBC3 -- PELP1 -- BAK1 -- EIF4E -- FOXM1 -- CTBP1 -- TAF1 -- CASP9 -- DIABLO
675,TNFRSF1A -- SMURF2 -- TNF -- RIPK1 -- MAPK8 -- JUN -- FOS -- BIRC2 -- SIRT1 -- MYC -- CCND1 -- CFLAR -- TGFB2 -- IL2 -- RELA -- RAC1 -- MAP3K1 -- IGF1 -- VEGFA -- TGFB1 -- MAP3K14 -- TRADD -- MAPK1 -- TRAF2 -- TNFRSF10B -- CASP3 -- AKT1 -- ATM -- DAB2IP -- NFKB2 -- CASP2 -- E2F1 -- MDM2 -- CHUK -- LYN -- EIF4G2 -- HTRA2 -- NFKBIA -- MYB -- CYCS -- HIP1 -- BCL2 -- CASP8 -- CASP10 -- PARP1 -- SOD1 -- BCL2L1 -- RBL2 -- HTT -- BRCA1 -- BBC3 -- BCL2L11 -- PELP1 -- BAX -- FOXM1 -- MCL1 -- CTBP1 -- RBL1 -- PCNA -- CCNG1 -- RASSF1 -- RANGAP1
676,TNFRSF1A -- SMURF2 -- TNF -- RIPK1 -- TP53 -- SIRT1 -- RB1 -- CCND1 -- MAPK14 -- RHOA -- RAC1 -- MAP2K7 -- MAP3K1 -- IGF1 -- VEGFA -- RET -- MAPK1 -- TRAF2 -- TNFRSF10B -- CASP3 -- DAB2IP -- CASP2 -- MDM2 -- CHUK -- RPS6KA5 -- MAPK3 -- PPP1R13L -- MAPK9 -- LYN -- FAS -- EIF4G2 -- HTRA2 -- NFKBIA -- CASP8 -- CDK4 -- OTUD7B -- RNF11 -- CASP10 -- PSEN1 -- BAD -- SOD1 -- RPA4 -- CASP7 -- RBL2 -- CDKN1A -- HTT -- CDKN2A -- BBC3 -- BAK1 -- BID -- MCL1 -- CTBP1 -- RBL1 -- TAF1 -- PLAC8 -- CASP9 -- DIABLO
677,TNFRSF1A -- SMURF2 -- TNF -- RIPK1 -- TP53 -- NFKB1 -- MAPK8 -- FOS -- SIRT1 -- FASLG -- MYC -- RB1 -- TNFAIP3 -- EP300 -- CCND1 -- TGFB2 -- RELA -- FADD -- MAP2K7 -- IGF1 -- TGFB1 -- MAP3K14 -- TRADD -- MAPK1 -- TNFRSF10B -- KRT18 -- NFKB2 -- E2F1 -- RPS6KA5 -- TRAF6 -- LYN -- IRF1 -- FAS -- EIF4G2 -- HTRA2 -- MYB -- OTUD7B -- RNF11 -- CASP10 -- PSEN1 -- HNRNPK -- RPA4 -- BCL2L1 -- SMPD1 -- TNIK -- CDKN1A -- PELP1 -- BAX -- EIF4E -- TFDP1 -- MCL1 -- CTBP1 -- RBL1 -- PCNA -- DIABLO -- APAF1 -- RASSF1
678,RIPK1 -- NFKB1 -- STAT1 -- JUN -- FOS -- BIRC2 -- BIRC3 -- RB1 -- CCND1 -- TRAF1 -- MAPK14 -- RHOA -- TGFB2 -- RELA -- FADD -- RAC1 -- MAP2K7 -- IGF1 -- VEGFA -- RET -- TRADD -- TRAF2 -- TNFRSF10B -- CASP3 -- ATM -- NFKB2 -- E2F1 -- RPS6KA5 -- PPP1R13L -- LYN -- FAS -- HTRA2 -- MYB -- HIP1 -- BCL2 -- CDK6 -- OTUD7B -- RNF11 -- PARP1 -- PSEN1 -- SOD1 -- HNRNPK -- CASP7 -- RBL2 -- PSIP1 -- CDKN2A -- BCL2L11 -- PELP1 -- BAX -- BAK1 -- TFDP1 -- PCNA -- PLAC8 -- CASP9 -- DIABLO
679,SMURF2 -- TP53 -- NFKB1 -- MAPK8 -- STAT1 -- JUN -- FOS -- BIRC2 -- BIRC3 -- SIRT1 -- RB1 -- TNFAIP3 -- EP300 -- CCND1 -- CFLAR -- PTMA -- RHOA -- RELA -- MAP2K7 -- IGF1 -- TGFB1 -- TRADD -- TNFRSF10B -- CASP3 -- KRT18 -- CASP2 -- RPS6KA5 -- TRAF6 -- LYN -- IRF1 -- EIF4G2 -- MYB -- CYCS -- CDK4 -- CDK6 -- CASP10 -- PARP1 -- HNRNPK -- RPA4 -- CASP7 -- PSIP1 -- BRCA1 -- BCL2L11 -- PELP1 -- BAX -- FOXM1 -- TFDP1 -- PCNA -- TAF1 -- PLAC8 -- CCNG1 -- DIABLO -- APAF1 -- ALPI -- RASSF1
680,SMURF2 -- TNFRSF1B -- TP53 -- NFKB1 -- MAPK8 -- STAT1 -- FOS -- BIRC3 -- MYC -- RB1 -- TNFAIP3 -- EP300 -- CCND1 -- CFLAR -- TRAF1 -- NR3C1 -- RELA -- FADD -- MAP3K1 -- IGF1 -- MAP3K14 -- TRADD -- TNFRSF10B -- AKT1 -- NFKB2 -- E2F1 -- MDM2 -- CHUK -- RPS6KA5 -- MAPK3 -- FAS -- EIF4G2 -- NFKBIA -- CYCS -- OTUD7B -- CASP10 -- PARP1 -- HNRNPK -- CASP7 -- RBL2 -- CDKN1A -- PSIP1 -- CDKN2A -- BCL2L11 -- BAX -- FOXM1 -- CTBP1 -- RBL1 -- TAF1 -- PLAC8 -- CCNG1 -- APAF1 -- ALPI
681,SMURF2 -- TNF -- TNFRSF1B -- RIPK1 -- STAT1 -- FOS -- BIRC3 -- FASLG -- TNFAIP3 -- EP300 -- CCND1 -- CFLAR -- TRAF1 -- MAPK14 -- NR3C1 -- TGFB2 -- IL2 -- RELA -- MAP3K1 -- IGF1 -- VEGFA -- TGFB1 -- MAPK1 -- TRAF2 -- TNFRSF10B -- KRT18 -- AKT1 -- ATM -- DAB2IP -- NFKB2 -- CASP2 -- E2F1 -- MAPK3 -- TRAF6 -- PPP1R13L -- MAPK9 -- LYN -- IRF1 -- NFKBIA -- CYCS -- CASP8 -- CDK4 -- RNF11 -- CASP10 -- PARP1 -- BAD -- HNRNPK -- BCL2L1 -- CASP7 -- SMPD1 -- CDKN1A -- HTT -- BRCA1 -- CDKN2A -- BAK1 -- FOXM1 -- TFDP1 -- MCL1 -- CTBP1 -- CASP9 -- DIABLO -- APAF1 -- RASSF1
682,TNFRSF1A -- TNF -- TNFRSF1B -- TP53 -- NFKB1 -- MAPK8 -- STAT1 -- BIRC2 -- BIRC3 -- FASLG -- MYC -- RB1 -- CCND1 -- TRAF1 -- MAPK14 -- PTMA -- RHOA -- NR3C1 -- TGFB2 -- RELA -- MAP3K1 -- MAPK1 -- CASP3 -- ATM -- DAB2IP -- CASP2 -- E2F1 -- RPS6KA5 -- MAPK3 -- PPP1R13L -- MAPK9 -- LYN -- IRF1 -- EIF4G2 -- MYB -- HIP1 -- CASP8 -- CDK4 -- CDK6 -- OTUD7B -- CASP10 -- BAD -- SOD1 -- HNRNPK -- BCL2L1 -- SMPD1 -- BCL2L11 -- BAX -- TFDP1 -- MCL1 -- CTBP1 -- RBL1 -- PCNA -- CASP9 -- APAF1 -- RASSF1 -- RANGAP1
683,SMURF2 -- TNF -- RIPK1 -- TP53 -- STAT1 -- JUN -- BIRC2 -- BIRC3 -- SIRT1 -- MYC -- RB1 -- EP300 -- CCND1 -- CFLAR -- MAPK14 -- PTMA -- NR3C1 -- TGFB2 -- IL2 -- RELA -- FADD -- RAC1 -- MAP3K1 -- IGF1 -- RET -- TRAF2 -- TNFRSF10B -- CASP3 -- AKT1 -- ATM -- DAB2IP -- NFKB2 -- CASP2 -- CHUK -- RPS6KA5 -- LYN -- HTRA2 -- CYCS -- HIP1 -- CDK4 -- CDK6 -- OTUD7B -- RNF11 -- PARP1 -- PSEN1 -- HNRNPK -- CASP7 -- RBL2 -- BRCA1 -- CDKN2A -- BCL2L11 -- EIF4E -- BID -- MCL1 -- RBL1 -- PCNA -- CASP9 -- CCNG1 -- DIABLO -- APAF1 -- ALPI -- RASSF1
684,TNF -- TNFRSF1B -- MAPK8 -- JUN -- FOS -- BIRC2 -- BIRC3 -- SIRT1 -- MYC -- RHOA -- NR3C1 -- RELA -- RAC1 -- MAP3K1 -- VEGFA -- TGFB1 -- MAP3K14 -- RET -- MAPK1 -- TNFRSF10B -- CASP3 -- KRT18 -- ATM -- NFKB2 -- CASP2 -- CHUK -- RPS6KA5 -- MAPK3 -- TRAF6 -- PPP1R13L -- MAPK9 -- IRF1 -- EIF4G2 -- NFKBIA -- CYCS -- HIP1 -- BCL2 -- CDK4 -- CASP10 -- PARP1 -- PSEN1 -- SOD1 -- HNRNPK -- RPA4 -- CASP7 -- SMPD1 -- RBL2 -- HTT -- PSIP1 -- BRCA1 -- BBC3 -- BAK1 -- TFDP1 -- RBL1 -- PCNA -- TAF1 -- PLAC8 -- CASP9 -- RASSF1 -- RANGAP1
685,TNFRSF1A -- SMURF2 -- TNF -- RIPK1 -- TP53 -- MAPK8 -- STAT1 -- BIRC3 -- FASLG -- MYC -- RB1 -- EP300 -- TRAF1 -- MAPK14 -- PTMA -- IL2 -- RELA -- FADD -- RAC1 -- MAP2K7 -- TGFB1 -- TRADD -- TRAF2 -- CASP3 -- AKT1 -- DAB2IP -- E2F1 -- MDM2 -- CHUK -- RPS6KA5 -- MAPK3 -- HTRA2 -- CYCS -- BCL2 -- CASP8 -- CDK6 -- OTUD7B -- CASP10 -- BAD -- SOD1 -- RPA4 -- CASP7 -- SMPD1 -- RBL2 -- CDKN1A -- PSIP1 -- CDKN2A -- PELP1 -- BAX -- BAK1 -- EIF4E -- BID -- RBL1 -- CASP9 -- DIABLO -- APAF1 -- RASSF1
686,SMURF2 -- TNF -- RIPK1 -- TP53 -- NFKB1 -- MAPK8 -- JUN -- BIRC2 -- BIRC3 -- MYC -- TNFAIP3 -- CCND1 -- CFLAR -- MAPK14 -- NR3C1 -- IL2 -- FADD -- RAC1 -- MAP3K1 -- IGF1 -- MAP3K14 -- MAPK1 -- TRAF2 -- TNFRSF10B -- CASP3 -- KRT18 -- E2F1 -- MDM2 -- CHUK -- RPS6KA5 -- MAPK3 -- TRAF6 -- PPP1R13L -- FAS -- HTRA2 -- NFKBIA -- CYCS -- HIP1 -- CDK4 -- CDK6 -- CASP10 -- PARP1 -- PSEN1 -- BAD -- SOD1 -- BCL2L1 -- SMPD1 -- HTT -- BBC3 -- BCL2L11 -- PELP1 -- BAK1 -- EIF4E -- BID -- TFDP1 -- CTBP1 -- PLAC8 -- RASSF1 -- RANGAP1
687,TNFRSF1B -- BIRC2 -- BIRC3 -- TNFAIP3 -- CCND1 -- TRAF1 -- MAPK14 -- RHOA -- TGFB2 -- RELA -- RAC1 -- MAP2K7 -- MAP3K1 -- VEGFA -- TNFRSF10B -- CASP3 -- KRT18 -- ATM -- DAB2IP -- NFKB2 -- CASP2 -- E2F1 -- MAPK9 -- LYN -- EIF4G2 -- NFKBIA -- MYB -- CYCS -- CDK4 -- CDK6 -- RNF11 -- CASP10 -- PSEN1 -- BAD -- HNRNPK -- BCL2L1 -- CASP7 -- SMPD1 -- TNIK -- CDKN1A -- HTT -- BRCA1 -- CDKN2A -- PELP1 -- BAK1 -- BID -- FOXM1 -- MCL1 -- RBL1 -- TAF1 -- PLAC8 -- CASP9 -- CCNG1 -- APAF1 -- RASSF1 -- RANGAP1
688,SMURF2 -- TNF -- NFKB1 -- MAPK8 -- JUN -- BIRC2 -- BIRC3 -- SIRT1 -- MYC -- RB1 -- TNFAIP3 -- CCND1 -- MAPK14 -- PTMA -- NR3C1 -- FADD -- RAC1 -- MAP2K7 -- IGF1 -- TGFB1 -- RET -- TRADD -- MAPK1 -- TRAF2 -- ATM -- NFKB2 -- RPS6KA5 -- TRAF6 -- MAPK9 -- LYN -- IRF1 -- FAS -- MYB -- HIP1 -- CASP8 -- CDK4 -- CDK6 -- RNF11 -- CASP10 -- PARP1 -- RPA4 -- CASP7 -- SMPD1 -- RBL2 -- CDKN1A -- PSIP1 -- BBC3 -- BCL2L11 -- FOXM1 -- MCL1 -- CTBP1 -- CASP9 -- CCNG1 -- DIABLO -- APAF1 -- ALPI -- RASSF1
689,TNFRSF1B -- RIPK1 -- TP53 -- NFKB1 -- MAPK8 -- STAT1 -- FOS -- BIRC2 -- BIRC3 -- EP300 -- CCND1 -- MAPK14 -- PTMA -- IL2 -- RELA -- FADD -- RAC1 -- MAP3K1 -- IGF1 -- TGFB1 -- TRADD -- TNFRSF10B -- CASP3 -- KRT18 -- DAB2IP -- NFKB2 -- CASP2 -- MDM2 -- RPS6KA5 -- MAPK3 -- TRAF6 -- PPP1R13L -- FAS -- HTRA2 -- MYB -- BCL2 -- CASP8 -- CDK4 -- CASP10 -- PARP1 -- PSEN1 -- SOD1 -- RPA4 -- BCL2L1 -- TNIK -- RBL2 -- HTT -- PSIP1 -- BRCA1 -- CDKN2A -- BBC3 -- BCL2L11 -- PELP1 -- BAX -- BAK1 -- EIF4E -- BID -- TFDP1 -- RBL1 -- PCNA -- DIABLO -- ALPI
690,RIPK1 -- TP53 -- NFKB1 -- MAPK8 -- STAT1 -- FOS -- BIRC2 -- BIRC3 -- SIRT1 -- CFLAR -- RHOA -- NR3C1 -- TGFB2 -- IL2 -- RAC1 -- MAP3K1 -- TGFB1 -- TRADD -- MAPK1 -- TNFRSF10B -- AKT1 -- ATM -- NFKB2 -- E2F1 -- MDM2 -- RPS6KA5 -- MAPK3 -- PPP1R13L -- LYN -- IRF1 -- FAS -- EIF4G2 -- HTRA2 -- MYB -- BCL2 -- CDK4 -- OTUD7B -- PARP1 -- PSEN1 -- BAD -- SOD1 -- HNRNPK -- HTT -- PSIP1 -- CDKN2A -- BBC3 -- BCL2L11 -- BID -- MCL1 -- CTBP1 -- TAF1 -- PLAC8 -- CCNG1 -- DIABLO -- ALPI -- RASSF1
691,TNFRSF1A -- RIPK1 -- TP53 -- NFKB1 -- STAT1 -- FOS -- TNFAIP3 -- CCND1 -- CFLAR -- RHOA -- NR3C1 -- FADD -- RAC1 -- MAP3K1 -- IGF1 -- MAP3K14 -- RET -- TRADD -- MAPK1 -- TNFRSF10B -- CASP3 -- ATM -- DAB2IP -- NFKB2 -- CASP2 -- MDM2 -- CHUK -- RPS6KA5 -- MAPK3 -- TRAF6 -- LYN -- EIF4G2 -- HTRA2 -- NFKBIA -- HIP1 -- BCL2 -- CASP8 -- OTUD7B -- CASP10 -- PSEN1 -- BAD -- HNRNPK -- BCL2L1 -- CASP7 -- SMPD1 -- TNIK -- RBL2 -- HTT -- BRCA1 -- CDKN2A -- BBC3 -- BCL2L11 -- BAX -- FOXM1 -- TFDP1 -- CTBP1 -- PCNA -- PLAC8 -- CCNG1 -- APAF1 -- ALPI
692,SMURF2 -- TNF -- TP53 -- STAT1 -- BIRC2 -- SIRT1 -- FASLG -- MYC -- CCND1 -- CFLAR -- TRAF1 -- MAPK14 -- PTMA -- RHOA -- TGFB2 -- IL2 -- FADD -- RAC1 -- MAP3K1 -- VEGFA -- TGFB1 -- RET -- MAPK1 -- AKT1 -- ATM -- CASP2 -- MDM2 -- CHUK -- RPS6KA5 -- TRAF6 -- PPP1R13L -- MAPK9 -- IRF1 -- FAS -- EIF4G2 -- HIP1 -- CASP8 -- CDK4 -- CDK6 -- OTUD7B -- CASP10 -- BAD -- HNRNPK -- CASP7 -- SMPD1 -- TNIK -- RBL2 -- PSIP1 -- BCL2L11 -- BAK1 -- FOXM1 -- TFDP1 -- MCL1 -- CTBP1 -- RBL1 -- PCNA -- PLAC8 -- CCNG1 -- DIABLO -- RASSF1
693,TNFRSF1A -- SMURF2 -- TNFRSF1B -- NFKB1 -- MAPK8 -- JUN -- BIRC2 -- BIRC3 -- SIRT1 -- FASLG -- RB1 -- TNFAIP3 -- CFLAR -- RHOA -- IL2 -- RAC1 -- MAP2K7 -- MAP3K1 -- VEGFA -- TGFB1 -- RET -- TRADD -- MAPK1 -- TRAF2 -- KRT18 -- ATM -- DAB2IP -- NFKB2 -- MAPK3 -- IRF1 -- FAS -- MYB -- BCL2 -- CASP7 -- SMPD1 -- TNIK -- PSIP1 -- BRCA1 -- EIF4E -- BID -- FOXM1 -- TFDP1 -- PCNA -- CASP9 -- CCNG1 -- DIABLO -- RASSF1 -- RANGAP1
694,SMURF2 -- TNF -- TP53 -- NFKB1 -- MAPK8 -- STAT1 -- JUN -- FOS -- SIRT1 -- MYC -- CFLAR -- TRAF1 -- MAPK14 -- PTMA -- RHOA -- NR3C1 -- RAC1 -- VEGFA -- TGFB1 -- RET -- MAPK1 -- CASP3 -- KRT18 -- NFKB2 -- MDM2 -- CHUK -- TRAF6 -- PPP1R13L -- MAPK9 -- EIF4G2 -- HTRA2 -- MYB -- BCL2 -- OTUD7B -- RNF11 -- BAD -- SOD1 -- BCL2L1 -- CDKN1A -- HTT -- BBC3 -- BAX -- BAK1 -- TFDP1 -- PCNA -- PLAC8 -- CCNG1 -- APAF1 -- ALPI -- RASSF1 -- RANGAP1
695,TNFRSF1A -- TNF -- NFKB1 -- MAPK8 -- STAT1 -- JUN -- MYC -- TNFAIP3 -- EP300 -- CFLAR -- TRAF1 -- MAPK14 -- NR3C1 -- TGFB2 -- IL2 -- RELA -- FADD -- RAC1 -- MAP2K7 -- MAP3K1 -- TGFB1 -- MAP3K14 -- TRADD -- MAPK1 -- CASP3 -- KRT18 -- NFKB2 -- CHUK -- RPS6KA5 -- MAPK3 -- TRAF6 -- PPP1R13L -- HTRA2 -- MYB -- CYCS -- CDK6 -- OTUD7B -- SOD1 -- HNRNPK -- RPA4 -- SMPD1 -- TNIK -- CDKN1A -- HTT -- BRCA1 -- CDKN2A -- BBC3 -- BAX -- BAK1 -- EIF4E -- BID -- FOXM1 -- MCL1 -- CTBP1 -- TAF1 -- CASP9 -- CCNG1 -- DIABLO -- APAF1 -- ALPI
696,SMURF2 -- TNF -- TNFRSF1B -- RIPK1 -- MAPK8 -- JUN -- FOS -- BIRC3 -- MYC -- CFLAR -- TRAF1 -- RHOA -- TGFB2 -- IL2 -- RAC1 -- MAP2K7 -- IGF1 -- MAP3K14 -- RET -- TRADD -- TRAF2 -- TNFRSF10B -- CASP3 -- KRT18 -- AKT1 -- ATM -- NFKB2 -- CHUK -- TRAF6 -- LYN -- EIF4G2 -- HTRA2 -- NFKBIA -- MYB -- CDK4 -- OTUD7B -- RNF11 -- PSEN1 -- SOD1 -- HNRNPK -- RPA4 -- BCL2L1 -- CASP7 -- SMPD1 -- RBL2 -- BRCA1 -- BCL2L11 -- PELP1 -- BAK1 -- EIF4E -- BID -- FOXM1 -- TFDP1 -- PCNA -- TAF1 -- PLAC8 -- CCNG1 -- DIABLO -- APAF1 -- ALPI -- RASSF1
697,SMURF2 -- TNF -- TNFRSF1B -- RIPK1 -- TP53 -- NFKB1 -- MAPK8 -- JUN -- FOS -- BIRC2 -- FASLG -- RB1 -- TNFAIP3 -- EP300 -- CCND1 -- CFLAR -- PTMA -- RHOA -- NR3C1 -- TGFB2 -- RAC1 -- MAP3K1 -- IGF1 -- VEGFA -- TGFB1 -- MAP3K14 -- TRADD -- TRAF2 -- CASP3 -- AKT1 -- CASP2 -- MDM2 -- CHUK -- RPS6KA5 -- MAPK3 -- TRAF6 -- PPP1R13L -- MAPK9 -- IRF1 -- FAS -- HTRA2 -- NFKBIA -- CYCS -- HIP1 -- CASP10 -- PARP1 -- PSEN1 -- BAD -- RPA4 -- CASP7 -- CDKN1A -- BCL2L11 -- PELP1 -- BAX -- BAK1 -- BID -- PLAC8 -- DIABLO -- RASSF1
698,TNFRSF1A -- SMURF2 -- NFKB1 -- STAT1 -- JUN -- BIRC3 -- SIRT1 -- EP300 -- CCND1 -- CFLAR -- RHOA -- TGFB2 -- IL2 -- RELA -- FADD -- RAC1 -- MAP3K1 -- VEGFA -- TGFB1 -- MAP3K14 -- TRAF2 -- TNFRSF10B -- AKT1 -- NFKB2 -- CASP2 -- MDM2 -- CHUK -- MAPK3 -- IRF1 -- FAS -- HTRA2 -- NFKBIA -- MYB -- CYCS -- HIP1 -- BCL2 -- CASP8 -- CDK4 -- RNF11 -- CASP10 -- PARP1 -- PSEN1 -- BAD -- RPA4 -- SMPD1 -- TNIK -- RBL2 -- HTT -- BAX -- BAK1 -- EIF4E -- FOXM1 -- TFDP1 -- MCL1 -- CTBP1 -- ALPI
699,SMURF2 -- TNF -- RIPK1 -- MAPK8 -- JUN -- BIRC3 -- TNFAIP3 -- PTMA -- RHOA -- TGFB2 -- IL2 -- MAP2K7 -- MAP3K1 -- VEGFA -- MAP3K14 -- TRADD -- MAPK1 -- TRAF2 -- TNFRSF10B -- AKT1 -- ATM -- MDM2 -- CHUK -- MAPK3 -- TRAF6 -- PPP1R13L -- MAPK9 -- LYN -- IRF1 -- FAS -- EIF4G2 -- MYB -- HIP1 -- BCL2 -- CASP8 -- CDK6 -- RNF11 -- CASP10 -- PSEN1 -- BAD -- SOD1 -- RPA4 -- CASP7 -- TNIK -- RBL2 -- CDKN1A -- BCL2L11 -- PELP1 -- BAX -- FOXM1 -- CTBP1 -- RBL1 -- PCNA -- TAF1 -- CASP9 -- CCNG1 -- APAF1 -- ALPI -- RASSF1 -- RANGAP1
700,TNF -- TNFRSF1B -- NFKB1 -- MAPK8 -- JUN -- BIRC2 -- BIRC3 -- FASLG -- MYC -- EP300 -- CCND1 -- TRAF1 -- PTMA -- RHOA -- TGFB2 -- IL2 -- RELA -- MAP3K1 -- MAP3K14 -- RET -- TRADD -- MAPK1 -- TNFRSF10B -- KRT18 -- ATM -- NFKB2 -- CASP2 -- E2F1 -- MAPK3 -- TRAF6 -- HTRA2 -- NFKBIA -- CDK4 -- OTUD7B -- RNF11 -- PARP1 -- PSEN1 -- BAD -- SOD1 -- HNRNPK -- RPA4 -- TNIK -- CDKN1A -- PSIP1 -- BBC3 -- PELP1 -- BAX -- BAK1 -- TFDP1 -- PCNA -- DIABLO
701,SMURF2 -- TNF -- TNFRSF1B -- RIPK1 -- TP53 -- NFKB1 -- STAT1 -- BIRC2 -- FASLG -- MYC -- TNFAIP3 -- EP300 -- CCND1 -- CFLAR -- TRAF1 -- MAPK14 -- RHOA -- TGFB2 -- IL2 -- RAC1 -- MAP2K7 -- IGF1 -- VEGFA -- TGFB1 -- MAP3K14 -- RET -- MAPK1 -- TRAF2 -- CASP3 -- AKT1 -- ATM -- E2F1 -- RPS6KA5 -- TRAF6 -- PPP1R13L -- IRF1 -- FAS -- EIF4G2 -- NFKBIA -- CYCS -- HIP1 -- BCL2 -- CASP8 -- CDK4 -- CDK6 -- RNF11 -- SOD1 -- BCL2L1 -- SMPD1 -- RBL2 -- CDKN1A -- HTT -- BRCA1 -- CDKN2A -- BAX -- BAK1 -- BID -- TFDP1 -- MCL1 -- RBL1 -- PLAC8 -- DIABLO -- ALPI -- RASSF1
702,TNFRSF1A -- SMURF2 -- TNFRSF1B -- RIPK1 -- NFKB1 -- JUN -- FOS -- BIRC2 -- BIRC3 -- SIRT1 -- FASLG -- MYC -- TNFAIP3 -- EP300 -- CCND1 -- CFLAR -- MAPK14 -- RHOA -- TGFB2 -- IL2 -- RELA -- RAC1 -- MAP2K7 -- MAP3K1 -- VEGFA -- TGFB1 -- MAP3K14 -- MAPK1 -- CASP3 -- AKT1 -- NFKB2 -- E2F1 -- RPS6KA5 -- MAPK3 -- PPP1R13L -- LYN -- EIF4G2 -- HTRA2 -- HIP1 -- CASP8 -- CDK4 -- CDK6 -- OTUD7B -- CASP10 -- PARP1 -- SOD1 -- HNRNPK -- RPA4 -- BCL2L1 -- TNIK -- CDKN1A -- HTT -- PSIP1 -- CDKN2A -- BBC3 -- PELP1 -- BAX -- RBL1 -- PCNA -- PLAC8 -- CASP9 -- APAF1
703,TNFRSF1A -- TP53 -- MAPK8 -- JUN -- BIRC2 -- BIRC3 -- RB1 -- TNFAIP3 -- CCND1 -- MAPK14 -- PTMA -- RELA -- RAC1 -- MAP2K7 -- MAP3K1 -- TGFB1 -- MAP3K14 -- CASP3 -- AKT1 -- ATM -- DAB2IP -- E2F1 -- CHUK -- RPS6KA5 -- MAPK3 -- HTRA2 -- MYB -- HIP1 -- CDK4 -- OTUD7B -- RNF11 -- SOD1 -- HNRNPK -- RPA4 -- CASP7 -- TNIK -- RBL2 -- PSIP1 -- BRCA1 -- BCL2L11 -- PELP1 -- BAK1 -- BID -- CTBP1 -- RBL1 -- PCNA -- TAF1 -- PLAC8 -- RASSF1 -- RANGAP1
704,TNFRSF1A -- SMURF2 -- TNF -- TP53 -- NFKB1 -- MAPK8 -- JUN -- FOS -- MYC -- RB1 -- TNFAIP3 -- EP300 -- CCND1 -- PTMA -- RHOA -- NR3C1 -- RELA -- RAC1 -- MAP3K14 -- RET -- TRADD -- TNFRSF10B -- AKT1 -- CHUK -- RPS6KA5 -- TRAF6 -- PPP1R13L -- LYN -- IRF1 -- CDK6 -- RNF11 -- PSEN1 -- BCL2L1 -- RBL2 -- CDKN1A -- BRCA1 -- BCL2L11 -- BAK1 -- FOXM1 -- TFDP1 -- MCL1 -- RBL1 -- PCNA -- PLAC8 -- CCNG1 -- DIABLO -- APAF1 -- ALPI -- RANGAP1
705,TP53 -- NFKB1 -- MAPK8 -- STAT1 -- JUN -- BIRC2 -- FASLG -- MYC -- RB1 -- TNFAIP3 -- TRAF1 -- PTMA -- FADD -- RAC1 -- IGF1 -- VEGFA -- RET -- TRADD -- MAPK1 -- TRAF2 -- CASP3 -- KRT18 -- ATM -- DAB2IP -- NFKB2 -- CASP2 -- E2F1 -- RPS6KA5 -- MAPK3 -- TRAF6 -- MAPK9 -- LYN -- IRF1 -- EIF4G2 -- HTRA2 -- MYB -- BCL2 -- CDK6 -- RNF11 -- SOD1 -- RBL2 -- CDKN1A -- HTT -- PSIP1 -- BRCA1 -- CDKN2A -- BCL2L11 -- PELP1 -- EIF4E -- BID -- FOXM1 -- TFDP1 -- MCL1 -- PCNA -- TAF1 -- PLAC8 -- CASP9 -- RANGAP1
706,SMURF2 -- TP53 -- NFKB1 -- MAPK8 -- STAT1 -- JUN -- BIRC3 -- SIRT1 -- FASLG -- TNFAIP3 -- CCND1 -- TRAF1 -- PTMA -- RHOA -- NR3C1 -- TGFB2 -- IL2 -- MAP2K7 -- MAP3K1 -- IGF1 -- VEGFA -- TGFB1 -- MAP3K14 -- KRT18 -- AKT1 -- ATM -- DAB2IP -- MDM2 -- CHUK -- RPS6KA5 -- TRAF6 -- PPP1R13L -- LYN -- EIF4G2 -- NFKBIA -- CYCS -- BCL2 -- CDK4 -- CDK6 -- OTUD7B -- RNF11 -- PSEN1 -- RPA4 -- CASP7 -- SMPD1 -- RBL2 -- HTT -- BRCA1 -- PELP1 -- BAX -- BAK1 -- FOXM1 -- CTBP1 -- RBL1 -- TAF1 -- CASP9 -- RASSF1 -- RANGAP1
707,SMURF2 -- TNFRSF1B -- TP53 -- MAPK8 -- FOS -- BIRC2 -- BIRC3 -- FASLG -- MYC -- RB1 -- CFLAR -- MAPK14 -- RHOA -- TGFB2 -- FADD -- MAP2K7 -- IGF1 -- VEGFA -- RET -- TRADD -- MAPK1 -- TNFRSF10B -- ATM -- DAB2IP -- NFKB2 -- RPS6KA5 -- MAPK3 -- MAPK9 -- IRF1 -- FAS -- NFKBIA -- MYB -- CYCS -- HIP1 -- BCL2 -- CDK4 -- CDK6 -- OTUD7B -- CASP10 -- PARP1 -- HNRNPK -- BCL2L1 -- CASP7 -- CDKN1A -- BRCA1 -- PELP1 -- BAX -- TFDP1 -- MCL1 -- CTBP1 -- TAF1 -- PLAC8 -- DIABLO -- APAF1 -- ALPI
708,SMURF2 -- TNFRSF1B -- NFKB1 -- STAT1 -- JUN -- FOS -- BIRC3 -- SIRT1 -- FASLG -- MYC -- RB1 -- TNFAIP3 -- EP300 -- CCND1 -- CFLAR -- TRAF1 -- TGFB2 -- IL2 -- FADD -- MAP2K7 -- MAP3K1 -- VEGFA -- TGFB1 -- RET -- TRADD -- TNFRSF10B -- CASP3 -- KRT18 -- NFKB2 -- E2F1 -- MAPK3 -- IRF1 -- EIF4G2 -- NFKBIA -- MYB -- HIP1 -- CDK4 -- CDK6 -- OTUD7B -- PARP1 -- PSEN1 -- SOD1 -- BCL2L1 -- TNIK -- CDKN1A -- HTT -- BRCA1 -- BCL2L11 -- PELP1 -- BAK1 -- MCL1 -- RBL1 -- PLAC8 -- CCNG1 -- DIABLO -- APAF1 -- RASSF1
709,TNFRSF1A -- TNFRSF1B -- RIPK1 -- TP53 -- STAT1 -- JUN -- FOS -- BIRC2 -- BIRC3 -- FASLG -- EP300 -- CCND1 -- CFLAR -- TRAF1 -- MAPK14 -- RAC1 -- IGF1 -- TGFB1 -- MAP3K14 -- MAPK1 -- AKT1 -- CASP2 -- CHUK -- MAPK3 -- TRAF6 -- PPP1R13L -- MAPK9 -- FAS -- EIF4G2 -- HTRA2 -- NFKBIA -- CYCS -- CASP8 -- OTUD7B -- CASP10 -- PARP1 -- BAD -- SOD1 -- HNRNPK -- RPA4 -- BCL2L1 -- CASP7 -- TNIK -- CDKN1A -- HTT -- CDKN2A -- PELP1 -- BAX -- BAK1 -- BID -- MCL1 -- CTBP1 -- RBL1 -- PCNA -- TAF1 -- CASP9 -- DIABLO -- ALPI -- RASSF1 -- RANGAP1
710,MAPK8 -- BIRC3 -- FASLG -- RB1 -- EP300 -- MAPK14 -- RHOA -- TGFB2 -- IL2 -- RELA -- FADD -- RAC1 -- MAP2K7 -- TGFB1 -- RET -- TRADD -- TRAF2 -- CASP3 -- KRT18 -- AKT1 -- CASP2 -- E2F1 -- MAPK3 -- MAPK9 -- EIF4G2 -- HTRA2 -- NFKBIA -- BCL2 -- CDK4 -- CDK6 -- RNF11 -- CASP10 -- PARP1 -- BAD -- SOD1 -- RPA4 -- BCL2L1 -- RBL2 -- HTT -- PSIP1 -- BRCA1 -- CDKN2A -- BCL2L11 -- PELP1 -- BAX -- EIF4E -- BID -- TFDP1 -- PCNA -- APAF1 -- ALPI -- RASSF1 -- RANGAP1
711,TNF -- JUN -- BIRC2 -- BIRC3 -- FASLG -- MYC -- TNFAIP3 -- CFLAR -- MAPK14 -- TGFB2 -- FADD -- RAC1 -- MAP2K7 -- MAP3K14 -- TRADD -- TRAF2 -- TNFRSF10B -- CASP3 -- AKT1 -- CASP2 -- MDM2 -- CHUK -- TRAF6 -- PPP1R13L -- LYN -- FAS -- EIF4G2 -- NFKBIA -- CASP8 -- CASP10 -- PARP1 -- PSEN1 -- SOD1 -- HNRNPK -- RPA4 -- CASP7 -- TNIK -- RBL2 -- CDKN1A -- HTT -- PSIP1 -- BRCA1 -- BCL2L11 -- PELP1 -- BAK1 -- EIF4E -- TFDP1 -- MCL1 -- TAF1 -- PLAC8 -- CCNG1 -- DIABLO
712,SMURF2 -- TNFRSF1B -- RIPK1 -- MAPK8 -- STAT1 -- JUN -- BIRC2 -- BIRC3 -- MYC -- EP300 -- CFLAR -- PTMA -- RHOA -- NR3C1 -- TGFB2 -- IL2 -- RELA -- RAC1 -- MAP2K7 -- MAP3K1 -- VEGFA -- MAP3K14 -- TRADD -- TNFRSF10B -- CASP3 -- KRT18 -- ATM -- NFKB2 -- CASP2 -- CHUK -- RPS6KA5 -- PPP1R13L -- IRF1 -- HTRA2 -- NFKBIA -- MYB -- CYCS -- BCL2 -- CASP8 -- CDK4 -- CDK6 -- OTUD7B -- RNF11 -- PSEN1 -- BAD -- SOD1 -- HNRNPK -- RPA4 -- CASP7 -- SMPD1 -- CDKN1A -- HTT -- PSIP1 -- CDKN2A -- BBC3 -- BCL2L11 -- PELP1 -- BAX -- BAK1 -- EIF4E -- FOXM1 -- TFDP1 -- TAF1 -- PLAC8 -- CASP9 -- CCNG1 -- DIABLO
713,TNFRSF1A -- SMURF2 -- TNF -- RIPK1 -- TP53 -- NFKB1 -- MAPK8 -- FOS -- BIRC2 -- BIRC3 -- SIRT1 -- TNFAIP3 -- EP300 -- CFLAR -- TRAF1 -- MAPK14 -- PTMA -- RHOA -- IL2 -- MAP3K1 -- IGF1 -- TGFB1 -- MAP3K14 -- TRADD -- TRAF2 -- CASP3 -- AKT1 -- ATM -- NFKB2 -- PPP1R13L -- IRF1 -- FAS -- EIF4G2 -- HTRA2 -- HIP1 -- CASP8 -- OTUD7B -- CASP10 -- PSEN1 -- CASP7 -- TNIK -- RBL2 -- HTT -- BRCA1 -- CDKN2A -- BAK1 -- BID -- FOXM1 -- CTBP1 -- RBL1 -- PCNA -- TAF1 -- PLAC8 -- CASP9 -- DIABLO -- ALPI -- RASSF1
714,SMURF2 -- TNF -- TP53 -- MAPK8 -- JUN -- FOS -- SIRT1 -- FASLG -- MYC -- TNFAIP3 -- CCND1 -- CFLAR -- TRAF1 -- TGFB2 -- IL2 -- IGF1 -- VEGFA -- MAP3K14 -- RET -- TRADD -- MAPK1 -- TRAF2 -- TNFRSF10B -- CASP3 -- ATM -- E2F1 -- CHUK -- TRAF6 -- MAPK9 -- IRF1 -- HTRA2 -- CYCS -- HIP1 -- CDK4 -- OTUD7B -- RNF11 -- PARP1 -- PSEN1 -- BAD -- SOD1 -- HNRNPK -- RPA4 -- BCL2L1 -- CASP7 -- HTT -- PSIP1 -- BRCA1 -- BCL2L11 -- PELP1 -- EIF4E -- BID -- MCL1 -- CTBP1 -- RBL1 -- PCNA -- TAF1 -- CASP9 -- APAF1 -- RASSF1 -- RANGAP1
715,TNFRSF1B -- RIPK1 -- NFKB1 -- STAT1 -- SIRT1 -- MYC -- RB1 -- TNFAIP3 -- CCND1 -- TRAF1 -- MAPK14 -- NR3C1 -- RELA -- IGF1 -- VEGFA -- TGFB1 -- RET -- TRADD -- MAPK1 -- TRAF2 -- TNFRSF10B -- KRT18 -- AKT1 -- ATM -- DAB2IP -- MDM2 -- CHUK -- RPS6KA5 -- MAPK3 -- TRAF6 -- HTRA2 -- MYB -- BCL2 -- CASP8 -- CDK4 -- CDK6 -- RNF11 -- CASP10 -- PARP1 -- SOD1 -- BCL2L1 -- CASP7 -- SMPD1 -- RBL2 -- CDKN1A -- BAK1 -- BID -- TFDP1 -- CTBP1 -- RBL1 -- PCNA -- PLAC8 -- CCNG1 -- DIABLO -- APAF1 -- ALPI
716,TNF -- RIPK1 -- NFKB1 -- FOS -- BIRC3 -- FASLG -- RB1 -- TNFAIP3 -- CCND1 -- MAPK14 -- IL2 -- MAP3K1 -- IGF1 -- MAP3K14 -- RET -- TNFRSF10B -- CASP3 -- KRT18 -- AKT1 -- ATM -- DAB2IP -- NFKB2 -- E2F1 -- CHUK -- RPS6KA5 -- MAPK3 -- PPP1R13L -- FAS -- NFKBIA -- MYB -- CYCS -- HIP1 -- CASP8 -- OTUD7B -- RNF11 -- BAD -- BCL2L1 -- CASP7 -- TNIK -- HTT -- PSIP1 -- CDKN2A -- BBC3 -- PELP1 -- BAX -- BID -- CTBP1 -- RBL1 -- PCNA -- TAF1 -- PLAC8 -- CASP9 -- CCNG1 -- APAF1
717,SMURF2 -- TNF -- TP53 -- STAT1 -- BIRC2 -- BIRC3 -- SIRT1 -- MYC -- RB1 -- TNFAIP3 -- EP300 -- MAPK14 -- RHOA -- NR3C1 -- IL2 -- RELA -- FADD -- RAC1 -- MAP3K1 -- VEGFA -- MAP3K14 -- TNFRSF10B -- KRT18 -- AKT1 -- ATM -- NFKB2 -- CHUK -- MAPK3 -- TRAF6 -- PPP1R13L -- MAPK9 -- EIF4G2 -- MYB -- CYCS -- HIP1 -- CASP8 -- CDK6 -- OTUD7B -- CASP10 -- PSEN1 -- SOD1 -- BCL2L1 -- TNIK -- CDKN1A -- HTT -- CDKN2A -- PELP1 -- BAK1 -- EIF4E -- RBL1 -- TAF1 -- DIABLO -- RASSF1 -- RANGAP1
718,TNF -- TNFRSF1B -- RIPK1 -- NFKB1 -- FOS -- BIRC2 -- RB1 -- CFLAR -- TRAF1 -- RHOA -- NR3C1 -- TGFB2 -- IGF1 -- TGFB1 -- TRADD -- MAPK1 -- TRAF2 -- TNFRSF10B -- CASP3 -- KRT18 -- AKT1 -- ATM -- MDM2 -- CHUK -- RPS6KA5 -- MAPK3 -- LYN -- IRF1 -- FAS -- EIF4G2 -- HTRA2 -- MYB -- HIP1 -- BCL2 -- CDK4 -- OTUD7B -- RNF11 -- CASP10 -- PARP1 -- PSEN1 -- BAD -- SOD1 -- RPA4 -- CASP7 -- SMPD1 -- TNIK -- CDKN2A -- BAX -- FOXM1 -- TFDP1 -- MCL1 -- CTBP1 -- APAF1 -- ALPI -- RASSF1 -- RANGAP1
719,TNFRSF1A -- TNF -- RIPK1 -- TP53 -- FOS -- SIRT1 -- MYC -- RB1 -- CCND1 -- CFLAR -- PTMA -- RHOA -- MAP2K7 -- MAP3K1 -- MAP3K14 -- RET -- MAPK1 -- TRAF2 -- TNFRSF10B -- ATM -- DAB2IP -- E2F1 -- MDM2 -- CHUK -- MAPK3 -- PPP1R13L -- MAPK9 -- IRF1 -- HTRA2 -- CYCS -- BCL2 -- CASP8 -- CDK4 -- CDK6 -- OTUD7B -- CASP10 -- PARP1 -- PSEN1 -- BAD -- SOD1 -- HNRNPK -- RPA4 -- RBL2 -- CDKN2A -- BBC3 -- BCL2L11 -- PELP1 -- EIF4E -- BID -- FOXM1 -- CTBP1 -- RBL1 -- TAF1 -- CCNG1 -- APAF1 -- ALPI -- RASSF1
720,TNFRSF1A -- SMURF2 -- RIPK1 -- TP53 -- NFKB1 -- MAPK8 -- STAT1 -- BIRC2 -- BIRC3 -- SIRT1 -- TNFAIP3 -- EP300 -- CCND1 -- TRAF1 -- PTMA -- NR3C1 -- TGFB2 -- IL2 -- RAC1 -- MAP2K7 -- TGFB1 -- MAP3K14 -- TRAF2 -- MDM2 -- CHUK -- RPS6KA5 -- MAPK3 -- MAPK9 -- IRF1 -- FAS -- NFKBIA -- MYB -- CYCS -- HIP1 -- BCL2 -- CASP8 -- CDK4 -- CDK6 -- RNF11 -- CASP10 -- PARP1 -- PSEN1 -- BAD -- RPA4 -- CDKN1A -- HTT -- BAK1 -- BID -- MCL1 -- CTBP1 -- RBL1 -- PCNA -- PLAC8 -- CASP9 -- DIABLO -- ALPI -- RASSF1 -- RANGAP1
721,SMURF2 -- TNFRSF1B -- RIPK1 -- TP53 -- MAPK8 -- STAT1 -- FASLG -- TNFAIP3 -- CFLAR -- PTMA -- TGFB2 -- FADD -- MAP2K7 -- MAP3K14 -- TRADD -- TRAF2 -- TNFRSF10B -- ATM -- CASP2 -- E2F1 -- MAPK3 -- TRAF6 -- MAPK9 -- LYN -- IRF1 -- FAS -- CDK4 -- PARP1 -- PSEN1 -- BAD -- BCL2L1 -- CASP7 -- TNIK -- CDKN1A -- CDKN2A -- BBC3 -- BCL2L11 -- BAK1 -- FOXM1 -- TFDP1 -- CTBP1 -- RBL1 -- PCNA -- PLAC8 -- CASP9 -- DIABLO -- APAF1 -- RASSF1
722,SMURF2 -- TNFRSF1B -- RIPK1 -- NFKB1 -- MAPK8 -- JUN -- FOS -- BIRC2 -- TNFAIP3 -- EP300 -- CFLAR -- NR3C1 -- IL2 -- RELA -- MAP3K1 -- VEGFA -- TGFB1 -- MAP3K14 -- RET -- TRAF2 -- KRT18 -- ATM -- DAB2IP -- NFKB2 -- E2F1 -- CHUK -- RPS6KA5 -- MAPK9 -- LYN -- EIF4G2 -- HTRA2 -- NFKBIA -- MYB -- BCL2 -- CASP10 -- PARP1 -- SOD1 -- HNRNPK -- BCL2L1 -- TNIK -- CDKN1A -- PSIP1 -- CDKN2A -- BCL2L11 -- PELP1 -- BAX -- BAK1 -- BID -- MCL1 -- CTBP1 -- RBL1 -- PCNA -- TAF1 -- PLAC8 -- CASP9 -- CCNG1 -- DIABLO -- ALPI -- RANGAP1
723,SMURF2 -- TNFRSF1B -- TP53 -- MAPK8 -- BIRC3 -- MYC -- EP300 -- CFLAR -- TRAF1 -- MAPK14 -- RHOA -- FADD -- RAC1 -- MAP2K7 -- MAP3K1 -- IGF1 -- VEGFA -- MAP3K14 -- RET -- TRADD -- TRAF2 -- CASP3 -- KRT18 -- NFKB2 -- CASP2 -- E2F1 -- MDM2 -- MAPK3 -- MAPK9 -- LYN -- IRF1 -- FAS -- HTRA2 -- MYB -- HIP1 -- CASP8 -- CDK4 -- RNF11 -- SOD1 -- HNRNPK -- RPA4 -- CASP7 -- TNIK -- HTT -- PSIP1 -- BRCA1 -- BBC3 -- BCL2L11 -- PELP1 -- BAK1 -- TFDP1 -- MCL1 -- CTBP1 -- PCNA -- TAF1 -- DIABLO -- APAF1 -- ALPI -- RASSF1 -- RANGAP1
724,TNFRSF1A -- TNF -- RIPK1 -- NFKB1 -- FOS -- FASLG -- RB1 -- TNFAIP3 -- EP300 -- CCND1 -- CFLAR -- RHOA -- NR3C1 -- TGFB2 -- FADD -- MAP2K7 -- MAP3K1 -- TGFB1 -- RET -- MAPK1 -- TRAF2 -- TNFRSF10B -- AKT1 -- CASP2 -- E2F1 -- MDM2 -- CHUK -- MAPK3 -- MAPK9 -- FAS -- EIF4G2 -- HTRA2 -- NFKBIA -- MYB -- CYCS -- HIP1 -- CASP8 -- CASP10 -- BAD -- HNRNPK -- CASP7 -- CDKN1A -- HTT -- PSIP1 -- BBC3 -- BCL2L11 -- PELP1 -- BAK1 -- FOXM1 -- TFDP1 -- MCL1 -- RBL1 -- TAF1 -- PLAC8 -- APAF1 -- ALPI -- RASSF1 -- RANGAP1
725,TNF -- MAPK8 -- JUN -- BIRC2 -- BIRC3 -- MYC -- RB1 -- CCND1 -- TRAF1 -- MAPK14 -- TGFB2 -- IL2 -- RELA -- FADD -- RAC1 -- MAP2K7 -- MAP3K1 -- IGF1 -- TGFB1 -- MAP3K14 -- RET -- TRADD -- MAPK1 -- CASP3 -- ATM -- DAB2IP -- IRF1 -- HIP1 -- BCL2 -- CASP8 -- CDK4 -- CDK6 -- OTUD7B -- CASP10 -- BAD -- SOD1 -- RPA4 -- BCL2L1 -- CASP7 -- TNIK -- RBL2 -- CDKN1A -- PSIP1 -- BRCA1 -- BBC3 -- BCL2L11 -- PELP1 -- BAX -- TFDP1 -- PCNA -- TAF1 -- CASP9 -- DIABLO -- RASSF1 -- RANGAP1
726,TNFRSF1A -- RIPK1 -- TP53 -- NFKB1 -- STAT1 -- JUN -- BIRC2 -- SIRT1 -- MYC -- RB1 -- TNFAIP3 -- CCND1 -- CFLAR -- MAPK14 -- PTMA -- NR3C1 -- FADD -- RAC1 -- MAP2K7 -- MAP3K1 -- VEGFA -- RET -- TRAF2 -- KRT18 -- AKT1 -- E2F1 -- PPP1R13L -- IRF1 -- NFKBIA -- CYCS -- HIP1 -- CDK4 -- CDK6 -- RNF11 -- HNRNPK -- RPA4 -- BCL2L1 -- TNIK -- RBL2 -- CDKN1A -- HTT -- PELP1 -- TFDP1 -- MCL1 -- RBL1 -- PCNA -- PLAC8 -- CASP9 -- DIABLO -- APAF1 -- ALPI -- RASSF1 -- RANGAP1
727,TNFRSF1A -- SMURF2 -- TNF -- FASLG -- MYC -- EP300 -- CFLAR -- RHOA -- IL2 -- RAC1 -- MAP2K7 -- TGFB1 -- MAP3K14 -- MAPK1 -- TNFRSF10B -- CASP3 -- DAB2IP -- NFKB2 -- CHUK -- RPS6KA5 -- MAPK3 -- IRF1 -- FAS -- EIF4G2 -- NFKBIA -- CYCS -- HIP1 -- CDK4 -- PARP1 -- SOD1 -- HNRNPK -- RPA4 -- SMPD1 -- CDKN1A -- PSIP1 -- CDKN2A -- BBC3 -- EIF4E -- BID -- FOXM1 -- MCL1 -- CCNG1 -- DIABLO -- ALPI -- RASSF1
728,TNFRSF1A -- SMURF2 -- TNFRSF1B -- RIPK1 -- NFKB1 -- STAT1 -- FOS -- MYC -- RB1 -- TNFAIP3 -- EP300 -- NR3C1 -- IL2 -- RELA -- MAP3K1 -- IGF1 -- VEGFA -- TGFB1 -- TRADD -- MAPK1 -- TNFRSF10B -- CASP3 -- KRT18 -- AKT1 -- NFKB2 -- E2F1 -- TRAF6 -- MAPK9 -- LYN -- IRF1 -- EIF4G2 -- MYB -- CYCS -- HIP1 -- BCL2 -- CASP8 -- CDK6 -- OTUD7B -- CASP10 -- PARP1 -- PSEN1 -- BAD -- SOD1 -- SMPD1 -- TNIK -- CDKN1A -- PSIP1 -- BRCA1 -- BCL2L11 -- PELP1 -- BAX -- BAK1 -- EIF4E -- FOXM1 -- RBL1 -- PCNA -- PLAC8 -- CASP9 -- CCNG1 -- DIABLO -- APAF1 -- ALPI -- RASSF1
729,TNF -- STAT1 -- JUN -- FOS -- FASLG -- MYC -- RB1 -- TNFAIP3 -- EP300 -- TRAF1 -- MAPK14 -- PTMA -- RHOA -- RELA -- FADD -- MAP2K7 -- IGF1 -- VEGFA -- TRADD -- TRAF2 -- TNFRSF10B -- AKT1 -- ATM -- NFKB2 -- CHUK -- MAPK3 -- PPP1R13L -- MAPK9 -- IRF1 -- EIF4G2 -- HTRA2 -- NFKBIA -- MYB -- CYCS -- CDK4 -- CDK6 -- OTUD7B -- RNF11 -- PARP1 -- BAD -- SOD1 -- HNRNPK -- RPA4 -- CASP7 -- BRCA1 -- CDKN2A -- BBC3 -- BCL2L11 -- BAX -- EIF4E -- BID -- FOXM1 -- MCL1 -- CTBP1 -- PLAC8 -- CASP9 -- CCNG1
730,TP53 -- NFKB1 -- MAPK8 -- STAT1 -- JUN -- FOS -- EP300 -- CCND1 -- CFLAR -- TRAF1 -- MAPK14 -- NR3C1 -- TGFB2 -- RELA -- FADD -- RAC1 -- MAP3K1 -- VEGFA -- MAPK1 -- TNFRSF10B -- CASP3 -- ATM -- DAB2IP -- MDM2 -- RPS6KA5 -- MAPK3 -- TRAF6 -- PPP1R13L -- IRF1 -- FAS -- HTRA2 -- NFKBIA -- MYB -- CYCS -- CDK6 -- OTUD7B -- RNF11 -- PSEN1 -- SOD1 -- HNRNPK -- CASP7 -- SMPD1 -- TNIK -- RBL2 -- CDKN1A -- BRCA1 -- CDKN2A -- BCL2L11 -- PELP1 -- BAK1 -- EIF4E -- BID -- PCNA -- TAF1 -- CASP9 -- CCNG1 -- DIABLO -- APAF1 -- ALPI -- RASSF1
731,SMURF2 -- TNFRSF1B -- TP53 -- NFKB1 -- MAPK8 -- STAT1 -- JUN -- FOS -- BIRC2 -- RB1 -- CFLAR -- TRAF1 -- MAPK14 -- PTMA -- RHOA -- TGFB2 -- MAP2K7 -- IGF1 -- VEGFA -- MAP3K14 -- TRADD -- MAPK1 -- TRAF2 -- TNFRSF10B -- CASP3 -- AKT1 -- ATM -- NFKB2 -- CASP2 -- CHUK -- TRAF6 -- PPP1R13L -- MAPK9 -- IRF1 -- FAS -- NFKBIA -- HIP1 -- CASP8 -- CDK4 -- CDK6 -- OTUD7B -- CASP10 -- PARP1 -- HNRNPK -- RPA4 -- CASP7 -- TNIK -- RBL2 -- CDKN1A -- HTT -- PSIP1 -- BRCA1 -- PELP1 -- EIF4E -- MCL1 -- TAF1 -- CASP9 -- CCNG1 -- DIABLO -- APAF1 -- RASSF1
732,TNFRSF1A -- TNFRSF1B -- RIPK1 -- TP53 -- MAPK8 -- JUN -- FOS -- BIRC2 -- BIRC3 -- SIRT1 -- MYC -- RB1 -- CCND1 -- TRAF1 -- PTMA -- RHOA -- NR3C1 -- FADD -- RAC1 -- MAP2K7 -- IGF1 -- TGFB1 -- RET -- TRADD -- MAPK1 -- TRAF2 -- CASP3 -- KRT18 -- ATM -- CASP2 -- MDM2 -- PPP1R13L -- LYN -- FAS -- HTRA2 -- NFKBIA -- CYCS -- HIP1 -- CASP8 -- CDK4 -- CDK6 -- BAD -- HNRNPK -- CASP7 -- TNIK -- CDKN1A -- HTT -- PSIP1 -- CDKN2A -- PELP1 -- BAX -- BAK1 -- BID -- TFDP1 -- MCL1 -- PCNA -- TAF1 -- PLAC8 -- CASP9 -- CCNG1 -- DIABLO -- APAF1 -- ALPI -- RANGAP1
733,TNFRSF1A -- SMURF2 -- TNF -- TNFRSF1B -- RIPK1 -- NFKB1 -- STAT1 -- BIRC3 -- TNFAIP3 -- EP300 -- CFLAR -- TRAF1 -- MAPK14 -- PTMA -- RHOA -- IL2 -- RELA -- FADD -- RAC1 -- MAP2K7 -- TGFB1 -- MAP3K14 -- TRADD -- MAPK1 -- TRAF2 -- CASP3 -- AKT1 -- ATM -- DAB2IP -- MDM2 -- PPP1R13L -- MAPK9 -- LYN -- IRF1 -- HTRA2 -- NFKBIA -- MYB -- CASP8 -- CDK4 -- CDK6 -- RNF11 -- CASP10 -- PSEN1 -- BAD -- SOD1 -- HNRNPK -- BCL2L1 -- SMPD1 -- TNIK -- RBL2 -- BRCA1 -- CDKN2A -- BBC3 -- BCL2L11 -- PELP1 -- EIF4E -- TFDP1 -- CTBP1 -- RBL1 -- CCNG1 -- DIABLO -- ALPI -- RASSF1 -- RANGAP1
734,TNFRSF1A -- SMURF2 -- TNF -- RIPK1 -- MAPK8 -- FOS -- FASLG -- CCND1 -- CFLAR -- MAPK14 -- PTMA -- NR3C1 -- IL2 -- RELA -- MAP2K7 -- MAP3K1 -- IGF1 -- TGFB1 -- MAP3K14 -- TRADD -- TNFRSF10B -- CASP3 -- AKT1 -- ATM -- NFKB2 -- CASP2 -- CHUK -- MAPK3 -- PPP1R13L -- MAPK9 -- IRF1 -- FAS -- HTRA2 -- MYB -- CYCS -- HIP1 -- BCL2 -- CDK6 -- OTUD7B -- RNF11 -- PSEN1 -- BAD -- SOD1 -- HNRNPK -- RPA4 -- BCL2L1 -- SMPD1 -- HTT -- BRCA1 -- BAX -- EIF4E -- FOXM1 -- CTBP1 -- RBL1 -- PCNA -- CASP9 -- CCNG1 -- ALPI -- RANGAP1
735,RIPK1 -- MAPK8 -- JUN -- FOS -- SIRT1 -- FASLG -- MYC -- TNFAIP3 -- TRAF1 -- MAPK14 -- NR3C1 -- TGFB2 -- FADD -- MAP2K7 -- IGF1 -- TGFB1 -- RET -- TRADD -- MAPK1 -- TRAF2 -- TNFRSF10B -- AKT1 -- ATM -- DAB2IP -- E2F1 -- MDM2 -- RPS6KA5 -- MAPK3 -- TRAF6 -- EIF4G2 -- MYB -- BCL2 -- CDK6 -- RNF11 -- PSEN1 -- SOD1 -- BCL2L1 -- CASP7 -- SMPD1 -- RBL2 -- PSIP1 -- BRCA1 -- CDKN2A -- PELP1 -- BAX -- EIF4E -- TFDP1 -- MCL1 -- CTBP1 -- RBL1 -- PLAC8 -- APAF1 -- ALPI -- RANGAP1
736,SMURF2 -- TNF -- TP53 -- STAT1 -- JUN -- FOS -- BIRC2 -- SIRT1 -- RB1 -- EP300 -- PTMA -- TGFB2 -- MAP3K1 -- IGF1 -- VEGFA -- TRADD -- MAPK1 -- TRAF2 -- TNFRSF10B -- CASP3 -- KRT18 -- AKT1 -- ATM -- E2F1 -- MDM2 -- RPS6KA5 -- MAPK9 -- IRF1 -- HTRA2 -- NFKBIA -- MYB -- CASP8 -- OTUD7B -- PARP1 -- BAD -- HNRNPK -- RPA4 -- BCL2L1 -- CASP7 -- SMPD1 -- TNIK -- CDKN1A -- HTT -- CDKN2A -- PELP1 -- BAX -- EIF4E -- BID -- TFDP1 -- MCL1 -- CTBP1 -- CCNG1 -- APAF1 -- ALPI -- RANGAP1
737,TNFRSF1B -- JUN -- BIRC3 -- SIRT1 -- FASLG -- EP300 -- TRAF1 -- MAPK14 -- RHOA -- NR3C1 -- TGFB2 -- FADD -- RAC1 -- MAP2K7 -- MAP3K1 -- MAP3K14 -- RET -- TRADD -- TRAF2 -- CASP3 -- KRT18 -- ATM -- NFKB2 -- E2F1 -- CHUK -- MAPK3 -- TRAF6 -- MAPK9 -- LYN -- FAS -- HTRA2 -- HIP1 -- CDK4 -- OTUD7B -- PSEN1 -- BAD -- SOD1 -- HNRNPK -- BCL2L1 -- RBL2 -- HTT -- PSIP1 -- BBC3 -- RBL1 -- PCNA -- TAF1 -- PLAC8 -- CASP9 -- ALPI -- RASSF1
738,TNFRSF1A -- SMURF2 -- TNF -- TNFRSF1B -- TP53 -- NFKB1 -- MAPK8 -- STAT1 -- BIRC2 -- SIRT1 -- FASLG -- MYC -- EP300 -- CCND1 -- TRAF1 -- PTMA -- RHOA -- NR3C1 -- TGFB2 -- RELA -- RAC1 -- MAP2K7 -- MAP3K1 -- VEGFA -- RET -- TRADD -- TRAF2 -- KRT18 -- AKT1 -- NFKB2 -- E2F1 -- CHUK -- RPS6KA5 -- MAPK3 -- PPP1R13L -- MAPK9 -- EIF4G2 -- NFKBIA -- HIP1 -- BCL2 -- CDK4 -- CDK6 -- OTUD7B -- PARP1 -- PSEN1 -- BAD -- SOD1 -- HNRNPK -- CASP7 -- SMPD1 -- RBL2 -- CDKN1A -- PSIP1 -- PELP1 -- BAK1 -- BID -- FOXM1 -- TFDP1 -- MCL1 -- CTBP1 -- RBL1 -- DIABLO -- APAF1 -- ALPI -- RANGAP1
739,TNFRSF1A -- TNF -- TP53 -- BIRC2 -- FASLG -- RB1 -- RHOA -- IL2 -- FADD -- RAC1 -- KRT18 -- AKT1 -- DAB2IP -- NFKB2 -- E2F1 -- MDM2 -- CHUK -- RPS6KA5 -- MAPK3 -- MAPK9 -- FAS -- HTRA2 -- CYCS -- CDK4 -- CDK6 -- OTUD7B -- RNF11 -- CASP10 -- PARP1 -- PSEN1 -- BAD -- SOD1 -- HNRNPK -- RPA4 -- CASP7 -- CDKN1A -- HTT -- BRCA1 -- BCL2L11 -- TFDP1 -- PCNA -- PLAC8 -- CASP9 -- CCNG1 -- APAF1 -- RANGAP1
740,TNFRSF1A -- TNF -- TNFRSF1B -- NFKB1 -- STAT1 -- FASLG -- MYC -- RB1 -- EP300 -- MAPK14 -- PTMA -- NR3C1 -- TGFB2 -- FADD -- MAP3K1 -- IGF1 -- TGFB1 -- TRADD -- TRAF2 -- TNFRSF10B -- AKT1 -- ATM -- DAB2IP -- NFKB2 -- E2F1 -- MDM2 -- CHUK -- RPS6KA5 -- TRAF6 -- PPP1R13L -- MAPK9 -- LYN -- HTRA2 -- NFKBIA -- MYB -- HIP1 -- BCL2 -- CASP8 -- RNF11 -- CASP10 -- PARP1 -- PSEN1 -- BAD -- RPA4 -- TNIK -- CDKN1A -- HTT -- PSIP1 -- BBC3 -- BAK1 -- EIF4E -- BID -- MCL1 -- CTBP1 -- PLAC8 -- CASP9 -- DIABLO -- RASSF1 -- RANGAP1
741,TNFRSF1A -- TNFRSF1B -- RIPK1 -- MAPK8 -- JUN -- FOS -- BIRC3 -- CCND1 -- TRAF1 -- MAPK14 -- PTMA -- TGFB2 -- RELA -- FADD -- MAP2K7 -- VEGFA -- TGFB1 -- RET -- TRAF2 -- CASP3 -- KRT18 -- AKT1 -- NFKB2 -- CASP2 -- E2F1 -- CHUK -- RPS6KA5 -- MAPK9 -- LYN -- IRF1 -- CYCS -- CASP10 -- PSEN1 -- BAD -- RPA4 -- BCL2L1 -- SMPD1 -- RBL2 -- CDKN1A -- PSIP1 -- BRCA1 -- CDKN2A -- BBC3 -- BCL2L11 -- BAX -- BAK1 -- BID -- MCL1 -- CTBP1 -- PLAC8 -- CASP9 -- CCNG1 -- APAF1 -- ALPI -- RANGAP1
742,RIPK1 -- MAPK8 -- JUN -- SIRT1 -- FASLG -- RB1 -- CFLAR -- MAPK14 -- PTMA -- NR3C1 -- MAP2K7 -- IGF1 -- TGFB1 -- RET -- MAPK1 -- TRAF2 -- CASP3 -- KRT18 -- ATM -- DAB2IP -- NFKB2 -- CHUK -- PPP1R13L -- MAPK9 -- LYN -- IRF1 -- FAS -- HTRA2 -- MYB -- HIP1 -- BCL2 -- CASP10 -- BAD -- SOD1 -- HNRNPK -- CASP7 -- RBL2 -- CDKN1A -- HTT -- PSIP1 -- BAX -- BID -- TFDP1 -- MCL1 -- PCNA -- TAF1 -- PLAC8 -- CCNG1 -- RASSF1 -- RANGAP1
743,TNFRSF1A -- TNF -- TNFRSF1B -- TP53 -- NFKB1 -- STAT1 -- SIRT1 -- FASLG -- MYC -- TNFAIP3 -- CCND1 -- CFLAR -- TRAF1 -- RHOA -- NR3C1 -- IL2 -- RELA -- FADD -- IGF1 -- MAP3K14 -- RET -- TRADD -- CASP3 -- ATM -- DAB2IP -- NFKB2 -- E2F1 -- RPS6KA5 -- MAPK3 -- TRAF6 -- MAPK9 -- LYN -- IRF1 -- FAS -- EIF4G2 -- NFKBIA -- MYB -- CYCS -- CASP8 -- CASP10 -- PARP1 -- BAD -- SOD1 -- RPA4 -- BCL2L1 -- PSIP1 -- BCL2L11 -- PELP1 -- BAX -- BID -- CASP9 -- DIABLO -- ALPI
744,TNFRSF1A -- RIPK1 -- TP53 -- STAT1 -- JUN -- BIRC2 -- SIRT1 -- FASLG -- MYC -- EP300 -- CCND1 -- TRAF1 -- MAPK14 -- RAC1 -- MAP2K7 -- IGF1 -- VEGFA -- RET -- TRAF2 -- DAB2IP -- NFKB2 -- CASP2 -- E2F1 -- MDM2 -- MAPK3 -- TRAF6 -- PPP1R13L -- MAPK9 -- HTRA2 -- CYCS -- CASP8 -- CDK4 -- CDK6 -- OTUD7B -- CASP10 -- BAD -- HNRNPK -- CASP7 -- SMPD1 -- RBL2 -- CDKN1A -- BRCA1 -- CDKN2A -- BBC3 -- EIF4E -- MCL1 -- TAF1 -- PLAC8 -- CCNG1 -- ALPI
745,SMURF2 -- TNF -- RIPK1 -- NFKB1 -- JUN -- BIRC3 -- TNFAIP3 -- CCND1 -- CFLAR -- TRAF1 -- PTMA -- NR3C1 -- TGFB2 -- RELA -- MAP3K1 -- IGF1 -- TRADD -- TRAF2 -- CASP3 -- AKT1 -- DAB2IP -- CASP2 -- MDM2 -- TRAF6 -- LYN -- IRF1 -- MYB -- HIP1 -- BCL2 -- CASP8 -- CDK4 -- OTUD7B -- RNF11 -- BAD -- CASP7 -- SMPD1 -- CDKN1A -- HTT -- PSIP1 -- BRCA1 -- BCL2L11 -- BAX -- BAK1 -- CTBP1 -- TAF1 -- CASP9 -- CCNG1 -- APAF1 -- ALPI -- RASSF1 -- RANGAP1
746,SMURF2 -- JUN -- BIRC2 -- BIRC3 -- FASLG -- MYC -- TNFAIP3 -- EP300 -- TRAF1 -- PTMA -- NR3C1 -- TGFB2 -- RELA -- FADD -- MAP3K1 -- MAP3K14 -- RET -- TRADD -- MAPK1 -- TNFRSF10B -- CASP3 -- RPS6KA5 -- LYN -- IRF1 -- NFKBIA -- MYB -- HIP1 -- BCL2 -- CDK6 -- OTUD7B -- RNF11 -- PARP1 -- BAD -- BCL2L1 -- CASP7 -- SMPD1 -- TNIK -- RBL2 -- CDKN1A -- PSIP1 -- BBC3 -- BCL2L11 -- BAK1 -- EIF4E -- BID -- MCL1 -- RBL1 -- PCNA -- TAF1 -- CASP9 -- ALPI -- RASSF1 -- RANGAP1
747,TNFRSF1A -- TNF -- TNFRSF1B -- RIPK1 -- STAT1 -- FOS -- BIRC2 -- BIRC3 -- SIRT1 -- MYC -- EP300 -- TRAF1 -- MAPK14 -- RHOA -- TGFB2 -- RELA -- MAP2K7 -- MAP3K1 -- VEGFA -- TGFB1 -- TRADD -- MAPK1 -- TNFRSF10B -- CASP3 -- AKT1 -- NFKB2 -- E2F1 -- MDM2 -- CHUK -- RPS6KA5 -- TRAF6 -- PPP1R13L -- LYN -- FAS -- EIF4G2 -- HTRA2 -- NFKBIA -- MYB -- CDK4 -- CDK6 -- PSEN1 -- RPA4 -- BCL2L1 -- CASP7 -- SMPD1 -- HTT -- PSIP1 -- PELP1 -- BAX -- BAK1 -- CTBP1 -- PCNA -- TAF1 -- PLAC8 -- CCNG1 -- DIABLO -- RASSF1
748,TNFRSF1A -- BIRC2 -- BIRC3 -- SIRT1 -- MYC -- TNFAIP3 -- EP300 -- CCND1 -- CFLAR -- PTMA -- RELA -- RAC1 -- VEGFA -- TRADD -- TNFRSF10B -- KRT18 -- AKT1 -- DAB2IP -- NFKB2 -- CHUK -- RPS6KA5 -- TRAF6 -- PPP1R13L -- LYN -- EIF4G2 -- NFKBIA -- BCL2 -- CDK4 -- CDK6 -- CASP10 -- PARP1 -- BAD -- RPA4 -- BCL2L1 -- TNIK -- CDKN1A -- PSIP1 -- PELP1 -- FOXM1 -- TFDP1 -- MCL1 -- CTBP1 -- TAF1 -- PLAC8 -- APAF1 -- ALPI -- RASSF1
749,SMURF2 -- TNFRSF1B -- RIPK1 -- NFKB1 -- MAPK8 -- STAT1 -- FOS -- BIRC2 -- EP300 -- CCND1 -- CFLAR -- TRAF1 -- MAPK14 -- RHOA -- NR3C1 -- TGFB2 -- MAP2K7 -- MAP3K1 -- IGF1 -- TGFB1 -- RET -- TRADD -- MAPK1 -- TRAF2 -- CASP3 -- KRT18 -- NFKB2 -- CASP2 -- E2F1 -- MDM2 -- TRAF6 -- EIF4G2 -- NFKBIA -- MYB -- CDK4 -- RNF11 -- CASP10 -- PSEN1 -- BAD -- CASP7 -- SMPD1 -- TNIK -- PSIP1 -- BRCA1 -- CDKN2A -- PELP1 -- EIF4E -- FOXM1 -- TFDP1 -- MCL1 -- TAF1 -- CCNG1 -- DIABLO -- ALPI -- RASSF1 -- RANGAP1
750,TNFRSF1A -- SMURF2 -- TNF -- TNFRSF1B -- NFKB1 -- MAPK8 -- FOS -- BIRC3 -- FASLG -- MYC -- TNFAIP3 -- EP300 -- CFLAR -- PTMA -- RHOA -- TGFB2 -- MAP3K1 -- IGF1 -- RET -- TRADD -- MAPK1 -- TRAF2 -- TNFRSF10B -- AKT1 -- ATM -- CASP2 -- E2F1 -- CHUK -- RPS6KA5 -- TRAF6 -- FAS -- EIF4G2 -- MYB -- HIP1 -- BCL2 -- CASP8 -- OTUD7B -- CASP10 -- PSEN1 -- BAD -- SOD1 -- BCL2L1 -- TNIK -- CDKN1A -- BRCA1 -- CDKN2A -- PELP1 -- BID -- MCL1 -- CTBP1 -- RBL1 -- PCNA -- TAF1 -- PLAC8 -- CASP9 -- APAF1
751,TNFRSF1A -- SMURF2 -- TNF -- TNFRSF1B -- TP53 -- NFKB1 -- MAPK8 -- STAT1 -- JUN -- BIRC3 -- SIRT1 -- MYC -- TNFAIP3 -- CCND1 -- CFLAR -- RHOA -- TGFB2 -- RAC1 -- IGF1 -- RET -- ATM -- DAB2IP -- RPS6KA5 -- PPP1R13L -- LYN -- IRF1 -- FAS -- EIF4G2 -- HTRA2 -- NFKBIA -- CYCS -- HIP1 -- BCL2 -- CDK4 -- CDK6 -- OTUD7B -- CASP10 -- HNRNPK -- BCL2L1 -- CASP7 -- CDKN1A -- PSIP1 -- CDKN2A -- BAX -- BID -- FOXM1 -- MCL1 -- CTBP1 -- TAF1 -- CASP9
752,TNFRSF1B -- RIPK1 -- NFKB1 -- STAT1 -- BIRC2 -- BIRC3 -- RB1 -- TNFAIP3 -- EP300 -- CCND1 -- CFLAR -- RHOA -- NR3C1 -- IL2 -- RELA -- RAC1 -- VEGFA -- MAP3K14 -- RET -- MAPK1 -- CASP3 -- ATM -- CHUK -- RPS6KA5 -- TRAF6 -- PPP1R13L -- MAPK9 -- LYN -- IRF1 -- FAS -- HTRA2 -- NFKBIA -- HIP1 -- CDK4 -- CDK6 -- RNF11 -- CASP10 -- SOD1 -- HNRNPK -- CASP7 -- SMPD1 -- CDKN1A -- HTT -- PELP1 -- BAX -- BAK1 -- BID -- TFDP1 -- CTBP1 -- PCNA -- TAF1 -- RASSF1
753,TNFRSF1B -- TP53 -- MAPK8 -- STAT1 -- FOS -- BIRC2 -- BIRC3 -- SIRT1 -- TNFAIP3 -- EP300 -- CCND1 -- CFLAR -- PTMA -- NR3C1 -- TGFB2 -- RELA -- MAP2K7 -- MAP3K1 -- IGF1 -- VEGFA -- TGFB1 -- TRADD -- CASP3 -- KRT18 -- AKT1 -- DAB2IP -- NFKB2 -- E2F1 -- MDM2 -- RPS6KA5 -- MAPK3 -- LYN -- IRF1 -- EIF4G2 -- HTRA2 -- MYB -- BCL2 -- CDK4 -- CASP10 -- PSEN1 -- SOD1 -- HNRNPK -- BCL2L1 -- CDKN1A -- PSIP1 -- BRCA1 -- BCL2L11 -- PELP1 -- CTBP1 -- PCNA -- CCNG1 -- ALPI
754,TNFRSF1A -- SMURF2 -- TNF -- MAPK8 -- STAT1 -- FOS -- BIRC2 -- BIRC3 -- FASLG -- MYC -- EP300 -- CCND1 -- CFLAR -- MAPK14 -- RHOA -- TGFB2 -- IL2 -- RELA -- FADD -- RAC1 -- IGF1 -- VEGFA -- MAPK1 -- TRAF2 -- TNFRSF10B -- CASP3 -- KRT18 -- DAB2IP -- RPS6KA5 -- MAPK3 -- MAPK9 -- LYN -- FAS -- EIF4G2 -- HTRA2 -- NFKBIA -- MYB -- CYCS -- HIP1 -- CASP8 -- RNF11 -- PARP1 -- PSEN1 -- BAD -- RPA4 -- TNIK -- RBL2 -- HTT -- CDKN2A -- BBC3 -- BAK1 -- EIF4E -- MCL1 -- CTBP1 -- PCNA -- TAF1 -- CASP9 -- CCNG1 -- DIABLO -- APAF1
755,RIPK1 -- TP53 -- NFKB1 -- STAT1 -- JUN -- BIRC2 -- BIRC3 -- TNFAIP3 -- EP300 -- CCND1 -- TRAF1 -- TGFB2 -- IL2 -- FADD -- RAC1 -- VEGFA -- TGFB1 -- MAP3K14 -- RET -- MAPK1 -- KRT18 -- ATM -- NFKB2 -- MDM2 -- CHUK -- RPS6KA5 -- MAPK3 -- TRAF6 -- LYN -- FAS -- HTRA2 -- NFKBIA -- HIP1 -- BCL2 -- CASP8 -- CDK6 -- OTUD7B -- PSEN1 -- BAD -- HNRNPK -- SMPD1 -- PSIP1 -- EIF4E -- TFDP1 -- CTBP1 -- RBL1 -- PCNA -- TAF1 -- PLAC8 -- CASP9 -- APAF1
756,SMURF2 -- NFKB1 -- MAPK8 -- STAT1 -- BIRC3 -- RB1 -- CCND1 -- TRAF1 -- PTMA -- RHOA -- IL2 -- RAC1 -- MAP3K1 -- IGF1 -- TGFB1 -- MAP3K14 -- TRADD -- MAPK1 -- TRAF2 -- ATM -- DAB2IP -- NFKB2 -- CHUK -- RPS6KA5 -- MAPK3 -- TRAF6 -- EIF4G2 -- HTRA2 -- MYB -- CYCS -- CASP10 -- PARP1 -- PSEN1 -- BAD -- RPA4 -- TNIK -- RBL2 -- CDKN1A -- HTT -- PSIP1 -- BRCA1 -- CDKN2A -- BBC3 -- BCL2L11 -- PELP1 -- EIF4E -- TFDP1 -- MCL1 -- CTBP1 -- RBL1 -- CASP9 -- CCNG1 -- ALPI
757,SMURF2 -- TNF -- TNFRSF1B -- TP53 -- NFKB1 -- MAPK8 -- JUN -- BIRC3 -- FASLG -- MYC -- TNFAIP3 -- CCND1 -- TRAF1 -- MAPK14 -- NR3C1 -- TGFB2 -- IL2 -- RELA -- MAP2K7 -- IGF1 -- VEGFA -- MAP3K14 -- MAPK1 -- TRAF2 -- AKT1 -- E2F1 -- CHUK -- TRAF6 -- MAPK9 -- IRF1 -- MYB -- HIP1 -- BCL2 -- CASP8 -- CDK4 -- RNF11 -- CASP10 -- PSEN1 -- HNRNPK -- RPA4 -- BCL2L1 -- CASP7 -- SMPD1 -- TNIK -- HTT -- BCL2L11 -- FOXM1 -- CTBP1 -- PCNA -- TAF1 -- PLAC8 -- CASP9 -- CCNG1 -- APAF1 -- ALPI
758,SMURF2 -- TNF -- TNFRSF1B -- RIPK1 -- MAPK8 -- BIRC3 -- SIRT1 -- MYC -- TNFAIP3 -- EP300 -- TRAF1 -- MAPK14 -- RHOA -- NR3C1 -- TGFB2 -- IL2 -- MAP2K7 -- TGFB1 -- RET -- MAPK1 -- TRAF2 -- AKT1 -- ATM -- MAPK3 -- TRAF6 -- MAPK9 -- EIF4G2 -- HTRA2 -- MYB -- HIP1 -- CASP8 -- CDK4 -- CDK6 -- OTUD7B -- RNF11 -- PARP1 -- BAD -- RPA4 -- TNIK -- RBL2 -- HTT -- BBC3 -- BID -- FOXM1 -- RBL1 -- TAF1 -- DIABLO -- APAF1 -- ALPI -- RASSF1
759,TNFRSF1A -- TNF -- TNFRSF1B -- TP53 -- NFKB1 -- STAT1 -- JUN -- FOS -- FASLG -- TNFAIP3 -- CFLAR -- MAPK14 -- RHOA -- NR3C1 -- TGFB2 -- RELA -- FADD -- IGF1 -- VEGFA -- ATM -- DAB2IP -- NFKB2 -- CASP2 -- E2F1 -- CHUK -- TRAF6 -- PPP1R13L -- MAPK9 -- LYN -- FAS -- HTRA2 -- MYB -- BCL2 -- CASP8 -- CDK4 -- CDK6 -- OTUD7B -- RNF11 -- PSEN1 -- BAD -- HNRNPK -- RPA4 -- CASP7 -- SMPD1 -- TNIK -- CDKN1A -- BRCA1 -- BBC3 -- BCL2L11 -- PELP1 -- BAX -- FOXM1 -- TFDP1 -- MCL1 -- CTBP1 -- RBL1 -- PCNA -- TAF1 -- APAF1 -- ALPI -- RASSF1 -- RANGAP1
760,SMURF2 -- TNFRSF1B -- RIPK1 -- TP53 -- STAT1 -- FOS -- BIRC3 -- SIRT1 -- FASLG -- MYC -- TNFAIP3 -- EP300 -- CCND1 -- CFLAR -- TRAF1 -- MAPK14 -- PTMA -- IL2 -- RELA -- FADD -- MAP3K1 -- IGF1 -- VEGFA -- MAP3K14 -- RET -- TNFRSF10B -- KRT18 -- DAB2IP -- CASP2 -- E2F1 -- RPS6KA5 -- TRAF6 -- PPP1R13L -- LYN -- MYB -- CYCS -- HIP1 -- BCL2 -- CASP8 -- CDK4 -- CDK6 -- BAD -- SOD1 -- HNRNPK -- CASP7 -- SMPD1 -- PSIP1 -- BRCA1 -- CDKN2A -- BCL2L11 -- BAK1 -- EIF4E -- TFDP1 -- MCL1 -- PCNA -- ALPI -- RANGAP1
761,RIPK1 -- STAT1 -- JUN -- FOS -- BIRC2 -- FASLG -- RB1 -- CCND1 -- TRAF1 -- NR3C1 -- TGFB2 -- IL2 -- FADD -- IGF1 -- MAP3K14 -- RET -- MAPK1 -- TRAF2 -- CASP3 -- KRT18 -- AKT1 -- ATM -- DAB2IP -- NFKB2 -- CASP2 -- E2F1 -- MDM2 -- CHUK -- RPS6KA5 -- MAPK3 -- TRAF6 -- PPP1R13L -- MAPK9 -- LYN -- FAS -- NFKBIA -- MYB -- CYCS -- HIP1 -- BCL2 -- CDK4 -- OTUD7B -- RNF11 -- CASP10 -- PARP1 -- RPA4 -- BCL2L1 -- SMPD1 -- RBL2 -- CDKN1A -- HTT -- PSIP1 -- BRCA1 -- CDKN2A -- BBC3 -- EIF4E -- TFDP1 -- PCNA -- CCNG1 -- ALPI -- RASSF1 -- RANGAP1
762,TNFRSF1A -- SMURF2 -- TNFRSF1B -- RIPK1 -- TP53 -- JUN -- FOS -- SIRT1 -- FASLG -- EP300 -- CCND1 -- MAPK14 -- PTMA -- MAP2K7 -- VEGFA -- MAP3K14 -- RET -- TRADD -- TNFRSF10B -- CASP3 -- KRT18 -- AKT1 -- ATM -- DAB2IP -- E2F1 -- MDM2 -- MAPK3 -- PPP1R13L -- MAPK9 -- LYN -- IRF1 -- FAS -- NFKBIA -- MYB -- CYCS -- HIP1 -- CASP8 -- CDK6 -- CASP10 -- PSEN1 -- SOD1 -- HNRNPK -- RPA4 -- BCL2L1 -- CDKN1A -- PSIP1 -- BRCA1 -- BCL2L11 -- PELP1 -- BAX -- BAK1 -- EIF4E -- FOXM1 -- CTBP1 -- CASP9 -- CCNG1 -- RASSF1 -- RANGAP1
763,TNFRSF1A -- TNF -- TNFRSF1B -- RIPK1 -- NFKB1 -- MAPK8 -- JUN -- FOS -- BIRC2 -- BIRC3 -- RB1 -- TNFAIP3 -- EP300 -- MAPK14 -- PTMA -- RHOA -- TGFB2 -- IL2 -- FADD -- RAC1 -- MAP2K7 -- MAP3K14 -- TRADD -- TNFRSF10B -- KRT18 -- ATM -- DAB2IP -- NFKB2 -- CASP2 -- E2F1 -- MDM2 -- CHUK -- RPS6KA5 -- MAPK3 -- TRAF6 -- PPP1R13L -- MAPK9 -- IRF1 -- NFKBIA -- MYB -- CYCS -- CASP8 -- OTUD7B -- RNF11 -- PSEN1 -- BAD -- HNRNPK -- RPA4 -- BCL2L1 -- CASP7 -- SMPD1 -- TNIK -- HTT -- BRCA1 -- CDKN2A -- BBC3 -- BAX -- EIF4E -- FOXM1 -- MCL1 -- CTBP1 -- RBL1 -- PLAC8 -- CCNG1 -- DIABLO -- APAF1 -- RANGAP1
764,RIPK1 -- NFKB1 -- MAPK8 -- STAT1 -- BIRC2 -- BIRC3 -- FASLG -- MYC -- RB1 -- TNFAIP3 -- CCND1 -- CFLAR -- TRAF1 -- MAPK14 -- PTMA -- RHOA -- NR3C1 -- TGFB2 -- RELA -- RAC1 -- VEGFA -- RET -- TRADD -- MAPK1 -- TRAF2 -- CASP3 -- ATM -- E2F1 -- MDM2 -- CHUK -- TRAF6 -- PPP1R13L -- MAPK9 -- IRF1 -- FAS -- MYB -- BCL2 -- CDK6 -- RNF11 -- CASP10 -- PSEN1 -- CASP7 -- TNIK -- CDKN2A -- PELP1 -- BAK1 -- TFDP1 -- CTBP1 -- PCNA -- CCNG1 -- APAF1 -- ALPI
765,TNF -- RIPK1 -- MAPK8 -- FOS -- BIRC3 -- FASLG -- RB1 -- TNFAIP3 -- EP300 -- TRAF1 -- TGFB2 -- RELA -- MAP3K1 -- VEGFA -- TGFB1 -- MAP3K14 -- TRADD -- TRAF2 -- CASP3 -- KRT18 -- AKT1 -- NFKB2 -- TRAF6 -- MAPK9 -- HTRA2 -- NFKBIA -- HIP1 -- CASP8 -- OTUD7B -- BAD -- BCL2L1 -- SMPD1 -- RBL2 -- PSIP1 -- BRCA1 -- BBC3 -- TFDP1 -- PCNA -- TAF1 -- PLAC8 -- DIABLO -- APAF1 -- ALPI -- RASSF1 -- RANGAP1
766,TNFRSF1A -- SMURF2 -- TNF -- TNFRSF1B -- MAPK8 -- STAT1 -- JUN -- FOS -- BIRC3 -- SIRT1 -- TNFAIP3 -- EP300 -- TRAF1 -- MAPK14 -- PTMA -- RHOA -- NR3C1 -- TGFB2 -- IL2 -- RELA -- FADD -- MAP2K7 -- TGFB1 -- TRADD -- TRAF2 -- TNFRSF10B -- CASP2 -- E2F1 -- MDM2 -- CHUK -- RPS6KA5 -- TRAF6 -- PPP1R13L -- LYN -- IRF1 -- FAS -- NFKBIA -- MYB -- CYCS -- BCL2 -- CDK6 -- RNF11 -- CASP10 -- PARP1 -- PSEN1 -- BAD -- HNRNPK -- BCL2L1 -- SMPD1 -- CDKN1A -- HTT -- PSIP1 -- BRCA1 -- BBC3 -- BCL2L11 -- PELP1 -- EIF4E -- MCL1 -- TAF1 -- DIABLO -- ALPI -- RANGAP1
767,TNF -- MAPK8 -- STAT1 -- JUN -- FOS -- BIRC2 -- FASLG -- EP300 -- CCND1 -- CFLAR -- MAPK14 -- PTMA -- RHOA -- TGFB2 -- IL2 -- FADD -- MAP2K7 -- TGFB1 -- MAP3K14 -- TRADD -- TRAF2 -- CASP3 -- DAB2IP -- MDM2 -- PPP1R13L -- MAPK9 -- LYN -- IRF1 -- FAS -- CYCS -- HIP1 -- BCL2 -- CASP8 -- OTUD7B -- RNF11 -- CASP10 -- PARP1 -- HNRNPK -- BCL2L1 -- SMPD1 -- CDKN1A -- BRCA1 -- BCL2L11 -- PELP1 -- BAX -- EIF4E -- BID -- TFDP1 -- CTBP1 -- RBL1 -- PCNA -- TAF1 -- PLAC8 -- DIABLO -- APAF1 -- ALPI -- RASSF1 -- RANGAP1
768,TNFRSF1A -- TNF -- RIPK1 -- TP53 -- BIRC3 -- FASLG -- RB1 -- TNFAIP3 -- TRAF1 -- MAPK14 -- PTMA -- TGFB2 -- FADD -- RAC1 -- VEGFA -- TGFB1 -- TRADD -- MAPK1 -- TNFRSF10B -- NFKB2 -- MDM2 -- TRAF6 -- PPP1R13L -- LYN -- HTRA2 -- NFKBIA -- CYCS -- BCL2 -- CASP8 -- CDK4 -- CDK6 -- CASP10 -- PARP1 -- PSEN1 -- BAD -- SOD1 -- RPA4 -- BCL2L1 -- CASP7 -- SMPD1 -- TNIK -- RBL2 -- CDKN1A -- HTT -- BBC3 -- BCL2L11 -- BAX -- BAK1 -- EIF4E -- FOXM1 -- TFDP1 -- MCL1 -- RBL1 -- PCNA -- TAF1 -- PLAC8 -- CASP9 -- APAF1 -- RASSF1 -- RANGAP1
769,TNFRSF1A -- TNFRSF1B -- RIPK1 -- TP53 -- NFKB1 -- STAT1 -- FOS -- BIRC2 -- SIRT1 -- MYC -- TNFAIP3 -- CCND1 -- MAPK14 -- RHOA -- RELA -- RAC1 -- MAP2K7 -- VEGFA -- TGFB1 -- RET -- TNFRSF10B -- AKT1 -- MDM2 -- MAPK3 -- PPP1R13L -- HTRA2 -- NFKBIA -- MYB -- CYCS -- HIP1 -- BCL2 -- CASP8 -- CDK4 -- OTUD7B -- PSEN1 -- RPA4 -- BCL2L1 -- CASP7 -- SMPD1 -- TNIK -- HTT -- CDKN2A -- BBC3 -- BCL2L11 -- PELP1 -- EIF4E -- BID -- TFDP1 -- MCL1 -- CTBP1 -- PCNA -- TAF1 -- PLAC8 -- CASP9 -- RASSF1 -- RANGAP1
770,TNFRSF1A -- RIPK1 -- TP53 -- MAPK8 -- STAT1 -- JUN -- FOS -- BIRC2 -- FASLG -- TNFAIP3 -- EP300 -- CCND1 -- PTMA -- NR3C1 -- IL2 -- RELA -- FADD -- RAC1 -- IGF1 -- TGFB1 -- RET -- TRAF2 -- AKT1 -- MDM2 -- CHUK -- RPS6KA5 -- MAPK3 -- TRAF6 -- IRF1 -- BCL2 -- CASP8 -- CASP10 -- RPA4 -- CASP7 -- SMPD1 -- TNIK -- HTT -- BRCA1 -- CDKN2A -- BAX -- BID -- FOXM1 -- MCL1 -- CTBP1 -- PLAC8 -- CASP9 -- DIABLO -- APAF1 -- ALPI
771,TNFRSF1B -- TP53 -- MAPK8 -- FOS -- BIRC3 -- SIRT1 -- MYC -- RB1 -- CFLAR -- TRAF1 -- MAPK14 -- RHOA -- NR3C1 -- RELA -- FADD -- RAC1 -- MAP2K7 -- MAP3K1 -- TGFB1 -- MAP3K14 -- TRADD -- MAPK1 -- TRAF2 -- TNFRSF10B -- CASP3 -- KRT18 -- AKT1 -- DAB2IP -- CASP2 -- MDM2 -- CHUK -- MAPK3 -- PPP1R13L -- MAPK9 -- IRF1 -- EIF4G2 -- HTRA2 -- HIP1 -- CDK4 -- CDK6 -- CASP10 -- PARP1 -- BAD -- SOD1 -- HNRNPK -- BCL2L1 -- CASP7 -- SMPD1 -- TNIK -- HTT -- PELP1 -- BID -- TFDP1 -- MCL1 -- CTBP1 -- RBL1 -- PLAC8 -- CASP9 -- DIABLO -- ALPI -- RASSF1 -- RANGAP1
772,TNFRSF1A -- RIPK1 -- TP53 -- NFKB1 -- JUN -- BIRC3 -- MYC -- RB1 -- EP300 -- CCND1 -- MAPK14 -- NR3C1 -- TGFB2 -- RAC1 -- MAP3K1 -- IGF1 -- MAP3K14 -- MAPK1 -- TRAF2 -- KRT18 -- AKT1 -- DAB2IP -- CASP2 -- CHUK -- MAPK3 -- TRAF6 -- MAPK9 -- FAS -- HTRA2 -- HIP1 -- BCL2 -- CASP8 -- CDK4 -- OTUD7B -- CASP10 -- PARP1 -- PSEN1 -- SOD1 -- HNRNPK -- RPA4 -- BCL2L1 -- SMPD1 -- HTT -- CDKN2A -- BBC3 -- BCL2L11 -- PELP1 -- BAK1 -- EIF4E -- BID -- FOXM1 -- TFDP1 -- MCL1 -- CTBP1 -- RBL1 -- PLAC8 -- CCNG1 -- DIABLO -- RANGAP1
773,SMURF2 -- TNFRSF1B -- RIPK1 -- TP53 -- NFKB1 -- JUN -- RB1 -- EP300 -- CCND1 -- CFLAR -- TRAF1 -- MAPK14 -- PTMA -- TGFB2 -- RELA -- FADD -- RAC1 -- MAP2K7 -- TGFB1 -- MAP3K14 -- TRADD -- TRAF2 -- CASP3 -- KRT18 -- ATM -- CASP2 -- E2F1 -- MDM2 -- CHUK -- RPS6KA5 -- IRF1 -- FAS -- PSEN1 -- BAD -- BCL2L1 -- SMPD1 -- CDKN1A -- PSIP1 -- BRCA1 -- CDKN2A -- BBC3 -- BCL2L11 -- PELP1 -- BAK1 -- FOXM1 -- TFDP1 -- CTBP1 -- PCNA -- TAF1 -- PLAC8 -- CASP9 -- ALPI -- RASSF1
774,TNFRSF1A -- TNFRSF1B -- RIPK1 -- TP53 -- JUN -- BIRC2 -- EP300 -- CFLAR -- TRAF1 -- MAPK14 -- TGFB2 -- IL2 -- RAC1 -- MAP2K7 -- TGFB1 -- RET -- TRAF2 -- KRT18 -- AKT1 -- ATM -- DAB2IP -- CHUK -- MAPK9 -- LYN -- FAS -- HTRA2 -- NFKBIA -- MYB -- HIP1 -- BCL2 -- CASP8 -- RNF11 -- PARP1 -- BAD -- HNRNPK -- BCL2L1 -- CASP7 -- TNIK -- CDKN1A -- HTT -- PSIP1 -- BRCA1 -- CDKN2A -- BBC3 -- PELP1 -- BID -- TAF1 -- CASP9 -- CCNG1 -- ALPI -- RASSF1
775,TNF -- TNFRSF1B -- RIPK1 -- NFKB1 -- MAPK8 -- STAT1 -- FOS -- BIRC3 -- RB1 -- TRAF1 -- MAPK14 -- PTMA -- RHOA -- TGFB2 -- FADD -- MAP3K1 -- IGF1 -- TRAF2 -- TNFRSF10B -- ATM -- NFKB2 -- LYN -- CYCS -- HIP1 -- BCL2 -- CASP8 -- CDK4 -- CDK6 -- OTUD7B -- CASP10 -- PSEN1 -- BCL2L1 -- CASP7 -- CDKN1A -- CDKN2A -- BBC3 -- BCL2L11 -- CTBP1 -- TAF1 -- DIABLO -- RANGAP1
776,TP53 -- MAPK8 -- BIRC2 -- CFLAR -- TRAF1 -- MAPK14 -- PTMA -- RHOA -- NR3C1 -- TGFB2 -- FADD -- MAP2K7 -- MAP3K1 -- TGFB1 -- RET -- TNFRSF10B -- DAB2IP -- NFKB2 -- CASP2 -- E2F1 -- MDM2 -- CHUK -- LYN -- FAS -- EIF4G2 -- HTRA2 -- CYCS -- CDK4 -- PARP1 -- PSEN1 -- SOD1 -- HNRNPK -- RPA4 -- BCL2L1 -- CASP7 -- CDKN1A -- BBC3 -- BAK1 -- BID -- FOXM1 -- MCL1 -- RBL1 -- TAF1 -- PLAC8 -- CCNG1 -- DIABLO -- RASSF1 -- RANGAP1
777,TNFRSF1A -- TNFRSF1B -- RIPK1 -- NFKB1 -- STAT1 -- FOS -- BIRC2 -- FASLG -- TRAF1 -- MAPK14 -- NR3C1 -- FADD -- RAC1 -- MAP2K7 -- VEGFA -- TRADD -- TNFRSF10B -- CASP3 -- KRT18 -- ATM -- NFKB2 -- CASP2 -- MDM2 -- MAPK3 -- PPP1R13L -- FAS -- HTRA2 -- NFKBIA -- MYB -- HIP1 -- CASP8 -- CDK6 -- OTUD7B -- RNF11 -- PARP1 -- BAD -- SOD1 -- RPA4 -- SMPD1 -- RBL2 -- HTT -- PSIP1 -- PELP1 -- BAX -- BAK1 -- CTBP1 -- TAF1 -- CCNG1 -- APAF1 -- RASSF1 -- RANGAP1
778,TNFRSF1A -- SMURF2 -- TNFRSF1B -- BIRC3 -- SIRT1 -- MYC -- RB1 -- TNFAIP3 -- EP300 -- TRAF1 -- MAPK14 -- RHOA -- IL2 -- RELA -- FADD -- RAC1 -- MAP3K1 -- VEGFA -- TGFB1 -- MAP3K14 -- RET -- TRADD -- TRAF2 -- ATM -- CASP2 -- MDM2 -- EIF4G2 -- HTRA2 -- CYCS -- HIP1 -- BCL2 -- CASP8 -- CDK4 -- RNF11 -- PSEN1 -- BAD -- CASP7 -- SMPD1 -- TNIK -- CDKN1A -- BBC3 -- BCL2L11 -- BAX -- BAK1 -- BID -- FOXM1 -- TFDP1 -- MCL1 -- RBL1 -- PLAC8 -- CASP9 -- CCNG1 -- APAF1 -- RASSF1
779,TNFRSF1A -- SMURF2 -- TNFRSF1B -- RIPK1 -- TP53 -- JUN -- FOS -- BIRC2 -- SIRT1 -- RB1 -- CCND1 -- CFLAR -- MAPK14 -- PTMA -- RHOA -- NR3C1 -- FADD -- MAP2K7 -- MAP3K1 -- VEGFA -- MAP3K14 -- TRADD -- MAPK1 -- TNFRSF10B -- KRT18 -- ATM -- NFKB2 -- CASP2 -- PPP1R13L -- MAPK9 -- LYN -- IRF1 -- EIF4G2 -- HTRA2 -- MYB -- HIP1 -- BCL2 -- CDK4 -- CDK6 -- RNF11 -- PARP1 -- BAD -- TNIK -- RBL2 -- HTT -- CDKN2A -- BBC3 -- BCL2L11 -- BAX -- BID -- FOXM1 -- MCL1 -- PCNA -- TAF1 -- CASP9 -- CCNG1 -- DIABLO -- APAF1 -- RANGAP1
780,SMURF2 -- TNF -- TNFRSF1B -- NFKB1 -- MAPK8 -- STAT1 -- FOS -- SIRT1 -- MYC -- RB1 -- TNFAIP3 -- EP300 -- TRAF1 -- MAPK14 -- PTMA -- NR3C1 -- TGFB2 -- IL2 -- RELA -- FADD -- MAP3K1 -- IGF1 -- VEGFA -- TGFB1 -- MAP3K14 -- RET -- MAPK1 -- TRAF2 -- TNFRSF10B -- CASP3 -- KRT18 -- AKT1 -- ATM -- NFKB2 -- CASP2 -- E2F1 -- CHUK -- MAPK3 -- TRAF6 -- PPP1R13L -- FAS -- EIF4G2 -- HTRA2 -- CYCS -- BCL2 -- CASP8 -- CDK4 -- RNF11 -- CASP10 -- RPA4 -- TNIK -- RBL2 -- CDKN1A -- HTT -- PSIP1 -- EIF4E -- FOXM1 -- MCL1 -- RBL1 -- PCNA -- CASP9 -- CCNG1 -- DIABLO -- ALPI -- RANGAP1
781,SMURF2 -- TNF -- TNFRSF1B -- MAPK8 -- JUN -- FOS -- BIRC2 -- SIRT1 -- MYC -- RB1 -- TNFAIP3 -- MAPK14 -- PTMA -- IL2 -- RELA -- FADD -- VEGFA -- MAP3K14 -- TRADD -- MAPK1 -- TRAF2 -- TNFRSF10B -- DAB2IP -- NFKB2 -- CASP2 -- E2F1 -- TRAF6 -- MAPK9 -- LYN -- IRF1 -- HTRA2 -- MYB -- CDK6 -- CASP10 -- BAD -- SOD1 -- HNRNPK -- RPA4 -- SMPD1 -- TNIK -- RBL2 -- CDKN1A -- HTT -- PSIP1 -- BRCA1 -- CDKN2A -- BBC3 -- BCL2L11 -- PELP1 -- BAK1 -- BID -- MCL1 -- CTBP1 -- RBL1 -- CASP9 -- DIABLO -- APAF1 -- ALPI -- RANGAP1
782,TNFRSF1A -- SMURF2 -- RIPK1 -- JUN -- BIRC2 -- BIRC3 -- SIRT1 -- MYC -- RB1 -- TNFAIP3 -- EP300 -- RHOA -- NR3C1 -- TGFB2 -- IL2 -- RELA -- RAC1 -- TGFB1 -- TRADD -- CASP3 -- KRT18 -- NFKB2 -- E2F1 -- MAPK3 -- FAS -- NFKBIA -- MYB -- HIP1 -- CASP8 -- CDK4 -- CDK6 -- RNF11 -- SOD1 -- HNRNPK -- BCL2L1 -- CASP7 -- SMPD1 -- CDKN1A -- PSIP1 -- BRCA1 -- BCL2L11 -- PELP1 -- EIF4E -- TFDP1 -- CTBP1 -- RBL1 -- CCNG1 -- RASSF1 -- RANGAP1
783,TNFRSF1A -- SMURF2 -- TP53 -- STAT1 -- JUN -- FOS -- BIRC2 -- CFLAR -- MAPK14 -- RELA -- FADD -- RAC1 -- MAP2K7 -- MAP3K1 -- IGF1 -- MAP3K14 -- RET -- TRAF2 -- CASP3 -- KRT18 -- ATM -- DAB2IP -- NFKB2 -- CASP2 -- MDM2 -- CHUK -- MAPK9 -- IRF1 -- NFKBIA -- HIP1 -- BCL2 -- CDK6 -- OTUD7B -- RNF11 -- BAD -- SOD1 -- BCL2L1 -- CASP7 -- TNIK -- CDKN1A -- CDKN2A -- BCL2L11 -- BAK1 -- FOXM1 -- TFDP1 -- MCL1 -- CTBP1 -- RBL1 -- PLAC8 -- CASP9 -- APAF1 -- ALPI -- RASSF1 -- RANGAP1
784,TNFRSF1A -- SMURF2 -- TNF -- TNFRSF1B -- RIPK1 -- TP53 -- MAPK8 -- STAT1 -- JUN -- BIRC2 -- BIRC3 -- FASLG -- RB1 -- TNFAIP3 -- EP300 -- CCND1 -- MAPK14 -- PTMA -- NR3C1 -- RELA -- RAC1 -- MAP3K1 -- TGFB1 -- MAPK1 -- TNFRSF10B -- CASP3 -- ATM -- NFKB2 -- E2F1 -- MDM2 -- RPS6KA5 -- MAPK3 -- TRAF6 -- IRF1 -- HTRA2 -- NFKBIA -- MYB -- CYCS -- BCL2 -- CASP8 -- CDK4 -- CDK6 -- RNF11 -- CASP10 -- PSEN1 -- HNRNPK -- CASP7 -- SMPD1 -- RBL2 -- BRCA1 -- BBC3 -- BAK1 -- FOXM1 -- PCNA -- PLAC8 -- CCNG1 -- ALPI -- RASSF1 -- RANGAP1
785,TNFRSF1B -- RIPK1 -- MAPK8 -- STAT1 -- SIRT1 -- FASLG -- MYC -- CFLAR -- TRAF1 -- PTMA -- RHOA -- NR3C1 -- RELA -- RAC1 -- MAP2K7 -- IGF1 -- TGFB1 -- TRADD -- TRAF2 -- CASP3 -- KRT18 -- NFKB2 -- CASP2 -- E2F1 -- MDM2 -- RPS6KA5 -- PPP1R13L -- LYN -- EIF4G2 -- NFKBIA -- MYB -- HIP1 -- CASP8 -- CDK4 -- OTUD7B -- PARP1 -- PSEN1 -- HNRNPK -- SMPD1 -- CDKN1A -- HTT -- BRCA1 -- FOXM1 -- CTBP1 -- RBL1 -- TAF1 -- DIABLO -- APAF1 -- ALPI -- RANGAP1
786,TNFRSF1A -- SMURF2 -- TNFRSF1B -- RIPK1 -- NFKB1 -- STAT1 -- JUN -- FOS -- FASLG -- RB1 -- EP300 -- MAPK14 -- PTMA -- RHOA -- NR3C1 -- TGFB2 -- RELA -- FADD -- RAC1 -- MAP2K7 -- MAP3K1 -- IGF1 -- VEGFA -- TGFB1 -- TRAF2 -- TNFRSF10B -- CASP3 -- KRT18 -- ATM -- CHUK -- IRF1 -- HIP1 -- BCL2 -- CDK4 -- RNF11 -- CASP10 -- PSEN1 -- BAD -- BCL2L1 -- TNIK -- RBL2 -- CDKN1A -- PSIP1 -- CDKN2A -- BBC3 -- PELP1 -- BAK1 -- EIF4E -- BID -- FOXM1 -- TFDP1 -- MCL1 -- PCNA -- TAF1 -- PLAC8 -- CCNG1 -- DIABLO -- ALPI -- RASSF1 -- RANGAP1
787,TNFRSF1A -- SMURF2 -- TNF -- TP53 -- MAPK8 -- JUN -- BIRC2 -- BIRC3 -- RB1 -- TNFAIP3 -- CCND1 -- CFLAR -- TRAF1 -- PTMA -- RHOA -- IL2 -- FADD -- RAC1 -- MAP2K7 -- MAP3K1 -- VEGFA -- TGFB1 -- MAP3K14 -- RET -- TRADD -- TRAF2 -- TNFRSF10B -- KRT18 -- NFKB2 -- MDM2 -- CHUK -- RPS6KA5 -- MAPK3 -- MAPK9 -- LYN -- IRF1 -- EIF4G2 -- NFKBIA -- CYCS -- HIP1 -- BCL2 -- CDK4 -- CASP10 -- PSEN1 -- HNRNPK -- BCL2L1 -- CASP7 -- SMPD1 -- CDKN1A -- PSIP1 -- BRCA1 -- CDKN2A -- PELP1 -- EIF4E -- TFDP1 -- CTBP1 -- PCNA -- DIABLO -- RANGAP1
788,TNF -- TNFRSF1B -- NFKB1 -- JUN -- BIRC2 -- TNFAIP3 -- EP300 -- RHOA -- NR3C1 -- TGFB2 -- RELA -- FADD -- RAC1 -- MAP3K1 -- IGF1 -- MAPK1 -- TRAF2 -- ATM -- NFKB2 -- E2F1 -- MDM2 -- RPS6KA5 -- TRAF6 -- PPP1R13L -- MAPK9 -- IRF1 -- FAS -- MYB -- CYCS -- CASP8 -- CASP10 -- BAD -- SOD1 -- BCL2L1 -- CASP7 -- SMPD1 -- RBL2 -- HTT -- PSIP1 -- BRCA1 -- CDKN2A -- BCL2L11 -- PELP1 -- BAX -- EIF4E -- BID -- CTBP1 -- RBL1 -- PCNA -- CASP9 -- DIABLO -- APAF1 -- ALPI -- RASSF1 -- RANGAP1
789,TNF -- TNFRSF1B -- TP53 -- MAPK8 -- STAT1 -- FOS -- SIRT1 -- RB1 -- MAPK14 -- RELA -- FADD -- MAP2K7 -- MAP3K1 -- IGF1 -- TGFB1 -- RET -- TRAF2 -- TNFRSF10B -- ATM -- DAB2IP -- NFKB2 -- CASP2 -- RPS6KA5 -- TRAF6 -- PPP1R13L -- LYN -- IRF1 -- FAS -- MYB -- OTUD7B -- CASP10 -- PARP1 -- BCL2L1 -- SMPD1 -- CDKN2A -- BCL2L11 -- BAX -- EIF4E -- FOXM1 -- CTBP1 -- PCNA -- TAF1 -- CASP9 -- CCNG1 -- DIABLO -- APAF1 -- ALPI -- RASSF1
790,TNFRSF1A -- TNFRSF1B -- NFKB1 -- STAT1 -- JUN -- FOS -- BIRC2 -- FASLG -- RB1 -- TNFAIP3 -- EP300 -- CCND1 -- TRAF1 -- MAPK14 -- RHOA -- FADD -- RAC1 -- MAP2K7 -- MAP3K1 -- IGF1 -- VEGFA -- TGFB1 -- MAP3K14 -- TRAF2 -- AKT1 -- DAB2IP -- NFKB2 -- MAPK3 -- PPP1R13L -- IRF1 -- EIF4G2 -- HTRA2 -- HIP1 -- CASP8 -- CDK4 -- CDK6 -- RNF11 -- PARP1 -- PSEN1 -- BCL2L1 -- CASP7 -- CDKN1A -- CDKN2A -- BCL2L11 -- PELP1 -- BAX -- BID -- FOXM1 -- TFDP1 -- MCL1 -- CTBP1 -- RBL1 -- PCNA -- PLAC8 -- CCNG1 -- ALPI -- RASSF1 -- RANGAP1
791,MAPK8 -- STAT1 -- JUN -- FOS -- BIRC3 -- MYC -- RB1 -- TNFAIP3 -- EP300 -- CCND1 -- TRAF1 -- RHOA -- NR3C1 -- TGFB2 -- RELA -- RAC1 -- MAP3K1 -- VEGFA -- MAP3K14 -- TRADD -- MAPK1 -- TRAF2 -- KRT18 -- AKT1 -- CASP2 -- CHUK -- RPS6KA5 -- TRAF6 -- MAPK9 -- EIF4G2 -- NFKBIA -- CYCS -- HIP1 -- BCL2 -- RNF11 -- PARP1 -- BAD -- SOD1 -- HNRNPK -- BCL2L1 -- CASP7 -- RBL2 -- CDKN1A -- PSIP1 -- BCL2L11 -- PELP1 -- BAK1 -- FOXM1 -- TFDP1 -- CTBP1 -- PCNA -- TAF1 -- CCNG1 -- APAF1 -- ALPI -- RASSF1
792,SMURF2 -- TNF -- MAPK8 -- JUN -- FOS -- BIRC3 -- SIRT1 -- MYC -- TNFAIP3 -- EP300 -- TRAF1 -- MAPK14 -- PTMA -- IL2 -- RELA -- FADD -- RAC1 -- MAP2K7 -- IGF1 -- TGFB1 -- MAP3K14 -- RET -- MAPK1 -- TRAF2 -- TNFRSF10B -- KRT18 -- AKT1 -- ATM -- E2F1 -- MDM2 -- CHUK -- RPS6KA5 -- MAPK9 -- LYN -- FAS -- EIF4G2 -- CYCS -- HIP1 -- CASP8 -- CDK6 -- RNF11 -- CASP10 -- PSEN1 -- SOD1 -- HNRNPK -- RPA4 -- BCL2L1 -- SMPD1 -- TNIK -- CDKN1A -- HTT -- PSIP1 -- BRCA1 -- CDKN2A -- BAX -- BAK1 -- MCL1 -- CTBP1 -- RBL1 -- CCNG1
793,TNFRSF1A -- TNF -- RIPK1 -- TP53 -- NFKB1 -- MAPK8 -- STAT1 -- FOS -- MYC -- RB1 -- TNFAIP3 -- CFLAR -- TRAF1 -- PTMA -- NR3C1 -- IL2 -- MAP3K1 -- IGF1 -- MAP3K14 -- RET -- TRADD -- MAPK1 -- NFKB2 -- CASP2 -- MDM2 -- RPS6KA5 -- MAPK3 -- MAPK9 -- LYN -- FAS -- EIF4G2 -- NFKBIA -- MYB -- HIP1 -- BCL2 -- CDK4 -- CDK6 -- OTUD7B -- CASP10 -- PSEN1 -- BAD -- HNRNPK -- RPA4 -- RBL2 -- BRCA1 -- CDKN2A -- BBC3 -- BAX -- BAK1 -- EIF4E -- TFDP1 -- PCNA -- TAF1 -- DIABLO -- RASSF1 -- RANGAP1
794,TNFRSF1A -- TNF -- TNFRSF1B -- RIPK1 -- NFKB1 -- STAT1 -- SIRT1 -- FASLG -- EP300 -- TRAF1 -- RHOA -- TGFB2 -- FADD -- RAC1 -- MAP2K7 -- IGF1 -- VEGFA -- TGFB1 -- RET -- TRADD -- KRT18 -- AKT1 -- NFKB2 -- E2F1 -- MDM2 -- CHUK -- PPP1R13L -- IRF1 -- EIF4G2 -- NFKBIA -- MYB -- CYCS -- HIP1 -- CASP8 -- CDK4 -- RNF11 -- PARP1 -- PSEN1 -- HNRNPK -- CASP7 -- SMPD1 -- TNIK -- RBL2 -- HTT -- PSIP1 -- BRCA1 -- CDKN2A -- PELP1 -- BAX -- BAK1 -- TAF1 -- PLAC8 -- CASP9 -- CCNG1 -- DIABLO -- ALPI -- RASSF1 -- RANGAP1
795,TNFRSF1B -- MAPK8 -- FOS -- BIRC2 -- MYC -- RB1 -- TNFAIP3 -- CCND1 -- MAPK14 -- RHOA -- IL2 -- RELA -- FADD -- MAP2K7 -- MAP3K1 -- IGF1 -- VEGFA -- TGFB1 -- MAP3K14 -- TRADD -- MAPK1 -- TRAF2 -- KRT18 -- DAB2IP -- NFKB2 -- CASP2 -- E2F1 -- MDM2 -- CHUK -- RPS6KA5 -- MAPK3 -- IRF1 -- MYB -- HIP1 -- CDK6 -- OTUD7B -- RNF11 -- CASP10 -- PARP1 -- HNRNPK -- BCL2L1 -- CASP7 -- SMPD1 -- TNIK -- RBL2 -- CDKN1A -- CDKN2A -- BCL2L11 -- PELP1 -- EIF4E -- FOXM1 -- PCNA -- TAF1 -- PLAC8 -- CCNG1 -- DIABLO -- ALPI -- RASSF1 -- RANGAP1
796,TNFRSF1A -- RIPK1 -- FOS -- BIRC3 -- MYC -- RB1 -- TNFAIP3 -- CCND1 -- NR3C1 -- IL2 -- RELA -- RAC1 -- IGF1 -- VEGFA -- TGFB1 -- RET -- TRADD -- MAPK1 -- TRAF2 -- TNFRSF10B -- AKT1 -- ATM -- E2F1 -- MDM2 -- MAPK3 -- TRAF6 -- IRF1 -- FAS -- HTRA2 -- NFKBIA -- MYB -- CYCS -- HIP1 -- BCL2 -- CASP8 -- CDK4 -- CASP10 -- PARP1 -- BAD -- HNRNPK -- RPA4 -- CASP7 -- TNIK -- RBL2 -- BRCA1 -- CDKN2A -- BBC3 -- BCL2L11 -- BAX -- MCL1 -- CTBP1 -- RBL1 -- PCNA -- TAF1 -- RASSF1
797,TNFRSF1A -- TNF -- TNFRSF1B -- TP53 -- NFKB1 -- STAT1 -- FOS -- BIRC3 -- MYC -- TNFAIP3 -- CCND1 -- MAPK14 -- PTMA -- NR3C1 -- TGFB2 -- IL2 -- FADD -- MAP2K7 -- IGF1 -- VEGFA -- TGFB1 -- MAP3K14 -- RET -- TRADD -- MAPK1 -- TNFRSF10B -- AKT1 -- DAB2IP -- CASP2 -- E2F1 -- PPP1R13L -- MAPK9 -- IRF1 -- NFKBIA -- MYB -- HIP1 -- BCL2 -- CDK6 -- OTUD7B -- PARP1 -- SOD1 -- RPA4 -- CASP7 -- SMPD1 -- RBL2 -- CDKN1A -- PSIP1 -- BRCA1 -- EIF4E -- BID -- FOXM1 -- RBL1 -- PCNA -- APAF1 -- ALPI -- RANGAP1
798,SMURF2 -- TNF -- TNFRSF1B -- MAPK8 -- STAT1 -- JUN -- FOS -- BIRC3 -- RB1 -- TNFAIP3 -- CCND1 -- TRAF1 -- PTMA -- RHOA -- TGFB2 -- IL2 -- RELA -- MAP2K7 -- IGF1 -- TGFB1 -- MAP3K14 -- RET -- TRADD -- CASP3 -- KRT18 -- ATM -- DAB2IP -- MDM2 -- TRAF6 -- MAPK9 -- FAS -- HTRA2 -- NFKBIA -- MYB -- CYCS -- BCL2 -- CASP8 -- CDK4 -- PARP1 -- SOD1 -- CASP7 -- SMPD1 -- TNIK -- RBL2 -- CDKN2A -- PELP1 -- BAX -- BAK1 -- BID -- MCL1 -- RBL1 -- PCNA -- PLAC8 -- CASP9 -- CCNG1 -- DIABLO -- APAF1 -- RASSF1
799,SMURF2 -- TP53 -- NFKB1 -- JUN -- SIRT1 -- MYC -- EP300 -- CFLAR -- TRAF1 -- TGFB2 -- RELA -- FADD -- MAP3K1 -- TGFB1 -- RET -- TNFRSF10B -- KRT18 -- AKT1 -- DAB2IP -- CASP2 -- E2F1 -- RPS6KA5 -- PPP1R13L -- MAPK9 -- IRF1 -- MYB -- CYCS -- HIP1 -- CDK4 -- OTUD7B -- RNF11 -- CASP10 -- HNRNPK -- RPA4 -- CASP7 -- TNIK -- RBL2 -- BBC3 -- BAX -- BAK1 -- EIF4E -- FOXM1 -- TFDP1 -- CCNG1 -- DIABLO -- APAF1
800,TNFRSF1A -- SMURF2 -- TNF -- TNFRSF1B -- RIPK1 -- NFKB1 -- JUN -- FOS -- RB1 -- CFLAR -- TRAF1 -- PTMA -- TGFB2 -- IL2 -- RELA -- VEGFA -- TRADD -- TRAF2 -- AKT1 -- DAB2IP -- NFKB2 -- E2F1 -- CHUK -- RPS6KA5 -- PPP1R13L -- LYN -- IRF1 -- NFKBIA -- CYCS -- HIP1 -- BCL2 -- CDK4 -- CDK6 -- OTUD7B -- BAD -- HNRNPK -- RPA4 -- SMPD1 -- TNIK -- RBL2 -- HTT -- CDKN2A -- BAK1 -- FOXM1 -- TFDP1 -- CTBP1 -- PCNA -- PLAC8 -- APAF1 -- RASSF1
801,TNF -- NFKB1 -- MAPK8 -- JUN -- FOS -- BIRC2 -- BIRC3 -- SIRT1 -- CFLAR -- MAPK14 -- RHOA -- NR3C1 -- IL2 -- RELA -- FADD -- RAC1 -- MAP2K7 -- VEGFA -- TGFB1 -- MAP3K14 -- RET -- TRADD -- MAPK1 -- TRAF2 -- TNFRSF10B -- KRT18 -- AKT1 -- CASP2 -- E2F1 -- MDM2 -- CHUK -- RPS6KA5 -- PPP1R13L -- IRF1 -- HTRA2 -- MYB -- CYCS -- HIP1 -- CASP8 -- CDK4 -- CASP10 -- PARP1 -- BAD -- HNRNPK -- SMPD1 -- RBL2 -- CDKN1A -- PSIP1 -- CDKN2A -- BBC3 -- BCL2L11 -- PELP1 -- BAX -- EIF4E -- TFDP1 -- MCL1 -- CTBP1 -- RBL1 -- TAF1 -- PLAC8 -- CASP9 -- DIABLO -- APAF1 -- ALPI -- RASSF1
