ID,state
444,TNFRSF1A -- TNFRSF1B -- NFKB1 -- MAPK8 -- JUN -- FOS -- SIRT1 -- RB1 -- TNFAIP3 -- TRAF1 -- MAPK14 -- RHOA -- RAC1 -- MAP2K7 -- MAP3K1 -- MAP3K14 -- TRADD -- TNFRSF10B -- ATM -- CASP2 -- MDM2 -- CHUK -- RPS6KA5 -- PPP1R13L -- MAPK9 -- IRF1 -- EIF4G2 -- HTRA2 -- MYB -- CDK4 -- OTUD7B -- RNF11 -- CASP10 -- PSEN1 -- SOD1 -- RPA4 -- CASP7 -- SMPD1 -- TNIK -- HTT -- CDKN2A -- PELP1 -- BAX -- BID -- FOXM1 -- PCNA -- PLAC8 -- CASP9 -- DIABLO -- APAF1 -- RANGAP1
592,TNFRSF1A -- TNFRSF1B -- NFKB1 -- MAPK8 -- JUN -- FOS -- SIRT1 -- RB1 -- TNFAIP3 -- CCND1 -- TRAF1 -- MAPK14 -- RHOA -- RAC1 -- MAP2K7 -- MAP3K1 -- IGF1 -- MAP3K14 -- TRADD -- TNFRSF10B -- CASP2 -- MDM2 -- CHUK -- RPS6KA5 -- PPP1R13L -- MAPK9 -- IRF1 -- EIF4G2 -- HTRA2 -- HIP1 -- CDK4 -- OTUD7B -- RNF11 -- CASP10 -- PSEN1 -- SOD1 -- RPA4 -- SMPD1 -- TNIK -- HTT -- PELP1 -- BAX -- BAK1 -- BID -- FOXM1 -- PCNA -- PLAC8 -- CASP9 -- DIABLO -- APAF1
407,TNFRSF1A -- TNFRSF1B -- MAPK8 -- STAT1 -- BIRC2 -- SIRT1 -- MYC -- TNFAIP3 -- TRAF1 -- MAPK14 -- PTMA -- RHOA -- NR3C1 -- RAC1 -- MAP2K7 -- MAP3K1 -- VEGFA -- RET -- TRADD -- ATM -- CHUK -- RPS6KA5 -- PPP1R13L -- MAPK9 -- LYN -- IRF1 -- CYCS -- RNF11 -- PSEN1 -- SOD1 -- HNRNPK -- SMPD1 -- TNIK -- BRCA1 -- CDKN2A -- BID -- MCL1 -- PCNA -- TAF1 -- DIABLO -- RASSF1 -- RANGAP1
3,TNFRSF1A -- TNFRSF1B -- MAPK8 -- STAT1 -- JUN -- FOS -- BIRC2 -- BIRC3 -- SIRT1 -- TNFAIP3 -- TRAF1 -- MAPK14 -- RHOA -- TGFB2 -- RAC1 -- MAP2K7 -- MAP3K1 -- VEGFA -- RET -- TRADD -- ATM -- CHUK -- RPS6KA5 -- PPP1R13L -- MAPK9 -- IRF1 -- EIF4G2 -- MYB -- HIP1 -- RNF11 -- PSEN1 -- SOD1 -- RPA4 -- CASP7 -- SMPD1 -- TNIK -- HTT -- BRCA1 -- CDKN2A -- BID -- MCL1 -- PCNA -- TAF1 -- PLAC8 -- DIABLO -- APAF1 -- RASSF1
377,TNFRSF1A -- TNFRSF1B -- MAPK8 -- BIRC2 -- BIRC3 -- SIRT1 -- MYC -- TNFAIP3 -- CCND1 -- MAPK14 -- PTMA -- RHOA -- RAC1 -- MAP2K7 -- MAP3K1 -- IGF1 -- VEGFA -- TRADD -- TNFRSF10B -- MDM2 -- CHUK -- PPP1R13L -- MAPK9 -- LYN -- IRF1 -- EIF4G2 -- CYCS -- CDK4 -- OTUD7B -- RNF11 -- CASP10 -- PSEN1 -- BAD -- SOD1 -- RPA4 -- SMPD1 -- TNIK -- PELP1 -- BID -- FOXM1 -- MCL1 -- PCNA -- TAF1 -- DIABLO -- RANGAP1
532,TNFRSF1A -- TNFRSF1B -- NFKB1 -- MAPK8 -- JUN -- FOS -- SIRT1 -- RB1 -- TNFAIP3 -- CCND1 -- TRAF1 -- MAPK14 -- RHOA -- RAC1 -- MAP2K7 -- MAP3K1 -- MAP3K14 -- TRADD -- TNFRSF10B -- ATM -- CASP2 -- MDM2 -- CHUK -- RPS6KA5 -- PPP1R13L -- MAPK9 -- IRF1 -- EIF4G2 -- HTRA2 -- MYB -- HIP1 -- OTUD7B -- RNF11 -- CASP10 -- PSEN1 -- SOD1 -- RPA4 -- SMPD1 -- TNIK -- HTT -- CDKN2A -- PELP1 -- BAX -- BAK1 -- BID -- FOXM1 -- PCNA -- PLAC8 -- CASP9 -- DIABLO -- APAF1
6,TNFRSF1A -- TNFRSF1B -- NFKB1 -- MAPK8 -- STAT1 -- BIRC2 -- BIRC3 -- SIRT1 -- MYC -- TNFAIP3 -- MAPK14 -- PTMA -- RHOA -- RAC1 -- MAP2K7 -- MAP3K1 -- VEGFA -- RET -- TRADD -- TNFRSF10B -- CHUK -- PPP1R13L -- MAPK9 -- LYN -- IRF1 -- CYCS -- CDK4 -- OTUD7B -- RNF11 -- PSEN1 -- BAD -- SOD1 -- HNRNPK -- SMPD1 -- TNIK -- PELP1 -- EIF4E -- BID -- FOXM1 -- MCL1 -- PCNA -- TAF1 -- DIABLO -- RASSF1 -- RANGAP1
781,TNFRSF1A -- TNFRSF1B -- MAPK8 -- STAT1 -- JUN -- FOS -- SIRT1 -- RB1 -- TNFAIP3 -- TRAF1 -- MAPK14 -- RHOA -- RAC1 -- MAP2K7 -- MAP3K1 -- MAP3K14 -- RET -- TRADD -- TNFRSF10B -- ATM -- CASP2 -- CHUK -- RPS6KA5 -- PPP1R13L -- MAPK9 -- IRF1 -- EIF4G2 -- HTRA2 -- MYB -- HIP1 -- CDK4 -- OTUD7B -- RNF11 -- CASP10 -- PSEN1 -- SOD1 -- RPA4 -- SMPD1 -- TNIK -- HTT -- CDKN2A -- PELP1 -- BAX -- BAK1 -- BID -- FOXM1 -- PCNA -- PLAC8 -- CASP9 -- DIABLO -- APAF1
8,TNFRSF1A -- TNFRSF1B -- NFKB1 -- MAPK8 -- JUN -- FOS -- SIRT1 -- RB1 -- TNFAIP3 -- CCND1 -- TRAF1 -- MAPK14 -- RHOA -- RAC1 -- MAP2K7 -- MAP3K1 -- MAP3K14 -- TRADD -- TNFRSF10B -- CASP2 -- MDM2 -- CHUK -- RPS6KA5 -- PPP1R13L -- MAPK9 -- IRF1 -- EIF4G2 -- HTRA2 -- MYB -- HIP1 -- CDK4 -- OTUD7B -- RNF11 -- CASP10 -- PSEN1 -- SOD1 -- RPA4 -- SMPD1 -- TNIK -- HTT -- CDKN2A -- PELP1 -- BAX -- BAK1 -- BID -- FOXM1 -- PCNA -- PLAC8 -- CASP9 -- DIABLO -- APAF1
9,STAT1 -- BIRC2 -- SIRT1 -- TRAF1 -- MAPK14 -- RHOA -- RAC1 -- MAP2K7 -- MAP3K1 -- VEGFA -- RET -- TRADD -- MAPK1 -- TNFRSF10B -- ATM -- E2F1 -- CHUK -- RPS6KA5 -- PPP1R13L -- MAPK9 -- LYN -- IRF1 -- EIF4G2 -- HTRA2 -- MYB -- CYCS -- HIP1 -- CDK4 -- OTUD7B -- RNF11 -- CASP10 -- PARP1 -- PSEN1 -- RPA4 -- SMPD1 -- TNIK -- BBC3 -- PELP1 -- BAK1 -- BID -- FOXM1 -- CTBP1 -- RBL1 -- PCNA -- TAF1 -- PLAC8 -- DIABLO
405,TNFRSF1A -- TNFRSF1B -- NFKB1 -- MAPK8 -- BIRC2 -- BIRC3 -- SIRT1 -- RB1 -- TNFAIP3 -- CCND1 -- TRAF1 -- MAPK14 -- RHOA -- RAC1 -- MAP2K7 -- MAP3K1 -- IGF1 -- TRADD -- ATM -- MDM2 -- CHUK -- RPS6KA5 -- PPP1R13L -- MAPK9 -- LYN -- IRF1 -- HTRA2 -- CYCS -- HIP1 -- CDK4 -- OTUD7B -- RNF11 -- PSEN1 -- SOD1 -- RPA4 -- SMPD1 -- TNIK -- PELP1 -- BAX -- BAK1 -- EIF4E -- BID -- FOXM1 -- PCNA -- PLAC8 -- DIABLO
11,TNFRSF1A -- TNFRSF1B -- NFKB1 -- MAPK8 -- JUN -- SIRT1 -- RB1 -- TNFAIP3 -- CCND1 -- TRAF1 -- MAPK14 -- RHOA -- RAC1 -- MAP2K7 -- MAP3K1 -- TRADD -- TNFRSF10B -- ATM -- CASP2 -- MDM2 -- CHUK -- RPS6KA5 -- PPP1R13L -- MAPK9 -- IRF1 -- EIF4G2 -- HTRA2 -- MYB -- HIP1 -- RNF11 -- CASP10 -- PSEN1 -- SOD1 -- RPA4 -- SMPD1 -- TNIK -- HTT -- CDKN2A -- PELP1 -- BAX -- BAK1 -- BID -- FOXM1 -- PCNA -- PLAC8 -- CASP9 -- DIABLO -- APAF1
605,TNFRSF1A -- TNFRSF1B -- NFKB1 -- MAPK8 -- BIRC3 -- SIRT1 -- RB1 -- TNFAIP3 -- CCND1 -- TRAF1 -- MAPK14 -- PTMA -- RHOA -- RAC1 -- MAP2K7 -- MAP3K1 -- IGF1 -- TRADD -- TNFRSF10B -- MDM2 -- CHUK -- RPS6KA5 -- PPP1R13L -- MAPK9 -- LYN -- IRF1 -- EIF4G2 -- HTRA2 -- HIP1 -- CDK4 -- OTUD7B -- RNF11 -- CASP10 -- PSEN1 -- SOD1 -- RPA4 -- SMPD1 -- TNIK -- PELP1 -- BAX -- BAK1 -- EIF4E -- BID -- FOXM1 -- PCNA -- DIABLO
13,TNFRSF1A -- TNFRSF1B -- MAPK8 -- STAT1 -- JUN -- FOS -- SIRT1 -- TNFAIP3 -- TRAF1 -- MAPK14 -- RHOA -- NR3C1 -- TGFB2 -- RAC1 -- MAP2K7 -- MAP3K1 -- VEGFA -- MAP3K14 -- RET -- TRADD -- ATM -- CASP2 -- CHUK -- RPS6KA5 -- PPP1R13L -- MAPK9 -- IRF1 -- EIF4G2 -- HTRA2 -- MYB -- HIP1 -- RNF11 -- PSEN1 -- SOD1 -- HNRNPK -- CASP7 -- SMPD1 -- TNIK -- HTT -- BRCA1 -- CDKN2A -- BAX -- BID -- MCL1 -- PCNA -- TAF1 -- PLAC8 -- CASP9 -- DIABLO -- APAF1 -- RASSF1
604,TNFRSF1A -- TNFRSF1B -- MAPK8 -- STAT1 -- FOS -- SIRT1 -- MYC -- TNFAIP3 -- MAPK14 -- PTMA -- RHOA -- NR3C1 -- RAC1 -- MAP2K7 -- MAP3K1 -- VEGFA -- MAP3K14 -- RET -- TRADD -- CASP2 -- CHUK -- RPS6KA5 -- PPP1R13L -- MAPK9 -- IRF1 -- EIF4G2 -- HTRA2 -- MYB -- CDK4 -- RNF11 -- PSEN1 -- SOD1 -- HNRNPK -- RPA4 -- CASP7 -- SMPD1 -- TNIK -- HTT -- BRCA1 -- PELP1 -- BID -- MCL1 -- PCNA -- TAF1 -- PLAC8 -- CASP9 -- DIABLO -- APAF1 -- RASSF1
537,NFKB1 -- STAT1 -- BIRC2 -- BIRC3 -- FASLG -- RB1 -- TNFAIP3 -- TRAF1 -- MAPK14 -- RAC1 -- MAP2K7 -- MAP3K1 -- MAP3K14 -- TRADD -- MAPK1 -- TNFRSF10B -- AKT1 -- MDM2 -- CHUK -- RPS6KA5 -- PPP1R13L -- MAPK9 -- LYN -- IRF1 -- EIF4G2 -- HIP1 -- CDK4 -- OTUD7B -- CASP10 -- PARP1 -- PSEN1 -- RPA4 -- TNIK -- PELP1 -- BID -- FOXM1 -- MCL1 -- CTBP1 -- PCNA -- PLAC8 -- DIABLO -- APAF1
16,TNFRSF1A -- TNFRSF1B -- NFKB1 -- MAPK8 -- STAT1 -- BIRC2 -- BIRC3 -- SIRT1 -- MYC -- TNFAIP3 -- MAPK14 -- PTMA -- RHOA -- RAC1 -- MAP2K7 -- MAP3K1 -- IGF1 -- VEGFA -- RET -- TRADD -- TNFRSF10B -- ATM -- CHUK -- PPP1R13L -- MAPK9 -- LYN -- IRF1 -- EIF4G2 -- CYCS -- CDK4 -- OTUD7B -- RNF11 -- CASP10 -- PSEN1 -- BAD -- SOD1 -- HNRNPK -- RPA4 -- SMPD1 -- TNIK -- PELP1 -- BID -- FOXM1 -- MCL1 -- PCNA -- TAF1 -- DIABLO -- RANGAP1
367,TNFRSF1A -- TNFRSF1B -- NFKB1 -- MAPK8 -- SIRT1 -- RB1 -- TNFAIP3 -- CCND1 -- TRAF1 -- MAPK14 -- RHOA -- RAC1 -- MAP2K7 -- MAP3K1 -- MAP3K14 -- TRADD -- TNFRSF10B -- MDM2 -- CHUK -- RPS6KA5 -- PPP1R13L -- MAPK9 -- IRF1 -- EIF4G2 -- HTRA2 -- HIP1 -- CDK4 -- OTUD7B -- RNF11 -- PSEN1 -- SOD1 -- RPA4 -- SMPD1 -- TNIK -- PELP1 -- BAX -- BAK1 -- BID -- FOXM1 -- PCNA -- TAF1 -- PLAC8 -- CASP9 -- DIABLO
18,STAT1 -- JUN -- FOS -- SIRT1 -- MAPK14 -- RHOA -- TGFB2 -- RAC1 -- MAP2K7 -- MAP3K1 -- VEGFA -- MAP3K14 -- RET -- MAPK1 -- TNFRSF10B -- ATM -- CHUK -- RPS6KA5 -- PPP1R13L -- MAPK9 -- IRF1 -- EIF4G2 -- MYB -- CYCS -- HIP1 -- CDK4 -- OTUD7B -- PSEN1 -- HNRNPK -- RPA4 -- CASP7 -- BBC3 -- PELP1 -- BAK1 -- BID -- FOXM1 -- CTBP1 -- PCNA -- TAF1 -- PLAC8 -- DIABLO
455,TNFRSF1A -- TNFRSF1B -- NFKB1 -- MAPK8 -- BIRC2 -- BIRC3 -- SIRT1 -- RB1 -- TNFAIP3 -- CCND1 -- TRAF1 -- MAPK14 -- PTMA -- RHOA -- RAC1 -- MAP2K7 -- MAP3K1 -- TRADD -- TNFRSF10B -- MDM2 -- CHUK -- RPS6KA5 -- PPP1R13L -- MAPK9 -- LYN -- IRF1 -- CYCS -- HIP1 -- CDK4 -- OTUD7B -- RNF11 -- PSEN1 -- SOD1 -- HNRNPK -- RPA4 -- SMPD1 -- TNIK -- PELP1 -- EIF4E -- BID -- FOXM1 -- PCNA -- TAF1 -- PLAC8 -- DIABLO
20,TNFRSF1A -- TNFRSF1B -- MAPK8 -- STAT1 -- JUN -- FOS -- BIRC2 -- BIRC3 -- SIRT1 -- TNFAIP3 -- TRAF1 -- MAPK14 -- RHOA -- NR3C1 -- TGFB2 -- RAC1 -- MAP2K7 -- MAP3K1 -- VEGFA -- RET -- TRADD -- ATM -- CASP2 -- CHUK -- RPS6KA5 -- PPP1R13L -- MAPK9 -- IRF1 -- EIF4G2 -- MYB -- CYCS -- HIP1 -- RNF11 -- PSEN1 -- SOD1 -- HNRNPK -- SMPD1 -- TNIK -- HTT -- BRCA1 -- CDKN2A -- BID -- MCL1 -- PCNA -- TAF1 -- PLAC8 -- DIABLO -- RASSF1
21,TNFRSF1A -- TNFRSF1B -- MAPK8 -- JUN -- FOS -- SIRT1 -- RB1 -- TNFAIP3 -- CCND1 -- TRAF1 -- MAPK14 -- RHOA -- NR3C1 -- RAC1 -- MAP2K7 -- MAP3K1 -- MAP3K14 -- RET -- TRADD -- ATM -- CASP2 -- CHUK -- RPS6KA5 -- PPP1R13L -- MAPK9 -- IRF1 -- EIF4G2 -- HTRA2 -- MYB -- HIP1 -- RNF11 -- PSEN1 -- SOD1 -- HNRNPK -- SMPD1 -- TNIK -- HTT -- BRCA1 -- CDKN2A -- BAK1 -- BID -- PCNA -- PLAC8 -- CASP9 -- DIABLO -- APAF1 -- RASSF1
520,SMURF2 -- MAPK8 -- STAT1 -- BIRC2 -- BIRC3 -- SIRT1 -- RB1 -- TRAF1 -- MAPK14 -- RAC1 -- MAP2K7 -- MAP3K1 -- IGF1 -- VEGFA -- TRADD -- TRAF2 -- AKT1 -- ATM -- E2F1 -- MDM2 -- CHUK -- RPS6KA5 -- PPP1R13L -- MAPK9 -- LYN -- EIF4G2 -- CYCS -- HIP1 -- CDK4 -- OTUD7B -- RNF11 -- CASP10 -- PSEN1 -- RPA4 -- SMPD1 -- TNIK -- BBC3 -- PELP1 -- BAK1 -- BID -- FOXM1 -- PCNA -- PLAC8 -- DIABLO
23,TNFRSF1A -- TNFRSF1B -- NFKB1 -- MAPK8 -- SIRT1 -- MYC -- RB1 -- TNFAIP3 -- CCND1 -- MAPK14 -- PTMA -- RHOA -- RAC1 -- MAP2K7 -- MAP3K1 -- IGF1 -- MAP3K14 -- TRADD -- TNFRSF10B -- ATM -- CASP2 -- MDM2 -- CHUK -- PPP1R13L -- MAPK9 -- LYN -- IRF1 -- EIF4G2 -- HTRA2 -- CDK4 -- OTUD7B -- RNF11 -- CASP10 -- PSEN1 -- SOD1 -- RPA4 -- SMPD1 -- TNIK -- HTT -- PELP1 -- BAX -- BAK1 -- EIF4E -- BID -- FOXM1 -- PCNA -- DIABLO -- RANGAP1
722,TNFRSF1A -- TNFRSF1B -- MAPK8 -- STAT1 -- JUN -- FOS -- SIRT1 -- RB1 -- TNFAIP3 -- MAPK14 -- RHOA -- NR3C1 -- RAC1 -- MAP2K7 -- MAP3K1 -- VEGFA -- MAP3K14 -- RET -- TRADD -- TNFRSF10B -- ATM -- CASP2 -- CHUK -- RPS6KA5 -- PPP1R13L -- MAPK9 -- IRF1 -- EIF4G2 -- HTRA2 -- MYB -- HIP1 -- RNF11 -- CASP10 -- PSEN1 -- SOD1 -- RPA4 -- SMPD1 -- TNIK -- HTT -- BRCA1 -- CDKN2A -- BAX -- BAK1 -- BID -- PCNA -- PLAC8 -- CASP9 -- DIABLO -- APAF1 -- RASSF1
25,TNFRSF1A -- TNFRSF1B -- NFKB1 -- MAPK8 -- STAT1 -- BIRC2 -- BIRC3 -- SIRT1 -- MYC -- TNFAIP3 -- MAPK14 -- PTMA -- RHOA -- RAC1 -- MAP2K7 -- MAP3K1 -- VEGFA -- RET -- TRADD -- CHUK -- RPS6KA5 -- PPP1R13L -- MAPK9 -- LYN -- IRF1 -- CYCS -- CDK4 -- OTUD7B -- RNF11 -- PSEN1 -- SOD1 -- HNRNPK -- RPA4 -- SMPD1 -- TNIK -- BRCA1 -- EIF4E -- BID -- FOXM1 -- MCL1 -- PCNA -- TAF1 -- DIABLO -- RASSF1 -- RANGAP1
654,TNFRSF1A -- TNFRSF1B -- MAPK8 -- STAT1 -- JUN -- FOS -- SIRT1 -- TNFAIP3 -- TRAF1 -- MAPK14 -- RHOA -- TGFB2 -- RAC1 -- MAP2K7 -- MAP3K1 -- VEGFA -- MAP3K14 -- RET -- TRADD -- ATM -- CASP2 -- CHUK -- RPS6KA5 -- PPP1R13L -- MAPK9 -- IRF1 -- EIF4G2 -- HTRA2 -- MYB -- HIP1 -- RNF11 -- PSEN1 -- SOD1 -- HNRNPK -- CASP7 -- SMPD1 -- TNIK -- HTT -- BRCA1 -- CDKN2A -- BAX -- BID -- MCL1 -- PCNA -- TAF1 -- PLAC8 -- CASP9 -- DIABLO -- APAF1 -- RASSF1
27,NFKB1 -- STAT1 -- BIRC2 -- BIRC3 -- RB1 -- TNFAIP3 -- TRAF1 -- MAPK14 -- RAC1 -- MAP2K7 -- MAP3K1 -- MAPK1 -- TNFRSF10B -- ATM -- MDM2 -- CHUK -- RPS6KA5 -- PPP1R13L -- MAPK9 -- LYN -- EIF4G2 -- CYCS -- HIP1 -- CDK4 -- OTUD7B -- RNF11 -- CASP10 -- PARP1 -- PSEN1 -- SOD1 -- RPA4 -- SMPD1 -- PELP1 -- BID -- FOXM1 -- MCL1 -- CTBP1 -- PLAC8 -- DIABLO
28,TNFRSF1A -- TNFRSF1B -- MAPK8 -- SIRT1 -- RB1 -- TNFAIP3 -- TRAF1 -- MAPK14 -- RHOA -- NR3C1 -- RAC1 -- MAP2K7 -- MAP3K1 -- TRADD -- MDM2 -- CHUK -- PPP1R13L -- MAPK9 -- LYN -- IRF1 -- HTRA2 -- CDK4 -- RNF11 -- PSEN1 -- SOD1 -- RPA4 -- SMPD1 -- TNIK -- BAK1 -- EIF4E -- BID -- FOXM1 -- PCNA -- DIABLO
29,TNFRSF1A -- TNFRSF1B -- MAPK8 -- STAT1 -- JUN -- FOS -- BIRC2 -- SIRT1 -- TNFAIP3 -- TRAF1 -- MAPK14 -- RHOA -- NR3C1 -- TGFB2 -- RAC1 -- MAP2K7 -- MAP3K1 -- VEGFA -- MAP3K14 -- RET -- TRADD -- ATM -- CASP2 -- CHUK -- RPS6KA5 -- PPP1R13L -- MAPK9 -- IRF1 -- EIF4G2 -- MYB -- HIP1 -- RNF11 -- PSEN1 -- SOD1 -- HNRNPK -- CASP7 -- SMPD1 -- TNIK -- HTT -- BRCA1 -- CDKN2A -- BID -- MCL1 -- PCNA -- TAF1 -- PLAC8 -- CASP9 -- DIABLO -- APAF1 -- RASSF1
759,TNFRSF1A -- TNFRSF1B -- NFKB1 -- MAPK8 -- JUN -- SIRT1 -- RB1 -- TNFAIP3 -- CCND1 -- TRAF1 -- MAPK14 -- RHOA -- RAC1 -- MAP2K7 -- MAP3K1 -- MAP3K14 -- TRADD -- TNFRSF10B -- CASP2 -- MDM2 -- CHUK -- RPS6KA5 -- PPP1R13L -- MAPK9 -- IRF1 -- EIF4G2 -- HTRA2 -- HIP1 -- CDK4 -- OTUD7B -- RNF11 -- CASP10 -- PSEN1 -- SOD1 -- RPA4 -- SMPD1 -- TNIK -- HTT -- PELP1 -- BAX -- BAK1 -- BID -- FOXM1 -- PCNA -- PLAC8 -- CASP9 -- DIABLO -- APAF1
31,TNFRSF1A -- TNFRSF1B -- NFKB1 -- MAPK8 -- BIRC2 -- BIRC3 -- SIRT1 -- RB1 -- TNFAIP3 -- CCND1 -- MAPK14 -- RHOA -- NR3C1 -- TGFB2 -- RAC1 -- MAP2K7 -- MAP3K1 -- TRADD -- TNFRSF10B -- MDM2 -- CHUK -- PPP1R13L -- MAPK9 -- LYN -- IRF1 -- CYCS -- HIP1 -- CDK4 -- RNF11 -- CASP10 -- PSEN1 -- BAD -- SOD1 -- SMPD1 -- TNIK -- BRCA1 -- PELP1 -- BID -- FOXM1 -- PCNA -- TAF1 -- PLAC8 -- DIABLO
415,STAT1 -- JUN -- FOS -- BIRC2 -- MAPK14 -- TGFB2 -- RAC1 -- MAP2K7 -- MAP3K1 -- VEGFA -- RET -- MAPK1 -- AKT1 -- ATM -- E2F1 -- CHUK -- RPS6KA5 -- PPP1R13L -- MAPK9 -- IRF1 -- EIF4G2 -- MYB -- CYCS -- HIP1 -- OTUD7B -- PSEN1 -- HNRNPK -- CASP7 -- BRCA1 -- CDKN2A -- BAK1 -- BID -- PCNA -- TAF1 -- PLAC8 -- DIABLO
33,TNFRSF1A -- TNFRSF1B -- NFKB1 -- MAPK8 -- BIRC3 -- SIRT1 -- RB1 -- TNFAIP3 -- CCND1 -- TRAF1 -- MAPK14 -- RHOA -- RAC1 -- MAP2K7 -- MAP3K1 -- IGF1 -- TRADD -- TNFRSF10B -- ATM -- CASP2 -- MDM2 -- CHUK -- RPS6KA5 -- PPP1R13L -- MAPK9 -- LYN -- IRF1 -- EIF4G2 -- HTRA2 -- HIP1 -- CDK4 -- OTUD7B -- RNF11 -- CASP10 -- PSEN1 -- SOD1 -- RPA4 -- SMPD1 -- TNIK -- PELP1 -- BAX -- BAK1 -- BID -- FOXM1 -- PCNA -- PLAC8 -- DIABLO -- RANGAP1
34,TNFRSF1A -- TNFRSF1B -- MAPK8 -- STAT1 -- JUN -- FOS -- BIRC2 -- BIRC3 -- SIRT1 -- TNFAIP3 -- TRAF1 -- MAPK14 -- RHOA -- NR3C1 -- TGFB2 -- RAC1 -- MAP2K7 -- MAP3K1 -- VEGFA -- RET -- TRADD -- ATM -- CHUK -- RPS6KA5 -- PPP1R13L -- MAPK9 -- IRF1 -- EIF4G2 -- MYB -- HIP1 -- RNF11 -- PSEN1 -- SOD1 -- HNRNPK -- CASP7 -- SMPD1 -- TNIK -- HTT -- BRCA1 -- CDKN2A -- BID -- MCL1 -- PCNA -- TAF1 -- PLAC8 -- DIABLO -- APAF1 -- RASSF1
35,TNFRSF1A -- TNFRSF1B -- MAPK8 -- STAT1 -- BIRC2 -- BIRC3 -- SIRT1 -- MYC -- TNFAIP3 -- CCND1 -- MAPK14 -- PTMA -- RHOA -- TGFB2 -- RAC1 -- MAP2K7 -- MAP3K1 -- IGF1 -- TRADD -- TNFRSF10B -- MDM2 -- CHUK -- PPP1R13L -- MAPK9 -- LYN -- IRF1 -- EIF4G2 -- CYCS -- HIP1 -- CDK4 -- OTUD7B -- RNF11 -- CASP10 -- PSEN1 -- SOD1 -- RPA4 -- SMPD1 -- TNIK -- PELP1 -- BID -- FOXM1 -- MCL1 -- PCNA -- TAF1 -- DIABLO -- RANGAP1
36,MAPK8 -- STAT1 -- BIRC2 -- BIRC3 -- SIRT1 -- MYC -- MAPK14 -- PTMA -- NR3C1 -- RAC1 -- MAP2K7 -- MAP3K1 -- VEGFA -- RET -- TRADD -- AKT1 -- ATM -- CHUK -- PPP1R13L -- MAPK9 -- LYN -- IRF1 -- EIF4G2 -- CYCS -- OTUD7B -- CASP10 -- PSEN1 -- HNRNPK -- SMPD1 -- TNIK -- HTT -- BRCA1 -- BAK1 -- BID -- PCNA -- TAF1 -- DIABLO -- RASSF1 -- RANGAP1
379,TNFRSF1A -- TNFRSF1B -- MAPK8 -- STAT1 -- BIRC2 -- SIRT1 -- MYC -- TNFAIP3 -- TRAF1 -- MAPK14 -- RHOA -- NR3C1 -- RAC1 -- MAP2K7 -- MAP3K1 -- VEGFA -- RET -- TRADD -- CHUK -- RPS6KA5 -- PPP1R13L -- MAPK9 -- LYN -- IRF1 -- CYCS -- HIP1 -- RNF11 -- PSEN1 -- SOD1 -- HNRNPK -- SMPD1 -- TNIK -- BRCA1 -- EIF4E -- BID -- MCL1 -- PCNA -- TAF1 -- PLAC8 -- DIABLO -- RASSF1
593,TNFRSF1A -- TNFRSF1B -- MAPK8 -- STAT1 -- BIRC2 -- SIRT1 -- MYC -- TNFAIP3 -- MAPK14 -- PTMA -- RHOA -- RAC1 -- MAP2K7 -- MAP3K1 -- VEGFA -- RET -- TRADD -- ATM -- MDM2 -- CHUK -- PPP1R13L -- MAPK9 -- LYN -- IRF1 -- CYCS -- CDK4 -- OTUD7B -- RNF11 -- PSEN1 -- SOD1 -- HNRNPK -- SMPD1 -- TNIK -- PELP1 -- EIF4E -- BID -- FOXM1 -- MCL1 -- PCNA -- TAF1 -- DIABLO -- RANGAP1
692,STAT1 -- JUN -- FOS -- BIRC2 -- FASLG -- RB1 -- TRAF1 -- MAPK14 -- RHOA -- IL2 -- MAP2K7 -- MAP3K1 -- RET -- TRADD -- MAPK1 -- TNFRSF10B -- ATM -- CHUK -- RPS6KA5 -- PPP1R13L -- MAPK9 -- IRF1 -- MYB -- CYCS -- HIP1 -- OTUD7B -- RNF11 -- PARP1 -- PSEN1 -- SOD1 -- HNRNPK -- SMPD1 -- TNIK -- CDKN2A -- EIF4E -- BID -- MCL1 -- PCNA -- PLAC8 -- DIABLO -- APAF1 -- RASSF1
662,TNFRSF1A -- TNFRSF1B -- NFKB1 -- MAPK8 -- SIRT1 -- RB1 -- TNFAIP3 -- CCND1 -- TRAF1 -- MAPK14 -- RHOA -- RAC1 -- MAP2K7 -- MAP3K1 -- IGF1 -- TRADD -- TNFRSF10B -- MDM2 -- CHUK -- RPS6KA5 -- PPP1R13L -- MAPK9 -- LYN -- IRF1 -- HTRA2 -- HIP1 -- CDK4 -- OTUD7B -- RNF11 -- PSEN1 -- SOD1 -- RPA4 -- SMPD1 -- TNIK -- PELP1 -- BAX -- BAK1 -- EIF4E -- BID -- FOXM1 -- PCNA -- PLAC8 -- DIABLO -- APAF1
412,TNFRSF1A -- TNFRSF1B -- NFKB1 -- MAPK8 -- BIRC2 -- BIRC3 -- SIRT1 -- RB1 -- TNFAIP3 -- CCND1 -- MAPK14 -- PTMA -- RHOA -- RAC1 -- MAP2K7 -- MAP3K1 -- IGF1 -- TRADD -- AKT1 -- MDM2 -- CHUK -- PPP1R13L -- MAPK9 -- LYN -- IRF1 -- MYB -- CYCS -- CDK4 -- OTUD7B -- PSEN1 -- RPA4 -- TNIK -- PELP1 -- BAK1 -- BID -- FOXM1 -- PCNA -- DIABLO -- RANGAP1
607,TNFRSF1A -- TNFRSF1B -- NFKB1 -- MAPK8 -- SIRT1 -- RB1 -- TNFAIP3 -- CCND1 -- TRAF1 -- MAPK14 -- PTMA -- RHOA -- RAC1 -- MAP2K7 -- MAP3K1 -- MAP3K14 -- TRADD -- TNFRSF10B -- CASP2 -- MDM2 -- CHUK -- RPS6KA5 -- PPP1R13L -- MAPK9 -- LYN -- IRF1 -- EIF4G2 -- HTRA2 -- HIP1 -- CDK4 -- OTUD7B -- RNF11 -- CASP10 -- PSEN1 -- SOD1 -- RPA4 -- SMPD1 -- TNIK -- HTT -- PELP1 -- BAX -- BAK1 -- BID -- FOXM1 -- PCNA -- DIABLO -- APAF1 -- RANGAP1
796,TNFRSF1A -- TNFRSF1B -- MAPK8 -- STAT1 -- BIRC2 -- BIRC3 -- SIRT1 -- MYC -- TNFAIP3 -- MAPK14 -- RHOA -- NR3C1 -- RAC1 -- MAP2K7 -- MAP3K1 -- VEGFA -- RET -- TRADD -- ATM -- CHUK -- PPP1R13L -- MAPK9 -- LYN -- IRF1 -- MYB -- CYCS -- HIP1 -- RNF11 -- PSEN1 -- SOD1 -- HNRNPK -- SMPD1 -- TNIK -- BRCA1 -- EIF4E -- BID -- MCL1 -- PCNA -- TAF1 -- DIABLO -- RASSF1
44,TNFRSF1A -- TNFRSF1B -- MAPK8 -- JUN -- FOS -- SIRT1 -- RB1 -- TNFAIP3 -- TRAF1 -- MAPK14 -- RHOA -- RAC1 -- MAP2K7 -- MAP3K1 -- IGF1 -- VEGFA -- MAP3K14 -- RET -- TRADD -- TNFRSF10B -- ATM -- CASP2 -- CHUK -- RPS6KA5 -- PPP1R13L -- MAPK9 -- IRF1 -- EIF4G2 -- HTRA2 -- MYB -- HIP1 -- CDK4 -- OTUD7B -- RNF11 -- CASP10 -- PSEN1 -- SOD1 -- HNRNPK -- RPA4 -- SMPD1 -- TNIK -- HTT -- CDKN2A -- PELP1 -- BAX -- BAK1 -- BID -- FOXM1 -- PCNA -- PLAC8 -- CASP9 -- DIABLO -- APAF1
378,TNFRSF1A -- TNFRSF1B -- NFKB1 -- MAPK8 -- JUN -- FOS -- SIRT1 -- RB1 -- TNFAIP3 -- TRAF1 -- MAPK14 -- RHOA -- NR3C1 -- RAC1 -- MAP2K7 -- MAP3K1 -- MAP3K14 -- TRADD -- TNFRSF10B -- ATM -- CASP2 -- CHUK -- RPS6KA5 -- PPP1R13L -- MAPK9 -- IRF1 -- EIF4G2 -- HTRA2 -- MYB -- HIP1 -- OTUD7B -- RNF11 -- CASP10 -- PSEN1 -- SOD1 -- HNRNPK -- RPA4 -- SMPD1 -- TNIK -- HTT -- CDKN2A -- BAK1 -- BID -- PCNA -- PLAC8 -- CASP9 -- DIABLO -- APAF1 -- RASSF1
46,TNFRSF1A -- TNFRSF1B -- NFKB1 -- MAPK8 -- BIRC2 -- BIRC3 -- SIRT1 -- RB1 -- TNFAIP3 -- CCND1 -- TRAF1 -- MAPK14 -- RHOA -- RAC1 -- MAP2K7 -- MAP3K1 -- TRADD -- MDM2 -- CHUK -- RPS6KA5 -- PPP1R13L -- MAPK9 -- LYN -- IRF1 -- CYCS -- HIP1 -- CDK4 -- RNF11 -- PSEN1 -- BAD -- SOD1 -- RPA4 -- SMPD1 -- TNIK -- PELP1 -- EIF4E -- BID -- FOXM1 -- PCNA -- PLAC8 -- DIABLO
398,TNFRSF1A -- TNFRSF1B -- MAPK8 -- STAT1 -- BIRC2 -- BIRC3 -- SIRT1 -- TNFAIP3 -- TRAF1 -- MAPK14 -- RHOA -- NR3C1 -- TGFB2 -- RAC1 -- MAP2K7 -- MAP3K1 -- VEGFA -- RET -- TRADD -- ATM -- CHUK -- RPS6KA5 -- PPP1R13L -- MAPK9 -- LYN -- IRF1 -- MYB -- CYCS -- HIP1 -- RNF11 -- PSEN1 -- SOD1 -- HNRNPK -- SMPD1 -- TNIK -- BRCA1 -- CDKN2A -- EIF4E -- BID -- MCL1 -- PCNA -- TAF1 -- PLAC8 -- DIABLO -- RASSF1
506,TNFRSF1A -- TNFRSF1B -- MAPK8 -- STAT1 -- BIRC2 -- BIRC3 -- SIRT1 -- MYC -- TNFAIP3 -- MAPK14 -- PTMA -- RHOA -- RAC1 -- MAP2K7 -- MAP3K1 -- VEGFA -- RET -- TRADD -- ATM -- CHUK -- RPS6KA5 -- PPP1R13L -- MAPK9 -- LYN -- IRF1 -- CYCS -- CDK4 -- OTUD7B -- RNF11 -- PSEN1 -- SOD1 -- HNRNPK -- RPA4 -- SMPD1 -- TNIK -- BRCA1 -- PELP1 -- EIF4E -- BID -- MCL1 -- PCNA -- TAF1 -- DIABLO -- RANGAP1
393,TNFRSF1B -- STAT1 -- BIRC2 -- BIRC3 -- TRAF1 -- MAPK14 -- RHOA -- RAC1 -- MAP2K7 -- MAP3K1 -- IGF1 -- VEGFA -- RET -- MAPK1 -- ATM -- CHUK -- RPS6KA5 -- PPP1R13L -- MAPK9 -- LYN -- IRF1 -- HTRA2 -- HIP1 -- CDK4 -- OTUD7B -- RNF11 -- PARP1 -- PSEN1 -- SOD1 -- RPA4 -- SMPD1 -- BBC3 -- PELP1 -- BAK1 -- EIF4E -- BID -- FOXM1 -- CTBP1 -- RBL1 -- PCNA -- TAF1 -- PLAC8 -- DIABLO
50,TNFRSF1A -- TNFRSF1B -- NFKB1 -- MAPK8 -- SIRT1 -- RB1 -- TNFAIP3 -- CCND1 -- TRAF1 -- MAPK14 -- RHOA -- RAC1 -- MAP2K7 -- MAP3K1 -- IGF1 -- MAP3K14 -- TRADD -- TNFRSF10B -- ATM -- CASP2 -- MDM2 -- CHUK -- RPS6KA5 -- PPP1R13L -- MAPK9 -- IRF1 -- EIF4G2 -- HTRA2 -- HIP1 -- CDK4 -- OTUD7B -- RNF11 -- CASP10 -- PSEN1 -- SOD1 -- RPA4 -- SMPD1 -- TNIK -- HTT -- PELP1 -- BAX -- BAK1 -- BID -- FOXM1 -- PCNA -- PLAC8 -- CASP9 -- DIABLO -- APAF1
51,STAT1 -- BIRC2 -- BIRC3 -- SIRT1 -- MYC -- MAPK14 -- PTMA -- RAC1 -- MAP2K7 -- MAP3K1 -- VEGFA -- RET -- MAPK1 -- AKT1 -- ATM -- CHUK -- PPP1R13L -- MAPK9 -- LYN -- IRF1 -- MYB -- CYCS -- CDK4 -- OTUD7B -- PARP1 -- PSEN1 -- HNRNPK -- RPA4 -- SMPD1 -- BBC3 -- BAK1 -- EIF4E -- BID -- TFDP1 -- CTBP1 -- PCNA -- TAF1 -- DIABLO -- RASSF1 -- RANGAP1
659,TNFRSF1A -- TNFRSF1B -- MAPK8 -- STAT1 -- JUN -- FOS -- BIRC2 -- BIRC3 -- SIRT1 -- TNFAIP3 -- TRAF1 -- MAPK14 -- RHOA -- NR3C1 -- TGFB2 -- RAC1 -- MAP2K7 -- MAP3K1 -- VEGFA -- RET -- TRADD -- ATM -- CHUK -- RPS6KA5 -- PPP1R13L -- MAPK9 -- LYN -- IRF1 -- MYB -- CYCS -- HIP1 -- RNF11 -- PSEN1 -- SOD1 -- HNRNPK -- SMPD1 -- TNIK -- BRCA1 -- CDKN2A -- BID -- MCL1 -- PCNA -- TAF1 -- PLAC8 -- DIABLO -- RASSF1
529,TNFRSF1A -- TNFRSF1B -- NFKB1 -- MAPK8 -- BIRC3 -- SIRT1 -- RB1 -- TNFAIP3 -- CCND1 -- TRAF1 -- MAPK14 -- RHOA -- RAC1 -- MAP2K7 -- MAP3K1 -- TRADD -- TNFRSF10B -- ATM -- CASP2 -- MDM2 -- CHUK -- RPS6KA5 -- PPP1R13L -- MAPK9 -- LYN -- IRF1 -- EIF4G2 -- HTRA2 -- HIP1 -- CDK4 -- OTUD7B -- RNF11 -- CASP10 -- PSEN1 -- SOD1 -- RPA4 -- SMPD1 -- TNIK -- HTT -- PELP1 -- BAX -- BAK1 -- BID -- FOXM1 -- PCNA -- PLAC8 -- DIABLO
514,TNFRSF1A -- TNFRSF1B -- MAPK8 -- STAT1 -- JUN -- FOS -- SIRT1 -- TNFAIP3 -- TRAF1 -- MAPK14 -- RHOA -- NR3C1 -- TGFB2 -- RAC1 -- MAP2K7 -- MAP3K1 -- VEGFA -- MAP3K14 -- RET -- TRADD -- ATM -- CASP2 -- CHUK -- RPS6KA5 -- PPP1R13L -- MAPK9 -- IRF1 -- EIF4G2 -- HTRA2 -- MYB -- HIP1 -- RNF11 -- PSEN1 -- SOD1 -- HNRNPK -- SMPD1 -- TNIK -- HTT -- BRCA1 -- CDKN2A -- BID -- MCL1 -- PCNA -- TAF1 -- PLAC8 -- CASP9 -- DIABLO -- APAF1 -- RASSF1
55,TNFRSF1A -- TNFRSF1B -- NFKB1 -- MAPK8 -- STAT1 -- BIRC2 -- BIRC3 -- SIRT1 -- MYC -- TNFAIP3 -- MAPK14 -- RHOA -- RAC1 -- MAP2K7 -- MAP3K1 -- VEGFA -- RET -- TRADD -- ATM -- CHUK -- PPP1R13L -- MAPK9 -- LYN -- IRF1 -- CYCS -- CDK4 -- OTUD7B -- RNF11 -- PSEN1 -- SOD1 -- HNRNPK -- SMPD1 -- TNIK -- PELP1 -- EIF4E -- BID -- MCL1 -- PCNA -- TAF1 -- PLAC8 -- DIABLO -- RANGAP1
56,TNFRSF1A -- TNFRSF1B -- NFKB1 -- MAPK8 -- SIRT1 -- RB1 -- TNFAIP3 -- CCND1 -- TRAF1 -- MAPK14 -- RHOA -- RAC1 -- MAP2K7 -- MAP3K1 -- IGF1 -- MAP3K14 -- TRADD -- TNFRSF10B -- ATM -- MDM2 -- CHUK -- RPS6KA5 -- PPP1R13L -- MAPK9 -- LYN -- IRF1 -- EIF4G2 -- HTRA2 -- HIP1 -- CDK4 -- OTUD7B -- RNF11 -- CASP10 -- PSEN1 -- SOD1 -- RPA4 -- SMPD1 -- TNIK -- PELP1 -- BAX -- BAK1 -- EIF4E -- BID -- FOXM1 -- PCNA -- PLAC8 -- CASP9 -- DIABLO -- APAF1
404,TNFRSF1A -- TNFRSF1B -- MAPK8 -- STAT1 -- JUN -- FOS -- BIRC2 -- BIRC3 -- SIRT1 -- TNFAIP3 -- TRAF1 -- MAPK14 -- RHOA -- NR3C1 -- TGFB2 -- RAC1 -- MAP2K7 -- MAP3K1 -- VEGFA -- RET -- TRADD -- ATM -- CHUK -- RPS6KA5 -- PPP1R13L -- MAPK9 -- IRF1 -- EIF4G2 -- MYB -- CYCS -- HIP1 -- RNF11 -- PSEN1 -- SOD1 -- HNRNPK -- SMPD1 -- TNIK -- BRCA1 -- CDKN2A -- BID -- MCL1 -- PCNA -- TAF1 -- PLAC8 -- DIABLO -- RASSF1
719,TNFRSF1A -- TNFRSF1B -- MAPK8 -- STAT1 -- SIRT1 -- RB1 -- TNFAIP3 -- TRAF1 -- MAPK14 -- RHOA -- NR3C1 -- RAC1 -- MAP2K7 -- MAP3K1 -- VEGFA -- MAP3K14 -- RET -- TRADD -- CHUK -- RPS6KA5 -- PPP1R13L -- MAPK9 -- LYN -- IRF1 -- HTRA2 -- HIP1 -- CDK4 -- RNF11 -- PSEN1 -- SOD1 -- HNRNPK -- SMPD1 -- TNIK -- EIF4E -- BID -- FOXM1 -- MCL1 -- PCNA -- PLAC8 -- DIABLO -- APAF1 -- RASSF1
581,TNFRSF1A -- TNFRSF1B -- MAPK8 -- STAT1 -- JUN -- FOS -- SIRT1 -- TNFAIP3 -- TRAF1 -- MAPK14 -- RHOA -- TGFB2 -- RAC1 -- MAP2K7 -- MAP3K1 -- VEGFA -- MAP3K14 -- RET -- TRADD -- TNFRSF10B -- ATM -- CASP2 -- CHUK -- RPS6KA5 -- PPP1R13L -- MAPK9 -- IRF1 -- EIF4G2 -- HTRA2 -- MYB -- HIP1 -- RNF11 -- CASP10 -- PSEN1 -- SOD1 -- HNRNPK -- SMPD1 -- TNIK -- HTT -- BRCA1 -- CDKN2A -- BAK1 -- BID -- MCL1 -- PCNA -- TAF1 -- PLAC8 -- CASP9 -- DIABLO -- APAF1 -- RASSF1
60,TNFRSF1A -- TNFRSF1B -- MAPK8 -- STAT1 -- JUN -- FOS -- BIRC3 -- SIRT1 -- TNFAIP3 -- TRAF1 -- MAPK14 -- RHOA -- NR3C1 -- TGFB2 -- RAC1 -- MAP2K7 -- MAP3K1 -- VEGFA -- MAP3K14 -- RET -- TRADD -- ATM -- CASP2 -- CHUK -- RPS6KA5 -- PPP1R13L -- MAPK9 -- IRF1 -- EIF4G2 -- MYB -- CYCS -- HIP1 -- RNF11 -- PSEN1 -- SOD1 -- HNRNPK -- CASP7 -- SMPD1 -- TNIK -- HTT -- BRCA1 -- CDKN2A -- BID -- MCL1 -- PCNA -- TAF1 -- PLAC8 -- DIABLO -- APAF1 -- RASSF1
478,NFKB1 -- BIRC2 -- BIRC3 -- TNFAIP3 -- TRAF1 -- MAPK14 -- RHOA -- RAC1 -- MAP2K7 -- MAP3K1 -- IGF1 -- TRADD -- TNFRSF10B -- ATM -- MDM2 -- CHUK -- RPS6KA5 -- PPP1R13L -- MAPK9 -- LYN -- EIF4G2 -- CYCS -- HIP1 -- CDK4 -- OTUD7B -- RNF11 -- CASP10 -- PARP1 -- PSEN1 -- SOD1 -- RPA4 -- SMPD1 -- TNIK -- PELP1 -- EIF4E -- BID -- FOXM1 -- CTBP1 -- PLAC8 -- DIABLO -- RANGAP1
637,TNFRSF1A -- TNFRSF1B -- MAPK8 -- STAT1 -- JUN -- BIRC2 -- BIRC3 -- SIRT1 -- TNFAIP3 -- TRAF1 -- MAPK14 -- RHOA -- NR3C1 -- TGFB2 -- RAC1 -- MAP2K7 -- MAP3K1 -- VEGFA -- RET -- TRADD -- ATM -- CHUK -- RPS6KA5 -- PPP1R13L -- MAPK9 -- LYN -- IRF1 -- EIF4G2 -- MYB -- CYCS -- HIP1 -- RNF11 -- PSEN1 -- SOD1 -- HNRNPK -- SMPD1 -- TNIK -- BRCA1 -- CDKN2A -- BID -- MCL1 -- PCNA -- TAF1 -- PLAC8 -- DIABLO -- RASSF1
465,TNFRSF1A -- TNFRSF1B -- MAPK8 -- STAT1 -- JUN -- FOS -- SIRT1 -- TNFAIP3 -- TRAF1 -- MAPK14 -- RHOA -- TGFB2 -- RAC1 -- MAP2K7 -- MAP3K1 -- VEGFA -- MAP3K14 -- TRADD -- ATM -- CASP2 -- CHUK -- RPS6KA5 -- PPP1R13L -- MAPK9 -- IRF1 -- EIF4G2 -- HTRA2 -- MYB -- HIP1 -- RNF11 -- PSEN1 -- SOD1 -- HNRNPK -- SMPD1 -- TNIK -- HTT -- BRCA1 -- CDKN2A -- BID -- MCL1 -- PCNA -- TAF1 -- PLAC8 -- CASP9 -- DIABLO -- APAF1 -- RASSF1
64,TNFRSF1A -- TNFRSF1B -- NFKB1 -- MAPK8 -- SIRT1 -- RB1 -- TNFAIP3 -- CCND1 -- TRAF1 -- MAPK14 -- RHOA -- RAC1 -- MAP2K7 -- MAP3K1 -- IGF1 -- MAP3K14 -- TRADD -- ATM -- CASP2 -- MDM2 -- CHUK -- RPS6KA5 -- PPP1R13L -- MAPK9 -- IRF1 -- HTRA2 -- HIP1 -- CDK4 -- OTUD7B -- RNF11 -- PSEN1 -- SOD1 -- RPA4 -- SMPD1 -- TNIK -- PELP1 -- BAX -- BAK1 -- BID -- FOXM1 -- PCNA -- PLAC8 -- CASP9 -- DIABLO -- APAF1
382,TNFRSF1A -- TNFRSF1B -- MAPK8 -- JUN -- FOS -- BIRC2 -- BIRC3 -- SIRT1 -- MYC -- TNFAIP3 -- CCND1 -- MAPK14 -- PTMA -- RHOA -- TGFB2 -- RAC1 -- MAP2K7 -- MAP3K1 -- IGF1 -- RET -- TRADD -- CHUK -- PPP1R13L -- MAPK9 -- LYN -- IRF1 -- EIF4G2 -- MYB -- CYCS -- CDK4 -- OTUD7B -- RNF11 -- PSEN1 -- BAD -- SOD1 -- HNRNPK -- RPA4 -- SMPD1 -- TNIK -- CDKN2A -- PELP1 -- BID -- FOXM1 -- MCL1 -- PCNA -- TAF1 -- DIABLO -- RANGAP1
534,TNFRSF1A -- TNFRSF1B -- NFKB1 -- MAPK8 -- BIRC2 -- BIRC3 -- SIRT1 -- RB1 -- TNFAIP3 -- CCND1 -- MAPK14 -- RHOA -- NR3C1 -- RAC1 -- MAP2K7 -- MAP3K1 -- TRADD -- MDM2 -- CHUK -- RPS6KA5 -- PPP1R13L -- MAPK9 -- LYN -- IRF1 -- CYCS -- HIP1 -- CDK4 -- OTUD7B -- RNF11 -- PSEN1 -- SOD1 -- RPA4 -- SMPD1 -- TNIK -- EIF4E -- BID -- FOXM1 -- PCNA -- PLAC8 -- DIABLO -- RANGAP1
634,TNFRSF1A -- TNFRSF1B -- NFKB1 -- MAPK8 -- STAT1 -- BIRC2 -- BIRC3 -- SIRT1 -- MYC -- TNFAIP3 -- MAPK14 -- PTMA -- RHOA -- RAC1 -- MAP2K7 -- MAP3K1 -- VEGFA -- RET -- TRADD -- TNFRSF10B -- MDM2 -- CHUK -- PPP1R13L -- MAPK9 -- LYN -- IRF1 -- CYCS -- CDK4 -- RNF11 -- PSEN1 -- BAD -- SOD1 -- HNRNPK -- SMPD1 -- TNIK -- PELP1 -- EIF4E -- BID -- FOXM1 -- PCNA -- TAF1 -- DIABLO -- RANGAP1
68,TNFRSF1A -- TNFRSF1B -- NFKB1 -- MAPK8 -- STAT1 -- BIRC2 -- SIRT1 -- MYC -- TNFAIP3 -- CCND1 -- MAPK14 -- PTMA -- RHOA -- RAC1 -- MAP2K7 -- MAP3K1 -- VEGFA -- RET -- TRADD -- ATM -- CHUK -- RPS6KA5 -- PPP1R13L -- MAPK9 -- LYN -- IRF1 -- CDK4 -- OTUD7B -- RNF11 -- PSEN1 -- SOD1 -- HNRNPK -- RPA4 -- SMPD1 -- TNIK -- BRCA1 -- PELP1 -- BAX -- BID -- TFDP1 -- PCNA -- TAF1 -- PLAC8 -- DIABLO -- RANGAP1
557,TNFRSF1A -- TNFRSF1B -- MAPK8 -- STAT1 -- BIRC2 -- SIRT1 -- MYC -- TNFAIP3 -- CCND1 -- TRAF1 -- MAPK14 -- PTMA -- RHOA -- RAC1 -- MAP2K7 -- MAP3K1 -- VEGFA -- TRADD -- MDM2 -- CHUK -- PPP1R13L -- MAPK9 -- LYN -- IRF1 -- CYCS -- CDK4 -- OTUD7B -- RNF11 -- PSEN1 -- BAD -- SOD1 -- HNRNPK -- RPA4 -- SMPD1 -- TNIK -- EIF4E -- BID -- FOXM1 -- MCL1 -- PCNA -- TAF1 -- DIABLO -- RANGAP1
666,TNFRSF1A -- TNFRSF1B -- NFKB1 -- MAPK8 -- JUN -- SIRT1 -- RB1 -- TNFAIP3 -- CCND1 -- TRAF1 -- MAPK14 -- RHOA -- RAC1 -- MAP2K7 -- MAP3K1 -- IGF1 -- MAP3K14 -- TRADD -- TNFRSF10B -- CASP2 -- MDM2 -- CHUK -- RPS6KA5 -- PPP1R13L -- MAPK9 -- IRF1 -- EIF4G2 -- HTRA2 -- MYB -- HIP1 -- CDK4 -- OTUD7B -- RNF11 -- CASP10 -- PSEN1 -- SOD1 -- RPA4 -- SMPD1 -- TNIK -- HTT -- PELP1 -- BAX -- BAK1 -- BID -- FOXM1 -- PCNA -- PLAC8 -- CASP9 -- DIABLO -- APAF1
664,TNFRSF1A -- TNFRSF1B -- NFKB1 -- MAPK8 -- BIRC2 -- SIRT1 -- RB1 -- TNFAIP3 -- CCND1 -- MAPK14 -- PTMA -- RHOA -- RAC1 -- MAP2K7 -- MAP3K1 -- IGF1 -- TRADD -- MDM2 -- CHUK -- RPS6KA5 -- PPP1R13L -- MAPK9 -- LYN -- IRF1 -- HTRA2 -- CDK4 -- OTUD7B -- RNF11 -- PSEN1 -- BAD -- SOD1 -- RPA4 -- SMPD1 -- TNIK -- PELP1 -- BAK1 -- EIF4E -- BID -- FOXM1 -- PCNA -- TAF1 -- DIABLO -- RANGAP1
395,TNFRSF1A -- TNFRSF1B -- NFKB1 -- MAPK8 -- STAT1 -- SIRT1 -- MYC -- TNFAIP3 -- MAPK14 -- PTMA -- RHOA -- TGFB2 -- RAC1 -- MAP2K7 -- MAP3K1 -- VEGFA -- MAP3K14 -- RET -- TRADD -- CASP2 -- CHUK -- PPP1R13L -- MAPK9 -- LYN -- IRF1 -- HTRA2 -- CDK4 -- OTUD7B -- RNF11 -- PSEN1 -- SOD1 -- HNRNPK -- SMPD1 -- TNIK -- PELP1 -- BAK1 -- EIF4E -- BID -- TFDP1 -- PCNA -- TAF1 -- DIABLO -- APAF1 -- RASSF1 -- RANGAP1
425,TNFRSF1A -- TNFRSF1B -- MAPK8 -- STAT1 -- JUN -- FOS -- SIRT1 -- TNFAIP3 -- TRAF1 -- MAPK14 -- RHOA -- RAC1 -- MAP2K7 -- MAP3K1 -- IGF1 -- VEGFA -- MAP3K14 -- RET -- TRADD -- TNFRSF10B -- ATM -- CASP2 -- CHUK -- RPS6KA5 -- PPP1R13L -- MAPK9 -- IRF1 -- EIF4G2 -- HTRA2 -- HIP1 -- RNF11 -- CASP10 -- PSEN1 -- SOD1 -- HNRNPK -- SMPD1 -- TNIK -- HTT -- CDKN2A -- BAX -- BID -- FOXM1 -- MCL1 -- PCNA -- PLAC8 -- CASP9 -- DIABLO -- APAF1
74,TNFRSF1A -- TNFRSF1B -- MAPK8 -- STAT1 -- JUN -- FOS -- BIRC2 -- BIRC3 -- SIRT1 -- TNFAIP3 -- TRAF1 -- MAPK14 -- RHOA -- NR3C1 -- TGFB2 -- RAC1 -- MAP2K7 -- MAP3K1 -- VEGFA -- RET -- TRADD -- ATM -- CHUK -- RPS6KA5 -- PPP1R13L -- MAPK9 -- LYN -- IRF1 -- EIF4G2 -- MYB -- CYCS -- HIP1 -- RNF11 -- PSEN1 -- SOD1 -- HNRNPK -- SMPD1 -- TNIK -- BRCA1 -- CDKN2A -- BID -- MCL1 -- PCNA -- TAF1 -- PLAC8 -- DIABLO -- RASSF1
675,TNFRSF1A -- TNFRSF1B -- NFKB1 -- MAPK8 -- FOS -- SIRT1 -- RB1 -- TNFAIP3 -- CCND1 -- TRAF1 -- MAPK14 -- RHOA -- RAC1 -- MAP2K7 -- MAP3K1 -- MAP3K14 -- TRADD -- TNFRSF10B -- ATM -- CASP2 -- MDM2 -- CHUK -- RPS6KA5 -- PPP1R13L -- MAPK9 -- IRF1 -- EIF4G2 -- HTRA2 -- HIP1 -- CDK4 -- OTUD7B -- RNF11 -- CASP10 -- PSEN1 -- SOD1 -- RPA4 -- SMPD1 -- TNIK -- HTT -- PELP1 -- BAX -- BAK1 -- BID -- FOXM1 -- PCNA -- PLAC8 -- CASP9 -- DIABLO -- APAF1
792,STAT1 -- FOS -- SIRT1 -- FASLG -- TNFAIP3 -- MAPK14 -- TGFB2 -- RAC1 -- MAP2K7 -- MAP3K1 -- IGF1 -- VEGFA -- MAP3K14 -- TRADD -- MAPK1 -- TNFRSF10B -- AKT1 -- E2F1 -- MDM2 -- CHUK -- RPS6KA5 -- PPP1R13L -- MAPK9 -- IRF1 -- HTRA2 -- MYB -- HIP1 -- CDK4 -- OTUD7B -- CASP10 -- PSEN1 -- RPA4 -- SMPD1 -- BBC3 -- PELP1 -- EIF4E -- BID -- FOXM1 -- CTBP1 -- RBL1 -- PCNA -- TAF1 -- PLAC8 -- DIABLO
594,TNFRSF1A -- TNFRSF1B -- MAPK8 -- STAT1 -- JUN -- FOS -- BIRC2 -- BIRC3 -- SIRT1 -- TNFAIP3 -- TRAF1 -- MAPK14 -- RHOA -- NR3C1 -- TGFB2 -- RAC1 -- MAP2K7 -- MAP3K1 -- VEGFA -- MAP3K14 -- RET -- TRADD -- ATM -- CASP2 -- CHUK -- RPS6KA5 -- PPP1R13L -- MAPK9 -- IRF1 -- EIF4G2 -- MYB -- CYCS -- HIP1 -- RNF11 -- PSEN1 -- SOD1 -- HNRNPK -- CASP7 -- SMPD1 -- TNIK -- HTT -- BRCA1 -- CDKN2A -- BID -- MCL1 -- PCNA -- TAF1 -- PLAC8 -- CASP9 -- DIABLO -- APAF1 -- RASSF1
488,TNFRSF1A -- TNFRSF1B -- NFKB1 -- MAPK8 -- FOS -- SIRT1 -- RB1 -- TNFAIP3 -- CCND1 -- TRAF1 -- MAPK14 -- RHOA -- RAC1 -- MAP2K7 -- MAP3K1 -- MAP3K14 -- TRADD -- TNFRSF10B -- ATM -- CASP2 -- MDM2 -- CHUK -- RPS6KA5 -- PPP1R13L -- MAPK9 -- IRF1 -- EIF4G2 -- HTRA2 -- HIP1 -- CDK4 -- OTUD7B -- RNF11 -- CASP10 -- PSEN1 -- SOD1 -- RPA4 -- SMPD1 -- TNIK -- HTT -- PELP1 -- BAX -- BAK1 -- BID -- FOXM1 -- PCNA -- PLAC8 -- CASP9 -- DIABLO -- APAF1
79,TNFRSF1A -- TNFRSF1B -- NFKB1 -- MAPK8 -- STAT1 -- JUN -- FOS -- SIRT1 -- TNFAIP3 -- TRAF1 -- MAPK14 -- RHOA -- NR3C1 -- RAC1 -- MAP2K7 -- MAP3K1 -- VEGFA -- MAP3K14 -- TRADD -- TNFRSF10B -- ATM -- CASP2 -- CHUK -- RPS6KA5 -- PPP1R13L -- MAPK9 -- IRF1 -- EIF4G2 -- HTRA2 -- MYB -- HIP1 -- RNF11 -- CASP10 -- PSEN1 -- SOD1 -- HNRNPK -- CASP7 -- SMPD1 -- TNIK -- HTT -- BRCA1 -- CDKN2A -- BAK1 -- BID -- PCNA -- PLAC8 -- CASP9 -- DIABLO -- APAF1 -- RASSF1
538,TNFRSF1A -- TNFRSF1B -- MAPK8 -- STAT1 -- JUN -- FOS -- SIRT1 -- TNFAIP3 -- TRAF1 -- MAPK14 -- RHOA -- NR3C1 -- RAC1 -- MAP2K7 -- MAP3K1 -- VEGFA -- MAP3K14 -- RET -- TRADD -- ATM -- CASP2 -- CHUK -- RPS6KA5 -- PPP1R13L -- MAPK9 -- IRF1 -- EIF4G2 -- HTRA2 -- MYB -- HIP1 -- RNF11 -- PSEN1 -- SOD1 -- HNRNPK -- CASP7 -- SMPD1 -- TNIK -- HTT -- BRCA1 -- CDKN2A -- BAK1 -- BID -- MCL1 -- PCNA -- TAF1 -- PLAC8 -- CASP9 -- DIABLO -- APAF1 -- RASSF1
81,TNFRSF1A -- TNFRSF1B -- MAPK8 -- JUN -- FOS -- SIRT1 -- RB1 -- TNFAIP3 -- TRAF1 -- MAPK14 -- RHOA -- NR3C1 -- RAC1 -- MAP2K7 -- MAP3K1 -- MAP3K14 -- TRADD -- ATM -- CASP2 -- CHUK -- RPS6KA5 -- PPP1R13L -- MAPK9 -- IRF1 -- EIF4G2 -- HTRA2 -- HIP1 -- OTUD7B -- RNF11 -- PSEN1 -- SOD1 -- SMPD1 -- TNIK -- HTT -- BRCA1 -- CDKN2A -- BAX -- BAK1 -- BID -- PCNA -- PLAC8 -- CASP9 -- DIABLO -- APAF1 -- RASSF1
739,TNFRSF1A -- TNFRSF1B -- MAPK8 -- STAT1 -- JUN -- FOS -- SIRT1 -- RB1 -- TNFAIP3 -- TRAF1 -- MAPK14 -- RHOA -- NR3C1 -- RAC1 -- MAP2K7 -- MAP3K1 -- VEGFA -- MAP3K14 -- RET -- TRADD -- ATM -- CASP2 -- CHUK -- RPS6KA5 -- PPP1R13L -- MAPK9 -- IRF1 -- EIF4G2 -- MYB -- HIP1 -- RNF11 -- PSEN1 -- SOD1 -- HNRNPK -- SMPD1 -- TNIK -- HTT -- BRCA1 -- CDKN2A -- BID -- MCL1 -- PCNA -- PLAC8 -- CASP9 -- DIABLO -- APAF1
633,TNFRSF1A -- TNFRSF1B -- MAPK8 -- STAT1 -- JUN -- FOS -- SIRT1 -- TNFAIP3 -- TRAF1 -- MAPK14 -- RHOA -- NR3C1 -- TGFB2 -- RAC1 -- MAP2K7 -- MAP3K1 -- VEGFA -- MAP3K14 -- RET -- TRADD -- ATM -- CASP2 -- CHUK -- RPS6KA5 -- PPP1R13L -- MAPK9 -- IRF1 -- EIF4G2 -- HTRA2 -- MYB -- HIP1 -- RNF11 -- CASP10 -- PSEN1 -- SOD1 -- HNRNPK -- CASP7 -- SMPD1 -- TNIK -- HTT -- BRCA1 -- CDKN2A -- BAK1 -- BID -- MCL1 -- PCNA -- PLAC8 -- CASP9 -- DIABLO -- APAF1 -- RASSF1
786,TNFRSF1A -- TNFRSF1B -- MAPK8 -- STAT1 -- JUN -- FOS -- BIRC2 -- SIRT1 -- TNFAIP3 -- TRAF1 -- MAPK14 -- RHOA -- NR3C1 -- TGFB2 -- RAC1 -- MAP2K7 -- MAP3K1 -- VEGFA -- RET -- TRADD -- ATM -- CASP2 -- CHUK -- RPS6KA5 -- PPP1R13L -- MAPK9 -- IRF1 -- EIF4G2 -- MYB -- CYCS -- HIP1 -- RNF11 -- PSEN1 -- SOD1 -- HNRNPK -- CASP7 -- SMPD1 -- TNIK -- HTT -- BRCA1 -- CDKN2A -- BID -- MCL1 -- PCNA -- TAF1 -- PLAC8 -- CASP9 -- DIABLO -- RASSF1
421,TNFRSF1A -- TNFRSF1B -- MAPK8 -- SIRT1 -- TNFAIP3 -- TRAF1 -- MAPK14 -- RHOA -- RAC1 -- MAP2K7 -- MAP3K1 -- VEGFA -- MAP3K14 -- RET -- TRADD -- ATM -- CASP2 -- CHUK -- RPS6KA5 -- PPP1R13L -- MAPK9 -- LYN -- IRF1 -- EIF4G2 -- HTRA2 -- MYB -- HIP1 -- OTUD7B -- RNF11 -- PSEN1 -- SOD1 -- HNRNPK -- SMPD1 -- TNIK -- HTT -- CDKN2A -- PELP1 -- BAX -- BID -- MCL1 -- PCNA -- PLAC8 -- DIABLO -- APAF1 -- RASSF1
86,TNFRSF1A -- TNFRSF1B -- MAPK8 -- STAT1 -- SIRT1 -- MYC -- RB1 -- TNFAIP3 -- CCND1 -- MAPK14 -- PTMA -- RHOA -- RAC1 -- MAP2K7 -- MAP3K1 -- IGF1 -- MAP3K14 -- TRADD -- CASP2 -- MDM2 -- CHUK -- PPP1R13L -- MAPK9 -- IRF1 -- EIF4G2 -- CYCS -- CDK4 -- OTUD7B -- RNF11 -- PSEN1 -- BAD -- SOD1 -- RPA4 -- CASP7 -- SMPD1 -- TNIK -- HTT -- PELP1 -- BID -- FOXM1 -- MCL1 -- PCNA -- TAF1 -- DIABLO -- APAF1 -- RANGAP1
716,TNFRSF1A -- TNFRSF1B -- NFKB1 -- MAPK8 -- SIRT1 -- RB1 -- TNFAIP3 -- CCND1 -- TRAF1 -- MAPK14 -- RHOA -- RAC1 -- MAP2K7 -- MAP3K1 -- MAP3K14 -- TRADD -- ATM -- CASP2 -- MDM2 -- CHUK -- RPS6KA5 -- PPP1R13L -- MAPK9 -- LYN -- IRF1 -- EIF4G2 -- HTRA2 -- HIP1 -- CDK4 -- OTUD7B -- RNF11 -- PSEN1 -- SOD1 -- RPA4 -- SMPD1 -- TNIK -- HTT -- PELP1 -- BAX -- BAK1 -- EIF4E -- BID -- FOXM1 -- PCNA -- PLAC8 -- DIABLO
454,TNFRSF1A -- TNFRSF1B -- MAPK8 -- STAT1 -- JUN -- FOS -- SIRT1 -- RB1 -- TNFAIP3 -- TRAF1 -- MAPK14 -- RHOA -- NR3C1 -- RAC1 -- MAP2K7 -- MAP3K1 -- VEGFA -- MAP3K14 -- RET -- TRADD -- ATM -- CASP2 -- CHUK -- RPS6KA5 -- PPP1R13L -- MAPK9 -- IRF1 -- EIF4G2 -- HTRA2 -- MYB -- HIP1 -- OTUD7B -- RNF11 -- CASP10 -- PSEN1 -- SOD1 -- HNRNPK -- SMPD1 -- TNIK -- HTT -- BRCA1 -- CDKN2A -- BAK1 -- BID -- PCNA -- PLAC8 -- CASP9 -- DIABLO -- APAF1
554,TNFRSF1A -- TNFRSF1B -- MAPK8 -- STAT1 -- JUN -- FOS -- SIRT1 -- RB1 -- TNFAIP3 -- TRAF1 -- MAPK14 -- RHOA -- RAC1 -- MAP2K7 -- MAP3K1 -- IGF1 -- MAP3K14 -- RET -- TRADD -- ATM -- CASP2 -- CHUK -- RPS6KA5 -- PPP1R13L -- MAPK9 -- IRF1 -- EIF4G2 -- HTRA2 -- HIP1 -- CDK4 -- OTUD7B -- RNF11 -- CASP10 -- PSEN1 -- SOD1 -- HNRNPK -- RPA4 -- SMPD1 -- TNIK -- HTT -- CDKN2A -- PELP1 -- BAX -- BAK1 -- BID -- FOXM1 -- PCNA -- PLAC8 -- CASP9 -- DIABLO -- APAF1
90,TNFRSF1A -- TNFRSF1B -- NFKB1 -- MAPK8 -- JUN -- FOS -- SIRT1 -- RB1 -- TNFAIP3 -- CCND1 -- TRAF1 -- MAPK14 -- RHOA -- RAC1 -- MAP2K7 -- MAP3K1 -- IGF1 -- MAP3K14 -- TRADD -- TNFRSF10B -- ATM -- CASP2 -- MDM2 -- CHUK -- RPS6KA5 -- PPP1R13L -- MAPK9 -- IRF1 -- EIF4G2 -- HTRA2 -- MYB -- HIP1 -- OTUD7B -- RNF11 -- CASP10 -- PSEN1 -- SOD1 -- SMPD1 -- TNIK -- HTT -- CDKN2A -- PELP1 -- BAX -- BAK1 -- BID -- FOXM1 -- PCNA -- PLAC8 -- CASP9 -- DIABLO -- APAF1
91,TNFRSF1A -- TNFRSF1B -- MAPK8 -- STAT1 -- BIRC2 -- SIRT1 -- MYC -- TNFAIP3 -- MAPK14 -- PTMA -- RHOA -- TGFB2 -- RAC1 -- MAP2K7 -- MAP3K1 -- VEGFA -- TRADD -- MDM2 -- CHUK -- PPP1R13L -- MAPK9 -- LYN -- IRF1 -- CYCS -- CDK4 -- OTUD7B -- RNF11 -- PSEN1 -- BAD -- SOD1 -- RPA4 -- SMPD1 -- TNIK -- PELP1 -- EIF4E -- BID -- FOXM1 -- MCL1 -- PCNA -- TAF1 -- DIABLO -- RANGAP1
541,TNFRSF1A -- TNFRSF1B -- MAPK8 -- STAT1 -- JUN -- FOS -- SIRT1 -- RB1 -- TNFAIP3 -- TRAF1 -- MAPK14 -- RHOA -- RAC1 -- MAP2K7 -- MAP3K1 -- VEGFA -- MAP3K14 -- TRADD -- TNFRSF10B -- ATM -- CASP2 -- CHUK -- PPP1R13L -- MAPK9 -- IRF1 -- EIF4G2 -- HTRA2 -- HIP1 -- OTUD7B -- RNF11 -- CASP10 -- PSEN1 -- SOD1 -- HNRNPK -- SMPD1 -- TNIK -- HTT -- BRCA1 -- CDKN2A -- BAX -- BAK1 -- BID -- FOXM1 -- PCNA -- PLAC8 -- CASP9 -- DIABLO -- APAF1
545,TNFRSF1A -- TNFRSF1B -- NFKB1 -- MAPK8 -- BIRC2 -- BIRC3 -- SIRT1 -- RB1 -- TNFAIP3 -- CCND1 -- MAPK14 -- RHOA -- RAC1 -- MAP2K7 -- MAP3K1 -- TRADD -- TNFRSF10B -- ATM -- MDM2 -- CHUK -- RPS6KA5 -- PPP1R13L -- MAPK9 -- LYN -- IRF1 -- EIF4G2 -- CYCS -- HIP1 -- CDK4 -- OTUD7B -- RNF11 -- CASP10 -- PSEN1 -- SOD1 -- RPA4 -- SMPD1 -- TNIK -- PELP1 -- BID -- FOXM1 -- PCNA -- PLAC8 -- DIABLO -- RANGAP1
410,TNFRSF1A -- TNFRSF1B -- MAPK8 -- JUN -- FOS -- SIRT1 -- RB1 -- TNFAIP3 -- TRAF1 -- MAPK14 -- RHOA -- NR3C1 -- RAC1 -- MAP2K7 -- MAP3K1 -- MAP3K14 -- RET -- TRADD -- ATM -- CASP2 -- CHUK -- RPS6KA5 -- PPP1R13L -- MAPK9 -- IRF1 -- EIF4G2 -- HTRA2 -- MYB -- HIP1 -- RNF11 -- CASP10 -- PSEN1 -- SOD1 -- HNRNPK -- SMPD1 -- TNIK -- HTT -- BRCA1 -- CDKN2A -- BAX -- BAK1 -- BID -- PCNA -- PLAC8 -- CASP9 -- DIABLO -- APAF1 -- RASSF1
758,TNFRSF1A -- TNFRSF1B -- NFKB1 -- MAPK8 -- JUN -- FOS -- SIRT1 -- RB1 -- TNFAIP3 -- CCND1 -- TRAF1 -- MAPK14 -- RHOA -- RAC1 -- MAP2K7 -- MAP3K1 -- MAP3K14 -- TRADD -- TNFRSF10B -- ATM -- CASP2 -- MDM2 -- CHUK -- RPS6KA5 -- PPP1R13L -- MAPK9 -- IRF1 -- EIF4G2 -- HTRA2 -- HIP1 -- CDK4 -- OTUD7B -- RNF11 -- CASP10 -- PSEN1 -- SOD1 -- RPA4 -- SMPD1 -- TNIK -- HTT -- PELP1 -- BAX -- BAK1 -- BID -- FOXM1 -- PCNA -- PLAC8 -- CASP9 -- DIABLO -- APAF1
573,TNFRSF1A -- TNFRSF1B -- MAPK8 -- JUN -- FOS -- SIRT1 -- RB1 -- TNFAIP3 -- CCND1 -- TRAF1 -- MAPK14 -- RHOA -- RAC1 -- MAP2K7 -- MAP3K1 -- MAP3K14 -- RET -- TRADD -- TNFRSF10B -- ATM -- CHUK -- RPS6KA5 -- PPP1R13L -- MAPK9 -- IRF1 -- EIF4G2 -- HTRA2 -- MYB -- HIP1 -- OTUD7B -- RNF11 -- CASP10 -- PSEN1 -- SOD1 -- HNRNPK -- RPA4 -- SMPD1 -- TNIK -- BRCA1 -- CDKN2A -- PELP1 -- BAX -- BAK1 -- BID -- PCNA -- PLAC8 -- CASP9 -- DIABLO -- APAF1
97,TNFRSF1A -- TNFRSF1B -- MAPK8 -- STAT1 -- BIRC2 -- SIRT1 -- TNFAIP3 -- TRAF1 -- MAPK14 -- RHOA -- NR3C1 -- RAC1 -- MAP2K7 -- MAP3K1 -- VEGFA -- RET -- TRADD -- ATM -- CHUK -- RPS6KA5 -- PPP1R13L -- MAPK9 -- LYN -- IRF1 -- CYCS -- HIP1 -- RNF11 -- PSEN1 -- SOD1 -- HNRNPK -- SMPD1 -- TNIK -- BRCA1 -- BID -- MCL1 -- PCNA -- TAF1 -- PLAC8 -- DIABLO -- RASSF1
98,TNFRSF1A -- TNFRSF1B -- MAPK8 -- STAT1 -- JUN -- FOS -- SIRT1 -- TNFAIP3 -- TRAF1 -- MAPK14 -- RHOA -- NR3C1 -- TGFB2 -- RAC1 -- MAP2K7 -- MAP3K1 -- VEGFA -- MAP3K14 -- RET -- TRADD -- ATM -- CASP2 -- CHUK -- RPS6KA5 -- PPP1R13L -- MAPK9 -- IRF1 -- EIF4G2 -- HTRA2 -- MYB -- HIP1 -- RNF11 -- PSEN1 -- SOD1 -- HNRNPK -- CASP7 -- SMPD1 -- TNIK -- HTT -- BRCA1 -- CDKN2A -- BID -- MCL1 -- PCNA -- TAF1 -- PLAC8 -- CASP9 -- DIABLO -- APAF1 -- RASSF1
569,TNFRSF1A -- TNFRSF1B -- NFKB1 -- MAPK8 -- SIRT1 -- RB1 -- TNFAIP3 -- CCND1 -- TRAF1 -- MAPK14 -- RHOA -- RAC1 -- MAP2K7 -- MAP3K1 -- MAP3K14 -- TRADD -- TNFRSF10B -- ATM -- CASP2 -- MDM2 -- CHUK -- RPS6KA5 -- PPP1R13L -- MAPK9 -- LYN -- IRF1 -- EIF4G2 -- HTRA2 -- HIP1 -- CDK4 -- OTUD7B -- RNF11 -- CASP10 -- PSEN1 -- SOD1 -- RPA4 -- SMPD1 -- TNIK -- HTT -- PELP1 -- BAX -- BAK1 -- BID -- FOXM1 -- PCNA -- PLAC8 -- DIABLO -- APAF1
525,TNFRSF1A -- TNFRSF1B -- MAPK8 -- STAT1 -- BIRC2 -- SIRT1 -- MYC -- TNFAIP3 -- MAPK14 -- RHOA -- NR3C1 -- RAC1 -- MAP2K7 -- MAP3K1 -- IGF1 -- VEGFA -- RET -- TRADD -- CHUK -- RPS6KA5 -- PPP1R13L -- MAPK9 -- LYN -- IRF1 -- CYCS -- CDK4 -- OTUD7B -- RNF11 -- PSEN1 -- SOD1 -- HNRNPK -- SMPD1 -- TNIK -- BRCA1 -- PELP1 -- BID -- FOXM1 -- MCL1 -- PCNA -- TAF1 -- DIABLO -- RASSF1 -- RANGAP1
661,TNFRSF1A -- TNFRSF1B -- MAPK8 -- STAT1 -- JUN -- FOS -- SIRT1 -- TNFAIP3 -- TRAF1 -- MAPK14 -- RHOA -- NR3C1 -- TGFB2 -- RAC1 -- MAP2K7 -- MAP3K1 -- VEGFA -- MAP3K14 -- RET -- TRADD -- ATM -- CASP2 -- CHUK -- RPS6KA5 -- PPP1R13L -- MAPK9 -- IRF1 -- EIF4G2 -- MYB -- HIP1 -- RNF11 -- PSEN1 -- SOD1 -- HNRNPK -- CASP7 -- SMPD1 -- TNIK -- HTT -- BRCA1 -- CDKN2A -- BID -- MCL1 -- PCNA -- TAF1 -- PLAC8 -- CASP9 -- DIABLO -- APAF1 -- RASSF1
745,TNFRSF1A -- TNFRSF1B -- NFKB1 -- MAPK8 -- JUN -- FOS -- SIRT1 -- TNFAIP3 -- TRAF1 -- MAPK14 -- RHOA -- RAC1 -- MAP2K7 -- MAP3K1 -- VEGFA -- MAP3K14 -- RET -- TRADD -- TNFRSF10B -- ATM -- CASP2 -- CHUK -- RPS6KA5 -- PPP1R13L -- MAPK9 -- IRF1 -- EIF4G2 -- HTRA2 -- MYB -- HIP1 -- OTUD7B -- RNF11 -- CASP10 -- PSEN1 -- SOD1 -- HNRNPK -- RPA4 -- SMPD1 -- TNIK -- HTT -- BRCA1 -- CDKN2A -- PELP1 -- BAX -- BAK1 -- BID -- PCNA -- PLAC8 -- CASP9 -- DIABLO -- APAF1 -- RASSF1
103,TNFRSF1A -- TNFRSF1B -- MAPK8 -- STAT1 -- JUN -- BIRC2 -- BIRC3 -- SIRT1 -- TNFAIP3 -- TRAF1 -- MAPK14 -- RHOA -- NR3C1 -- TGFB2 -- RAC1 -- MAP2K7 -- MAP3K1 -- VEGFA -- RET -- TRADD -- ATM -- CHUK -- RPS6KA5 -- PPP1R13L -- MAPK9 -- LYN -- IRF1 -- MYB -- CYCS -- HIP1 -- RNF11 -- PSEN1 -- SOD1 -- HNRNPK -- SMPD1 -- TNIK -- BRCA1 -- CDKN2A -- EIF4E -- BID -- MCL1 -- PCNA -- TAF1 -- PLAC8 -- DIABLO -- RASSF1
697,TNFRSF1A -- TNFRSF1B -- NFKB1 -- MAPK8 -- JUN -- FOS -- SIRT1 -- RB1 -- TNFAIP3 -- CCND1 -- TRAF1 -- MAPK14 -- RHOA -- RAC1 -- MAP2K7 -- MAP3K1 -- IGF1 -- MAP3K14 -- TRADD -- TNFRSF10B -- ATM -- CASP2 -- MDM2 -- CHUK -- RPS6KA5 -- PPP1R13L -- MAPK9 -- IRF1 -- EIF4G2 -- HTRA2 -- MYB -- HIP1 -- CDK4 -- OTUD7B -- RNF11 -- CASP10 -- PSEN1 -- SOD1 -- RPA4 -- SMPD1 -- TNIK -- HTT -- PELP1 -- BAX -- BAK1 -- BID -- FOXM1 -- PCNA -- PLAC8 -- CASP9 -- DIABLO -- APAF1
617,TNFRSF1A -- TNFRSF1B -- NFKB1 -- MAPK8 -- JUN -- FOS -- SIRT1 -- RB1 -- TNFAIP3 -- TRAF1 -- MAPK14 -- RHOA -- RAC1 -- MAP2K7 -- MAP3K1 -- IGF1 -- MAP3K14 -- TRADD -- TNFRSF10B -- CASP2 -- MDM2 -- CHUK -- RPS6KA5 -- PPP1R13L -- MAPK9 -- IRF1 -- EIF4G2 -- HTRA2 -- MYB -- HIP1 -- CDK4 -- OTUD7B -- RNF11 -- CASP10 -- PSEN1 -- SOD1 -- RPA4 -- SMPD1 -- TNIK -- HTT -- CDKN2A -- PELP1 -- BAX -- BAK1 -- BID -- FOXM1 -- PCNA -- PLAC8 -- CASP9 -- DIABLO -- APAF1
770,TNFRSF1A -- TNFRSF1B -- MAPK8 -- BIRC2 -- SIRT1 -- MYC -- RB1 -- TNFAIP3 -- CCND1 -- MAPK14 -- PTMA -- RHOA -- RAC1 -- MAP2K7 -- MAP3K1 -- TRADD -- TNFRSF10B -- MDM2 -- CHUK -- PPP1R13L -- MAPK9 -- LYN -- IRF1 -- EIF4G2 -- HTRA2 -- CYCS -- CDK4 -- OTUD7B -- RNF11 -- CASP10 -- PSEN1 -- SOD1 -- RPA4 -- SMPD1 -- TNIK -- PELP1 -- BAK1 -- EIF4E -- BID -- FOXM1 -- PCNA -- DIABLO -- RANGAP1
107,TNFRSF1A -- TNFRSF1B -- NFKB1 -- MAPK8 -- JUN -- FOS -- SIRT1 -- RB1 -- TNFAIP3 -- TRAF1 -- MAPK14 -- RHOA -- RAC1 -- MAP2K7 -- MAP3K1 -- IGF1 -- MAP3K14 -- TRADD -- TNFRSF10B -- ATM -- CASP2 -- CHUK -- RPS6KA5 -- PPP1R13L -- MAPK9 -- IRF1 -- EIF4G2 -- HTRA2 -- MYB -- HIP1 -- CDK4 -- OTUD7B -- RNF11 -- CASP10 -- PSEN1 -- SOD1 -- RPA4 -- SMPD1 -- TNIK -- HTT -- CDKN2A -- PELP1 -- BAX -- BAK1 -- BID -- FOXM1 -- PCNA -- PLAC8 -- CASP9 -- DIABLO -- APAF1
108,TNFRSF1A -- TNFRSF1B -- MAPK8 -- STAT1 -- BIRC2 -- SIRT1 -- TNFAIP3 -- TRAF1 -- MAPK14 -- RHOA -- NR3C1 -- RAC1 -- MAP2K7 -- MAP3K1 -- VEGFA -- RET -- TRADD -- ATM -- MDM2 -- CHUK -- RPS6KA5 -- PPP1R13L -- MAPK9 -- LYN -- IRF1 -- CYCS -- HIP1 -- CDK4 -- RNF11 -- PSEN1 -- SOD1 -- HNRNPK -- RPA4 -- SMPD1 -- TNIK -- EIF4E -- BID -- FOXM1 -- MCL1 -- PCNA -- TAF1 -- PLAC8 -- DIABLO
672,TNFRSF1A -- TNFRSF1B -- NFKB1 -- MAPK8 -- BIRC2 -- BIRC3 -- SIRT1 -- RB1 -- TNFAIP3 -- CCND1 -- TRAF1 -- MAPK14 -- PTMA -- RHOA -- RAC1 -- MAP2K7 -- MAP3K1 -- IGF1 -- TRADD -- TNFRSF10B -- ATM -- MDM2 -- CHUK -- RPS6KA5 -- PPP1R13L -- MAPK9 -- LYN -- IRF1 -- EIF4G2 -- CYCS -- HIP1 -- CDK4 -- OTUD7B -- RNF11 -- CASP10 -- PSEN1 -- BAD -- SOD1 -- RPA4 -- SMPD1 -- TNIK -- PELP1 -- BAK1 -- EIF4E -- BID -- FOXM1 -- PCNA -- DIABLO -- RANGAP1
518,TNFRSF1A -- TNFRSF1B -- NFKB1 -- MAPK8 -- STAT1 -- JUN -- FOS -- SIRT1 -- RB1 -- TNFAIP3 -- TRAF1 -- MAPK14 -- RHOA -- RAC1 -- MAP2K7 -- MAP3K1 -- MAP3K14 -- RET -- TRADD -- TNFRSF10B -- ATM -- CASP2 -- CHUK -- RPS6KA5 -- PPP1R13L -- MAPK9 -- IRF1 -- EIF4G2 -- HTRA2 -- MYB -- HIP1 -- CDK4 -- OTUD7B -- RNF11 -- CASP10 -- PSEN1 -- SOD1 -- HNRNPK -- RPA4 -- SMPD1 -- TNIK -- HTT -- CDKN2A -- PELP1 -- BAX -- BAK1 -- BID -- FOXM1 -- PCNA -- PLAC8 -- CASP9 -- DIABLO -- APAF1
561,TNFRSF1A -- TNFRSF1B -- MAPK8 -- STAT1 -- JUN -- FOS -- BIRC2 -- SIRT1 -- TNFAIP3 -- TRAF1 -- MAPK14 -- RHOA -- NR3C1 -- TGFB2 -- RAC1 -- MAP2K7 -- MAP3K1 -- VEGFA -- RET -- TRADD -- ATM -- CASP2 -- CHUK -- RPS6KA5 -- PPP1R13L -- MAPK9 -- IRF1 -- EIF4G2 -- MYB -- CYCS -- HIP1 -- RNF11 -- PSEN1 -- SOD1 -- HNRNPK -- SMPD1 -- TNIK -- HTT -- BRCA1 -- CDKN2A -- BID -- MCL1 -- PCNA -- TAF1 -- PLAC8 -- CASP9 -- DIABLO -- RASSF1
668,TNFRSF1A -- TNFRSF1B -- NFKB1 -- MAPK8 -- STAT1 -- BIRC2 -- BIRC3 -- SIRT1 -- MYC -- TNFAIP3 -- MAPK14 -- RHOA -- RAC1 -- MAP2K7 -- MAP3K1 -- IGF1 -- VEGFA -- RET -- TRADD -- CHUK -- PPP1R13L -- MAPK9 -- LYN -- IRF1 -- CYCS -- CDK4 -- OTUD7B -- RNF11 -- PSEN1 -- BAD -- SOD1 -- HNRNPK -- RPA4 -- SMPD1 -- TNIK -- PELP1 -- EIF4E -- BID -- FOXM1 -- MCL1 -- PCNA -- TAF1 -- DIABLO -- RASSF1 -- RANGAP1
113,TNFRSF1A -- TNFRSF1B -- MAPK8 -- STAT1 -- JUN -- FOS -- BIRC2 -- BIRC3 -- SIRT1 -- TNFAIP3 -- TRAF1 -- MAPK14 -- RHOA -- NR3C1 -- TGFB2 -- RAC1 -- MAP2K7 -- MAP3K1 -- VEGFA -- RET -- TRADD -- ATM -- CHUK -- RPS6KA5 -- PPP1R13L -- MAPK9 -- IRF1 -- MYB -- CYCS -- HIP1 -- RNF11 -- PSEN1 -- SOD1 -- HNRNPK -- SMPD1 -- TNIK -- BRCA1 -- CDKN2A -- EIF4E -- BID -- MCL1 -- PCNA -- TAF1 -- PLAC8 -- DIABLO -- RASSF1
114,TNFRSF1A -- TNFRSF1B -- MAPK8 -- STAT1 -- JUN -- FOS -- BIRC2 -- BIRC3 -- SIRT1 -- TNFAIP3 -- TRAF1 -- MAPK14 -- RHOA -- NR3C1 -- TGFB2 -- RAC1 -- MAP2K7 -- MAP3K1 -- VEGFA -- RET -- TRADD -- ATM -- CHUK -- RPS6KA5 -- PPP1R13L -- MAPK9 -- IRF1 -- MYB -- CYCS -- HIP1 -- RNF11 -- PSEN1 -- SOD1 -- HNRNPK -- SMPD1 -- TNIK -- BRCA1 -- CDKN2A -- EIF4E -- BID -- MCL1 -- PCNA -- TAF1 -- PLAC8 -- DIABLO -- RASSF1
115,TNFRSF1A -- TNFRSF1B -- MAPK8 -- STAT1 -- FOS -- BIRC2 -- BIRC3 -- SIRT1 -- TNFAIP3 -- TRAF1 -- MAPK14 -- RHOA -- NR3C1 -- TGFB2 -- RAC1 -- MAP2K7 -- MAP3K1 -- VEGFA -- RET -- TRADD -- ATM -- CHUK -- RPS6KA5 -- PPP1R13L -- MAPK9 -- LYN -- IRF1 -- MYB -- CYCS -- HIP1 -- RNF11 -- PSEN1 -- SOD1 -- HNRNPK -- SMPD1 -- TNIK -- BRCA1 -- CDKN2A -- BID -- MCL1 -- PCNA -- TAF1 -- PLAC8 -- DIABLO -- RASSF1
116,TNFRSF1A -- TNFRSF1B -- NFKB1 -- MAPK8 -- BIRC2 -- BIRC3 -- SIRT1 -- MYC -- TNFAIP3 -- CCND1 -- MAPK14 -- PTMA -- RHOA -- TGFB2 -- RAC1 -- MAP2K7 -- MAP3K1 -- RET -- TRADD -- TNFRSF10B -- CHUK -- PPP1R13L -- MAPK9 -- LYN -- IRF1 -- CYCS -- CDK4 -- OTUD7B -- RNF11 -- CASP10 -- PSEN1 -- SOD1 -- HNRNPK -- RPA4 -- SMPD1 -- TNIK -- PELP1 -- BAK1 -- EIF4E -- BID -- FOXM1 -- PCNA -- TAF1 -- DIABLO -- RANGAP1
117,TNFRSF1A -- TNFRSF1B -- NFKB1 -- MAPK8 -- BIRC2 -- BIRC3 -- SIRT1 -- MYC -- TNFAIP3 -- CCND1 -- MAPK14 -- PTMA -- RHOA -- TGFB2 -- RAC1 -- MAP2K7 -- MAP3K1 -- TRADD -- TNFRSF10B -- ATM -- MDM2 -- CHUK -- PPP1R13L -- MAPK9 -- LYN -- IRF1 -- EIF4G2 -- CYCS -- CDK4 -- OTUD7B -- RNF11 -- CASP10 -- PSEN1 -- BAD -- SOD1 -- RPA4 -- SMPD1 -- TNIK -- PELP1 -- BID -- FOXM1 -- MCL1 -- PCNA -- TAF1 -- DIABLO -- RANGAP1
118,TNFRSF1A -- TNFRSF1B -- MAPK8 -- STAT1 -- JUN -- FOS -- BIRC2 -- BIRC3 -- SIRT1 -- TNFAIP3 -- TRAF1 -- MAPK14 -- RHOA -- NR3C1 -- TGFB2 -- RAC1 -- MAP2K7 -- MAP3K1 -- VEGFA -- TRADD -- ATM -- CASP2 -- MDM2 -- CHUK -- RPS6KA5 -- PPP1R13L -- MAPK9 -- IRF1 -- EIF4G2 -- MYB -- CYCS -- HIP1 -- RNF11 -- PSEN1 -- SOD1 -- SMPD1 -- TNIK -- HTT -- BRCA1 -- CDKN2A -- BID -- MCL1 -- PCNA -- TAF1 -- PLAC8 -- DIABLO -- RASSF1
119,TNFRSF1A -- TNFRSF1B -- NFKB1 -- MAPK8 -- JUN -- FOS -- SIRT1 -- RB1 -- TNFAIP3 -- CCND1 -- MAPK14 -- PTMA -- RHOA -- RAC1 -- MAP2K7 -- MAP3K1 -- MAP3K14 -- TRADD -- TNFRSF10B -- ATM -- CASP2 -- MDM2 -- CHUK -- PPP1R13L -- MAPK9 -- LYN -- IRF1 -- EIF4G2 -- HTRA2 -- HIP1 -- CDK4 -- OTUD7B -- RNF11 -- CASP10 -- PSEN1 -- SOD1 -- RPA4 -- SMPD1 -- TNIK -- HTT -- PELP1 -- BAX -- BAK1 -- BID -- FOXM1 -- PCNA -- TAF1 -- DIABLO -- APAF1 -- RANGAP1
558,TNFRSF1A -- TNFRSF1B -- MAPK8 -- STAT1 -- JUN -- FOS -- BIRC2 -- BIRC3 -- SIRT1 -- TNFAIP3 -- TRAF1 -- MAPK14 -- RHOA -- NR3C1 -- TGFB2 -- RAC1 -- MAP2K7 -- MAP3K1 -- VEGFA -- RET -- TRADD -- ATM -- CHUK -- RPS6KA5 -- PPP1R13L -- MAPK9 -- IRF1 -- EIF4G2 -- MYB -- CYCS -- HIP1 -- RNF11 -- PSEN1 -- SOD1 -- HNRNPK -- SMPD1 -- TNIK -- BRCA1 -- CDKN2A -- BID -- MCL1 -- PCNA -- TAF1 -- PLAC8 -- CASP9 -- DIABLO -- APAF1 -- RASSF1
121,TNFRSF1A -- TNFRSF1B -- NFKB1 -- MAPK8 -- SIRT1 -- RB1 -- TNFAIP3 -- CCND1 -- TRAF1 -- MAPK14 -- RHOA -- RAC1 -- MAP2K7 -- MAP3K1 -- MAP3K14 -- TRADD -- TNFRSF10B -- CASP2 -- MDM2 -- CHUK -- RPS6KA5 -- PPP1R13L -- MAPK9 -- LYN -- IRF1 -- EIF4G2 -- HTRA2 -- HIP1 -- CDK4 -- OTUD7B -- RNF11 -- CASP10 -- PSEN1 -- SOD1 -- RPA4 -- SMPD1 -- TNIK -- HTT -- PELP1 -- BAX -- BAK1 -- EIF4E -- BID -- FOXM1 -- PCNA -- PLAC8 -- DIABLO -- APAF1
122,TNFRSF1A -- TNFRSF1B -- MAPK8 -- STAT1 -- JUN -- FOS -- BIRC3 -- SIRT1 -- TNFAIP3 -- TRAF1 -- MAPK14 -- RHOA -- TGFB2 -- RAC1 -- MAP2K7 -- MAP3K1 -- VEGFA -- MAP3K14 -- RET -- TRADD -- ATM -- CASP2 -- CHUK -- RPS6KA5 -- PPP1R13L -- MAPK9 -- IRF1 -- EIF4G2 -- MYB -- HIP1 -- OTUD7B -- RNF11 -- PSEN1 -- SOD1 -- HNRNPK -- RPA4 -- CASP7 -- SMPD1 -- TNIK -- HTT -- CDKN2A -- PELP1 -- BID -- FOXM1 -- MCL1 -- PCNA -- TAF1 -- PLAC8 -- CASP9 -- DIABLO -- APAF1
123,TNFRSF1A -- TNFRSF1B -- NFKB1 -- MAPK8 -- STAT1 -- BIRC2 -- BIRC3 -- SIRT1 -- MYC -- TNFAIP3 -- MAPK14 -- PTMA -- RHOA -- TGFB2 -- RAC1 -- MAP2K7 -- MAP3K1 -- VEGFA -- RET -- TRADD -- ATM -- CHUK -- PPP1R13L -- MAPK9 -- LYN -- IRF1 -- CYCS -- RNF11 -- PSEN1 -- BAD -- SOD1 -- HNRNPK -- SMPD1 -- TNIK -- BRCA1 -- EIF4E -- BID -- TFDP1 -- PCNA -- TAF1 -- DIABLO -- RASSF1 -- RANGAP1
124,TNFRSF1A -- TNFRSF1B -- NFKB1 -- MAPK8 -- BIRC2 -- SIRT1 -- MYC -- RB1 -- TNFAIP3 -- CCND1 -- MAPK14 -- PTMA -- RHOA -- RAC1 -- MAP2K7 -- MAP3K1 -- IGF1 -- TRADD -- TNFRSF10B -- ATM -- MDM2 -- CHUK -- PPP1R13L -- MAPK9 -- LYN -- IRF1 -- EIF4G2 -- CYCS -- CDK4 -- OTUD7B -- RNF11 -- CASP10 -- PSEN1 -- BAD -- SOD1 -- RPA4 -- SMPD1 -- TNIK -- PELP1 -- BID -- FOXM1 -- PCNA -- TAF1 -- DIABLO -- RANGAP1
125,TNFRSF1A -- TNFRSF1B -- NFKB1 -- MAPK8 -- SIRT1 -- RB1 -- TNFAIP3 -- CCND1 -- TRAF1 -- MAPK14 -- RHOA -- RAC1 -- MAP2K7 -- MAP3K1 -- MAP3K14 -- TRADD -- TNFRSF10B -- CASP2 -- MDM2 -- CHUK -- RPS6KA5 -- PPP1R13L -- MAPK9 -- LYN -- IRF1 -- EIF4G2 -- HTRA2 -- HIP1 -- CDK4 -- OTUD7B -- RNF11 -- CASP10 -- PSEN1 -- SOD1 -- RPA4 -- SMPD1 -- TNIK -- HTT -- PELP1 -- BAX -- BAK1 -- BID -- FOXM1 -- PCNA -- PLAC8 -- CASP9 -- DIABLO -- APAF1
472,TNFRSF1A -- TNFRSF1B -- MAPK8 -- BIRC2 -- SIRT1 -- MYC -- TNFAIP3 -- CCND1 -- MAPK14 -- PTMA -- RHOA -- RAC1 -- MAP2K7 -- MAP3K1 -- TRADD -- MDM2 -- CHUK -- PPP1R13L -- MAPK9 -- LYN -- IRF1 -- HTRA2 -- CYCS -- CDK4 -- OTUD7B -- RNF11 -- PSEN1 -- SOD1 -- RPA4 -- SMPD1 -- TNIK -- PELP1 -- BAX -- BAK1 -- EIF4E -- BID -- FOXM1 -- PCNA -- TAF1 -- DIABLO -- RANGAP1
127,TNFRSF1A -- TNFRSF1B -- MAPK8 -- SIRT1 -- MYC -- TNFAIP3 -- CCND1 -- MAPK14 -- PTMA -- RHOA -- RAC1 -- MAP2K7 -- MAP3K1 -- MAP3K14 -- TRADD -- MDM2 -- CHUK -- PPP1R13L -- MAPK9 -- LYN -- IRF1 -- HTRA2 -- CDK4 -- OTUD7B -- RNF11 -- PSEN1 -- SOD1 -- HNRNPK -- RPA4 -- CASP7 -- SMPD1 -- TNIK -- PELP1 -- BAX -- BAK1 -- EIF4E -- BID -- FOXM1 -- PCNA -- TAF1 -- DIABLO -- APAF1 -- RANGAP1
128,TNFRSF1A -- TNFRSF1B -- MAPK8 -- STAT1 -- JUN -- FOS -- SIRT1 -- RB1 -- TNFAIP3 -- TRAF1 -- MAPK14 -- RHOA -- NR3C1 -- RAC1 -- MAP2K7 -- MAP3K1 -- MAP3K14 -- RET -- TRADD -- TNFRSF10B -- ATM -- CASP2 -- CHUK -- RPS6KA5 -- PPP1R13L -- MAPK9 -- IRF1 -- EIF4G2 -- HTRA2 -- HIP1 -- RNF11 -- CASP10 -- PSEN1 -- SOD1 -- HNRNPK -- SMPD1 -- TNIK -- HTT -- BRCA1 -- CDKN2A -- BAX -- BAK1 -- BID -- FOXM1 -- PCNA -- PLAC8 -- CASP9 -- DIABLO -- APAF1
484,TNFRSF1A -- TNFRSF1B -- MAPK8 -- STAT1 -- JUN -- FOS -- BIRC2 -- BIRC3 -- SIRT1 -- TNFAIP3 -- TRAF1 -- MAPK14 -- RHOA -- NR3C1 -- TGFB2 -- RAC1 -- MAP2K7 -- MAP3K1 -- VEGFA -- RET -- TRADD -- ATM -- CHUK -- RPS6KA5 -- PPP1R13L -- MAPK9 -- IRF1 -- EIF4G2 -- MYB -- HIP1 -- RNF11 -- PSEN1 -- SOD1 -- HNRNPK -- SMPD1 -- TNIK -- BRCA1 -- CDKN2A -- BID -- MCL1 -- PCNA -- TAF1 -- PLAC8 -- DIABLO -- RASSF1
130,TNFRSF1A -- TNFRSF1B -- MAPK8 -- JUN -- FOS -- SIRT1 -- RB1 -- TNFAIP3 -- CCND1 -- TRAF1 -- MAPK14 -- RHOA -- RAC1 -- MAP2K7 -- MAP3K1 -- IGF1 -- MAP3K14 -- TRADD -- TNFRSF10B -- ATM -- CASP2 -- CHUK -- RPS6KA5 -- PPP1R13L -- MAPK9 -- IRF1 -- EIF4G2 -- HTRA2 -- MYB -- CYCS -- HIP1 -- CDK4 -- OTUD7B -- RNF11 -- CASP10 -- PSEN1 -- SOD1 -- HNRNPK -- RPA4 -- SMPD1 -- TNIK -- HTT -- CDKN2A -- PELP1 -- BAX -- BAK1 -- BID -- FOXM1 -- PCNA -- PLAC8 -- CASP9 -- DIABLO -- APAF1
767,TNFRSF1A -- TNFRSF1B -- NFKB1 -- MAPK8 -- STAT1 -- BIRC2 -- BIRC3 -- SIRT1 -- MYC -- TNFAIP3 -- MAPK14 -- RHOA -- RAC1 -- MAP2K7 -- MAP3K1 -- IGF1 -- VEGFA -- TRADD -- TNFRSF10B -- MDM2 -- CHUK -- PPP1R13L -- MAPK9 -- LYN -- IRF1 -- CYCS -- CDK4 -- OTUD7B -- RNF11 -- PSEN1 -- SOD1 -- HNRNPK -- RPA4 -- SMPD1 -- TNIK -- PELP1 -- EIF4E -- BID -- MCL1 -- PCNA -- TAF1 -- DIABLO -- RANGAP1
358,TNFRSF1A -- TNFRSF1B -- MAPK8 -- STAT1 -- JUN -- FOS -- SIRT1 -- TNFAIP3 -- TRAF1 -- MAPK14 -- RHOA -- NR3C1 -- RAC1 -- MAP2K7 -- MAP3K1 -- VEGFA -- MAP3K14 -- RET -- TRADD -- ATM -- CASP2 -- CHUK -- RPS6KA5 -- PPP1R13L -- MAPK9 -- IRF1 -- EIF4G2 -- HTRA2 -- MYB -- HIP1 -- RNF11 -- PSEN1 -- SOD1 -- HNRNPK -- CASP7 -- SMPD1 -- TNIK -- HTT -- BRCA1 -- CDKN2A -- BAK1 -- BID -- MCL1 -- PCNA -- TAF1 -- PLAC8 -- CASP9 -- DIABLO -- APAF1 -- RASSF1
669,TNFRSF1A -- TNFRSF1B -- MAPK8 -- STAT1 -- JUN -- FOS -- SIRT1 -- TNFAIP3 -- TRAF1 -- MAPK14 -- RHOA -- RAC1 -- MAP2K7 -- MAP3K1 -- VEGFA -- MAP3K14 -- RET -- TRADD -- ATM -- CASP2 -- CHUK -- RPS6KA5 -- PPP1R13L -- MAPK9 -- IRF1 -- EIF4G2 -- HTRA2 -- HIP1 -- OTUD7B -- RNF11 -- PSEN1 -- SOD1 -- HNRNPK -- CASP7 -- SMPD1 -- TNIK -- HTT -- CDKN2A -- BID -- MCL1 -- PCNA -- PLAC8 -- CASP9 -- DIABLO -- APAF1
134,TNFRSF1A -- TNFRSF1B -- NFKB1 -- MAPK8 -- SIRT1 -- FASLG -- RB1 -- TNFAIP3 -- CFLAR -- TRAF1 -- MAPK14 -- RHOA -- RAC1 -- MAP2K7 -- MAP3K1 -- MAP3K14 -- MAPK1 -- TNFRSF10B -- CASP2 -- MDM2 -- CHUK -- RPS6KA5 -- PPP1R13L -- MAPK9 -- LYN -- IRF1 -- EIF4G2 -- HTRA2 -- HIP1 -- CDK4 -- OTUD7B -- RNF11 -- CASP10 -- PSEN1 -- SOD1 -- RPA4 -- SMPD1 -- TNIK -- PELP1 -- BAK1 -- BID -- FOXM1 -- MCL1 -- CTBP1 -- PCNA -- TAF1 -- PLAC8 -- CASP9 -- DIABLO -- APAF1
135,TNFRSF1A -- TNFRSF1B -- MAPK8 -- STAT1 -- JUN -- BIRC2 -- BIRC3 -- SIRT1 -- TNFAIP3 -- TRAF1 -- MAPK14 -- RHOA -- NR3C1 -- TGFB2 -- RAC1 -- MAP2K7 -- MAP3K1 -- VEGFA -- RET -- TRADD -- ATM -- CHUK -- RPS6KA5 -- PPP1R13L -- MAPK9 -- LYN -- IRF1 -- MYB -- CYCS -- HIP1 -- RNF11 -- PSEN1 -- SOD1 -- HNRNPK -- SMPD1 -- TNIK -- BRCA1 -- CDKN2A -- BID -- MCL1 -- PCNA -- TAF1 -- PLAC8 -- DIABLO -- RASSF1
416,STAT1 -- JUN -- FOS -- BIRC2 -- BIRC3 -- SIRT1 -- MAPK14 -- TGFB2 -- RAC1 -- MAP2K7 -- MAP3K1 -- VEGFA -- MAP3K14 -- RET -- MAPK1 -- AKT1 -- ATM -- CHUK -- RPS6KA5 -- PPP1R13L -- MAPK9 -- IRF1 -- EIF4G2 -- MYB -- CYCS -- HIP1 -- OTUD7B -- PSEN1 -- SMPD1 -- TNIK -- BRCA1 -- CDKN2A -- BAK1 -- BID -- PCNA -- TAF1 -- PLAC8 -- DIABLO -- RASSF1
137,TNFRSF1A -- TNFRSF1B -- NFKB1 -- MAPK8 -- BIRC3 -- SIRT1 -- RB1 -- TNFAIP3 -- CCND1 -- TRAF1 -- MAPK14 -- RHOA -- RAC1 -- MAP2K7 -- MAP3K1 -- IGF1 -- TRADD -- TNFRSF10B -- ATM -- MDM2 -- CHUK -- RPS6KA5 -- PPP1R13L -- MAPK9 -- LYN -- IRF1 -- EIF4G2 -- HTRA2 -- CYCS -- HIP1 -- CDK4 -- OTUD7B -- RNF11 -- CASP10 -- PSEN1 -- SOD1 -- RPA4 -- SMPD1 -- TNIK -- PELP1 -- BAX -- BAK1 -- BID -- FOXM1 -- PCNA -- TAF1 -- PLAC8 -- DIABLO
597,TNFRSF1A -- TNFRSF1B -- MAPK8 -- STAT1 -- JUN -- FOS -- SIRT1 -- TNFAIP3 -- TRAF1 -- MAPK14 -- RHOA -- NR3C1 -- TGFB2 -- RAC1 -- MAP2K7 -- MAP3K1 -- VEGFA -- MAP3K14 -- RET -- TRADD -- TNFRSF10B -- ATM -- CASP2 -- CHUK -- RPS6KA5 -- PPP1R13L -- MAPK9 -- IRF1 -- EIF4G2 -- HTRA2 -- MYB -- HIP1 -- RNF11 -- CASP10 -- PSEN1 -- SOD1 -- HNRNPK -- SMPD1 -- TNIK -- HTT -- BRCA1 -- CDKN2A -- BAK1 -- BID -- PCNA -- PLAC8 -- CASP9 -- DIABLO -- APAF1 -- RASSF1
139,TNFRSF1A -- TNFRSF1B -- NFKB1 -- MAPK8 -- SIRT1 -- RB1 -- TNFAIP3 -- CCND1 -- TRAF1 -- MAPK14 -- RHOA -- RAC1 -- MAP2K7 -- MAP3K1 -- IGF1 -- MAP3K14 -- TRADD -- TNFRSF10B -- ATM -- CASP2 -- MDM2 -- CHUK -- RPS6KA5 -- PPP1R13L -- MAPK9 -- IRF1 -- EIF4G2 -- HTRA2 -- CYCS -- HIP1 -- CDK4 -- OTUD7B -- RNF11 -- CASP10 -- PSEN1 -- SOD1 -- RPA4 -- SMPD1 -- TNIK -- HTT -- PELP1 -- BAX -- BAK1 -- BID -- FOXM1 -- PCNA -- PLAC8 -- CASP9 -- DIABLO -- APAF1
140,TNFRSF1A -- TNFRSF1B -- NFKB1 -- MAPK8 -- SIRT1 -- RB1 -- TNFAIP3 -- CCND1 -- TRAF1 -- MAPK14 -- RHOA -- RAC1 -- MAP2K7 -- MAP3K1 -- MAP3K14 -- TRADD -- TNFRSF10B -- ATM -- CASP2 -- MDM2 -- CHUK -- RPS6KA5 -- PPP1R13L -- MAPK9 -- LYN -- IRF1 -- EIF4G2 -- HTRA2 -- CYCS -- HIP1 -- CDK4 -- OTUD7B -- RNF11 -- CASP10 -- PSEN1 -- SOD1 -- RPA4 -- SMPD1 -- TNIK -- HTT -- PELP1 -- BAX -- BAK1 -- EIF4E -- BID -- FOXM1 -- PCNA -- PLAC8 -- DIABLO -- APAF1
371,STAT1 -- BIRC2 -- BIRC3 -- SIRT1 -- MAPK14 -- RAC1 -- MAP2K7 -- MAP3K1 -- VEGFA -- MAPK1 -- AKT1 -- E2F1 -- MDM2 -- CHUK -- RPS6KA5 -- PPP1R13L -- MAPK9 -- LYN -- IRF1 -- MYB -- CYCS -- HIP1 -- CDK4 -- OTUD7B -- PARP1 -- PSEN1 -- RPA4 -- SMPD1 -- BBC3 -- PELP1 -- BAK1 -- BID -- FOXM1 -- CTBP1 -- RBL1 -- PCNA -- TAF1 -- PLAC8 -- DIABLO
370,TNFRSF1A -- TNFRSF1B -- NFKB1 -- MAPK8 -- BIRC2 -- BIRC3 -- SIRT1 -- MYC -- RB1 -- TNFAIP3 -- CCND1 -- MAPK14 -- PTMA -- RHOA -- RAC1 -- MAP2K7 -- MAP3K1 -- IGF1 -- TRADD -- TNFRSF10B -- MDM2 -- CHUK -- PPP1R13L -- MAPK9 -- LYN -- IRF1 -- CYCS -- CDK4 -- OTUD7B -- RNF11 -- CASP10 -- PSEN1 -- BAD -- SOD1 -- RPA4 -- SMPD1 -- TNIK -- PELP1 -- EIF4E -- BID -- FOXM1 -- PCNA -- TAF1 -- DIABLO -- RANGAP1
579,TNFRSF1A -- TNFRSF1B -- MAPK8 -- STAT1 -- JUN -- FOS -- SIRT1 -- TNFAIP3 -- TRAF1 -- MAPK14 -- RHOA -- NR3C1 -- RAC1 -- MAP2K7 -- MAP3K1 -- VEGFA -- MAP3K14 -- TRADD -- ATM -- CASP2 -- CHUK -- RPS6KA5 -- PPP1R13L -- MAPK9 -- IRF1 -- EIF4G2 -- HTRA2 -- MYB -- HIP1 -- RNF11 -- PSEN1 -- SOD1 -- CASP7 -- SMPD1 -- TNIK -- HTT -- BRCA1 -- CDKN2A -- BAX -- BAK1 -- BID -- PCNA -- TAF1 -- PLAC8 -- CASP9 -- DIABLO -- APAF1 -- RASSF1
144,TNFRSF1A -- TNFRSF1B -- NFKB1 -- MAPK8 -- SIRT1 -- RB1 -- TNFAIP3 -- CCND1 -- TRAF1 -- MAPK14 -- RHOA -- RAC1 -- MAP2K7 -- MAP3K1 -- MAP3K14 -- TRADD -- TNFRSF10B -- CASP2 -- MDM2 -- CHUK -- RPS6KA5 -- PPP1R13L -- MAPK9 -- LYN -- IRF1 -- EIF4G2 -- HTRA2 -- HIP1 -- CDK4 -- OTUD7B -- RNF11 -- CASP10 -- PSEN1 -- SOD1 -- RPA4 -- SMPD1 -- TNIK -- HTT -- PELP1 -- BAX -- BAK1 -- BID -- FOXM1 -- PCNA -- PLAC8 -- CASP9 -- DIABLO -- APAF1
368,TNFRSF1A -- TNFRSF1B -- NFKB1 -- MAPK8 -- BIRC2 -- SIRT1 -- RB1 -- TNFAIP3 -- CCND1 -- TRAF1 -- MAPK14 -- RHOA -- RAC1 -- MAP2K7 -- MAP3K1 -- IGF1 -- TRADD -- TNFRSF10B -- MDM2 -- CHUK -- RPS6KA5 -- PPP1R13L -- MAPK9 -- LYN -- IRF1 -- EIF4G2 -- HTRA2 -- CYCS -- HIP1 -- CDK4 -- OTUD7B -- RNF11 -- CASP10 -- PSEN1 -- SOD1 -- RPA4 -- SMPD1 -- TNIK -- PELP1 -- BAX -- BAK1 -- BID -- FOXM1 -- PCNA -- DIABLO
146,BIRC3 -- RB1 -- CCND1 -- MAPK14 -- RHOA -- RAC1 -- MAP2K7 -- MAP3K1 -- MAP3K14 -- MAPK1 -- ATM -- MDM2 -- CHUK -- RPS6KA5 -- PPP1R13L -- MAPK9 -- LYN -- MYB -- CYCS -- CDK4 -- OTUD7B -- RNF11 -- PARP1 -- PSEN1 -- SOD1 -- RPA4 -- SMPD1 -- BBC3 -- PELP1 -- BAK1 -- EIF4E -- BID -- FOXM1 -- CTBP1 -- PCNA -- PLAC8 -- DIABLO
147,TNFRSF1A -- TNFRSF1B -- NFKB1 -- MAPK8 -- SIRT1 -- MYC -- RB1 -- TNFAIP3 -- CCND1 -- MAPK14 -- PTMA -- RHOA -- RAC1 -- MAP2K7 -- MAP3K1 -- TRADD -- TNFRSF10B -- CASP2 -- MDM2 -- CHUK -- PPP1R13L -- MAPK9 -- LYN -- IRF1 -- EIF4G2 -- HTRA2 -- CDK4 -- OTUD7B -- RNF11 -- CASP10 -- PSEN1 -- SOD1 -- RPA4 -- SMPD1 -- TNIK -- HTT -- PELP1 -- BAX -- BAK1 -- BID -- FOXM1 -- PCNA -- DIABLO -- APAF1 -- RANGAP1
148,TNFRSF1A -- TNFRSF1B -- NFKB1 -- BIRC3 -- SIRT1 -- RB1 -- TNFAIP3 -- TRAF1 -- MAPK14 -- RHOA -- RAC1 -- MAP2K7 -- MAP3K1 -- TRADD -- TNFRSF10B -- AKT1 -- ATM -- MDM2 -- CHUK -- RPS6KA5 -- PPP1R13L -- MAPK9 -- LYN -- IRF1 -- EIF4G2 -- CYCS -- HIP1 -- CDK4 -- OTUD7B -- CASP10 -- PSEN1 -- RPA4 -- TNIK -- PELP1 -- BID -- FOXM1 -- MCL1 -- CTBP1 -- PCNA -- PLAC8 -- DIABLO
149,TNFRSF1A -- TNFRSF1B -- NFKB1 -- MAPK8 -- JUN -- FOS -- SIRT1 -- RB1 -- TNFAIP3 -- CCND1 -- TRAF1 -- MAPK14 -- RHOA -- RAC1 -- MAP2K7 -- MAP3K1 -- IGF1 -- MAP3K14 -- TRADD -- TNFRSF10B -- ATM -- CASP2 -- MDM2 -- CHUK -- RPS6KA5 -- PPP1R13L -- MAPK9 -- IRF1 -- EIF4G2 -- HTRA2 -- MYB -- HIP1 -- OTUD7B -- RNF11 -- CASP10 -- PSEN1 -- SOD1 -- RPA4 -- SMPD1 -- TNIK -- HTT -- CDKN2A -- PELP1 -- BAX -- BAK1 -- BID -- FOXM1 -- PCNA -- PLAC8 -- CASP9 -- DIABLO -- APAF1
725,TNFRSF1A -- TNFRSF1B -- NFKB1 -- MAPK8 -- SIRT1 -- MYC -- RB1 -- TNFAIP3 -- CCND1 -- MAPK14 -- PTMA -- RHOA -- RAC1 -- MAP2K7 -- MAP3K1 -- IGF1 -- MAP3K14 -- TRADD -- TNFRSF10B -- ATM -- CASP2 -- MDM2 -- CHUK -- PPP1R13L -- MAPK9 -- LYN -- IRF1 -- HTRA2 -- CDK4 -- OTUD7B -- RNF11 -- CASP10 -- PSEN1 -- SOD1 -- RPA4 -- SMPD1 -- TNIK -- HTT -- PELP1 -- BAX -- BAK1 -- EIF4E -- BID -- FOXM1 -- PCNA -- DIABLO -- RANGAP1
710,TNFRSF1A -- TNFRSF1B -- NFKB1 -- MAPK8 -- STAT1 -- BIRC2 -- BIRC3 -- SIRT1 -- MYC -- TNFAIP3 -- MAPK14 -- PTMA -- RHOA -- RAC1 -- MAP2K7 -- MAP3K1 -- VEGFA -- RET -- TRADD -- TNFRSF10B -- CHUK -- PPP1R13L -- MAPK9 -- LYN -- IRF1 -- CYCS -- CDK4 -- RNF11 -- PSEN1 -- BAD -- SOD1 -- HNRNPK -- SMPD1 -- TNIK -- PELP1 -- EIF4E -- BID -- FOXM1 -- TFDP1 -- PCNA -- TAF1 -- DIABLO -- RANGAP1
512,TNFRSF1A -- TNFRSF1B -- MAPK8 -- STAT1 -- JUN -- FOS -- BIRC2 -- BIRC3 -- SIRT1 -- TNFAIP3 -- TRAF1 -- MAPK14 -- RHOA -- NR3C1 -- TGFB2 -- RAC1 -- MAP2K7 -- MAP3K1 -- VEGFA -- RET -- TRADD -- ATM -- CASP2 -- CHUK -- RPS6KA5 -- PPP1R13L -- MAPK9 -- IRF1 -- EIF4G2 -- MYB -- CYCS -- HIP1 -- RNF11 -- PSEN1 -- SOD1 -- HNRNPK -- SMPD1 -- TNIK -- HTT -- BRCA1 -- CDKN2A -- BID -- MCL1 -- PCNA -- TAF1 -- PLAC8 -- DIABLO -- RASSF1
153,TNFRSF1A -- TNFRSF1B -- MAPK8 -- STAT1 -- JUN -- FOS -- SIRT1 -- TNFAIP3 -- TRAF1 -- MAPK14 -- RHOA -- NR3C1 -- TGFB2 -- RAC1 -- MAP2K7 -- MAP3K1 -- VEGFA -- MAP3K14 -- RET -- TRADD -- ATM -- CASP2 -- CHUK -- RPS6KA5 -- PPP1R13L -- MAPK9 -- IRF1 -- EIF4G2 -- HTRA2 -- MYB -- HIP1 -- RNF11 -- PSEN1 -- SOD1 -- HNRNPK -- CASP7 -- SMPD1 -- TNIK -- HTT -- BRCA1 -- CDKN2A -- BAK1 -- BID -- PCNA -- TAF1 -- PLAC8 -- CASP9 -- DIABLO -- APAF1 -- RASSF1
624,TNFRSF1A -- TNFRSF1B -- NFKB1 -- MAPK8 -- STAT1 -- BIRC2 -- BIRC3 -- SIRT1 -- MYC -- TNFAIP3 -- MAPK14 -- RHOA -- RAC1 -- MAP2K7 -- MAP3K1 -- IGF1 -- VEGFA -- RET -- TRADD -- CHUK -- RPS6KA5 -- PPP1R13L -- MAPK9 -- LYN -- IRF1 -- CYCS -- CDK4 -- OTUD7B -- RNF11 -- PSEN1 -- SOD1 -- HNRNPK -- RPA4 -- SMPD1 -- TNIK -- PELP1 -- EIF4E -- BID -- FOXM1 -- MCL1 -- PCNA -- TAF1 -- DIABLO
155,TNFRSF1A -- TNFRSF1B -- MAPK8 -- STAT1 -- BIRC2 -- BIRC3 -- SIRT1 -- MYC -- TNFAIP3 -- TRAF1 -- MAPK14 -- PTMA -- RHOA -- TGFB2 -- RAC1 -- MAP2K7 -- MAP3K1 -- IGF1 -- VEGFA -- RET -- TRADD -- MDM2 -- CHUK -- PPP1R13L -- MAPK9 -- LYN -- IRF1 -- EIF4G2 -- MYB -- CYCS -- CDK4 -- OTUD7B -- RNF11 -- CASP10 -- PSEN1 -- BAD -- SOD1 -- RPA4 -- SMPD1 -- TNIK -- BRCA1 -- PELP1 -- BID -- MCL1 -- PCNA -- TAF1 -- DIABLO -- RANGAP1
156,TNFRSF1A -- TNFRSF1B -- MAPK8 -- JUN -- FOS -- SIRT1 -- RB1 -- TNFAIP3 -- TRAF1 -- MAPK14 -- RHOA -- RAC1 -- MAP2K7 -- MAP3K1 -- VEGFA -- MAP3K14 -- RET -- TRADD -- ATM -- CASP2 -- CHUK -- RPS6KA5 -- PPP1R13L -- MAPK9 -- IRF1 -- EIF4G2 -- HTRA2 -- MYB -- HIP1 -- RNF11 -- PSEN1 -- SOD1 -- HNRNPK -- SMPD1 -- TNIK -- HTT -- BRCA1 -- CDKN2A -- PELP1 -- BAX -- BAK1 -- BID -- PCNA -- PLAC8 -- CASP9 -- DIABLO -- APAF1 -- RASSF1
433,TNFRSF1A -- TNFRSF1B -- MAPK8 -- STAT1 -- BIRC2 -- BIRC3 -- SIRT1 -- MYC -- TNFAIP3 -- TRAF1 -- MAPK14 -- RHOA -- NR3C1 -- RAC1 -- MAP2K7 -- MAP3K1 -- VEGFA -- TRADD -- MDM2 -- CHUK -- PPP1R13L -- MAPK9 -- LYN -- IRF1 -- MYB -- CYCS -- HIP1 -- CDK4 -- RNF11 -- PSEN1 -- SOD1 -- RPA4 -- SMPD1 -- TNIK -- PELP1 -- EIF4E -- BID -- MCL1 -- PCNA -- TAF1 -- PLAC8 -- DIABLO
510,TNFRSF1A -- TNFRSF1B -- NFKB1 -- MAPK8 -- STAT1 -- BIRC2 -- SIRT1 -- MYC -- TNFAIP3 -- CCND1 -- MAPK14 -- PTMA -- RHOA -- RAC1 -- MAP2K7 -- MAP3K1 -- IGF1 -- TRADD -- ATM -- MDM2 -- CHUK -- PPP1R13L -- MAPK9 -- LYN -- IRF1 -- CYCS -- CDK4 -- OTUD7B -- RNF11 -- PSEN1 -- BAD -- SOD1 -- HNRNPK -- RPA4 -- SMPD1 -- TNIK -- PELP1 -- EIF4E -- BID -- FOXM1 -- MCL1 -- PCNA -- TAF1 -- DIABLO -- RANGAP1
159,TNFRSF1A -- TNFRSF1B -- NFKB1 -- MAPK8 -- SIRT1 -- RB1 -- TNFAIP3 -- CCND1 -- TRAF1 -- MAPK14 -- RHOA -- RAC1 -- MAP2K7 -- MAP3K1 -- IGF1 -- MAP3K14 -- TRADD -- ATM -- CASP2 -- MDM2 -- CHUK -- RPS6KA5 -- PPP1R13L -- MAPK9 -- LYN -- IRF1 -- EIF4G2 -- HTRA2 -- HIP1 -- CDK4 -- OTUD7B -- RNF11 -- PSEN1 -- SOD1 -- RPA4 -- SMPD1 -- TNIK -- HTT -- PELP1 -- BAX -- BAK1 -- BID -- FOXM1 -- PCNA -- PLAC8 -- CASP9 -- DIABLO -- APAF1
160,TNFRSF1A -- TNFRSF1B -- NFKB1 -- MAPK8 -- BIRC2 -- SIRT1 -- MYC -- TNFAIP3 -- CCND1 -- MAPK14 -- RHOA -- TGFB2 -- RAC1 -- MAP2K7 -- MAP3K1 -- TRADD -- ATM -- MDM2 -- CHUK -- PPP1R13L -- MAPK9 -- LYN -- IRF1 -- CYCS -- CDK4 -- OTUD7B -- RNF11 -- PSEN1 -- SOD1 -- RPA4 -- SMPD1 -- TNIK -- PELP1 -- EIF4E -- BID -- FOXM1 -- MCL1 -- PCNA -- TAF1 -- DIABLO -- RANGAP1
161,TNFRSF1A -- TNFRSF1B -- MAPK8 -- STAT1 -- JUN -- FOS -- BIRC2 -- BIRC3 -- SIRT1 -- TNFAIP3 -- TRAF1 -- MAPK14 -- RHOA -- NR3C1 -- TGFB2 -- RAC1 -- MAP2K7 -- MAP3K1 -- VEGFA -- RET -- TRADD -- ATM -- CASP2 -- CHUK -- RPS6KA5 -- PPP1R13L -- MAPK9 -- IRF1 -- EIF4G2 -- MYB -- CYCS -- HIP1 -- RNF11 -- PSEN1 -- SOD1 -- HNRNPK -- CASP7 -- SMPD1 -- TNIK -- HTT -- BRCA1 -- CDKN2A -- BID -- MCL1 -- PCNA -- TAF1 -- PLAC8 -- DIABLO -- APAF1 -- RASSF1
665,TNFRSF1A -- TNFRSF1B -- NFKB1 -- MAPK8 -- BIRC2 -- BIRC3 -- SIRT1 -- RB1 -- TNFAIP3 -- CCND1 -- TRAF1 -- MAPK14 -- RHOA -- RAC1 -- MAP2K7 -- MAP3K1 -- TRADD -- TNFRSF10B -- MDM2 -- CHUK -- PPP1R13L -- MAPK9 -- LYN -- IRF1 -- HTRA2 -- HIP1 -- CDK4 -- OTUD7B -- RNF11 -- PSEN1 -- SOD1 -- RPA4 -- SMPD1 -- TNIK -- PELP1 -- BAX -- BAK1 -- EIF4E -- BID -- FOXM1 -- PCNA -- PLAC8 -- DIABLO
163,TNFRSF1A -- TNFRSF1B -- MAPK8 -- STAT1 -- JUN -- FOS -- BIRC2 -- BIRC3 -- SIRT1 -- TNFAIP3 -- TRAF1 -- MAPK14 -- RHOA -- NR3C1 -- TGFB2 -- RAC1 -- MAP2K7 -- MAP3K1 -- VEGFA -- RET -- TRADD -- ATM -- CHUK -- RPS6KA5 -- PPP1R13L -- MAPK9 -- LYN -- IRF1 -- MYB -- CYCS -- HIP1 -- RNF11 -- PSEN1 -- SOD1 -- HNRNPK -- SMPD1 -- TNIK -- BRCA1 -- CDKN2A -- EIF4E -- BID -- MCL1 -- PCNA -- TAF1 -- PLAC8 -- DIABLO -- RASSF1
164,TNFRSF1A -- TNFRSF1B -- MAPK8 -- STAT1 -- BIRC2 -- BIRC3 -- SIRT1 -- MYC -- TNFAIP3 -- TRAF1 -- MAPK14 -- RHOA -- NR3C1 -- TGFB2 -- RAC1 -- MAP2K7 -- MAP3K1 -- VEGFA -- RET -- TRADD -- CHUK -- RPS6KA5 -- PPP1R13L -- MAPK9 -- LYN -- IRF1 -- MYB -- CYCS -- RNF11 -- PSEN1 -- SOD1 -- HNRNPK -- SMPD1 -- TNIK -- BRCA1 -- EIF4E -- BID -- MCL1 -- PCNA -- TAF1 -- PLAC8 -- DIABLO
728,TNFRSF1A -- TNFRSF1B -- NFKB1 -- MAPK8 -- BIRC2 -- BIRC3 -- SIRT1 -- MYC -- RB1 -- TNFAIP3 -- CCND1 -- MAPK14 -- PTMA -- RHOA -- TGFB2 -- RAC1 -- MAP2K7 -- MAP3K1 -- RET -- TRADD -- TNFRSF10B -- MDM2 -- CHUK -- PPP1R13L -- MAPK9 -- LYN -- IRF1 -- CYCS -- CDK4 -- OTUD7B -- RNF11 -- PSEN1 -- BAD -- SOD1 -- RPA4 -- SMPD1 -- TNIK -- PELP1 -- BAX -- EIF4E -- BID -- FOXM1 -- PCNA -- DIABLO -- RANGAP1
705,TNFRSF1A -- TNFRSF1B -- MAPK8 -- STAT1 -- BIRC2 -- SIRT1 -- MYC -- TNFAIP3 -- TRAF1 -- MAPK14 -- PTMA -- RHOA -- TGFB2 -- RAC1 -- MAP2K7 -- MAP3K1 -- IGF1 -- VEGFA -- RET -- TRADD -- ATM -- CHUK -- PPP1R13L -- MAPK9 -- LYN -- IRF1 -- CYCS -- CDK4 -- OTUD7B -- RNF11 -- PSEN1 -- BAD -- SOD1 -- HNRNPK -- RPA4 -- SMPD1 -- TNIK -- PELP1 -- BID -- FOXM1 -- MCL1 -- PCNA -- TAF1 -- DIABLO -- RASSF1 -- RANGAP1
167,TNFRSF1A -- TNFRSF1B -- NFKB1 -- MAPK8 -- BIRC2 -- BIRC3 -- SIRT1 -- MYC -- RB1 -- TNFAIP3 -- CCND1 -- MAPK14 -- PTMA -- RHOA -- RAC1 -- MAP2K7 -- MAP3K1 -- TRADD -- TNFRSF10B -- MDM2 -- CHUK -- PPP1R13L -- MAPK9 -- LYN -- IRF1 -- EIF4G2 -- CYCS -- CDK4 -- OTUD7B -- RNF11 -- CASP10 -- PSEN1 -- SOD1 -- RPA4 -- SMPD1 -- TNIK -- PELP1 -- BAX -- EIF4E -- BID -- FOXM1 -- PCNA -- DIABLO -- RANGAP1
642,TNFRSF1A -- TNFRSF1B -- MAPK8 -- STAT1 -- JUN -- FOS -- BIRC2 -- BIRC3 -- SIRT1 -- TNFAIP3 -- TRAF1 -- MAPK14 -- RHOA -- NR3C1 -- TGFB2 -- RAC1 -- MAP2K7 -- MAP3K1 -- VEGFA -- MAP3K14 -- RET -- TRADD -- ATM -- CHUK -- RPS6KA5 -- PPP1R13L -- MAPK9 -- LYN -- IRF1 -- EIF4G2 -- MYB -- CYCS -- HIP1 -- RNF11 -- PSEN1 -- SOD1 -- HNRNPK -- SMPD1 -- TNIK -- BRCA1 -- CDKN2A -- BID -- MCL1 -- PCNA -- TAF1 -- PLAC8 -- DIABLO -- APAF1 -- RASSF1
169,TNFRSF1A -- TNFRSF1B -- MAPK8 -- STAT1 -- JUN -- FOS -- BIRC2 -- SIRT1 -- TNFAIP3 -- TRAF1 -- MAPK14 -- RHOA -- NR3C1 -- TGFB2 -- RAC1 -- MAP2K7 -- MAP3K1 -- VEGFA -- MAP3K14 -- RET -- TRADD -- ATM -- CASP2 -- CHUK -- RPS6KA5 -- PPP1R13L -- MAPK9 -- IRF1 -- EIF4G2 -- MYB -- CYCS -- HIP1 -- RNF11 -- PSEN1 -- SOD1 -- HNRNPK -- CASP7 -- SMPD1 -- TNIK -- HTT -- BRCA1 -- CDKN2A -- BID -- MCL1 -- PCNA -- TAF1 -- PLAC8 -- CASP9 -- DIABLO -- APAF1 -- RASSF1
650,TNFRSF1A -- TNFRSF1B -- MAPK8 -- STAT1 -- JUN -- FOS -- SIRT1 -- TNFAIP3 -- TRAF1 -- MAPK14 -- RHOA -- NR3C1 -- RAC1 -- MAP2K7 -- MAP3K1 -- VEGFA -- MAP3K14 -- RET -- TRADD -- ATM -- CASP2 -- CHUK -- RPS6KA5 -- PPP1R13L -- MAPK9 -- IRF1 -- EIF4G2 -- MYB -- CYCS -- HIP1 -- RNF11 -- PSEN1 -- SOD1 -- HNRNPK -- CASP7 -- SMPD1 -- TNIK -- HTT -- BRCA1 -- CDKN2A -- BID -- MCL1 -- PCNA -- TAF1 -- PLAC8 -- CASP9 -- DIABLO -- APAF1 -- RASSF1
403,STAT1 -- BIRC2 -- BIRC3 -- TNFAIP3 -- TRAF1 -- MAPK14 -- TGFB2 -- RAC1 -- MAP2K7 -- MAP3K1 -- VEGFA -- MAPK1 -- TNFRSF10B -- AKT1 -- MDM2 -- CHUK -- RPS6KA5 -- PPP1R13L -- MAPK9 -- LYN -- IRF1 -- EIF4G2 -- CYCS -- HIP1 -- CDK4 -- OTUD7B -- CASP10 -- PARP1 -- PSEN1 -- RPA4 -- SMPD1 -- PELP1 -- EIF4E -- BID -- FOXM1 -- MCL1 -- CTBP1 -- PCNA -- TAF1 -- PLAC8 -- DIABLO
172,TNFRSF1A -- TNFRSF1B -- NFKB1 -- MAPK8 -- STAT1 -- BIRC2 -- BIRC3 -- SIRT1 -- MYC -- RB1 -- TNFAIP3 -- CCND1 -- TRAF1 -- MAPK14 -- RHOA -- TGFB2 -- IL2 -- RAC1 -- MAP2K7 -- MAP3K1 -- TRADD -- TNFRSF10B -- MDM2 -- CHUK -- PPP1R13L -- MAPK9 -- LYN -- IRF1 -- EIF4G2 -- CYCS -- CDK4 -- OTUD7B -- RNF11 -- CASP10 -- PSEN1 -- BAD -- RPA4 -- TNIK -- PELP1 -- BID -- FOXM1 -- MCL1 -- PCNA -- DIABLO
794,TNFRSF1A -- TNFRSF1B -- MAPK8 -- STAT1 -- JUN -- FOS -- BIRC2 -- BIRC3 -- SIRT1 -- TNFAIP3 -- TRAF1 -- MAPK14 -- RHOA -- NR3C1 -- TGFB2 -- RAC1 -- MAP2K7 -- MAP3K1 -- VEGFA -- RET -- TRADD -- ATM -- CHUK -- RPS6KA5 -- PPP1R13L -- MAPK9 -- IRF1 -- EIF4G2 -- MYB -- CYCS -- HIP1 -- RNF11 -- PSEN1 -- SOD1 -- HNRNPK -- SMPD1 -- TNIK -- HTT -- BRCA1 -- CDKN2A -- BID -- MCL1 -- PCNA -- TAF1 -- PLAC8 -- DIABLO -- RASSF1
174,TNFRSF1A -- TNFRSF1B -- MAPK8 -- STAT1 -- JUN -- FOS -- BIRC2 -- BIRC3 -- SIRT1 -- TNFAIP3 -- TRAF1 -- MAPK14 -- RHOA -- NR3C1 -- TGFB2 -- RAC1 -- MAP2K7 -- MAP3K1 -- VEGFA -- MAP3K14 -- RET -- TRADD -- ATM -- CHUK -- RPS6KA5 -- PPP1R13L -- MAPK9 -- IRF1 -- MYB -- CYCS -- HIP1 -- RNF11 -- PSEN1 -- SOD1 -- HNRNPK -- SMPD1 -- TNIK -- BRCA1 -- CDKN2A -- EIF4E -- BID -- MCL1 -- PCNA -- TAF1 -- PLAC8 -- DIABLO -- RASSF1
497,TNFRSF1A -- TNFRSF1B -- NFKB1 -- MAPK8 -- BIRC2 -- BIRC3 -- RB1 -- TNFAIP3 -- CCND1 -- TRAF1 -- MAPK14 -- RHOA -- RAC1 -- MAP2K7 -- MAP3K1 -- IGF1 -- TRADD -- TNFRSF10B -- MDM2 -- CHUK -- RPS6KA5 -- PPP1R13L -- MAPK9 -- LYN -- IRF1 -- EIF4G2 -- CYCS -- HIP1 -- CDK4 -- OTUD7B -- RNF11 -- CASP10 -- PSEN1 -- SOD1 -- RPA4 -- SMPD1 -- PELP1 -- BAK1 -- BID -- FOXM1 -- CTBP1 -- PCNA -- PLAC8 -- DIABLO
176,TNFRSF1A -- TNFRSF1B -- NFKB1 -- MAPK8 -- STAT1 -- BIRC2 -- SIRT1 -- MYC -- RB1 -- TNFAIP3 -- CCND1 -- MAPK14 -- PTMA -- RHOA -- RAC1 -- MAP2K7 -- MAP3K1 -- TRADD -- TNFRSF10B -- ATM -- MDM2 -- CHUK -- PPP1R13L -- MAPK9 -- LYN -- IRF1 -- EIF4G2 -- CYCS -- CDK4 -- OTUD7B -- RNF11 -- CASP10 -- PSEN1 -- BAD -- SOD1 -- RPA4 -- SMPD1 -- TNIK -- PELP1 -- EIF4E -- BID -- FOXM1 -- PCNA -- TAF1 -- DIABLO -- RANGAP1
466,TNFRSF1A -- TNFRSF1B -- NFKB1 -- MAPK8 -- BIRC2 -- BIRC3 -- SIRT1 -- RB1 -- TNFAIP3 -- CCND1 -- TRAF1 -- MAPK14 -- RHOA -- RAC1 -- MAP2K7 -- MAP3K1 -- IGF1 -- TRADD -- TNFRSF10B -- MDM2 -- CHUK -- RPS6KA5 -- PPP1R13L -- MAPK9 -- LYN -- IRF1 -- CYCS -- HIP1 -- CDK4 -- OTUD7B -- RNF11 -- CASP10 -- PSEN1 -- BAD -- SOD1 -- RPA4 -- SMPD1 -- TNIK -- PELP1 -- BAX -- EIF4E -- BID -- FOXM1 -- PCNA -- PLAC8 -- DIABLO
499,TNFRSF1A -- TNFRSF1B -- MAPK8 -- BIRC2 -- SIRT1 -- MYC -- RB1 -- TNFAIP3 -- CCND1 -- MAPK14 -- PTMA -- RHOA -- TGFB2 -- RAC1 -- MAP2K7 -- MAP3K1 -- RET -- TRADD -- CHUK -- PPP1R13L -- MAPK9 -- LYN -- IRF1 -- EIF4G2 -- CYCS -- CDK4 -- OTUD7B -- RNF11 -- PSEN1 -- BAD -- SOD1 -- HNRNPK -- RPA4 -- SMPD1 -- TNIK -- PELP1 -- BID -- FOXM1 -- MCL1 -- PCNA -- TAF1 -- DIABLO -- RANGAP1
179,TNFRSF1A -- TNFRSF1B -- MAPK8 -- STAT1 -- JUN -- FOS -- SIRT1 -- TNFAIP3 -- TRAF1 -- MAPK14 -- RHOA -- NR3C1 -- TGFB2 -- RAC1 -- MAP2K7 -- MAP3K1 -- VEGFA -- MAP3K14 -- RET -- TRADD -- ATM -- CASP2 -- CHUK -- RPS6KA5 -- PPP1R13L -- MAPK9 -- IRF1 -- EIF4G2 -- HTRA2 -- MYB -- HIP1 -- RNF11 -- PSEN1 -- SOD1 -- HNRNPK -- CASP7 -- SMPD1 -- TNIK -- HTT -- BRCA1 -- CDKN2A -- BAK1 -- BID -- MCL1 -- PCNA -- TAF1 -- PLAC8 -- CASP9 -- DIABLO -- APAF1 -- RASSF1
180,TNFRSF1A -- TNFRSF1B -- MAPK8 -- STAT1 -- BIRC2 -- SIRT1 -- MYC -- TNFAIP3 -- TRAF1 -- MAPK14 -- PTMA -- RHOA -- NR3C1 -- RAC1 -- MAP2K7 -- MAP3K1 -- VEGFA -- RET -- TRADD -- ATM -- CHUK -- RPS6KA5 -- PPP1R13L -- MAPK9 -- LYN -- IRF1 -- CYCS -- HIP1 -- RNF11 -- PSEN1 -- SOD1 -- HNRNPK -- SMPD1 -- TNIK -- BRCA1 -- EIF4E -- BID -- MCL1 -- PCNA -- TAF1 -- PLAC8 -- DIABLO -- RASSF1
181,TNFRSF1A -- TNFRSF1B -- MAPK8 -- STAT1 -- BIRC2 -- SIRT1 -- TNFAIP3 -- TRAF1 -- MAPK14 -- RHOA -- NR3C1 -- RAC1 -- MAP2K7 -- MAP3K1 -- VEGFA -- RET -- TRADD -- CHUK -- RPS6KA5 -- PPP1R13L -- MAPK9 -- LYN -- IRF1 -- CYCS -- HIP1 -- CDK4 -- RNF11 -- PSEN1 -- SOD1 -- HNRNPK -- SMPD1 -- TNIK -- EIF4E -- BID -- MCL1 -- PCNA -- TAF1 -- PLAC8 -- DIABLO -- RASSF1
687,TNFRSF1A -- TNFRSF1B -- MAPK8 -- STAT1 -- JUN -- BIRC2 -- BIRC3 -- SIRT1 -- TNFAIP3 -- TRAF1 -- MAPK14 -- RHOA -- NR3C1 -- TGFB2 -- RAC1 -- MAP2K7 -- MAP3K1 -- VEGFA -- MAP3K14 -- RET -- TRADD -- ATM -- CASP2 -- CHUK -- RPS6KA5 -- PPP1R13L -- MAPK9 -- LYN -- IRF1 -- EIF4G2 -- MYB -- CYCS -- HIP1 -- RNF11 -- PSEN1 -- SOD1 -- HNRNPK -- SMPD1 -- TNIK -- HTT -- BRCA1 -- CDKN2A -- BID -- MCL1 -- PCNA -- TAF1 -- PLAC8 -- DIABLO -- RASSF1
730,TNFRSF1A -- TNFRSF1B -- NFKB1 -- MAPK8 -- SIRT1 -- RB1 -- TNFAIP3 -- CCND1 -- TRAF1 -- MAPK14 -- PTMA -- RHOA -- RAC1 -- MAP2K7 -- MAP3K1 -- MAP3K14 -- TRADD -- TNFRSF10B -- CASP2 -- MDM2 -- CHUK -- RPS6KA5 -- PPP1R13L -- MAPK9 -- LYN -- IRF1 -- HTRA2 -- HIP1 -- CDK4 -- OTUD7B -- RNF11 -- PSEN1 -- SOD1 -- RPA4 -- SMPD1 -- TNIK -- PELP1 -- BAX -- BAK1 -- EIF4E -- BID -- FOXM1 -- PCNA -- PLAC8 -- DIABLO
184,TNFRSF1A -- TNFRSF1B -- MAPK8 -- JUN -- FOS -- SIRT1 -- RB1 -- TNFAIP3 -- CCND1 -- TRAF1 -- MAPK14 -- RHOA -- RAC1 -- MAP2K7 -- MAP3K1 -- IGF1 -- MAP3K14 -- TRADD -- ATM -- CASP2 -- MDM2 -- CHUK -- RPS6KA5 -- PPP1R13L -- MAPK9 -- IRF1 -- EIF4G2 -- HTRA2 -- MYB -- HIP1 -- RNF11 -- CASP10 -- PSEN1 -- SOD1 -- SMPD1 -- TNIK -- HTT -- BRCA1 -- CDKN2A -- BAX -- BAK1 -- BID -- PCNA -- PLAC8 -- CASP9 -- DIABLO -- APAF1 -- RASSF1
644,TNFRSF1A -- TNFRSF1B -- MAPK8 -- STAT1 -- FOS -- BIRC2 -- BIRC3 -- SIRT1 -- TNFAIP3 -- TRAF1 -- MAPK14 -- RHOA -- NR3C1 -- TGFB2 -- RAC1 -- MAP2K7 -- MAP3K1 -- VEGFA -- TRADD -- ATM -- CASP2 -- CHUK -- RPS6KA5 -- PPP1R13L -- MAPK9 -- LYN -- IRF1 -- EIF4G2 -- MYB -- HIP1 -- RNF11 -- PSEN1 -- SOD1 -- HNRNPK -- SMPD1 -- TNIK -- HTT -- BRCA1 -- CDKN2A -- BID -- MCL1 -- PCNA -- TAF1 -- PLAC8 -- DIABLO -- RASSF1
186,TP53 -- STAT1 -- BIRC2 -- BIRC3 -- MAPK14 -- TGFB2 -- RAC1 -- MAP2K7 -- MAP3K1 -- VEGFA -- RET -- MAPK1 -- AKT1 -- ATM -- E2F1 -- CHUK -- RPS6KA5 -- PPP1R13L -- MAPK9 -- LYN -- IRF1 -- MYB -- CYCS -- HIP1 -- OTUD7B -- PARP1 -- PSEN1 -- SMPD1 -- BRCA1 -- CDKN2A -- BBC3 -- EIF4E -- BID -- PCNA -- TAF1 -- PLAC8 -- DIABLO -- RASSF1
753,TNFRSF1A -- TNFRSF1B -- NFKB1 -- MAPK8 -- BIRC2 -- BIRC3 -- SIRT1 -- RB1 -- TNFAIP3 -- CCND1 -- TRAF1 -- MAPK14 -- RHOA -- RAC1 -- MAP2K7 -- MAP3K1 -- TRADD -- TNFRSF10B -- ATM -- MDM2 -- CHUK -- RPS6KA5 -- PPP1R13L -- MAPK9 -- LYN -- IRF1 -- EIF4G2 -- CYCS -- HIP1 -- CDK4 -- OTUD7B -- RNF11 -- CASP10 -- PSEN1 -- SOD1 -- RPA4 -- SMPD1 -- TNIK -- PELP1 -- BAX -- BAK1 -- BID -- FOXM1 -- PCNA -- PLAC8 -- DIABLO
495,STAT1 -- BIRC2 -- BIRC3 -- TRAF1 -- MAPK14 -- RAC1 -- MAP2K7 -- MAP3K1 -- VEGFA -- MAPK1 -- TRAF2 -- AKT1 -- ATM -- E2F1 -- MDM2 -- CHUK -- RPS6KA5 -- PPP1R13L -- MAPK9 -- LYN -- MYB -- CYCS -- HIP1 -- CDK4 -- OTUD7B -- RNF11 -- PARP1 -- PSEN1 -- RPA4 -- SMPD1 -- BBC3 -- PELP1 -- BAK1 -- EIF4E -- BID -- FOXM1 -- CTBP1 -- RBL1 -- PCNA -- TAF1 -- PLAC8 -- DIABLO
724,TNFRSF1A -- TNFRSF1B -- MAPK8 -- JUN -- FOS -- SIRT1 -- RB1 -- TNFAIP3 -- TRAF1 -- MAPK14 -- RHOA -- RAC1 -- MAP2K7 -- MAP3K1 -- MAP3K14 -- RET -- TRADD -- ATM -- CASP2 -- CHUK -- RPS6KA5 -- PPP1R13L -- MAPK9 -- IRF1 -- EIF4G2 -- HTRA2 -- HIP1 -- OTUD7B -- RNF11 -- PSEN1 -- SOD1 -- HNRNPK -- SMPD1 -- TNIK -- HTT -- BRCA1 -- CDKN2A -- BAX -- BAK1 -- BID -- PCNA -- PLAC8 -- CASP9 -- DIABLO -- APAF1 -- RASSF1
190,STAT1 -- BIRC3 -- SIRT1 -- MAPK14 -- TGFB2 -- RAC1 -- MAP2K7 -- MAP3K1 -- VEGFA -- MAP3K14 -- RET -- MAPK1 -- AKT1 -- CHUK -- RPS6KA5 -- PPP1R13L -- MAPK9 -- LYN -- IRF1 -- MYB -- CYCS -- HIP1 -- CDK4 -- OTUD7B -- PARP1 -- PSEN1 -- HNRNPK -- RPA4 -- PELP1 -- BAK1 -- EIF4E -- BID -- FOXM1 -- MCL1 -- CTBP1 -- PCNA -- TAF1 -- PLAC8 -- DIABLO
748,TNFRSF1A -- TNFRSF1B -- MAPK8 -- STAT1 -- JUN -- FOS -- SIRT1 -- TNFAIP3 -- TRAF1 -- MAPK14 -- RHOA -- NR3C1 -- TGFB2 -- RAC1 -- MAP2K7 -- MAP3K1 -- VEGFA -- MAP3K14 -- RET -- TRADD -- ATM -- CASP2 -- CHUK -- RPS6KA5 -- PPP1R13L -- MAPK9 -- IRF1 -- EIF4G2 -- MYB -- CYCS -- HIP1 -- RNF11 -- PSEN1 -- SOD1 -- HNRNPK -- CASP7 -- SMPD1 -- TNIK -- HTT -- BRCA1 -- CDKN2A -- BID -- MCL1 -- PCNA -- TAF1 -- PLAC8 -- CASP9 -- DIABLO -- APAF1 -- RASSF1
752,TNFRSF1A -- TNFRSF1B -- MAPK8 -- STAT1 -- JUN -- BIRC2 -- BIRC3 -- SIRT1 -- TNFAIP3 -- TRAF1 -- MAPK14 -- RHOA -- NR3C1 -- TGFB2 -- RAC1 -- MAP2K7 -- MAP3K1 -- VEGFA -- RET -- TRADD -- ATM -- CHUK -- RPS6KA5 -- PPP1R13L -- MAPK9 -- LYN -- IRF1 -- MYB -- CYCS -- HIP1 -- RNF11 -- PSEN1 -- SOD1 -- HNRNPK -- SMPD1 -- TNIK -- BRCA1 -- CDKN2A -- EIF4E -- BID -- MCL1 -- PCNA -- TAF1 -- PLAC8 -- DIABLO -- RASSF1
699,TNFRSF1A -- TNFRSF1B -- MAPK8 -- STAT1 -- BIRC2 -- SIRT1 -- TNFAIP3 -- TRAF1 -- MAPK14 -- RHOA -- NR3C1 -- TGFB2 -- RAC1 -- MAP2K7 -- MAP3K1 -- VEGFA -- RET -- TRADD -- CHUK -- RPS6KA5 -- PPP1R13L -- MAPK9 -- LYN -- IRF1 -- CYCS -- HIP1 -- CDK4 -- RNF11 -- PSEN1 -- SOD1 -- HNRNPK -- RPA4 -- SMPD1 -- TNIK -- HTT -- BRCA1 -- EIF4E -- BID -- MCL1 -- PCNA -- TAF1 -- PLAC8 -- DIABLO -- RASSF1
194,TNFRSF1A -- TNFRSF1B -- NFKB1 -- MAPK8 -- BIRC2 -- BIRC3 -- SIRT1 -- RB1 -- TNFAIP3 -- CCND1 -- TRAF1 -- MAPK14 -- PTMA -- RHOA -- RAC1 -- MAP2K7 -- MAP3K1 -- IGF1 -- TRADD -- TNFRSF10B -- MDM2 -- CHUK -- PPP1R13L -- MAPK9 -- LYN -- IRF1 -- EIF4G2 -- CYCS -- HIP1 -- CDK4 -- OTUD7B -- CASP10 -- PSEN1 -- BAD -- RPA4 -- SMPD1 -- TNIK -- BBC3 -- PELP1 -- BAK1 -- BID -- FOXM1 -- PCNA -- TAF1 -- PLAC8 -- DIABLO -- RANGAP1
195,TNFRSF1A -- TNFRSF1B -- NFKB1 -- MAPK8 -- BIRC2 -- BIRC3 -- SIRT1 -- RB1 -- TNFAIP3 -- CCND1 -- TRAF1 -- MAPK14 -- RHOA -- RAC1 -- MAP2K7 -- MAP3K1 -- IGF1 -- TRADD -- TNFRSF10B -- MDM2 -- CHUK -- RPS6KA5 -- PPP1R13L -- MAPK9 -- LYN -- IRF1 -- EIF4G2 -- HTRA2 -- CYCS -- HIP1 -- CDK4 -- OTUD7B -- RNF11 -- CASP10 -- PSEN1 -- SOD1 -- RPA4 -- SMPD1 -- TNIK -- PELP1 -- BAX -- BAK1 -- BID -- FOXM1 -- PCNA -- PLAC8 -- DIABLO
196,TNFRSF1A -- TNFRSF1B -- MAPK8 -- STAT1 -- JUN -- FOS -- BIRC2 -- BIRC3 -- SIRT1 -- TNFAIP3 -- TRAF1 -- MAPK14 -- RHOA -- NR3C1 -- TGFB2 -- RAC1 -- MAP2K7 -- MAP3K1 -- VEGFA -- MAP3K14 -- RET -- TRADD -- ATM -- CASP2 -- CHUK -- RPS6KA5 -- PPP1R13L -- MAPK9 -- IRF1 -- EIF4G2 -- MYB -- CYCS -- HIP1 -- RNF11 -- PSEN1 -- SOD1 -- HNRNPK -- CASP7 -- SMPD1 -- TNIK -- HTT -- BRCA1 -- CDKN2A -- BID -- MCL1 -- PCNA -- TAF1 -- PLAC8 -- DIABLO -- APAF1 -- RASSF1
615,TNFRSF1A -- TNFRSF1B -- NFKB1 -- MAPK8 -- SIRT1 -- RB1 -- TNFAIP3 -- CCND1 -- TRAF1 -- MAPK14 -- RHOA -- RAC1 -- MAP2K7 -- MAP3K1 -- MAP3K14 -- TRADD -- TNFRSF10B -- CASP2 -- MDM2 -- CHUK -- RPS6KA5 -- PPP1R13L -- MAPK9 -- LYN -- IRF1 -- EIF4G2 -- HTRA2 -- HIP1 -- CDK4 -- OTUD7B -- RNF11 -- CASP10 -- PSEN1 -- SOD1 -- RPA4 -- SMPD1 -- TNIK -- PELP1 -- BAX -- BAK1 -- BID -- FOXM1 -- PCNA -- PLAC8 -- CASP9 -- DIABLO -- APAF1
463,STAT1 -- BIRC2 -- BIRC3 -- SIRT1 -- MAPK14 -- TGFB2 -- RAC1 -- MAP2K7 -- MAP3K1 -- VEGFA -- RET -- MAPK1 -- AKT1 -- ATM -- CHUK -- RPS6KA5 -- PPP1R13L -- MAPK9 -- LYN -- IRF1 -- EIF4G2 -- MYB -- CYCS -- HIP1 -- OTUD7B -- PARP1 -- PSEN1 -- HNRNPK -- SMPD1 -- CDKN2A -- BID -- MCL1 -- PCNA -- TAF1 -- PLAC8 -- DIABLO -- RASSF1
199,TNFRSF1A -- TNFRSF1B -- MAPK8 -- STAT1 -- JUN -- FOS -- BIRC2 -- BIRC3 -- SIRT1 -- TNFAIP3 -- TRAF1 -- MAPK14 -- RHOA -- NR3C1 -- TGFB2 -- RAC1 -- MAP2K7 -- MAP3K1 -- VEGFA -- RET -- TRADD -- ATM -- CHUK -- RPS6KA5 -- PPP1R13L -- MAPK9 -- LYN -- IRF1 -- MYB -- CYCS -- HIP1 -- RNF11 -- PSEN1 -- SOD1 -- HNRNPK -- SMPD1 -- TNIK -- BRCA1 -- CDKN2A -- EIF4E -- BID -- MCL1 -- PCNA -- TAF1 -- PLAC8 -- DIABLO -- RASSF1
423,TNFRSF1A -- TNFRSF1B -- MAPK8 -- BIRC2 -- BIRC3 -- SIRT1 -- MYC -- TNFAIP3 -- CCND1 -- MAPK14 -- PTMA -- RHOA -- TGFB2 -- RAC1 -- MAP2K7 -- MAP3K1 -- VEGFA -- TRADD -- TNFRSF10B -- MDM2 -- CHUK -- PPP1R13L -- MAPK9 -- LYN -- IRF1 -- CYCS -- CDK4 -- OTUD7B -- RNF11 -- PSEN1 -- BAD -- SOD1 -- RPA4 -- SMPD1 -- TNIK -- BRCA1 -- EIF4E -- BID -- FOXM1 -- MCL1 -- PCNA -- TAF1 -- DIABLO -- RANGAP1
201,TNFRSF1A -- TNFRSF1B -- NFKB1 -- MAPK8 -- SIRT1 -- RB1 -- TNFAIP3 -- CCND1 -- TRAF1 -- MAPK14 -- RHOA -- RAC1 -- MAP2K7 -- MAP3K1 -- IGF1 -- MAP3K14 -- TRADD -- TNFRSF10B -- CASP2 -- MDM2 -- CHUK -- RPS6KA5 -- PPP1R13L -- MAPK9 -- LYN -- IRF1 -- EIF4G2 -- HTRA2 -- HIP1 -- CDK4 -- OTUD7B -- RNF11 -- CASP10 -- PSEN1 -- SOD1 -- RPA4 -- SMPD1 -- TNIK -- HTT -- PELP1 -- BAX -- BAK1 -- BID -- FOXM1 -- PCNA -- PLAC8 -- CASP9 -- DIABLO -- APAF1
471,TNFRSF1A -- TNFRSF1B -- NFKB1 -- MAPK8 -- SIRT1 -- RB1 -- TNFAIP3 -- CCND1 -- MAPK14 -- PTMA -- RHOA -- RAC1 -- MAP2K7 -- MAP3K1 -- IGF1 -- MAP3K14 -- TRADD -- TNFRSF10B -- CASP2 -- MDM2 -- CHUK -- PPP1R13L -- MAPK9 -- LYN -- IRF1 -- EIF4G2 -- HTRA2 -- CDK4 -- OTUD7B -- RNF11 -- CASP10 -- PSEN1 -- SOD1 -- RPA4 -- SMPD1 -- TNIK -- HTT -- PELP1 -- BAX -- BAK1 -- BID -- FOXM1 -- PCNA -- DIABLO -- APAF1 -- RANGAP1
483,TNFRSF1A -- TNFRSF1B -- MAPK8 -- STAT1 -- BIRC2 -- SIRT1 -- MYC -- TNFAIP3 -- MAPK14 -- PTMA -- RHOA -- RAC1 -- MAP2K7 -- MAP3K1 -- VEGFA -- TRADD -- ATM -- MDM2 -- CHUK -- PPP1R13L -- MAPK9 -- LYN -- IRF1 -- CYCS -- CDK4 -- OTUD7B -- RNF11 -- PSEN1 -- BAD -- SOD1 -- RPA4 -- SMPD1 -- TNIK -- PELP1 -- EIF4E -- BID -- FOXM1 -- MCL1 -- PCNA -- TAF1 -- DIABLO -- RANGAP1
204,TNFRSF1A -- TNFRSF1B -- NFKB1 -- MAPK8 -- STAT1 -- JUN -- FOS -- SIRT1 -- RB1 -- TNFAIP3 -- TRAF1 -- MAPK14 -- RHOA -- RAC1 -- MAP2K7 -- MAP3K1 -- VEGFA -- MAP3K14 -- RET -- TRADD -- TNFRSF10B -- ATM -- CASP2 -- CHUK -- RPS6KA5 -- PPP1R13L -- MAPK9 -- IRF1 -- EIF4G2 -- HTRA2 -- MYB -- HIP1 -- OTUD7B -- RNF11 -- CASP10 -- PSEN1 -- SOD1 -- HNRNPK -- SMPD1 -- TNIK -- HTT -- BRCA1 -- CDKN2A -- PELP1 -- BAX -- BAK1 -- BID -- MCL1 -- PCNA -- PLAC8 -- CASP9 -- DIABLO -- APAF1 -- RASSF1
447,TNFRSF1A -- TNFRSF1B -- NFKB1 -- MAPK8 -- FOS -- SIRT1 -- RB1 -- TNFAIP3 -- CCND1 -- TRAF1 -- MAPK14 -- RHOA -- RAC1 -- MAP2K7 -- MAP3K1 -- MAP3K14 -- TRADD -- TNFRSF10B -- ATM -- CASP2 -- MDM2 -- CHUK -- RPS6KA5 -- PPP1R13L -- MAPK9 -- IRF1 -- EIF4G2 -- HTRA2 -- HIP1 -- CDK4 -- OTUD7B -- RNF11 -- CASP10 -- PSEN1 -- SOD1 -- RPA4 -- SMPD1 -- TNIK -- HTT -- PELP1 -- BAX -- BAK1 -- BID -- FOXM1 -- PCNA -- PLAC8 -- CASP9 -- DIABLO -- APAF1
789,TNFRSF1A -- TNFRSF1B -- NFKB1 -- MAPK8 -- BIRC3 -- SIRT1 -- RB1 -- TNFAIP3 -- CCND1 -- MAPK14 -- PTMA -- RHOA -- RAC1 -- MAP2K7 -- MAP3K1 -- IGF1 -- TRADD -- ATM -- MDM2 -- CHUK -- PPP1R13L -- MAPK9 -- LYN -- IRF1 -- HTRA2 -- HIP1 -- CDK4 -- OTUD7B -- RNF11 -- PSEN1 -- BAD -- SOD1 -- RPA4 -- SMPD1 -- TNIK -- PELP1 -- BAK1 -- EIF4E -- BID -- FOXM1 -- PCNA -- DIABLO -- RANGAP1
207,TNFRSF1A -- TNFRSF1B -- NFKB1 -- MAPK8 -- SIRT1 -- RB1 -- TNFAIP3 -- CCND1 -- TRAF1 -- MAPK14 -- RHOA -- RAC1 -- MAP2K7 -- MAP3K1 -- IGF1 -- TRADD -- TNFRSF10B -- CASP2 -- MDM2 -- CHUK -- RPS6KA5 -- PPP1R13L -- MAPK9 -- LYN -- IRF1 -- EIF4G2 -- HTRA2 -- HIP1 -- CDK4 -- OTUD7B -- RNF11 -- CASP10 -- PSEN1 -- SOD1 -- RPA4 -- SMPD1 -- TNIK -- PELP1 -- BAX -- BAK1 -- BID -- FOXM1 -- PCNA -- PLAC8 -- DIABLO
503,TNFRSF1A -- TNFRSF1B -- NFKB1 -- MAPK8 -- BIRC2 -- SIRT1 -- RB1 -- TNFAIP3 -- CCND1 -- TRAF1 -- MAPK14 -- RHOA -- RAC1 -- MAP2K7 -- MAP3K1 -- TRADD -- TNFRSF10B -- ATM -- MDM2 -- CHUK -- RPS6KA5 -- PPP1R13L -- MAPK9 -- LYN -- IRF1 -- HTRA2 -- CYCS -- HIP1 -- CDK4 -- OTUD7B -- RNF11 -- PSEN1 -- SOD1 -- RPA4 -- SMPD1 -- TNIK -- PELP1 -- BAX -- BAK1 -- EIF4E -- BID -- FOXM1 -- PCNA -- PLAC8 -- DIABLO
209,TNFRSF1A -- TNFRSF1B -- NFKB1 -- MAPK8 -- FOS -- SIRT1 -- RB1 -- TNFAIP3 -- CCND1 -- TRAF1 -- MAPK14 -- RHOA -- RAC1 -- MAP2K7 -- MAP3K1 -- MAP3K14 -- TRADD -- TNFRSF10B -- CASP2 -- MDM2 -- CHUK -- RPS6KA5 -- PPP1R13L -- MAPK9 -- IRF1 -- EIF4G2 -- HTRA2 -- HIP1 -- CDK4 -- OTUD7B -- RNF11 -- CASP10 -- PSEN1 -- SOD1 -- RPA4 -- SMPD1 -- TNIK -- HTT -- PELP1 -- BAX -- BAK1 -- BID -- FOXM1 -- PCNA -- PLAC8 -- CASP9 -- DIABLO -- APAF1
210,TNFRSF1A -- TNFRSF1B -- NFKB1 -- MAPK8 -- SIRT1 -- RB1 -- TNFAIP3 -- CCND1 -- TRAF1 -- MAPK14 -- RHOA -- RAC1 -- MAP2K7 -- MAP3K1 -- IGF1 -- MAP3K14 -- TRADD -- TNFRSF10B -- ATM -- CASP2 -- MDM2 -- CHUK -- RPS6KA5 -- PPP1R13L -- MAPK9 -- LYN -- IRF1 -- EIF4G2 -- HTRA2 -- HIP1 -- CDK4 -- OTUD7B -- RNF11 -- CASP10 -- PSEN1 -- SOD1 -- RPA4 -- SMPD1 -- TNIK -- PELP1 -- BAX -- BAK1 -- BID -- FOXM1 -- PCNA -- PLAC8 -- CASP9 -- DIABLO -- APAF1
629,TNFRSF1A -- TNFRSF1B -- MAPK8 -- BIRC2 -- BIRC3 -- SIRT1 -- MYC -- TNFAIP3 -- CCND1 -- MAPK14 -- PTMA -- RHOA -- TGFB2 -- RAC1 -- MAP2K7 -- MAP3K1 -- VEGFA -- RET -- TRADD -- TNFRSF10B -- MDM2 -- CHUK -- PPP1R13L -- MAPK9 -- LYN -- IRF1 -- CYCS -- CDK4 -- OTUD7B -- RNF11 -- PSEN1 -- BAD -- SOD1 -- RPA4 -- SMPD1 -- TNIK -- PELP1 -- EIF4E -- BID -- FOXM1 -- MCL1 -- PCNA -- TAF1 -- DIABLO -- RANGAP1
440,TNFRSF1A -- TNFRSF1B -- NFKB1 -- MAPK8 -- SIRT1 -- RB1 -- TNFAIP3 -- CCND1 -- TRAF1 -- MAPK14 -- RHOA -- RAC1 -- MAP2K7 -- MAP3K1 -- MAP3K14 -- TRADD -- TNFRSF10B -- ATM -- CASP2 -- MDM2 -- CHUK -- RPS6KA5 -- PPP1R13L -- MAPK9 -- IRF1 -- EIF4G2 -- HTRA2 -- HIP1 -- CDK4 -- OTUD7B -- RNF11 -- CASP10 -- PSEN1 -- SOD1 -- RPA4 -- SMPD1 -- TNIK -- HTT -- PELP1 -- BAX -- BAK1 -- BID -- FOXM1 -- PCNA -- PLAC8 -- CASP9 -- DIABLO -- APAF1
585,NFKB1 -- STAT1 -- BIRC2 -- BIRC3 -- SIRT1 -- TNFAIP3 -- TRAF1 -- MAPK14 -- TGFB2 -- RAC1 -- MAP2K7 -- MAP3K1 -- IGF1 -- VEGFA -- RET -- TRADD -- MAPK1 -- TNFRSF10B -- AKT1 -- CHUK -- RPS6KA5 -- PPP1R13L -- MAPK9 -- LYN -- IRF1 -- MYB -- CYCS -- HIP1 -- CDK4 -- OTUD7B -- CASP10 -- PARP1 -- PSEN1 -- HNRNPK -- RPA4 -- SMPD1 -- TNIK -- BBC3 -- PELP1 -- EIF4E -- BID -- CTBP1 -- PCNA -- TAF1 -- PLAC8 -- DIABLO
487,TNFRSF1A -- TNFRSF1B -- MAPK8 -- STAT1 -- JUN -- FOS -- SIRT1 -- MYC -- TNFAIP3 -- TRAF1 -- MAPK14 -- PTMA -- RHOA -- TGFB2 -- RAC1 -- MAP2K7 -- MAP3K1 -- VEGFA -- MAP3K14 -- RET -- TRADD -- ATM -- CASP2 -- CHUK -- RPS6KA5 -- PPP1R13L -- MAPK9 -- IRF1 -- EIF4G2 -- CDK4 -- RNF11 -- PSEN1 -- SOD1 -- HNRNPK -- CASP7 -- SMPD1 -- TNIK -- HTT -- PELP1 -- BID -- MCL1 -- PCNA -- TAF1 -- CASP9 -- DIABLO -- APAF1 -- RASSF1 -- RANGAP1
215,TNFRSF1A -- TNFRSF1B -- MAPK8 -- STAT1 -- BIRC2 -- SIRT1 -- MYC -- TNFAIP3 -- MAPK14 -- PTMA -- RHOA -- RAC1 -- MAP2K7 -- MAP3K1 -- IGF1 -- VEGFA -- RET -- TRADD -- TNFRSF10B -- MDM2 -- CHUK -- PPP1R13L -- MAPK9 -- LYN -- IRF1 -- CYCS -- CDK4 -- OTUD7B -- RNF11 -- PSEN1 -- BAD -- SOD1 -- HNRNPK -- RPA4 -- SMPD1 -- TNIK -- PELP1 -- EIF4E -- BID -- FOXM1 -- MCL1 -- PCNA -- TAF1 -- DIABLO -- RANGAP1
216,TNFRSF1A -- TNFRSF1B -- MAPK8 -- STAT1 -- JUN -- FOS -- SIRT1 -- RB1 -- TNFAIP3 -- TRAF1 -- MAPK14 -- RHOA -- NR3C1 -- RAC1 -- MAP2K7 -- MAP3K1 -- VEGFA -- MAP3K14 -- TRADD -- ATM -- CASP2 -- MDM2 -- CHUK -- RPS6KA5 -- PPP1R13L -- MAPK9 -- IRF1 -- EIF4G2 -- HTRA2 -- MYB -- HIP1 -- RNF11 -- PSEN1 -- SOD1 -- RPA4 -- SMPD1 -- TNIK -- HTT -- BRCA1 -- CDKN2A -- BAX -- BAK1 -- BID -- MCL1 -- PCNA -- PLAC8 -- CASP9 -- DIABLO -- APAF1 -- RASSF1
576,TNFRSF1A -- TNFRSF1B -- NFKB1 -- MAPK8 -- JUN -- FOS -- SIRT1 -- RB1 -- TNFAIP3 -- CCND1 -- TRAF1 -- MAPK14 -- RHOA -- RAC1 -- MAP2K7 -- MAP3K1 -- MAP3K14 -- TRADD -- TNFRSF10B -- CASP2 -- MDM2 -- CHUK -- RPS6KA5 -- PPP1R13L -- MAPK9 -- IRF1 -- EIF4G2 -- HTRA2 -- MYB -- HIP1 -- CDK4 -- OTUD7B -- RNF11 -- CASP10 -- PSEN1 -- SOD1 -- RPA4 -- SMPD1 -- TNIK -- HTT -- CDKN2A -- PELP1 -- BAX -- BAK1 -- BID -- FOXM1 -- PCNA -- PLAC8 -- CASP9 -- DIABLO -- APAF1
218,TNFRSF1A -- TNFRSF1B -- MAPK8 -- STAT1 -- JUN -- FOS -- BIRC2 -- SIRT1 -- TNFAIP3 -- TRAF1 -- MAPK14 -- RHOA -- NR3C1 -- TGFB2 -- RAC1 -- MAP2K7 -- MAP3K1 -- VEGFA -- RET -- TRADD -- ATM -- CHUK -- RPS6KA5 -- PPP1R13L -- MAPK9 -- IRF1 -- EIF4G2 -- MYB -- HIP1 -- RNF11 -- PSEN1 -- SOD1 -- HNRNPK -- CASP7 -- SMPD1 -- TNIK -- HTT -- BRCA1 -- CDKN2A -- BID -- MCL1 -- PCNA -- TAF1 -- PLAC8 -- DIABLO -- APAF1 -- RASSF1
531,TNFRSF1A -- TNFRSF1B -- MAPK8 -- STAT1 -- BIRC2 -- BIRC3 -- SIRT1 -- MYC -- TNFAIP3 -- TRAF1 -- MAPK14 -- RHOA -- RAC1 -- MAP2K7 -- MAP3K1 -- VEGFA -- RET -- TRADD -- ATM -- CHUK -- RPS6KA5 -- PPP1R13L -- MAPK9 -- LYN -- IRF1 -- MYB -- CYCS -- HIP1 -- RNF11 -- PSEN1 -- SOD1 -- HNRNPK -- SMPD1 -- TNIK -- BRCA1 -- CDKN2A -- EIF4E -- BID -- MCL1 -- PCNA -- TAF1 -- DIABLO -- RASSF1 -- RANGAP1
530,TNFRSF1A -- TNFRSF1B -- NFKB1 -- MAPK8 -- BIRC2 -- SIRT1 -- RB1 -- TNFAIP3 -- CCND1 -- TRAF1 -- MAPK14 -- RHOA -- RAC1 -- MAP2K7 -- MAP3K1 -- TRADD -- TNFRSF10B -- ATM -- MDM2 -- CHUK -- RPS6KA5 -- PPP1R13L -- MAPK9 -- LYN -- IRF1 -- EIF4G2 -- HTRA2 -- HIP1 -- CDK4 -- OTUD7B -- RNF11 -- CASP10 -- PSEN1 -- SOD1 -- RPA4 -- SMPD1 -- TNIK -- PELP1 -- BAX -- BAK1 -- BID -- FOXM1 -- PCNA -- PLAC8 -- DIABLO
438,TNFRSF1A -- TNFRSF1B -- NFKB1 -- MAPK8 -- STAT1 -- BIRC2 -- BIRC3 -- RB1 -- TNFAIP3 -- TRAF1 -- MAPK14 -- IL2 -- RAC1 -- MAP2K7 -- MAP3K1 -- VEGFA -- TRADD -- TNFRSF10B -- AKT1 -- MDM2 -- CHUK -- RPS6KA5 -- PPP1R13L -- MAPK9 -- LYN -- IRF1 -- EIF4G2 -- CYCS -- HIP1 -- CDK4 -- OTUD7B -- CASP10 -- PSEN1 -- RPA4 -- TNIK -- PELP1 -- BAK1 -- BID -- FOXM1 -- MCL1 -- CTBP1 -- PCNA -- PLAC8 -- DIABLO
406,STAT1 -- BIRC2 -- FASLG -- MYC -- MAPK14 -- PTMA -- IL2 -- RAC1 -- MAP2K7 -- MAP3K1 -- VEGFA -- RET -- TRADD -- MAPK1 -- TNFRSF10B -- ATM -- CHUK -- PPP1R13L -- MAPK9 -- LYN -- IRF1 -- EIF4G2 -- CYCS -- CDK4 -- OTUD7B -- RNF11 -- CASP10 -- PSEN1 -- SOD1 -- HNRNPK -- RPA4 -- SMPD1 -- TNIK -- HTT -- BBC3 -- PELP1 -- BID -- MCL1 -- CTBP1 -- RBL1 -- PCNA -- TAF1 -- DIABLO -- APAF1 -- RANGAP1
799,TNFRSF1A -- TNFRSF1B -- NFKB1 -- MAPK8 -- BIRC2 -- BIRC3 -- SIRT1 -- MYC -- TNFAIP3 -- CCND1 -- MAPK14 -- PTMA -- RHOA -- TGFB2 -- RAC1 -- MAP2K7 -- MAP3K1 -- TRADD -- TNFRSF10B -- ATM -- MDM2 -- CHUK -- PPP1R13L -- MAPK9 -- LYN -- IRF1 -- CYCS -- CDK4 -- OTUD7B -- RNF11 -- PSEN1 -- BAD -- SOD1 -- RPA4 -- SMPD1 -- TNIK -- PELP1 -- EIF4E -- BID -- FOXM1 -- PCNA -- TAF1 -- DIABLO -- RANGAP1
224,TNFRSF1A -- TNFRSF1B -- MAPK8 -- STAT1 -- BIRC2 -- BIRC3 -- SIRT1 -- MYC -- TNFAIP3 -- CCND1 -- MAPK14 -- PTMA -- RHOA -- RAC1 -- MAP2K7 -- MAP3K1 -- VEGFA -- RET -- TRADD -- ATM -- MDM2 -- CHUK -- PPP1R13L -- MAPK9 -- LYN -- IRF1 -- CYCS -- CDK4 -- OTUD7B -- RNF11 -- PSEN1 -- SOD1 -- SMPD1 -- TNIK -- PELP1 -- EIF4E -- BID -- FOXM1 -- MCL1 -- PCNA -- TAF1 -- DIABLO -- RANGAP1
225,TNFRSF1A -- TNFRSF1B -- MAPK8 -- STAT1 -- BIRC2 -- BIRC3 -- SIRT1 -- MYC -- TNFAIP3 -- MAPK14 -- RHOA -- NR3C1 -- RAC1 -- MAP2K7 -- MAP3K1 -- VEGFA -- RET -- TRADD -- ATM -- CHUK -- RPS6KA5 -- PPP1R13L -- MAPK9 -- LYN -- IRF1 -- MYB -- CYCS -- RNF11 -- PSEN1 -- SOD1 -- HNRNPK -- SMPD1 -- TNIK -- HTT -- BRCA1 -- CDKN2A -- EIF4E -- BID -- MCL1 -- PCNA -- TAF1 -- DIABLO -- RASSF1 -- RANGAP1
720,TNFRSF1A -- TNFRSF1B -- NFKB1 -- MAPK8 -- STAT1 -- SIRT1 -- MYC -- TNFAIP3 -- TRAF1 -- MAPK14 -- PTMA -- RHOA -- TGFB2 -- RAC1 -- MAP2K7 -- MAP3K1 -- VEGFA -- MAP3K14 -- RET -- TRADD -- TNFRSF10B -- ATM -- CASP2 -- CHUK -- PPP1R13L -- MAPK9 -- LYN -- IRF1 -- EIF4G2 -- HTRA2 -- HIP1 -- CDK4 -- OTUD7B -- RNF11 -- PSEN1 -- SOD1 -- HNRNPK -- RPA4 -- SMPD1 -- TNIK -- HTT -- PELP1 -- BAX -- BAK1 -- BID -- MCL1 -- PCNA -- TAF1 -- PLAC8 -- DIABLO -- APAF1 -- RANGAP1
227,TNFRSF1A -- TNFRSF1B -- MAPK8 -- BIRC2 -- SIRT1 -- MYC -- TNFAIP3 -- CCND1 -- MAPK14 -- PTMA -- RHOA -- TGFB2 -- RAC1 -- MAP2K7 -- MAP3K1 -- TRADD -- ATM -- MDM2 -- CHUK -- PPP1R13L -- MAPK9 -- LYN -- IRF1 -- CYCS -- CDK4 -- OTUD7B -- RNF11 -- PSEN1 -- BAD -- SOD1 -- RPA4 -- SMPD1 -- TNIK -- PELP1 -- EIF4E -- BID -- FOXM1 -- MCL1 -- PCNA -- TAF1 -- DIABLO -- RANGAP1
493,TNFRSF1A -- TNFRSF1B -- MAPK8 -- STAT1 -- JUN -- FOS -- SIRT1 -- TNFAIP3 -- TRAF1 -- MAPK14 -- RHOA -- NR3C1 -- TGFB2 -- RAC1 -- MAP2K7 -- MAP3K1 -- VEGFA -- MAP3K14 -- RET -- TRADD -- ATM -- CASP2 -- CHUK -- RPS6KA5 -- PPP1R13L -- MAPK9 -- IRF1 -- EIF4G2 -- HTRA2 -- MYB -- HIP1 -- RNF11 -- PSEN1 -- SOD1 -- HNRNPK -- SMPD1 -- TNIK -- HTT -- BRCA1 -- CDKN2A -- BAK1 -- BID -- MCL1 -- PCNA -- TAF1 -- PLAC8 -- CASP9 -- DIABLO -- APAF1 -- RASSF1
682,TNFRSF1A -- TNFRSF1B -- MAPK8 -- STAT1 -- JUN -- FOS -- BIRC2 -- BIRC3 -- SIRT1 -- TNFAIP3 -- TRAF1 -- MAPK14 -- RHOA -- NR3C1 -- TGFB2 -- RAC1 -- MAP2K7 -- MAP3K1 -- VEGFA -- RET -- TRADD -- ATM -- CHUK -- RPS6KA5 -- PPP1R13L -- MAPK9 -- IRF1 -- EIF4G2 -- MYB -- CYCS -- HIP1 -- RNF11 -- PSEN1 -- SOD1 -- HNRNPK -- CASP7 -- SMPD1 -- TNIK -- BRCA1 -- CDKN2A -- BID -- MCL1 -- PCNA -- TAF1 -- PLAC8 -- DIABLO -- RASSF1
230,TNFRSF1A -- TNFRSF1B -- MAPK8 -- STAT1 -- BIRC2 -- BIRC3 -- SIRT1 -- TNFAIP3 -- TRAF1 -- MAPK14 -- RHOA -- NR3C1 -- RAC1 -- MAP2K7 -- MAP3K1 -- VEGFA -- RET -- TRADD -- ATM -- CHUK -- RPS6KA5 -- PPP1R13L -- MAPK9 -- LYN -- IRF1 -- EIF4G2 -- MYB -- CYCS -- HIP1 -- RNF11 -- PSEN1 -- SOD1 -- HNRNPK -- SMPD1 -- TNIK -- BRCA1 -- BID -- MCL1 -- PCNA -- TAF1 -- PLAC8 -- DIABLO -- RASSF1
632,TNFRSF1A -- TNFRSF1B -- MAPK8 -- JUN -- FOS -- SIRT1 -- RB1 -- TNFAIP3 -- TRAF1 -- MAPK14 -- RHOA -- RAC1 -- MAP2K7 -- MAP3K1 -- VEGFA -- MAP3K14 -- TRADD -- ATM -- CASP2 -- CHUK -- RPS6KA5 -- PPP1R13L -- MAPK9 -- IRF1 -- EIF4G2 -- HTRA2 -- HIP1 -- CDK4 -- OTUD7B -- RNF11 -- PSEN1 -- SOD1 -- RPA4 -- SMPD1 -- TNIK -- HTT -- CDKN2A -- PELP1 -- BAX -- BAK1 -- BID -- FOXM1 -- PCNA -- PLAC8 -- CASP9 -- DIABLO -- APAF1
568,TNFRSF1A -- TNFRSF1B -- NFKB1 -- MAPK8 -- JUN -- FOS -- SIRT1 -- RB1 -- TNFAIP3 -- TRAF1 -- MAPK14 -- RHOA -- RAC1 -- MAP2K7 -- MAP3K1 -- IGF1 -- MAP3K14 -- RET -- TRADD -- TNFRSF10B -- ATM -- CASP2 -- CHUK -- RPS6KA5 -- PPP1R13L -- MAPK9 -- IRF1 -- EIF4G2 -- HTRA2 -- HIP1 -- CDK4 -- OTUD7B -- RNF11 -- CASP10 -- PSEN1 -- SOD1 -- RPA4 -- SMPD1 -- TNIK -- HTT -- CDKN2A -- PELP1 -- BAX -- BAK1 -- BID -- FOXM1 -- PCNA -- PLAC8 -- CASP9 -- DIABLO -- APAF1
233,NFKB1 -- STAT1 -- JUN -- FOS -- BIRC2 -- SIRT1 -- TNFAIP3 -- CFLAR -- TRAF1 -- MAPK14 -- TGFB2 -- RAC1 -- MAP2K7 -- MAP3K1 -- VEGFA -- MAP3K14 -- MAPK1 -- TNFRSF10B -- E2F1 -- CHUK -- RPS6KA5 -- PPP1R13L -- MAPK9 -- IRF1 -- EIF4G2 -- HTRA2 -- MYB -- HIP1 -- CDK4 -- OTUD7B -- RNF11 -- CASP10 -- PSEN1 -- SOD1 -- RPA4 -- CASP7 -- SMPD1 -- TNIK -- BBC3 -- PELP1 -- BAK1 -- BID -- FOXM1 -- CTBP1 -- RBL1 -- PCNA -- TAF1 -- PLAC8 -- DIABLO
409,TNFRSF1A -- TNFRSF1B -- MAPK8 -- STAT1 -- JUN -- FOS -- BIRC2 -- BIRC3 -- SIRT1 -- TNFAIP3 -- TRAF1 -- MAPK14 -- RHOA -- NR3C1 -- TGFB2 -- RAC1 -- MAP2K7 -- MAP3K1 -- VEGFA -- RET -- TRADD -- ATM -- CHUK -- RPS6KA5 -- PPP1R13L -- MAPK9 -- IRF1 -- MYB -- CYCS -- HIP1 -- RNF11 -- PSEN1 -- SOD1 -- HNRNPK -- SMPD1 -- TNIK -- BRCA1 -- CDKN2A -- EIF4E -- BID -- MCL1 -- PCNA -- TAF1 -- PLAC8 -- DIABLO -- RASSF1
766,TNFRSF1A -- TNFRSF1B -- MAPK8 -- STAT1 -- JUN -- SIRT1 -- RB1 -- TNFAIP3 -- TRAF1 -- MAPK14 -- RHOA -- NR3C1 -- RAC1 -- MAP2K7 -- MAP3K1 -- VEGFA -- TRADD -- ATM -- CASP2 -- CHUK -- RPS6KA5 -- PPP1R13L -- MAPK9 -- LYN -- IRF1 -- EIF4G2 -- HTRA2 -- MYB -- HIP1 -- RNF11 -- PSEN1 -- SOD1 -- HNRNPK -- SMPD1 -- TNIK -- HTT -- BRCA1 -- CDKN2A -- BAX -- BAK1 -- BID -- MCL1 -- PCNA -- PLAC8 -- DIABLO -- APAF1 -- RASSF1
236,TNFRSF1A -- TNFRSF1B -- MAPK8 -- STAT1 -- JUN -- FOS -- BIRC2 -- BIRC3 -- SIRT1 -- TNFAIP3 -- TRAF1 -- MAPK14 -- RHOA -- NR3C1 -- TGFB2 -- RAC1 -- MAP2K7 -- MAP3K1 -- VEGFA -- RET -- TRADD -- ATM -- CHUK -- RPS6KA5 -- PPP1R13L -- MAPK9 -- IRF1 -- EIF4G2 -- MYB -- CYCS -- HIP1 -- RNF11 -- PSEN1 -- SOD1 -- HNRNPK -- SMPD1 -- TNIK -- BRCA1 -- CDKN2A -- BID -- MCL1 -- PCNA -- TAF1 -- PLAC8 -- CASP9 -- DIABLO -- RASSF1
237,TNFRSF1A -- TNFRSF1B -- MAPK8 -- STAT1 -- BIRC2 -- BIRC3 -- SIRT1 -- MYC -- TNFAIP3 -- MAPK14 -- PTMA -- RHOA -- RAC1 -- MAP2K7 -- MAP3K1 -- VEGFA -- RET -- TRADD -- ATM -- CHUK -- PPP1R13L -- MAPK9 -- LYN -- IRF1 -- MYB -- CYCS -- RNF11 -- PSEN1 -- BAD -- SOD1 -- HNRNPK -- SMPD1 -- TNIK -- BRCA1 -- CDKN2A -- BID -- MCL1 -- PCNA -- TAF1 -- DIABLO -- RASSF1 -- RANGAP1
238,TNFRSF1A -- TNFRSF1B -- MAPK8 -- STAT1 -- JUN -- FOS -- SIRT1 -- TNFAIP3 -- TRAF1 -- MAPK14 -- RHOA -- NR3C1 -- TGFB2 -- RAC1 -- MAP2K7 -- MAP3K1 -- VEGFA -- MAP3K14 -- RET -- TRADD -- ATM -- CASP2 -- CHUK -- RPS6KA5 -- PPP1R13L -- MAPK9 -- IRF1 -- EIF4G2 -- MYB -- CYCS -- HIP1 -- OTUD7B -- RNF11 -- CASP10 -- PSEN1 -- SOD1 -- HNRNPK -- CASP7 -- SMPD1 -- TNIK -- HTT -- BRCA1 -- CDKN2A -- BID -- MCL1 -- PCNA -- TAF1 -- PLAC8 -- CASP9 -- DIABLO -- APAF1 -- RASSF1
509,TNFRSF1A -- TNFRSF1B -- NFKB1 -- MAPK8 -- SIRT1 -- RB1 -- TNFAIP3 -- CCND1 -- TRAF1 -- MAPK14 -- RHOA -- RAC1 -- MAP2K7 -- MAP3K1 -- MAP3K14 -- TRADD -- TNFRSF10B -- MDM2 -- CHUK -- RPS6KA5 -- PPP1R13L -- MAPK9 -- IRF1 -- EIF4G2 -- HTRA2 -- HIP1 -- CDK4 -- OTUD7B -- RNF11 -- CASP10 -- PSEN1 -- SOD1 -- RPA4 -- SMPD1 -- TNIK -- PELP1 -- BAX -- BAK1 -- EIF4E -- BID -- FOXM1 -- PCNA -- PLAC8 -- CASP9 -- DIABLO -- APAF1 -- RANGAP1
749,TNFRSF1A -- TNFRSF1B -- MAPK8 -- BIRC2 -- BIRC3 -- SIRT1 -- MYC -- TNFAIP3 -- CCND1 -- MAPK14 -- PTMA -- RHOA -- TGFB2 -- RAC1 -- MAP2K7 -- MAP3K1 -- TRADD -- ATM -- MDM2 -- CHUK -- PPP1R13L -- MAPK9 -- LYN -- IRF1 -- CYCS -- CDK4 -- OTUD7B -- RNF11 -- PSEN1 -- BAD -- SOD1 -- RPA4 -- SMPD1 -- TNIK -- PELP1 -- EIF4E -- BID -- FOXM1 -- MCL1 -- PCNA -- TAF1 -- DIABLO -- RANGAP1
241,TNFRSF1A -- TNFRSF1B -- NFKB1 -- MAPK8 -- SIRT1 -- RB1 -- TNFAIP3 -- CCND1 -- TRAF1 -- MAPK14 -- RHOA -- RAC1 -- MAP2K7 -- MAP3K1 -- IGF1 -- TRADD -- TNFRSF10B -- ATM -- CASP2 -- MDM2 -- CHUK -- RPS6KA5 -- PPP1R13L -- MAPK9 -- LYN -- IRF1 -- EIF4G2 -- HTRA2 -- CYCS -- CDK4 -- OTUD7B -- RNF11 -- CASP10 -- PSEN1 -- BAD -- SOD1 -- RPA4 -- SMPD1 -- TNIK -- PELP1 -- BAX -- BAK1 -- BID -- FOXM1 -- PCNA -- PLAC8 -- DIABLO
242,TNFRSF1A -- TNFRSF1B -- NFKB1 -- MAPK8 -- BIRC2 -- SIRT1 -- MYC -- TNFAIP3 -- CCND1 -- MAPK14 -- PTMA -- RHOA -- TGFB2 -- RAC1 -- MAP2K7 -- MAP3K1 -- IGF1 -- TRADD -- TNFRSF10B -- ATM -- MDM2 -- CHUK -- PPP1R13L -- MAPK9 -- LYN -- IRF1 -- EIF4G2 -- CYCS -- CDK4 -- OTUD7B -- CASP10 -- PSEN1 -- BAD -- RPA4 -- SMPD1 -- TNIK -- PELP1 -- BAK1 -- BID -- FOXM1 -- PCNA -- TAF1 -- DIABLO -- RANGAP1
243,TNFRSF1A -- TNFRSF1B -- MAPK8 -- STAT1 -- JUN -- FOS -- BIRC2 -- BIRC3 -- SIRT1 -- TNFAIP3 -- TRAF1 -- MAPK14 -- RHOA -- NR3C1 -- TGFB2 -- RAC1 -- MAP2K7 -- MAP3K1 -- VEGFA -- RET -- TRADD -- ATM -- CASP2 -- CHUK -- RPS6KA5 -- PPP1R13L -- MAPK9 -- IRF1 -- EIF4G2 -- MYB -- CYCS -- HIP1 -- RNF11 -- PSEN1 -- SOD1 -- HNRNPK -- SMPD1 -- TNIK -- HTT -- BRCA1 -- CDKN2A -- BID -- MCL1 -- PCNA -- TAF1 -- PLAC8 -- DIABLO -- RASSF1
795,NFKB1 -- BIRC2 -- BIRC3 -- RB1 -- TNFAIP3 -- CCND1 -- TRAF1 -- MAPK14 -- IL2 -- RAC1 -- MAP2K7 -- MAP3K1 -- MAPK1 -- TNFRSF10B -- AKT1 -- MDM2 -- CHUK -- RPS6KA5 -- PPP1R13L -- MAPK9 -- LYN -- EIF4G2 -- CYCS -- HIP1 -- CDK4 -- OTUD7B -- RNF11 -- CASP10 -- PARP1 -- PSEN1 -- SOD1 -- RPA4 -- SMPD1 -- TNIK -- PELP1 -- BID -- FOXM1 -- MCL1 -- CTBP1 -- PLAC8 -- DIABLO
386,TNFRSF1A -- TNFRSF1B -- MAPK8 -- STAT1 -- JUN -- FOS -- SIRT1 -- RB1 -- TNFAIP3 -- TRAF1 -- MAPK14 -- RHOA -- RAC1 -- MAP2K7 -- MAP3K1 -- VEGFA -- MAP3K14 -- TRADD -- ATM -- CASP2 -- CHUK -- RPS6KA5 -- PPP1R13L -- MAPK9 -- IRF1 -- EIF4G2 -- HTRA2 -- MYB -- HIP1 -- CDK4 -- OTUD7B -- RNF11 -- PSEN1 -- SOD1 -- RPA4 -- SMPD1 -- TNIK -- CDKN2A -- PELP1 -- BAX -- BAK1 -- BID -- FOXM1 -- MCL1 -- PCNA -- PLAC8 -- CASP9 -- DIABLO -- APAF1
246,STAT1 -- JUN -- FOS -- BIRC2 -- BIRC3 -- MAPK14 -- TGFB2 -- RAC1 -- MAP2K7 -- MAP3K1 -- VEGFA -- RET -- MAPK1 -- AKT1 -- ATM -- CHUK -- RPS6KA5 -- PPP1R13L -- MAPK9 -- IRF1 -- MYB -- CYCS -- HIP1 -- OTUD7B -- RNF11 -- PARP1 -- PSEN1 -- BRCA1 -- CDKN2A -- BAK1 -- EIF4E -- BID -- PCNA -- TAF1 -- PLAC8 -- DIABLO -- RASSF1
648,TNFRSF1A -- TNFRSF1B -- NFKB1 -- MAPK8 -- BIRC2 -- BIRC3 -- SIRT1 -- MYC -- RB1 -- TNFAIP3 -- CCND1 -- MAPK14 -- PTMA -- RHOA -- RAC1 -- MAP2K7 -- MAP3K1 -- IGF1 -- TRADD -- TNFRSF10B -- ATM -- MDM2 -- CHUK -- PPP1R13L -- MAPK9 -- LYN -- IRF1 -- EIF4G2 -- CYCS -- CDK4 -- OTUD7B -- RNF11 -- CASP10 -- PSEN1 -- BAD -- SOD1 -- RPA4 -- SMPD1 -- TNIK -- PELP1 -- EIF4E -- BID -- FOXM1 -- PCNA -- DIABLO -- RANGAP1
248,TNFRSF1A -- TNFRSF1B -- MAPK8 -- STAT1 -- JUN -- FOS -- SIRT1 -- TNFAIP3 -- TRAF1 -- MAPK14 -- RHOA -- NR3C1 -- RAC1 -- MAP2K7 -- MAP3K1 -- VEGFA -- MAP3K14 -- RET -- TRADD -- ATM -- CASP2 -- CHUK -- RPS6KA5 -- PPP1R13L -- MAPK9 -- IRF1 -- EIF4G2 -- HTRA2 -- MYB -- HIP1 -- RNF11 -- PSEN1 -- SOD1 -- HNRNPK -- CASP7 -- SMPD1 -- TNIK -- HTT -- BRCA1 -- CDKN2A -- BAK1 -- BID -- PCNA -- TAF1 -- PLAC8 -- CASP9 -- DIABLO -- APAF1 -- RASSF1
602,STAT1 -- JUN -- FOS -- BIRC2 -- BIRC3 -- SIRT1 -- TNFAIP3 -- TRAF1 -- MAPK14 -- TGFB2 -- RAC1 -- MAP2K7 -- MAP3K1 -- VEGFA -- RET -- TRADD -- TNFRSF10B -- AKT1 -- ATM -- CHUK -- RPS6KA5 -- PPP1R13L -- MAPK9 -- IRF1 -- EIF4G2 -- MYB -- CYCS -- HIP1 -- OTUD7B -- CASP10 -- PSEN1 -- CASP7 -- TNIK -- CDKN2A -- PELP1 -- BAK1 -- BID -- MCL1 -- PCNA -- TAF1 -- PLAC8 -- DIABLO -- RASSF1
470,TNFRSF1A -- TNFRSF1B -- NFKB1 -- MAPK8 -- SIRT1 -- RB1 -- TNFAIP3 -- CCND1 -- TRAF1 -- MAPK14 -- RHOA -- RAC1 -- MAP2K7 -- MAP3K1 -- MAP3K14 -- TRADD -- CASP2 -- MDM2 -- CHUK -- RPS6KA5 -- PPP1R13L -- MAPK9 -- LYN -- IRF1 -- EIF4G2 -- HTRA2 -- HIP1 -- CDK4 -- OTUD7B -- RNF11 -- PSEN1 -- SOD1 -- RPA4 -- SMPD1 -- TNIK -- HTT -- PELP1 -- BAX -- BAK1 -- BID -- FOXM1 -- PCNA -- TAF1 -- PLAC8 -- CASP9 -- DIABLO
251,STAT1 -- FASLG -- MAPK14 -- RAC1 -- MAP2K7 -- MAP3K1 -- VEGFA -- MAPK1 -- AKT1 -- ATM -- MDM2 -- CHUK -- RPS6KA5 -- PPP1R13L -- MAPK9 -- LYN -- IRF1 -- CYCS -- HIP1 -- CDK4 -- OTUD7B -- PARP1 -- PSEN1 -- RPA4 -- SMPD1 -- PELP1 -- BAK1 -- EIF4E -- BID -- FOXM1 -- CTBP1 -- PCNA -- TAF1 -- PLAC8 -- DIABLO
787,TNFRSF1A -- TNFRSF1B -- MAPK8 -- STAT1 -- BIRC2 -- SIRT1 -- MYC -- TNFAIP3 -- TRAF1 -- MAPK14 -- RHOA -- NR3C1 -- RAC1 -- MAP2K7 -- MAP3K1 -- VEGFA -- RET -- TRADD -- ATM -- CHUK -- PPP1R13L -- MAPK9 -- LYN -- IRF1 -- CYCS -- HIP1 -- RNF11 -- PSEN1 -- SOD1 -- HNRNPK -- SMPD1 -- TNIK -- BRCA1 -- EIF4E -- BID -- MCL1 -- PCNA -- TAF1 -- PLAC8 -- DIABLO -- RASSF1
456,TNFRSF1A -- TNFRSF1B -- NFKB1 -- MAPK8 -- STAT1 -- BIRC2 -- BIRC3 -- SIRT1 -- MYC -- TNFAIP3 -- MAPK14 -- PTMA -- RHOA -- TGFB2 -- RAC1 -- MAP2K7 -- MAP3K1 -- IGF1 -- VEGFA -- RET -- TRADD -- TNFRSF10B -- CHUK -- PPP1R13L -- MAPK9 -- LYN -- IRF1 -- CYCS -- CDK4 -- OTUD7B -- RNF11 -- CASP10 -- PSEN1 -- BAD -- SOD1 -- HNRNPK -- RPA4 -- SMPD1 -- TNIK -- PELP1 -- EIF4E -- BID -- FOXM1 -- MCL1 -- PCNA -- TAF1 -- PLAC8 -- DIABLO -- RASSF1 -- RANGAP1
254,TNFRSF1A -- TNFRSF1B -- NFKB1 -- MAPK8 -- STAT1 -- BIRC2 -- BIRC3 -- SIRT1 -- MYC -- RB1 -- TNFAIP3 -- CCND1 -- MAPK14 -- PTMA -- RHOA -- RAC1 -- MAP2K7 -- MAP3K1 -- IGF1 -- RET -- TRADD -- TNFRSF10B -- MDM2 -- CHUK -- PPP1R13L -- MAPK9 -- LYN -- IRF1 -- CYCS -- CDK4 -- OTUD7B -- RNF11 -- CASP10 -- PSEN1 -- BAD -- SOD1 -- HNRNPK -- RPA4 -- SMPD1 -- TNIK -- PELP1 -- EIF4E -- BID -- FOXM1 -- MCL1 -- PCNA -- TAF1 -- DIABLO -- RANGAP1
383,STAT1 -- JUN -- BIRC2 -- BIRC3 -- SIRT1 -- MAPK14 -- TGFB2 -- RAC1 -- MAP2K7 -- MAP3K1 -- VEGFA -- RET -- MAPK1 -- AKT1 -- ATM -- E2F1 -- CHUK -- RPS6KA5 -- PPP1R13L -- MAPK9 -- LYN -- IRF1 -- MYB -- CYCS -- HIP1 -- OTUD7B -- PARP1 -- PSEN1 -- SMPD1 -- CDKN2A -- BBC3 -- BAK1 -- EIF4E -- BID -- RBL1 -- PCNA -- TAF1 -- PLAC8 -- DIABLO -- RASSF1
256,TNFRSF1A -- TNFRSF1B -- MAPK8 -- STAT1 -- JUN -- FOS -- BIRC2 -- SIRT1 -- TNFAIP3 -- TRAF1 -- MAPK14 -- RHOA -- NR3C1 -- TGFB2 -- RAC1 -- MAP2K7 -- MAP3K1 -- VEGFA -- MAP3K14 -- RET -- TRADD -- ATM -- CASP2 -- CHUK -- RPS6KA5 -- PPP1R13L -- MAPK9 -- IRF1 -- EIF4G2 -- MYB -- CYCS -- HIP1 -- RNF11 -- PSEN1 -- SOD1 -- HNRNPK -- SMPD1 -- TNIK -- HTT -- BRCA1 -- CDKN2A -- BID -- MCL1 -- PCNA -- TAF1 -- PLAC8 -- CASP9 -- DIABLO -- APAF1 -- RASSF1
257,TNFRSF1A -- TNFRSF1B -- NFKB1 -- MAPK8 -- JUN -- FOS -- SIRT1 -- RB1 -- TNFAIP3 -- CCND1 -- TRAF1 -- MAPK14 -- RHOA -- RAC1 -- MAP2K7 -- MAP3K1 -- MAP3K14 -- TRADD -- TNFRSF10B -- ATM -- CASP2 -- MDM2 -- CHUK -- RPS6KA5 -- PPP1R13L -- MAPK9 -- IRF1 -- EIF4G2 -- HTRA2 -- MYB -- HIP1 -- CDK4 -- OTUD7B -- RNF11 -- CASP10 -- PSEN1 -- SOD1 -- RPA4 -- SMPD1 -- TNIK -- HTT -- PELP1 -- BAX -- BAK1 -- BID -- FOXM1 -- PCNA -- PLAC8 -- CASP9 -- DIABLO -- APAF1
258,TNFRSF1A -- TNFRSF1B -- MAPK8 -- SIRT1 -- MYC -- TNFAIP3 -- CCND1 -- MAPK14 -- PTMA -- RHOA -- TGFB2 -- RAC1 -- MAP2K7 -- MAP3K1 -- MAP3K14 -- TRADD -- MDM2 -- CHUK -- PPP1R13L -- MAPK9 -- IRF1 -- HTRA2 -- CDK4 -- OTUD7B -- RNF11 -- PSEN1 -- SOD1 -- RPA4 -- CASP7 -- SMPD1 -- TNIK -- PELP1 -- EIF4E -- BID -- FOXM1 -- MCL1 -- PCNA -- TAF1 -- DIABLO -- RANGAP1
259,TNFRSF1A -- TNFRSF1B -- NFKB1 -- MAPK8 -- BIRC2 -- BIRC3 -- SIRT1 -- MYC -- TNFAIP3 -- CCND1 -- MAPK14 -- PTMA -- RHOA -- TGFB2 -- RAC1 -- MAP2K7 -- MAP3K1 -- IGF1 -- VEGFA -- TRADD -- TNFRSF10B -- ATM -- MDM2 -- CHUK -- PPP1R13L -- MAPK9 -- LYN -- IRF1 -- CYCS -- CDK4 -- OTUD7B -- RNF11 -- PSEN1 -- BAD -- SOD1 -- RPA4 -- SMPD1 -- TNIK -- PELP1 -- EIF4E -- BID -- FOXM1 -- MCL1 -- PCNA -- TAF1 -- DIABLO -- RANGAP1
390,TNFRSF1A -- TNFRSF1B -- MAPK8 -- JUN -- FOS -- SIRT1 -- RB1 -- TNFAIP3 -- CCND1 -- TRAF1 -- MAPK14 -- RHOA -- RAC1 -- MAP2K7 -- MAP3K1 -- MAP3K14 -- RET -- TRADD -- TNFRSF10B -- ATM -- CASP2 -- CHUK -- RPS6KA5 -- PPP1R13L -- MAPK9 -- IRF1 -- EIF4G2 -- HTRA2 -- MYB -- HIP1 -- OTUD7B -- RNF11 -- CASP10 -- PSEN1 -- SOD1 -- SMPD1 -- TNIK -- HTT -- BRCA1 -- CDKN2A -- BAX -- BAK1 -- BID -- PCNA -- PLAC8 -- CASP9 -- DIABLO -- APAF1
359,TNFRSF1A -- TNFRSF1B -- MAPK8 -- STAT1 -- BIRC2 -- SIRT1 -- MYC -- TNFAIP3 -- MAPK14 -- PTMA -- RHOA -- NR3C1 -- RAC1 -- MAP2K7 -- MAP3K1 -- VEGFA -- TRADD -- ATM -- MDM2 -- CHUK -- PPP1R13L -- MAPK9 -- LYN -- IRF1 -- CYCS -- CDK4 -- OTUD7B -- RNF11 -- PSEN1 -- SOD1 -- RPA4 -- SMPD1 -- TNIK -- PELP1 -- EIF4E -- BID -- FOXM1 -- MCL1 -- PCNA -- TAF1 -- DIABLO -- RANGAP1
694,TNFRSF1A -- TNFRSF1B -- NFKB1 -- MAPK8 -- SIRT1 -- RB1 -- TNFAIP3 -- CCND1 -- TRAF1 -- MAPK14 -- RHOA -- RAC1 -- MAP2K7 -- MAP3K1 -- TRADD -- TNFRSF10B -- MDM2 -- CHUK -- RPS6KA5 -- PPP1R13L -- MAPK9 -- LYN -- IRF1 -- EIF4G2 -- HTRA2 -- HIP1 -- CDK4 -- OTUD7B -- RNF11 -- CASP10 -- PSEN1 -- SOD1 -- RPA4 -- SMPD1 -- TNIK -- PELP1 -- BAX -- BAK1 -- EIF4E -- BID -- FOXM1 -- PCNA -- PLAC8 -- CASP9 -- DIABLO
543,TNFRSF1A -- TNFRSF1B -- MAPK8 -- STAT1 -- BIRC2 -- SIRT1 -- MYC -- TNFAIP3 -- MAPK14 -- PTMA -- RHOA -- RAC1 -- MAP2K7 -- MAP3K1 -- VEGFA -- RET -- TRADD -- ATM -- CHUK -- PPP1R13L -- MAPK9 -- LYN -- IRF1 -- CYCS -- CDK4 -- RNF11 -- PSEN1 -- BAD -- SOD1 -- HNRNPK -- RPA4 -- SMPD1 -- TNIK -- EIF4E -- BID -- FOXM1 -- MCL1 -- PCNA -- TAF1 -- DIABLO -- RANGAP1
779,TNFRSF1A -- TNFRSF1B -- MAPK8 -- STAT1 -- JUN -- FOS -- BIRC2 -- BIRC3 -- SIRT1 -- TNFAIP3 -- TRAF1 -- MAPK14 -- RHOA -- NR3C1 -- TGFB2 -- RAC1 -- MAP2K7 -- MAP3K1 -- VEGFA -- RET -- TRADD -- ATM -- CASP2 -- CHUK -- RPS6KA5 -- PPP1R13L -- MAPK9 -- IRF1 -- EIF4G2 -- MYB -- CYCS -- HIP1 -- RNF11 -- PSEN1 -- SOD1 -- HNRNPK -- CASP7 -- SMPD1 -- TNIK -- HTT -- BRCA1 -- CDKN2A -- BID -- MCL1 -- PCNA -- TAF1 -- PLAC8 -- CASP9 -- DIABLO -- RASSF1
778,TNFRSF1A -- TNFRSF1B -- NFKB1 -- MAPK8 -- SIRT1 -- RB1 -- TNFAIP3 -- CCND1 -- TRAF1 -- MAPK14 -- RHOA -- RAC1 -- MAP2K7 -- MAP3K1 -- IGF1 -- MAP3K14 -- TRADD -- TNFRSF10B -- ATM -- CASP2 -- MDM2 -- CHUK -- RPS6KA5 -- PPP1R13L -- MAPK9 -- LYN -- IRF1 -- EIF4G2 -- HTRA2 -- HIP1 -- CDK4 -- OTUD7B -- RNF11 -- CASP10 -- PSEN1 -- SOD1 -- RPA4 -- SMPD1 -- TNIK -- HTT -- PELP1 -- BAX -- BAK1 -- BID -- FOXM1 -- PCNA -- DIABLO
266,TNFRSF1A -- TNFRSF1B -- NFKB1 -- MAPK8 -- STAT1 -- JUN -- FOS -- SIRT1 -- RB1 -- TNFAIP3 -- TRAF1 -- MAPK14 -- RHOA -- RAC1 -- MAP2K7 -- MAP3K1 -- MAP3K14 -- TRADD -- TNFRSF10B -- ATM -- CASP2 -- MDM2 -- CHUK -- RPS6KA5 -- PPP1R13L -- MAPK9 -- IRF1 -- EIF4G2 -- HTRA2 -- MYB -- HIP1 -- RNF11 -- CASP10 -- PSEN1 -- SOD1 -- RPA4 -- SMPD1 -- TNIK -- HTT -- CDKN2A -- PELP1 -- BAX -- BAK1 -- BID -- FOXM1 -- PCNA -- PLAC8 -- CASP9 -- DIABLO -- APAF1
656,TNFRSF1A -- TNFRSF1B -- NFKB1 -- MAPK8 -- BIRC2 -- BIRC3 -- SIRT1 -- MYC -- RB1 -- TNFAIP3 -- CCND1 -- MAPK14 -- PTMA -- RHOA -- RAC1 -- MAP2K7 -- MAP3K1 -- TRADD -- TNFRSF10B -- MDM2 -- CHUK -- PPP1R13L -- MAPK9 -- LYN -- IRF1 -- HTRA2 -- CYCS -- CDK4 -- OTUD7B -- RNF11 -- CASP10 -- PSEN1 -- SOD1 -- SMPD1 -- TNIK -- PELP1 -- BAX -- EIF4E -- BID -- FOXM1 -- PCNA -- TAF1 -- DIABLO -- RANGAP1
689,TNFRSF1A -- TNFRSF1B -- MAPK8 -- STAT1 -- JUN -- FOS -- BIRC2 -- SIRT1 -- TNFAIP3 -- TRAF1 -- MAPK14 -- RHOA -- RAC1 -- MAP2K7 -- MAP3K1 -- VEGFA -- MAP3K14 -- RET -- TRADD -- ATM -- CASP2 -- CHUK -- RPS6KA5 -- PPP1R13L -- MAPK9 -- IRF1 -- EIF4G2 -- HIP1 -- CDK4 -- OTUD7B -- RNF11 -- CASP10 -- PSEN1 -- SOD1 -- HNRNPK -- RPA4 -- SMPD1 -- TNIK -- HTT -- CDKN2A -- PELP1 -- BID -- FOXM1 -- MCL1 -- PCNA -- TAF1 -- PLAC8 -- CASP9 -- DIABLO -- APAF1
269,TNFRSF1A -- TNFRSF1B -- MAPK8 -- SIRT1 -- RB1 -- TNFAIP3 -- CCND1 -- TRAF1 -- MAPK14 -- RHOA -- TGFB2 -- RAC1 -- MAP2K7 -- MAP3K1 -- MAP3K14 -- TRADD -- ATM -- CASP2 -- MDM2 -- CHUK -- RPS6KA5 -- PPP1R13L -- MAPK9 -- LYN -- IRF1 -- EIF4G2 -- HTRA2 -- MYB -- HIP1 -- CDK4 -- OTUD7B -- RNF11 -- CASP10 -- PSEN1 -- SOD1 -- HNRNPK -- RPA4 -- SMPD1 -- TNIK -- HTT -- PELP1 -- BAX -- BAK1 -- BID -- FOXM1 -- PCNA -- PLAC8 -- CASP9 -- DIABLO -- APAF1
755,TNFRSF1A -- TNFRSF1B -- MAPK8 -- STAT1 -- JUN -- BIRC2 -- BIRC3 -- SIRT1 -- TNFAIP3 -- TRAF1 -- MAPK14 -- RHOA -- NR3C1 -- TGFB2 -- RAC1 -- MAP2K7 -- MAP3K1 -- VEGFA -- RET -- TRADD -- ATM -- CHUK -- RPS6KA5 -- PPP1R13L -- MAPK9 -- LYN -- IRF1 -- EIF4G2 -- MYB -- CYCS -- HIP1 -- RNF11 -- PSEN1 -- SOD1 -- HNRNPK -- SMPD1 -- TNIK -- BRCA1 -- CDKN2A -- BID -- MCL1 -- PCNA -- TAF1 -- PLAC8 -- DIABLO -- RASSF1
271,TNFRSF1A -- TNFRSF1B -- MAPK8 -- STAT1 -- JUN -- BIRC2 -- BIRC3 -- SIRT1 -- TNFAIP3 -- TRAF1 -- MAPK14 -- RHOA -- NR3C1 -- TGFB2 -- RAC1 -- MAP2K7 -- MAP3K1 -- VEGFA -- RET -- TRADD -- ATM -- CHUK -- RPS6KA5 -- PPP1R13L -- MAPK9 -- LYN -- IRF1 -- MYB -- CYCS -- HIP1 -- RNF11 -- PSEN1 -- SOD1 -- HNRNPK -- SMPD1 -- TNIK -- BRCA1 -- CDKN2A -- BID -- MCL1 -- PCNA -- TAF1 -- PLAC8 -- DIABLO -- RASSF1
735,TNFRSF1A -- TNFRSF1B -- MAPK8 -- STAT1 -- JUN -- FOS -- SIRT1 -- TNFAIP3 -- TRAF1 -- MAPK14 -- RHOA -- NR3C1 -- TGFB2 -- RAC1 -- MAP2K7 -- MAP3K1 -- VEGFA -- MAP3K14 -- RET -- TRADD -- ATM -- CASP2 -- CHUK -- RPS6KA5 -- PPP1R13L -- MAPK9 -- IRF1 -- EIF4G2 -- HTRA2 -- MYB -- HIP1 -- RNF11 -- PSEN1 -- SOD1 -- HNRNPK -- CASP7 -- SMPD1 -- TNIK -- HTT -- BRCA1 -- CDKN2A -- BID -- MCL1 -- PCNA -- TAF1 -- PLAC8 -- CASP9 -- DIABLO -- APAF1 -- RASSF1
273,TNFRSF1A -- TNFRSF1B -- MAPK8 -- STAT1 -- BIRC2 -- SIRT1 -- MYC -- TNFAIP3 -- MAPK14 -- PTMA -- RHOA -- NR3C1 -- RAC1 -- MAP2K7 -- MAP3K1 -- VEGFA -- TRADD -- MDM2 -- CHUK -- PPP1R13L -- MAPK9 -- LYN -- IRF1 -- CYCS -- CDK4 -- OTUD7B -- RNF11 -- PSEN1 -- BAD -- SOD1 -- RPA4 -- SMPD1 -- TNIK -- PELP1 -- BID -- FOXM1 -- MCL1 -- PCNA -- TAF1 -- DIABLO -- RANGAP1
610,TNFRSF1A -- TNFRSF1B -- MAPK8 -- STAT1 -- JUN -- FOS -- SIRT1 -- RB1 -- TNFAIP3 -- TRAF1 -- MAPK14 -- RHOA -- NR3C1 -- RAC1 -- MAP2K7 -- MAP3K1 -- VEGFA -- MAP3K14 -- TRADD -- TNFRSF10B -- ATM -- CASP2 -- CHUK -- RPS6KA5 -- PPP1R13L -- MAPK9 -- IRF1 -- EIF4G2 -- HTRA2 -- MYB -- HIP1 -- RNF11 -- CASP10 -- PSEN1 -- SOD1 -- SMPD1 -- TNIK -- HTT -- BRCA1 -- CDKN2A -- BAX -- BAK1 -- BID -- FOXM1 -- PCNA -- PLAC8 -- CASP9 -- DIABLO -- APAF1 -- RASSF1
275,TNFRSF1A -- TNFRSF1B -- NFKB1 -- MAPK8 -- SIRT1 -- RB1 -- TNFAIP3 -- CCND1 -- TRAF1 -- MAPK14 -- RHOA -- RAC1 -- MAP2K7 -- MAP3K1 -- IGF1 -- MAP3K14 -- TRADD -- TNFRSF10B -- CASP2 -- MDM2 -- CHUK -- RPS6KA5 -- PPP1R13L -- MAPK9 -- IRF1 -- EIF4G2 -- HTRA2 -- HIP1 -- CDK4 -- OTUD7B -- RNF11 -- CASP10 -- PSEN1 -- SOD1 -- RPA4 -- SMPD1 -- TNIK -- HTT -- PELP1 -- BAX -- BAK1 -- BID -- FOXM1 -- PCNA -- PLAC8 -- CASP9 -- DIABLO
714,TNFRSF1A -- TNFRSF1B -- MAPK8 -- STAT1 -- BIRC2 -- BIRC3 -- SIRT1 -- MYC -- TNFAIP3 -- TRAF1 -- MAPK14 -- PTMA -- RHOA -- NR3C1 -- TGFB2 -- RAC1 -- MAP2K7 -- MAP3K1 -- VEGFA -- RET -- TRADD -- CHUK -- RPS6KA5 -- PPP1R13L -- MAPK9 -- LYN -- IRF1 -- CYCS -- HIP1 -- CDK4 -- OTUD7B -- RNF11 -- PSEN1 -- SOD1 -- HNRNPK -- RPA4 -- SMPD1 -- TNIK -- BAK1 -- EIF4E -- BID -- TFDP1 -- PCNA -- TAF1 -- PLAC8 -- DIABLO -- RASSF1
277,TNFRSF1A -- TNFRSF1B -- MAPK8 -- STAT1 -- FOS -- BIRC2 -- SIRT1 -- MYC -- TNFAIP3 -- MAPK14 -- RHOA -- TGFB2 -- RAC1 -- MAP2K7 -- MAP3K1 -- VEGFA -- RET -- TRADD -- ATM -- CHUK -- PPP1R13L -- MAPK9 -- LYN -- IRF1 -- CYCS -- HIP1 -- RNF11 -- PSEN1 -- SOD1 -- HNRNPK -- SMPD1 -- TNIK -- HTT -- BRCA1 -- CDKN2A -- EIF4E -- BID -- MCL1 -- PCNA -- TAF1 -- PLAC8 -- DIABLO -- RASSF1 -- RANGAP1
278,TNFRSF1A -- TNFRSF1B -- NFKB1 -- MAPK8 -- JUN -- FOS -- SIRT1 -- RB1 -- TNFAIP3 -- TRAF1 -- MAPK14 -- RHOA -- RAC1 -- MAP2K7 -- MAP3K1 -- MAP3K14 -- TRADD -- TNFRSF10B -- ATM -- CASP2 -- MDM2 -- CHUK -- RPS6KA5 -- PPP1R13L -- MAPK9 -- IRF1 -- EIF4G2 -- HTRA2 -- MYB -- HIP1 -- CDK4 -- OTUD7B -- RNF11 -- CASP10 -- PSEN1 -- SOD1 -- RPA4 -- SMPD1 -- TNIK -- HTT -- CDKN2A -- PELP1 -- BAX -- BAK1 -- BID -- FOXM1 -- PCNA -- PLAC8 -- CASP9 -- DIABLO -- APAF1
279,TNFRSF1A -- TNFRSF1B -- MAPK8 -- STAT1 -- JUN -- FOS -- SIRT1 -- TNFAIP3 -- TRAF1 -- MAPK14 -- RHOA -- TGFB2 -- RAC1 -- MAP2K7 -- MAP3K1 -- VEGFA -- MAP3K14 -- RET -- TRADD -- ATM -- CASP2 -- CHUK -- RPS6KA5 -- PPP1R13L -- MAPK9 -- IRF1 -- EIF4G2 -- HTRA2 -- MYB -- HIP1 -- RNF11 -- PSEN1 -- SOD1 -- HNRNPK -- CASP7 -- SMPD1 -- TNIK -- HTT -- BRCA1 -- CDKN2A -- BID -- MCL1 -- PCNA -- TAF1 -- PLAC8 -- CASP9 -- DIABLO -- APAF1 -- RASSF1
791,TNFRSF1A -- TNFRSF1B -- MAPK8 -- BIRC2 -- BIRC3 -- SIRT1 -- MYC -- TNFAIP3 -- CCND1 -- MAPK14 -- PTMA -- RHOA -- RAC1 -- MAP2K7 -- MAP3K1 -- IGF1 -- TRADD -- MDM2 -- CHUK -- PPP1R13L -- MAPK9 -- LYN -- IRF1 -- CYCS -- CDK4 -- OTUD7B -- RNF11 -- PSEN1 -- SOD1 -- HNRNPK -- RPA4 -- SMPD1 -- TNIK -- PELP1 -- EIF4E -- BID -- FOXM1 -- PCNA -- TAF1 -- DIABLO -- RANGAP1
437,NFKB1 -- STAT1 -- BIRC3 -- SIRT1 -- TNFAIP3 -- TRAF1 -- MAPK14 -- TGFB2 -- RAC1 -- MAP2K7 -- MAP3K1 -- IGF1 -- VEGFA -- TRADD -- MAPK1 -- TNFRSF10B -- AKT1 -- E2F1 -- CHUK -- RPS6KA5 -- PPP1R13L -- MAPK9 -- LYN -- IRF1 -- CYCS -- HIP1 -- CDK4 -- OTUD7B -- PARP1 -- PSEN1 -- RPA4 -- SMPD1 -- TNIK -- PELP1 -- BAK1 -- EIF4E -- BID -- FOXM1 -- CTBP1 -- RBL1 -- PCNA -- TAF1 -- PLAC8 -- DIABLO
282,TNFRSF1A -- TNFRSF1B -- MAPK8 -- STAT1 -- JUN -- FOS -- SIRT1 -- RB1 -- TNFAIP3 -- TRAF1 -- MAPK14 -- RHOA -- NR3C1 -- RAC1 -- MAP2K7 -- MAP3K1 -- MAP3K14 -- RET -- TRADD -- ATM -- CASP2 -- CHUK -- RPS6KA5 -- PPP1R13L -- MAPK9 -- IRF1 -- EIF4G2 -- HTRA2 -- MYB -- HIP1 -- RNF11 -- PSEN1 -- SOD1 -- HNRNPK -- SMPD1 -- TNIK -- HTT -- CDKN2A -- BAK1 -- BID -- PCNA -- PLAC8 -- CASP9 -- DIABLO -- APAF1 -- RASSF1
283,TNFRSF1A -- TNFRSF1B -- MAPK8 -- STAT1 -- JUN -- FOS -- SIRT1 -- RB1 -- TNFAIP3 -- TRAF1 -- MAPK14 -- RHOA -- RAC1 -- MAP2K7 -- MAP3K1 -- MAP3K14 -- RET -- TRADD -- CASP2 -- CHUK -- RPS6KA5 -- PPP1R13L -- MAPK9 -- IRF1 -- HTRA2 -- MYB -- HIP1 -- RNF11 -- CASP10 -- PSEN1 -- SOD1 -- RPA4 -- SMPD1 -- TNIK -- HTT -- BRCA1 -- CDKN2A -- BAX -- BAK1 -- EIF4E -- BID -- PCNA -- PLAC8 -- CASP9 -- DIABLO -- APAF1
284,TNFRSF1A -- TNFRSF1B -- MAPK8 -- JUN -- FOS -- SIRT1 -- TNFAIP3 -- TRAF1 -- MAPK14 -- RHOA -- NR3C1 -- TGFB2 -- RAC1 -- MAP2K7 -- MAP3K1 -- VEGFA -- MAP3K14 -- RET -- TRADD -- ATM -- CASP2 -- CHUK -- RPS6KA5 -- PPP1R13L -- MAPK9 -- IRF1 -- EIF4G2 -- HTRA2 -- MYB -- HIP1 -- RNF11 -- PSEN1 -- SOD1 -- HNRNPK -- SMPD1 -- TNIK -- HTT -- BRCA1 -- CDKN2A -- BID -- MCL1 -- PCNA -- TAF1 -- PLAC8 -- CASP9 -- DIABLO -- APAF1 -- RASSF1
547,TNFRSF1A -- TNFRSF1B -- NFKB1 -- MAPK8 -- STAT1 -- BIRC2 -- SIRT1 -- MYC -- TNFAIP3 -- TRAF1 -- MAPK14 -- PTMA -- RHOA -- TGFB2 -- RAC1 -- MAP2K7 -- MAP3K1 -- VEGFA -- RET -- TRADD -- TNFRSF10B -- ATM -- CHUK -- PPP1R13L -- MAPK9 -- LYN -- IRF1 -- CYCS -- CDK4 -- OTUD7B -- RNF11 -- PSEN1 -- BAD -- SOD1 -- HNRNPK -- RPA4 -- SMPD1 -- TNIK -- BRCA1 -- PELP1 -- EIF4E -- BID -- FOXM1 -- MCL1 -- PCNA -- TAF1 -- DIABLO -- RASSF1 -- RANGAP1
286,TNFRSF1A -- TNFRSF1B -- MAPK8 -- STAT1 -- JUN -- FOS -- BIRC2 -- BIRC3 -- SIRT1 -- TNFAIP3 -- TRAF1 -- MAPK14 -- RHOA -- NR3C1 -- TGFB2 -- RAC1 -- MAP2K7 -- MAP3K1 -- VEGFA -- RET -- TRADD -- ATM -- CHUK -- RPS6KA5 -- PPP1R13L -- MAPK9 -- IRF1 -- EIF4G2 -- MYB -- CYCS -- HIP1 -- RNF11 -- PSEN1 -- SOD1 -- HNRNPK -- SMPD1 -- TNIK -- HTT -- BRCA1 -- CDKN2A -- BID -- MCL1 -- PCNA -- TAF1 -- PLAC8 -- CASP9 -- DIABLO -- RASSF1
287,TNFRSF1A -- TNFRSF1B -- NFKB1 -- MAPK8 -- BIRC2 -- SIRT1 -- RB1 -- TNFAIP3 -- CCND1 -- TRAF1 -- MAPK14 -- PTMA -- RHOA -- RAC1 -- MAP2K7 -- MAP3K1 -- IGF1 -- TRADD -- TNFRSF10B -- ATM -- MDM2 -- CHUK -- RPS6KA5 -- PPP1R13L -- MAPK9 -- LYN -- IRF1 -- EIF4G2 -- HTRA2 -- CYCS -- CDK4 -- OTUD7B -- RNF11 -- CASP10 -- PSEN1 -- SOD1 -- RPA4 -- SMPD1 -- TNIK -- PELP1 -- BAK1 -- BID -- FOXM1 -- PCNA -- DIABLO
663,TNFRSF1A -- TNFRSF1B -- NFKB1 -- MAPK8 -- SIRT1 -- RB1 -- TNFAIP3 -- CCND1 -- TRAF1 -- MAPK14 -- RHOA -- RAC1 -- MAP2K7 -- MAP3K1 -- IGF1 -- MAP3K14 -- RET -- TRADD -- TNFRSF10B -- ATM -- CASP2 -- MDM2 -- CHUK -- RPS6KA5 -- PPP1R13L -- MAPK9 -- IRF1 -- EIF4G2 -- HTRA2 -- HIP1 -- CDK4 -- OTUD7B -- RNF11 -- CASP10 -- PSEN1 -- SOD1 -- RPA4 -- SMPD1 -- TNIK -- HTT -- PELP1 -- BAK1 -- BID -- FOXM1 -- PCNA -- PLAC8 -- CASP9 -- DIABLO -- APAF1
289,TNFRSF1A -- TNFRSF1B -- MAPK8 -- STAT1 -- JUN -- SIRT1 -- RB1 -- TNFAIP3 -- TRAF1 -- MAPK14 -- RHOA -- NR3C1 -- RAC1 -- MAP2K7 -- MAP3K1 -- MAP3K14 -- TRADD -- TNFRSF10B -- ATM -- CASP2 -- CHUK -- RPS6KA5 -- PPP1R13L -- MAPK9 -- IRF1 -- EIF4G2 -- HTRA2 -- MYB -- HIP1 -- RNF11 -- CASP10 -- PSEN1 -- SOD1 -- HNRNPK -- SMPD1 -- TNIK -- HTT -- BRCA1 -- CDKN2A -- BAX -- BAK1 -- BID -- PCNA -- PLAC8 -- CASP9 -- DIABLO -- APAF1 -- RASSF1
418,TNFRSF1A -- TNFRSF1B -- MAPK8 -- STAT1 -- BIRC2 -- SIRT1 -- MYC -- TNFAIP3 -- MAPK14 -- PTMA -- RHOA -- NR3C1 -- RAC1 -- MAP2K7 -- MAP3K1 -- VEGFA -- RET -- TRADD -- ATM -- MDM2 -- CHUK -- RPS6KA5 -- PPP1R13L -- MAPK9 -- LYN -- IRF1 -- CYCS -- CDK4 -- OTUD7B -- RNF11 -- PSEN1 -- SOD1 -- RPA4 -- SMPD1 -- TNIK -- PELP1 -- EIF4E -- BID -- FOXM1 -- MCL1 -- PCNA -- TAF1 -- PLAC8 -- DIABLO -- RANGAP1
515,STAT1 -- FOS -- BIRC2 -- BIRC3 -- MAPK14 -- TGFB2 -- RAC1 -- MAP2K7 -- MAP3K1 -- VEGFA -- RET -- MAPK1 -- AKT1 -- ATM -- CHUK -- RPS6KA5 -- PPP1R13L -- MAPK9 -- IRF1 -- MYB -- CYCS -- HIP1 -- CDK4 -- OTUD7B -- PARP1 -- PSEN1 -- HNRNPK -- RPA4 -- SMPD1 -- BBC3 -- PELP1 -- BAK1 -- EIF4E -- BID -- FOXM1 -- CTBP1 -- RBL1 -- PCNA -- TAF1 -- PLAC8 -- DIABLO
292,TNFRSF1A -- TNFRSF1B -- MAPK8 -- JUN -- BIRC2 -- BIRC3 -- SIRT1 -- TNFAIP3 -- MAPK14 -- RHOA -- TGFB2 -- RAC1 -- MAP2K7 -- MAP3K1 -- IGF1 -- VEGFA -- MAP3K14 -- TRADD -- ATM -- CASP2 -- CHUK -- RPS6KA5 -- PPP1R13L -- MAPK9 -- IRF1 -- EIF4G2 -- MYB -- CYCS -- OTUD7B -- RNF11 -- PSEN1 -- BAD -- SOD1 -- SMPD1 -- TNIK -- HTT -- BRCA1 -- CDKN2A -- PELP1 -- BID -- FOXM1 -- MCL1 -- PCNA -- TAF1 -- DIABLO -- RANGAP1
293,TNFRSF1A -- TNFRSF1B -- MAPK8 -- STAT1 -- JUN -- FOS -- BIRC2 -- BIRC3 -- SIRT1 -- TNFAIP3 -- TRAF1 -- MAPK14 -- RHOA -- NR3C1 -- TGFB2 -- RAC1 -- MAP2K7 -- MAP3K1 -- VEGFA -- RET -- TRADD -- ATM -- CASP2 -- CHUK -- RPS6KA5 -- PPP1R13L -- MAPK9 -- IRF1 -- EIF4G2 -- MYB -- CYCS -- HIP1 -- RNF11 -- PSEN1 -- SOD1 -- HNRNPK -- CASP7 -- SMPD1 -- TNIK -- HTT -- BRCA1 -- CDKN2A -- BID -- MCL1 -- PCNA -- TAF1 -- PLAC8 -- DIABLO -- RASSF1
294,STAT1 -- FOS -- BIRC3 -- MAPK14 -- TGFB2 -- RAC1 -- MAP2K7 -- MAP3K1 -- VEGFA -- RET -- MAPK1 -- AKT1 -- ATM -- E2F1 -- CHUK -- RPS6KA5 -- PPP1R13L -- MAPK9 -- LYN -- IRF1 -- MYB -- CYCS -- HIP1 -- OTUD7B -- PSEN1 -- RPA4 -- CDKN2A -- BAK1 -- BID -- CTBP1 -- PCNA -- TAF1 -- PLAC8 -- DIABLO
295,TNFRSF1A -- TNFRSF1B -- MAPK8 -- STAT1 -- BIRC2 -- BIRC3 -- SIRT1 -- TNFAIP3 -- TRAF1 -- MAPK14 -- RHOA -- NR3C1 -- TGFB2 -- RAC1 -- MAP2K7 -- MAP3K1 -- VEGFA -- RET -- TRADD -- ATM -- CHUK -- RPS6KA5 -- PPP1R13L -- MAPK9 -- LYN -- IRF1 -- CYCS -- HIP1 -- RNF11 -- PSEN1 -- SOD1 -- HNRNPK -- SMPD1 -- TNIK -- BRCA1 -- CDKN2A -- EIF4E -- BID -- MCL1 -- PCNA -- TAF1 -- PLAC8 -- DIABLO -- RASSF1
601,TNFRSF1A -- TNFRSF1B -- MAPK8 -- STAT1 -- JUN -- FOS -- BIRC2 -- BIRC3 -- SIRT1 -- TNFAIP3 -- TRAF1 -- MAPK14 -- RHOA -- NR3C1 -- TGFB2 -- RAC1 -- MAP2K7 -- MAP3K1 -- VEGFA -- RET -- TRADD -- ATM -- CASP2 -- CHUK -- RPS6KA5 -- PPP1R13L -- MAPK9 -- IRF1 -- EIF4G2 -- MYB -- CYCS -- HIP1 -- RNF11 -- PSEN1 -- SOD1 -- HNRNPK -- SMPD1 -- TNIK -- HTT -- BRCA1 -- CDKN2A -- BID -- MCL1 -- PCNA -- TAF1 -- PLAC8 -- DIABLO -- RASSF1
660,TNFRSF1A -- TNFRSF1B -- NFKB1 -- MAPK8 -- JUN -- FOS -- SIRT1 -- RB1 -- TNFAIP3 -- CCND1 -- TRAF1 -- MAPK14 -- RHOA -- RAC1 -- MAP2K7 -- MAP3K1 -- MAP3K14 -- TRADD -- TNFRSF10B -- CASP2 -- CHUK -- RPS6KA5 -- PPP1R13L -- MAPK9 -- IRF1 -- EIF4G2 -- HTRA2 -- MYB -- HIP1 -- OTUD7B -- RNF11 -- CASP10 -- PSEN1 -- SOD1 -- RPA4 -- SMPD1 -- TNIK -- HTT -- CDKN2A -- PELP1 -- BAX -- BAK1 -- BID -- FOXM1 -- PCNA -- PLAC8 -- CASP9 -- DIABLO -- APAF1
298,TNFRSF1A -- TNFRSF1B -- MAPK8 -- JUN -- SIRT1 -- RB1 -- TNFAIP3 -- TRAF1 -- MAPK14 -- RHOA -- RAC1 -- MAP2K7 -- MAP3K1 -- MAP3K14 -- TRADD -- TNFRSF10B -- ATM -- CASP2 -- MDM2 -- CHUK -- RPS6KA5 -- PPP1R13L -- MAPK9 -- IRF1 -- EIF4G2 -- HTRA2 -- MYB -- HIP1 -- CDK4 -- OTUD7B -- RNF11 -- CASP10 -- PSEN1 -- SOD1 -- RPA4 -- SMPD1 -- TNIK -- HTT -- CDKN2A -- PELP1 -- BAX -- BAK1 -- BID -- FOXM1 -- PCNA -- PLAC8 -- CASP9 -- DIABLO -- APAF1
479,TNFRSF1A -- TNFRSF1B -- NFKB1 -- MAPK8 -- FASLG -- RB1 -- TNFAIP3 -- TRAF1 -- MAPK14 -- RHOA -- RAC1 -- MAP2K7 -- MAP3K1 -- IGF1 -- VEGFA -- MAP3K14 -- TRADD -- TNFRSF10B -- CASP2 -- MDM2 -- CHUK -- RPS6KA5 -- PPP1R13L -- MAPK9 -- LYN -- IRF1 -- EIF4G2 -- HIP1 -- CDK4 -- OTUD7B -- RNF11 -- CASP10 -- PARP1 -- PSEN1 -- SOD1 -- RPA4 -- SMPD1 -- TNIK -- HTT -- PELP1 -- BAX -- BAK1 -- BID -- FOXM1 -- PCNA -- PLAC8 -- CASP9 -- DIABLO -- APAF1
300,TNFRSF1A -- TNFRSF1B -- NFKB1 -- MAPK8 -- SIRT1 -- RB1 -- TNFAIP3 -- CCND1 -- TRAF1 -- MAPK14 -- RHOA -- RAC1 -- MAP2K7 -- MAP3K1 -- MAP3K14 -- TRADD -- TNFRSF10B -- ATM -- CASP2 -- MDM2 -- CHUK -- RPS6KA5 -- PPP1R13L -- MAPK9 -- LYN -- IRF1 -- EIF4G2 -- HTRA2 -- HIP1 -- CDK4 -- OTUD7B -- RNF11 -- CASP10 -- PSEN1 -- SOD1 -- RPA4 -- SMPD1 -- TNIK -- HTT -- PELP1 -- BAX -- BAK1 -- BID -- FOXM1 -- PCNA -- PLAC8 -- CASP9 -- DIABLO -- APAF1
301,TNFRSF1A -- TNFRSF1B -- MAPK8 -- STAT1 -- BIRC2 -- BIRC3 -- SIRT1 -- TNFAIP3 -- TRAF1 -- MAPK14 -- RHOA -- NR3C1 -- RAC1 -- MAP2K7 -- MAP3K1 -- VEGFA -- RET -- TRADD -- ATM -- CHUK -- RPS6KA5 -- PPP1R13L -- MAPK9 -- LYN -- IRF1 -- MYB -- CYCS -- HIP1 -- RNF11 -- PSEN1 -- SOD1 -- HNRNPK -- SMPD1 -- TNIK -- BRCA1 -- CDKN2A -- EIF4E -- BID -- MCL1 -- PCNA -- TAF1 -- PLAC8 -- DIABLO -- RASSF1
302,TNFRSF1A -- NFKB1 -- MAPK8 -- SIRT1 -- MYC -- TNFAIP3 -- CCND1 -- MAPK14 -- PTMA -- TGFB2 -- RAC1 -- MAP2K7 -- MAP3K1 -- MAP3K14 -- TRADD -- TRAF2 -- TNFRSF10B -- DAB2IP -- E2F1 -- MDM2 -- CHUK -- PPP1R13L -- MAPK9 -- LYN -- HTRA2 -- CDK4 -- OTUD7B -- RNF11 -- CASP10 -- PARP1 -- PSEN1 -- SOD1 -- RPA4 -- CASP7 -- SMPD1 -- TNIK -- PELP1 -- BAX -- BAK1 -- EIF4E -- BID -- PCNA -- TAF1 -- PLAC8 -- DIABLO -- APAF1 -- RANGAP1
614,TNFRSF1A -- TNFRSF1B -- NFKB1 -- MAPK8 -- BIRC2 -- SIRT1 -- RB1 -- TNFAIP3 -- CCND1 -- MAPK14 -- RHOA -- RAC1 -- MAP2K7 -- MAP3K1 -- TRADD -- TNFRSF10B -- MDM2 -- CHUK -- PPP1R13L -- MAPK9 -- LYN -- IRF1 -- HTRA2 -- CDK4 -- OTUD7B -- RNF11 -- CASP10 -- PSEN1 -- SOD1 -- RPA4 -- SMPD1 -- TNIK -- PELP1 -- BAX -- BAK1 -- EIF4E -- BID -- FOXM1 -- PCNA -- PLAC8 -- DIABLO -- RANGAP1
553,TNFRSF1A -- TNFRSF1B -- MAPK8 -- STAT1 -- JUN -- FOS -- SIRT1 -- TNFAIP3 -- TRAF1 -- MAPK14 -- RHOA -- NR3C1 -- TGFB2 -- RAC1 -- MAP2K7 -- MAP3K1 -- VEGFA -- MAP3K14 -- RET -- TRADD -- ATM -- CASP2 -- CHUK -- RPS6KA5 -- PPP1R13L -- MAPK9 -- IRF1 -- EIF4G2 -- HTRA2 -- MYB -- HIP1 -- RNF11 -- PSEN1 -- SOD1 -- HNRNPK -- CASP7 -- SMPD1 -- TNIK -- HTT -- BRCA1 -- CDKN2A -- BID -- MCL1 -- PCNA -- TAF1 -- PLAC8 -- CASP9 -- DIABLO -- APAF1 -- RASSF1
305,TNFRSF1A -- TNFRSF1B -- MAPK8 -- STAT1 -- BIRC2 -- SIRT1 -- MYC -- TNFAIP3 -- TRAF1 -- MAPK14 -- RHOA -- RAC1 -- MAP2K7 -- MAP3K1 -- VEGFA -- RET -- TRADD -- ATM -- CHUK -- RPS6KA5 -- PPP1R13L -- MAPK9 -- LYN -- IRF1 -- EIF4G2 -- CYCS -- RNF11 -- PSEN1 -- SOD1 -- HNRNPK -- SMPD1 -- TNIK -- HTT -- BRCA1 -- CDKN2A -- BID -- MCL1 -- PCNA -- TAF1 -- DIABLO -- RASSF1
620,TNFRSF1A -- TNFRSF1B -- MAPK8 -- STAT1 -- JUN -- FOS -- BIRC2 -- BIRC3 -- SIRT1 -- TNFAIP3 -- TRAF1 -- MAPK14 -- RHOA -- NR3C1 -- TGFB2 -- RAC1 -- MAP2K7 -- MAP3K1 -- VEGFA -- RET -- TRADD -- ATM -- CASP2 -- CHUK -- RPS6KA5 -- PPP1R13L -- MAPK9 -- IRF1 -- EIF4G2 -- MYB -- HIP1 -- RNF11 -- PSEN1 -- SOD1 -- HNRNPK -- SMPD1 -- TNIK -- HTT -- BRCA1 -- CDKN2A -- BID -- MCL1 -- PCNA -- TAF1 -- PLAC8 -- DIABLO -- RASSF1
790,TNFRSF1A -- TNFRSF1B -- MAPK8 -- STAT1 -- BIRC2 -- BIRC3 -- SIRT1 -- MYC -- TNFAIP3 -- TRAF1 -- MAPK14 -- RHOA -- NR3C1 -- TGFB2 -- RAC1 -- MAP2K7 -- MAP3K1 -- VEGFA -- RET -- TRADD -- ATM -- CHUK -- RPS6KA5 -- PPP1R13L -- MAPK9 -- LYN -- IRF1 -- MYB -- CYCS -- HIP1 -- CDK4 -- RNF11 -- PSEN1 -- SOD1 -- HNRNPK -- SMPD1 -- TNIK -- BRCA1 -- EIF4E -- BID -- MCL1 -- PCNA -- TAF1 -- PLAC8 -- DIABLO -- RASSF1
308,TNFRSF1A -- TNFRSF1B -- MAPK8 -- JUN -- FOS -- BIRC2 -- SIRT1 -- TNFAIP3 -- TRAF1 -- MAPK14 -- RHOA -- NR3C1 -- RAC1 -- MAP2K7 -- MAP3K1 -- VEGFA -- MAP3K14 -- TRADD -- ATM -- CHUK -- RPS6KA5 -- PPP1R13L -- MAPK9 -- IRF1 -- EIF4G2 -- MYB -- HIP1 -- RNF11 -- PSEN1 -- SOD1 -- HNRNPK -- SMPD1 -- TNIK -- HTT -- BRCA1 -- CDKN2A -- BID -- MCL1 -- PCNA -- TAF1 -- PLAC8 -- CASP9 -- DIABLO -- APAF1 -- RASSF1
309,TNFRSF1A -- TNFRSF1B -- MAPK8 -- STAT1 -- JUN -- FOS -- BIRC3 -- SIRT1 -- TNFAIP3 -- TRAF1 -- MAPK14 -- RHOA -- TGFB2 -- RAC1 -- MAP2K7 -- MAP3K1 -- VEGFA -- MAP3K14 -- RET -- TRADD -- ATM -- CASP2 -- CHUK -- RPS6KA5 -- PPP1R13L -- MAPK9 -- IRF1 -- EIF4G2 -- MYB -- CYCS -- HIP1 -- RNF11 -- PSEN1 -- SOD1 -- HNRNPK -- CASP7 -- SMPD1 -- TNIK -- HTT -- BRCA1 -- CDKN2A -- BID -- MCL1 -- PCNA -- TAF1 -- PLAC8 -- CASP9 -- DIABLO -- RASSF1
434,TNFRSF1A -- TNFRSF1B -- NFKB1 -- MAPK8 -- SIRT1 -- RB1 -- TNFAIP3 -- CCND1 -- TRAF1 -- MAPK14 -- RHOA -- RAC1 -- MAP2K7 -- MAP3K1 -- TRADD -- TNFRSF10B -- ATM -- MDM2 -- CHUK -- RPS6KA5 -- PPP1R13L -- MAPK9 -- LYN -- IRF1 -- HTRA2 -- CYCS -- HIP1 -- CDK4 -- OTUD7B -- RNF11 -- CASP10 -- PSEN1 -- SOD1 -- RPA4 -- SMPD1 -- TNIK -- PELP1 -- BAX -- BAK1 -- EIF4E -- BID -- FOXM1 -- PCNA -- PLAC8 -- DIABLO
311,TNFRSF1A -- TNFRSF1B -- NFKB1 -- MAPK8 -- STAT1 -- BIRC2 -- BIRC3 -- SIRT1 -- MYC -- TNFAIP3 -- MAPK14 -- PTMA -- RHOA -- RAC1 -- MAP2K7 -- MAP3K1 -- VEGFA -- TRADD -- TNFRSF10B -- MDM2 -- CHUK -- PPP1R13L -- MAPK9 -- LYN -- IRF1 -- MYB -- CYCS -- CDK4 -- OTUD7B -- RNF11 -- PSEN1 -- BAD -- SOD1 -- RPA4 -- SMPD1 -- TNIK -- BRCA1 -- BID -- FOXM1 -- MCL1 -- PCNA -- TAF1 -- PLAC8 -- DIABLO -- RANGAP1
701,TNFRSF1A -- TNFRSF1B -- MAPK8 -- BIRC2 -- SIRT1 -- RB1 -- TNFAIP3 -- CCND1 -- TRAF1 -- MAPK14 -- RHOA -- RAC1 -- MAP2K7 -- MAP3K1 -- TRADD -- MDM2 -- CHUK -- PPP1R13L -- MAPK9 -- LYN -- IRF1 -- CYCS -- CDK4 -- OTUD7B -- RNF11 -- PSEN1 -- SOD1 -- HNRNPK -- RPA4 -- SMPD1 -- TNIK -- PELP1 -- BAX -- BAK1 -- EIF4E -- BID -- FOXM1 -- PCNA -- PLAC8 -- DIABLO
313,TNFRSF1A -- TNFRSF1B -- MAPK8 -- STAT1 -- BIRC2 -- SIRT1 -- MYC -- TNFAIP3 -- MAPK14 -- PTMA -- RHOA -- RAC1 -- MAP2K7 -- MAP3K1 -- IGF1 -- VEGFA -- RET -- TRADD -- CHUK -- PPP1R13L -- MAPK9 -- LYN -- IRF1 -- CYCS -- CDK4 -- OTUD7B -- RNF11 -- PSEN1 -- SOD1 -- HNRNPK -- RPA4 -- SMPD1 -- TNIK -- PELP1 -- EIF4E -- BID -- FOXM1 -- MCL1 -- PCNA -- TAF1 -- PLAC8 -- DIABLO -- RASSF1 -- RANGAP1
314,TNFRSF1A -- TNFRSF1B -- MAPK8 -- STAT1 -- JUN -- FOS -- BIRC2 -- BIRC3 -- SIRT1 -- TNFAIP3 -- TRAF1 -- MAPK14 -- RHOA -- NR3C1 -- TGFB2 -- RAC1 -- MAP2K7 -- MAP3K1 -- VEGFA -- RET -- TRADD -- ATM -- CHUK -- RPS6KA5 -- PPP1R13L -- MAPK9 -- LYN -- IRF1 -- EIF4G2 -- MYB -- CYCS -- HIP1 -- RNF11 -- PSEN1 -- SOD1 -- HNRNPK -- SMPD1 -- TNIK -- BRCA1 -- CDKN2A -- BID -- MCL1 -- PCNA -- TAF1 -- PLAC8 -- DIABLO -- RASSF1
793,TNFRSF1A -- TNFRSF1B -- NFKB1 -- MAPK8 -- JUN -- FOS -- SIRT1 -- RB1 -- TNFAIP3 -- CCND1 -- TRAF1 -- MAPK14 -- RHOA -- RAC1 -- MAP2K7 -- MAP3K1 -- IGF1 -- MAP3K14 -- TRADD -- TNFRSF10B -- CASP2 -- MDM2 -- CHUK -- RPS6KA5 -- PPP1R13L -- MAPK9 -- IRF1 -- EIF4G2 -- HTRA2 -- MYB -- HIP1 -- CDK4 -- OTUD7B -- RNF11 -- CASP10 -- PSEN1 -- SOD1 -- RPA4 -- SMPD1 -- TNIK -- HTT -- CDKN2A -- PELP1 -- BAX -- BAK1 -- BID -- FOXM1 -- PCNA -- PLAC8 -- CASP9 -- DIABLO -- APAF1
589,TNFRSF1A -- TNFRSF1B -- MAPK8 -- STAT1 -- JUN -- FOS -- SIRT1 -- TNFAIP3 -- TRAF1 -- MAPK14 -- RHOA -- NR3C1 -- TGFB2 -- RAC1 -- MAP2K7 -- MAP3K1 -- VEGFA -- MAP3K14 -- RET -- TRADD -- ATM -- CASP2 -- CHUK -- RPS6KA5 -- PPP1R13L -- MAPK9 -- IRF1 -- EIF4G2 -- HTRA2 -- MYB -- HIP1 -- OTUD7B -- RNF11 -- PSEN1 -- SOD1 -- RPA4 -- CASP7 -- SMPD1 -- TNIK -- HTT -- BRCA1 -- CDKN2A -- BID -- FOXM1 -- MCL1 -- PCNA -- TAF1 -- PLAC8 -- CASP9 -- DIABLO -- APAF1 -- RASSF1
628,TNFRSF1A -- TNFRSF1B -- MAPK8 -- STAT1 -- JUN -- FOS -- SIRT1 -- TNFAIP3 -- TRAF1 -- MAPK14 -- RHOA -- NR3C1 -- TGFB2 -- RAC1 -- MAP2K7 -- MAP3K1 -- VEGFA -- MAP3K14 -- RET -- TRADD -- ATM -- CASP2 -- CHUK -- RPS6KA5 -- PPP1R13L -- MAPK9 -- IRF1 -- EIF4G2 -- HTRA2 -- MYB -- HIP1 -- RNF11 -- PSEN1 -- SOD1 -- HNRNPK -- CASP7 -- SMPD1 -- TNIK -- HTT -- BRCA1 -- CDKN2A -- BID -- MCL1 -- PCNA -- TAF1 -- PLAC8 -- CASP9 -- DIABLO -- APAF1 -- RASSF1
577,TNFRSF1A -- TNFRSF1B -- MAPK8 -- STAT1 -- FOS -- BIRC2 -- BIRC3 -- SIRT1 -- TNFAIP3 -- TRAF1 -- MAPK14 -- RHOA -- NR3C1 -- TGFB2 -- RAC1 -- MAP2K7 -- MAP3K1 -- VEGFA -- RET -- TRADD -- ATM -- CHUK -- RPS6KA5 -- PPP1R13L -- MAPK9 -- LYN -- IRF1 -- MYB -- CYCS -- HIP1 -- RNF11 -- PSEN1 -- SOD1 -- HNRNPK -- SMPD1 -- TNIK -- BRCA1 -- CDKN2A -- EIF4E -- BID -- MCL1 -- PCNA -- TAF1 -- PLAC8 -- DIABLO -- RASSF1
691,TNFRSF1A -- TNFRSF1B -- NFKB1 -- MAPK8 -- BIRC2 -- BIRC3 -- SIRT1 -- RB1 -- TNFAIP3 -- CCND1 -- TRAF1 -- MAPK14 -- PTMA -- RHOA -- RAC1 -- MAP2K7 -- MAP3K1 -- IGF1 -- TRADD -- ATM -- MDM2 -- CHUK -- PPP1R13L -- MAPK9 -- LYN -- IRF1 -- HTRA2 -- CYCS -- CDK4 -- OTUD7B -- RNF11 -- PSEN1 -- SOD1 -- RPA4 -- SMPD1 -- TNIK -- PELP1 -- BAK1 -- EIF4E -- BID -- FOXM1 -- PCNA -- TAF1 -- PLAC8 -- DIABLO -- RANGAP1
320,TNFRSF1A -- TNFRSF1B -- MAPK8 -- STAT1 -- JUN -- FOS -- SIRT1 -- TNFAIP3 -- TRAF1 -- MAPK14 -- RHOA -- NR3C1 -- TGFB2 -- RAC1 -- MAP2K7 -- MAP3K1 -- VEGFA -- MAP3K14 -- RET -- TRADD -- ATM -- CASP2 -- CHUK -- RPS6KA5 -- PPP1R13L -- MAPK9 -- IRF1 -- EIF4G2 -- HTRA2 -- MYB -- HIP1 -- RNF11 -- PSEN1 -- SOD1 -- HNRNPK -- SMPD1 -- TNIK -- HTT -- BRCA1 -- CDKN2A -- BAX -- BAK1 -- BID -- MCL1 -- PCNA -- PLAC8 -- CASP9 -- DIABLO -- APAF1 -- RASSF1
695,TNFRSF1A -- TNFRSF1B -- NFKB1 -- MAPK8 -- SIRT1 -- RB1 -- TNFAIP3 -- CCND1 -- TRAF1 -- MAPK14 -- RHOA -- RAC1 -- MAP2K7 -- MAP3K1 -- TRADD -- TNFRSF10B -- MDM2 -- CHUK -- RPS6KA5 -- PPP1R13L -- MAPK9 -- LYN -- IRF1 -- EIF4G2 -- HTRA2 -- CYCS -- HIP1 -- CDK4 -- OTUD7B -- RNF11 -- CASP10 -- PSEN1 -- SOD1 -- RPA4 -- SMPD1 -- TNIK -- PELP1 -- BAX -- BAK1 -- BID -- FOXM1 -- PCNA -- PLAC8 -- DIABLO
322,TNFRSF1A -- TNFRSF1B -- MAPK8 -- STAT1 -- JUN -- FOS -- BIRC2 -- BIRC3 -- SIRT1 -- TNFAIP3 -- TRAF1 -- MAPK14 -- RHOA -- TGFB2 -- RAC1 -- MAP2K7 -- MAP3K1 -- VEGFA -- RET -- TRADD -- ATM -- CHUK -- RPS6KA5 -- PPP1R13L -- MAPK9 -- LYN -- IRF1 -- MYB -- CYCS -- HIP1 -- RNF11 -- PSEN1 -- SOD1 -- HNRNPK -- SMPD1 -- TNIK -- BRCA1 -- CDKN2A -- PELP1 -- BID -- MCL1 -- PCNA -- TAF1 -- PLAC8 -- DIABLO -- RASSF1
564,NFKB1 -- MAPK8 -- STAT1 -- BIRC2 -- BIRC3 -- SIRT1 -- TNFAIP3 -- MAPK14 -- IL2 -- RAC1 -- MAP2K7 -- MAP3K1 -- VEGFA -- MAPK1 -- AKT1 -- MDM2 -- CHUK -- RPS6KA5 -- PPP1R13L -- MAPK9 -- LYN -- IRF1 -- EIF4G2 -- CYCS -- HIP1 -- CDK4 -- OTUD7B -- PARP1 -- PSEN1 -- RPA4 -- CASP7 -- BBC3 -- PELP1 -- BAK1 -- BID -- FOXM1 -- PCNA -- TAF1 -- PLAC8 -- DIABLO
324,TNFRSF1A -- TNFRSF1B -- MAPK8 -- STAT1 -- BIRC3 -- SIRT1 -- MYC -- TNFAIP3 -- MAPK14 -- PTMA -- RHOA -- RAC1 -- MAP2K7 -- MAP3K1 -- VEGFA -- RET -- TRADD -- CASP2 -- CHUK -- RPS6KA5 -- PPP1R13L -- MAPK9 -- LYN -- IRF1 -- HTRA2 -- CYCS -- CDK4 -- RNF11 -- PSEN1 -- SOD1 -- HNRNPK -- RPA4 -- SMPD1 -- TNIK -- PELP1 -- BAX -- BAK1 -- EIF4E -- BID -- TFDP1 -- PCNA -- TAF1 -- DIABLO -- RASSF1 -- RANGAP1
550,TNFRSF1A -- TNFRSF1B -- MAPK8 -- BIRC2 -- SIRT1 -- RB1 -- TNFAIP3 -- CCND1 -- MAPK14 -- PTMA -- RHOA -- RAC1 -- MAP2K7 -- MAP3K1 -- TRADD -- ATM -- MDM2 -- CHUK -- RPS6KA5 -- PPP1R13L -- MAPK9 -- LYN -- IRF1 -- EIF4G2 -- CYCS -- HIP1 -- CDK4 -- OTUD7B -- RNF11 -- CASP10 -- PSEN1 -- SOD1 -- RPA4 -- SMPD1 -- TNIK -- PELP1 -- BID -- FOXM1 -- MCL1 -- PCNA -- PLAC8 -- DIABLO
462,TNFRSF1A -- TNFRSF1B -- MAPK8 -- STAT1 -- BIRC2 -- SIRT1 -- MYC -- TNFAIP3 -- MAPK14 -- PTMA -- RHOA -- RAC1 -- MAP2K7 -- MAP3K1 -- VEGFA -- RET -- TRADD -- CHUK -- PPP1R13L -- MAPK9 -- LYN -- IRF1 -- CYCS -- RNF11 -- PSEN1 -- BAD -- SOD1 -- HNRNPK -- SMPD1 -- TNIK -- BRCA1 -- EIF4E -- BID -- MCL1 -- PCNA -- TAF1 -- PLAC8 -- DIABLO -- RASSF1
369,NFKB1 -- STAT1 -- BIRC2 -- BIRC3 -- SIRT1 -- TRAF1 -- MAPK14 -- RHOA -- IL2 -- RAC1 -- MAP2K7 -- MAP3K1 -- IGF1 -- VEGFA -- RET -- TRADD -- MAPK1 -- TNFRSF10B -- AKT1 -- ATM -- CHUK -- RPS6KA5 -- PPP1R13L -- MAPK9 -- LYN -- IRF1 -- CYCS -- HIP1 -- CDK4 -- OTUD7B -- CASP10 -- PARP1 -- PSEN1 -- HNRNPK -- RPA4 -- BBC3 -- PELP1 -- BAK1 -- EIF4E -- BID -- FOXM1 -- CTBP1 -- RBL1 -- PCNA -- TAF1 -- PLAC8 -- DIABLO
638,TNFRSF1A -- TNFRSF1B -- NFKB1 -- MAPK8 -- SIRT1 -- RB1 -- TNFAIP3 -- CCND1 -- TRAF1 -- MAPK14 -- RHOA -- RAC1 -- MAP2K7 -- MAP3K1 -- TRADD -- TNFRSF10B -- ATM -- CASP2 -- MDM2 -- CHUK -- RPS6KA5 -- PPP1R13L -- MAPK9 -- LYN -- IRF1 -- EIF4G2 -- HTRA2 -- CYCS -- HIP1 -- CDK4 -- OTUD7B -- RNF11 -- CASP10 -- PSEN1 -- SOD1 -- RPA4 -- SMPD1 -- TNIK -- HTT -- PELP1 -- BAX -- BAK1 -- BID -- FOXM1 -- PCNA -- PLAC8 -- DIABLO -- APAF1
329,TNFRSF1A -- TNFRSF1B -- NFKB1 -- MAPK8 -- STAT1 -- BIRC2 -- BIRC3 -- SIRT1 -- MYC -- TNFAIP3 -- MAPK14 -- PTMA -- RHOA -- TGFB2 -- RAC1 -- MAP2K7 -- MAP3K1 -- VEGFA -- RET -- TRADD -- TNFRSF10B -- ATM -- CHUK -- PPP1R13L -- MAPK9 -- LYN -- IRF1 -- CYCS -- CDK4 -- OTUD7B -- RNF11 -- PSEN1 -- BAD -- SOD1 -- HNRNPK -- RPA4 -- SMPD1 -- TNIK -- BRCA1 -- EIF4E -- BID -- FOXM1 -- MCL1 -- PCNA -- TAF1 -- DIABLO -- RASSF1 -- RANGAP1
394,TNFRSF1A -- TNFRSF1B -- NFKB1 -- MAPK8 -- SIRT1 -- RB1 -- TNFAIP3 -- CCND1 -- TRAF1 -- MAPK14 -- PTMA -- RHOA -- RAC1 -- MAP2K7 -- MAP3K1 -- MAP3K14 -- TRADD -- TNFRSF10B -- CASP2 -- MDM2 -- CHUK -- RPS6KA5 -- PPP1R13L -- MAPK9 -- LYN -- IRF1 -- EIF4G2 -- HTRA2 -- HIP1 -- CDK4 -- OTUD7B -- RNF11 -- CASP10 -- PSEN1 -- SOD1 -- RPA4 -- SMPD1 -- TNIK -- HTT -- PELP1 -- BAX -- BAK1 -- BID -- FOXM1 -- PCNA -- PLAC8 -- DIABLO -- APAF1 -- RANGAP1
331,TNFRSF1A -- TNFRSF1B -- NFKB1 -- MAPK8 -- STAT1 -- SIRT1 -- MYC -- TNFAIP3 -- MAPK14 -- RHOA -- RAC1 -- MAP2K7 -- MAP3K1 -- IGF1 -- VEGFA -- RET -- TRADD -- TNFRSF10B -- ATM -- CHUK -- PPP1R13L -- MAPK9 -- IRF1 -- EIF4G2 -- HTRA2 -- CYCS -- CDK4 -- RNF11 -- CASP10 -- PSEN1 -- SOD1 -- HNRNPK -- RPA4 -- CASP7 -- SMPD1 -- TNIK -- PELP1 -- BAK1 -- EIF4E -- BID -- FOXM1 -- PCNA -- TAF1 -- CASP9 -- DIABLO -- APAF1 -- RANGAP1
332,TNFRSF1A -- TNFRSF1B -- MAPK8 -- STAT1 -- JUN -- BIRC2 -- BIRC3 -- SIRT1 -- TNFAIP3 -- TRAF1 -- MAPK14 -- RHOA -- NR3C1 -- TGFB2 -- RAC1 -- MAP2K7 -- MAP3K1 -- VEGFA -- RET -- TRADD -- ATM -- CHUK -- RPS6KA5 -- PPP1R13L -- MAPK9 -- LYN -- IRF1 -- MYB -- CYCS -- HIP1 -- RNF11 -- PSEN1 -- SOD1 -- HNRNPK -- SMPD1 -- TNIK -- BRCA1 -- CDKN2A -- EIF4E -- BID -- MCL1 -- PCNA -- TAF1 -- PLAC8 -- DIABLO -- RASSF1
333,TNFRSF1A -- TNFRSF1B -- MAPK8 -- STAT1 -- JUN -- FOS -- SIRT1 -- TNFAIP3 -- TRAF1 -- MAPK14 -- RHOA -- NR3C1 -- TGFB2 -- RAC1 -- MAP2K7 -- MAP3K1 -- VEGFA -- MAP3K14 -- RET -- TRADD -- ATM -- CASP2 -- CHUK -- RPS6KA5 -- PPP1R13L -- MAPK9 -- IRF1 -- EIF4G2 -- MYB -- CYCS -- HIP1 -- RNF11 -- PSEN1 -- SOD1 -- HNRNPK -- CASP7 -- SMPD1 -- TNIK -- HTT -- BRCA1 -- CDKN2A -- BID -- MCL1 -- PCNA -- TAF1 -- PLAC8 -- CASP9 -- DIABLO -- APAF1 -- RASSF1
445,TNFRSF1A -- TNFRSF1B -- NFKB1 -- MAPK8 -- FOS -- SIRT1 -- RB1 -- TNFAIP3 -- CCND1 -- TRAF1 -- MAPK14 -- RHOA -- RAC1 -- MAP2K7 -- MAP3K1 -- IGF1 -- MAP3K14 -- TRADD -- TNFRSF10B -- ATM -- CASP2 -- MDM2 -- CHUK -- RPS6KA5 -- PPP1R13L -- MAPK9 -- IRF1 -- EIF4G2 -- HTRA2 -- HIP1 -- CDK4 -- OTUD7B -- RNF11 -- CASP10 -- PSEN1 -- SOD1 -- RPA4 -- SMPD1 -- TNIK -- HTT -- PELP1 -- BAX -- BAK1 -- BID -- FOXM1 -- PCNA -- PLAC8 -- CASP9 -- DIABLO -- APAF1
335,TNFRSF1A -- TNFRSF1B -- MAPK8 -- BIRC2 -- SIRT1 -- MYC -- RB1 -- TNFAIP3 -- CCND1 -- MAPK14 -- PTMA -- RHOA -- RAC1 -- MAP2K7 -- MAP3K1 -- TRADD -- ATM -- MDM2 -- CHUK -- PPP1R13L -- MAPK9 -- LYN -- IRF1 -- CYCS -- CDK4 -- OTUD7B -- RNF11 -- PSEN1 -- SOD1 -- RPA4 -- SMPD1 -- TNIK -- PELP1 -- BAX -- BAK1 -- EIF4E -- BID -- FOXM1 -- PCNA -- DIABLO -- RANGAP1
336,TNFRSF1A -- TNFRSF1B -- MAPK8 -- STAT1 -- JUN -- FOS -- BIRC2 -- BIRC3 -- SIRT1 -- TNFAIP3 -- TRAF1 -- MAPK14 -- RHOA -- NR3C1 -- TGFB2 -- RAC1 -- MAP2K7 -- MAP3K1 -- VEGFA -- RET -- TRADD -- ATM -- CHUK -- RPS6KA5 -- PPP1R13L -- MAPK9 -- LYN -- IRF1 -- MYB -- CYCS -- HIP1 -- RNF11 -- PSEN1 -- SOD1 -- HNRNPK -- SMPD1 -- TNIK -- BRCA1 -- CDKN2A -- EIF4E -- BID -- MCL1 -- PCNA -- TAF1 -- PLAC8 -- DIABLO -- RASSF1
560,STAT1 -- BIRC2 -- BIRC3 -- SIRT1 -- MAPK14 -- PTMA -- RHOA -- IL2 -- RAC1 -- MAP2K7 -- MAP3K1 -- VEGFA -- MAPK1 -- ATM -- E2F1 -- CHUK -- RPS6KA5 -- PPP1R13L -- MAPK9 -- LYN -- IRF1 -- MYB -- HIP1 -- CDK4 -- OTUD7B -- RNF11 -- PARP1 -- PSEN1 -- SOD1 -- RPA4 -- BCL2L1 -- BBC3 -- PELP1 -- EIF4E -- BID -- FOXM1 -- CTBP1 -- RBL1 -- PCNA -- TAF1 -- PLAC8
338,TNFRSF1A -- TNFRSF1B -- NFKB1 -- MAPK8 -- SIRT1 -- RB1 -- TNFAIP3 -- CCND1 -- TRAF1 -- MAPK14 -- RHOA -- RAC1 -- MAP2K7 -- MAP3K1 -- IGF1 -- MAP3K14 -- TRADD -- TNFRSF10B -- ATM -- CASP2 -- MDM2 -- CHUK -- RPS6KA5 -- PPP1R13L -- MAPK9 -- LYN -- IRF1 -- EIF4G2 -- HTRA2 -- HIP1 -- CDK4 -- OTUD7B -- RNF11 -- CASP10 -- PSEN1 -- SOD1 -- RPA4 -- SMPD1 -- TNIK -- HTT -- PELP1 -- BAX -- BAK1 -- BID -- FOXM1 -- PCNA -- PLAC8 -- DIABLO -- APAF1
580,TNFRSF1A -- TNFRSF1B -- MAPK8 -- STAT1 -- JUN -- FOS -- SIRT1 -- TNFAIP3 -- TRAF1 -- MAPK14 -- RHOA -- NR3C1 -- RAC1 -- MAP2K7 -- MAP3K1 -- VEGFA -- MAP3K14 -- RET -- TRADD -- ATM -- CASP2 -- CHUK -- RPS6KA5 -- PPP1R13L -- MAPK9 -- IRF1 -- EIF4G2 -- HTRA2 -- MYB -- HIP1 -- RNF11 -- PSEN1 -- SOD1 -- HNRNPK -- CASP7 -- SMPD1 -- TNIK -- HTT -- BRCA1 -- CDKN2A -- BAX -- BID -- MCL1 -- PCNA -- TAF1 -- PLAC8 -- CASP9 -- DIABLO -- APAF1 -- RASSF1
430,TNFRSF1B -- STAT1 -- BIRC2 -- BIRC3 -- TRAF1 -- MAPK14 -- RHOA -- TGFB2 -- RAC1 -- MAP2K7 -- MAP3K1 -- IGF1 -- VEGFA -- RET -- TRADD -- TNFRSF10B -- ATM -- E2F1 -- CHUK -- RPS6KA5 -- PPP1R13L -- MAPK9 -- LYN -- IRF1 -- CYCS -- HIP1 -- CDK4 -- OTUD7B -- RNF11 -- PARP1 -- PSEN1 -- SOD1 -- RPA4 -- SMPD1 -- TNIK -- BBC3 -- PELP1 -- EIF4E -- BID -- FOXM1 -- CTBP1 -- RBL1 -- PCNA -- TAF1 -- PLAC8 -- DIABLO
775,TNFRSF1A -- TNFRSF1B -- NFKB1 -- MAPK8 -- STAT1 -- BIRC2 -- SIRT1 -- TNFAIP3 -- CCND1 -- TRAF1 -- MAPK14 -- RHOA -- IL2 -- RAC1 -- MAP2K7 -- MAP3K1 -- VEGFA -- TRADD -- TNFRSF10B -- AKT1 -- MDM2 -- CHUK -- RPS6KA5 -- PPP1R13L -- MAPK9 -- LYN -- IRF1 -- EIF4G2 -- CYCS -- HIP1 -- CDK4 -- OTUD7B -- CASP10 -- PSEN1 -- RPA4 -- TNIK -- PELP1 -- BID -- FOXM1 -- MCL1 -- PCNA -- PLAC8 -- DIABLO
361,TNFRSF1A -- TNFRSF1B -- MAPK8 -- BIRC2 -- BIRC3 -- SIRT1 -- MYC -- RB1 -- TNFAIP3 -- CCND1 -- MAPK14 -- PTMA -- RHOA -- RAC1 -- MAP2K7 -- MAP3K1 -- RET -- TRADD -- CHUK -- PPP1R13L -- MAPK9 -- LYN -- IRF1 -- CYCS -- CDK4 -- OTUD7B -- RNF11 -- PSEN1 -- BAD -- SOD1 -- HNRNPK -- SMPD1 -- TNIK -- PELP1 -- EIF4E -- BID -- FOXM1 -- PCNA -- DIABLO -- RANGAP1
706,TNFRSF1A -- TNFRSF1B -- NFKB1 -- MAPK8 -- BIRC2 -- SIRT1 -- RB1 -- TNFAIP3 -- CCND1 -- TRAF1 -- MAPK14 -- RHOA -- RAC1 -- MAP2K7 -- MAP3K1 -- IGF1 -- TRADD -- MDM2 -- CHUK -- RPS6KA5 -- PPP1R13L -- MAPK9 -- LYN -- IRF1 -- EIF4G2 -- HTRA2 -- HIP1 -- CDK4 -- OTUD7B -- RNF11 -- PSEN1 -- SOD1 -- RPA4 -- SMPD1 -- TNIK -- PELP1 -- BAX -- BAK1 -- BID -- FOXM1 -- PCNA -- PLAC8 -- DIABLO
747,TNFRSF1A -- TNFRSF1B -- NFKB1 -- MAPK8 -- STAT1 -- BIRC2 -- SIRT1 -- MYC -- TNFAIP3 -- MAPK14 -- PTMA -- RHOA -- RAC1 -- MAP2K7 -- MAP3K1 -- VEGFA -- RET -- TRADD -- MDM2 -- CHUK -- RPS6KA5 -- PPP1R13L -- MAPK9 -- LYN -- IRF1 -- CYCS -- CDK4 -- OTUD7B -- RNF11 -- PSEN1 -- SOD1 -- HNRNPK -- RPA4 -- SMPD1 -- TNIK -- BRCA1 -- PELP1 -- EIF4E -- BID -- MCL1 -- PCNA -- TAF1 -- DIABLO
345,STAT1 -- JUN -- FOS -- SIRT1 -- MYC -- MAPK14 -- PTMA -- TGFB2 -- RAC1 -- MAP2K7 -- MAP3K1 -- VEGFA -- MAP3K14 -- RET -- TRADD -- ATM -- CASP2 -- CHUK -- RPS6KA5 -- PPP1R13L -- MAPK9 -- IRF1 -- EIF4G2 -- HTRA2 -- MYB -- CDK4 -- OTUD7B -- RNF11 -- CASP10 -- PSEN1 -- SOD1 -- HNRNPK -- SMPD1 -- TNIK -- BAX -- BAK1 -- BID -- FOXM1 -- TFDP1 -- CTBP1 -- PCNA -- TAF1 -- CCNG1 -- DIABLO -- APAF1 -- RASSF1
609,TNFRSF1A -- TNFRSF1B -- MAPK8 -- BIRC2 -- SIRT1 -- RB1 -- TNFAIP3 -- CCND1 -- MAPK14 -- RHOA -- TGFB2 -- RAC1 -- MAP2K7 -- MAP3K1 -- IGF1 -- TRADD -- ATM -- MDM2 -- CHUK -- RPS6KA5 -- PPP1R13L -- MAPK9 -- LYN -- IRF1 -- CYCS -- CDK4 -- OTUD7B -- RNF11 -- PSEN1 -- BAD -- SOD1 -- SMPD1 -- TNIK -- PELP1 -- BAK1 -- EIF4E -- BID -- PCNA -- PLAC8 -- DIABLO
347,TNFRSF1B -- STAT1 -- BIRC2 -- TRAF1 -- MAPK14 -- RHOA -- RAC1 -- MAP2K7 -- MAP3K1 -- VEGFA -- TRADD -- AKT1 -- E2F1 -- CHUK -- RPS6KA5 -- PPP1R13L -- MAPK9 -- LYN -- IRF1 -- EIF4G2 -- CYCS -- HIP1 -- CDK4 -- OTUD7B -- CASP10 -- PSEN1 -- RPA4 -- TNIK -- BBC3 -- PELP1 -- BAK1 -- BID -- FOXM1 -- CTBP1 -- RBL1 -- PCNA -- TAF1 -- PLAC8 -- DIABLO
374,TNFRSF1A -- TNFRSF1B -- NFKB1 -- MAPK8 -- BIRC2 -- SIRT1 -- MYC -- TNFAIP3 -- CCND1 -- MAPK14 -- PTMA -- RHOA -- RAC1 -- MAP2K7 -- MAP3K1 -- VEGFA -- TRADD -- MDM2 -- CHUK -- PPP1R13L -- MAPK9 -- LYN -- IRF1 -- CYCS -- CDK4 -- OTUD7B -- RNF11 -- PSEN1 -- BAD -- SOD1 -- RPA4 -- SMPD1 -- TNIK -- PELP1 -- EIF4E -- BID -- FOXM1 -- MCL1 -- PCNA -- TAF1 -- DIABLO -- RANGAP1
539,TNFRSF1A -- TNFRSF1B -- NFKB1 -- MAPK8 -- JUN -- FOS -- SIRT1 -- RB1 -- TNFAIP3 -- CCND1 -- TRAF1 -- MAPK14 -- RHOA -- RAC1 -- MAP2K7 -- MAP3K1 -- MAP3K14 -- TRADD -- TNFRSF10B -- CASP2 -- MDM2 -- CHUK -- RPS6KA5 -- PPP1R13L -- MAPK9 -- IRF1 -- EIF4G2 -- HTRA2 -- HIP1 -- CDK4 -- OTUD7B -- RNF11 -- CASP10 -- PSEN1 -- SOD1 -- RPA4 -- SMPD1 -- TNIK -- HTT -- CDKN2A -- PELP1 -- BAX -- BAK1 -- BID -- FOXM1 -- PCNA -- PLAC8 -- CASP9 -- DIABLO -- APAF1
653,TNFRSF1A -- TNFRSF1B -- MAPK8 -- STAT1 -- JUN -- FOS -- SIRT1 -- RB1 -- TNFAIP3 -- TRAF1 -- MAPK14 -- RHOA -- NR3C1 -- RAC1 -- MAP2K7 -- MAP3K1 -- MAP3K14 -- TRADD -- TNFRSF10B -- ATM -- CASP2 -- CHUK -- RPS6KA5 -- PPP1R13L -- MAPK9 -- IRF1 -- EIF4G2 -- HTRA2 -- MYB -- HIP1 -- RNF11 -- CASP10 -- PSEN1 -- SOD1 -- SMPD1 -- TNIK -- HTT -- CDKN2A -- BAX -- BAK1 -- BID -- PCNA -- PLAC8 -- CASP9 -- DIABLO -- APAF1 -- RASSF1
351,TNFRSF1A -- TNFRSF1B -- NFKB1 -- MAPK8 -- SIRT1 -- RB1 -- TNFAIP3 -- CCND1 -- TRAF1 -- MAPK14 -- RHOA -- RAC1 -- MAP2K7 -- MAP3K1 -- MAP3K14 -- TRADD -- CASP2 -- MDM2 -- CHUK -- RPS6KA5 -- PPP1R13L -- MAPK9 -- LYN -- IRF1 -- HTRA2 -- HIP1 -- CDK4 -- OTUD7B -- RNF11 -- PSEN1 -- SOD1 -- RPA4 -- SMPD1 -- TNIK -- HTT -- PELP1 -- BAX -- BAK1 -- EIF4E -- BID -- FOXM1 -- PCNA -- PLAC8 -- CASP9 -- DIABLO -- APAF1
413,TNFRSF1A -- TNFRSF1B -- MAPK8 -- STAT1 -- JUN -- FOS -- SIRT1 -- TNFAIP3 -- TRAF1 -- MAPK14 -- RHOA -- NR3C1 -- TGFB2 -- RAC1 -- MAP2K7 -- MAP3K1 -- VEGFA -- MAP3K14 -- RET -- TRADD -- ATM -- CASP2 -- CHUK -- RPS6KA5 -- PPP1R13L -- MAPK9 -- IRF1 -- EIF4G2 -- HTRA2 -- MYB -- HIP1 -- RNF11 -- PSEN1 -- SOD1 -- HNRNPK -- CASP7 -- SMPD1 -- TNIK -- HTT -- BRCA1 -- CDKN2A -- BAX -- BID -- MCL1 -- PCNA -- TAF1 -- PLAC8 -- CASP9 -- DIABLO -- APAF1 -- RASSF1
397,TNFRSF1A -- TNFRSF1B -- MAPK8 -- STAT1 -- JUN -- FOS -- SIRT1 -- RB1 -- TNFAIP3 -- TRAF1 -- MAPK14 -- RHOA -- RAC1 -- MAP2K7 -- MAP3K1 -- MAP3K14 -- RET -- TRADD -- ATM -- CASP2 -- CHUK -- RPS6KA5 -- PPP1R13L -- MAPK9 -- IRF1 -- EIF4G2 -- HTRA2 -- MYB -- HIP1 -- RNF11 -- PSEN1 -- SOD1 -- HNRNPK -- RPA4 -- SMPD1 -- TNIK -- HTT -- CDKN2A -- PELP1 -- BAX -- BAK1 -- BID -- FOXM1 -- PCNA -- PLAC8 -- CASP9 -- DIABLO -- APAF1 -- RASSF1
354,TNFRSF1A -- TNFRSF1B -- NFKB1 -- MAPK8 -- SIRT1 -- RB1 -- TNFAIP3 -- CCND1 -- TRAF1 -- MAPK14 -- RHOA -- RAC1 -- MAP2K7 -- MAP3K1 -- TRADD -- TNFRSF10B -- ATM -- CASP2 -- MDM2 -- CHUK -- RPS6KA5 -- PPP1R13L -- MAPK9 -- LYN -- IRF1 -- EIF4G2 -- HTRA2 -- HIP1 -- CDK4 -- OTUD7B -- RNF11 -- CASP10 -- PSEN1 -- SOD1 -- RPA4 -- SMPD1 -- TNIK -- HTT -- PELP1 -- BAX -- BAK1 -- BID -- FOXM1 -- PCNA -- PLAC8 -- CASP9 -- DIABLO -- APAF1
726,TNFRSF1A -- TNFRSF1B -- NFKB1 -- MAPK8 -- BIRC2 -- BIRC3 -- SIRT1 -- MYC -- TNFAIP3 -- CCND1 -- MAPK14 -- PTMA -- RHOA -- RAC1 -- MAP2K7 -- MAP3K1 -- VEGFA -- TRADD -- MDM2 -- CHUK -- PPP1R13L -- MAPK9 -- LYN -- IRF1 -- CYCS -- CDK4 -- OTUD7B -- RNF11 -- PSEN1 -- BAD -- SOD1 -- HNRNPK -- RPA4 -- SMPD1 -- TNIK -- PELP1 -- EIF4E -- BID -- FOXM1 -- MCL1 -- PCNA -- TAF1 -- DIABLO -- RANGAP1
441,TNFRSF1A -- TNFRSF1B -- MAPK8 -- STAT1 -- BIRC2 -- BIRC3 -- SIRT1 -- TNFAIP3 -- TRAF1 -- MAPK14 -- RHOA -- TGFB2 -- RAC1 -- MAP2K7 -- MAP3K1 -- VEGFA -- RET -- TRADD -- ATM -- CHUK -- RPS6KA5 -- PPP1R13L -- MAPK9 -- LYN -- IRF1 -- EIF4G2 -- MYB -- CYCS -- HIP1 -- CDK4 -- RNF11 -- PSEN1 -- SOD1 -- HNRNPK -- SMPD1 -- TNIK -- BID -- MCL1 -- PCNA -- TAF1 -- PLAC8 -- DIABLO -- APAF1 -- RASSF1
357,TNFRSF1A -- TNFRSF1B -- MAPK8 -- JUN -- FOS -- SIRT1 -- RB1 -- TNFAIP3 -- TRAF1 -- MAPK14 -- RHOA -- RAC1 -- MAP2K7 -- MAP3K1 -- MAP3K14 -- TRADD -- TNFRSF10B -- ATM -- CASP2 -- CHUK -- RPS6KA5 -- PPP1R13L -- MAPK9 -- IRF1 -- EIF4G2 -- HTRA2 -- MYB -- HIP1 -- RNF11 -- CASP10 -- PSEN1 -- SOD1 -- RPA4 -- SMPD1 -- TNIK -- HTT -- CDKN2A -- BAX -- BAK1 -- BID -- PCNA -- PLAC8 -- CASP9 -- DIABLO -- APAF1 -- RASSF1
