ID,state
0,TNFRSF1A -- TNFRSF1B -- MAPK8 -- STAT1 -- BIRC2 -- BIRC3 -- SIRT1 -- MYC -- TNFAIP3 -- TRAF1 -- MAPK14 -- RHOA -- NR3C1 -- RAC1 -- MAP2K7 -- MAP3K1 -- VEGFA -- RET -- TRADD -- ATM -- CHUK -- RPS6KA5 -- PPP1R13L -- MAPK9 -- LYN -- IRF1 -- EIF4G2 -- MYB -- CYCS -- RNF11 -- PSEN1 -- SOD1 -- HNRNPK -- SMPD1 -- TNIK -- BRCA1 -- CDKN2A -- BID -- MCL1 -- PCNA -- TAF1 -- PLAC8 -- DIABLO -- RASSF1
1,TNFRSF1A -- TNFRSF1B -- MAPK8 -- STAT1 -- BIRC2 -- SIRT1 -- MYC -- TNFAIP3 -- MAPK14 -- PTMA -- RHOA -- RAC1 -- MAP2K7 -- MAP3K1 -- VEGFA -- RET -- TRADD -- CHUK -- RPS6KA5 -- PPP1R13L -- MAPK9 -- LYN -- IRF1 -- CYCS -- CDK4 -- OTUD7B -- RNF11 -- PSEN1 -- SOD1 -- HNRNPK -- SMPD1 -- TNIK -- EIF4E -- BID -- FOXM1 -- MCL1 -- PCNA -- TAF1 -- DIABLO -- RASSF1 -- RANGAP1
2,TNFRSF1A -- TNFRSF1B -- STAT1 -- BIRC2 -- BIRC3 -- TNFAIP3 -- TRAF1 -- MAPK14 -- RHOA -- RAC1 -- MAP2K7 -- MAP3K1 -- VEGFA -- RET -- TRADD -- TNFRSF10B -- AKT1 -- CHUK -- RPS6KA5 -- PPP1R13L -- MAPK9 -- LYN -- IRF1 -- EIF4G2 -- MYB -- CYCS -- HIP1 -- CDK4 -- OTUD7B -- CASP10 -- PSEN1 -- HNRNPK -- RPA4 -- TNIK -- PELP1 -- BID -- FOXM1 -- CTBP1 -- RBL1 -- PCNA -- TAF1 -- PLAC8 -- DIABLO
3,TNFRSF1A -- TNFRSF1B -- MAPK8 -- STAT1 -- JUN -- FOS -- SIRT1 -- TNFAIP3 -- TRAF1 -- MAPK14 -- RHOA -- RAC1 -- MAP2K7 -- MAP3K1 -- VEGFA -- MAP3K14 -- RET -- TRADD -- ATM -- CASP2 -- CHUK -- RPS6KA5 -- PPP1R13L -- MAPK9 -- IRF1 -- EIF4G2 -- HTRA2 -- MYB -- HIP1 -- RNF11 -- CASP10 -- PSEN1 -- SOD1 -- HNRNPK -- SMPD1 -- TNIK -- HTT -- BRCA1 -- CDKN2A -- BAX -- BAK1 -- BID -- PCNA -- PLAC8 -- CASP9 -- DIABLO -- APAF1 -- RASSF1
4,NFKB1 -- STAT1 -- BIRC2 -- BIRC3 -- TNFAIP3 -- TRAF1 -- MAPK14 -- RAC1 -- MAP2K7 -- MAP3K1 -- VEGFA -- RET -- MAPK1 -- AKT1 -- ATM -- CHUK -- RPS6KA5 -- PPP1R13L -- MAPK9 -- LYN -- IRF1 -- HIP1 -- CDK4 -- OTUD7B -- PARP1 -- PSEN1 -- SOD1 -- HNRNPK -- RPA4 -- PELP1 -- EIF4E -- BID -- FOXM1 -- MCL1 -- CTBP1 -- PCNA -- TAF1 -- PLAC8 -- DIABLO
5,STAT1 -- SIRT1 -- FASLG -- MYC -- MAPK14 -- MAP2K7 -- MAP3K1 -- VEGFA -- MAP3K14 -- RET -- TRADD -- TNFRSF10B -- AKT1 -- ATM -- CASP2 -- E2F1 -- CHUK -- PPP1R13L -- MAPK9 -- LYN -- IRF1 -- EIF4G2 -- HTRA2 -- MYB -- HIP1 -- CDK4 -- OTUD7B -- RNF11 -- CASP10 -- PSEN1 -- BAD -- RPA4 -- SMPD1 -- TNIK -- HTT -- BBC3 -- PELP1 -- BID -- FOXM1 -- TFDP1 -- CTBP1 -- PCNA -- TAF1 -- CCNG1 -- DIABLO -- RASSF1 -- RANGAP1
6,TNFRSF1A -- TNFRSF1B -- MAPK8 -- STAT1 -- JUN -- FOS -- SIRT1 -- RB1 -- TNFAIP3 -- TRAF1 -- MAPK14 -- RHOA -- NR3C1 -- RAC1 -- MAP2K7 -- MAP3K1 -- VEGFA -- MAP3K14 -- RET -- TRADD -- ATM -- CASP2 -- CHUK -- RPS6KA5 -- PPP1R13L -- MAPK9 -- IRF1 -- EIF4G2 -- MYB -- HIP1 -- RNF11 -- PSEN1 -- SOD1 -- HNRNPK -- SMPD1 -- TNIK -- HTT -- BRCA1 -- CDKN2A -- BID -- MCL1 -- PCNA -- PLAC8 -- CASP9 -- DIABLO -- APAF1 -- RASSF1
7,TNFRSF1A -- TNFRSF1B -- MAPK8 -- STAT1 -- JUN -- FOS -- SIRT1 -- TNFAIP3 -- TRAF1 -- MAPK14 -- RHOA -- TGFB2 -- RAC1 -- MAP2K7 -- MAP3K1 -- VEGFA -- MAP3K14 -- RET -- TRADD -- ATM -- CASP2 -- CHUK -- RPS6KA5 -- PPP1R13L -- MAPK9 -- IRF1 -- EIF4G2 -- HTRA2 -- MYB -- HIP1 -- RNF11 -- PSEN1 -- SOD1 -- HNRNPK -- CASP7 -- SMPD1 -- TNIK -- HTT -- BRCA1 -- CDKN2A -- BID -- MCL1 -- PCNA -- TAF1 -- PLAC8 -- CASP9 -- DIABLO -- APAF1 -- RASSF1
8,TNFRSF1A -- NFKB1 -- MAPK8 -- STAT1 -- BIRC3 -- SIRT1 -- TNFAIP3 -- TRAF1 -- MAPK14 -- RHOA -- IL2 -- RAC1 -- MAP2K7 -- MAP3K1 -- VEGFA -- MAP3K14 -- TRADD -- TNFRSF10B -- CASP2 -- MDM2 -- CHUK -- RPS6KA5 -- PPP1R13L -- MAPK9 -- LYN -- IRF1 -- EIF4G2 -- CYCS -- HIP1 -- CDK4 -- OTUD7B -- CASP10 -- PSEN1 -- RPA4 -- SMPD1 -- HTT -- PELP1 -- BID -- FOXM1 -- MCL1 -- PCNA -- TAF1 -- DIABLO
9,STAT1 -- BIRC2 -- BIRC3 -- MAPK14 -- RAC1 -- MAP2K7 -- MAP3K1 -- IGF1 -- VEGFA -- RET -- MAPK1 -- AKT1 -- CHUK -- RPS6KA5 -- PPP1R13L -- MAPK9 -- LYN -- IRF1 -- CYCS -- HIP1 -- CDK4 -- OTUD7B -- PARP1 -- PSEN1 -- HNRNPK -- RPA4 -- SMPD1 -- BBC3 -- PELP1 -- BAK1 -- EIF4E -- BID -- FOXM1 -- CTBP1 -- PCNA -- TAF1 -- PLAC8 -- DIABLO
10,TNFRSF1A -- TNFRSF1B -- MAPK8 -- STAT1 -- BIRC2 -- BIRC3 -- SIRT1 -- MYC -- TNFAIP3 -- CCND1 -- MAPK14 -- PTMA -- RHOA -- RAC1 -- MAP2K7 -- MAP3K1 -- RET -- TRADD -- MDM2 -- CHUK -- PPP1R13L -- MAPK9 -- LYN -- IRF1 -- CYCS -- CDK4 -- RNF11 -- PSEN1 -- BAD -- SOD1 -- HNRNPK -- RPA4 -- SMPD1 -- TNIK -- BRCA1 -- BAX -- EIF4E -- BID -- TFDP1 -- PCNA -- TAF1 -- DIABLO -- RANGAP1
11,TNFRSF1A -- TNFRSF1B -- MAPK8 -- STAT1 -- JUN -- SIRT1 -- RB1 -- TNFAIP3 -- TRAF1 -- MAPK14 -- RHOA -- RAC1 -- MAP2K7 -- MAP3K1 -- VEGFA -- MAP3K14 -- RET -- TRADD -- ATM -- CASP2 -- CHUK -- RPS6KA5 -- PPP1R13L -- MAPK9 -- IRF1 -- EIF4G2 -- HTRA2 -- MYB -- HIP1 -- OTUD7B -- RNF11 -- PSEN1 -- SOD1 -- HNRNPK -- SMPD1 -- TNIK -- HTT -- CDKN2A -- PELP1 -- BAX -- BAK1 -- BID -- PCNA -- PLAC8 -- CASP9 -- DIABLO -- APAF1 -- RASSF1
12,TNFRSF1A -- TNFRSF1B -- NFKB1 -- MAPK8 -- STAT1 -- BIRC2 -- SIRT1 -- MYC -- TNFAIP3 -- MAPK14 -- PTMA -- RHOA -- RAC1 -- MAP2K7 -- MAP3K1 -- IGF1 -- VEGFA -- RET -- TRADD -- CHUK -- PPP1R13L -- MAPK9 -- LYN -- IRF1 -- HTRA2 -- CYCS -- CDK4 -- OTUD7B -- RNF11 -- PSEN1 -- SOD1 -- HNRNPK -- SMPD1 -- TNIK -- PELP1 -- BAX -- BAK1 -- EIF4E -- BID -- FOXM1 -- PCNA -- TAF1 -- DIABLO -- RASSF1 -- RANGAP1
13,TNFRSF1A -- TNFRSF1B -- NFKB1 -- MAPK8 -- STAT1 -- BIRC2 -- BIRC3 -- SIRT1 -- MYC -- TNFAIP3 -- MAPK14 -- RHOA -- RAC1 -- MAP2K7 -- MAP3K1 -- VEGFA -- RET -- TRADD -- TNFRSF10B -- CHUK -- PPP1R13L -- MAPK9 -- LYN -- IRF1 -- MYB -- CYCS -- CDK4 -- OTUD7B -- RNF11 -- CASP10 -- PSEN1 -- SOD1 -- HNRNPK -- RPA4 -- SMPD1 -- TNIK -- EIF4E -- BID -- FOXM1 -- MCL1 -- PCNA -- TAF1 -- DIABLO -- RASSF1 -- RANGAP1
14,TNFRSF1A -- TNFRSF1B -- MAPK8 -- STAT1 -- BIRC2 -- SIRT1 -- MYC -- TNFAIP3 -- MAPK14 -- PTMA -- RHOA -- RAC1 -- MAP2K7 -- MAP3K1 -- VEGFA -- RET -- TRADD -- CHUK -- PPP1R13L -- MAPK9 -- LYN -- IRF1 -- CYCS -- CDK4 -- OTUD7B -- RNF11 -- PSEN1 -- SOD1 -- HNRNPK -- RPA4 -- SMPD1 -- TNIK -- PELP1 -- EIF4E -- BID -- FOXM1 -- MCL1 -- PCNA -- TAF1 -- DIABLO -- RASSF1 -- RANGAP1
15,TNFRSF1A -- TNFRSF1B -- MAPK8 -- STAT1 -- JUN -- FOS -- BIRC2 -- BIRC3 -- SIRT1 -- TNFAIP3 -- TRAF1 -- MAPK14 -- RHOA -- NR3C1 -- TGFB2 -- RAC1 -- MAP2K7 -- MAP3K1 -- VEGFA -- RET -- TRADD -- ATM -- CASP2 -- CHUK -- RPS6KA5 -- PPP1R13L -- MAPK9 -- IRF1 -- EIF4G2 -- MYB -- CYCS -- HIP1 -- RNF11 -- PSEN1 -- SOD1 -- SMPD1 -- TNIK -- HTT -- BRCA1 -- CDKN2A -- BID -- MCL1 -- PCNA -- PLAC8 -- DIABLO -- APAF1
16,TNFRSF1A -- TNFRSF1B -- MAPK8 -- BIRC3 -- SIRT1 -- MYC -- RB1 -- TNFAIP3 -- CCND1 -- MAPK14 -- PTMA -- RHOA -- TGFB2 -- RAC1 -- MAP2K7 -- MAP3K1 -- IGF1 -- RET -- TRADD -- CASP2 -- MDM2 -- CHUK -- RPS6KA5 -- PPP1R13L -- MAPK9 -- LYN -- IRF1 -- HTRA2 -- CDK4 -- OTUD7B -- RNF11 -- PSEN1 -- SOD1 -- HNRNPK -- RPA4 -- SMPD1 -- TNIK -- HTT -- PELP1 -- BAX -- BAK1 -- EIF4E -- BID -- FOXM1 -- PCNA -- TAF1 -- DIABLO -- RANGAP1
17,TNFRSF1A -- TNFRSF1B -- NFKB1 -- MAPK8 -- SIRT1 -- RB1 -- TNFAIP3 -- CCND1 -- TRAF1 -- MAPK14 -- RHOA -- RAC1 -- MAP2K7 -- MAP3K1 -- IGF1 -- TRADD -- TNFRSF10B -- ATM -- CASP2 -- MDM2 -- CHUK -- RPS6KA5 -- PPP1R13L -- MAPK9 -- IRF1 -- EIF4G2 -- HTRA2 -- HIP1 -- CDK4 -- OTUD7B -- RNF11 -- CASP10 -- PSEN1 -- SOD1 -- RPA4 -- SMPD1 -- TNIK -- HTT -- PELP1 -- BAX -- BAK1 -- BID -- FOXM1 -- PCNA -- PLAC8 -- CASP9 -- DIABLO -- APAF1
18,TNFRSF1A -- TNFRSF1B -- MAPK8 -- STAT1 -- JUN -- FOS -- SIRT1 -- TNFAIP3 -- TRAF1 -- MAPK14 -- RHOA -- NR3C1 -- TGFB2 -- RAC1 -- MAP2K7 -- MAP3K1 -- VEGFA -- MAP3K14 -- RET -- TRADD -- ATM -- CASP2 -- CHUK -- RPS6KA5 -- PPP1R13L -- MAPK9 -- IRF1 -- EIF4G2 -- HTRA2 -- MYB -- HIP1 -- RNF11 -- CASP10 -- PSEN1 -- SOD1 -- HNRNPK -- CASP7 -- SMPD1 -- TNIK -- HTT -- BRCA1 -- CDKN2A -- BAK1 -- BID -- PCNA -- PLAC8 -- CASP9 -- DIABLO -- APAF1 -- RASSF1
19,NFKB1 -- SIRT1 -- TNFAIP3 -- MAPK14 -- TGFB2 -- RAC1 -- MAP2K7 -- MAP3K1 -- VEGFA -- MAP3K14 -- MAPK1 -- TNFRSF10B -- AKT1 -- MDM2 -- CHUK -- PPP1R13L -- MAPK9 -- LYN -- IRF1 -- EIF4G2 -- HIP1 -- CDK4 -- OTUD7B -- CASP10 -- PARP1 -- PSEN1 -- RPA4 -- BCL2L1 -- PELP1 -- EIF4E -- FOXM1 -- MCL1 -- CTBP1 -- PCNA -- TAF1 -- PLAC8 -- DIABLO -- RANGAP1
20,TNFRSF1A -- TNFRSF1B -- MAPK8 -- STAT1 -- JUN -- FOS -- BIRC2 -- BIRC3 -- SIRT1 -- TNFAIP3 -- TRAF1 -- MAPK14 -- RHOA -- NR3C1 -- TGFB2 -- RAC1 -- MAP2K7 -- MAP3K1 -- VEGFA -- RET -- TRADD -- ATM -- CHUK -- RPS6KA5 -- PPP1R13L -- MAPK9 -- LYN -- IRF1 -- MYB -- CYCS -- HIP1 -- RNF11 -- PSEN1 -- SOD1 -- HNRNPK -- SMPD1 -- TNIK -- BRCA1 -- CDKN2A -- EIF4E -- BID -- MCL1 -- PCNA -- TAF1 -- PLAC8 -- DIABLO -- RASSF1
21,STAT1 -- BIRC2 -- BIRC3 -- SIRT1 -- MAPK14 -- RAC1 -- MAP2K7 -- MAP3K1 -- VEGFA -- RET -- MAPK1 -- AKT1 -- E2F1 -- CHUK -- RPS6KA5 -- PPP1R13L -- MAPK9 -- LYN -- IRF1 -- MYB -- HIP1 -- CDK4 -- OTUD7B -- PARP1 -- PSEN1 -- RPA4 -- SMPD1 -- BBC3 -- PELP1 -- BAK1 -- EIF4E -- BID -- FOXM1 -- CTBP1 -- RBL1 -- PCNA -- TAF1 -- PLAC8 -- DIABLO
22,NFKB1 -- BIRC2 -- BIRC3 -- TNFAIP3 -- TRAF1 -- MAPK14 -- RHOA -- RAC1 -- MAP2K7 -- MAP3K1 -- IGF1 -- VEGFA -- TRADD -- MAPK1 -- TNFRSF10B -- AKT1 -- ATM -- MDM2 -- CHUK -- RPS6KA5 -- PPP1R13L -- MAPK9 -- LYN -- IRF1 -- CYCS -- HIP1 -- CDK4 -- OTUD7B -- PARP1 -- PSEN1 -- RPA4 -- SMPD1 -- PELP1 -- EIF4E -- BID -- FOXM1 -- MCL1 -- CTBP1 -- PCNA -- PLAC8 -- DIABLO
23,TNFRSF1A -- TNFRSF1B -- NFKB1 -- MAPK8 -- JUN -- FOS -- SIRT1 -- TNFAIP3 -- TRAF1 -- MAPK14 -- RHOA -- NR3C1 -- TGFB2 -- RAC1 -- MAP2K7 -- MAP3K1 -- VEGFA -- MAP3K14 -- RET -- TRADD -- TNFRSF10B -- ATM -- CASP2 -- CHUK -- RPS6KA5 -- PPP1R13L -- MAPK9 -- IRF1 -- EIF4G2 -- HTRA2 -- MYB -- HIP1 -- RNF11 -- CASP10 -- PSEN1 -- SOD1 -- HNRNPK -- CASP7 -- SMPD1 -- TNIK -- HTT -- BRCA1 -- CDKN2A -- BAK1 -- BID -- MCL1 -- PCNA -- TAF1 -- PLAC8 -- CASP9 -- DIABLO -- APAF1 -- RASSF1
24,TNFRSF1A -- TNFRSF1B -- NFKB1 -- MAPK8 -- JUN -- SIRT1 -- RB1 -- TNFAIP3 -- CCND1 -- TRAF1 -- MAPK14 -- RHOA -- RAC1 -- MAP2K7 -- MAP3K1 -- IGF1 -- MAP3K14 -- TRADD -- TNFRSF10B -- ATM -- CASP2 -- MDM2 -- CHUK -- RPS6KA5 -- PPP1R13L -- MAPK9 -- IRF1 -- EIF4G2 -- HTRA2 -- HIP1 -- CDK4 -- OTUD7B -- RNF11 -- CASP10 -- PSEN1 -- SOD1 -- RPA4 -- SMPD1 -- TNIK -- HTT -- PELP1 -- BAX -- BAK1 -- BID -- FOXM1 -- PCNA -- PLAC8 -- CASP9 -- DIABLO -- APAF1
25,TNFRSF1A -- TNFRSF1B -- MAPK8 -- STAT1 -- BIRC2 -- SIRT1 -- TNFAIP3 -- TRAF1 -- MAPK14 -- RHOA -- NR3C1 -- RAC1 -- MAP2K7 -- MAP3K1 -- VEGFA -- RET -- TRADD -- ATM -- CHUK -- RPS6KA5 -- PPP1R13L -- MAPK9 -- LYN -- IRF1 -- CYCS -- HIP1 -- RNF11 -- PSEN1 -- SOD1 -- HNRNPK -- SMPD1 -- TNIK -- BRCA1 -- EIF4E -- BID -- MCL1 -- PCNA -- TAF1 -- PLAC8 -- DIABLO -- RASSF1
26,TNFRSF1A -- TNFRSF1B -- MAPK8 -- STAT1 -- JUN -- FOS -- BIRC2 -- BIRC3 -- SIRT1 -- TNFAIP3 -- TRAF1 -- MAPK14 -- RHOA -- NR3C1 -- TGFB2 -- RAC1 -- MAP2K7 -- MAP3K1 -- VEGFA -- MAP3K14 -- RET -- TRADD -- ATM -- CASP2 -- CHUK -- RPS6KA5 -- PPP1R13L -- MAPK9 -- IRF1 -- EIF4G2 -- MYB -- CYCS -- HIP1 -- RNF11 -- PSEN1 -- SOD1 -- HNRNPK -- CASP7 -- SMPD1 -- TNIK -- HTT -- BRCA1 -- CDKN2A -- BID -- MCL1 -- PCNA -- TAF1 -- PLAC8 -- CASP9 -- DIABLO -- APAF1 -- RASSF1
27,TNFRSF1A -- TNFRSF1B -- MAPK8 -- JUN -- FOS -- SIRT1 -- RB1 -- TNFAIP3 -- TRAF1 -- MAPK14 -- RHOA -- RAC1 -- MAP2K7 -- MAP3K1 -- IGF1 -- VEGFA -- RET -- TRADD -- CASP2 -- CHUK -- RPS6KA5 -- PPP1R13L -- MAPK9 -- IRF1 -- EIF4G2 -- HTRA2 -- MYB -- HIP1 -- OTUD7B -- RNF11 -- CASP10 -- PSEN1 -- SOD1 -- HNRNPK -- RPA4 -- SMPD1 -- TNIK -- HTT -- CDKN2A -- BAK1 -- BID -- MCL1 -- PCNA -- PLAC8 -- CASP9 -- DIABLO -- APAF1
28,NFKB1 -- STAT1 -- BIRC2 -- TNFAIP3 -- TRAF1 -- MAPK14 -- RAC1 -- MAP2K7 -- MAP3K1 -- IGF1 -- VEGFA -- MAPK1 -- TNFRSF10B -- AKT1 -- MDM2 -- CHUK -- RPS6KA5 -- PPP1R13L -- MAPK9 -- LYN -- IRF1 -- CYCS -- HIP1 -- CDK4 -- OTUD7B -- PARP1 -- PSEN1 -- RPA4 -- SMPD1 -- PELP1 -- BAK1 -- BID -- FOXM1 -- MCL1 -- CTBP1 -- TAF1 -- PLAC8 -- DIABLO
29,TNFRSF1A -- TNFRSF1B -- NFKB1 -- MAPK8 -- JUN -- SIRT1 -- RB1 -- TNFAIP3 -- CCND1 -- TRAF1 -- MAPK14 -- RHOA -- RAC1 -- MAP2K7 -- MAP3K1 -- MAP3K14 -- TRADD -- TNFRSF10B -- ATM -- CASP2 -- MDM2 -- CHUK -- RPS6KA5 -- PPP1R13L -- MAPK9 -- IRF1 -- EIF4G2 -- HTRA2 -- HIP1 -- CDK4 -- OTUD7B -- RNF11 -- CASP10 -- PSEN1 -- SOD1 -- RPA4 -- SMPD1 -- TNIK -- HTT -- PELP1 -- BAX -- BAK1 -- BID -- FOXM1 -- PCNA -- PLAC8 -- CASP9 -- DIABLO -- APAF1
30,TNFRSF1A -- TNFRSF1B -- MAPK8 -- STAT1 -- JUN -- FOS -- SIRT1 -- TNFAIP3 -- TRAF1 -- MAPK14 -- RHOA -- TGFB2 -- RAC1 -- MAP2K7 -- MAP3K1 -- VEGFA -- MAP3K14 -- RET -- TRADD -- ATM -- CASP2 -- CHUK -- RPS6KA5 -- PPP1R13L -- MAPK9 -- IRF1 -- EIF4G2 -- HTRA2 -- MYB -- HIP1 -- RNF11 -- PSEN1 -- SOD1 -- HNRNPK -- CASP7 -- SMPD1 -- TNIK -- HTT -- BRCA1 -- CDKN2A -- BAX -- BID -- MCL1 -- PCNA -- TAF1 -- PLAC8 -- CASP9 -- DIABLO -- APAF1 -- RASSF1
31,STAT1 -- BIRC2 -- BIRC3 -- FASLG -- MAPK14 -- RAC1 -- MAP2K7 -- MAP3K1 -- VEGFA -- RET -- TRADD -- MAPK1 -- TNFRSF10B -- AKT1 -- ATM -- E2F1 -- MDM2 -- CHUK -- RPS6KA5 -- PPP1R13L -- MAPK9 -- LYN -- IRF1 -- MYB -- CYCS -- HIP1 -- CDK4 -- OTUD7B -- PARP1 -- PSEN1 -- RPA4 -- SMPD1 -- BBC3 -- PELP1 -- BAK1 -- EIF4E -- BID -- FOXM1 -- CTBP1 -- PCNA -- TAF1 -- PLAC8 -- DIABLO
32,TNFRSF1A -- TNFRSF1B -- NFKB1 -- MAPK8 -- STAT1 -- BIRC2 -- BIRC3 -- SIRT1 -- RB1 -- TNFAIP3 -- CCND1 -- MAPK14 -- RHOA -- RAC1 -- MAP2K7 -- MAP3K1 -- RET -- TRADD -- TNFRSF10B -- CHUK -- RPS6KA5 -- PPP1R13L -- MAPK9 -- LYN -- IRF1 -- EIF4G2 -- HTRA2 -- CYCS -- HIP1 -- CDK4 -- OTUD7B -- RNF11 -- CASP10 -- PSEN1 -- BAD -- SOD1 -- HNRNPK -- RPA4 -- SMPD1 -- TNIK -- PELP1 -- BAX -- BAK1 -- BID -- FOXM1 -- PCNA -- DIABLO
33,STAT1 -- BIRC2 -- FASLG -- TRAF1 -- MAPK14 -- RAC1 -- MAP2K7 -- MAP3K1 -- IGF1 -- VEGFA -- TRADD -- TNFRSF10B -- AKT1 -- CHUK -- RPS6KA5 -- PPP1R13L -- MAPK9 -- LYN -- IRF1 -- EIF4G2 -- CYCS -- HIP1 -- OTUD7B -- CASP10 -- PSEN1 -- RPA4 -- SMPD1 -- CDKN2A -- PELP1 -- BID -- FOXM1 -- MCL1 -- CTBP1 -- PCNA -- TAF1 -- PLAC8 -- DIABLO
34,NFKB1 -- MAPK8 -- STAT1 -- BIRC3 -- TNFAIP3 -- TRAF1 -- MAPK14 -- RAC1 -- MAP2K7 -- MAP3K1 -- VEGFA -- MAP3K14 -- RET -- TRADD -- TNFRSF10B -- AKT1 -- ATM -- CASP2 -- CHUK -- RPS6KA5 -- PPP1R13L -- MAPK9 -- LYN -- IRF1 -- CYCS -- HIP1 -- CDK4 -- OTUD7B -- RNF11 -- PARP1 -- PSEN1 -- SOD1 -- RPA4 -- TNIK -- PELP1 -- BAK1 -- BID -- FOXM1 -- MCL1 -- CTBP1 -- RBL1 -- PCNA -- TAF1 -- PLAC8 -- CASP9 -- DIABLO
35,TNFRSF1A -- TNFRSF1B -- MAPK8 -- SIRT1 -- RB1 -- TNFAIP3 -- CCND1 -- TRAF1 -- MAPK14 -- RHOA -- RAC1 -- MAP2K7 -- MAP3K1 -- TRADD -- CASP2 -- MDM2 -- CHUK -- RPS6KA5 -- PPP1R13L -- MAPK9 -- LYN -- IRF1 -- HTRA2 -- MYB -- HIP1 -- CDK4 -- OTUD7B -- RNF11 -- PSEN1 -- SOD1 -- RPA4 -- SMPD1 -- TNIK -- HTT -- BBC3 -- PELP1 -- BAX -- BAK1 -- EIF4E -- BID -- FOXM1 -- PCNA -- PLAC8 -- DIABLO -- APAF1
36,TNFRSF1A -- TNFRSF1B -- MAPK8 -- STAT1 -- JUN -- FOS -- BIRC3 -- SIRT1 -- TNFAIP3 -- TRAF1 -- MAPK14 -- RHOA -- NR3C1 -- TGFB2 -- RAC1 -- MAP2K7 -- MAP3K1 -- VEGFA -- MAP3K14 -- RET -- TRADD -- ATM -- CASP2 -- CHUK -- RPS6KA5 -- PPP1R13L -- MAPK9 -- IRF1 -- EIF4G2 -- MYB -- CYCS -- HIP1 -- RNF11 -- PSEN1 -- SOD1 -- HNRNPK -- CASP7 -- SMPD1 -- TNIK -- HTT -- BRCA1 -- CDKN2A -- BID -- MCL1 -- PCNA -- TAF1 -- PLAC8 -- DIABLO -- APAF1 -- RASSF1
37,STAT1 -- JUN -- FOS -- BIRC2 -- BIRC3 -- FASLG -- MAPK14 -- TGFB2 -- RAC1 -- MAP2K7 -- MAP3K1 -- VEGFA -- RET -- MAPK1 -- TNFRSF10B -- AKT1 -- ATM -- E2F1 -- CHUK -- RPS6KA5 -- PPP1R13L -- MAPK9 -- IRF1 -- EIF4G2 -- MYB -- CYCS -- HIP1 -- OTUD7B -- CASP10 -- PSEN1 -- SMPD1 -- CDKN2A -- BBC3 -- BID -- RBL1 -- PCNA -- TAF1 -- PLAC8 -- DIABLO -- RASSF1
38,TNFRSF1A -- TNFRSF1B -- MAPK8 -- STAT1 -- BIRC2 -- SIRT1 -- RB1 -- TNFAIP3 -- TRAF1 -- MAPK14 -- RHOA -- NR3C1 -- RAC1 -- MAP2K7 -- MAP3K1 -- VEGFA -- MAP3K14 -- RET -- TRADD -- TNFRSF10B -- ATM -- CHUK -- RPS6KA5 -- PPP1R13L -- MAPK9 -- LYN -- IRF1 -- EIF4G2 -- HTRA2 -- HIP1 -- CDK4 -- RNF11 -- CASP10 -- PSEN1 -- SOD1 -- HNRNPK -- RPA4 -- SMPD1 -- TNIK -- HTT -- PELP1 -- BAK1 -- BID -- PCNA -- PLAC8 -- DIABLO -- RASSF1
39,TNFRSF1A -- TNFRSF1B -- NFKB1 -- MAPK8 -- BIRC3 -- SIRT1 -- RB1 -- TNFAIP3 -- CCND1 -- MAPK14 -- RHOA -- TGFB2 -- RAC1 -- MAP2K7 -- MAP3K1 -- TRADD -- TNFRSF10B -- MDM2 -- CHUK -- PPP1R13L -- MAPK9 -- LYN -- IRF1 -- EIF4G2 -- HTRA2 -- CYCS -- CDK4 -- OTUD7B -- RNF11 -- CASP10 -- PSEN1 -- BAD -- SOD1 -- RPA4 -- SMPD1 -- TNIK -- PELP1 -- BAX -- BAK1 -- BID -- FOXM1 -- PCNA -- PLAC8 -- DIABLO
40,TNFRSF1A -- TNFRSF1B -- NFKB1 -- MAPK8 -- BIRC2 -- BIRC3 -- SIRT1 -- MYC -- TNFAIP3 -- CCND1 -- MAPK14 -- PTMA -- RHOA -- TGFB2 -- RAC1 -- MAP2K7 -- MAP3K1 -- IGF1 -- VEGFA -- TRADD -- TNFRSF10B -- MDM2 -- CHUK -- PPP1R13L -- MAPK9 -- LYN -- IRF1 -- CYCS -- CDK4 -- OTUD7B -- RNF11 -- CASP10 -- PSEN1 -- BAD -- SOD1 -- RPA4 -- SMPD1 -- TNIK -- PELP1 -- BID -- FOXM1 -- MCL1 -- PCNA -- TAF1 -- DIABLO -- RANGAP1
41,NFKB1 -- MAPK8 -- STAT1 -- BIRC2 -- BIRC3 -- FASLG -- TNFAIP3 -- TRAF1 -- MAPK14 -- IL2 -- RAC1 -- MAP2K7 -- MAP3K1 -- IGF1 -- VEGFA -- TRADD -- TNFRSF10B -- AKT1 -- CASP2 -- E2F1 -- MDM2 -- CHUK -- PPP1R13L -- MAPK9 -- LYN -- IRF1 -- EIF4G2 -- CYCS -- HIP1 -- CDK4 -- OTUD7B -- CASP10 -- PSEN1 -- RPA4 -- TNIK -- PELP1 -- BID -- FOXM1 -- CTBP1 -- PCNA -- TAF1 -- PLAC8 -- DIABLO -- RANGAP1
42,STAT1 -- FOS -- FASLG -- MAPK14 -- TGFB2 -- RAC1 -- MAP2K7 -- MAP3K1 -- VEGFA -- RET -- MAPK1 -- TNFRSF10B -- AKT1 -- ATM -- CHUK -- RPS6KA5 -- PPP1R13L -- MAPK9 -- IRF1 -- CYCS -- HIP1 -- OTUD7B -- CASP10 -- PSEN1 -- HNRNPK -- CASP7 -- SMPD1 -- BRCA1 -- EIF4E -- BID -- MCL1 -- PCNA -- TAF1 -- PLAC8 -- DIABLO -- RASSF1
43,TNFRSF1A -- TNFRSF1B -- MAPK8 -- STAT1 -- JUN -- FOS -- BIRC2 -- BIRC3 -- SIRT1 -- TNFAIP3 -- TRAF1 -- MAPK14 -- RHOA -- NR3C1 -- TGFB2 -- RAC1 -- MAP2K7 -- MAP3K1 -- VEGFA -- RET -- TRADD -- ATM -- CHUK -- RPS6KA5 -- PPP1R13L -- MAPK9 -- IRF1 -- EIF4G2 -- MYB -- CYCS -- HIP1 -- RNF11 -- PSEN1 -- SOD1 -- HNRNPK -- CASP7 -- SMPD1 -- TNIK -- BRCA1 -- CDKN2A -- BID -- MCL1 -- PCNA -- TAF1 -- PLAC8 -- DIABLO -- RASSF1
44,TNFRSF1A -- NFKB1 -- MAPK8 -- STAT1 -- FOS -- SIRT1 -- MYC -- TNFAIP3 -- CCND1 -- TRAF1 -- MAPK14 -- PTMA -- TGFB2 -- RAC1 -- MAP2K7 -- MAP3K1 -- VEGFA -- MAP3K14 -- TRADD -- TNFRSF10B -- AKT1 -- ATM -- CASP2 -- MDM2 -- CHUK -- PPP1R13L -- MAPK9 -- IRF1 -- EIF4G2 -- CYCS -- CDK4 -- OTUD7B -- RNF11 -- CASP10 -- PSEN1 -- SOD1 -- RPA4 -- CASP7 -- SMPD1 -- TNIK -- HTT -- PELP1 -- BID -- FOXM1 -- MCL1 -- PCNA -- TAF1 -- PLAC8 -- CASP9 -- DIABLO -- APAF1
45,TNFRSF1A -- TNFRSF1B -- MAPK8 -- STAT1 -- BIRC2 -- BIRC3 -- SIRT1 -- TNFAIP3 -- CCND1 -- TRAF1 -- MAPK14 -- RAC1 -- MAP2K7 -- MAP3K1 -- IGF1 -- VEGFA -- RET -- TRADD -- AKT1 -- CHUK -- RPS6KA5 -- PPP1R13L -- MAPK9 -- LYN -- IRF1 -- EIF4G2 -- MYB -- CYCS -- HIP1 -- CDK4 -- OTUD7B -- PSEN1 -- RPA4 -- SMPD1 -- TNIK -- HTT -- PELP1 -- BAK1 -- BID -- FOXM1 -- MCL1 -- PCNA -- TAF1 -- PLAC8 -- DIABLO
46,TNFRSF1A -- TNFRSF1B -- NFKB1 -- MAPK8 -- STAT1 -- BIRC2 -- BIRC3 -- SIRT1 -- MYC -- TNFAIP3 -- CCND1 -- MAPK14 -- PTMA -- RHOA -- RAC1 -- MAP2K7 -- MAP3K1 -- IGF1 -- VEGFA -- TRADD -- TNFRSF10B -- ATM -- MDM2 -- CHUK -- PPP1R13L -- MAPK9 -- LYN -- IRF1 -- EIF4G2 -- CYCS -- CDK4 -- OTUD7B -- RNF11 -- CASP10 -- PSEN1 -- BAD -- SOD1 -- HNRNPK -- RPA4 -- SMPD1 -- TNIK -- BID -- FOXM1 -- MCL1 -- PCNA -- TAF1 -- DIABLO -- RANGAP1
47,TNFRSF1A -- TNFRSF1B -- MAPK8 -- STAT1 -- JUN -- FOS -- BIRC2 -- SIRT1 -- TNFAIP3 -- TRAF1 -- MAPK14 -- RHOA -- NR3C1 -- TGFB2 -- RAC1 -- MAP2K7 -- MAP3K1 -- VEGFA -- MAP3K14 -- RET -- TRADD -- ATM -- CASP2 -- CHUK -- RPS6KA5 -- PPP1R13L -- MAPK9 -- IRF1 -- EIF4G2 -- MYB -- HIP1 -- RNF11 -- PSEN1 -- SOD1 -- HNRNPK -- CASP7 -- SMPD1 -- TNIK -- HTT -- BRCA1 -- CDKN2A -- BID -- MCL1 -- PCNA -- TAF1 -- PLAC8 -- DIABLO -- APAF1 -- RASSF1
48,TP53 -- NFKB1 -- STAT1 -- BIRC2 -- BIRC3 -- MYC -- MAPK14 -- PTMA -- RHOA -- IL2 -- RAC1 -- MAP2K7 -- MAP3K1 -- VEGFA -- RET -- MAPK1 -- AKT1 -- ATM -- CHUK -- PPP1R13L -- MAPK9 -- LYN -- IRF1 -- CYCS -- CDK4 -- OTUD7B -- PARP1 -- PSEN1 -- HNRNPK -- SMPD1 -- BRCA1 -- PELP1 -- EIF4E -- BID -- FOXM1 -- MCL1 -- PCNA -- TAF1 -- DIABLO -- RASSF1 -- RANGAP1
49,TNFRSF1A -- TNFRSF1B -- NFKB1 -- MAPK8 -- SIRT1 -- RB1 -- TNFAIP3 -- CCND1 -- MAPK14 -- RHOA -- RAC1 -- MAP2K7 -- MAP3K1 -- IGF1 -- MAP3K14 -- TRADD -- TNFRSF10B -- ATM -- CASP2 -- MDM2 -- CHUK -- PPP1R13L -- MAPK9 -- LYN -- IRF1 -- EIF4G2 -- HTRA2 -- CDK4 -- OTUD7B -- RNF11 -- CASP10 -- PSEN1 -- SOD1 -- RPA4 -- SMPD1 -- TNIK -- PELP1 -- BAX -- BAK1 -- EIF4E -- BID -- FOXM1 -- PCNA -- DIABLO -- APAF1
50,STAT1 -- BIRC2 -- BIRC3 -- MAPK14 -- RAC1 -- MAP2K7 -- MAP3K1 -- VEGFA -- RET -- MAPK1 -- AKT1 -- CHUK -- RPS6KA5 -- PPP1R13L -- MAPK9 -- LYN -- IRF1 -- CYCS -- HIP1 -- CDK4 -- OTUD7B -- PARP1 -- PSEN1 -- HNRNPK -- RPA4 -- SMPD1 -- PELP1 -- BAK1 -- EIF4E -- BID -- FOXM1 -- MCL1 -- CTBP1 -- RBL1 -- PCNA -- TAF1 -- PLAC8 -- DIABLO
51,TNFRSF1A -- MAPK8 -- STAT1 -- JUN -- FOS -- SIRT1 -- FASLG -- TRAF1 -- MAPK14 -- RHOA -- IL2 -- RAC1 -- MAP2K7 -- MAP3K1 -- IGF1 -- VEGFA -- MAP3K14 -- TRADD -- TNFRSF10B -- AKT1 -- ATM -- CASP2 -- E2F1 -- CHUK -- RPS6KA5 -- PPP1R13L -- MAPK9 -- IRF1 -- EIF4G2 -- HTRA2 -- MYB -- HIP1 -- CDK4 -- OTUD7B -- CASP10 -- PSEN1 -- RPA4 -- CASP7 -- TNIK -- HTT -- PELP1 -- BAK1 -- BID -- FOXM1 -- RBL1 -- PCNA -- TAF1 -- PLAC8 -- CASP9 -- DIABLO
52,TNFRSF1A -- TNFRSF1B -- MAPK8 -- STAT1 -- FOS -- BIRC2 -- SIRT1 -- MYC -- TNFAIP3 -- TRAF1 -- MAPK14 -- PTMA -- RHOA -- TGFB2 -- RAC1 -- MAP2K7 -- MAP3K1 -- IGF1 -- VEGFA -- RET -- TRADD -- MDM2 -- CHUK -- PPP1R13L -- MAPK9 -- LYN -- IRF1 -- CYCS -- HIP1 -- CDK4 -- OTUD7B -- RNF11 -- PSEN1 -- BAD -- SOD1 -- HNRNPK -- RPA4 -- SMPD1 -- TNIK -- PELP1 -- EIF4E -- BID -- FOXM1 -- MCL1 -- PCNA -- TAF1 -- PLAC8 -- DIABLO -- RANGAP1
53,TNFRSF1A -- TNFRSF1B -- MAPK8 -- BIRC2 -- SIRT1 -- MYC -- TNFAIP3 -- CCND1 -- MAPK14 -- PTMA -- TGFB2 -- RAC1 -- MAP2K7 -- MAP3K1 -- VEGFA -- TRADD -- AKT1 -- MDM2 -- CHUK -- PPP1R13L -- MAPK9 -- LYN -- IRF1 -- EIF4G2 -- CYCS -- CDK4 -- OTUD7B -- PSEN1 -- BAD -- RPA4 -- SMPD1 -- TNIK -- PELP1 -- BID -- FOXM1 -- MCL1 -- PCNA -- TAF1 -- DIABLO -- APAF1 -- RANGAP1
54,TNFRSF1A -- TNFRSF1B -- MAPK8 -- STAT1 -- JUN -- FOS -- BIRC2 -- BIRC3 -- SIRT1 -- TNFAIP3 -- TRAF1 -- MAPK14 -- RHOA -- NR3C1 -- TGFB2 -- RAC1 -- MAP2K7 -- MAP3K1 -- VEGFA -- RET -- TRADD -- ATM -- CHUK -- RPS6KA5 -- PPP1R13L -- MAPK9 -- IRF1 -- EIF4G2 -- MYB -- CYCS -- HIP1 -- RNF11 -- PSEN1 -- SOD1 -- HNRNPK -- SMPD1 -- TNIK -- BRCA1 -- CDKN2A -- BID -- MCL1 -- PCNA -- TAF1 -- PLAC8 -- CASP9 -- DIABLO -- RASSF1
55,TNFRSF1A -- TNFRSF1B -- MAPK8 -- BIRC2 -- SIRT1 -- RB1 -- TNFAIP3 -- CCND1 -- TRAF1 -- MAPK14 -- PTMA -- RHOA -- TGFB2 -- RAC1 -- MAP2K7 -- MAP3K1 -- IGF1 -- TRADD -- TNFRSF10B -- ATM -- MDM2 -- CHUK -- RPS6KA5 -- PPP1R13L -- MAPK9 -- LYN -- IRF1 -- EIF4G2 -- CYCS -- HIP1 -- CDK4 -- OTUD7B -- RNF11 -- CASP10 -- PSEN1 -- BAD -- SOD1 -- RPA4 -- SMPD1 -- TNIK -- PELP1 -- BID -- FOXM1 -- PCNA -- PLAC8 -- DIABLO -- RANGAP1
56,TNFRSF1A -- TNFRSF1B -- MAPK8 -- BIRC3 -- SIRT1 -- MYC -- TNFAIP3 -- CCND1 -- MAPK14 -- PTMA -- RHOA -- RAC1 -- MAP2K7 -- MAP3K1 -- IGF1 -- TRADD -- CASP2 -- E2F1 -- MDM2 -- CHUK -- PPP1R13L -- MAPK9 -- LYN -- IRF1 -- HTRA2 -- MYB -- CDK4 -- OTUD7B -- RNF11 -- PSEN1 -- BAD -- SOD1 -- RPA4 -- SMPD1 -- TNIK -- PELP1 -- BAX -- BAK1 -- EIF4E -- BID -- FOXM1 -- PCNA -- TAF1 -- DIABLO -- RANGAP1
57,TNFRSF1A -- TNFRSF1B -- NFKB1 -- MAPK8 -- BIRC2 -- BIRC3 -- SIRT1 -- RB1 -- TNFAIP3 -- CCND1 -- TRAF1 -- MAPK14 -- RHOA -- RAC1 -- MAP2K7 -- MAP3K1 -- IGF1 -- TRADD -- TNFRSF10B -- MDM2 -- CHUK -- RPS6KA5 -- PPP1R13L -- MAPK9 -- LYN -- IRF1 -- EIF4G2 -- CYCS -- HIP1 -- CDK4 -- OTUD7B -- RNF11 -- CASP10 -- PSEN1 -- SOD1 -- RPA4 -- SMPD1 -- TNIK -- PELP1 -- BAX -- BID -- FOXM1 -- PCNA -- PLAC8 -- DIABLO
58,TNFRSF1A -- TNFRSF1B -- MAPK8 -- STAT1 -- JUN -- FOS -- BIRC2 -- BIRC3 -- SIRT1 -- TNFAIP3 -- TRAF1 -- MAPK14 -- RHOA -- NR3C1 -- TGFB2 -- RAC1 -- MAP2K7 -- MAP3K1 -- VEGFA -- RET -- TRADD -- ATM -- CHUK -- RPS6KA5 -- PPP1R13L -- MAPK9 -- IRF1 -- EIF4G2 -- MYB -- CYCS -- HIP1 -- RNF11 -- PSEN1 -- SOD1 -- HNRNPK -- SMPD1 -- TNIK -- BRCA1 -- CDKN2A -- BID -- MCL1 -- PCNA -- TAF1 -- PLAC8 -- DIABLO -- APAF1 -- RASSF1
59,TNFRSF1A -- TNFRSF1B -- NFKB1 -- MAPK8 -- BIRC2 -- SIRT1 -- RB1 -- TNFAIP3 -- CCND1 -- TRAF1 -- MAPK14 -- RHOA -- RAC1 -- MAP2K7 -- MAP3K1 -- TRADD -- TNFRSF10B -- ATM -- MDM2 -- CHUK -- RPS6KA5 -- PPP1R13L -- MAPK9 -- LYN -- IRF1 -- EIF4G2 -- HTRA2 -- HIP1 -- CDK4 -- OTUD7B -- RNF11 -- CASP10 -- PSEN1 -- SOD1 -- RPA4 -- SMPD1 -- TNIK -- PELP1 -- BAX -- BAK1 -- BID -- FOXM1 -- PCNA -- PLAC8 -- DIABLO
60,STAT1 -- BIRC3 -- SIRT1 -- EP300 -- TRAF1 -- MAPK14 -- RAC1 -- MAP2K7 -- MAP3K1 -- VEGFA -- RET -- TRADD -- TNFRSF10B -- AKT1 -- CASP2 -- MDM2 -- CHUK -- RPS6KA5 -- PPP1R13L -- MAPK9 -- LYN -- IRF1 -- EIF4G2 -- HTRA2 -- HIP1 -- CDK4 -- OTUD7B -- CASP10 -- PARP1 -- PSEN1 -- SMPD1 -- TNIK -- HTT -- BBC3 -- PELP1 -- BAX -- BAK1 -- BID -- FOXM1 -- CTBP1 -- PCNA -- TAF1 -- PLAC8 -- DIABLO
61,TNFRSF1A -- TNFRSF1B -- MAPK8 -- BIRC2 -- SIRT1 -- MYC -- TNFAIP3 -- CCND1 -- MAPK14 -- PTMA -- RHOA -- RAC1 -- MAP2K7 -- MAP3K1 -- TRADD -- TNFRSF10B -- MDM2 -- CHUK -- PPP1R13L -- MAPK9 -- LYN -- IRF1 -- CYCS -- CDK4 -- OTUD7B -- RNF11 -- PSEN1 -- BAD -- SOD1 -- RPA4 -- SMPD1 -- TNIK -- PELP1 -- EIF4E -- BID -- FOXM1 -- PCNA -- TAF1 -- DIABLO -- RANGAP1
62,TNFRSF1A -- TNFRSF1B -- MAPK8 -- STAT1 -- JUN -- FOS -- BIRC2 -- BIRC3 -- SIRT1 -- TNFAIP3 -- TRAF1 -- MAPK14 -- RHOA -- NR3C1 -- TGFB2 -- RAC1 -- MAP2K7 -- MAP3K1 -- VEGFA -- TRADD -- ATM -- CASP2 -- CHUK -- RPS6KA5 -- PPP1R13L -- MAPK9 -- IRF1 -- EIF4G2 -- MYB -- HIP1 -- RNF11 -- PSEN1 -- SOD1 -- HNRNPK -- SMPD1 -- TNIK -- HTT -- BRCA1 -- CDKN2A -- BID -- MCL1 -- PCNA -- TAF1 -- PLAC8 -- CASP9 -- DIABLO -- RASSF1
63,TNFRSF1A -- NFKB1 -- MAPK8 -- STAT1 -- BIRC2 -- BIRC3 -- SIRT1 -- MYC -- TNFAIP3 -- MAPK14 -- PTMA -- TGFB2 -- IL2 -- RAC1 -- MAP2K7 -- MAP3K1 -- VEGFA -- TRADD -- TNFRSF10B -- AKT1 -- ATM -- MDM2 -- CHUK -- PPP1R13L -- MAPK9 -- LYN -- IRF1 -- EIF4G2 -- CYCS -- CDK4 -- OTUD7B -- CASP10 -- PARP1 -- PSEN1 -- RPA4 -- BBC3 -- PELP1 -- BAK1 -- BID -- FOXM1 -- CTBP1 -- PCNA -- TAF1 -- DIABLO -- RANGAP1
64,TNFRSF1A -- TNFRSF1B -- MAPK8 -- STAT1 -- BIRC2 -- SIRT1 -- MYC -- TNFAIP3 -- CCND1 -- MAPK14 -- RHOA -- TGFB2 -- RAC1 -- MAP2K7 -- MAP3K1 -- TRADD -- MDM2 -- CHUK -- PPP1R13L -- MAPK9 -- LYN -- IRF1 -- CYCS -- PSEN1 -- SOD1 -- RPA4 -- SMPD1 -- TNIK -- BRCA1 -- BID -- PCNA -- TAF1 -- PLAC8 -- DIABLO -- RANGAP1
65,TNFRSF1A -- TNFRSF1B -- MAPK8 -- JUN -- FOS -- SIRT1 -- RB1 -- TNFAIP3 -- CCND1 -- TRAF1 -- MAPK14 -- RHOA -- RAC1 -- MAP2K7 -- MAP3K1 -- MAP3K14 -- TRADD -- ATM -- CASP2 -- CHUK -- RPS6KA5 -- PPP1R13L -- MAPK9 -- IRF1 -- EIF4G2 -- HTRA2 -- MYB -- HIP1 -- OTUD7B -- RNF11 -- PSEN1 -- SOD1 -- HNRNPK -- RPA4 -- SMPD1 -- TNIK -- HTT -- CDKN2A -- PELP1 -- BAX -- BAK1 -- BID -- FOXM1 -- PCNA -- PLAC8 -- CASP9 -- DIABLO -- APAF1
66,TNFRSF1A -- TNFRSF1B -- MAPK8 -- STAT1 -- BIRC2 -- SIRT1 -- MYC -- TNFAIP3 -- TRAF1 -- MAPK14 -- RHOA -- NR3C1 -- TGFB2 -- RAC1 -- MAP2K7 -- MAP3K1 -- VEGFA -- RET -- TRADD -- ATM -- CHUK -- RPS6KA5 -- PPP1R13L -- MAPK9 -- LYN -- IRF1 -- CYCS -- HIP1 -- RNF11 -- PSEN1 -- SOD1 -- HNRNPK -- SMPD1 -- TNIK -- BRCA1 -- CDKN2A -- EIF4E -- BID -- MCL1 -- PCNA -- TAF1 -- PLAC8 -- DIABLO -- RASSF1
67,TNFRSF1A -- TNFRSF1B -- NFKB1 -- MAPK8 -- STAT1 -- JUN -- FOS -- SIRT1 -- TNFAIP3 -- TRAF1 -- MAPK14 -- RHOA -- NR3C1 -- TGFB2 -- RAC1 -- MAP2K7 -- MAP3K1 -- VEGFA -- MAP3K14 -- RET -- TRADD -- TNFRSF10B -- ATM -- CASP2 -- CHUK -- RPS6KA5 -- PPP1R13L -- MAPK9 -- IRF1 -- EIF4G2 -- HTRA2 -- MYB -- HIP1 -- RNF11 -- CASP10 -- PSEN1 -- SOD1 -- SMPD1 -- TNIK -- HTT -- BRCA1 -- CDKN2A -- BID -- FOXM1 -- MCL1 -- PCNA -- TAF1 -- PLAC8 -- CASP9 -- DIABLO -- APAF1 -- RASSF1
68,TNFRSF1A -- TNFRSF1B -- MAPK8 -- STAT1 -- BIRC2 -- BIRC3 -- SIRT1 -- MYC -- TNFAIP3 -- MAPK14 -- PTMA -- RHOA -- MAP2K7 -- MAP3K1 -- VEGFA -- RET -- TRADD -- TNFRSF10B -- ATM -- E2F1 -- MDM2 -- CHUK -- PPP1R13L -- MAPK9 -- LYN -- IRF1 -- EIF4G2 -- MYB -- CYCS -- HIP1 -- CDK4 -- OTUD7B -- RNF11 -- CASP10 -- PARP1 -- PSEN1 -- BAD -- SOD1 -- RPA4 -- SMPD1 -- TNIK -- HTT -- BBC3 -- PELP1 -- BAK1 -- BID -- FOXM1 -- PCNA -- TAF1 -- CCNG1 -- DIABLO
69,TNFRSF1A -- TNFRSF1B -- MAPK8 -- STAT1 -- BIRC2 -- BIRC3 -- SIRT1 -- TNFAIP3 -- TRAF1 -- MAPK14 -- RHOA -- NR3C1 -- TGFB2 -- RAC1 -- MAP2K7 -- MAP3K1 -- VEGFA -- RET -- TRADD -- ATM -- CHUK -- RPS6KA5 -- PPP1R13L -- MAPK9 -- LYN -- IRF1 -- CYCS -- HIP1 -- RNF11 -- PSEN1 -- SOD1 -- HNRNPK -- SMPD1 -- TNIK -- BRCA1 -- CDKN2A -- EIF4E -- BID -- MCL1 -- PCNA -- TAF1 -- PLAC8 -- DIABLO -- RASSF1
70,TNFRSF1A -- TNFRSF1B -- MAPK8 -- STAT1 -- BIRC2 -- BIRC3 -- SIRT1 -- MYC -- TNFAIP3 -- MAPK14 -- PTMA -- RHOA -- NR3C1 -- RAC1 -- MAP2K7 -- MAP3K1 -- VEGFA -- RET -- TRADD -- CHUK -- PPP1R13L -- MAPK9 -- LYN -- IRF1 -- MYB -- CYCS -- CDK4 -- OTUD7B -- RNF11 -- PSEN1 -- BAD -- SOD1 -- HNRNPK -- RPA4 -- SMPD1 -- TNIK -- PELP1 -- EIF4E -- BID -- MCL1 -- PCNA -- TAF1 -- PLAC8 -- DIABLO
71,TNFRSF1A -- TNFRSF1B -- NFKB1 -- MAPK8 -- BIRC2 -- SIRT1 -- RB1 -- TNFAIP3 -- CCND1 -- MAPK14 -- PTMA -- RHOA -- RAC1 -- MAP2K7 -- MAP3K1 -- TRADD -- AKT1 -- MDM2 -- CHUK -- RPS6KA5 -- PPP1R13L -- MAPK9 -- LYN -- IRF1 -- CYCS -- CDK4 -- OTUD7B -- CASP10 -- PSEN1 -- SMPD1 -- TNIK -- PELP1 -- BAK1 -- EIF4E -- BID -- FOXM1 -- PCNA -- TAF1 -- PLAC8 -- DIABLO
72,TNFRSF1A -- TNFRSF1B -- MAPK8 -- STAT1 -- JUN -- FOS -- BIRC2 -- BIRC3 -- SIRT1 -- TNFAIP3 -- TRAF1 -- MAPK14 -- RHOA -- NR3C1 -- TGFB2 -- RAC1 -- MAP2K7 -- MAP3K1 -- VEGFA -- TRADD -- ATM -- CASP2 -- CHUK -- RPS6KA5 -- PPP1R13L -- MAPK9 -- IRF1 -- EIF4G2 -- MYB -- HIP1 -- RNF11 -- PSEN1 -- SOD1 -- HNRNPK -- SMPD1 -- TNIK -- HTT -- BRCA1 -- CDKN2A -- BID -- MCL1 -- PCNA -- TAF1 -- PLAC8 -- DIABLO -- APAF1 -- RASSF1
73,TNFRSF1A -- TNFRSF1B -- NFKB1 -- MAPK8 -- SIRT1 -- RB1 -- TNFAIP3 -- CCND1 -- TRAF1 -- MAPK14 -- RHOA -- RAC1 -- MAP2K7 -- MAP3K1 -- MAP3K14 -- TRADD -- TNFRSF10B -- ATM -- CASP2 -- MDM2 -- CHUK -- RPS6KA5 -- PPP1R13L -- MAPK9 -- LYN -- IRF1 -- EIF4G2 -- HTRA2 -- HIP1 -- CDK4 -- OTUD7B -- RNF11 -- CASP10 -- PSEN1 -- SOD1 -- RPA4 -- SMPD1 -- TNIK -- HTT -- PELP1 -- BAX -- BAK1 -- BID -- FOXM1 -- PCNA -- PLAC8 -- CASP9 -- DIABLO -- APAF1
74,TNFRSF1A -- TNFRSF1B -- MAPK8 -- BIRC2 -- SIRT1 -- RB1 -- TNFAIP3 -- CCND1 -- TRAF1 -- MAPK14 -- RHOA -- RAC1 -- MAP2K7 -- MAP3K1 -- TRADD -- ATM -- MDM2 -- CHUK -- RPS6KA5 -- PPP1R13L -- MAPK9 -- LYN -- IRF1 -- HTRA2 -- CYCS -- HIP1 -- CDK4 -- OTUD7B -- RNF11 -- PSEN1 -- SOD1 -- RPA4 -- SMPD1 -- TNIK -- PELP1 -- BAK1 -- BID -- FOXM1 -- PCNA -- TAF1 -- PLAC8 -- DIABLO
75,TNFRSF1A -- TNFRSF1B -- MAPK8 -- JUN -- FOS -- SIRT1 -- RB1 -- TNFAIP3 -- TRAF1 -- MAPK14 -- RHOA -- NR3C1 -- RAC1 -- MAP2K7 -- MAP3K1 -- MAP3K14 -- RET -- TRADD -- TNFRSF10B -- ATM -- CASP2 -- CHUK -- RPS6KA5 -- PPP1R13L -- MAPK9 -- IRF1 -- EIF4G2 -- HTRA2 -- MYB -- HIP1 -- RNF11 -- CASP10 -- PSEN1 -- SOD1 -- HNRNPK -- SMPD1 -- TNIK -- HTT -- BRCA1 -- CDKN2A -- BAK1 -- BID -- PCNA -- PLAC8 -- CASP9 -- DIABLO -- APAF1 -- RASSF1
76,TNFRSF1A -- TNFRSF1B -- NFKB1 -- MAPK8 -- JUN -- FOS -- SIRT1 -- RB1 -- TNFAIP3 -- CCND1 -- TRAF1 -- MAPK14 -- RHOA -- RAC1 -- MAP2K7 -- MAP3K1 -- IGF1 -- MAP3K14 -- TRADD -- TNFRSF10B -- ATM -- CASP2 -- MDM2 -- CHUK -- RPS6KA5 -- PPP1R13L -- MAPK9 -- IRF1 -- EIF4G2 -- HTRA2 -- MYB -- HIP1 -- CDK4 -- OTUD7B -- RNF11 -- CASP10 -- PSEN1 -- SOD1 -- RPA4 -- SMPD1 -- TNIK -- HTT -- CDKN2A -- PELP1 -- BAX -- BAK1 -- BID -- FOXM1 -- PCNA -- PLAC8 -- CASP9 -- DIABLO -- APAF1
77,TNFRSF1A -- TNFRSF1B -- NFKB1 -- MAPK8 -- JUN -- FOS -- SIRT1 -- RB1 -- TNFAIP3 -- CCND1 -- TRAF1 -- MAPK14 -- RHOA -- RAC1 -- MAP2K7 -- MAP3K1 -- IGF1 -- MAP3K14 -- TRADD -- TNFRSF10B -- CASP2 -- CHUK -- RPS6KA5 -- PPP1R13L -- MAPK9 -- IRF1 -- EIF4G2 -- HTRA2 -- HIP1 -- CDK4 -- OTUD7B -- RNF11 -- CASP10 -- PSEN1 -- SOD1 -- HNRNPK -- RPA4 -- SMPD1 -- TNIK -- HTT -- CDKN2A -- PELP1 -- BAX -- BAK1 -- BID -- FOXM1 -- PCNA -- PLAC8 -- CASP9 -- DIABLO -- APAF1
78,TNFRSF1A -- TNFRSF1B -- NFKB1 -- MAPK8 -- SIRT1 -- RB1 -- TNFAIP3 -- CCND1 -- TRAF1 -- MAPK14 -- RHOA -- RAC1 -- MAP2K7 -- MAP3K1 -- IGF1 -- MAP3K14 -- TRADD -- TNFRSF10B -- CASP2 -- MDM2 -- CHUK -- RPS6KA5 -- PPP1R13L -- MAPK9 -- LYN -- IRF1 -- EIF4G2 -- HTRA2 -- HIP1 -- CDK4 -- OTUD7B -- RNF11 -- CASP10 -- PSEN1 -- SOD1 -- RPA4 -- SMPD1 -- TNIK -- HTT -- PELP1 -- BAX -- BAK1 -- BID -- FOXM1 -- PCNA -- PLAC8 -- CASP9 -- DIABLO -- APAF1
79,TNFRSF1A -- TNFRSF1B -- MAPK8 -- JUN -- FOS -- SIRT1 -- TNFAIP3 -- TRAF1 -- MAPK14 -- RHOA -- NR3C1 -- TGFB2 -- RAC1 -- MAP2K7 -- MAP3K1 -- VEGFA -- MAP3K14 -- RET -- TRADD -- ATM -- CASP2 -- CHUK -- RPS6KA5 -- PPP1R13L -- MAPK9 -- IRF1 -- EIF4G2 -- HTRA2 -- MYB -- HIP1 -- RNF11 -- PSEN1 -- SOD1 -- HNRNPK -- CASP7 -- SMPD1 -- TNIK -- HTT -- BRCA1 -- CDKN2A -- BAK1 -- BID -- MCL1 -- PCNA -- PLAC8 -- CASP9 -- DIABLO -- APAF1 -- RASSF1
80,TNFRSF1A -- TNFRSF1B -- NFKB1 -- MAPK8 -- STAT1 -- BIRC2 -- BIRC3 -- SIRT1 -- FASLG -- TNFAIP3 -- CCND1 -- TRAF1 -- MAPK14 -- RHOA -- RAC1 -- MAP2K7 -- MAP3K1 -- IGF1 -- RET -- TRADD -- TNFRSF10B -- CHUK -- RPS6KA5 -- PPP1R13L -- MAPK9 -- LYN -- IRF1 -- EIF4G2 -- CYCS -- HIP1 -- CDK4 -- OTUD7B -- CASP10 -- PSEN1 -- HNRNPK -- RPA4 -- TNIK -- PELP1 -- BID -- FOXM1 -- MCL1 -- RBL1 -- PCNA -- TAF1 -- PLAC8 -- DIABLO
81,TNFRSF1A -- TNFRSF1B -- NFKB1 -- MAPK8 -- SIRT1 -- RB1 -- TNFAIP3 -- CCND1 -- TRAF1 -- MAPK14 -- RHOA -- RAC1 -- MAP2K7 -- MAP3K1 -- MAP3K14 -- TRADD -- TNFRSF10B -- ATM -- CASP2 -- MDM2 -- CHUK -- RPS6KA5 -- PPP1R13L -- MAPK9 -- LYN -- IRF1 -- EIF4G2 -- HTRA2 -- HIP1 -- CDK4 -- OTUD7B -- RNF11 -- CASP10 -- PSEN1 -- SOD1 -- RPA4 -- SMPD1 -- TNIK -- HTT -- PELP1 -- BAX -- BAK1 -- BID -- FOXM1 -- PCNA -- PLAC8 -- CASP9 -- DIABLO -- APAF1
82,TNFRSF1A -- NFKB1 -- MAPK8 -- BIRC2 -- BIRC3 -- RB1 -- TNFAIP3 -- CCND1 -- TRAF1 -- MAPK14 -- RHOA -- IL2 -- RAC1 -- MAP2K7 -- MAP3K1 -- IGF1 -- VEGFA -- TRADD -- TNFRSF10B -- ATM -- MDM2 -- CHUK -- RPS6KA5 -- PPP1R13L -- MAPK9 -- LYN -- IRF1 -- EIF4G2 -- CYCS -- HIP1 -- CDK4 -- OTUD7B -- CASP10 -- PSEN1 -- RPA4 -- TNIK -- HTT -- PELP1 -- BID -- FOXM1 -- MCL1 -- PCNA -- PLAC8 -- DIABLO
83,TNFRSF1A -- TNFRSF1B -- MAPK8 -- STAT1 -- BIRC2 -- SIRT1 -- MYC -- TNFAIP3 -- CCND1 -- MAPK14 -- RHOA -- RAC1 -- MAP2K7 -- MAP3K1 -- IGF1 -- VEGFA -- TRADD -- ATM -- MDM2 -- CHUK -- PPP1R13L -- MAPK9 -- LYN -- IRF1 -- CYCS -- CDK4 -- OTUD7B -- RNF11 -- PSEN1 -- SOD1 -- SMPD1 -- TNIK -- PELP1 -- BID -- FOXM1 -- PCNA -- TAF1 -- PLAC8 -- DIABLO
84,TNFRSF1A -- TNFRSF1B -- MAPK8 -- BIRC2 -- BIRC3 -- SIRT1 -- MYC -- TNFAIP3 -- CCND1 -- MAPK14 -- PTMA -- RHOA -- TGFB2 -- RAC1 -- MAP2K7 -- MAP3K1 -- IGF1 -- VEGFA -- TRADD -- ATM -- MDM2 -- CHUK -- PPP1R13L -- MAPK9 -- LYN -- IRF1 -- EIF4G2 -- CYCS -- CDK4 -- OTUD7B -- RNF11 -- CASP10 -- PSEN1 -- BAD -- SOD1 -- RPA4 -- SMPD1 -- TNIK -- PELP1 -- BID -- FOXM1 -- MCL1 -- PCNA -- TAF1 -- DIABLO
85,TNFRSF1A -- TNFRSF1B -- NFKB1 -- MAPK8 -- SIRT1 -- RB1 -- TNFAIP3 -- CCND1 -- TRAF1 -- MAPK14 -- RHOA -- RAC1 -- MAP2K7 -- MAP3K1 -- MAP3K14 -- TRADD -- TNFRSF10B -- CASP2 -- MDM2 -- CHUK -- RPS6KA5 -- PPP1R13L -- MAPK9 -- LYN -- IRF1 -- EIF4G2 -- HTRA2 -- HIP1 -- CDK4 -- OTUD7B -- RNF11 -- CASP10 -- PSEN1 -- SOD1 -- RPA4 -- SMPD1 -- TNIK -- HTT -- PELP1 -- BAX -- BAK1 -- EIF4E -- BID -- FOXM1 -- PCNA -- PLAC8 -- DIABLO -- APAF1
86,TNFRSF1A -- NFKB1 -- STAT1 -- BIRC2 -- BIRC3 -- TNFAIP3 -- TRAF1 -- MAPK14 -- TGFB2 -- RAC1 -- MAP2K7 -- MAP3K1 -- IGF1 -- VEGFA -- TRADD -- TNFRSF10B -- AKT1 -- E2F1 -- CHUK -- RPS6KA5 -- PPP1R13L -- MAPK9 -- LYN -- IRF1 -- CYCS -- HIP1 -- CDK4 -- OTUD7B -- PSEN1 -- RPA4 -- SMPD1 -- TNIK -- BBC3 -- PELP1 -- EIF4E -- BID -- FOXM1 -- CTBP1 -- RBL1 -- PCNA -- TAF1 -- PLAC8 -- DIABLO
87,TNFRSF1A -- TNFRSF1B -- NFKB1 -- MAPK8 -- STAT1 -- JUN -- FOS -- SIRT1 -- RB1 -- TNFAIP3 -- TRAF1 -- MAPK14 -- RHOA -- NR3C1 -- RAC1 -- MAP2K7 -- MAP3K1 -- MAP3K14 -- RET -- TRADD -- TNFRSF10B -- ATM -- CASP2 -- CHUK -- RPS6KA5 -- PPP1R13L -- MAPK9 -- IRF1 -- EIF4G2 -- HTRA2 -- MYB -- HIP1 -- RNF11 -- CASP10 -- PSEN1 -- SOD1 -- RPA4 -- SMPD1 -- TNIK -- HTT -- BRCA1 -- CDKN2A -- BAK1 -- BID -- PCNA -- PLAC8 -- CASP9 -- DIABLO -- APAF1 -- RASSF1
88,TNFRSF1A -- TNFRSF1B -- MAPK8 -- STAT1 -- BIRC2 -- BIRC3 -- SIRT1 -- MYC -- TNFAIP3 -- TRAF1 -- MAPK14 -- RHOA -- TGFB2 -- RAC1 -- MAP2K7 -- MAP3K1 -- VEGFA -- RET -- TRADD -- ATM -- CHUK -- RPS6KA5 -- PPP1R13L -- MAPK9 -- LYN -- IRF1 -- MYB -- CYCS -- RNF11 -- PSEN1 -- SOD1 -- HNRNPK -- SMPD1 -- TNIK -- BRCA1 -- CDKN2A -- EIF4E -- BID -- MCL1 -- PCNA -- TAF1 -- PLAC8 -- DIABLO -- RASSF1
89,TNFRSF1A -- TNFRSF1B -- MAPK8 -- STAT1 -- JUN -- FOS -- SIRT1 -- TNFAIP3 -- TRAF1 -- MAPK14 -- RHOA -- NR3C1 -- TGFB2 -- RAC1 -- MAP2K7 -- MAP3K1 -- VEGFA -- MAP3K14 -- RET -- TRADD -- ATM -- CASP2 -- CHUK -- RPS6KA5 -- PPP1R13L -- MAPK9 -- IRF1 -- EIF4G2 -- HTRA2 -- MYB -- HIP1 -- RNF11 -- PSEN1 -- SOD1 -- HNRNPK -- CASP7 -- SMPD1 -- TNIK -- HTT -- CDKN2A -- BAK1 -- BID -- PCNA -- TAF1 -- PLAC8 -- CASP9 -- DIABLO -- APAF1 -- RASSF1
90,STAT1 -- BIRC2 -- MYC -- RB1 -- CCND1 -- MAPK14 -- PTMA -- TGFB2 -- RAC1 -- MAP2K7 -- MAP3K1 -- MAPK1 -- AKT1 -- ATM -- MDM2 -- CHUK -- PPP1R13L -- MAPK9 -- LYN -- IRF1 -- EIF4G2 -- CYCS -- CDK4 -- OTUD7B -- CASP10 -- PARP1 -- PSEN1 -- RPA4 -- HTT -- PELP1 -- BAK1 -- BID -- FOXM1 -- CTBP1 -- PCNA -- TAF1 -- DIABLO -- RANGAP1
91,STAT1 -- BIRC2 -- SIRT1 -- MAPK14 -- TGFB2 -- RAC1 -- MAP2K7 -- MAP3K1 -- VEGFA -- RET -- MAPK1 -- AKT1 -- ATM -- CHUK -- RPS6KA5 -- PPP1R13L -- MAPK9 -- LYN -- IRF1 -- CYCS -- HIP1 -- OTUD7B -- PARP1 -- PSEN1 -- CDKN2A -- BID -- RBL1 -- PCNA -- TAF1 -- PLAC8 -- DIABLO -- RASSF1
92,TNFRSF1A -- TNFRSF1B -- NFKB1 -- MAPK8 -- STAT1 -- BIRC2 -- BIRC3 -- SIRT1 -- MYC -- TNFAIP3 -- TRAF1 -- MAPK14 -- PTMA -- RHOA -- TGFB2 -- RAC1 -- MAP2K7 -- MAP3K1 -- VEGFA -- TRADD -- TNFRSF10B -- MDM2 -- CHUK -- PPP1R13L -- MAPK9 -- LYN -- IRF1 -- EIF4G2 -- CYCS -- HIP1 -- CDK4 -- OTUD7B -- RNF11 -- CASP10 -- PSEN1 -- SOD1 -- RPA4 -- SMPD1 -- TNIK -- PELP1 -- BID -- FOXM1 -- MCL1 -- PCNA -- TAF1 -- PLAC8 -- DIABLO
93,TNFRSF1A -- TNFRSF1B -- MAPK8 -- STAT1 -- BIRC2 -- SIRT1 -- TNFAIP3 -- TRAF1 -- MAPK14 -- RHOA -- NR3C1 -- RAC1 -- MAP2K7 -- MAP3K1 -- VEGFA -- RET -- TRADD -- CHUK -- RPS6KA5 -- PPP1R13L -- MAPK9 -- LYN -- IRF1 -- CYCS -- HIP1 -- CDK4 -- OTUD7B -- RNF11 -- PSEN1 -- SOD1 -- HNRNPK -- SMPD1 -- TNIK -- BRCA1 -- EIF4E -- BID -- MCL1 -- PCNA -- TAF1 -- PLAC8 -- DIABLO -- RASSF1
94,TNFRSF1A -- TNFRSF1B -- MAPK8 -- BIRC2 -- BIRC3 -- SIRT1 -- RB1 -- CCND1 -- TRAF1 -- MAPK14 -- RAC1 -- MAP2K7 -- MAP3K1 -- IGF1 -- TRADD -- TRAF2 -- TNFRSF10B -- AKT1 -- ATM -- MDM2 -- CHUK -- RPS6KA5 -- PPP1R13L -- MAPK9 -- LYN -- IRF1 -- EIF4G2 -- MYB -- CYCS -- HIP1 -- CDK4 -- OTUD7B -- CASP10 -- PSEN1 -- RPA4 -- SMPD1 -- TNIK -- PELP1 -- BAK1 -- BID -- FOXM1 -- PCNA -- PLAC8 -- DIABLO
95,TNFRSF1A -- TNFRSF1B -- NFKB1 -- MAPK8 -- BIRC2 -- SIRT1 -- MYC -- TNFAIP3 -- CCND1 -- MAPK14 -- PTMA -- RHOA -- TGFB2 -- RAC1 -- MAP2K7 -- MAP3K1 -- TRADD -- TNFRSF10B -- MDM2 -- CHUK -- PPP1R13L -- MAPK9 -- LYN -- IRF1 -- HTRA2 -- CDK4 -- OTUD7B -- RNF11 -- PSEN1 -- SOD1 -- RPA4 -- SMPD1 -- TNIK -- PELP1 -- BAX -- BAK1 -- EIF4E -- BID -- FOXM1 -- PCNA -- TAF1 -- DIABLO -- RANGAP1
96,TNFRSF1A -- TNFRSF1B -- MAPK8 -- STAT1 -- JUN -- FOS -- SIRT1 -- RB1 -- TNFAIP3 -- TRAF1 -- MAPK14 -- RHOA -- RAC1 -- MAP2K7 -- MAP3K1 -- VEGFA -- MAP3K14 -- TRADD -- ATM -- CASP2 -- CHUK -- RPS6KA5 -- PPP1R13L -- MAPK9 -- IRF1 -- EIF4G2 -- HTRA2 -- MYB -- HIP1 -- OTUD7B -- RNF11 -- CASP10 -- PSEN1 -- SOD1 -- HNRNPK -- RPA4 -- SMPD1 -- TNIK -- HTT -- CDKN2A -- BAX -- BAK1 -- BID -- PCNA -- PLAC8 -- CASP9 -- DIABLO -- APAF1
97,TNFRSF1A -- TNFRSF1B -- MAPK8 -- STAT1 -- BIRC2 -- SIRT1 -- MYC -- TNFAIP3 -- CCND1 -- MAPK14 -- PTMA -- RHOA -- RAC1 -- MAP2K7 -- MAP3K1 -- IGF1 -- VEGFA -- TRADD -- ATM -- MDM2 -- CHUK -- PPP1R13L -- MAPK9 -- LYN -- IRF1 -- EIF4G2 -- HTRA2 -- CYCS -- CDK4 -- OTUD7B -- RNF11 -- PSEN1 -- SOD1 -- HNRNPK -- SMPD1 -- TNIK -- PELP1 -- BAX -- BID -- FOXM1 -- MCL1 -- PCNA -- TAF1 -- DIABLO -- RANGAP1
98,STAT1 -- BIRC2 -- BIRC3 -- SIRT1 -- TNFAIP3 -- TRAF1 -- MAPK14 -- RHOA -- TGFB2 -- RAC1 -- MAP2K7 -- MAP3K1 -- VEGFA -- RET -- MAPK1 -- TNFRSF10B -- ATM -- CHUK -- RPS6KA5 -- PPP1R13L -- MAPK9 -- LYN -- IRF1 -- EIF4G2 -- MYB -- HIP1 -- CDK4 -- OTUD7B -- CASP10 -- PARP1 -- PSEN1 -- SOD1 -- RPA4 -- SMPD1 -- BBC3 -- PELP1 -- BAK1 -- EIF4E -- BID -- FOXM1 -- CTBP1 -- RBL1 -- PCNA -- TAF1 -- PLAC8 -- DIABLO
99,NFKB1 -- STAT1 -- BIRC2 -- BIRC3 -- TNFAIP3 -- MAPK14 -- PTMA -- TGFB2 -- RAC1 -- MAP2K7 -- MAP3K1 -- VEGFA -- MAPK1 -- TNFRSF10B -- AKT1 -- MDM2 -- CHUK -- PPP1R13L -- MAPK9 -- LYN -- IRF1 -- EIF4G2 -- CYCS -- CDK4 -- OTUD7B -- RNF11 -- CASP10 -- PARP1 -- PSEN1 -- SOD1 -- RPA4 -- SMPD1 -- PELP1 -- BID -- FOXM1 -- MCL1 -- CTBP1 -- PCNA -- TAF1 -- PLAC8 -- DIABLO
100,TNFRSF1A -- TNFRSF1B -- MAPK8 -- STAT1 -- JUN -- FOS -- BIRC2 -- SIRT1 -- TNFAIP3 -- TRAF1 -- MAPK14 -- RHOA -- TGFB2 -- RAC1 -- MAP2K7 -- MAP3K1 -- VEGFA -- RET -- TRADD -- ATM -- CHUK -- RPS6KA5 -- PPP1R13L -- MAPK9 -- LYN -- IRF1 -- EIF4G2 -- MYB -- CYCS -- HIP1 -- OTUD7B -- RNF11 -- CASP10 -- PSEN1 -- SOD1 -- SMPD1 -- TNIK -- CDKN2A -- BBC3 -- BID -- MCL1 -- RBL1 -- PCNA -- TAF1 -- PLAC8 -- DIABLO -- RASSF1
101,TNFRSF1A -- TNFRSF1B -- MAPK8 -- STAT1 -- BIRC2 -- SIRT1 -- MYC -- TNFAIP3 -- TRAF1 -- MAPK14 -- PTMA -- RHOA -- NR3C1 -- RAC1 -- MAP2K7 -- MAP3K1 -- VEGFA -- RET -- TRADD -- ATM -- CHUK -- PPP1R13L -- MAPK9 -- LYN -- IRF1 -- HTRA2 -- CYCS -- HIP1 -- CDK4 -- RNF11 -- PSEN1 -- SOD1 -- HNRNPK -- SMPD1 -- TNIK -- PELP1 -- BAK1 -- BID -- FOXM1 -- PCNA -- TAF1 -- DIABLO -- RANGAP1
102,TNFRSF1A -- TNFRSF1B -- MAPK8 -- BIRC2 -- SIRT1 -- MYC -- TNFAIP3 -- CCND1 -- MAPK14 -- PTMA -- RHOA -- RAC1 -- MAP2K7 -- MAP3K1 -- TRADD -- TNFRSF10B -- ATM -- MDM2 -- CHUK -- PPP1R13L -- MAPK9 -- LYN -- IRF1 -- EIF4G2 -- CYCS -- CDK4 -- OTUD7B -- RNF11 -- CASP10 -- PSEN1 -- BAD -- SOD1 -- RPA4 -- SMPD1 -- TNIK -- PELP1 -- BID -- MCL1 -- PCNA -- TAF1 -- DIABLO -- RANGAP1
103,TNFRSF1A -- TNFRSF1B -- NFKB1 -- MAPK8 -- SIRT1 -- RB1 -- TNFAIP3 -- CCND1 -- TRAF1 -- MAPK14 -- RHOA -- RAC1 -- MAP2K7 -- MAP3K1 -- IGF1 -- TRADD -- TNFRSF10B -- CASP2 -- MDM2 -- CHUK -- RPS6KA5 -- PPP1R13L -- MAPK9 -- LYN -- IRF1 -- EIF4G2 -- HTRA2 -- HIP1 -- CDK4 -- OTUD7B -- RNF11 -- CASP10 -- PSEN1 -- SOD1 -- RPA4 -- SMPD1 -- TNIK -- HTT -- PELP1 -- BAX -- BAK1 -- BID -- FOXM1 -- PCNA -- TAF1 -- PLAC8 -- DIABLO
104,TNFRSF1A -- TNFRSF1B -- MAPK8 -- STAT1 -- JUN -- FOS -- SIRT1 -- TNFAIP3 -- TRAF1 -- MAPK14 -- RHOA -- TGFB2 -- RAC1 -- MAP2K7 -- MAP3K1 -- VEGFA -- MAP3K14 -- RET -- TRADD -- ATM -- CASP2 -- CHUK -- RPS6KA5 -- PPP1R13L -- MAPK9 -- IRF1 -- EIF4G2 -- HTRA2 -- MYB -- HIP1 -- RNF11 -- PSEN1 -- SOD1 -- HNRNPK -- RPA4 -- CASP7 -- SMPD1 -- TNIK -- HTT -- CDKN2A -- PELP1 -- BID -- FOXM1 -- MCL1 -- PCNA -- TAF1 -- PLAC8 -- CASP9 -- DIABLO -- APAF1 -- RASSF1
105,TNFRSF1A -- TNFRSF1B -- NFKB1 -- MAPK8 -- JUN -- FOS -- SIRT1 -- RB1 -- TNFAIP3 -- CCND1 -- TRAF1 -- MAPK14 -- RHOA -- RAC1 -- MAP2K7 -- MAP3K1 -- MAP3K14 -- TRADD -- TNFRSF10B -- ATM -- CASP2 -- MDM2 -- CHUK -- RPS6KA5 -- PPP1R13L -- MAPK9 -- IRF1 -- EIF4G2 -- HTRA2 -- MYB -- HIP1 -- CDK4 -- OTUD7B -- RNF11 -- CASP10 -- PSEN1 -- SOD1 -- RPA4 -- SMPD1 -- TNIK -- HTT -- PELP1 -- BAX -- BAK1 -- BID -- FOXM1 -- PCNA -- PLAC8 -- CASP9 -- DIABLO -- APAF1
106,TNFRSF1A -- TNFRSF1B -- NFKB1 -- MAPK8 -- SIRT1 -- RB1 -- TNFAIP3 -- CCND1 -- TRAF1 -- MAPK14 -- RHOA -- RAC1 -- MAP2K7 -- MAP3K1 -- MAP3K14 -- TRADD -- TNFRSF10B -- CASP2 -- MDM2 -- CHUK -- RPS6KA5 -- PPP1R13L -- MAPK9 -- LYN -- IRF1 -- EIF4G2 -- HTRA2 -- HIP1 -- CDK4 -- OTUD7B -- RNF11 -- CASP10 -- PSEN1 -- SOD1 -- RPA4 -- SMPD1 -- TNIK -- HTT -- PELP1 -- BAX -- BAK1 -- BID -- FOXM1 -- PCNA -- PLAC8 -- CASP9 -- DIABLO -- APAF1
107,TNFRSF1A -- TNFRSF1B -- MAPK8 -- SIRT1 -- RB1 -- TNFAIP3 -- CCND1 -- MAPK14 -- PTMA -- RHOA -- RAC1 -- MAP2K7 -- MAP3K1 -- MAP3K14 -- RET -- TRADD -- ATM -- CASP2 -- CHUK -- PPP1R13L -- MAPK9 -- LYN -- IRF1 -- HTRA2 -- CDK4 -- OTUD7B -- RNF11 -- PSEN1 -- SOD1 -- HNRNPK -- RPA4 -- SMPD1 -- TNIK -- HTT -- PELP1 -- BAX -- EIF4E -- BID -- FOXM1 -- PCNA -- DIABLO -- APAF1 -- RANGAP1
108,STAT1 -- BIRC2 -- BIRC3 -- SIRT1 -- MAPK14 -- RAC1 -- MAP2K7 -- MAP3K1 -- VEGFA -- MAPK1 -- E2F1 -- MDM2 -- CHUK -- RPS6KA5 -- PPP1R13L -- MAPK9 -- LYN -- IRF1 -- MYB -- CYCS -- HIP1 -- CDK4 -- OTUD7B -- RNF11 -- PARP1 -- PSEN1 -- SOD1 -- HNRNPK -- RPA4 -- SMPD1 -- BBC3 -- PELP1 -- BAK1 -- EIF4E -- BID -- FOXM1 -- CTBP1 -- PCNA -- TAF1 -- PLAC8 -- DIABLO
109,TNFRSF1A -- TNFRSF1B -- MAPK8 -- STAT1 -- JUN -- BIRC2 -- BIRC3 -- SIRT1 -- TNFAIP3 -- TRAF1 -- MAPK14 -- RHOA -- NR3C1 -- TGFB2 -- RAC1 -- MAP2K7 -- MAP3K1 -- VEGFA -- RET -- TRADD -- ATM -- CHUK -- RPS6KA5 -- PPP1R13L -- MAPK9 -- LYN -- IRF1 -- MYB -- CYCS -- HIP1 -- RNF11 -- PSEN1 -- SOD1 -- HNRNPK -- SMPD1 -- TNIK -- BRCA1 -- CDKN2A -- EIF4E -- BID -- MCL1 -- PCNA -- TAF1 -- PLAC8 -- DIABLO -- RASSF1
110,TNFRSF1A -- TNFRSF1B -- NFKB1 -- MAPK8 -- SIRT1 -- RB1 -- TNFAIP3 -- CCND1 -- MAPK14 -- RHOA -- RAC1 -- MAP2K7 -- MAP3K1 -- MAP3K14 -- TRADD -- TNFRSF10B -- CASP2 -- MDM2 -- CHUK -- RPS6KA5 -- PPP1R13L -- MAPK9 -- LYN -- IRF1 -- EIF4G2 -- HTRA2 -- HIP1 -- CDK4 -- OTUD7B -- RNF11 -- CASP10 -- PSEN1 -- SOD1 -- RPA4 -- SMPD1 -- TNIK -- HTT -- PELP1 -- BAX -- BAK1 -- EIF4E -- BID -- FOXM1 -- PCNA -- PLAC8 -- DIABLO -- APAF1
111,TNFRSF1A -- TNFRSF1B -- NFKB1 -- MAPK8 -- BIRC3 -- SIRT1 -- RB1 -- TNFAIP3 -- CCND1 -- TRAF1 -- MAPK14 -- RHOA -- RAC1 -- MAP2K7 -- MAP3K1 -- TRADD -- TNFRSF10B -- CASP2 -- MDM2 -- CHUK -- RPS6KA5 -- PPP1R13L -- MAPK9 -- LYN -- IRF1 -- HTRA2 -- CYCS -- HIP1 -- CDK4 -- OTUD7B -- RNF11 -- PSEN1 -- SOD1 -- RPA4 -- SMPD1 -- TNIK -- PELP1 -- BAX -- BAK1 -- EIF4E -- BID -- FOXM1 -- PCNA -- PLAC8 -- DIABLO
112,TNFRSF1A -- TNFRSF1B -- NFKB1 -- MAPK8 -- BIRC2 -- BIRC3 -- SIRT1 -- MYC -- RB1 -- TNFAIP3 -- CCND1 -- MAPK14 -- PTMA -- RHOA -- TGFB2 -- RAC1 -- MAP2K7 -- MAP3K1 -- TRADD -- TNFRSF10B -- MDM2 -- CHUK -- PPP1R13L -- MAPK9 -- LYN -- IRF1 -- EIF4G2 -- CYCS -- CDK4 -- OTUD7B -- RNF11 -- CASP10 -- PSEN1 -- SOD1 -- RPA4 -- SMPD1 -- TNIK -- PELP1 -- BID -- FOXM1 -- MCL1 -- PCNA -- DIABLO -- RANGAP1
113,TNFRSF1A -- TNFRSF1B -- NFKB1 -- MAPK8 -- SIRT1 -- RB1 -- TNFAIP3 -- CCND1 -- TRAF1 -- MAPK14 -- RHOA -- RAC1 -- MAP2K7 -- MAP3K1 -- IGF1 -- MAP3K14 -- TRADD -- TNFRSF10B -- ATM -- CASP2 -- MDM2 -- CHUK -- RPS6KA5 -- PPP1R13L -- MAPK9 -- LYN -- IRF1 -- EIF4G2 -- HTRA2 -- HIP1 -- CDK4 -- OTUD7B -- RNF11 -- CASP10 -- PSEN1 -- SOD1 -- RPA4 -- SMPD1 -- TNIK -- HTT -- PELP1 -- BAX -- BAK1 -- EIF4E -- BID -- FOXM1 -- PCNA -- PLAC8 -- CASP9 -- DIABLO -- APAF1
114,TNFRSF1A -- TNFRSF1B -- MAPK8 -- STAT1 -- BIRC2 -- SIRT1 -- MYC -- TNFAIP3 -- MAPK14 -- PTMA -- RHOA -- RAC1 -- MAP2K7 -- MAP3K1 -- VEGFA -- RET -- TRADD -- CHUK -- PPP1R13L -- MAPK9 -- LYN -- IRF1 -- CYCS -- CDK4 -- RNF11 -- PSEN1 -- SOD1 -- HNRNPK -- RPA4 -- SMPD1 -- TNIK -- PELP1 -- EIF4E -- BID -- FOXM1 -- TFDP1 -- MCL1 -- PCNA -- TAF1 -- DIABLO -- RASSF1 -- RANGAP1
115,NFKB1 -- MAPK8 -- BIRC2 -- BIRC3 -- SIRT1 -- MYC -- TNFAIP3 -- CCND1 -- TRAF1 -- MAPK14 -- RHOA -- TGFB2 -- RAC1 -- MAP2K7 -- MAP3K1 -- VEGFA -- TRADD -- TNFRSF10B -- MDM2 -- CHUK -- RPS6KA5 -- PPP1R13L -- MAPK9 -- LYN -- IRF1 -- EIF4G2 -- CYCS -- HIP1 -- CDK4 -- OTUD7B -- RNF11 -- CASP10 -- PSEN1 -- SOD1 -- RPA4 -- SMPD1 -- TNIK -- PELP1 -- BID -- FOXM1 -- MCL1 -- PCNA -- TAF1 -- PLAC8 -- DIABLO
116,TNFRSF1A -- TNFRSF1B -- NFKB1 -- MAPK8 -- BIRC3 -- SIRT1 -- RB1 -- TNFAIP3 -- CCND1 -- TRAF1 -- MAPK14 -- RHOA -- RAC1 -- MAP2K7 -- MAP3K1 -- IGF1 -- TRADD -- TNFRSF10B -- MDM2 -- CHUK -- PPP1R13L -- MAPK9 -- LYN -- IRF1 -- EIF4G2 -- HTRA2 -- CYCS -- HIP1 -- CDK4 -- OTUD7B -- RNF11 -- CASP10 -- PSEN1 -- SOD1 -- RPA4 -- SMPD1 -- TNIK -- PELP1 -- BAK1 -- BID -- FOXM1 -- PCNA -- PLAC8 -- DIABLO -- RANGAP1
117,TNFRSF1A -- TNFRSF1B -- MAPK8 -- FOS -- SIRT1 -- RB1 -- TNFAIP3 -- CCND1 -- TRAF1 -- MAPK14 -- RHOA -- TGFB2 -- RAC1 -- MAP2K7 -- MAP3K1 -- IGF1 -- MAP3K14 -- TRADD -- CASP2 -- MDM2 -- CHUK -- RPS6KA5 -- PPP1R13L -- MAPK9 -- IRF1 -- EIF4G2 -- HTRA2 -- HIP1 -- CDK4 -- OTUD7B -- RNF11 -- PSEN1 -- SOD1 -- RPA4 -- SMPD1 -- TNIK -- PELP1 -- BAX -- BAK1 -- BID -- FOXM1 -- PCNA -- PLAC8 -- CASP9 -- DIABLO -- APAF1
118,TNFRSF1A -- TNFRSF1B -- NFKB1 -- MAPK8 -- SIRT1 -- RB1 -- TNFAIP3 -- CCND1 -- TRAF1 -- MAPK14 -- PTMA -- RHOA -- RAC1 -- MAP2K7 -- MAP3K1 -- IGF1 -- MAP3K14 -- TRADD -- TNFRSF10B -- ATM -- CASP2 -- MDM2 -- CHUK -- RPS6KA5 -- PPP1R13L -- MAPK9 -- LYN -- IRF1 -- EIF4G2 -- HTRA2 -- HIP1 -- CDK4 -- OTUD7B -- RNF11 -- CASP10 -- PSEN1 -- SOD1 -- RPA4 -- SMPD1 -- TNIK -- HTT -- PELP1 -- BAX -- BAK1 -- BID -- FOXM1 -- PCNA -- PLAC8 -- DIABLO -- APAF1
119,TNFRSF1A -- MAPK8 -- STAT1 -- BIRC2 -- BIRC3 -- SIRT1 -- RB1 -- TNFAIP3 -- CCND1 -- MAPK14 -- PTMA -- TGFB2 -- RAC1 -- MAP2K7 -- MAP3K1 -- IGF1 -- TRADD -- CASP2 -- MDM2 -- CHUK -- PPP1R13L -- MAPK9 -- LYN -- IRF1 -- EIF4G2 -- CYCS -- HIP1 -- CDK4 -- OTUD7B -- RNF11 -- CASP10 -- PSEN1 -- SOD1 -- RPA4 -- SMPD1 -- TNIK -- HTT -- PELP1 -- BID -- FOXM1 -- PCNA -- PLAC8 -- DIABLO
120,TNFRSF1A -- TNFRSF1B -- NFKB1 -- MAPK8 -- SIRT1 -- RB1 -- TNFAIP3 -- CCND1 -- TRAF1 -- MAPK14 -- RHOA -- RAC1 -- MAP2K7 -- MAP3K1 -- MAP3K14 -- TRADD -- TNFRSF10B -- CASP2 -- MDM2 -- CHUK -- RPS6KA5 -- PPP1R13L -- MAPK9 -- LYN -- IRF1 -- EIF4G2 -- HTRA2 -- HIP1 -- CDK4 -- OTUD7B -- RNF11 -- CASP10 -- PSEN1 -- SOD1 -- RPA4 -- SMPD1 -- TNIK -- HTT -- PELP1 -- BAX -- BAK1 -- BID -- FOXM1 -- PCNA -- PLAC8 -- DIABLO -- APAF1
121,MAPK8 -- STAT1 -- JUN -- FOS -- BIRC2 -- FASLG -- TRAF1 -- MAPK14 -- TGFB2 -- RAC1 -- MAP2K7 -- MAP3K1 -- VEGFA -- MAP3K14 -- TRADD -- AKT1 -- CASP2 -- MDM2 -- CHUK -- RPS6KA5 -- PPP1R13L -- MAPK9 -- IRF1 -- EIF4G2 -- MYB -- HIP1 -- CDK4 -- OTUD7B -- PARP1 -- PSEN1 -- RPA4 -- CASP7 -- SMPD1 -- HTT -- PELP1 -- EIF4E -- BID -- FOXM1 -- MCL1 -- CTBP1 -- PCNA -- TAF1 -- PLAC8 -- CASP9 -- DIABLO
122,TNFRSF1A -- TNFRSF1B -- MAPK8 -- BIRC2 -- BIRC3 -- SIRT1 -- RB1 -- TNFAIP3 -- CCND1 -- MAPK14 -- PTMA -- RHOA -- TGFB2 -- RAC1 -- MAP2K7 -- MAP3K1 -- IGF1 -- TRADD -- MDM2 -- CHUK -- RPS6KA5 -- PPP1R13L -- MAPK9 -- LYN -- IRF1 -- EIF4G2 -- CYCS -- HIP1 -- CDK4 -- OTUD7B -- RNF11 -- CASP10 -- PSEN1 -- SOD1 -- RPA4 -- SMPD1 -- TNIK -- PELP1 -- BAX -- BAK1 -- BID -- FOXM1 -- PCNA -- DIABLO
123,STAT1 -- JUN -- BIRC2 -- BIRC3 -- SIRT1 -- MAPK14 -- TGFB2 -- RAC1 -- MAP2K7 -- MAP3K1 -- VEGFA -- RET -- MAPK1 -- AKT1 -- ATM -- E2F1 -- CHUK -- RPS6KA5 -- PPP1R13L -- MAPK9 -- LYN -- IRF1 -- MYB -- CYCS -- HIP1 -- OTUD7B -- PARP1 -- PSEN1 -- SMPD1 -- CDKN2A -- BBC3 -- BAK1 -- EIF4E -- BID -- RBL1 -- PCNA -- TAF1 -- PLAC8 -- DIABLO -- RASSF1
124,NFKB1 -- MAPK8 -- BIRC2 -- BIRC3 -- SIRT1 -- MYC -- RB1 -- TNFAIP3 -- CCND1 -- MAPK14 -- PTMA -- TGFB2 -- RAC1 -- MAP2K7 -- MAP3K1 -- MAPK1 -- TNFRSF10B -- AKT1 -- MDM2 -- CHUK -- PPP1R13L -- MAPK9 -- LYN -- IRF1 -- CYCS -- HIP1 -- CDK4 -- OTUD7B -- CASP10 -- PARP1 -- PSEN1 -- RPA4 -- SMPD1 -- PELP1 -- EIF4E -- BID -- FOXM1 -- MCL1 -- PCNA -- TAF1 -- PLAC8 -- DIABLO
125,TNFRSF1A -- TNFRSF1B -- MAPK8 -- BIRC2 -- TNFAIP3 -- CCND1 -- TRAF1 -- MAPK14 -- RHOA -- RAC1 -- MAP2K7 -- MAP3K1 -- IGF1 -- VEGFA -- TRADD -- ATM -- E2F1 -- MDM2 -- CHUK -- RPS6KA5 -- PPP1R13L -- MAPK9 -- LYN -- IRF1 -- MYB -- CYCS -- HIP1 -- CDK4 -- OTUD7B -- PSEN1 -- RPA4 -- SMPD1 -- TNIK -- PELP1 -- BAX -- BAK1 -- BID -- FOXM1 -- PCNA -- TAF1 -- PLAC8 -- DIABLO
126,NFKB1 -- STAT1 -- BIRC2 -- SIRT1 -- MYC -- TNFAIP3 -- MAPK14 -- TGFB2 -- RAC1 -- MAP2K7 -- MAP3K1 -- VEGFA -- RET -- TRADD -- TNFRSF10B -- AKT1 -- ATM -- MDM2 -- CHUK -- PPP1R13L -- MAPK9 -- LYN -- IRF1 -- EIF4G2 -- MYB -- CYCS -- CDK4 -- OTUD7B -- CASP10 -- PARP1 -- PSEN1 -- RPA4 -- SMPD1 -- TNIK -- PELP1 -- BAK1 -- BID -- FOXM1 -- MCL1 -- CTBP1 -- PCNA -- TAF1 -- DIABLO -- RANGAP1
127,TNFRSF1A -- TNFRSF1B -- NFKB1 -- MAPK8 -- STAT1 -- JUN -- FOS -- SIRT1 -- RB1 -- TNFAIP3 -- CCND1 -- MAPK14 -- PTMA -- RHOA -- RAC1 -- MAP2K7 -- MAP3K1 -- IGF1 -- MAP3K14 -- TRADD -- ATM -- CASP2 -- MDM2 -- CHUK -- PPP1R13L -- MAPK9 -- IRF1 -- EIF4G2 -- MYB -- CYCS -- CDK4 -- OTUD7B -- RNF11 -- PSEN1 -- SOD1 -- RPA4 -- CASP7 -- SMPD1 -- TNIK -- HTT -- PELP1 -- BAX -- BID -- FOXM1 -- PCNA -- DIABLO -- APAF1 -- RANGAP1
128,TNFRSF1A -- TNFRSF1B -- MAPK8 -- STAT1 -- JUN -- BIRC2 -- BIRC3 -- SIRT1 -- TNFAIP3 -- MAPK14 -- RHOA -- NR3C1 -- TGFB2 -- RAC1 -- MAP2K7 -- MAP3K1 -- VEGFA -- RET -- TRADD -- AKT1 -- ATM -- CHUK -- PPP1R13L -- MAPK9 -- LYN -- IRF1 -- MYB -- CYCS -- HIP1 -- OTUD7B -- PSEN1 -- BAD -- HNRNPK -- SMPD1 -- TNIK -- BRCA1 -- CDKN2A -- EIF4E -- BID -- MCL1 -- PCNA -- TAF1 -- PLAC8 -- DIABLO -- RANGAP1
129,TNFRSF1A -- TNFRSF1B -- NFKB1 -- MAPK8 -- SIRT1 -- RB1 -- TNFAIP3 -- CCND1 -- TRAF1 -- MAPK14 -- RHOA -- RAC1 -- MAP2K7 -- MAP3K1 -- MAP3K14 -- TRADD -- TNFRSF10B -- CASP2 -- MDM2 -- CHUK -- RPS6KA5 -- PPP1R13L -- MAPK9 -- IRF1 -- EIF4G2 -- HTRA2 -- HIP1 -- CDK4 -- OTUD7B -- RNF11 -- CASP10 -- PSEN1 -- SOD1 -- RPA4 -- SMPD1 -- TNIK -- HTT -- PELP1 -- BAX -- BAK1 -- BID -- FOXM1 -- PCNA -- PLAC8 -- CASP9 -- DIABLO -- APAF1
130,TNFRSF1A -- TNFRSF1B -- NFKB1 -- MAPK8 -- SIRT1 -- RB1 -- TNFAIP3 -- CCND1 -- TRAF1 -- MAPK14 -- PTMA -- RHOA -- RAC1 -- MAP2K7 -- MAP3K1 -- MAP3K14 -- TRADD -- TNFRSF10B -- ATM -- CASP2 -- MDM2 -- CHUK -- RPS6KA5 -- PPP1R13L -- MAPK9 -- LYN -- IRF1 -- HTRA2 -- HIP1 -- CDK4 -- OTUD7B -- RNF11 -- PSEN1 -- SOD1 -- HNRNPK -- RPA4 -- SMPD1 -- TNIK -- HTT -- PELP1 -- BAX -- BAK1 -- EIF4E -- BID -- FOXM1 -- PCNA -- PLAC8 -- DIABLO -- APAF1
131,TNFRSF1A -- TNFRSF1B -- MAPK8 -- STAT1 -- JUN -- FOS -- BIRC2 -- SIRT1 -- TNFAIP3 -- TRAF1 -- MAPK14 -- RHOA -- NR3C1 -- RAC1 -- MAP2K7 -- MAP3K1 -- VEGFA -- MAP3K14 -- RET -- TRADD -- ATM -- CHUK -- RPS6KA5 -- PPP1R13L -- MAPK9 -- IRF1 -- EIF4G2 -- MYB -- HIP1 -- RNF11 -- PSEN1 -- SOD1 -- HNRNPK -- SMPD1 -- TNIK -- HTT -- BRCA1 -- CDKN2A -- BID -- MCL1 -- PCNA -- PLAC8 -- CASP9 -- DIABLO -- APAF1 -- RASSF1
132,TNFRSF1A -- TNFRSF1B -- NFKB1 -- MAPK8 -- SIRT1 -- RB1 -- TNFAIP3 -- CCND1 -- TRAF1 -- MAPK14 -- RHOA -- RAC1 -- MAP2K7 -- MAP3K1 -- IGF1 -- MAP3K14 -- TRADD -- TNFRSF10B -- ATM -- CASP2 -- MDM2 -- CHUK -- RPS6KA5 -- PPP1R13L -- MAPK9 -- LYN -- IRF1 -- EIF4G2 -- HTRA2 -- HIP1 -- CDK4 -- OTUD7B -- RNF11 -- CASP10 -- PSEN1 -- SOD1 -- RPA4 -- SMPD1 -- TNIK -- HTT -- PELP1 -- BAX -- BAK1 -- EIF4E -- BID -- FOXM1 -- PCNA -- PLAC8 -- CASP9 -- DIABLO -- APAF1
133,STAT1 -- FOS -- SIRT1 -- FASLG -- MAPK14 -- TGFB2 -- RAC1 -- MAP2K7 -- MAP3K1 -- VEGFA -- MAPK1 -- TNFRSF10B -- AKT1 -- ATM -- E2F1 -- MDM2 -- CHUK -- RPS6KA5 -- PPP1R13L -- MAPK9 -- LYN -- IRF1 -- MYB -- CYCS -- HIP1 -- CDK4 -- OTUD7B -- PSEN1 -- RPA4 -- SMPD1 -- BBC3 -- PELP1 -- EIF4E -- BID -- FOXM1 -- CTBP1 -- PCNA -- TAF1 -- PLAC8 -- DIABLO
134,TNFRSF1A -- TNFRSF1B -- NFKB1 -- MAPK8 -- STAT1 -- SIRT1 -- RB1 -- TNFAIP3 -- CCND1 -- MAPK14 -- RHOA -- RAC1 -- MAP2K7 -- MAP3K1 -- MAP3K14 -- TRADD -- TNFRSF10B -- CASP2 -- MDM2 -- CHUK -- RPS6KA5 -- PPP1R13L -- MAPK9 -- LYN -- IRF1 -- HTRA2 -- HIP1 -- CDK4 -- OTUD7B -- RNF11 -- PSEN1 -- SOD1 -- RPA4 -- SMPD1 -- TNIK -- PELP1 -- BAX -- BAK1 -- EIF4E -- BID -- FOXM1 -- PCNA -- PLAC8 -- CASP9 -- DIABLO -- APAF1
135,TNFRSF1A -- TNFRSF1B -- MAPK8 -- STAT1 -- JUN -- FOS -- SIRT1 -- TNFAIP3 -- TRAF1 -- MAPK14 -- RHOA -- NR3C1 -- TGFB2 -- RAC1 -- MAP2K7 -- MAP3K1 -- VEGFA -- MAP3K14 -- RET -- TRADD -- ATM -- CASP2 -- CHUK -- RPS6KA5 -- PPP1R13L -- MAPK9 -- IRF1 -- EIF4G2 -- HTRA2 -- MYB -- HIP1 -- RNF11 -- CASP10 -- PSEN1 -- SOD1 -- HNRNPK -- CASP7 -- SMPD1 -- TNIK -- HTT -- BRCA1 -- CDKN2A -- BAX -- BID -- MCL1 -- PCNA -- TAF1 -- PLAC8 -- CASP9 -- DIABLO -- APAF1 -- RASSF1
136,BIRC2 -- BIRC3 -- MAPK14 -- TGFB2 -- RAC1 -- MAP2K7 -- MAP3K1 -- VEGFA -- MAPK1 -- AKT1 -- MDM2 -- CHUK -- PPP1R13L -- MAPK9 -- LYN -- CYCS -- CDK4 -- OTUD7B -- PSEN1 -- RPA4 -- SMPD1 -- TNIK -- PELP1 -- EIF4E -- BID -- FOXM1 -- MCL1 -- CTBP1 -- TAF1 -- PLAC8 -- DIABLO
137,TNFRSF1A -- TNFRSF1B -- NFKB1 -- MAPK8 -- JUN -- FOS -- SIRT1 -- RB1 -- TNFAIP3 -- CCND1 -- TRAF1 -- MAPK14 -- RHOA -- RAC1 -- MAP2K7 -- MAP3K1 -- MAP3K14 -- RET -- TRADD -- TNFRSF10B -- ATM -- CASP2 -- CHUK -- RPS6KA5 -- PPP1R13L -- MAPK9 -- IRF1 -- EIF4G2 -- HTRA2 -- MYB -- HIP1 -- CDK4 -- OTUD7B -- RNF11 -- CASP10 -- PSEN1 -- SOD1 -- HNRNPK -- RPA4 -- SMPD1 -- TNIK -- HTT -- CDKN2A -- PELP1 -- BAX -- BAK1 -- BID -- FOXM1 -- PCNA -- PLAC8 -- CASP9 -- DIABLO -- APAF1
138,TNFRSF1A -- TNFRSF1B -- NFKB1 -- MAPK8 -- STAT1 -- BIRC2 -- BIRC3 -- SIRT1 -- MYC -- RB1 -- TNFAIP3 -- CCND1 -- MAPK14 -- PTMA -- RHOA -- RAC1 -- MAP2K7 -- MAP3K1 -- TRADD -- TNFRSF10B -- MDM2 -- CHUK -- PPP1R13L -- MAPK9 -- LYN -- IRF1 -- HTRA2 -- CDK4 -- OTUD7B -- RNF11 -- CASP10 -- PSEN1 -- SOD1 -- RPA4 -- SMPD1 -- TNIK -- PELP1 -- BAK1 -- EIF4E -- BID -- FOXM1 -- PCNA -- TAF1 -- DIABLO -- RANGAP1
139,TNFRSF1A -- TNFRSF1B -- MAPK8 -- STAT1 -- JUN -- FOS -- SIRT1 -- RB1 -- TNFAIP3 -- TRAF1 -- MAPK14 -- RHOA -- RAC1 -- MAP2K7 -- MAP3K1 -- MAP3K14 -- TRADD -- ATM -- CASP2 -- CHUK -- RPS6KA5 -- PPP1R13L -- MAPK9 -- IRF1 -- EIF4G2 -- HTRA2 -- MYB -- HIP1 -- OTUD7B -- RNF11 -- PSEN1 -- SOD1 -- HNRNPK -- SMPD1 -- TNIK -- HTT -- CDKN2A -- PELP1 -- BAX -- BAK1 -- BID -- PCNA -- PLAC8 -- CASP9 -- DIABLO -- APAF1
140,TNFRSF1A -- TNFRSF1B -- MAPK8 -- BIRC2 -- BIRC3 -- SIRT1 -- RB1 -- TNFAIP3 -- CCND1 -- MAPK14 -- PTMA -- RHOA -- TGFB2 -- RAC1 -- MAP2K7 -- MAP3K1 -- TRADD -- MDM2 -- CHUK -- PPP1R13L -- MAPK9 -- LYN -- IRF1 -- EIF4G2 -- CYCS -- CDK4 -- OTUD7B -- RNF11 -- CASP10 -- PSEN1 -- BAD -- SOD1 -- RPA4 -- SMPD1 -- TNIK -- PELP1 -- EIF4E -- BID -- FOXM1 -- MCL1 -- PCNA -- DIABLO -- RANGAP1
141,STAT1 -- JUN -- FOS -- BIRC2 -- BIRC3 -- SIRT1 -- MAPK14 -- TGFB2 -- RAC1 -- MAP2K7 -- MAP3K1 -- VEGFA -- MAPK1 -- AKT1 -- ATM -- CHUK -- RPS6KA5 -- PPP1R13L -- MAPK9 -- IRF1 -- EIF4G2 -- MYB -- CYCS -- HIP1 -- CDK4 -- OTUD7B -- RNF11 -- CASP10 -- PSEN1 -- HNRNPK -- RPA4 -- CASP7 -- SMPD1 -- CDKN2A -- PELP1 -- BAK1 -- BID -- FOXM1 -- MCL1 -- CTBP1 -- PCNA -- TAF1 -- PLAC8 -- DIABLO
142,JUN -- FOS -- BIRC2 -- CCND1 -- TRAF1 -- MAPK14 -- TGFB2 -- IL2 -- MAP2K7 -- MAP3K1 -- IGF1 -- VEGFA -- MAP3K14 -- RET -- TRADD -- MAPK1 -- TNFRSF10B -- AKT1 -- ATM -- NFKB2 -- CHUK -- RPS6KA5 -- PPP1R13L -- MAPK9 -- IRF1 -- EIF4G2 -- HIP1 -- OTUD7B -- CASP10 -- PSEN1 -- HNRNPK -- CASP7 -- HTT -- CDKN2A -- BBC3 -- BAK1 -- BID -- FOXM1 -- CTBP1 -- PCNA -- TAF1 -- PLAC8 -- CCNG1 -- DIABLO -- RASSF1
143,TNFRSF1A -- TNFRSF1B -- MAPK8 -- STAT1 -- BIRC2 -- SIRT1 -- MYC -- TNFAIP3 -- TRAF1 -- MAPK14 -- PTMA -- RHOA -- RAC1 -- MAP2K7 -- MAP3K1 -- VEGFA -- RET -- TRADD -- ATM -- CHUK -- PPP1R13L -- MAPK9 -- LYN -- IRF1 -- CYCS -- HIP1 -- RNF11 -- PSEN1 -- SOD1 -- HNRNPK -- SMPD1 -- TNIK -- BRCA1 -- CDKN2A -- EIF4E -- BID -- MCL1 -- PCNA -- TAF1 -- DIABLO -- RASSF1 -- RANGAP1
144,TNFRSF1A -- TNFRSF1B -- NFKB1 -- MAPK8 -- BIRC2 -- SIRT1 -- RB1 -- TNFAIP3 -- CCND1 -- TRAF1 -- MAPK14 -- RHOA -- RAC1 -- MAP2K7 -- MAP3K1 -- IGF1 -- TRADD -- TNFRSF10B -- ATM -- MDM2 -- CHUK -- RPS6KA5 -- PPP1R13L -- MAPK9 -- LYN -- IRF1 -- EIF4G2 -- HTRA2 -- HIP1 -- CDK4 -- OTUD7B -- RNF11 -- CASP10 -- PSEN1 -- SOD1 -- RPA4 -- SMPD1 -- TNIK -- PELP1 -- BAX -- BAK1 -- BID -- FOXM1 -- PCNA -- PLAC8 -- DIABLO
145,TNFRSF1A -- TNFRSF1B -- MAPK8 -- STAT1 -- JUN -- FOS -- SIRT1 -- TNFAIP3 -- TRAF1 -- MAPK14 -- RHOA -- NR3C1 -- TGFB2 -- RAC1 -- MAP2K7 -- MAP3K1 -- VEGFA -- MAP3K14 -- RET -- TRADD -- ATM -- CASP2 -- CHUK -- PPP1R13L -- MAPK9 -- IRF1 -- EIF4G2 -- HTRA2 -- MYB -- RNF11 -- PSEN1 -- BAD -- SOD1 -- HNRNPK -- CASP7 -- SMPD1 -- TNIK -- HTT -- BRCA1 -- CDKN2A -- BID -- MCL1 -- PCNA -- TAF1 -- DIABLO -- APAF1 -- RASSF1
146,TNFRSF1A -- TNFRSF1B -- MAPK8 -- BIRC2 -- SIRT1 -- MYC -- TNFAIP3 -- CCND1 -- MAPK14 -- PTMA -- RHOA -- RAC1 -- MAP2K7 -- MAP3K1 -- IGF1 -- VEGFA -- TRADD -- ATM -- MDM2 -- CHUK -- PPP1R13L -- MAPK9 -- LYN -- IRF1 -- EIF4G2 -- CYCS -- HIP1 -- CDK4 -- OTUD7B -- RNF11 -- CASP10 -- PSEN1 -- BAD -- SOD1 -- RPA4 -- SMPD1 -- TNIK -- PELP1 -- BID -- FOXM1 -- MCL1 -- PCNA -- TAF1 -- DIABLO -- RANGAP1
147,TNFRSF1A -- TNFRSF1B -- MAPK8 -- STAT1 -- JUN -- FOS -- BIRC2 -- BIRC3 -- SIRT1 -- TNFAIP3 -- TRAF1 -- MAPK14 -- RHOA -- NR3C1 -- TGFB2 -- RAC1 -- MAP2K7 -- MAP3K1 -- VEGFA -- RET -- TRADD -- ATM -- CHUK -- RPS6KA5 -- PPP1R13L -- MAPK9 -- LYN -- IRF1 -- MYB -- CYCS -- HIP1 -- RNF11 -- PSEN1 -- SOD1 -- HNRNPK -- SMPD1 -- TNIK -- BRCA1 -- CDKN2A -- EIF4E -- BID -- MCL1 -- PCNA -- TAF1 -- PLAC8 -- DIABLO -- RASSF1
148,TNFRSF1A -- TNFRSF1B -- MAPK8 -- STAT1 -- BIRC2 -- BIRC3 -- SIRT1 -- MYC -- TNFAIP3 -- MAPK14 -- PTMA -- RHOA -- RAC1 -- MAP2K7 -- MAP3K1 -- VEGFA -- TRADD -- TNFRSF10B -- MDM2 -- CHUK -- PPP1R13L -- MAPK9 -- LYN -- IRF1 -- EIF4G2 -- CYCS -- CDK4 -- OTUD7B -- RNF11 -- CASP10 -- PSEN1 -- BAD -- SOD1 -- RPA4 -- SMPD1 -- TNIK -- PELP1 -- EIF4E -- BID -- FOXM1 -- MCL1 -- PCNA -- TAF1 -- DIABLO -- RANGAP1
149,NFKB1 -- STAT1 -- TRAF1 -- MAPK14 -- RAC1 -- MAP2K7 -- MAP3K1 -- VEGFA -- MAP3K14 -- RET -- MAPK1 -- CHUK -- RPS6KA5 -- PPP1R13L -- MAPK9 -- LYN -- IRF1 -- CYCS -- CDK4 -- OTUD7B -- PSEN1 -- HNRNPK -- RPA4 -- BCL2L1 -- CASP7 -- PELP1 -- EIF4E -- FOXM1 -- MCL1 -- CTBP1 -- PCNA -- TAF1 -- PLAC8 -- DIABLO -- RASSF1
150,TNFRSF1A -- TNFRSF1B -- MAPK8 -- STAT1 -- JUN -- FOS -- BIRC2 -- BIRC3 -- SIRT1 -- TNFAIP3 -- TRAF1 -- MAPK14 -- RHOA -- NR3C1 -- TGFB2 -- RAC1 -- MAP2K7 -- MAP3K1 -- VEGFA -- RET -- TRADD -- ATM -- CHUK -- RPS6KA5 -- PPP1R13L -- MAPK9 -- IRF1 -- EIF4G2 -- MYB -- CYCS -- HIP1 -- RNF11 -- PSEN1 -- SOD1 -- HNRNPK -- SMPD1 -- TNIK -- BRCA1 -- CDKN2A -- BID -- MCL1 -- PCNA -- TAF1 -- PLAC8 -- DIABLO -- RASSF1
151,STAT1 -- BIRC3 -- MAPK14 -- TGFB2 -- RAC1 -- MAP2K7 -- MAP3K1 -- IGF1 -- VEGFA -- RET -- MAPK1 -- AKT1 -- ATM -- MDM2 -- CHUK -- RPS6KA5 -- PPP1R13L -- MAPK9 -- LYN -- IRF1 -- MYB -- CYCS -- HIP1 -- CDK4 -- OTUD7B -- RNF11 -- PARP1 -- PSEN1 -- SOD1 -- RPA4 -- SMPD1 -- PELP1 -- EIF4E -- BID -- FOXM1 -- MCL1 -- CTBP1 -- PCNA -- TAF1 -- PLAC8 -- DIABLO
152,TNFRSF1A -- TNFRSF1B -- MAPK8 -- STAT1 -- JUN -- FOS -- BIRC3 -- SIRT1 -- TNFAIP3 -- TRAF1 -- MAPK14 -- RHOA -- NR3C1 -- TGFB2 -- RAC1 -- MAP2K7 -- MAP3K1 -- VEGFA -- MAP3K14 -- RET -- TRADD -- ATM -- CASP2 -- CHUK -- RPS6KA5 -- PPP1R13L -- MAPK9 -- IRF1 -- EIF4G2 -- MYB -- HIP1 -- RNF11 -- PSEN1 -- SOD1 -- HNRNPK -- SMPD1 -- TNIK -- HTT -- BRCA1 -- CDKN2A -- BID -- MCL1 -- PCNA -- TAF1 -- PLAC8 -- CASP9 -- DIABLO -- APAF1 -- RASSF1
153,TNFRSF1A -- TNFRSF1B -- NFKB1 -- MAPK8 -- SIRT1 -- RB1 -- TNFAIP3 -- CCND1 -- TRAF1 -- MAPK14 -- RHOA -- RAC1 -- MAP2K7 -- MAP3K1 -- IGF1 -- TRADD -- TNFRSF10B -- ATM -- MDM2 -- CHUK -- RPS6KA5 -- PPP1R13L -- MAPK9 -- LYN -- IRF1 -- EIF4G2 -- HTRA2 -- CYCS -- HIP1 -- CDK4 -- OTUD7B -- RNF11 -- CASP10 -- PSEN1 -- SOD1 -- RPA4 -- SMPD1 -- TNIK -- PELP1 -- BAK1 -- BID -- FOXM1 -- PCNA -- PLAC8 -- DIABLO
154,TNFRSF1A -- TNFRSF1B -- MAPK8 -- STAT1 -- JUN -- FOS -- BIRC2 -- BIRC3 -- SIRT1 -- TNFAIP3 -- TRAF1 -- MAPK14 -- RHOA -- NR3C1 -- TGFB2 -- RAC1 -- MAP2K7 -- MAP3K1 -- VEGFA -- RET -- TRADD -- ATM -- CHUK -- RPS6KA5 -- PPP1R13L -- MAPK9 -- IRF1 -- EIF4G2 -- MYB -- CYCS -- HIP1 -- RNF11 -- PSEN1 -- SOD1 -- HNRNPK -- SMPD1 -- TNIK -- BRCA1 -- CDKN2A -- BID -- MCL1 -- PCNA -- TAF1 -- PLAC8 -- DIABLO -- RASSF1
155,STAT1 -- JUN -- BIRC2 -- BIRC3 -- TRAF1 -- MAPK14 -- NR3C1 -- TGFB2 -- RAC1 -- MAP2K7 -- MAP3K1 -- VEGFA -- RET -- TRADD -- TNFRSF10B -- AKT1 -- ATM -- E2F1 -- CHUK -- RPS6KA5 -- PPP1R13L -- MAPK9 -- LYN -- IRF1 -- MYB -- CYCS -- HIP1 -- CASP10 -- PARP1 -- PSEN1 -- SOD1 -- SMPD1 -- TNIK -- PSIP1 -- CDKN2A -- BBC3 -- EIF4E -- BID -- MCL1 -- RBL1 -- PCNA -- TAF1 -- PLAC8 -- DIABLO -- RASSF1
156,TNFRSF1A -- TNFRSF1B -- NFKB1 -- MAPK8 -- SIRT1 -- RB1 -- TNFAIP3 -- CCND1 -- TRAF1 -- MAPK14 -- RHOA -- RAC1 -- MAP2K7 -- MAP3K1 -- MAP3K14 -- TRADD -- CASP2 -- MDM2 -- CHUK -- RPS6KA5 -- PPP1R13L -- MAPK9 -- LYN -- IRF1 -- EIF4G2 -- HTRA2 -- HIP1 -- CDK4 -- OTUD7B -- RNF11 -- PSEN1 -- SOD1 -- RPA4 -- SMPD1 -- TNIK -- HTT -- PELP1 -- BAX -- BAK1 -- BID -- FOXM1 -- PCNA -- PLAC8 -- DIABLO -- APAF1
157,STAT1 -- JUN -- FOS -- BIRC2 -- BIRC3 -- MAPK14 -- TGFB2 -- RAC1 -- MAP2K7 -- MAP3K1 -- VEGFA -- RET -- MAPK1 -- AKT1 -- ATM -- E2F1 -- CHUK -- RPS6KA5 -- PPP1R13L -- MAPK9 -- IRF1 -- EIF4G2 -- MYB -- CYCS -- HIP1 -- OTUD7B -- RNF11 -- PSEN1 -- CASP7 -- SMPD1 -- CDKN2A -- BBC3 -- BAK1 -- BID -- RBL1 -- PCNA -- TAF1 -- PLAC8 -- DIABLO -- APAF1 -- RASSF1
158,TNFRSF1A -- TNFRSF1B -- NFKB1 -- MAPK8 -- SIRT1 -- RB1 -- TNFAIP3 -- CCND1 -- TRAF1 -- MAPK14 -- RHOA -- RAC1 -- MAP2K7 -- MAP3K1 -- IGF1 -- MAP3K14 -- TRADD -- CASP2 -- MDM2 -- CHUK -- RPS6KA5 -- PPP1R13L -- MAPK9 -- LYN -- IRF1 -- EIF4G2 -- HTRA2 -- MYB -- HIP1 -- CDK4 -- OTUD7B -- RNF11 -- CASP10 -- PSEN1 -- SOD1 -- RPA4 -- SMPD1 -- TNIK -- PELP1 -- BAX -- BAK1 -- BID -- FOXM1 -- PCNA -- PLAC8 -- CASP9 -- DIABLO
159,TNFRSF1A -- TNFRSF1B -- NFKB1 -- MAPK8 -- SIRT1 -- MYC -- RB1 -- TNFAIP3 -- CCND1 -- MAPK14 -- PTMA -- RHOA -- TGFB2 -- RAC1 -- MAP2K7 -- MAP3K1 -- MAP3K14 -- TRADD -- TNFRSF10B -- CASP2 -- MDM2 -- CHUK -- PPP1R13L -- MAPK9 -- LYN -- IRF1 -- EIF4G2 -- HTRA2 -- CDK4 -- OTUD7B -- RNF11 -- CASP10 -- PSEN1 -- SOD1 -- RPA4 -- CASP7 -- SMPD1 -- TNIK -- PELP1 -- BAX -- BID -- FOXM1 -- PCNA -- TAF1 -- DIABLO -- APAF1 -- RANGAP1
160,TNFRSF1A -- TNFRSF1B -- MAPK8 -- STAT1 -- JUN -- FOS -- BIRC2 -- SIRT1 -- TNFAIP3 -- TRAF1 -- MAPK14 -- RHOA -- NR3C1 -- TGFB2 -- RAC1 -- MAP2K7 -- MAP3K1 -- VEGFA -- RET -- TRADD -- ATM -- CASP2 -- CHUK -- RPS6KA5 -- PPP1R13L -- MAPK9 -- IRF1 -- EIF4G2 -- MYB -- HIP1 -- RNF11 -- PSEN1 -- SOD1 -- HNRNPK -- CASP7 -- SMPD1 -- TNIK -- HTT -- BRCA1 -- CDKN2A -- BID -- MCL1 -- PCNA -- PLAC8 -- CASP9 -- DIABLO -- APAF1 -- RASSF1
161,TP53 -- NFKB1 -- STAT1 -- BIRC2 -- TNFAIP3 -- TRAF1 -- MAPK14 -- TGFB2 -- MAP2K7 -- MAP3K1 -- VEGFA -- RET -- MAPK1 -- AKT1 -- NFKB2 -- E2F1 -- CHUK -- RPS6KA5 -- PPP1R13L -- MAPK9 -- LYN -- IRF1 -- EIF4G2 -- CYCS -- HIP1 -- CDK4 -- OTUD7B -- CASP10 -- PARP1 -- PSEN1 -- RPA4 -- HTT -- BBC3 -- BAK1 -- BID -- FOXM1 -- CTBP1 -- RBL1 -- PCNA -- TAF1 -- PLAC8 -- CCNG1 -- DIABLO
162,TNFRSF1A -- TNFRSF1B -- NFKB1 -- MAPK8 -- SIRT1 -- RB1 -- TNFAIP3 -- CCND1 -- TRAF1 -- MAPK14 -- PTMA -- RHOA -- RAC1 -- MAP2K7 -- MAP3K1 -- MAP3K14 -- TRADD -- TNFRSF10B -- ATM -- CASP2 -- MDM2 -- CHUK -- RPS6KA5 -- PPP1R13L -- MAPK9 -- LYN -- IRF1 -- EIF4G2 -- HTRA2 -- HIP1 -- CDK4 -- OTUD7B -- RNF11 -- CASP10 -- PSEN1 -- SOD1 -- RPA4 -- SMPD1 -- TNIK -- HTT -- PELP1 -- BAX -- BAK1 -- EIF4E -- BID -- FOXM1 -- PCNA -- PLAC8 -- DIABLO
163,TNFRSF1A -- TNFRSF1B -- MAPK8 -- STAT1 -- JUN -- BIRC2 -- BIRC3 -- SIRT1 -- TNFAIP3 -- TRAF1 -- MAPK14 -- RHOA -- TGFB2 -- RAC1 -- MAP2K7 -- MAP3K1 -- VEGFA -- RET -- TRADD -- ATM -- CHUK -- RPS6KA5 -- PPP1R13L -- MAPK9 -- LYN -- IRF1 -- MYB -- CYCS -- HIP1 -- RNF11 -- PSEN1 -- SOD1 -- HNRNPK -- RPA4 -- SMPD1 -- TNIK -- CDKN2A -- PELP1 -- EIF4E -- BID -- FOXM1 -- MCL1 -- PCNA -- TAF1 -- PLAC8 -- DIABLO -- RASSF1
164,NFKB1 -- RB1 -- TNFAIP3 -- CCND1 -- CFLAR -- TRAF1 -- MAPK14 -- RHOA -- IL2 -- RAC1 -- MAP2K7 -- MAP3K1 -- IGF1 -- MAP3K14 -- MAPK1 -- TNFRSF10B -- MDM2 -- CHUK -- RPS6KA5 -- PPP1R13L -- MAPK9 -- LYN -- IRF1 -- HTRA2 -- HIP1 -- CDK4 -- OTUD7B -- RNF11 -- PARP1 -- PSEN1 -- SOD1 -- RPA4 -- SMPD1 -- PELP1 -- EIF4E -- FOXM1 -- MCL1 -- PCNA -- PLAC8 -- APAF1
165,TNFRSF1A -- TNFRSF1B -- MAPK8 -- JUN -- FOS -- SIRT1 -- RB1 -- TNFAIP3 -- CCND1 -- TRAF1 -- MAPK14 -- RHOA -- RAC1 -- MAP2K7 -- MAP3K1 -- MAP3K14 -- RET -- TRADD -- ATM -- CASP2 -- CHUK -- RPS6KA5 -- PPP1R13L -- MAPK9 -- IRF1 -- EIF4G2 -- HTRA2 -- HIP1 -- RNF11 -- CASP10 -- PSEN1 -- SOD1 -- RPA4 -- SMPD1 -- TNIK -- HTT -- CDKN2A -- PELP1 -- BAX -- BAK1 -- BID -- FOXM1 -- PCNA -- PLAC8 -- CASP9 -- DIABLO -- APAF1 -- RASSF1
166,TNFRSF1A -- TNFRSF1B -- NFKB1 -- MAPK8 -- SIRT1 -- RB1 -- TNFAIP3 -- CCND1 -- MAPK14 -- RHOA -- RAC1 -- MAP2K7 -- MAP3K1 -- IGF1 -- MAP3K14 -- TRADD -- TNFRSF10B -- ATM -- MDM2 -- CHUK -- RPS6KA5 -- PPP1R13L -- MAPK9 -- LYN -- IRF1 -- EIF4G2 -- HTRA2 -- HIP1 -- CDK4 -- OTUD7B -- RNF11 -- CASP10 -- PSEN1 -- SOD1 -- RPA4 -- SMPD1 -- TNIK -- PELP1 -- BAX -- BAK1 -- BID -- FOXM1 -- PCNA -- PLAC8 -- CASP9 -- DIABLO -- APAF1
167,TNFRSF1A -- TNFRSF1B -- MAPK8 -- STAT1 -- JUN -- FOS -- SIRT1 -- TNFAIP3 -- MAPK14 -- RHOA -- NR3C1 -- TGFB2 -- RAC1 -- MAP2K7 -- MAP3K1 -- VEGFA -- MAP3K14 -- RET -- TRADD -- ATM -- CASP2 -- CHUK -- RPS6KA5 -- PPP1R13L -- MAPK9 -- IRF1 -- EIF4G2 -- HTRA2 -- MYB -- HIP1 -- RNF11 -- PSEN1 -- BAD -- SOD1 -- HNRNPK -- CASP7 -- SMPD1 -- TNIK -- HTT -- CDKN2A -- BBC3 -- BAK1 -- BID -- PCNA -- TAF1 -- PLAC8 -- DIABLO -- APAF1 -- RASSF1
168,STAT1 -- BIRC2 -- BIRC3 -- SIRT1 -- MAPK14 -- RAC1 -- MAP2K7 -- MAP3K1 -- IGF1 -- VEGFA -- RET -- MAPK1 -- AKT1 -- ATM -- E2F1 -- CHUK -- RPS6KA5 -- PPP1R13L -- MAPK9 -- LYN -- IRF1 -- MYB -- CYCS -- HIP1 -- CDK4 -- OTUD7B -- PARP1 -- PSEN1 -- RPA4 -- SMPD1 -- BBC3 -- PELP1 -- BAK1 -- EIF4E -- BID -- FOXM1 -- CTBP1 -- RBL1 -- PCNA -- TAF1 -- PLAC8 -- DIABLO
169,TNFRSF1A -- TNFRSF1B -- MAPK8 -- STAT1 -- JUN -- FOS -- BIRC2 -- BIRC3 -- SIRT1 -- TNFAIP3 -- TRAF1 -- MAPK14 -- RHOA -- NR3C1 -- TGFB2 -- RAC1 -- MAP2K7 -- MAP3K1 -- VEGFA -- RET -- TRADD -- ATM -- CHUK -- RPS6KA5 -- PPP1R13L -- MAPK9 -- IRF1 -- EIF4G2 -- MYB -- CYCS -- HIP1 -- RNF11 -- PSEN1 -- SOD1 -- HNRNPK -- CASP7 -- SMPD1 -- TNIK -- HTT -- BRCA1 -- CDKN2A -- BID -- MCL1 -- PCNA -- TAF1 -- PLAC8 -- DIABLO
170,TNFRSF1A -- TNFRSF1B -- MAPK8 -- STAT1 -- JUN -- FOS -- BIRC2 -- BIRC3 -- SIRT1 -- TNFAIP3 -- TRAF1 -- MAPK14 -- RHOA -- NR3C1 -- TGFB2 -- RAC1 -- MAP2K7 -- MAP3K1 -- VEGFA -- MAP3K14 -- RET -- TRADD -- ATM -- CHUK -- RPS6KA5 -- PPP1R13L -- MAPK9 -- LYN -- IRF1 -- EIF4G2 -- MYB -- CYCS -- HIP1 -- RNF11 -- PSEN1 -- SOD1 -- HNRNPK -- SMPD1 -- TNIK -- HTT -- BRCA1 -- CDKN2A -- BID -- MCL1 -- PCNA -- TAF1 -- PLAC8 -- DIABLO -- APAF1 -- RASSF1
171,TNFRSF1A -- TNFRSF1B -- MAPK8 -- STAT1 -- JUN -- FOS -- SIRT1 -- TNFAIP3 -- TRAF1 -- MAPK14 -- RHOA -- TGFB2 -- RAC1 -- MAP2K7 -- MAP3K1 -- VEGFA -- MAP3K14 -- TRADD -- ATM -- CASP2 -- CHUK -- RPS6KA5 -- PPP1R13L -- MAPK9 -- IRF1 -- EIF4G2 -- HTRA2 -- MYB -- HIP1 -- RNF11 -- CASP10 -- PSEN1 -- SOD1 -- HNRNPK -- SMPD1 -- TNIK -- HTT -- BRCA1 -- CDKN2A -- PELP1 -- BAX -- BID -- MCL1 -- PCNA -- TAF1 -- PLAC8 -- CASP9 -- DIABLO -- APAF1 -- RASSF1
172,TNFRSF1A -- TNFRSF1B -- MAPK8 -- STAT1 -- BIRC2 -- BIRC3 -- SIRT1 -- TNFAIP3 -- TRAF1 -- MAPK14 -- RHOA -- NR3C1 -- RAC1 -- MAP2K7 -- MAP3K1 -- VEGFA -- RET -- TRADD -- CHUK -- RPS6KA5 -- PPP1R13L -- MAPK9 -- LYN -- IRF1 -- CYCS -- HIP1 -- CDK4 -- OTUD7B -- RNF11 -- PSEN1 -- SOD1 -- HNRNPK -- RPA4 -- SMPD1 -- TNIK -- EIF4E -- BID -- FOXM1 -- MCL1 -- RBL1 -- PCNA -- TAF1 -- PLAC8 -- DIABLO
173,TNFRSF1A -- TNFRSF1B -- MAPK8 -- BIRC2 -- SIRT1 -- MYC -- RB1 -- TNFAIP3 -- CCND1 -- MAPK14 -- PTMA -- RHOA -- RAC1 -- MAP2K7 -- MAP3K1 -- IGF1 -- TRADD -- MDM2 -- CHUK -- PPP1R13L -- MAPK9 -- LYN -- IRF1 -- CYCS -- CDK4 -- OTUD7B -- RNF11 -- PSEN1 -- SOD1 -- RPA4 -- SMPD1 -- TNIK -- PELP1 -- BAK1 -- EIF4E -- BID -- FOXM1 -- PCNA -- TAF1 -- DIABLO -- RANGAP1
174,TNFRSF1A -- TNFRSF1B -- MAPK8 -- STAT1 -- JUN -- FOS -- BIRC2 -- SIRT1 -- TNFAIP3 -- TRAF1 -- MAPK14 -- RHOA -- NR3C1 -- TGFB2 -- RAC1 -- MAP2K7 -- MAP3K1 -- VEGFA -- MAP3K14 -- RET -- TRADD -- ATM -- CASP2 -- CHUK -- RPS6KA5 -- PPP1R13L -- MAPK9 -- IRF1 -- EIF4G2 -- MYB -- HIP1 -- RNF11 -- PSEN1 -- SOD1 -- HNRNPK -- CASP7 -- SMPD1 -- TNIK -- HTT -- BRCA1 -- CDKN2A -- BID -- MCL1 -- PCNA -- TAF1 -- PLAC8 -- CASP9 -- DIABLO -- RASSF1
175,TNFRSF1A -- TNFRSF1B -- MAPK8 -- STAT1 -- SIRT1 -- MYC -- TNFAIP3 -- CCND1 -- MAPK14 -- PTMA -- RHOA -- RAC1 -- MAP2K7 -- MAP3K1 -- VEGFA -- TRADD -- MDM2 -- CHUK -- PPP1R13L -- MAPK9 -- LYN -- IRF1 -- HTRA2 -- CDK4 -- OTUD7B -- RNF11 -- PSEN1 -- BAD -- SOD1 -- RPA4 -- SMPD1 -- TNIK -- PELP1 -- BAX -- BAK1 -- EIF4E -- BID -- TFDP1 -- PCNA -- TAF1 -- DIABLO
176,TNFRSF1A -- TNFRSF1B -- MAPK8 -- STAT1 -- JUN -- FOS -- SIRT1 -- TNFAIP3 -- TRAF1 -- MAPK14 -- RHOA -- NR3C1 -- TGFB2 -- RAC1 -- MAP2K7 -- MAP3K1 -- VEGFA -- MAP3K14 -- RET -- TRADD -- ATM -- CASP2 -- CHUK -- RPS6KA5 -- PPP1R13L -- MAPK9 -- IRF1 -- EIF4G2 -- HTRA2 -- MYB -- HIP1 -- RNF11 -- PSEN1 -- SOD1 -- HNRNPK -- CASP7 -- SMPD1 -- TNIK -- HTT -- BRCA1 -- CDKN2A -- BID -- MCL1 -- PCNA -- TAF1 -- PLAC8 -- CASP9 -- DIABLO -- APAF1 -- RASSF1
177,TNFRSF1A -- TNFRSF1B -- NFKB1 -- MAPK8 -- BIRC2 -- SIRT1 -- RB1 -- TNFAIP3 -- CCND1 -- TRAF1 -- MAPK14 -- RHOA -- TGFB2 -- RAC1 -- MAP2K7 -- MAP3K1 -- RET -- TRADD -- TNFRSF10B -- ATM -- CHUK -- RPS6KA5 -- PPP1R13L -- MAPK9 -- LYN -- IRF1 -- EIF4G2 -- HTRA2 -- HIP1 -- CDK4 -- OTUD7B -- RNF11 -- CASP10 -- PSEN1 -- SOD1 -- HNRNPK -- RPA4 -- SMPD1 -- TNIK -- BBC3 -- PELP1 -- BAX -- BAK1 -- BID -- FOXM1 -- PCNA -- PLAC8 -- DIABLO
178,TNFRSF1A -- TNFRSF1B -- NFKB1 -- MAPK8 -- SIRT1 -- RB1 -- TNFAIP3 -- CCND1 -- TRAF1 -- MAPK14 -- RHOA -- RAC1 -- MAP2K7 -- MAP3K1 -- IGF1 -- TRADD -- TNFRSF10B -- CASP2 -- MDM2 -- CHUK -- RPS6KA5 -- PPP1R13L -- MAPK9 -- LYN -- IRF1 -- EIF4G2 -- HTRA2 -- HIP1 -- CDK4 -- OTUD7B -- RNF11 -- CASP10 -- PSEN1 -- SOD1 -- RPA4 -- SMPD1 -- TNIK -- PELP1 -- BAX -- BAK1 -- BID -- FOXM1 -- PCNA -- PLAC8 -- CASP9 -- DIABLO -- APAF1
179,TNFRSF1A -- TNFRSF1B -- NFKB1 -- MAPK8 -- BIRC2 -- BIRC3 -- SIRT1 -- MYC -- TNFAIP3 -- CCND1 -- MAPK14 -- PTMA -- RHOA -- TGFB2 -- RAC1 -- MAP2K7 -- MAP3K1 -- IGF1 -- RET -- TRADD -- TNFRSF10B -- ATM -- MDM2 -- CHUK -- PPP1R13L -- MAPK9 -- LYN -- IRF1 -- CYCS -- CDK4 -- OTUD7B -- RNF11 -- PSEN1 -- BAD -- SOD1 -- RPA4 -- SMPD1 -- TNIK -- PELP1 -- EIF4E -- BID -- FOXM1 -- MCL1 -- PCNA -- TAF1 -- DIABLO -- RANGAP1
180,TNFRSF1A -- TNFRSF1B -- NFKB1 -- MAPK8 -- SIRT1 -- RB1 -- TNFAIP3 -- CCND1 -- TRAF1 -- MAPK14 -- RHOA -- RAC1 -- MAP2K7 -- MAP3K1 -- IGF1 -- MAP3K14 -- TRADD -- TNFRSF10B -- ATM -- CASP2 -- MDM2 -- CHUK -- RPS6KA5 -- PPP1R13L -- MAPK9 -- IRF1 -- EIF4G2 -- HTRA2 -- HIP1 -- CDK4 -- OTUD7B -- RNF11 -- CASP10 -- PSEN1 -- SOD1 -- RPA4 -- SMPD1 -- TNIK -- HTT -- PELP1 -- BAX -- BAK1 -- BID -- FOXM1 -- PCNA -- PLAC8 -- CASP9 -- DIABLO -- APAF1
181,TNFRSF1A -- TNFRSF1B -- MAPK8 -- STAT1 -- JUN -- FOS -- SIRT1 -- TNFAIP3 -- TRAF1 -- MAPK14 -- RHOA -- TGFB2 -- RAC1 -- MAP2K7 -- MAP3K1 -- IGF1 -- VEGFA -- MAP3K14 -- TRADD -- CASP2 -- MDM2 -- CHUK -- RPS6KA5 -- PPP1R13L -- MAPK9 -- IRF1 -- EIF4G2 -- HTRA2 -- MYB -- HIP1 -- RNF11 -- PSEN1 -- SOD1 -- SMPD1 -- TNIK -- HTT -- CDKN2A -- PELP1 -- BAX -- BAK1 -- BID -- PCNA -- TAF1 -- PLAC8 -- CASP9 -- DIABLO -- APAF1
182,TNFRSF1A -- TNFRSF1B -- NFKB1 -- MAPK8 -- STAT1 -- BIRC2 -- SIRT1 -- MYC -- TNFAIP3 -- CCND1 -- MAPK14 -- PTMA -- RHOA -- TGFB2 -- RAC1 -- MAP2K7 -- MAP3K1 -- VEGFA -- RET -- TRADD -- TNFRSF10B -- MDM2 -- CHUK -- PPP1R13L -- MAPK9 -- LYN -- IRF1 -- CYCS -- RNF11 -- PSEN1 -- SOD1 -- SMPD1 -- TNIK -- BRCA1 -- BAK1 -- EIF4E -- BID -- PCNA -- TAF1 -- DIABLO -- RANGAP1
183,TNFRSF1A -- TNFRSF1B -- MAPK8 -- STAT1 -- FOS -- BIRC2 -- BIRC3 -- SIRT1 -- MYC -- TNFAIP3 -- TRAF1 -- MAPK14 -- RHOA -- NR3C1 -- TGFB2 -- RAC1 -- MAP2K7 -- MAP3K1 -- VEGFA -- RET -- TRADD -- ATM -- MDM2 -- CHUK -- PPP1R13L -- MAPK9 -- LYN -- IRF1 -- CYCS -- CDK4 -- OTUD7B -- RNF11 -- PSEN1 -- BAD -- SOD1 -- HNRNPK -- SMPD1 -- TNIK -- BRCA1 -- PELP1 -- EIF4E -- BID -- FOXM1 -- MCL1 -- PCNA -- TAF1 -- PLAC8 -- DIABLO
184,STAT1 -- JUN -- FOS -- FASLG -- TRAF1 -- MAPK14 -- TGFB2 -- RAC1 -- MAP2K7 -- MAP3K1 -- VEGFA -- MAP3K14 -- RET -- TRADD -- MAPK1 -- TNFRSF10B -- AKT1 -- ATM -- E2F1 -- CHUK -- RPS6KA5 -- PPP1R13L -- MAPK9 -- IRF1 -- EIF4G2 -- MYB -- HIP1 -- OTUD7B -- RNF11 -- CASP10 -- PSEN1 -- CASP7 -- SMPD1 -- TNIK -- CDKN2A -- BBC3 -- BAX -- BAK1 -- BID -- RBL1 -- PCNA -- TAF1 -- PLAC8 -- DIABLO -- APAF1 -- RASSF1
185,TNFRSF1A -- TNFRSF1B -- MAPK8 -- STAT1 -- JUN -- FOS -- BIRC2 -- SIRT1 -- TNFAIP3 -- TRAF1 -- MAPK14 -- RHOA -- NR3C1 -- TGFB2 -- RAC1 -- MAP2K7 -- MAP3K1 -- VEGFA -- MAP3K14 -- RET -- TRADD -- ATM -- CASP2 -- CHUK -- RPS6KA5 -- PPP1R13L -- MAPK9 -- IRF1 -- EIF4G2 -- MYB -- CYCS -- HIP1 -- RNF11 -- CASP10 -- PSEN1 -- SOD1 -- HNRNPK -- CASP7 -- SMPD1 -- TNIK -- HTT -- BRCA1 -- CDKN2A -- BID -- MCL1 -- PCNA -- TAF1 -- PLAC8 -- CASP9 -- DIABLO -- APAF1 -- RASSF1
186,TNFRSF1A -- TNFRSF1B -- MAPK8 -- STAT1 -- JUN -- SIRT1 -- TNFAIP3 -- TRAF1 -- MAPK14 -- TGFB2 -- RAC1 -- MAP2K7 -- MAP3K1 -- VEGFA -- MAP3K14 -- RET -- TRADD -- TNFRSF10B -- AKT1 -- ATM -- CASP2 -- CHUK -- RPS6KA5 -- PPP1R13L -- MAPK9 -- IRF1 -- EIF4G2 -- HTRA2 -- MYB -- HIP1 -- OTUD7B -- CASP10 -- PSEN1 -- RPA4 -- CASP7 -- TNIK -- HTT -- CDKN2A -- PELP1 -- BID -- MCL1 -- PCNA -- TAF1 -- PLAC8 -- CASP9 -- DIABLO -- APAF1
187,TNFRSF1A -- TNFRSF1B -- MAPK8 -- STAT1 -- SIRT1 -- RB1 -- TNFAIP3 -- CCND1 -- TRAF1 -- MAPK14 -- RHOA -- RAC1 -- MAP2K7 -- MAP3K1 -- IGF1 -- MAP3K14 -- TRADD -- TNFRSF10B -- CASP2 -- MDM2 -- CHUK -- RPS6KA5 -- PPP1R13L -- MAPK9 -- LYN -- IRF1 -- EIF4G2 -- CYCS -- HIP1 -- CDK4 -- OTUD7B -- RNF11 -- CASP10 -- PSEN1 -- BAD -- SOD1 -- RPA4 -- SMPD1 -- TNIK -- HTT -- PELP1 -- BID -- FOXM1 -- PCNA -- DIABLO -- APAF1 -- RANGAP1
188,TNFRSF1A -- TNFRSF1B -- MAPK8 -- BIRC2 -- SIRT1 -- MYC -- TNFAIP3 -- CCND1 -- MAPK14 -- PTMA -- RHOA -- TGFB2 -- RAC1 -- MAP2K7 -- MAP3K1 -- TRADD -- TNFRSF10B -- MDM2 -- CHUK -- PPP1R13L -- MAPK9 -- LYN -- IRF1 -- EIF4G2 -- HTRA2 -- CYCS -- CDK4 -- OTUD7B -- RNF11 -- CASP10 -- PSEN1 -- BAD -- SOD1 -- RPA4 -- SMPD1 -- TNIK -- PELP1 -- BAX -- BAK1 -- BID -- FOXM1 -- PCNA -- TAF1 -- DIABLO -- RANGAP1
189,TNFRSF1A -- TNFRSF1B -- MAPK8 -- STAT1 -- JUN -- FOS -- SIRT1 -- RB1 -- TNFAIP3 -- TRAF1 -- MAPK14 -- RHOA -- RAC1 -- MAP2K7 -- MAP3K1 -- IGF1 -- MAP3K14 -- TRADD -- ATM -- CASP2 -- CHUK -- RPS6KA5 -- PPP1R13L -- MAPK9 -- IRF1 -- EIF4G2 -- HTRA2 -- MYB -- HIP1 -- OTUD7B -- RNF11 -- PSEN1 -- SOD1 -- SMPD1 -- TNIK -- HTT -- CDKN2A -- BAX -- BAK1 -- BID -- PCNA -- PLAC8 -- CASP9 -- DIABLO -- APAF1
190,TNFRSF1A -- TNFRSF1B -- MAPK8 -- STAT1 -- BIRC2 -- BIRC3 -- SIRT1 -- TNFAIP3 -- TRAF1 -- MAPK14 -- RHOA -- NR3C1 -- RAC1 -- MAP2K7 -- MAP3K1 -- VEGFA -- RET -- TRADD -- ATM -- CHUK -- RPS6KA5 -- PPP1R13L -- MAPK9 -- LYN -- IRF1 -- CYCS -- HIP1 -- CDK4 -- OTUD7B -- RNF11 -- PSEN1 -- SOD1 -- HNRNPK -- SMPD1 -- TNIK -- EIF4E -- BID -- MCL1 -- PCNA -- PLAC8 -- DIABLO -- RASSF1
191,TNFRSF1A -- TNFRSF1B -- NFKB1 -- MAPK8 -- JUN -- SIRT1 -- RB1 -- TNFAIP3 -- CCND1 -- TRAF1 -- MAPK14 -- RHOA -- RAC1 -- MAP2K7 -- MAP3K1 -- IGF1 -- MAP3K14 -- TRADD -- TNFRSF10B -- ATM -- CASP2 -- MDM2 -- CHUK -- RPS6KA5 -- PPP1R13L -- MAPK9 -- IRF1 -- EIF4G2 -- HTRA2 -- MYB -- HIP1 -- CDK4 -- OTUD7B -- RNF11 -- CASP10 -- PSEN1 -- SOD1 -- RPA4 -- SMPD1 -- TNIK -- HTT -- PELP1 -- BAX -- BAK1 -- BID -- FOXM1 -- PCNA -- PLAC8 -- CASP9 -- DIABLO -- APAF1
192,TNFRSF1A -- TNFRSF1B -- NFKB1 -- MAPK8 -- STAT1 -- BIRC2 -- SIRT1 -- RB1 -- TNFAIP3 -- CCND1 -- MAPK14 -- RHOA -- RAC1 -- MAP2K7 -- MAP3K1 -- IGF1 -- TRADD -- MDM2 -- CHUK -- RPS6KA5 -- PPP1R13L -- MAPK9 -- LYN -- IRF1 -- CYCS -- CDK4 -- OTUD7B -- RNF11 -- PSEN1 -- BAD -- SOD1 -- RPA4 -- SMPD1 -- TNIK -- PELP1 -- EIF4E -- BID -- FOXM1 -- PCNA -- DIABLO -- RANGAP1
193,TNFRSF1A -- TNFRSF1B -- NFKB1 -- MAPK8 -- BIRC2 -- BIRC3 -- SIRT1 -- RB1 -- TNFAIP3 -- CCND1 -- MAPK14 -- PTMA -- RHOA -- RAC1 -- MAP2K7 -- MAP3K1 -- TRADD -- TNFRSF10B -- ATM -- MDM2 -- CHUK -- PPP1R13L -- MAPK9 -- LYN -- IRF1 -- HTRA2 -- CDK4 -- OTUD7B -- RNF11 -- PSEN1 -- SOD1 -- RPA4 -- SMPD1 -- TNIK -- PELP1 -- BAX -- BAK1 -- EIF4E -- BID -- FOXM1 -- PCNA -- PLAC8 -- DIABLO -- RANGAP1
194,NFKB1 -- STAT1 -- JUN -- FOS -- SIRT1 -- TNFAIP3 -- TRAF1 -- MAPK14 -- RHOA -- TGFB2 -- RAC1 -- MAP2K7 -- MAP3K1 -- IGF1 -- VEGFA -- MAP3K14 -- MAPK1 -- TNFRSF10B -- ATM -- CHUK -- PPP1R13L -- MAPK9 -- IRF1 -- EIF4G2 -- MYB -- CYCS -- HIP1 -- CDK4 -- OTUD7B -- RNF11 -- CASP10 -- PSEN1 -- SOD1 -- RPA4 -- CASP7 -- SMPD1 -- CDKN2A -- BBC3 -- PELP1 -- BID -- FOXM1 -- MCL1 -- CTBP1 -- PCNA -- TAF1 -- PLAC8 -- DIABLO -- APAF1
195,TNFRSF1A -- TP53 -- STAT1 -- BIRC2 -- TNFAIP3 -- TRAF1 -- MAPK14 -- MAP2K7 -- MAP3K1 -- VEGFA -- RET -- TRADD -- TNFRSF10B -- AKT1 -- ATM -- NFKB2 -- CHUK -- RPS6KA5 -- PPP1R13L -- MAPK9 -- LYN -- IRF1 -- EIF4G2 -- CYCS -- HIP1 -- CDK4 -- RNF11 -- CASP10 -- PSEN1 -- HNRNPK -- RPA4 -- SMPD1 -- TNIK -- HTT -- PELP1 -- BID -- FOXM1 -- MCL1 -- PCNA -- TAF1 -- PLAC8 -- CCNG1 -- DIABLO -- RASSF1
196,MAPK8 -- STAT1 -- BIRC2 -- BIRC3 -- SIRT1 -- TRAF1 -- MAPK14 -- TGFB2 -- RAC1 -- MAP2K7 -- MAP3K1 -- VEGFA -- RET -- TRADD -- TNFRSF10B -- AKT1 -- E2F1 -- CHUK -- RPS6KA5 -- PPP1R13L -- MAPK9 -- LYN -- IRF1 -- EIF4G2 -- MYB -- HIP1 -- CDK4 -- OTUD7B -- CASP10 -- PSEN1 -- HNRNPK -- RPA4 -- SMPD1 -- TNIK -- PSIP1 -- BBC3 -- PELP1 -- BAK1 -- BID -- FOXM1 -- RBL1 -- PCNA -- TAF1 -- PLAC8 -- DIABLO
197,TNFRSF1A -- TNFRSF1B -- NFKB1 -- MAPK8 -- JUN -- FOS -- SIRT1 -- RB1 -- TNFAIP3 -- CCND1 -- TRAF1 -- MAPK14 -- RHOA -- RAC1 -- MAP2K7 -- MAP3K1 -- IGF1 -- MAP3K14 -- TRADD -- TNFRSF10B -- ATM -- CASP2 -- MDM2 -- CHUK -- RPS6KA5 -- PPP1R13L -- MAPK9 -- IRF1 -- EIF4G2 -- HTRA2 -- HIP1 -- CDK4 -- OTUD7B -- RNF11 -- CASP10 -- PSEN1 -- SOD1 -- RPA4 -- SMPD1 -- TNIK -- HTT -- CDKN2A -- PELP1 -- BAX -- BAK1 -- BID -- FOXM1 -- PCNA -- PLAC8 -- CASP9 -- DIABLO -- APAF1
198,TNFRSF1A -- TNFRSF1B -- NFKB1 -- MAPK8 -- JUN -- FOS -- SIRT1 -- RB1 -- TNFAIP3 -- CCND1 -- TRAF1 -- MAPK14 -- RHOA -- RAC1 -- MAP2K7 -- MAP3K1 -- IGF1 -- MAP3K14 -- TRADD -- TNFRSF10B -- ATM -- CASP2 -- MDM2 -- CHUK -- RPS6KA5 -- PPP1R13L -- MAPK9 -- IRF1 -- EIF4G2 -- HTRA2 -- MYB -- HIP1 -- CDK4 -- OTUD7B -- RNF11 -- CASP10 -- PSEN1 -- SOD1 -- RPA4 -- SMPD1 -- TNIK -- HTT -- PELP1 -- BAX -- BAK1 -- BID -- FOXM1 -- PCNA -- PLAC8 -- CASP9 -- DIABLO -- APAF1
199,TNFRSF1A -- TNFRSF1B -- NFKB1 -- MAPK8 -- JUN -- SIRT1 -- RB1 -- TNFAIP3 -- CCND1 -- TRAF1 -- MAPK14 -- RHOA -- RAC1 -- MAP2K7 -- MAP3K1 -- MAP3K14 -- TRADD -- TNFRSF10B -- CASP2 -- MDM2 -- CHUK -- RPS6KA5 -- PPP1R13L -- MAPK9 -- IRF1 -- EIF4G2 -- HTRA2 -- MYB -- HIP1 -- CDK4 -- OTUD7B -- RNF11 -- CASP10 -- PSEN1 -- SOD1 -- RPA4 -- SMPD1 -- TNIK -- HTT -- PELP1 -- BAX -- BAK1 -- BID -- FOXM1 -- PCNA -- PLAC8 -- CASP9 -- DIABLO -- APAF1
200,TNFRSF1A -- TNFRSF1B -- MAPK8 -- BIRC2 -- SIRT1 -- MYC -- TNFAIP3 -- CCND1 -- MAPK14 -- PTMA -- RHOA -- RAC1 -- MAP2K7 -- MAP3K1 -- IGF1 -- TRADD -- ATM -- MDM2 -- CHUK -- PPP1R13L -- MAPK9 -- LYN -- IRF1 -- EIF4G2 -- CYCS -- CDK4 -- OTUD7B -- RNF11 -- PSEN1 -- BAD -- SOD1 -- RPA4 -- SMPD1 -- TNIK -- PELP1 -- BID -- FOXM1 -- MCL1 -- PCNA -- TAF1 -- DIABLO -- RANGAP1
201,TNFRSF1A -- TNFRSF1B -- NFKB1 -- MAPK8 -- BIRC2 -- SIRT1 -- RB1 -- TNFAIP3 -- CCND1 -- MAPK14 -- RHOA -- RAC1 -- MAP2K7 -- MAP3K1 -- TRADD -- TNFRSF10B -- MDM2 -- CHUK -- RPS6KA5 -- PPP1R13L -- MAPK9 -- LYN -- IRF1 -- EIF4G2 -- HTRA2 -- CYCS -- HIP1 -- CDK4 -- OTUD7B -- RNF11 -- CASP10 -- PSEN1 -- BAD -- SOD1 -- RPA4 -- SMPD1 -- TNIK -- PELP1 -- BAX -- BID -- FOXM1 -- PCNA -- TAF1 -- PLAC8 -- DIABLO
202,STAT1 -- FOS -- SIRT1 -- FASLG -- TNFAIP3 -- MAPK14 -- RHOA -- TGFB2 -- RAC1 -- MAP2K7 -- MAP3K1 -- IGF1 -- VEGFA -- RET -- TRADD -- MAPK1 -- TNFRSF10B -- E2F1 -- MDM2 -- CHUK -- RPS6KA5 -- PPP1R13L -- MAPK9 -- IRF1 -- EIF4G2 -- CYCS -- CDK4 -- OTUD7B -- RNF11 -- CASP10 -- PSEN1 -- SOD1 -- RPA4 -- CASP7 -- SMPD1 -- PELP1 -- EIF4E -- FOXM1 -- CTBP1 -- RBL1 -- PCNA -- TAF1 -- PLAC8 -- APAF1 -- ALPI
203,TNFRSF1A -- TNFRSF1B -- NFKB1 -- STAT1 -- TNFAIP3 -- TRAF1 -- MAPK14 -- RHOA -- NR3C1 -- RAC1 -- MAP2K7 -- MAP3K1 -- VEGFA -- MAP3K14 -- RET -- TRADD -- TNFRSF10B -- ATM -- CASP2 -- E2F1 -- CHUK -- RPS6KA5 -- PPP1R13L -- MAPK9 -- LYN -- IRF1 -- EIF4G2 -- HTRA2 -- MYB -- HIP1 -- RNF11 -- CASP10 -- PSEN1 -- SOD1 -- HNRNPK -- SMPD1 -- TNIK -- HTT -- CDKN2A -- BAK1 -- BID -- MCL1 -- PCNA -- PLAC8 -- CASP9 -- DIABLO -- APAF1 -- RASSF1
204,TNFRSF1A -- TNFRSF1B -- MAPK8 -- STAT1 -- JUN -- FOS -- SIRT1 -- RB1 -- TNFAIP3 -- TRAF1 -- MAPK14 -- RHOA -- NR3C1 -- RAC1 -- MAP2K7 -- MAP3K1 -- MAP3K14 -- RET -- TRADD -- ATM -- CASP2 -- CHUK -- RPS6KA5 -- PPP1R13L -- MAPK9 -- IRF1 -- EIF4G2 -- HTRA2 -- MYB -- HIP1 -- RNF11 -- PSEN1 -- SOD1 -- HNRNPK -- SMPD1 -- TNIK -- HTT -- BRCA1 -- CDKN2A -- BAK1 -- BID -- FOXM1 -- PCNA -- PLAC8 -- CASP9 -- DIABLO -- APAF1 -- RASSF1
205,MAPK8 -- STAT1 -- BIRC2 -- SIRT1 -- RB1 -- TRAF1 -- MAPK14 -- RHOA -- RAC1 -- MAP2K7 -- MAP3K1 -- VEGFA -- MAP3K14 -- RET -- TRADD -- TNFRSF10B -- CHUK -- RPS6KA5 -- PPP1R13L -- MAPK9 -- LYN -- EIF4G2 -- HTRA2 -- HIP1 -- RNF11 -- CASP10 -- PSEN1 -- SOD1 -- HNRNPK -- SMPD1 -- TNIK -- HTT -- BRCA1 -- BBC3 -- BAX -- BID -- TFDP1 -- PLAC8 -- DIABLO -- APAF1 -- RASSF1
206,TNFRSF1A -- TNFRSF1B -- MAPK8 -- STAT1 -- JUN -- FOS -- BIRC2 -- BIRC3 -- SIRT1 -- TNFAIP3 -- TRAF1 -- MAPK14 -- RHOA -- NR3C1 -- TGFB2 -- RAC1 -- MAP2K7 -- MAP3K1 -- VEGFA -- RET -- TRADD -- ATM -- CHUK -- RPS6KA5 -- PPP1R13L -- MAPK9 -- IRF1 -- EIF4G2 -- MYB -- HIP1 -- RNF11 -- PSEN1 -- SOD1 -- HNRNPK -- CASP7 -- SMPD1 -- TNIK -- BRCA1 -- CDKN2A -- BID -- MCL1 -- PCNA -- TAF1 -- PLAC8 -- DIABLO -- RASSF1
207,TNFRSF1A -- TNFRSF1B -- MAPK8 -- STAT1 -- JUN -- FOS -- SIRT1 -- RB1 -- TNFAIP3 -- TRAF1 -- MAPK14 -- RHOA -- NR3C1 -- RAC1 -- MAP2K7 -- MAP3K1 -- VEGFA -- MAP3K14 -- RET -- TRADD -- ATM -- CASP2 -- CHUK -- RPS6KA5 -- PPP1R13L -- MAPK9 -- IRF1 -- EIF4G2 -- HTRA2 -- MYB -- HIP1 -- RNF11 -- PSEN1 -- SOD1 -- HNRNPK -- SMPD1 -- TNIK -- HTT -- BRCA1 -- CDKN2A -- BID -- MCL1 -- PCNA -- PLAC8 -- CASP9 -- DIABLO -- APAF1 -- RASSF1
208,TNFRSF1A -- TNFRSF1B -- NFKB1 -- MAPK8 -- SIRT1 -- RB1 -- TNFAIP3 -- CCND1 -- TRAF1 -- MAPK14 -- RHOA -- RAC1 -- MAP2K7 -- MAP3K1 -- MAP3K14 -- TRADD -- TNFRSF10B -- ATM -- CASP2 -- MDM2 -- CHUK -- RPS6KA5 -- PPP1R13L -- MAPK9 -- LYN -- IRF1 -- EIF4G2 -- HTRA2 -- HIP1 -- CDK4 -- OTUD7B -- RNF11 -- CASP10 -- PSEN1 -- SOD1 -- RPA4 -- SMPD1 -- TNIK -- HTT -- PELP1 -- BAX -- BAK1 -- BID -- FOXM1 -- PCNA -- PLAC8 -- CASP9 -- DIABLO -- APAF1
209,TNFRSF1A -- TNFRSF1B -- MAPK8 -- STAT1 -- JUN -- FOS -- BIRC2 -- BIRC3 -- SIRT1 -- TNFAIP3 -- TRAF1 -- MAPK14 -- RHOA -- NR3C1 -- TGFB2 -- RAC1 -- MAP2K7 -- MAP3K1 -- VEGFA -- RET -- TRADD -- ATM -- CHUK -- RPS6KA5 -- PPP1R13L -- MAPK9 -- IRF1 -- MYB -- CYCS -- HIP1 -- RNF11 -- PSEN1 -- SOD1 -- HNRNPK -- SMPD1 -- TNIK -- BRCA1 -- CDKN2A -- EIF4E -- BID -- MCL1 -- PCNA -- TAF1 -- PLAC8 -- DIABLO -- RASSF1
210,NFKB1 -- STAT1 -- BIRC2 -- BIRC3 -- MAPK14 -- RHOA -- RAC1 -- MAP2K7 -- MAP3K1 -- IGF1 -- VEGFA -- RET -- MAPK1 -- AKT1 -- ATM -- CHUK -- RPS6KA5 -- PPP1R13L -- MAPK9 -- LYN -- IRF1 -- CYCS -- HIP1 -- CDK4 -- OTUD7B -- PARP1 -- PSEN1 -- SOD1 -- HNRNPK -- RPA4 -- SMPD1 -- BBC3 -- PELP1 -- EIF4E -- BID -- FOXM1 -- CTBP1 -- PCNA -- TAF1 -- DIABLO -- RASSF1 -- RANGAP1
211,TNFRSF1A -- TNFRSF1B -- NFKB1 -- MAPK8 -- JUN -- FOS -- SIRT1 -- RB1 -- TNFAIP3 -- CCND1 -- TRAF1 -- MAPK14 -- RHOA -- RAC1 -- MAP2K7 -- MAP3K1 -- MAP3K14 -- TRADD -- TNFRSF10B -- ATM -- CASP2 -- MDM2 -- CHUK -- RPS6KA5 -- PPP1R13L -- MAPK9 -- IRF1 -- EIF4G2 -- HTRA2 -- HIP1 -- RNF11 -- CASP10 -- PSEN1 -- SOD1 -- SMPD1 -- TNIK -- HTT -- BRCA1 -- CDKN2A -- PELP1 -- BAX -- BAK1 -- BID -- FOXM1 -- PCNA -- PLAC8 -- CASP9 -- DIABLO -- APAF1
212,TNFRSF1A -- TNFRSF1B -- MAPK8 -- STAT1 -- SIRT1 -- MYC -- TNFAIP3 -- TRAF1 -- MAPK14 -- RHOA -- NR3C1 -- RAC1 -- MAP2K7 -- MAP3K1 -- VEGFA -- TRADD -- CASP2 -- MDM2 -- CHUK -- RPS6KA5 -- PPP1R13L -- MAPK9 -- LYN -- IRF1 -- EIF4G2 -- HTRA2 -- HIP1 -- CDK4 -- OTUD7B -- RNF11 -- PSEN1 -- SOD1 -- RPA4 -- CASP7 -- SMPD1 -- TNIK -- HTT -- PELP1 -- BAK1 -- BID -- FOXM1 -- MCL1 -- PCNA -- TAF1 -- PLAC8 -- DIABLO
213,TNFRSF1A -- TNFRSF1B -- NFKB1 -- MAPK8 -- STAT1 -- BIRC2 -- BIRC3 -- SIRT1 -- MYC -- RB1 -- TNFAIP3 -- CCND1 -- MAPK14 -- IL2 -- RAC1 -- MAP2K7 -- MAP3K1 -- IGF1 -- TRADD -- TNFRSF10B -- AKT1 -- ATM -- MDM2 -- CHUK -- RPS6KA5 -- PPP1R13L -- MAPK9 -- LYN -- IRF1 -- CYCS -- CDK4 -- OTUD7B -- CASP10 -- PSEN1 -- RPA4 -- TNIK -- PELP1 -- EIF4E -- BID -- FOXM1 -- MCL1 -- PCNA -- TAF1 -- DIABLO
214,TNFRSF1A -- TNFRSF1B -- MAPK8 -- STAT1 -- JUN -- FOS -- BIRC2 -- BIRC3 -- SIRT1 -- TNFAIP3 -- TRAF1 -- MAPK14 -- RHOA -- NR3C1 -- TGFB2 -- RAC1 -- MAP2K7 -- MAP3K1 -- VEGFA -- RET -- TRADD -- ATM -- CASP2 -- CHUK -- RPS6KA5 -- PPP1R13L -- MAPK9 -- IRF1 -- EIF4G2 -- MYB -- CYCS -- HIP1 -- RNF11 -- PSEN1 -- SOD1 -- HNRNPK -- SMPD1 -- TNIK -- HTT -- BRCA1 -- CDKN2A -- BID -- MCL1 -- PCNA -- TAF1 -- PLAC8 -- DIABLO -- RASSF1
215,TNFRSF1A -- TNFRSF1B -- MAPK8 -- STAT1 -- JUN -- FOS -- SIRT1 -- TNFAIP3 -- TRAF1 -- MAPK14 -- RHOA -- NR3C1 -- TGFB2 -- RAC1 -- MAP2K7 -- MAP3K1 -- VEGFA -- MAP3K14 -- RET -- TRADD -- ATM -- CASP2 -- CHUK -- RPS6KA5 -- PPP1R13L -- MAPK9 -- IRF1 -- EIF4G2 -- HTRA2 -- MYB -- HIP1 -- RNF11 -- CASP10 -- PSEN1 -- SOD1 -- HNRNPK -- CASP7 -- SMPD1 -- TNIK -- HTT -- BRCA1 -- CDKN2A -- BID -- MCL1 -- PCNA -- TAF1 -- PLAC8 -- CASP9 -- DIABLO -- APAF1 -- RASSF1
216,TNFRSF1A -- TNFRSF1B -- NFKB1 -- MAPK8 -- SIRT1 -- RB1 -- TNFAIP3 -- CCND1 -- TRAF1 -- MAPK14 -- RHOA -- RAC1 -- MAP2K7 -- MAP3K1 -- IGF1 -- MAP3K14 -- TRADD -- TNFRSF10B -- CASP2 -- MDM2 -- CHUK -- RPS6KA5 -- PPP1R13L -- MAPK9 -- LYN -- IRF1 -- EIF4G2 -- HTRA2 -- HIP1 -- CDK4 -- OTUD7B -- RNF11 -- CASP10 -- PSEN1 -- SOD1 -- RPA4 -- SMPD1 -- TNIK -- HTT -- PELP1 -- BAX -- BAK1 -- BID -- FOXM1 -- PCNA -- PLAC8 -- CASP9 -- DIABLO -- APAF1
217,TNFRSF1A -- TNFRSF1B -- MAPK8 -- STAT1 -- JUN -- FOS -- BIRC2 -- BIRC3 -- SIRT1 -- TNFAIP3 -- TRAF1 -- MAPK14 -- RHOA -- NR3C1 -- TGFB2 -- RAC1 -- MAP2K7 -- MAP3K1 -- VEGFA -- RET -- TRADD -- ATM -- CHUK -- RPS6KA5 -- PPP1R13L -- MAPK9 -- IRF1 -- MYB -- CYCS -- HIP1 -- RNF11 -- PSEN1 -- SOD1 -- HNRNPK -- SMPD1 -- TNIK -- BRCA1 -- CDKN2A -- BID -- MCL1 -- PCNA -- TAF1 -- PLAC8 -- DIABLO -- RASSF1
218,TNFRSF1A -- TNFRSF1B -- NFKB1 -- MAPK8 -- STAT1 -- SIRT1 -- TNFAIP3 -- CCND1 -- TRAF1 -- MAPK14 -- RHOA -- TGFB2 -- RAC1 -- MAP2K7 -- MAP3K1 -- IGF1 -- MAP3K14 -- TRADD -- TNFRSF10B -- CASP2 -- MDM2 -- CHUK -- RPS6KA5 -- PPP1R13L -- MAPK9 -- LYN -- IRF1 -- EIF4G2 -- HIP1 -- CDK4 -- OTUD7B -- RNF11 -- CASP10 -- PSEN1 -- SOD1 -- RPA4 -- CASP7 -- SMPD1 -- TNIK -- PELP1 -- BID -- FOXM1 -- MCL1 -- PCNA -- TAF1 -- PLAC8 -- DIABLO -- APAF1
219,TNFRSF1A -- TNFRSF1B -- NFKB1 -- MAPK8 -- FOS -- SIRT1 -- RB1 -- TNFAIP3 -- CCND1 -- TRAF1 -- MAPK14 -- RHOA -- IL2 -- RAC1 -- MAP2K7 -- MAP3K1 -- IGF1 -- MAP3K14 -- TRADD -- ATM -- CASP2 -- MDM2 -- CHUK -- RPS6KA5 -- PPP1R13L -- MAPK9 -- IRF1 -- EIF4G2 -- HTRA2 -- HIP1 -- CDK4 -- OTUD7B -- RNF11 -- PSEN1 -- SOD1 -- RPA4 -- TNIK -- HTT -- PELP1 -- BAX -- BAK1 -- BID -- FOXM1 -- PCNA -- PLAC8 -- CASP9 -- DIABLO -- APAF1
220,TNFRSF1A -- TNFRSF1B -- NFKB1 -- MAPK8 -- SIRT1 -- RB1 -- TNFAIP3 -- CCND1 -- TRAF1 -- MAPK14 -- RHOA -- RAC1 -- MAP2K7 -- MAP3K1 -- IGF1 -- MAP3K14 -- TRADD -- TNFRSF10B -- ATM -- CASP2 -- MDM2 -- CHUK -- RPS6KA5 -- PPP1R13L -- MAPK9 -- LYN -- IRF1 -- EIF4G2 -- HTRA2 -- CDK4 -- OTUD7B -- RNF11 -- PSEN1 -- SOD1 -- RPA4 -- SMPD1 -- TNIK -- HTT -- PELP1 -- BAX -- BAK1 -- BID -- FOXM1 -- PCNA -- PLAC8 -- DIABLO -- APAF1
221,TNFRSF1A -- TNFRSF1B -- MAPK8 -- STAT1 -- JUN -- FOS -- SIRT1 -- TNFAIP3 -- TRAF1 -- MAPK14 -- RHOA -- TGFB2 -- RAC1 -- MAP2K7 -- MAP3K1 -- VEGFA -- MAP3K14 -- RET -- TRADD -- ATM -- CASP2 -- CHUK -- RPS6KA5 -- PPP1R13L -- MAPK9 -- IRF1 -- EIF4G2 -- HTRA2 -- MYB -- HIP1 -- RNF11 -- PSEN1 -- SOD1 -- HNRNPK -- SMPD1 -- TNIK -- HTT -- BRCA1 -- CDKN2A -- PELP1 -- BID -- MCL1 -- PCNA -- TAF1 -- PLAC8 -- CASP9 -- DIABLO -- APAF1 -- RASSF1
222,TNFRSF1A -- TNFRSF1B -- MAPK8 -- STAT1 -- BIRC2 -- BIRC3 -- TNFAIP3 -- CCND1 -- TRAF1 -- MAPK14 -- RAC1 -- MAP2K7 -- MAP3K1 -- IGF1 -- TRADD -- ATM -- E2F1 -- MDM2 -- CHUK -- RPS6KA5 -- PPP1R13L -- MAPK9 -- LYN -- IRF1 -- HTRA2 -- MYB -- HIP1 -- CDK4 -- OTUD7B -- RNF11 -- PSEN1 -- SOD1 -- RPA4 -- SMPD1 -- TNIK -- BBC3 -- PELP1 -- BAX -- BAK1 -- BID -- FOXM1 -- PCNA -- TAF1 -- PLAC8 -- DIABLO
223,TNFRSF1A -- TNFRSF1B -- MAPK8 -- STAT1 -- JUN -- FOS -- BIRC2 -- BIRC3 -- SIRT1 -- TNFAIP3 -- TRAF1 -- MAPK14 -- RHOA -- NR3C1 -- TGFB2 -- RAC1 -- MAP2K7 -- MAP3K1 -- VEGFA -- RET -- TRADD -- ATM -- CHUK -- RPS6KA5 -- PPP1R13L -- MAPK9 -- IRF1 -- EIF4G2 -- MYB -- HIP1 -- RNF11 -- PSEN1 -- SOD1 -- HNRNPK -- CASP7 -- SMPD1 -- TNIK -- HTT -- BRCA1 -- CDKN2A -- BID -- MCL1 -- PCNA -- PLAC8 -- DIABLO -- RASSF1
224,TNFRSF1A -- SMURF2 -- TNFRSF1B -- MAPK8 -- STAT1 -- JUN -- FOS -- BIRC2 -- BIRC3 -- TNFAIP3 -- TRAF1 -- MAPK14 -- RHOA -- TGFB2 -- RAC1 -- MAP2K7 -- MAP3K1 -- VEGFA -- MAP3K14 -- TRADD -- CASP2 -- E2F1 -- MDM2 -- CHUK -- RPS6KA5 -- PPP1R13L -- MAPK9 -- IRF1 -- EIF4G2 -- MYB -- CYCS -- HIP1 -- CDK4 -- OTUD7B -- PSEN1 -- RPA4 -- SMPD1 -- TNIK -- HTT -- CDKN2A -- BBC3 -- PELP1 -- BAK1 -- BID -- FOXM1 -- PCNA -- TAF1 -- PLAC8 -- DIABLO
225,TNFRSF1A -- TNFRSF1B -- MAPK8 -- JUN -- SIRT1 -- RB1 -- TNFAIP3 -- TRAF1 -- MAPK14 -- RHOA -- RAC1 -- MAP2K7 -- MAP3K1 -- MAP3K14 -- TRADD -- TNFRSF10B -- ATM -- CASP2 -- MDM2 -- CHUK -- RPS6KA5 -- PPP1R13L -- MAPK9 -- IRF1 -- EIF4G2 -- HTRA2 -- HIP1 -- CDK4 -- OTUD7B -- RNF11 -- CASP10 -- PSEN1 -- SOD1 -- RPA4 -- SMPD1 -- TNIK -- HTT -- CDKN2A -- PELP1 -- BAX -- BAK1 -- BID -- FOXM1 -- PCNA -- PLAC8 -- CASP9 -- DIABLO -- APAF1
226,TNFRSF1A -- TNFRSF1B -- NFKB1 -- MAPK8 -- STAT1 -- JUN -- FOS -- SIRT1 -- RB1 -- TNFAIP3 -- TRAF1 -- MAPK14 -- RHOA -- RAC1 -- MAP2K7 -- MAP3K1 -- IGF1 -- MAP3K14 -- RET -- TRADD -- TNFRSF10B -- CASP2 -- CHUK -- RPS6KA5 -- PPP1R13L -- MAPK9 -- IRF1 -- EIF4G2 -- HTRA2 -- HIP1 -- CDK4 -- OTUD7B -- RNF11 -- CASP10 -- PSEN1 -- SOD1 -- RPA4 -- SMPD1 -- TNIK -- HTT -- CDKN2A -- PELP1 -- BAX -- BAK1 -- BID -- FOXM1 -- PCNA -- PLAC8 -- CASP9 -- DIABLO
227,TP53 -- MAPK8 -- STAT1 -- BIRC2 -- SIRT1 -- TRAF1 -- MAPK14 -- MAP2K7 -- MAP3K1 -- VEGFA -- RET -- TRADD -- TNFRSF10B -- AKT1 -- ATM -- NFKB2 -- MDM2 -- CHUK -- RPS6KA5 -- PPP1R13L -- MAPK9 -- LYN -- IRF1 -- CYCS -- HIP1 -- CDK4 -- OTUD7B -- CASP10 -- PARP1 -- PSEN1 -- HNRNPK -- RPA4 -- SMPD1 -- TNIK -- PELP1 -- BAK1 -- BID -- FOXM1 -- TFDP1 -- CTBP1 -- PCNA -- TAF1 -- PLAC8 -- DIABLO
228,TNFRSF1A -- TNFRSF1B -- NFKB1 -- MAPK8 -- SIRT1 -- RB1 -- TNFAIP3 -- CCND1 -- TRAF1 -- MAPK14 -- RHOA -- RAC1 -- MAP2K7 -- MAP3K1 -- MAP3K14 -- TRADD -- TNFRSF10B -- CASP2 -- MDM2 -- CHUK -- RPS6KA5 -- PPP1R13L -- MAPK9 -- IRF1 -- EIF4G2 -- HTRA2 -- HIP1 -- CDK4 -- OTUD7B -- RNF11 -- PSEN1 -- SOD1 -- RPA4 -- SMPD1 -- TNIK -- HTT -- PELP1 -- BAX -- BAK1 -- BID -- FOXM1 -- PCNA -- PLAC8 -- CASP9 -- DIABLO -- APAF1
229,STAT1 -- JUN -- FOS -- TRAF1 -- MAPK14 -- TGFB2 -- RAC1 -- MAP2K7 -- MAP3K1 -- VEGFA -- MAP3K14 -- RET -- MAPK1 -- AKT1 -- ATM -- CASP2 -- CHUK -- RPS6KA5 -- PPP1R13L -- MAPK9 -- IRF1 -- EIF4G2 -- MYB -- CYCS -- HIP1 -- OTUD7B -- CASP10 -- PSEN1 -- CASP7 -- SMPD1 -- TNIK -- HTT -- CDKN2A -- BAK1 -- BID -- PCNA -- TAF1 -- PLAC8 -- DIABLO -- RASSF1
230,TNFRSF1A -- TNFRSF1B -- MAPK8 -- STAT1 -- JUN -- FOS -- SIRT1 -- FASLG -- TNFAIP3 -- TRAF1 -- MAPK14 -- RHOA -- NR3C1 -- TGFB2 -- RAC1 -- MAP2K7 -- MAP3K1 -- VEGFA -- MAP3K14 -- RET -- TRADD -- TNFRSF10B -- ATM -- CHUK -- RPS6KA5 -- PPP1R13L -- MAPK9 -- IRF1 -- EIF4G2 -- HTRA2 -- MYB -- HIP1 -- RNF11 -- CASP10 -- PSEN1 -- SOD1 -- HNRNPK -- CASP7 -- SMPD1 -- TNIK -- BRCA1 -- CDKN2A -- BID -- MCL1 -- RBL1 -- PCNA -- TAF1 -- PLAC8 -- CASP9 -- DIABLO -- APAF1 -- RASSF1
231,TNFRSF1A -- TNFRSF1B -- NFKB1 -- MAPK8 -- JUN -- FOS -- SIRT1 -- RB1 -- TNFAIP3 -- CCND1 -- TRAF1 -- MAPK14 -- RHOA -- RAC1 -- MAP2K7 -- MAP3K1 -- IGF1 -- MAP3K14 -- TRADD -- TNFRSF10B -- CASP2 -- MDM2 -- CHUK -- RPS6KA5 -- PPP1R13L -- MAPK9 -- IRF1 -- EIF4G2 -- HTRA2 -- MYB -- HIP1 -- CDK4 -- OTUD7B -- RNF11 -- CASP10 -- PSEN1 -- SOD1 -- RPA4 -- SMPD1 -- TNIK -- HTT -- CDKN2A -- PELP1 -- BAX -- BAK1 -- BID -- FOXM1 -- PCNA -- PLAC8 -- CASP9 -- DIABLO -- APAF1
232,TNFRSF1A -- TNFRSF1B -- NFKB1 -- MAPK8 -- JUN -- FOS -- SIRT1 -- RB1 -- TNFAIP3 -- CCND1 -- TRAF1 -- MAPK14 -- RHOA -- RAC1 -- MAP2K7 -- MAP3K1 -- IGF1 -- MAP3K14 -- TRADD -- TNFRSF10B -- CASP2 -- MDM2 -- CHUK -- RPS6KA5 -- PPP1R13L -- MAPK9 -- IRF1 -- EIF4G2 -- HTRA2 -- MYB -- HIP1 -- CDK4 -- OTUD7B -- RNF11 -- CASP10 -- PSEN1 -- SOD1 -- RPA4 -- SMPD1 -- TNIK -- HTT -- PELP1 -- BAX -- BAK1 -- BID -- FOXM1 -- PCNA -- PLAC8 -- CASP9 -- DIABLO -- APAF1
233,TNFRSF1A -- TNFRSF1B -- MAPK8 -- STAT1 -- BIRC2 -- SIRT1 -- RB1 -- TNFAIP3 -- CCND1 -- MAPK14 -- RHOA -- TGFB2 -- RAC1 -- MAP2K7 -- MAP3K1 -- TRADD -- MDM2 -- CHUK -- PPP1R13L -- MAPK9 -- LYN -- IRF1 -- EIF4G2 -- CYCS -- CDK4 -- OTUD7B -- RNF11 -- CASP10 -- PSEN1 -- BAD -- SOD1 -- RPA4 -- SMPD1 -- TNIK -- BAK1 -- BID -- FOXM1 -- PCNA -- TAF1 -- DIABLO -- RANGAP1
234,TNFRSF1A -- TNFRSF1B -- NFKB1 -- MAPK8 -- SIRT1 -- RB1 -- TNFAIP3 -- CCND1 -- TRAF1 -- MAPK14 -- RHOA -- RAC1 -- MAP2K7 -- MAP3K1 -- MAP3K14 -- TRADD -- TNFRSF10B -- CASP2 -- MDM2 -- CHUK -- RPS6KA5 -- PPP1R13L -- MAPK9 -- LYN -- IRF1 -- EIF4G2 -- HTRA2 -- HIP1 -- CDK4 -- OTUD7B -- RNF11 -- CASP10 -- PSEN1 -- SOD1 -- RPA4 -- SMPD1 -- TNIK -- HTT -- PELP1 -- BAX -- BAK1 -- BID -- FOXM1 -- PCNA -- PLAC8 -- CASP9 -- DIABLO -- APAF1
235,TNFRSF1A -- TNFRSF1B -- MAPK8 -- STAT1 -- JUN -- BIRC2 -- BIRC3 -- SIRT1 -- TNFAIP3 -- TRAF1 -- MAPK14 -- RHOA -- NR3C1 -- TGFB2 -- RAC1 -- MAP2K7 -- MAP3K1 -- VEGFA -- RET -- TRADD -- ATM -- CHUK -- RPS6KA5 -- PPP1R13L -- MAPK9 -- LYN -- IRF1 -- EIF4G2 -- MYB -- CYCS -- HIP1 -- RNF11 -- PSEN1 -- SOD1 -- HNRNPK -- SMPD1 -- TNIK -- HTT -- BRCA1 -- CDKN2A -- BID -- MCL1 -- PCNA -- TAF1 -- PLAC8 -- DIABLO -- RASSF1
236,TNFRSF1A -- TNFRSF1B -- MAPK8 -- STAT1 -- JUN -- FOS -- BIRC2 -- BIRC3 -- SIRT1 -- TNFAIP3 -- TRAF1 -- MAPK14 -- RHOA -- NR3C1 -- TGFB2 -- RAC1 -- MAP2K7 -- MAP3K1 -- VEGFA -- RET -- TRADD -- ATM -- CASP2 -- CHUK -- RPS6KA5 -- PPP1R13L -- MAPK9 -- LYN -- IRF1 -- EIF4G2 -- MYB -- CYCS -- HIP1 -- RNF11 -- PSEN1 -- SOD1 -- HNRNPK -- SMPD1 -- TNIK -- HTT -- BRCA1 -- CDKN2A -- BID -- MCL1 -- PCNA -- TAF1 -- PLAC8 -- DIABLO -- RASSF1
237,TNFRSF1A -- TNFRSF1B -- MAPK8 -- JUN -- FOS -- SIRT1 -- MYC -- TNFAIP3 -- CCND1 -- MAPK14 -- PTMA -- RHOA -- TGFB2 -- RAC1 -- MAP2K7 -- MAP3K1 -- VEGFA -- MAP3K14 -- TRADD -- ATM -- CASP2 -- MDM2 -- CHUK -- RPS6KA5 -- PPP1R13L -- MAPK9 -- IRF1 -- EIF4G2 -- MYB -- CDK4 -- OTUD7B -- RNF11 -- PSEN1 -- SOD1 -- RPA4 -- CASP7 -- SMPD1 -- TNIK -- HTT -- PELP1 -- BID -- FOXM1 -- MCL1 -- PCNA -- TAF1 -- CASP9 -- DIABLO -- APAF1 -- RANGAP1
238,NFKB1 -- STAT1 -- BIRC2 -- BIRC3 -- SIRT1 -- TNFAIP3 -- MAPK14 -- RAC1 -- MAP2K7 -- MAP3K1 -- VEGFA -- RET -- MAPK1 -- AKT1 -- CHUK -- RPS6KA5 -- PPP1R13L -- MAPK9 -- LYN -- IRF1 -- CYCS -- CDK4 -- OTUD7B -- PARP1 -- PSEN1 -- HNRNPK -- BRCA1 -- PELP1 -- EIF4E -- BID -- FOXM1 -- MCL1 -- CTBP1 -- PCNA -- TAF1 -- PLAC8 -- DIABLO -- RANGAP1
239,TNFRSF1A -- TNFRSF1B -- NFKB1 -- MAPK8 -- BIRC2 -- BIRC3 -- SIRT1 -- MYC -- TNFAIP3 -- CCND1 -- MAPK14 -- PTMA -- RHOA -- TGFB2 -- RAC1 -- MAP2K7 -- MAP3K1 -- IGF1 -- VEGFA -- RET -- TRADD -- TNFRSF10B -- ATM -- MDM2 -- CHUK -- PPP1R13L -- MAPK9 -- LYN -- IRF1 -- CYCS -- CDK4 -- OTUD7B -- RNF11 -- PSEN1 -- BAD -- SOD1 -- RPA4 -- SMPD1 -- TNIK -- PELP1 -- EIF4E -- BID -- FOXM1 -- MCL1 -- PCNA -- TAF1 -- DIABLO -- RANGAP1
240,TNFRSF1A -- TNFRSF1B -- MAPK8 -- JUN -- FOS -- SIRT1 -- RB1 -- TNFAIP3 -- TRAF1 -- MAPK14 -- RHOA -- NR3C1 -- RAC1 -- MAP2K7 -- MAP3K1 -- MAP3K14 -- TRADD -- ATM -- CASP2 -- CHUK -- RPS6KA5 -- PPP1R13L -- MAPK9 -- IRF1 -- EIF4G2 -- HTRA2 -- MYB -- HIP1 -- OTUD7B -- RNF11 -- CASP10 -- PSEN1 -- SOD1 -- HNRNPK -- SMPD1 -- TNIK -- HTT -- BRCA1 -- CDKN2A -- BAX -- BAK1 -- BID -- PCNA -- PLAC8 -- CASP9 -- DIABLO -- APAF1 -- RASSF1
241,TNFRSF1A -- TNFRSF1B -- MAPK8 -- JUN -- FOS -- BIRC2 -- SIRT1 -- RB1 -- TNFAIP3 -- CCND1 -- TRAF1 -- MAPK14 -- RHOA -- RAC1 -- MAP2K7 -- MAP3K1 -- TRADD -- ATM -- MDM2 -- CHUK -- RPS6KA5 -- PPP1R13L -- MAPK9 -- IRF1 -- EIF4G2 -- MYB -- CYCS -- CDK4 -- OTUD7B -- RNF11 -- PSEN1 -- BAD -- SOD1 -- RPA4 -- CASP7 -- SMPD1 -- TNIK -- CDKN2A -- PELP1 -- EIF4E -- BID -- FOXM1 -- MCL1 -- PCNA -- TAF1 -- DIABLO -- RANGAP1
242,TNFRSF1A -- TNFRSF1B -- MAPK8 -- STAT1 -- JUN -- FOS -- SIRT1 -- RB1 -- TNFAIP3 -- TRAF1 -- MAPK14 -- RHOA -- NR3C1 -- RAC1 -- MAP2K7 -- MAP3K1 -- VEGFA -- MAP3K14 -- RET -- TRADD -- ATM -- CASP2 -- CHUK -- RPS6KA5 -- PPP1R13L -- MAPK9 -- IRF1 -- EIF4G2 -- HTRA2 -- MYB -- HIP1 -- RNF11 -- PSEN1 -- SOD1 -- HNRNPK -- SMPD1 -- TNIK -- HTT -- BRCA1 -- CDKN2A -- BAK1 -- BID -- MCL1 -- PCNA -- PLAC8 -- CASP9 -- DIABLO -- APAF1 -- RASSF1
243,TNFRSF1A -- TNFRSF1B -- MAPK8 -- STAT1 -- BIRC2 -- SIRT1 -- MYC -- TNFAIP3 -- TRAF1 -- MAPK14 -- PTMA -- RHOA -- NR3C1 -- RAC1 -- MAP2K7 -- MAP3K1 -- VEGFA -- RET -- TRADD -- ATM -- CHUK -- RPS6KA5 -- PPP1R13L -- MAPK9 -- LYN -- IRF1 -- CYCS -- HIP1 -- CDK4 -- RNF11 -- PSEN1 -- SOD1 -- HNRNPK -- RPA4 -- SMPD1 -- TNIK -- BRCA1 -- EIF4E -- BID -- MCL1 -- PCNA -- TAF1 -- PLAC8 -- DIABLO -- RASSF1
244,TNFRSF1A -- TNFRSF1B -- MAPK8 -- STAT1 -- JUN -- FOS -- SIRT1 -- RB1 -- TNFAIP3 -- TRAF1 -- MAPK14 -- RHOA -- NR3C1 -- RAC1 -- MAP2K7 -- MAP3K1 -- MAP3K14 -- TRADD -- ATM -- CASP2 -- CHUK -- RPS6KA5 -- PPP1R13L -- MAPK9 -- IRF1 -- EIF4G2 -- HTRA2 -- HIP1 -- RNF11 -- PSEN1 -- SOD1 -- SMPD1 -- TNIK -- HTT -- BRCA1 -- CDKN2A -- BAX -- BAK1 -- BID -- PCNA -- PLAC8 -- CASP9 -- DIABLO -- APAF1 -- RASSF1
245,TNFRSF1A -- TNFRSF1B -- NFKB1 -- MAPK8 -- JUN -- SIRT1 -- RB1 -- TNFAIP3 -- CCND1 -- TRAF1 -- MAPK14 -- RHOA -- RAC1 -- MAP2K7 -- MAP3K1 -- MAP3K14 -- TRADD -- TNFRSF10B -- ATM -- CASP2 -- MDM2 -- CHUK -- RPS6KA5 -- PPP1R13L -- MAPK9 -- IRF1 -- EIF4G2 -- HTRA2 -- MYB -- HIP1 -- CDK4 -- OTUD7B -- RNF11 -- PSEN1 -- SOD1 -- RPA4 -- SMPD1 -- TNIK -- HTT -- PELP1 -- BAX -- BAK1 -- EIF4E -- BID -- FOXM1 -- PCNA -- PLAC8 -- CASP9 -- DIABLO -- APAF1
246,TNFRSF1A -- TNFRSF1B -- MAPK8 -- BIRC2 -- BIRC3 -- SIRT1 -- MYC -- TNFAIP3 -- CCND1 -- MAPK14 -- PTMA -- RHOA -- TGFB2 -- RAC1 -- MAP2K7 -- MAP3K1 -- TRADD -- ATM -- MDM2 -- CHUK -- PPP1R13L -- MAPK9 -- LYN -- IRF1 -- CYCS -- CDK4 -- OTUD7B -- RNF11 -- PSEN1 -- BAD -- SOD1 -- RPA4 -- SMPD1 -- TNIK -- PELP1 -- BAX -- BID -- FOXM1 -- PCNA -- TAF1 -- DIABLO -- RANGAP1
247,TNFRSF1A -- TNFRSF1B -- NFKB1 -- MAPK8 -- SIRT1 -- RB1 -- TNFAIP3 -- CCND1 -- TRAF1 -- MAPK14 -- RHOA -- RAC1 -- MAP2K7 -- MAP3K1 -- MAP3K14 -- TRADD -- TNFRSF10B -- CASP2 -- MDM2 -- CHUK -- RPS6KA5 -- PPP1R13L -- MAPK9 -- LYN -- IRF1 -- EIF4G2 -- HTRA2 -- HIP1 -- CDK4 -- OTUD7B -- RNF11 -- CASP10 -- PSEN1 -- SOD1 -- RPA4 -- SMPD1 -- TNIK -- HTT -- PELP1 -- BAX -- BAK1 -- BID -- FOXM1 -- PCNA -- PLAC8 -- CASP9 -- DIABLO -- APAF1
248,TNFRSF1A -- TNFRSF1B -- MAPK8 -- STAT1 -- JUN -- FOS -- SIRT1 -- TNFAIP3 -- TRAF1 -- MAPK14 -- RHOA -- TGFB2 -- RAC1 -- MAP2K7 -- MAP3K1 -- IGF1 -- VEGFA -- MAP3K14 -- TRADD -- CASP2 -- MDM2 -- CHUK -- RPS6KA5 -- PPP1R13L -- MAPK9 -- IRF1 -- EIF4G2 -- HTRA2 -- MYB -- HIP1 -- OTUD7B -- RNF11 -- PSEN1 -- SOD1 -- CASP7 -- SMPD1 -- TNIK -- HTT -- CDKN2A -- PELP1 -- BAX -- BAK1 -- BID -- PCNA -- TAF1 -- PLAC8 -- CASP9 -- DIABLO -- APAF1
249,TNFRSF1A -- TNFRSF1B -- MAPK8 -- STAT1 -- JUN -- FOS -- SIRT1 -- RB1 -- TNFAIP3 -- TRAF1 -- MAPK14 -- RHOA -- RAC1 -- MAP2K7 -- MAP3K1 -- IGF1 -- MAP3K14 -- TRADD -- ATM -- CASP2 -- CHUK -- RPS6KA5 -- PPP1R13L -- MAPK9 -- IRF1 -- EIF4G2 -- HTRA2 -- MYB -- HIP1 -- OTUD7B -- RNF11 -- PSEN1 -- SOD1 -- HNRNPK -- SMPD1 -- TNIK -- HTT -- CDKN2A -- BAX -- BAK1 -- BID -- FOXM1 -- PCNA -- PLAC8 -- CASP9 -- DIABLO -- APAF1
250,TNFRSF1A -- TNFRSF1B -- MAPK8 -- STAT1 -- JUN -- FOS -- SIRT1 -- TNFAIP3 -- TRAF1 -- MAPK14 -- RHOA -- NR3C1 -- RAC1 -- MAP2K7 -- MAP3K1 -- VEGFA -- MAP3K14 -- RET -- TRADD -- ATM -- CASP2 -- CHUK -- RPS6KA5 -- PPP1R13L -- MAPK9 -- IRF1 -- EIF4G2 -- HTRA2 -- MYB -- HIP1 -- RNF11 -- PSEN1 -- SOD1 -- HNRNPK -- RPA4 -- SMPD1 -- TNIK -- HTT -- BRCA1 -- CDKN2A -- BAK1 -- BID -- PCNA -- TAF1 -- PLAC8 -- CASP9 -- DIABLO -- APAF1 -- RASSF1
251,MAPK8 -- STAT1 -- BIRC2 -- BIRC3 -- TRAF1 -- MAPK14 -- NR3C1 -- RAC1 -- MAP2K7 -- MAP3K1 -- VEGFA -- RET -- TRADD -- E2F1 -- CHUK -- RPS6KA5 -- PPP1R13L -- MAPK9 -- LYN -- IRF1 -- MYB -- CYCS -- HIP1 -- CDK4 -- OTUD7B -- RNF11 -- PSEN1 -- SOD1 -- SMPD1 -- TNIK -- BBC3 -- BAK1 -- BID -- TFDP1 -- PCNA -- TAF1 -- PLAC8 -- DIABLO
252,SMURF2 -- TNFRSF1B -- STAT1 -- BIRC2 -- BIRC3 -- TRAF1 -- MAPK14 -- RHOA -- RAC1 -- MAP2K7 -- MAP3K1 -- VEGFA -- MAPK1 -- TRAF2 -- ATM -- DAB2IP -- CHUK -- RPS6KA5 -- PPP1R13L -- MAPK9 -- LYN -- IRF1 -- CYCS -- HIP1 -- CDK4 -- OTUD7B -- RNF11 -- PARP1 -- PSEN1 -- SOD1 -- HNRNPK -- RPA4 -- SMPD1 -- TNIK -- PELP1 -- EIF4E -- BID -- FOXM1 -- MCL1 -- CTBP1 -- PCNA -- PLAC8 -- DIABLO
253,TNFRSF1A -- TNFRSF1B -- NFKB1 -- MAPK8 -- SIRT1 -- RB1 -- TNFAIP3 -- CCND1 -- TRAF1 -- MAPK14 -- RHOA -- RAC1 -- MAP2K7 -- MAP3K1 -- TRADD -- TNFRSF10B -- ATM -- MDM2 -- CHUK -- RPS6KA5 -- PPP1R13L -- MAPK9 -- LYN -- IRF1 -- EIF4G2 -- HTRA2 -- HIP1 -- CDK4 -- OTUD7B -- RNF11 -- CASP10 -- PSEN1 -- SOD1 -- RPA4 -- SMPD1 -- TNIK -- PELP1 -- BAX -- BAK1 -- BID -- FOXM1 -- PCNA -- PLAC8 -- DIABLO -- APAF1
254,TNFRSF1A -- TNFRSF1B -- MAPK8 -- SIRT1 -- MYC -- RB1 -- TNFAIP3 -- CCND1 -- MAPK14 -- PTMA -- RHOA -- RAC1 -- MAP2K7 -- MAP3K1 -- IGF1 -- MAP3K14 -- TRADD -- CASP2 -- MDM2 -- CHUK -- PPP1R13L -- MAPK9 -- LYN -- IRF1 -- HTRA2 -- CDK4 -- OTUD7B -- RNF11 -- PSEN1 -- SOD1 -- RPA4 -- SMPD1 -- TNIK -- PELP1 -- BAK1 -- EIF4E -- BID -- FOXM1 -- PCNA -- TAF1 -- DIABLO -- APAF1 -- RANGAP1
255,TNFRSF1A -- TNFRSF1B -- MAPK8 -- STAT1 -- BIRC2 -- SIRT1 -- MYC -- TNFAIP3 -- TRAF1 -- MAPK14 -- PTMA -- RHOA -- TGFB2 -- RAC1 -- MAP2K7 -- MAP3K1 -- VEGFA -- TRADD -- MDM2 -- CHUK -- PPP1R13L -- MAPK9 -- LYN -- IRF1 -- CYCS -- CDK4 -- RNF11 -- PSEN1 -- BAD -- SOD1 -- HNRNPK -- SMPD1 -- TNIK -- PELP1 -- EIF4E -- BID -- FOXM1 -- MCL1 -- PCNA -- TAF1 -- DIABLO -- RANGAP1
256,TNFRSF1A -- TNFRSF1B -- MAPK8 -- STAT1 -- JUN -- FOS -- BIRC2 -- BIRC3 -- SIRT1 -- TNFAIP3 -- TRAF1 -- MAPK14 -- RHOA -- NR3C1 -- TGFB2 -- RAC1 -- MAP2K7 -- MAP3K1 -- VEGFA -- RET -- TRADD -- ATM -- CHUK -- RPS6KA5 -- PPP1R13L -- MAPK9 -- LYN -- IRF1 -- MYB -- CYCS -- HIP1 -- RNF11 -- PSEN1 -- SOD1 -- HNRNPK -- SMPD1 -- TNIK -- BRCA1 -- CDKN2A -- EIF4E -- BID -- MCL1 -- PCNA -- TAF1 -- PLAC8 -- DIABLO -- RASSF1
257,TP53 -- NFKB1 -- STAT1 -- BIRC2 -- TNFAIP3 -- CFLAR -- TRAF1 -- MAPK14 -- MAP2K7 -- MAP3K1 -- VEGFA -- MAPK1 -- TNFRSF10B -- NFKB2 -- MDM2 -- CHUK -- RPS6KA5 -- PPP1R13L -- MAPK9 -- LYN -- IRF1 -- HIP1 -- CDK4 -- OTUD7B -- RNF11 -- PARP1 -- PSEN1 -- SOD1 -- HTT -- PELP1 -- FOXM1 -- MCL1 -- CTBP1 -- PCNA -- PLAC8
258,STAT1 -- BIRC2 -- BIRC3 -- MAPK14 -- RAC1 -- MAP2K7 -- MAP3K1 -- VEGFA -- RET -- MAPK1 -- ATM -- E2F1 -- CHUK -- RPS6KA5 -- PPP1R13L -- MAPK9 -- LYN -- IRF1 -- MYB -- CYCS -- HIP1 -- CDK4 -- OTUD7B -- RNF11 -- PARP1 -- PSEN1 -- SOD1 -- SMPD1 -- BBC3 -- BAK1 -- EIF4E -- BID -- TFDP1 -- RBL1 -- PCNA -- TAF1 -- PLAC8 -- DIABLO -- RASSF1
259,TNFRSF1A -- TNFRSF1B -- MAPK8 -- STAT1 -- BIRC2 -- BIRC3 -- SIRT1 -- MYC -- TNFAIP3 -- TRAF1 -- MAPK14 -- PTMA -- RHOA -- NR3C1 -- TGFB2 -- RAC1 -- MAP2K7 -- MAP3K1 -- VEGFA -- RET -- TRADD -- MDM2 -- CHUK -- PPP1R13L -- MAPK9 -- LYN -- IRF1 -- MYB -- CYCS -- CDK4 -- RNF11 -- PSEN1 -- BAD -- SOD1 -- HNRNPK -- RPA4 -- SMPD1 -- TNIK -- BRCA1 -- PELP1 -- EIF4E -- BID -- MCL1 -- PCNA -- TAF1 -- DIABLO -- RANGAP1
260,TNFRSF1A -- TNFRSF1B -- MAPK8 -- STAT1 -- JUN -- FOS -- SIRT1 -- RB1 -- TNFAIP3 -- TRAF1 -- MAPK14 -- RHOA -- NR3C1 -- RAC1 -- MAP2K7 -- MAP3K1 -- VEGFA -- MAP3K14 -- RET -- TRADD -- ATM -- CASP2 -- CHUK -- RPS6KA5 -- PPP1R13L -- MAPK9 -- IRF1 -- EIF4G2 -- HTRA2 -- MYB -- HIP1 -- RNF11 -- PSEN1 -- SOD1 -- HNRNPK -- SMPD1 -- TNIK -- HTT -- BRCA1 -- CDKN2A -- BAK1 -- BID -- MCL1 -- PCNA -- PLAC8 -- CASP9 -- DIABLO -- APAF1 -- RASSF1
261,NFKB1 -- BIRC2 -- BIRC3 -- RB1 -- TNFAIP3 -- TRAF1 -- MAPK14 -- RHOA -- IL2 -- RAC1 -- MAP2K7 -- MAP3K1 -- RET -- TRADD -- MAPK1 -- TNFRSF10B -- CHUK -- RPS6KA5 -- PPP1R13L -- MAPK9 -- LYN -- IRF1 -- EIF4G2 -- CYCS -- HIP1 -- CDK4 -- OTUD7B -- CASP10 -- PARP1 -- PSEN1 -- HNRNPK -- SMPD1 -- TNIK -- BRCA1 -- PELP1 -- BID -- FOXM1 -- MCL1 -- CTBP1 -- PCNA -- PLAC8 -- DIABLO -- APAF1
262,TNFRSF1A -- TNFRSF1B -- NFKB1 -- MAPK8 -- JUN -- FOS -- SIRT1 -- RB1 -- TNFAIP3 -- CCND1 -- TRAF1 -- MAPK14 -- RHOA -- RAC1 -- MAP2K7 -- MAP3K1 -- MAP3K14 -- RET -- TRADD -- TNFRSF10B -- ATM -- CASP2 -- CHUK -- RPS6KA5 -- PPP1R13L -- MAPK9 -- IRF1 -- EIF4G2 -- HTRA2 -- MYB -- HIP1 -- CDK4 -- OTUD7B -- RNF11 -- CASP10 -- PSEN1 -- SOD1 -- RPA4 -- SMPD1 -- TNIK -- HTT -- CDKN2A -- PELP1 -- BAX -- BAK1 -- BID -- FOXM1 -- PCNA -- PLAC8 -- CASP9 -- DIABLO -- APAF1
263,STAT1 -- SIRT1 -- CFLAR -- TRAF1 -- MAPK14 -- TGFB2 -- RAC1 -- MAP2K7 -- MAP3K1 -- IGF1 -- VEGFA -- MAP3K14 -- RET -- TRADD -- CASP2 -- CHUK -- RPS6KA5 -- PPP1R13L -- MAPK9 -- LYN -- IRF1 -- EIF4G2 -- HTRA2 -- HIP1 -- CDK4 -- OTUD7B -- RNF11 -- CASP10 -- PSEN1 -- SOD1 -- HNRNPK -- SMPD1 -- TNIK -- RBL2 -- HTT -- PELP1 -- BAX -- BAK1 -- BID -- FOXM1 -- PCNA -- TAF1 -- PLAC8 -- DIABLO -- APAF1 -- RASSF1
264,TNFRSF1A -- TNFRSF1B -- MAPK8 -- STAT1 -- JUN -- FOS -- SIRT1 -- TNFAIP3 -- TRAF1 -- MAPK14 -- RHOA -- NR3C1 -- TGFB2 -- RAC1 -- MAP2K7 -- MAP3K1 -- VEGFA -- MAP3K14 -- RET -- TRADD -- ATM -- CASP2 -- CHUK -- RPS6KA5 -- PPP1R13L -- MAPK9 -- IRF1 -- EIF4G2 -- HTRA2 -- MYB -- HIP1 -- RNF11 -- PSEN1 -- SOD1 -- HNRNPK -- CASP7 -- SMPD1 -- TNIK -- HTT -- BRCA1 -- CDKN2A -- BAK1 -- BID -- MCL1 -- PCNA -- PLAC8 -- CASP9 -- DIABLO -- APAF1 -- RASSF1
265,TNFRSF1A -- TNFRSF1B -- MAPK8 -- STAT1 -- JUN -- FOS -- SIRT1 -- TNFAIP3 -- TRAF1 -- MAPK14 -- RHOA -- TGFB2 -- RAC1 -- MAP2K7 -- MAP3K1 -- VEGFA -- MAP3K14 -- TRADD -- TNFRSF10B -- ATM -- CASP2 -- CHUK -- RPS6KA5 -- PPP1R13L -- MAPK9 -- IRF1 -- EIF4G2 -- HTRA2 -- MYB -- HIP1 -- CDK4 -- OTUD7B -- RNF11 -- CASP10 -- PSEN1 -- SOD1 -- RPA4 -- CASP7 -- SMPD1 -- TNIK -- HTT -- CDKN2A -- PELP1 -- BAX -- BID -- FOXM1 -- MCL1 -- PCNA -- PLAC8 -- CASP9 -- DIABLO -- APAF1
266,TNFRSF1B -- STAT1 -- BIRC2 -- BIRC3 -- SIRT1 -- FASLG -- TNFAIP3 -- CFLAR -- TRAF1 -- MAPK14 -- RHOA -- RAC1 -- MAP2K7 -- MAP3K1 -- IGF1 -- VEGFA -- RET -- MAPK1 -- TNFRSF10B -- E2F1 -- MDM2 -- CHUK -- RPS6KA5 -- PPP1R13L -- MAPK9 -- LYN -- IRF1 -- MYB -- HIP1 -- CDK4 -- OTUD7B -- RNF11 -- PARP1 -- PSEN1 -- HNRNPK -- RPA4 -- SMPD1 -- BBC3 -- PELP1 -- EIF4E -- BID -- FOXM1 -- MCL1 -- CTBP1 -- RBL1 -- PCNA -- TAF1 -- PLAC8 -- DIABLO
267,TNFRSF1A -- TNFRSF1B -- MAPK8 -- SIRT1 -- MYC -- RB1 -- TNFAIP3 -- CCND1 -- MAPK14 -- PTMA -- RHOA -- RAC1 -- MAP2K7 -- MAP3K1 -- MAP3K14 -- TRADD -- CASP2 -- MDM2 -- CHUK -- PPP1R13L -- MAPK9 -- LYN -- IRF1 -- EIF4G2 -- CDK4 -- OTUD7B -- RNF11 -- PSEN1 -- SOD1 -- RPA4 -- SMPD1 -- TNIK -- PELP1 -- BAX -- BID -- FOXM1 -- PCNA -- DIABLO -- APAF1 -- RANGAP1
268,TNFRSF1A -- TNFRSF1B -- NFKB1 -- MAPK8 -- SIRT1 -- RB1 -- TNFAIP3 -- CCND1 -- TRAF1 -- MAPK14 -- RHOA -- RAC1 -- MAP2K7 -- MAP3K1 -- TRADD -- TNFRSF10B -- ATM -- CASP2 -- MDM2 -- CHUK -- RPS6KA5 -- PPP1R13L -- MAPK9 -- LYN -- IRF1 -- EIF4G2 -- HTRA2 -- CYCS -- HIP1 -- CDK4 -- OTUD7B -- RNF11 -- CASP10 -- PSEN1 -- SOD1 -- RPA4 -- SMPD1 -- TNIK -- PELP1 -- BAK1 -- EIF4E -- BID -- FOXM1 -- PCNA -- PLAC8 -- DIABLO -- RANGAP1
269,TNFRSF1A -- TNFRSF1B -- MAPK8 -- STAT1 -- BIRC2 -- BIRC3 -- SIRT1 -- MYC -- TNFAIP3 -- MAPK14 -- RHOA -- RAC1 -- MAP2K7 -- MAP3K1 -- VEGFA -- RET -- TRADD -- ATM -- CHUK -- PPP1R13L -- MAPK9 -- LYN -- IRF1 -- EIF4G2 -- MYB -- CYCS -- CDK4 -- RNF11 -- PSEN1 -- BAD -- SOD1 -- HNRNPK -- SMPD1 -- TNIK -- BRCA1 -- BID -- MCL1 -- PCNA -- TAF1 -- DIABLO -- RASSF1 -- RANGAP1
270,TNFRSF1A -- TNFRSF1B -- MAPK8 -- STAT1 -- SIRT1 -- FASLG -- TNFAIP3 -- TRAF1 -- MAPK14 -- RHOA -- RAC1 -- MAP2K7 -- MAP3K1 -- IGF1 -- VEGFA -- MAP3K14 -- RET -- TRADD -- CASP2 -- E2F1 -- CHUK -- RPS6KA5 -- PPP1R13L -- MAPK9 -- LYN -- IRF1 -- HTRA2 -- MYB -- HIP1 -- CDK4 -- OTUD7B -- RNF11 -- PSEN1 -- SOD1 -- RPA4 -- SMPD1 -- TNIK -- HTT -- BBC3 -- PELP1 -- BAK1 -- EIF4E -- BID -- FOXM1 -- RBL1 -- PCNA -- TAF1 -- PLAC8 -- CASP9 -- DIABLO -- APAF1
271,TNFRSF1A -- TNFRSF1B -- NFKB1 -- MAPK8 -- BIRC3 -- SIRT1 -- RB1 -- TNFAIP3 -- CCND1 -- TRAF1 -- MAPK14 -- RHOA -- RAC1 -- MAP2K7 -- MAP3K1 -- TRADD -- TNFRSF10B -- MDM2 -- CHUK -- RPS6KA5 -- PPP1R13L -- MAPK9 -- LYN -- IRF1 -- EIF4G2 -- HTRA2 -- CYCS -- HIP1 -- CDK4 -- OTUD7B -- RNF11 -- CASP10 -- PSEN1 -- SOD1 -- RPA4 -- SMPD1 -- TNIK -- PELP1 -- BAX -- BAK1 -- BID -- FOXM1 -- PCNA -- PLAC8 -- DIABLO
272,TNFRSF1A -- TNFRSF1B -- NFKB1 -- MAPK8 -- BIRC3 -- SIRT1 -- RB1 -- TNFAIP3 -- CCND1 -- TRAF1 -- MAPK14 -- RHOA -- RAC1 -- MAP2K7 -- MAP3K1 -- TRADD -- TNFRSF10B -- CASP2 -- MDM2 -- CHUK -- RPS6KA5 -- PPP1R13L -- MAPK9 -- LYN -- IRF1 -- EIF4G2 -- HTRA2 -- HIP1 -- CDK4 -- OTUD7B -- RNF11 -- CASP10 -- PSEN1 -- SOD1 -- RPA4 -- SMPD1 -- TNIK -- PELP1 -- BAX -- BAK1 -- BID -- FOXM1 -- PCNA -- PLAC8 -- DIABLO
273,TNFRSF1A -- NFKB1 -- MAPK8 -- JUN -- FOS -- SIRT1 -- TNFAIP3 -- CCND1 -- TRAF1 -- MAPK14 -- RAC1 -- MAP2K7 -- MAP3K1 -- IGF1 -- VEGFA -- MAP3K14 -- TRADD -- TNFRSF10B -- ATM -- CASP2 -- CHUK -- RPS6KA5 -- PPP1R13L -- MAPK9 -- IRF1 -- EIF4G2 -- HTRA2 -- MYB -- HIP1 -- CDK6 -- OTUD7B -- RNF11 -- CASP10 -- PSEN1 -- SOD1 -- RPA4 -- CASP7 -- SMPD1 -- HTT -- BRCA1 -- CDKN2A -- BAX -- BAK1 -- BID -- MCL1 -- PLAC8 -- CASP9 -- DIABLO -- APAF1 -- RASSF1
274,TNFRSF1A -- TNFRSF1B -- NFKB1 -- MAPK8 -- SIRT1 -- RB1 -- TNFAIP3 -- CCND1 -- TRAF1 -- MAPK14 -- RHOA -- RAC1 -- MAP2K7 -- MAP3K1 -- MAP3K14 -- TRADD -- TNFRSF10B -- ATM -- CASP2 -- MDM2 -- CHUK -- RPS6KA5 -- PPP1R13L -- MAPK9 -- LYN -- IRF1 -- EIF4G2 -- HTRA2 -- HIP1 -- CDK4 -- OTUD7B -- RNF11 -- PSEN1 -- BAD -- SOD1 -- RPA4 -- SMPD1 -- TNIK -- HTT -- PELP1 -- BAX -- BAK1 -- EIF4E -- BID -- FOXM1 -- PCNA -- PLAC8 -- DIABLO
275,TNFRSF1A -- TNFRSF1B -- NFKB1 -- MAPK8 -- JUN -- FOS -- SIRT1 -- RB1 -- TNFAIP3 -- CCND1 -- TRAF1 -- MAPK14 -- RHOA -- RAC1 -- MAP2K7 -- MAP3K1 -- MAP3K14 -- TRADD -- TNFRSF10B -- ATM -- CASP2 -- MDM2 -- CHUK -- RPS6KA5 -- PPP1R13L -- MAPK9 -- IRF1 -- EIF4G2 -- HTRA2 -- MYB -- HIP1 -- CDK4 -- OTUD7B -- RNF11 -- CASP10 -- PSEN1 -- SOD1 -- RPA4 -- SMPD1 -- TNIK -- HTT -- PELP1 -- BAX -- BAK1 -- BID -- FOXM1 -- PCNA -- PLAC8 -- CASP9 -- DIABLO -- APAF1
276,TNFRSF1A -- TNFRSF1B -- MAPK8 -- STAT1 -- JUN -- FOS -- BIRC2 -- BIRC3 -- SIRT1 -- TNFAIP3 -- TRAF1 -- MAPK14 -- RHOA -- NR3C1 -- TGFB2 -- RAC1 -- MAP2K7 -- MAP3K1 -- VEGFA -- RET -- TRADD -- ATM -- CHUK -- RPS6KA5 -- PPP1R13L -- MAPK9 -- IRF1 -- MYB -- CYCS -- HIP1 -- RNF11 -- PSEN1 -- SOD1 -- HNRNPK -- SMPD1 -- TNIK -- BRCA1 -- CDKN2A -- BID -- MCL1 -- PCNA -- TAF1 -- PLAC8 -- DIABLO -- RASSF1
277,TNFRSF1A -- TNFRSF1B -- MAPK8 -- STAT1 -- JUN -- BIRC2 -- BIRC3 -- SIRT1 -- TNFAIP3 -- TRAF1 -- MAPK14 -- RHOA -- TGFB2 -- RAC1 -- MAP2K7 -- MAP3K1 -- VEGFA -- RET -- TRADD -- ATM -- CHUK -- RPS6KA5 -- PPP1R13L -- MAPK9 -- LYN -- IRF1 -- MYB -- CYCS -- HIP1 -- RNF11 -- PSEN1 -- SOD1 -- HNRNPK -- SMPD1 -- TNIK -- BRCA1 -- CDKN2A -- BID -- MCL1 -- PCNA -- TAF1 -- PLAC8 -- DIABLO -- RASSF1
278,TNFRSF1A -- TNFRSF1B -- MAPK8 -- SIRT1 -- RB1 -- TNFAIP3 -- CCND1 -- TRAF1 -- MAPK14 -- RHOA -- TGFB2 -- RAC1 -- MAP2K7 -- MAP3K1 -- IGF1 -- MAP3K14 -- RET -- TRADD -- CHUK -- RPS6KA5 -- PPP1R13L -- MAPK9 -- LYN -- IRF1 -- EIF4G2 -- HTRA2 -- HIP1 -- CDK4 -- OTUD7B -- RNF11 -- CASP10 -- PSEN1 -- SOD1 -- HNRNPK -- RPA4 -- SMPD1 -- TNIK -- PELP1 -- BAX -- BAK1 -- EIF4E -- BID -- FOXM1 -- PCNA -- TAF1 -- PLAC8 -- CASP9 -- DIABLO
279,TNFRSF1A -- TNFRSF1B -- MAPK8 -- STAT1 -- JUN -- FOS -- BIRC2 -- BIRC3 -- SIRT1 -- TNFAIP3 -- TRAF1 -- MAPK14 -- RHOA -- NR3C1 -- TGFB2 -- RAC1 -- MAP2K7 -- MAP3K1 -- VEGFA -- RET -- TRADD -- ATM -- CASP2 -- CHUK -- RPS6KA5 -- PPP1R13L -- MAPK9 -- IRF1 -- EIF4G2 -- MYB -- CYCS -- HIP1 -- RNF11 -- PSEN1 -- SOD1 -- HNRNPK -- SMPD1 -- TNIK -- HTT -- BRCA1 -- CDKN2A -- BID -- MCL1 -- PCNA -- TAF1 -- PLAC8 -- CASP9 -- DIABLO -- APAF1 -- RASSF1
280,TNFRSF1A -- TNFRSF1B -- MAPK8 -- STAT1 -- JUN -- BIRC3 -- SIRT1 -- TNFAIP3 -- TRAF1 -- MAPK14 -- RHOA -- NR3C1 -- TGFB2 -- RAC1 -- MAP2K7 -- MAP3K1 -- VEGFA -- RET -- TRADD -- ATM -- CASP2 -- CHUK -- RPS6KA5 -- PPP1R13L -- MAPK9 -- LYN -- IRF1 -- EIF4G2 -- MYB -- CYCS -- HIP1 -- RNF11 -- PSEN1 -- SOD1 -- HNRNPK -- SMPD1 -- TNIK -- HTT -- BRCA1 -- CDKN2A -- BID -- MCL1 -- PCNA -- TAF1 -- PLAC8 -- DIABLO -- RASSF1
281,TNFRSF1A -- TNFRSF1B -- MAPK8 -- STAT1 -- JUN -- FOS -- SIRT1 -- TNFAIP3 -- TRAF1 -- MAPK14 -- RHOA -- TGFB2 -- RAC1 -- MAP2K7 -- MAP3K1 -- VEGFA -- MAP3K14 -- TRADD -- AKT1 -- ATM -- CASP2 -- CHUK -- RPS6KA5 -- PPP1R13L -- MAPK9 -- IRF1 -- EIF4G2 -- MYB -- CYCS -- HIP1 -- CDK4 -- OTUD7B -- PSEN1 -- RPA4 -- SMPD1 -- TNIK -- HTT -- CDKN2A -- PELP1 -- BAK1 -- BID -- FOXM1 -- PCNA -- PLAC8 -- CASP9 -- DIABLO
282,TNFRSF1A -- TNFRSF1B -- NFKB1 -- MAPK8 -- BIRC2 -- BIRC3 -- SIRT1 -- MYC -- TNFAIP3 -- CCND1 -- MAPK14 -- PTMA -- RHOA -- RAC1 -- MAP2K7 -- MAP3K1 -- IGF1 -- VEGFA -- TRADD -- ATM -- MDM2 -- CHUK -- PPP1R13L -- MAPK9 -- LYN -- IRF1 -- EIF4G2 -- CYCS -- CDK4 -- OTUD7B -- RNF11 -- PSEN1 -- BAD -- SOD1 -- HNRNPK -- RPA4 -- SMPD1 -- TNIK -- PELP1 -- BID -- FOXM1 -- MCL1 -- PCNA -- TAF1 -- DIABLO -- RANGAP1
283,TNFRSF1A -- TNFRSF1B -- MAPK8 -- STAT1 -- JUN -- FOS -- SIRT1 -- RB1 -- TNFAIP3 -- TRAF1 -- MAPK14 -- RHOA -- RAC1 -- MAP2K7 -- MAP3K1 -- MAP3K14 -- TRADD -- TNFRSF10B -- ATM -- CASP2 -- CHUK -- RPS6KA5 -- PPP1R13L -- MAPK9 -- IRF1 -- EIF4G2 -- HTRA2 -- MYB -- HIP1 -- RNF11 -- CASP10 -- PSEN1 -- SOD1 -- SMPD1 -- TNIK -- HTT -- BRCA1 -- CDKN2A -- PELP1 -- BAX -- BAK1 -- BID -- FOXM1 -- PCNA -- PLAC8 -- CASP9 -- DIABLO -- APAF1 -- RASSF1
284,TNFRSF1A -- TNFRSF1B -- NFKB1 -- MAPK8 -- BIRC2 -- BIRC3 -- SIRT1 -- RB1 -- TNFAIP3 -- CCND1 -- TRAF1 -- MAPK14 -- PTMA -- RHOA -- RAC1 -- MAP2K7 -- MAP3K1 -- TRADD -- TNFRSF10B -- MDM2 -- CHUK -- PPP1R13L -- MAPK9 -- LYN -- IRF1 -- EIF4G2 -- CYCS -- HIP1 -- CDK4 -- OTUD7B -- RNF11 -- CASP10 -- PSEN1 -- BAD -- SOD1 -- RPA4 -- SMPD1 -- TNIK -- PELP1 -- EIF4E -- BID -- FOXM1 -- MCL1 -- PCNA -- DIABLO
285,TNFRSF1A -- TNFRSF1B -- NFKB1 -- MAPK8 -- SIRT1 -- RB1 -- TNFAIP3 -- CCND1 -- TRAF1 -- MAPK14 -- RHOA -- RAC1 -- MAP2K7 -- MAP3K1 -- IGF1 -- MAP3K14 -- TRADD -- TNFRSF10B -- ATM -- CASP2 -- MDM2 -- CHUK -- RPS6KA5 -- PPP1R13L -- MAPK9 -- LYN -- IRF1 -- EIF4G2 -- HTRA2 -- HIP1 -- CDK4 -- OTUD7B -- RNF11 -- PSEN1 -- SOD1 -- RPA4 -- SMPD1 -- TNIK -- HTT -- PELP1 -- BAX -- BAK1 -- BID -- FOXM1 -- PCNA -- PLAC8 -- CASP9 -- DIABLO -- APAF1
286,TNFRSF1A -- TNFRSF1B -- NFKB1 -- MAPK8 -- JUN -- FOS -- SIRT1 -- RB1 -- TNFAIP3 -- CCND1 -- TRAF1 -- MAPK14 -- RHOA -- RAC1 -- MAP2K7 -- MAP3K1 -- MAP3K14 -- RET -- TRADD -- TNFRSF10B -- ATM -- CASP2 -- CHUK -- RPS6KA5 -- PPP1R13L -- MAPK9 -- IRF1 -- EIF4G2 -- HTRA2 -- MYB -- HIP1 -- CDK4 -- OTUD7B -- RNF11 -- CASP10 -- PSEN1 -- SOD1 -- RPA4 -- SMPD1 -- TNIK -- HTT -- CDKN2A -- PELP1 -- BAX -- BAK1 -- BID -- FOXM1 -- PCNA -- PLAC8 -- CASP9 -- DIABLO -- APAF1
287,TNFRSF1A -- TNFRSF1B -- MAPK8 -- JUN -- FOS -- SIRT1 -- RB1 -- TNFAIP3 -- TRAF1 -- MAPK14 -- RHOA -- NR3C1 -- RAC1 -- MAP2K7 -- MAP3K1 -- VEGFA -- MAP3K14 -- RET -- TRADD -- ATM -- CASP2 -- CHUK -- RPS6KA5 -- PPP1R13L -- MAPK9 -- IRF1 -- EIF4G2 -- HTRA2 -- MYB -- HIP1 -- RNF11 -- CASP10 -- PSEN1 -- SOD1 -- HNRNPK -- SMPD1 -- TNIK -- HTT -- BRCA1 -- CDKN2A -- BAK1 -- BID -- PCNA -- PLAC8 -- CASP9 -- DIABLO -- APAF1 -- RASSF1
288,TNFRSF1A -- TNFRSF1B -- MAPK8 -- STAT1 -- JUN -- FOS -- SIRT1 -- TNFAIP3 -- TRAF1 -- MAPK14 -- RHOA -- NR3C1 -- TGFB2 -- RAC1 -- MAP2K7 -- MAP3K1 -- VEGFA -- MAP3K14 -- RET -- TRADD -- ATM -- CASP2 -- CHUK -- RPS6KA5 -- PPP1R13L -- MAPK9 -- IRF1 -- EIF4G2 -- HTRA2 -- MYB -- HIP1 -- RNF11 -- PSEN1 -- SOD1 -- HNRNPK -- CASP7 -- SMPD1 -- TNIK -- HTT -- BRCA1 -- CDKN2A -- BID -- MCL1 -- PCNA -- TAF1 -- PLAC8 -- CASP9 -- DIABLO -- APAF1 -- RASSF1
289,TNFRSF1A -- TNFRSF1B -- MAPK8 -- STAT1 -- JUN -- FOS -- SIRT1 -- TNFAIP3 -- TRAF1 -- MAPK14 -- RHOA -- TGFB2 -- RAC1 -- MAP2K7 -- MAP3K1 -- VEGFA -- MAP3K14 -- RET -- TRADD -- TNFRSF10B -- ATM -- CASP2 -- CHUK -- RPS6KA5 -- PPP1R13L -- MAPK9 -- IRF1 -- EIF4G2 -- HTRA2 -- MYB -- HIP1 -- RNF11 -- CASP10 -- PSEN1 -- SOD1 -- HNRNPK -- CASP7 -- SMPD1 -- TNIK -- HTT -- BRCA1 -- CDKN2A -- BID -- MCL1 -- PCNA -- TAF1 -- PLAC8 -- CASP9 -- DIABLO -- APAF1
290,TNFRSF1A -- TNFRSF1B -- MAPK8 -- BIRC2 -- SIRT1 -- MYC -- TNFAIP3 -- CCND1 -- TRAF1 -- MAPK14 -- RHOA -- RAC1 -- MAP2K7 -- MAP3K1 -- IGF1 -- TRADD -- ATM -- MDM2 -- CHUK -- PPP1R13L -- MAPK9 -- LYN -- IRF1 -- CYCS -- HIP1 -- CDK4 -- OTUD7B -- RNF11 -- PSEN1 -- SOD1 -- RPA4 -- SMPD1 -- TNIK -- PELP1 -- EIF4E -- BID -- FOXM1 -- MCL1 -- PCNA -- TAF1 -- PLAC8 -- DIABLO
291,TNFRSF1A -- TNFRSF1B -- NFKB1 -- MAPK8 -- SIRT1 -- RB1 -- TNFAIP3 -- CCND1 -- MAPK14 -- RHOA -- RAC1 -- MAP2K7 -- MAP3K1 -- IGF1 -- MAP3K14 -- TRADD -- TNFRSF10B -- CASP2 -- MDM2 -- CHUK -- RPS6KA5 -- PPP1R13L -- MAPK9 -- LYN -- IRF1 -- EIF4G2 -- HTRA2 -- HIP1 -- CDK4 -- OTUD7B -- RNF11 -- PSEN1 -- SOD1 -- RPA4 -- SMPD1 -- TNIK -- HTT -- PELP1 -- BAX -- BAK1 -- BID -- FOXM1 -- PCNA -- PLAC8 -- CASP9 -- DIABLO -- APAF1
292,TNFRSF1A -- TNFRSF1B -- NFKB1 -- MAPK8 -- SIRT1 -- RB1 -- TNFAIP3 -- CCND1 -- TRAF1 -- MAPK14 -- RHOA -- RAC1 -- MAP2K7 -- MAP3K1 -- IGF1 -- TRADD -- TNFRSF10B -- CASP2 -- MDM2 -- CHUK -- RPS6KA5 -- PPP1R13L -- MAPK9 -- LYN -- IRF1 -- EIF4G2 -- HTRA2 -- CYCS -- HIP1 -- CDK4 -- OTUD7B -- RNF11 -- CASP10 -- PSEN1 -- SOD1 -- RPA4 -- TNIK -- PELP1 -- BAK1 -- BID -- FOXM1 -- PCNA -- PLAC8 -- DIABLO
293,TNFRSF1A -- TNFRSF1B -- MAPK8 -- STAT1 -- BIRC2 -- BIRC3 -- TNFAIP3 -- TRAF1 -- MAPK14 -- RAC1 -- MAP2K7 -- MAP3K1 -- VEGFA -- RET -- TRADD -- AKT1 -- ATM -- E2F1 -- CHUK -- RPS6KA5 -- PPP1R13L -- MAPK9 -- LYN -- IRF1 -- EIF4G2 -- CYCS -- HIP1 -- CDK4 -- OTUD7B -- PSEN1 -- SMPD1 -- TNIK -- BBC3 -- BAK1 -- BID -- TFDP1 -- PCNA -- TAF1 -- PLAC8 -- DIABLO -- RASSF1
294,TNFRSF1A -- TNFRSF1B -- NFKB1 -- MAPK8 -- BIRC2 -- BIRC3 -- SIRT1 -- RB1 -- TNFAIP3 -- CCND1 -- TRAF1 -- MAPK14 -- RHOA -- RAC1 -- MAP2K7 -- MAP3K1 -- TRADD -- TNFRSF10B -- DAB2IP -- MDM2 -- CHUK -- RPS6KA5 -- PPP1R13L -- MAPK9 -- LYN -- IRF1 -- EIF4G2 -- HTRA2 -- CYCS -- HIP1 -- CDK4 -- OTUD7B -- RNF11 -- CASP10 -- PSEN1 -- SOD1 -- RPA4 -- SMPD1 -- TNIK -- PELP1 -- BAX -- BAK1 -- BID -- FOXM1 -- PCNA -- PLAC8 -- DIABLO
295,STAT1 -- BIRC2 -- BIRC3 -- SIRT1 -- MAPK14 -- RAC1 -- MAP2K7 -- MAP3K1 -- IGF1 -- VEGFA -- MAPK1 -- AKT1 -- ATM -- MDM2 -- CHUK -- RPS6KA5 -- PPP1R13L -- MAPK9 -- LYN -- IRF1 -- MYB -- CYCS -- HIP1 -- CDK4 -- OTUD7B -- PARP1 -- PSEN1 -- RPA4 -- BBC3 -- PELP1 -- BAK1 -- EIF4E -- BID -- FOXM1 -- CTBP1 -- PCNA -- TAF1 -- PLAC8 -- DIABLO
296,TNFRSF1A -- TNFRSF1B -- MAPK8 -- STAT1 -- JUN -- FOS -- BIRC3 -- SIRT1 -- FASLG -- TNFAIP3 -- TRAF1 -- MAPK14 -- RHOA -- NR3C1 -- TGFB2 -- RAC1 -- MAP2K7 -- MAP3K1 -- VEGFA -- RET -- TRADD -- TNFRSF10B -- ATM -- CASP2 -- CHUK -- RPS6KA5 -- PPP1R13L -- MAPK9 -- IRF1 -- EIF4G2 -- MYB -- HIP1 -- OTUD7B -- RNF11 -- CASP10 -- PSEN1 -- SOD1 -- HNRNPK -- CASP7 -- SMPD1 -- TNIK -- CDKN2A -- BID -- MCL1 -- PCNA -- TAF1 -- PLAC8 -- CASP9 -- DIABLO -- APAF1 -- RASSF1
297,TNFRSF1A -- TNFRSF1B -- NFKB1 -- MAPK8 -- JUN -- FOS -- SIRT1 -- RB1 -- TNFAIP3 -- CCND1 -- TRAF1 -- MAPK14 -- RHOA -- RAC1 -- MAP2K7 -- MAP3K1 -- MAP3K14 -- TRADD -- TNFRSF10B -- ATM -- CASP2 -- MDM2 -- CHUK -- RPS6KA5 -- PPP1R13L -- MAPK9 -- IRF1 -- EIF4G2 -- HTRA2 -- MYB -- HIP1 -- CDK4 -- OTUD7B -- RNF11 -- CASP10 -- PSEN1 -- SOD1 -- RPA4 -- SMPD1 -- TNIK -- HTT -- CDKN2A -- PELP1 -- BAX -- BAK1 -- BID -- FOXM1 -- PCNA -- PLAC8 -- CASP9 -- DIABLO -- APAF1
298,TNFRSF1A -- TNFRSF1B -- MAPK8 -- STAT1 -- JUN -- FOS -- BIRC2 -- SIRT1 -- TNFAIP3 -- TRAF1 -- MAPK14 -- RHOA -- NR3C1 -- RAC1 -- MAP2K7 -- MAP3K1 -- VEGFA -- RET -- TRADD -- ATM -- CASP2 -- CHUK -- RPS6KA5 -- PPP1R13L -- MAPK9 -- IRF1 -- EIF4G2 -- MYB -- CYCS -- HIP1 -- RNF11 -- PSEN1 -- SOD1 -- HNRNPK -- SMPD1 -- TNIK -- HTT -- BRCA1 -- CDKN2A -- BID -- MCL1 -- PCNA -- TAF1 -- PLAC8 -- DIABLO -- RASSF1
299,STAT1 -- JUN -- BIRC2 -- SIRT1 -- FASLG -- MAPK14 -- RAC1 -- MAP2K7 -- MAP3K1 -- VEGFA -- MAP3K14 -- RET -- MAPK1 -- TNFRSF10B -- AKT1 -- ATM -- NFKB2 -- E2F1 -- CHUK -- RPS6KA5 -- PPP1R13L -- MAPK9 -- IRF1 -- EIF4G2 -- MYB -- HIP1 -- OTUD7B -- PARP1 -- PSEN1 -- CASP7 -- HTT -- BRCA1 -- CDKN2A -- BBC3 -- BID -- MCL1 -- PCNA -- TAF1 -- PLAC8 -- CCNG1 -- DIABLO -- RASSF1
300,STAT1 -- FASLG -- MAPK14 -- TGFB2 -- RAC1 -- MAP2K7 -- MAP3K1 -- VEGFA -- MAP3K14 -- MAPK1 -- AKT1 -- E2F1 -- MDM2 -- CHUK -- RPS6KA5 -- PPP1R13L -- MAPK9 -- LYN -- IRF1 -- MYB -- HIP1 -- CDK4 -- OTUD7B -- PARP1 -- PSEN1 -- RPA4 -- BCL2L1 -- SMPD1 -- PELP1 -- EIF4E -- FOXM1 -- MCL1 -- CTBP1 -- PCNA -- TAF1 -- PLAC8
301,TNFRSF1A -- TNFRSF1B -- NFKB1 -- MAPK8 -- SIRT1 -- RB1 -- TNFAIP3 -- CCND1 -- TRAF1 -- MAPK14 -- RHOA -- IL2 -- RAC1 -- MAP2K7 -- MAP3K1 -- MAP3K14 -- TRADD -- TNFRSF10B -- AKT1 -- MDM2 -- CHUK -- RPS6KA5 -- PPP1R13L -- MAPK9 -- LYN -- IRF1 -- EIF4G2 -- HTRA2 -- HIP1 -- CDK4 -- OTUD7B -- RNF11 -- CASP10 -- PSEN1 -- RPA4 -- TNIK -- PELP1 -- BAK1 -- BID -- FOXM1 -- MCL1 -- PCNA -- PLAC8 -- DIABLO
302,TNFRSF1A -- TNFRSF1B -- MAPK8 -- STAT1 -- BIRC2 -- BIRC3 -- SIRT1 -- TNFAIP3 -- TRAF1 -- MAPK14 -- RHOA -- NR3C1 -- RAC1 -- MAP2K7 -- MAP3K1 -- VEGFA -- RET -- TRADD -- ATM -- CHUK -- RPS6KA5 -- PPP1R13L -- MAPK9 -- LYN -- IRF1 -- CYCS -- HIP1 -- RNF11 -- PSEN1 -- SOD1 -- HNRNPK -- SMPD1 -- TNIK -- BRCA1 -- CDKN2A -- EIF4E -- BID -- MCL1 -- PCNA -- TAF1 -- PLAC8 -- DIABLO -- RASSF1
303,TNFRSF1A -- TNFRSF1B -- MAPK8 -- STAT1 -- JUN -- FOS -- SIRT1 -- TNFAIP3 -- TRAF1 -- MAPK14 -- RHOA -- NR3C1 -- RAC1 -- MAP2K7 -- MAP3K1 -- VEGFA -- MAP3K14 -- RET -- TRADD -- ATM -- CASP2 -- CHUK -- RPS6KA5 -- PPP1R13L -- MAPK9 -- IRF1 -- EIF4G2 -- HTRA2 -- MYB -- HIP1 -- RNF11 -- CASP10 -- PSEN1 -- SOD1 -- HNRNPK -- CASP7 -- SMPD1 -- TNIK -- HTT -- BRCA1 -- CDKN2A -- BAK1 -- BID -- MCL1 -- PCNA -- TAF1 -- PLAC8 -- CASP9 -- DIABLO -- APAF1 -- RASSF1
304,TNFRSF1A -- TNFRSF1B -- NFKB1 -- MAPK8 -- SIRT1 -- RB1 -- TNFAIP3 -- CCND1 -- TRAF1 -- MAPK14 -- RHOA -- RAC1 -- MAP2K7 -- MAP3K1 -- MAP3K14 -- TRADD -- TNFRSF10B -- ATM -- CASP2 -- MDM2 -- CHUK -- RPS6KA5 -- PPP1R13L -- MAPK9 -- IRF1 -- EIF4G2 -- HTRA2 -- HIP1 -- CDK4 -- OTUD7B -- RNF11 -- CASP10 -- PSEN1 -- SOD1 -- RPA4 -- SMPD1 -- TNIK -- HTT -- PELP1 -- BAX -- BAK1 -- BID -- FOXM1 -- PCNA -- PLAC8 -- CASP9 -- DIABLO -- APAF1
305,TNFRSF1A -- TNFRSF1B -- NFKB1 -- MAPK8 -- SIRT1 -- RB1 -- TNFAIP3 -- CCND1 -- TRAF1 -- MAPK14 -- RHOA -- RAC1 -- MAP2K7 -- MAP3K1 -- IGF1 -- MAP3K14 -- TRADD -- TNFRSF10B -- CASP2 -- MDM2 -- CHUK -- RPS6KA5 -- PPP1R13L -- MAPK9 -- LYN -- IRF1 -- EIF4G2 -- HTRA2 -- HIP1 -- CDK4 -- OTUD7B -- RNF11 -- CASP10 -- PSEN1 -- SOD1 -- RPA4 -- SMPD1 -- TNIK -- HTT -- PELP1 -- BAX -- BAK1 -- BID -- FOXM1 -- PCNA -- PLAC8 -- DIABLO -- APAF1
306,TNFRSF1A -- TNFRSF1B -- MAPK8 -- STAT1 -- JUN -- FOS -- BIRC2 -- BIRC3 -- SIRT1 -- TNFAIP3 -- TRAF1 -- MAPK14 -- RHOA -- NR3C1 -- TGFB2 -- RAC1 -- MAP2K7 -- MAP3K1 -- VEGFA -- RET -- TRADD -- ATM -- CHUK -- RPS6KA5 -- PPP1R13L -- MAPK9 -- LYN -- IRF1 -- EIF4G2 -- MYB -- CYCS -- HIP1 -- RNF11 -- CASP10 -- PSEN1 -- SOD1 -- HNRNPK -- SMPD1 -- TNIK -- HTT -- BRCA1 -- CDKN2A -- BID -- MCL1 -- PCNA -- TAF1 -- PLAC8 -- DIABLO -- RASSF1
307,TNFRSF1A -- TNFRSF1B -- MAPK8 -- STAT1 -- JUN -- FOS -- BIRC2 -- BIRC3 -- SIRT1 -- TNFAIP3 -- TRAF1 -- MAPK14 -- RHOA -- NR3C1 -- TGFB2 -- RAC1 -- MAP2K7 -- MAP3K1 -- VEGFA -- RET -- TRADD -- ATM -- CHUK -- RPS6KA5 -- PPP1R13L -- MAPK9 -- LYN -- IRF1 -- MYB -- CYCS -- HIP1 -- RNF11 -- PSEN1 -- SOD1 -- HNRNPK -- SMPD1 -- TNIK -- BRCA1 -- CDKN2A -- EIF4E -- BID -- MCL1 -- PCNA -- TAF1 -- PLAC8 -- DIABLO -- RASSF1
308,TNFRSF1A -- TNFRSF1B -- MAPK8 -- STAT1 -- FOS -- SIRT1 -- MYC -- TNFAIP3 -- CCND1 -- TRAF1 -- MAPK14 -- PTMA -- RHOA -- TGFB2 -- RAC1 -- MAP2K7 -- MAP3K1 -- MAP3K14 -- TRADD -- CASP2 -- MDM2 -- CHUK -- PPP1R13L -- MAPK9 -- IRF1 -- EIF4G2 -- HTRA2 -- CDK4 -- OTUD7B -- RNF11 -- PSEN1 -- SOD1 -- RPA4 -- CASP7 -- SMPD1 -- TNIK -- HTT -- PELP1 -- BAX -- BID -- FOXM1 -- MCL1 -- PCNA -- TAF1 -- DIABLO -- APAF1 -- RANGAP1
309,TNFRSF1A -- TNFRSF1B -- MAPK8 -- STAT1 -- JUN -- TNFAIP3 -- TRAF1 -- MAPK14 -- RHOA -- NR3C1 -- TGFB2 -- RAC1 -- MAP2K7 -- MAP3K1 -- VEGFA -- MAP3K14 -- RET -- TRADD -- ATM -- CASP2 -- E2F1 -- CHUK -- RPS6KA5 -- PPP1R13L -- MAPK9 -- IRF1 -- EIF4G2 -- HTRA2 -- MYB -- HIP1 -- RNF11 -- PSEN1 -- SOD1 -- HNRNPK -- CASP7 -- SMPD1 -- TNIK -- HTT -- CDKN2A -- BBC3 -- BID -- RBL1 -- PCNA -- TAF1 -- PLAC8 -- DIABLO -- APAF1 -- RASSF1
310,STAT1 -- JUN -- FOS -- BIRC2 -- BIRC3 -- MAPK14 -- TGFB2 -- RAC1 -- MAP2K7 -- MAP3K1 -- VEGFA -- RET -- MAPK1 -- AKT1 -- ATM -- E2F1 -- CHUK -- RPS6KA5 -- PPP1R13L -- MAPK9 -- IRF1 -- EIF4G2 -- MYB -- CYCS -- HIP1 -- OTUD7B -- PSEN1 -- SMPD1 -- CDKN2A -- BBC3 -- BID -- RBL1 -- PCNA -- TAF1 -- PLAC8 -- CASP9 -- DIABLO -- RASSF1
311,TNFRSF1A -- TNFRSF1B -- NFKB1 -- MAPK8 -- SIRT1 -- RB1 -- TNFAIP3 -- CCND1 -- TRAF1 -- MAPK14 -- RHOA -- RAC1 -- MAP2K7 -- MAP3K1 -- IGF1 -- MAP3K14 -- TRADD -- TNFRSF10B -- CASP2 -- MDM2 -- CHUK -- RPS6KA5 -- PPP1R13L -- MAPK9 -- LYN -- IRF1 -- EIF4G2 -- HTRA2 -- HIP1 -- CDK4 -- OTUD7B -- RNF11 -- CASP10 -- PSEN1 -- SOD1 -- RPA4 -- SMPD1 -- TNIK -- HTT -- PELP1 -- BAX -- BAK1 -- BID -- FOXM1 -- PCNA -- PLAC8 -- CASP9 -- DIABLO -- APAF1
312,TNFRSF1A -- TNFRSF1B -- NFKB1 -- MAPK8 -- JUN -- SIRT1 -- RB1 -- TNFAIP3 -- CCND1 -- TRAF1 -- MAPK14 -- RHOA -- RAC1 -- MAP2K7 -- MAP3K1 -- MAP3K14 -- TRADD -- TNFRSF10B -- CASP2 -- MDM2 -- CHUK -- RPS6KA5 -- PPP1R13L -- MAPK9 -- IRF1 -- EIF4G2 -- HTRA2 -- HIP1 -- CDK4 -- OTUD7B -- RNF11 -- CASP10 -- PSEN1 -- SOD1 -- RPA4 -- SMPD1 -- TNIK -- PELP1 -- BAX -- BAK1 -- BID -- FOXM1 -- PCNA -- PLAC8 -- CASP9 -- DIABLO
313,TNFRSF1A -- TNFRSF1B -- MAPK8 -- STAT1 -- BIRC2 -- BIRC3 -- SIRT1 -- TNFAIP3 -- TRAF1 -- MAPK14 -- RHOA -- NR3C1 -- RAC1 -- MAP2K7 -- MAP3K1 -- VEGFA -- RET -- TRADD -- ATM -- CHUK -- RPS6KA5 -- PPP1R13L -- MAPK9 -- LYN -- IRF1 -- CYCS -- HIP1 -- CDK4 -- RNF11 -- PSEN1 -- SOD1 -- HNRNPK -- SMPD1 -- TNIK -- BRCA1 -- EIF4E -- BID -- FOXM1 -- MCL1 -- PCNA -- TAF1 -- PLAC8 -- DIABLO -- RASSF1
314,TNFRSF1A -- TNFRSF1B -- MAPK8 -- STAT1 -- JUN -- FOS -- BIRC2 -- BIRC3 -- SIRT1 -- TNFAIP3 -- TRAF1 -- MAPK14 -- RHOA -- NR3C1 -- TGFB2 -- RAC1 -- MAP2K7 -- MAP3K1 -- VEGFA -- RET -- TRADD -- TNFRSF10B -- ATM -- CHUK -- RPS6KA5 -- PPP1R13L -- MAPK9 -- IRF1 -- EIF4G2 -- MYB -- CYCS -- HIP1 -- RNF11 -- CASP10 -- PSEN1 -- SOD1 -- HNRNPK -- SMPD1 -- TNIK -- BRCA1 -- CDKN2A -- BID -- MCL1 -- PCNA -- TAF1 -- PLAC8 -- DIABLO -- RASSF1
315,TNFRSF1A -- TNFRSF1B -- MAPK8 -- STAT1 -- JUN -- FOS -- BIRC2 -- BIRC3 -- SIRT1 -- TNFAIP3 -- TRAF1 -- MAPK14 -- RHOA -- NR3C1 -- TGFB2 -- RAC1 -- MAP2K7 -- MAP3K1 -- VEGFA -- RET -- TRADD -- ATM -- CASP2 -- CHUK -- RPS6KA5 -- PPP1R13L -- MAPK9 -- IRF1 -- EIF4G2 -- MYB -- CYCS -- HIP1 -- RNF11 -- PSEN1 -- SOD1 -- HNRNPK -- SMPD1 -- TNIK -- HTT -- BRCA1 -- CDKN2A -- BID -- MCL1 -- PCNA -- TAF1 -- PLAC8 -- DIABLO -- RASSF1
316,TNFRSF1A -- TNFRSF1B -- MAPK8 -- STAT1 -- BIRC2 -- SIRT1 -- MYC -- TNFAIP3 -- MAPK14 -- PTMA -- RHOA -- RAC1 -- MAP2K7 -- MAP3K1 -- IGF1 -- VEGFA -- RET -- TRADD -- CHUK -- PPP1R13L -- MAPK9 -- LYN -- IRF1 -- CYCS -- CDK4 -- OTUD7B -- RNF11 -- PSEN1 -- BAD -- SOD1 -- HNRNPK -- RPA4 -- SMPD1 -- TNIK -- PELP1 -- BID -- FOXM1 -- MCL1 -- PCNA -- TAF1 -- DIABLO -- RASSF1
317,TNFRSF1A -- TNFRSF1B -- NFKB1 -- MAPK8 -- BIRC2 -- SIRT1 -- MYC -- TNFAIP3 -- CCND1 -- MAPK14 -- PTMA -- RHOA -- TGFB2 -- RAC1 -- MAP2K7 -- MAP3K1 -- IGF1 -- TRADD -- TNFRSF10B -- ATM -- MDM2 -- CHUK -- PPP1R13L -- MAPK9 -- LYN -- IRF1 -- EIF4G2 -- HTRA2 -- CDK4 -- OTUD7B -- RNF11 -- CASP10 -- PSEN1 -- SOD1 -- RPA4 -- SMPD1 -- TNIK -- PELP1 -- BAX -- BAK1 -- BID -- FOXM1 -- PCNA -- TAF1 -- DIABLO -- RANGAP1
318,TNFRSF1A -- TNFRSF1B -- MAPK8 -- STAT1 -- JUN -- FOS -- BIRC2 -- BIRC3 -- SIRT1 -- TNFAIP3 -- TRAF1 -- MAPK14 -- RHOA -- TGFB2 -- RAC1 -- MAP2K7 -- MAP3K1 -- VEGFA -- MAP3K14 -- RET -- TRADD -- ATM -- CASP2 -- CHUK -- RPS6KA5 -- PPP1R13L -- MAPK9 -- IRF1 -- EIF4G2 -- MYB -- CYCS -- HIP1 -- RNF11 -- PSEN1 -- SOD1 -- HNRNPK -- SMPD1 -- TNIK -- HTT -- BRCA1 -- CDKN2A -- PELP1 -- BID -- MCL1 -- PCNA -- TAF1 -- PLAC8 -- CASP9 -- DIABLO -- APAF1 -- RASSF1
319,TNFRSF1A -- TNFRSF1B -- MAPK8 -- STAT1 -- BIRC2 -- BIRC3 -- SIRT1 -- TNFAIP3 -- TRAF1 -- MAPK14 -- RHOA -- TGFB2 -- RAC1 -- MAP2K7 -- MAP3K1 -- VEGFA -- TRADD -- TNFRSF10B -- ATM -- MDM2 -- CHUK -- RPS6KA5 -- PPP1R13L -- MAPK9 -- LYN -- IRF1 -- HTRA2 -- CYCS -- HIP1 -- CDK4 -- OTUD7B -- RNF11 -- PSEN1 -- SOD1 -- RPA4 -- SMPD1 -- TNIK -- PELP1 -- BAK1 -- EIF4E -- BID -- FOXM1 -- MCL1 -- CTBP1 -- PCNA -- TAF1 -- PLAC8 -- DIABLO
320,STAT1 -- BIRC2 -- SIRT1 -- MAPK14 -- RAC1 -- MAP2K7 -- MAP3K1 -- IGF1 -- VEGFA -- MAPK1 -- AKT1 -- E2F1 -- MDM2 -- CHUK -- RPS6KA5 -- PPP1R13L -- MAPK9 -- LYN -- IRF1 -- EIF4G2 -- MYB -- CYCS -- HIP1 -- CDK4 -- OTUD7B -- CASP10 -- PARP1 -- PSEN1 -- SOD1 -- HNRNPK -- BBC3 -- PELP1 -- BAK1 -- EIF4E -- BID -- FOXM1 -- CTBP1 -- PCNA -- TAF1 -- PLAC8 -- DIABLO
321,TNFRSF1A -- TNFRSF1B -- MAPK8 -- STAT1 -- JUN -- FOS -- BIRC3 -- SIRT1 -- TNFAIP3 -- TRAF1 -- MAPK14 -- RHOA -- NR3C1 -- TGFB2 -- RAC1 -- MAP2K7 -- MAP3K1 -- VEGFA -- MAP3K14 -- RET -- TRADD -- ATM -- CASP2 -- CHUK -- RPS6KA5 -- PPP1R13L -- MAPK9 -- IRF1 -- EIF4G2 -- MYB -- HIP1 -- RNF11 -- PSEN1 -- SOD1 -- HNRNPK -- SMPD1 -- TNIK -- HTT -- BRCA1 -- CDKN2A -- BID -- MCL1 -- PCNA -- PLAC8 -- DIABLO -- APAF1 -- RASSF1
322,TNFRSF1A -- TNFRSF1B -- MAPK8 -- STAT1 -- JUN -- FOS -- BIRC2 -- BIRC3 -- SIRT1 -- TNFAIP3 -- TRAF1 -- MAPK14 -- RHOA -- NR3C1 -- TGFB2 -- RAC1 -- MAP2K7 -- MAP3K1 -- VEGFA -- RET -- TRADD -- ATM -- CHUK -- RPS6KA5 -- PPP1R13L -- MAPK9 -- LYN -- IRF1 -- MYB -- CYCS -- HIP1 -- RNF11 -- PSEN1 -- SOD1 -- HNRNPK -- SMPD1 -- TNIK -- BRCA1 -- CDKN2A -- BID -- MCL1 -- PCNA -- TAF1 -- PLAC8 -- DIABLO
323,TNFRSF1A -- TNFRSF1B -- NFKB1 -- MAPK8 -- SIRT1 -- RB1 -- TNFAIP3 -- CCND1 -- TRAF1 -- MAPK14 -- RHOA -- RAC1 -- MAP2K7 -- MAP3K1 -- IGF1 -- MAP3K14 -- TRADD -- TNFRSF10B -- ATM -- CASP2 -- MDM2 -- CHUK -- RPS6KA5 -- PPP1R13L -- MAPK9 -- EIF4G2 -- HTRA2 -- HIP1 -- CDK4 -- OTUD7B -- RNF11 -- CASP10 -- PSEN1 -- SOD1 -- RPA4 -- SMPD1 -- TNIK -- HTT -- PELP1 -- BAX -- BAK1 -- BID -- FOXM1 -- PLAC8 -- CASP9 -- DIABLO -- APAF1
324,STAT1 -- BIRC3 -- SIRT1 -- MAPK14 -- RAC1 -- MAP2K7 -- MAP3K1 -- IGF1 -- VEGFA -- RET -- MAPK1 -- E2F1 -- CHUK -- RPS6KA5 -- PPP1R13L -- MAPK9 -- LYN -- IRF1 -- HTRA2 -- MYB -- HIP1 -- CDK4 -- OTUD7B -- RNF11 -- PARP1 -- PSEN1 -- SOD1 -- RPA4 -- SMPD1 -- BBC3 -- PELP1 -- BAK1 -- EIF4E -- BID -- FOXM1 -- CTBP1 -- RBL1 -- PCNA -- TAF1 -- PLAC8 -- DIABLO
325,TNFRSF1A -- TNFRSF1B -- MAPK8 -- JUN -- SIRT1 -- RB1 -- TNFAIP3 -- CCND1 -- TRAF1 -- MAPK14 -- RHOA -- RAC1 -- MAP2K7 -- MAP3K1 -- IGF1 -- MAP3K14 -- TRADD -- CASP2 -- MDM2 -- CHUK -- RPS6KA5 -- PPP1R13L -- MAPK9 -- LYN -- IRF1 -- EIF4G2 -- HTRA2 -- MYB -- HIP1 -- CDK4 -- OTUD7B -- RNF11 -- CASP10 -- PSEN1 -- SOD1 -- RPA4 -- SMPD1 -- TNIK -- HTT -- CDKN2A -- PELP1 -- BAX -- BAK1 -- BID -- FOXM1 -- PCNA -- PLAC8 -- DIABLO -- APAF1
326,TNFRSF1A -- TNFRSF1B -- MAPK8 -- JUN -- FOS -- SIRT1 -- TNFAIP3 -- TRAF1 -- MAPK14 -- RHOA -- NR3C1 -- TGFB2 -- RAC1 -- MAP2K7 -- MAP3K1 -- VEGFA -- MAP3K14 -- RET -- TRADD -- ATM -- CASP2 -- CHUK -- RPS6KA5 -- PPP1R13L -- MAPK9 -- IRF1 -- EIF4G2 -- HTRA2 -- MYB -- HIP1 -- RNF11 -- CASP10 -- PSEN1 -- SOD1 -- HNRNPK -- SMPD1 -- TNIK -- HTT -- BRCA1 -- CDKN2A -- BAK1 -- BID -- PCNA -- PLAC8 -- CASP9 -- DIABLO -- APAF1 -- RASSF1
327,TNFRSF1A -- TNFRSF1B -- MAPK8 -- STAT1 -- BIRC2 -- SIRT1 -- MYC -- TNFAIP3 -- TRAF1 -- MAPK14 -- RHOA -- RAC1 -- MAP2K7 -- MAP3K1 -- VEGFA -- RET -- TRADD -- ATM -- CHUK -- PPP1R13L -- MAPK9 -- LYN -- IRF1 -- CYCS -- CDK4 -- RNF11 -- PSEN1 -- BAD -- SOD1 -- HNRNPK -- SMPD1 -- TNIK -- BRCA1 -- EIF4E -- BID -- MCL1 -- PCNA -- TAF1 -- DIABLO -- RASSF1 -- RANGAP1
328,TNFRSF1A -- TNFRSF1B -- NFKB1 -- MAPK8 -- SIRT1 -- RB1 -- TNFAIP3 -- CCND1 -- TRAF1 -- MAPK14 -- PTMA -- RHOA -- RAC1 -- MAP2K7 -- MAP3K1 -- IGF1 -- MAP3K14 -- TRADD -- TNFRSF10B -- MDM2 -- CHUK -- RPS6KA5 -- PPP1R13L -- MAPK9 -- LYN -- IRF1 -- EIF4G2 -- HTRA2 -- CDK4 -- OTUD7B -- RNF11 -- CASP10 -- PSEN1 -- SOD1 -- RPA4 -- SMPD1 -- TNIK -- PELP1 -- BAX -- BAK1 -- BID -- FOXM1 -- PCNA -- TAF1 -- DIABLO -- APAF1
329,STAT1 -- FOS -- BIRC2 -- SIRT1 -- MYC -- MAPK14 -- PTMA -- IL2 -- RAC1 -- MAP2K7 -- MAP3K1 -- VEGFA -- MAP3K14 -- RET -- MAPK1 -- AKT1 -- ATM -- CHUK -- PPP1R13L -- MAPK9 -- IRF1 -- EIF4G2 -- CYCS -- OTUD7B -- PSEN1 -- HNRNPK -- CASP7 -- BRCA1 -- CDKN2A -- BID -- MCL1 -- PCNA -- TAF1 -- PLAC8 -- DIABLO -- RASSF1
330,NFKB1 -- BIRC2 -- BIRC3 -- RB1 -- TNFAIP3 -- TRAF1 -- MAPK14 -- RHOA -- RAC1 -- MAP2K7 -- MAP3K1 -- TRADD -- TNFRSF10B -- MDM2 -- CHUK -- RPS6KA5 -- PPP1R13L -- MAPK9 -- LYN -- EIF4G2 -- CYCS -- HIP1 -- CDK4 -- OTUD7B -- RNF11 -- CASP10 -- PARP1 -- PSEN1 -- SOD1 -- RPA4 -- SMPD1 -- TNIK -- PELP1 -- BID -- FOXM1 -- MCL1 -- CTBP1 -- PCNA -- PLAC8 -- DIABLO
331,TNFRSF1A -- SMURF2 -- TNFRSF1B -- MAPK8 -- BIRC2 -- BIRC3 -- SIRT1 -- RB1 -- TRAF1 -- MAPK14 -- RHOA -- RAC1 -- MAP2K7 -- MAP3K1 -- IGF1 -- TRAF2 -- MDM2 -- CHUK -- RPS6KA5 -- PPP1R13L -- MAPK9 -- LYN -- IRF1 -- MYB -- CYCS -- HIP1 -- CDK4 -- OTUD7B -- RNF11 -- PSEN1 -- SOD1 -- RPA4 -- SMPD1 -- TNIK -- PELP1 -- EIF4E -- BID -- FOXM1 -- CTBP1 -- PCNA -- PLAC8 -- DIABLO
332,TNFRSF1A -- TNFRSF1B -- MAPK8 -- STAT1 -- JUN -- FOS -- SIRT1 -- TNFAIP3 -- TRAF1 -- MAPK14 -- RHOA -- NR3C1 -- TGFB2 -- RAC1 -- MAP2K7 -- MAP3K1 -- VEGFA -- MAP3K14 -- TRADD -- ATM -- CASP2 -- CHUK -- RPS6KA5 -- PPP1R13L -- MAPK9 -- IRF1 -- EIF4G2 -- HTRA2 -- HIP1 -- RNF11 -- PSEN1 -- SOD1 -- HNRNPK -- CASP7 -- SMPD1 -- TNIK -- HTT -- BRCA1 -- CDKN2A -- BAK1 -- BID -- MCL1 -- PCNA -- TAF1 -- PLAC8 -- CASP9 -- DIABLO -- APAF1 -- RASSF1
333,TNFRSF1A -- TNFRSF1B -- NFKB1 -- MAPK8 -- BIRC2 -- BIRC3 -- SIRT1 -- RB1 -- TNFAIP3 -- CCND1 -- TRAF1 -- MAPK14 -- RHOA -- RAC1 -- MAP2K7 -- MAP3K1 -- TRADD -- TNFRSF10B -- MDM2 -- CHUK -- RPS6KA5 -- PPP1R13L -- MAPK9 -- LYN -- IRF1 -- EIF4G2 -- CYCS -- HIP1 -- CDK4 -- OTUD7B -- RNF11 -- CASP10 -- PSEN1 -- RPA4 -- TNIK -- PELP1 -- BAX -- BID -- FOXM1 -- MCL1 -- PCNA -- PLAC8 -- DIABLO
334,TNFRSF1A -- TNFRSF1B -- NFKB1 -- MAPK8 -- SIRT1 -- RB1 -- TNFAIP3 -- CCND1 -- TRAF1 -- MAPK14 -- RHOA -- RAC1 -- MAP2K7 -- MAP3K1 -- IGF1 -- TRADD -- TNFRSF10B -- MDM2 -- CHUK -- RPS6KA5 -- PPP1R13L -- MAPK9 -- LYN -- IRF1 -- EIF4G2 -- HTRA2 -- HIP1 -- CDK4 -- OTUD7B -- RNF11 -- CASP10 -- PSEN1 -- SOD1 -- RPA4 -- SMPD1 -- TNIK -- PELP1 -- BAX -- BAK1 -- BID -- FOXM1 -- PCNA -- PLAC8 -- DIABLO -- APAF1
335,STAT1 -- FOS -- BIRC2 -- BIRC3 -- SIRT1 -- MAPK14 -- TGFB2 -- RAC1 -- MAP2K7 -- MAP3K1 -- VEGFA -- RET -- MAPK1 -- AKT1 -- ATM -- CHUK -- RPS6KA5 -- PPP1R13L -- MAPK9 -- LYN -- IRF1 -- EIF4G2 -- MYB -- CYCS -- HIP1 -- OTUD7B -- CASP10 -- PSEN1 -- HNRNPK -- CDKN2A -- PELP1 -- BAK1 -- BID -- MCL1 -- RBL1 -- PCNA -- TAF1 -- PLAC8 -- DIABLO -- RASSF1
336,TNFRSF1A -- TNFRSF1B -- NFKB1 -- STAT1 -- BIRC3 -- TNFAIP3 -- TRAF1 -- MAPK14 -- RHOA -- IL2 -- RAC1 -- MAP2K7 -- MAP3K1 -- IGF1 -- VEGFA -- TRADD -- TNFRSF10B -- AKT1 -- MDM2 -- CHUK -- RPS6KA5 -- PPP1R13L -- MAPK9 -- LYN -- IRF1 -- EIF4G2 -- CYCS -- HIP1 -- CDK4 -- OTUD7B -- CASP10 -- PSEN1 -- RPA4 -- PELP1 -- BAK1 -- BID -- FOXM1 -- MCL1 -- CTBP1 -- PCNA -- PLAC8 -- DIABLO
337,TNFRSF1A -- TNFRSF1B -- NFKB1 -- MAPK8 -- BIRC2 -- SIRT1 -- MYC -- TNFAIP3 -- CCND1 -- MAPK14 -- PTMA -- RHOA -- RAC1 -- MAP2K7 -- MAP3K1 -- IGF1 -- VEGFA -- RET -- TRADD -- TNFRSF10B -- MDM2 -- CHUK -- PPP1R13L -- MAPK9 -- LYN -- IRF1 -- CYCS -- HIP1 -- CDK4 -- OTUD7B -- RNF11 -- PSEN1 -- BAD -- SOD1 -- RPA4 -- SMPD1 -- TNIK -- PELP1 -- BID -- MCL1 -- PCNA -- TAF1 -- DIABLO -- RANGAP1
338,TNFRSF1A -- TNFRSF1B -- NFKB1 -- MAPK8 -- BIRC2 -- SIRT1 -- RB1 -- TNFAIP3 -- CCND1 -- TRAF1 -- MAPK14 -- RHOA -- RAC1 -- MAP2K7 -- MAP3K1 -- IGF1 -- TRADD -- TNFRSF10B -- ATM -- MDM2 -- CHUK -- RPS6KA5 -- PPP1R13L -- MAPK9 -- LYN -- IRF1 -- CYCS -- CDK4 -- OTUD7B -- RNF11 -- PSEN1 -- SOD1 -- RPA4 -- SMPD1 -- TNIK -- PELP1 -- BAX -- EIF4E -- BID -- FOXM1 -- PCNA -- PLAC8 -- DIABLO
339,TNFRSF1A -- TNFRSF1B -- MAPK8 -- STAT1 -- BIRC2 -- BIRC3 -- SIRT1 -- TNFAIP3 -- TRAF1 -- MAPK14 -- RHOA -- NR3C1 -- RAC1 -- MAP2K7 -- MAP3K1 -- VEGFA -- RET -- TRADD -- ATM -- CHUK -- RPS6KA5 -- PPP1R13L -- MAPK9 -- LYN -- IRF1 -- MYB -- CYCS -- RNF11 -- PSEN1 -- SOD1 -- HNRNPK -- SMPD1 -- TNIK -- BRCA1 -- CDKN2A -- EIF4E -- BID -- MCL1 -- PCNA -- TAF1 -- PLAC8 -- DIABLO -- RASSF1
340,TNFRSF1A -- TNFRSF1B -- MAPK8 -- STAT1 -- JUN -- FOS -- SIRT1 -- TNFAIP3 -- TRAF1 -- MAPK14 -- RHOA -- NR3C1 -- TGFB2 -- RAC1 -- MAP2K7 -- MAP3K1 -- VEGFA -- MAP3K14 -- RET -- TRADD -- ATM -- CASP2 -- CHUK -- RPS6KA5 -- PPP1R13L -- MAPK9 -- IRF1 -- EIF4G2 -- HTRA2 -- MYB -- HIP1 -- RNF11 -- PSEN1 -- SOD1 -- HNRNPK -- CASP7 -- SMPD1 -- TNIK -- HTT -- BRCA1 -- CDKN2A -- BID -- MCL1 -- PCNA -- PLAC8 -- CASP9 -- DIABLO -- APAF1 -- RASSF1
341,TNFRSF1A -- TNFRSF1B -- NFKB1 -- MAPK8 -- SIRT1 -- MYC -- RB1 -- TNFAIP3 -- CCND1 -- MAPK14 -- PTMA -- RHOA -- RAC1 -- MAP2K7 -- MAP3K1 -- MAP3K14 -- TRADD -- TNFRSF10B -- CASP2 -- MDM2 -- CHUK -- PPP1R13L -- MAPK9 -- LYN -- IRF1 -- EIF4G2 -- HTRA2 -- CDK4 -- OTUD7B -- RNF11 -- PSEN1 -- SOD1 -- RPA4 -- SMPD1 -- TNIK -- PELP1 -- BAX -- BAK1 -- EIF4E -- BID -- FOXM1 -- PCNA -- DIABLO -- APAF1 -- RANGAP1
342,TNFRSF1A -- TNFRSF1B -- NFKB1 -- MAPK8 -- SIRT1 -- RB1 -- TNFAIP3 -- CCND1 -- TRAF1 -- MAPK14 -- RHOA -- RAC1 -- MAP2K7 -- MAP3K1 -- MAP3K14 -- TRADD -- TNFRSF10B -- CASP2 -- MDM2 -- CHUK -- RPS6KA5 -- PPP1R13L -- MAPK9 -- LYN -- IRF1 -- EIF4G2 -- HTRA2 -- HIP1 -- CDK4 -- OTUD7B -- RNF11 -- CASP10 -- PSEN1 -- SOD1 -- RPA4 -- SMPD1 -- TNIK -- HTT -- PELP1 -- BAX -- BAK1 -- BID -- FOXM1 -- PCNA -- PLAC8 -- DIABLO -- APAF1
343,TNFRSF1A -- TNFRSF1B -- MAPK8 -- STAT1 -- JUN -- FOS -- BIRC2 -- BIRC3 -- SIRT1 -- TNFAIP3 -- TRAF1 -- MAPK14 -- RHOA -- NR3C1 -- TGFB2 -- RAC1 -- MAP2K7 -- MAP3K1 -- VEGFA -- RET -- TRADD -- ATM -- CHUK -- RPS6KA5 -- PPP1R13L -- MAPK9 -- IRF1 -- EIF4G2 -- MYB -- CYCS -- HIP1 -- RNF11 -- PSEN1 -- SOD1 -- HNRNPK -- SMPD1 -- TNIK -- HTT -- BRCA1 -- CDKN2A -- BID -- MCL1 -- PCNA -- TAF1 -- PLAC8 -- DIABLO -- RASSF1
344,TNFRSF1A -- TNFRSF1B -- NFKB1 -- MAPK8 -- SIRT1 -- MYC -- RB1 -- TNFAIP3 -- CCND1 -- MAPK14 -- PTMA -- RHOA -- RAC1 -- MAP2K7 -- MAP3K1 -- IGF1 -- MAP3K14 -- RET -- TRADD -- CASP2 -- CHUK -- PPP1R13L -- MAPK9 -- LYN -- IRF1 -- EIF4G2 -- HTRA2 -- CDK4 -- OTUD7B -- RNF11 -- PSEN1 -- SOD1 -- HNRNPK -- RPA4 -- SMPD1 -- TNIK -- PELP1 -- BAX -- BAK1 -- BID -- FOXM1 -- PCNA -- PLAC8 -- DIABLO -- APAF1 -- RANGAP1
345,NFKB1 -- STAT1 -- BIRC2 -- BIRC3 -- SIRT1 -- MAPK14 -- TGFB2 -- RAC1 -- MAP2K7 -- MAP3K1 -- VEGFA -- RET -- MAPK1 -- AKT1 -- ATM -- CHUK -- RPS6KA5 -- PPP1R13L -- MAPK9 -- LYN -- IRF1 -- CYCS -- HIP1 -- CDK4 -- OTUD7B -- PARP1 -- PSEN1 -- RPA4 -- SMPD1 -- BBC3 -- PELP1 -- BAK1 -- EIF4E -- BID -- FOXM1 -- CTBP1 -- PCNA -- TAF1 -- PLAC8 -- DIABLO
346,TNFRSF1A -- TNFRSF1B -- NFKB1 -- MAPK8 -- JUN -- SIRT1 -- FASLG -- RB1 -- TNFAIP3 -- CCND1 -- TRAF1 -- MAPK14 -- RHOA -- RAC1 -- MAP2K7 -- MAP3K1 -- IGF1 -- MAP3K14 -- TRADD -- TNFRSF10B -- ATM -- CASP2 -- MDM2 -- CHUK -- RPS6KA5 -- PPP1R13L -- MAPK9 -- IRF1 -- EIF4G2 -- HTRA2 -- MYB -- HIP1 -- CDK4 -- OTUD7B -- RNF11 -- CASP10 -- PSEN1 -- SOD1 -- RPA4 -- SMPD1 -- TNIK -- HTT -- PELP1 -- BAX -- BAK1 -- BID -- FOXM1 -- PCNA -- PLAC8 -- CASP9 -- DIABLO -- APAF1
347,TNFRSF1A -- TNFRSF1B -- MAPK8 -- STAT1 -- BIRC2 -- BIRC3 -- SIRT1 -- MYC -- TNFAIP3 -- MAPK14 -- PTMA -- RHOA -- TGFB2 -- RAC1 -- MAP2K7 -- MAP3K1 -- VEGFA -- RET -- TRADD -- ATM -- CHUK -- RPS6KA5 -- PPP1R13L -- MAPK9 -- LYN -- IRF1 -- EIF4G2 -- CYCS -- HIP1 -- RNF11 -- PSEN1 -- SOD1 -- HNRNPK -- SMPD1 -- TNIK -- BRCA1 -- BID -- MCL1 -- PCNA -- TAF1 -- PLAC8 -- DIABLO -- RASSF1 -- RANGAP1
348,TNFRSF1A -- TNFRSF1B -- MAPK8 -- STAT1 -- JUN -- FOS -- BIRC2 -- BIRC3 -- SIRT1 -- TNFAIP3 -- TRAF1 -- MAPK14 -- RHOA -- NR3C1 -- TGFB2 -- RAC1 -- MAP2K7 -- MAP3K1 -- VEGFA -- RET -- TRADD -- ATM -- CHUK -- RPS6KA5 -- PPP1R13L -- MAPK9 -- LYN -- IRF1 -- MYB -- CYCS -- HIP1 -- RNF11 -- PSEN1 -- SOD1 -- HNRNPK -- SMPD1 -- TNIK -- BRCA1 -- CDKN2A -- BID -- MCL1 -- PCNA -- TAF1 -- PLAC8 -- DIABLO -- RASSF1
349,TNFRSF1A -- TNFRSF1B -- NFKB1 -- MAPK8 -- SIRT1 -- RB1 -- TNFAIP3 -- CCND1 -- TRAF1 -- MAPK14 -- RHOA -- RAC1 -- MAP2K7 -- MAP3K1 -- MAP3K14 -- TRADD -- TNFRSF10B -- ATM -- CASP2 -- MDM2 -- CHUK -- RPS6KA5 -- PPP1R13L -- MAPK9 -- IRF1 -- EIF4G2 -- HTRA2 -- HIP1 -- CDK4 -- OTUD7B -- RNF11 -- CASP10 -- PSEN1 -- SOD1 -- RPA4 -- SMPD1 -- TNIK -- HTT -- PELP1 -- BAX -- BAK1 -- BID -- FOXM1 -- PCNA -- PLAC8 -- CASP9 -- DIABLO -- APAF1
350,TNFRSF1A -- TNFRSF1B -- NFKB1 -- MAPK8 -- BIRC2 -- BIRC3 -- SIRT1 -- MYC -- RB1 -- TNFAIP3 -- CCND1 -- MAPK14 -- PTMA -- RHOA -- RAC1 -- MAP2K7 -- MAP3K1 -- RET -- TRADD -- ATM -- CHUK -- PPP1R13L -- MAPK9 -- LYN -- IRF1 -- CYCS -- CDK4 -- OTUD7B -- RNF11 -- PSEN1 -- BAD -- SOD1 -- HNRNPK -- RPA4 -- SMPD1 -- TNIK -- PELP1 -- EIF4E -- BID -- FOXM1 -- MCL1 -- PCNA -- DIABLO -- RANGAP1
351,TNFRSF1A -- TNFRSF1B -- NFKB1 -- MAPK8 -- STAT1 -- BIRC3 -- SIRT1 -- TNFAIP3 -- TRAF1 -- MAPK14 -- RHOA -- RAC1 -- MAP2K7 -- MAP3K1 -- IGF1 -- VEGFA -- MAP3K14 -- TRADD -- TNFRSF10B -- ATM -- CASP2 -- E2F1 -- MDM2 -- CHUK -- RPS6KA5 -- PPP1R13L -- MAPK9 -- LYN -- IRF1 -- EIF4G2 -- MYB -- HIP1 -- CDK4 -- OTUD7B -- RNF11 -- CASP10 -- PSEN1 -- SOD1 -- RPA4 -- SMPD1 -- TNIK -- HTT -- BBC3 -- PELP1 -- BAK1 -- BID -- FOXM1 -- CTBP1 -- RBL1 -- PCNA -- TAF1 -- PLAC8 -- CASP9 -- DIABLO -- APAF1
352,TNFRSF1A -- TNFRSF1B -- NFKB1 -- MAPK8 -- JUN -- SIRT1 -- RB1 -- TNFAIP3 -- CCND1 -- TRAF1 -- MAPK14 -- RHOA -- RAC1 -- MAP2K7 -- MAP3K1 -- IGF1 -- MAP3K14 -- TRADD -- TNFRSF10B -- ATM -- CASP2 -- MDM2 -- CHUK -- RPS6KA5 -- PPP1R13L -- MAPK9 -- IRF1 -- EIF4G2 -- HTRA2 -- HIP1 -- CDK4 -- OTUD7B -- RNF11 -- CASP10 -- PSEN1 -- SOD1 -- RPA4 -- SMPD1 -- TNIK -- HTT -- PELP1 -- BAX -- BAK1 -- BID -- FOXM1 -- PCNA -- PLAC8 -- CASP9 -- DIABLO -- APAF1
353,NFKB1 -- STAT1 -- MAPK14 -- TGFB2 -- RAC1 -- MAP2K7 -- MAP3K1 -- IGF1 -- VEGFA -- MAP3K14 -- MAPK1 -- TNFRSF10B -- AKT1 -- MDM2 -- CHUK -- RPS6KA5 -- PPP1R13L -- MAPK9 -- LYN -- IRF1 -- EIF4G2 -- CYCS -- HIP1 -- CDK4 -- OTUD7B -- PSEN1 -- RPA4 -- CASP7 -- SMPD1 -- PELP1 -- BID -- FOXM1 -- MCL1 -- CTBP1 -- PCNA -- TAF1 -- PLAC8 -- DIABLO
354,TNFRSF1A -- TNFRSF1B -- MAPK8 -- JUN -- FOS -- SIRT1 -- RB1 -- TNFAIP3 -- TRAF1 -- MAPK14 -- RHOA -- RAC1 -- MAP2K7 -- MAP3K1 -- MAP3K14 -- RET -- TRADD -- TNFRSF10B -- ATM -- CASP2 -- CHUK -- RPS6KA5 -- PPP1R13L -- MAPK9 -- IRF1 -- EIF4G2 -- HTRA2 -- MYB -- HIP1 -- OTUD7B -- RNF11 -- CASP10 -- PSEN1 -- SOD1 -- HNRNPK -- SMPD1 -- TNIK -- HTT -- CDKN2A -- BAX -- BAK1 -- BID -- PCNA -- PLAC8 -- CASP9 -- DIABLO -- APAF1
355,TNFRSF1A -- TNFRSF1B -- NFKB1 -- MAPK8 -- BIRC2 -- BIRC3 -- SIRT1 -- MYC -- TNFAIP3 -- CCND1 -- MAPK14 -- PTMA -- RHOA -- TGFB2 -- RAC1 -- MAP2K7 -- MAP3K1 -- TRADD -- TNFRSF10B -- ATM -- MDM2 -- CHUK -- PPP1R13L -- MAPK9 -- LYN -- IRF1 -- EIF4G2 -- CYCS -- CDK4 -- OTUD7B -- RNF11 -- CASP10 -- PSEN1 -- BAD -- SOD1 -- RPA4 -- SMPD1 -- TNIK -- PELP1 -- EIF4E -- BID -- FOXM1 -- MCL1 -- PCNA -- TAF1 -- DIABLO -- RANGAP1
356,TNFRSF1A -- TNFRSF1B -- MAPK8 -- JUN -- FOS -- SIRT1 -- RB1 -- TNFAIP3 -- TRAF1 -- MAPK14 -- RHOA -- NR3C1 -- RAC1 -- MAP2K7 -- MAP3K1 -- MAP3K14 -- RET -- TRADD -- ATM -- CASP2 -- CHUK -- RPS6KA5 -- PPP1R13L -- MAPK9 -- IRF1 -- EIF4G2 -- HTRA2 -- MYB -- HIP1 -- RNF11 -- PSEN1 -- SOD1 -- HNRNPK -- SMPD1 -- TNIK -- HTT -- BRCA1 -- CDKN2A -- BAK1 -- BID -- PCNA -- PLAC8 -- CASP9 -- DIABLO -- APAF1 -- RASSF1
357,TNFRSF1A -- TNFRSF1B -- NFKB1 -- MAPK8 -- JUN -- FOS -- SIRT1 -- RB1 -- TNFAIP3 -- CCND1 -- TRAF1 -- MAPK14 -- RHOA -- RAC1 -- MAP2K7 -- MAP3K1 -- MAP3K14 -- TRADD -- TNFRSF10B -- ATM -- CASP2 -- MDM2 -- CHUK -- RPS6KA5 -- PPP1R13L -- MAPK9 -- IRF1 -- EIF4G2 -- HTRA2 -- MYB -- HIP1 -- CDK4 -- OTUD7B -- RNF11 -- CASP10 -- PSEN1 -- SOD1 -- RPA4 -- SMPD1 -- TNIK -- HTT -- PELP1 -- BAX -- BAK1 -- BID -- FOXM1 -- PCNA -- PLAC8 -- CASP9 -- DIABLO -- APAF1
358,TNFRSF1A -- TNFRSF1B -- NFKB1 -- MAPK8 -- JUN -- FOS -- SIRT1 -- RB1 -- TNFAIP3 -- CCND1 -- TRAF1 -- MAPK14 -- RHOA -- RAC1 -- MAP2K7 -- MAP3K1 -- IGF1 -- MAP3K14 -- TRADD -- TNFRSF10B -- CASP2 -- MDM2 -- CHUK -- RPS6KA5 -- PPP1R13L -- MAPK9 -- IRF1 -- EIF4G2 -- HTRA2 -- MYB -- HIP1 -- CDK4 -- OTUD7B -- RNF11 -- CASP10 -- PSEN1 -- SOD1 -- RPA4 -- SMPD1 -- TNIK -- HTT -- PELP1 -- BAX -- BAK1 -- BID -- FOXM1 -- PCNA -- PLAC8 -- CASP9 -- DIABLO -- APAF1
359,TNFRSF1A -- TNFRSF1B -- NFKB1 -- MAPK8 -- JUN -- FOS -- SIRT1 -- RB1 -- TNFAIP3 -- TRAF1 -- MAPK14 -- RHOA -- NR3C1 -- RAC1 -- MAP2K7 -- MAP3K1 -- MAP3K14 -- TRADD -- TNFRSF10B -- ATM -- CASP2 -- CHUK -- RPS6KA5 -- PPP1R13L -- MAPK9 -- IRF1 -- EIF4G2 -- HTRA2 -- HIP1 -- OTUD7B -- RNF11 -- CASP10 -- PSEN1 -- SOD1 -- HNRNPK -- RPA4 -- SMPD1 -- TNIK -- HTT -- BRCA1 -- CDKN2A -- BAK1 -- BID -- PCNA -- PLAC8 -- CASP9 -- DIABLO -- APAF1 -- RASSF1
360,TNFRSF1A -- TNFRSF1B -- MAPK8 -- STAT1 -- JUN -- FOS -- BIRC2 -- BIRC3 -- SIRT1 -- TNFAIP3 -- TRAF1 -- MAPK14 -- RHOA -- NR3C1 -- TGFB2 -- RAC1 -- MAP2K7 -- MAP3K1 -- VEGFA -- RET -- TRADD -- ATM -- CHUK -- RPS6KA5 -- PPP1R13L -- MAPK9 -- LYN -- IRF1 -- EIF4G2 -- MYB -- CYCS -- HIP1 -- RNF11 -- PSEN1 -- SOD1 -- HNRNPK -- SMPD1 -- TNIK -- HTT -- BRCA1 -- CDKN2A -- BID -- MCL1 -- PCNA -- TAF1 -- PLAC8 -- DIABLO -- RASSF1
361,STAT1 -- BIRC2 -- BIRC3 -- SIRT1 -- TRAF1 -- MAPK14 -- RAC1 -- MAP2K7 -- MAP3K1 -- IGF1 -- VEGFA -- MAPK1 -- AKT1 -- MDM2 -- CHUK -- RPS6KA5 -- PPP1R13L -- MAPK9 -- LYN -- IRF1 -- CYCS -- HIP1 -- CDK4 -- OTUD7B -- RNF11 -- PARP1 -- PSEN1 -- RPA4 -- SMPD1 -- BBC3 -- PELP1 -- BAK1 -- EIF4E -- BID -- FOXM1 -- CTBP1 -- PCNA -- TAF1 -- PLAC8 -- DIABLO
362,MAPK8 -- STAT1 -- BIRC2 -- SIRT1 -- MYC -- CCND1 -- TRAF1 -- MAPK14 -- RAC1 -- MAP2K7 -- MAP3K1 -- VEGFA -- TRADD -- AKT1 -- ATM -- MDM2 -- CHUK -- PPP1R13L -- MAPK9 -- LYN -- IRF1 -- EIF4G2 -- CYCS -- HIP1 -- CDK4 -- OTUD7B -- CASP10 -- PSEN1 -- RPA4 -- SMPD1 -- TNIK -- PELP1 -- BID -- FOXM1 -- MCL1 -- PCNA -- TAF1 -- PLAC8 -- DIABLO
363,TNFRSF1A -- TNFRSF1B -- NFKB1 -- MAPK8 -- STAT1 -- BIRC2 -- BIRC3 -- SIRT1 -- MYC -- RB1 -- TNFAIP3 -- CCND1 -- MAPK14 -- PTMA -- RHOA -- TGFB2 -- RAC1 -- MAP2K7 -- MAP3K1 -- RET -- TRADD -- CHUK -- PPP1R13L -- MAPK9 -- LYN -- IRF1 -- CYCS -- CDK4 -- OTUD7B -- RNF11 -- PSEN1 -- BAD -- SOD1 -- HNRNPK -- RPA4 -- SMPD1 -- TNIK -- EIF4E -- BID -- FOXM1 -- MCL1 -- PCNA -- TAF1 -- DIABLO -- RANGAP1
364,TNFRSF1A -- TNFRSF1B -- NFKB1 -- MAPK8 -- FASLG -- RB1 -- TNFAIP3 -- CCND1 -- TRAF1 -- MAPK14 -- RHOA -- RAC1 -- MAP2K7 -- MAP3K1 -- IGF1 -- TRADD -- TNFRSF10B -- CASP2 -- MDM2 -- CHUK -- RPS6KA5 -- PPP1R13L -- MAPK9 -- LYN -- IRF1 -- EIF4G2 -- HTRA2 -- HIP1 -- CDK4 -- OTUD7B -- RNF11 -- CASP10 -- PSEN1 -- SOD1 -- RPA4 -- SMPD1 -- TNIK -- PELP1 -- BAX -- BAK1 -- BID -- FOXM1 -- PCNA -- PLAC8 -- DIABLO
365,TNFRSF1A -- TNFRSF1B -- MAPK8 -- BIRC2 -- SIRT1 -- RB1 -- TNFAIP3 -- CCND1 -- MAPK14 -- RHOA -- RAC1 -- MAP2K7 -- MAP3K1 -- TRADD -- MDM2 -- CHUK -- PPP1R13L -- MAPK9 -- LYN -- IRF1 -- CYCS -- CDK4 -- RNF11 -- PSEN1 -- SOD1 -- RPA4 -- SMPD1 -- TNIK -- PELP1 -- BAX -- EIF4E -- BID -- FOXM1 -- PCNA -- PLAC8 -- DIABLO
366,TNFRSF1A -- TNFRSF1B -- MAPK8 -- STAT1 -- JUN -- FOS -- SIRT1 -- RB1 -- TNFAIP3 -- TRAF1 -- MAPK14 -- RHOA -- NR3C1 -- TGFB2 -- RAC1 -- MAP2K7 -- MAP3K1 -- VEGFA -- MAP3K14 -- TRADD -- ATM -- CASP2 -- CHUK -- RPS6KA5 -- PPP1R13L -- MAPK9 -- IRF1 -- EIF4G2 -- HTRA2 -- MYB -- HIP1 -- OTUD7B -- RNF11 -- PSEN1 -- SOD1 -- HNRNPK -- RPA4 -- SMPD1 -- TNIK -- HTT -- CDKN2A -- BAX -- BAK1 -- EIF4E -- BID -- PCNA -- PLAC8 -- CASP9 -- DIABLO -- APAF1 -- RASSF1
367,TNFRSF1A -- TNFRSF1B -- MAPK8 -- STAT1 -- JUN -- FOS -- SIRT1 -- RB1 -- TNFAIP3 -- TRAF1 -- MAPK14 -- RHOA -- NR3C1 -- TGFB2 -- RAC1 -- MAP2K7 -- MAP3K1 -- VEGFA -- MAP3K14 -- TRADD -- ATM -- CASP2 -- CHUK -- RPS6KA5 -- PPP1R13L -- MAPK9 -- IRF1 -- EIF4G2 -- HTRA2 -- MYB -- HIP1 -- RNF11 -- CASP10 -- PSEN1 -- SOD1 -- HNRNPK -- SMPD1 -- TNIK -- HTT -- BRCA1 -- CDKN2A -- BAK1 -- BID -- MCL1 -- PCNA -- PLAC8 -- CASP9 -- DIABLO -- APAF1 -- RASSF1
368,TNFRSF1A -- TNFRSF1B -- MAPK8 -- STAT1 -- SIRT1 -- TNFAIP3 -- TRAF1 -- MAPK14 -- RHOA -- RAC1 -- MAP2K7 -- MAP3K1 -- VEGFA -- TRADD -- ATM -- CASP2 -- MDM2 -- CHUK -- RPS6KA5 -- PPP1R13L -- MAPK9 -- LYN -- IRF1 -- EIF4G2 -- HTRA2 -- MYB -- HIP1 -- CDK4 -- OTUD7B -- RNF11 -- PSEN1 -- SOD1 -- RPA4 -- CASP7 -- SMPD1 -- TNIK -- HTT -- PELP1 -- BAK1 -- EIF4E -- BID -- FOXM1 -- PCNA -- TAF1 -- PLAC8 -- DIABLO
369,TNFRSF1A -- TNFRSF1B -- NFKB1 -- MAPK8 -- BIRC2 -- BIRC3 -- SIRT1 -- FASLG -- RB1 -- TNFAIP3 -- CCND1 -- TRAF1 -- MAPK14 -- RHOA -- RAC1 -- MAP2K7 -- MAP3K1 -- TRADD -- TNFRSF10B -- MDM2 -- CHUK -- RPS6KA5 -- PPP1R13L -- MAPK9 -- LYN -- IRF1 -- EIF4G2 -- CYCS -- HIP1 -- CDK4 -- OTUD7B -- RNF11 -- CASP10 -- PSEN1 -- SOD1 -- RPA4 -- SMPD1 -- TNIK -- PELP1 -- BID -- FOXM1 -- MCL1 -- PCNA -- PLAC8 -- DIABLO -- RANGAP1
370,TNFRSF1A -- TNFRSF1B -- NFKB1 -- MAPK8 -- SIRT1 -- RB1 -- TNFAIP3 -- CCND1 -- TRAF1 -- MAPK14 -- RHOA -- RAC1 -- MAP2K7 -- MAP3K1 -- IGF1 -- MAP3K14 -- TRADD -- TNFRSF10B -- ATM -- MDM2 -- CHUK -- RPS6KA5 -- PPP1R13L -- MAPK9 -- LYN -- IRF1 -- EIF4G2 -- HTRA2 -- HIP1 -- CDK4 -- OTUD7B -- RNF11 -- CASP10 -- PSEN1 -- SOD1 -- RPA4 -- SMPD1 -- TNIK -- PELP1 -- BAX -- BAK1 -- BID -- FOXM1 -- PCNA -- PLAC8 -- CASP9 -- DIABLO -- APAF1 -- RANGAP1
371,TNFRSF1A -- TNFRSF1B -- NFKB1 -- MAPK8 -- FOS -- SIRT1 -- RB1 -- TNFAIP3 -- CCND1 -- TRAF1 -- MAPK14 -- RHOA -- RAC1 -- MAP2K7 -- MAP3K1 -- IGF1 -- MAP3K14 -- TRADD -- TNFRSF10B -- CASP2 -- MDM2 -- CHUK -- RPS6KA5 -- PPP1R13L -- MAPK9 -- IRF1 -- EIF4G2 -- HTRA2 -- HIP1 -- CDK4 -- OTUD7B -- RNF11 -- CASP10 -- PSEN1 -- SOD1 -- RPA4 -- SMPD1 -- TNIK -- PELP1 -- BAX -- BAK1 -- BID -- FOXM1 -- PCNA -- PLAC8 -- CASP9 -- DIABLO -- APAF1
372,TNFRSF1A -- TNFRSF1B -- NFKB1 -- MAPK8 -- BIRC3 -- SIRT1 -- RB1 -- TNFAIP3 -- CCND1 -- TRAF1 -- MAPK14 -- RHOA -- RAC1 -- MAP2K7 -- MAP3K1 -- TRADD -- TNFRSF10B -- CASP2 -- MDM2 -- CHUK -- RPS6KA5 -- PPP1R13L -- MAPK9 -- LYN -- IRF1 -- HTRA2 -- CYCS -- HIP1 -- CDK4 -- OTUD7B -- RNF11 -- CASP10 -- PSEN1 -- SOD1 -- RPA4 -- SMPD1 -- TNIK -- HTT -- PELP1 -- BAX -- BAK1 -- EIF4E -- BID -- FOXM1 -- PCNA -- DIABLO
373,TNFRSF1A -- TNFRSF1B -- NFKB1 -- MAPK8 -- STAT1 -- BIRC2 -- BIRC3 -- SIRT1 -- MYC -- TNFAIP3 -- MAPK14 -- PTMA -- RHOA -- RAC1 -- MAP2K7 -- MAP3K1 -- VEGFA -- TRADD -- TNFRSF10B -- MDM2 -- CHUK -- PPP1R13L -- MAPK9 -- LYN -- IRF1 -- CYCS -- CDK4 -- OTUD7B -- RNF11 -- PSEN1 -- BAD -- SOD1 -- HNRNPK -- RPA4 -- SMPD1 -- TNIK -- PELP1 -- EIF4E -- BID -- FOXM1 -- MCL1 -- PCNA -- TAF1 -- DIABLO -- RANGAP1
374,TNFRSF1A -- TNFRSF1B -- MAPK8 -- STAT1 -- JUN -- FOS -- BIRC2 -- BIRC3 -- SIRT1 -- TNFAIP3 -- TRAF1 -- MAPK14 -- RHOA -- TGFB2 -- RAC1 -- MAP2K7 -- MAP3K1 -- VEGFA -- RET -- TRADD -- ATM -- CHUK -- RPS6KA5 -- PPP1R13L -- MAPK9 -- LYN -- IRF1 -- EIF4G2 -- MYB -- CYCS -- HIP1 -- RNF11 -- PSEN1 -- SOD1 -- HNRNPK -- RPA4 -- SMPD1 -- TNIK -- BRCA1 -- CDKN2A -- PELP1 -- BID -- MCL1 -- PCNA -- TAF1 -- PLAC8 -- DIABLO -- RASSF1
375,TNFRSF1A -- TNFRSF1B -- MAPK8 -- JUN -- FOS -- SIRT1 -- RB1 -- TNFAIP3 -- CCND1 -- TRAF1 -- MAPK14 -- RHOA -- RAC1 -- MAP2K7 -- MAP3K1 -- MAP3K14 -- TRADD -- ATM -- CASP2 -- MDM2 -- CHUK -- RPS6KA5 -- PPP1R13L -- MAPK9 -- IRF1 -- EIF4G2 -- HTRA2 -- HIP1 -- CDK4 -- OTUD7B -- RNF11 -- CASP10 -- PSEN1 -- SOD1 -- RPA4 -- SMPD1 -- TNIK -- HTT -- CDKN2A -- PELP1 -- BAX -- BAK1 -- BID -- FOXM1 -- PCNA -- PLAC8 -- CASP9 -- DIABLO -- APAF1
376,STAT1 -- BIRC2 -- BIRC3 -- MAPK14 -- PTMA -- RAC1 -- MAP2K7 -- MAP3K1 -- VEGFA -- RET -- MAPK1 -- AKT1 -- ATM -- E2F1 -- MDM2 -- CHUK -- PPP1R13L -- MAPK9 -- LYN -- IRF1 -- CYCS -- CDK4 -- OTUD7B -- PARP1 -- PSEN1 -- HNRNPK -- SMPD1 -- EIF4E -- BID -- FOXM1 -- RBL1 -- PCNA -- TAF1 -- PLAC8 -- DIABLO -- RANGAP1
377,STAT1 -- BIRC2 -- BIRC3 -- MAPK14 -- RAC1 -- MAP2K7 -- MAP3K1 -- VEGFA -- MAPK1 -- AKT1 -- ATM -- E2F1 -- MDM2 -- CHUK -- RPS6KA5 -- PPP1R13L -- MAPK9 -- LYN -- IRF1 -- MYB -- CYCS -- HIP1 -- CDK4 -- OTUD7B -- PARP1 -- PSEN1 -- RPA4 -- SMPD1 -- BBC3 -- PELP1 -- BAK1 -- EIF4E -- BID -- FOXM1 -- CTBP1 -- RBL1 -- PCNA -- TAF1 -- PLAC8 -- DIABLO
378,FOS -- SIRT1 -- RB1 -- CCND1 -- MAPK14 -- RHOA -- TGFB2 -- RAC1 -- MAP2K7 -- MAP3K1 -- MAP3K14 -- TRADD -- TNFRSF10B -- AKT1 -- ATM -- E2F1 -- MDM2 -- CHUK -- RPS6KA5 -- PPP1R13L -- MAPK9 -- LYN -- IRF1 -- MYB -- CYCS -- CDK4 -- OTUD7B -- PARP1 -- PSEN1 -- SOD1 -- RPA4 -- BCL2L1 -- SMPD1 -- TNIK -- PELP1 -- EIF4E -- FOXM1 -- PCNA -- PLAC8 -- DIABLO -- RANGAP1
379,TNFRSF1A -- TNFRSF1B -- MAPK8 -- STAT1 -- BIRC2 -- SIRT1 -- MYC -- TNFAIP3 -- CCND1 -- MAPK14 -- PTMA -- RHOA -- RAC1 -- MAP2K7 -- MAP3K1 -- IGF1 -- VEGFA -- TRADD -- ATM -- MDM2 -- CHUK -- PPP1R13L -- MAPK9 -- LYN -- IRF1 -- EIF4G2 -- CYCS -- CDK4 -- OTUD7B -- RNF11 -- CASP10 -- PSEN1 -- BAD -- SOD1 -- RPA4 -- SMPD1 -- TNIK -- PELP1 -- BID -- FOXM1 -- MCL1 -- PCNA -- TAF1 -- DIABLO -- RANGAP1
380,TNFRSF1A -- TNFRSF1B -- MAPK8 -- STAT1 -- BIRC2 -- BIRC3 -- SIRT1 -- MYC -- TNFAIP3 -- TRAF1 -- MAPK14 -- RHOA -- NR3C1 -- RAC1 -- MAP2K7 -- MAP3K1 -- VEGFA -- RET -- TRADD -- ATM -- CHUK -- RPS6KA5 -- PPP1R13L -- MAPK9 -- LYN -- IRF1 -- EIF4G2 -- CYCS -- HIP1 -- RNF11 -- PSEN1 -- SOD1 -- HNRNPK -- SMPD1 -- TNIK -- HTT -- BRCA1 -- CDKN2A -- BID -- MCL1 -- PCNA -- TAF1 -- PLAC8 -- DIABLO -- RASSF1
381,MAPK8 -- BIRC2 -- SIRT1 -- MYC -- CCND1 -- MAPK14 -- RAC1 -- MAP2K7 -- MAP3K1 -- VEGFA -- TRADD -- TNFRSF10B -- AKT1 -- MDM2 -- CHUK -- RPS6KA5 -- PPP1R13L -- MAPK9 -- LYN -- IRF1 -- EIF4G2 -- CYCS -- CDK4 -- OTUD7B -- CASP10 -- PSEN1 -- RPA4 -- SMPD1 -- TNIK -- BAK1 -- BID -- FOXM1 -- MCL1 -- PCNA -- TAF1 -- PLAC8 -- DIABLO -- RANGAP1
382,TNFRSF1A -- TNFRSF1B -- NFKB1 -- MAPK8 -- JUN -- FOS -- SIRT1 -- RB1 -- TNFAIP3 -- CCND1 -- TRAF1 -- MAPK14 -- RHOA -- NR3C1 -- RAC1 -- MAP2K7 -- MAP3K1 -- MAP3K14 -- RET -- TRADD -- TNFRSF10B -- ATM -- CASP2 -- CHUK -- RPS6KA5 -- PPP1R13L -- MAPK9 -- IRF1 -- EIF4G2 -- HTRA2 -- MYB -- HIP1 -- RNF11 -- CASP10 -- PSEN1 -- SOD1 -- HNRNPK -- SMPD1 -- TNIK -- HTT -- BRCA1 -- CDKN2A -- BAX -- BAK1 -- BID -- PCNA -- PLAC8 -- CASP9 -- DIABLO -- APAF1 -- RASSF1
383,TNFRSF1A -- TNFRSF1B -- NFKB1 -- MAPK8 -- BIRC2 -- BIRC3 -- SIRT1 -- RB1 -- TNFAIP3 -- CCND1 -- TRAF1 -- MAPK14 -- RHOA -- RAC1 -- MAP2K7 -- MAP3K1 -- TRADD -- TNFRSF10B -- MDM2 -- CHUK -- RPS6KA5 -- PPP1R13L -- MAPK9 -- LYN -- IRF1 -- EIF4G2 -- CYCS -- HIP1 -- CDK4 -- OTUD7B -- RNF11 -- CASP10 -- PSEN1 -- SOD1 -- RPA4 -- SMPD1 -- TNIK -- PELP1 -- BAX -- BAK1 -- EIF4E -- BID -- FOXM1 -- PCNA -- PLAC8 -- DIABLO
384,TNFRSF1A -- TNFRSF1B -- MAPK8 -- STAT1 -- BIRC2 -- SIRT1 -- RB1 -- TNFAIP3 -- CCND1 -- MAPK14 -- PTMA -- RHOA -- RAC1 -- MAP2K7 -- MAP3K1 -- TRADD -- MDM2 -- CHUK -- PPP1R13L -- MAPK9 -- LYN -- IRF1 -- HTRA2 -- CYCS -- HIP1 -- RNF11 -- PSEN1 -- BAD -- SOD1 -- SMPD1 -- TNIK -- BRCA1 -- BAK1 -- EIF4E -- BID -- PCNA -- DIABLO
385,TNFRSF1A -- TNFRSF1B -- NFKB1 -- MAPK8 -- SIRT1 -- RB1 -- TNFAIP3 -- CCND1 -- TRAF1 -- MAPK14 -- RHOA -- RAC1 -- MAP2K7 -- MAP3K1 -- IGF1 -- MAP3K14 -- TRADD -- TNFRSF10B -- CASP2 -- MDM2 -- CHUK -- RPS6KA5 -- PPP1R13L -- MAPK9 -- LYN -- IRF1 -- EIF4G2 -- HTRA2 -- HIP1 -- CDK4 -- OTUD7B -- RNF11 -- CASP10 -- PSEN1 -- SOD1 -- RPA4 -- SMPD1 -- TNIK -- HTT -- PELP1 -- BAX -- BAK1 -- BID -- FOXM1 -- PCNA -- PLAC8 -- DIABLO -- APAF1
386,TP53 -- STAT1 -- SIRT1 -- MAPK14 -- RAC1 -- MAP2K7 -- MAP3K1 -- VEGFA -- MAP3K14 -- RET -- MAPK1 -- AKT1 -- ATM -- E2F1 -- CHUK -- PPP1R13L -- MAPK9 -- LYN -- IRF1 -- CYCS -- HIP1 -- OTUD7B -- CASP10 -- PSEN1 -- HNRNPK -- SMPD1 -- RBL2 -- CDKN2A -- BBC3 -- BAK1 -- EIF4E -- BID -- PCNA -- TAF1 -- DIABLO -- RASSF1
387,TNFRSF1A -- TNFRSF1B -- MAPK8 -- STAT1 -- BIRC2 -- SIRT1 -- MYC -- TNFAIP3 -- MAPK14 -- PTMA -- RHOA -- NR3C1 -- TGFB2 -- RAC1 -- MAP2K7 -- MAP3K1 -- IGF1 -- VEGFA -- MAP3K14 -- RET -- TRADD -- CHUK -- PPP1R13L -- MAPK9 -- LYN -- IRF1 -- EIF4G2 -- CYCS -- HIP1 -- CDK4 -- OTUD7B -- RNF11 -- PSEN1 -- BAD -- SOD1 -- HNRNPK -- SMPD1 -- TNIK -- BRCA1 -- PELP1 -- BID -- FOXM1 -- MCL1 -- PCNA -- TAF1 -- DIABLO
388,STAT1 -- BIRC2 -- BIRC3 -- MAPK14 -- RAC1 -- MAP2K7 -- MAP3K1 -- VEGFA -- MAPK1 -- TNFRSF10B -- AKT1 -- MDM2 -- CHUK -- RPS6KA5 -- PPP1R13L -- MAPK9 -- LYN -- IRF1 -- EIF4G2 -- MYB -- CYCS -- HIP1 -- CDK4 -- OTUD7B -- RNF11 -- CASP10 -- PARP1 -- PSEN1 -- SOD1 -- HNRNPK -- RPA4 -- SMPD1 -- RBL2 -- HTT -- BRCA1 -- BID -- MCL1 -- CTBP1 -- PCNA -- TAF1 -- PLAC8 -- DIABLO -- RANGAP1
389,TNFRSF1A -- TNFRSF1B -- MAPK8 -- STAT1 -- JUN -- FOS -- SIRT1 -- TNFAIP3 -- TRAF1 -- MAPK14 -- RHOA -- NR3C1 -- TGFB2 -- RAC1 -- MAP2K7 -- MAP3K1 -- VEGFA -- MAP3K14 -- RET -- TRADD -- ATM -- CASP2 -- CHUK -- RPS6KA5 -- PPP1R13L -- MAPK9 -- IRF1 -- EIF4G2 -- HTRA2 -- MYB -- HIP1 -- RNF11 -- CASP10 -- PSEN1 -- SOD1 -- HNRNPK -- CASP7 -- SMPD1 -- TNIK -- HTT -- BRCA1 -- CDKN2A -- BAX -- BID -- MCL1 -- PCNA -- TAF1 -- PLAC8 -- CASP9 -- DIABLO -- APAF1 -- RASSF1
390,TNFRSF1A -- MAPK8 -- STAT1 -- SIRT1 -- TNFAIP3 -- TRAF1 -- MAPK14 -- TGFB2 -- IL2 -- RAC1 -- MAP2K7 -- MAP3K1 -- VEGFA -- MAP3K14 -- TRADD -- TNFRSF10B -- AKT1 -- CASP2 -- MDM2 -- CHUK -- RPS6KA5 -- PPP1R13L -- MAPK9 -- LYN -- IRF1 -- EIF4G2 -- HTRA2 -- HIP1 -- CDK4 -- OTUD7B -- RNF11 -- CASP10 -- PSEN1 -- SOD1 -- RPA4 -- TNIK -- HTT -- PELP1 -- BID -- FOXM1 -- MCL1 -- CTBP1 -- PCNA -- TAF1 -- PLAC8 -- DIABLO -- APAF1
391,TNFRSF1A -- TNFRSF1B -- NFKB1 -- MAPK8 -- STAT1 -- BIRC2 -- BIRC3 -- TNFAIP3 -- TRAF1 -- MAPK14 -- RHOA -- TGFB2 -- RAC1 -- MAP2K7 -- MAP3K1 -- IGF1 -- VEGFA -- TRADD -- TNFRSF10B -- E2F1 -- MDM2 -- CHUK -- RPS6KA5 -- PPP1R13L -- MAPK9 -- LYN -- IRF1 -- EIF4G2 -- MYB -- CYCS -- HIP1 -- CDK4 -- OTUD7B -- RNF11 -- CASP10 -- PSEN1 -- SOD1 -- HNRNPK -- RPA4 -- SMPD1 -- TNIK -- BBC3 -- PELP1 -- BAK1 -- BID -- FOXM1 -- CTBP1 -- PCNA -- TAF1 -- PLAC8 -- DIABLO
392,TNFRSF1A -- TNFRSF1B -- MAPK8 -- STAT1 -- JUN -- FOS -- SIRT1 -- TNFAIP3 -- TRAF1 -- MAPK14 -- RHOA -- NR3C1 -- TGFB2 -- RAC1 -- MAP2K7 -- MAP3K1 -- VEGFA -- MAP3K14 -- RET -- TRADD -- ATM -- CASP2 -- CHUK -- RPS6KA5 -- PPP1R13L -- MAPK9 -- IRF1 -- EIF4G2 -- HTRA2 -- MYB -- HIP1 -- OTUD7B -- RNF11 -- PSEN1 -- SOD1 -- HNRNPK -- RPA4 -- SMPD1 -- TNIK -- HTT -- BRCA1 -- CDKN2A -- BID -- MCL1 -- PCNA -- PLAC8 -- CASP9 -- DIABLO -- APAF1
393,TNFRSF1A -- TNFRSF1B -- NFKB1 -- MAPK8 -- JUN -- FOS -- SIRT1 -- RB1 -- TNFAIP3 -- CCND1 -- TRAF1 -- MAPK14 -- RHOA -- RAC1 -- MAP2K7 -- MAP3K1 -- IGF1 -- MAP3K14 -- TRADD -- TNFRSF10B -- CASP2 -- MDM2 -- CHUK -- RPS6KA5 -- PPP1R13L -- MAPK9 -- IRF1 -- EIF4G2 -- HTRA2 -- HIP1 -- CDK4 -- OTUD7B -- RNF11 -- CASP10 -- PSEN1 -- SOD1 -- RPA4 -- SMPD1 -- TNIK -- HTT -- PELP1 -- BAX -- BAK1 -- BID -- FOXM1 -- PCNA -- PLAC8 -- CASP9 -- DIABLO -- APAF1
394,TNFRSF1A -- TNFRSF1B -- MAPK8 -- STAT1 -- JUN -- FOS -- BIRC2 -- BIRC3 -- SIRT1 -- TNFAIP3 -- TRAF1 -- MAPK14 -- RHOA -- NR3C1 -- TGFB2 -- RAC1 -- MAP2K7 -- MAP3K1 -- VEGFA -- RET -- TRADD -- ATM -- CHUK -- RPS6KA5 -- PPP1R13L -- MAPK9 -- LYN -- IRF1 -- MYB -- CYCS -- HIP1 -- RNF11 -- PSEN1 -- SOD1 -- HNRNPK -- SMPD1 -- TNIK -- BRCA1 -- CDKN2A -- EIF4E -- BID -- MCL1 -- PCNA -- TAF1 -- PLAC8 -- DIABLO -- RASSF1
395,NFKB1 -- STAT1 -- JUN -- FOS -- SIRT1 -- FASLG -- TNFAIP3 -- TRAF1 -- MAPK14 -- RAC1 -- MAP2K7 -- MAP3K1 -- VEGFA -- MAP3K14 -- MAPK1 -- TNFRSF10B -- MDM2 -- CHUK -- PPP1R13L -- MAPK9 -- LYN -- EIF4G2 -- HTRA2 -- MYB -- HIP1 -- CDK4 -- OTUD7B -- RNF11 -- CASP10 -- PSEN1 -- SOD1 -- RPA4 -- SMPD1 -- BBC3 -- PELP1 -- BAK1 -- BID -- FOXM1 -- CTBP1 -- TAF1 -- PLAC8 -- DIABLO -- APAF1
396,TNFRSF1A -- TNFRSF1B -- MAPK8 -- JUN -- FOS -- SIRT1 -- RB1 -- TNFAIP3 -- CCND1 -- TRAF1 -- MAPK14 -- RHOA -- RAC1 -- MAP2K7 -- MAP3K1 -- MAP3K14 -- RET -- TRADD -- TNFRSF10B -- ATM -- CASP2 -- CHUK -- RPS6KA5 -- PPP1R13L -- MAPK9 -- IRF1 -- EIF4G2 -- HTRA2 -- MYB -- HIP1 -- CDK4 -- OTUD7B -- RNF11 -- CASP10 -- PSEN1 -- SOD1 -- HNRNPK -- RPA4 -- SMPD1 -- TNIK -- HTT -- CDKN2A -- PELP1 -- BAX -- BAK1 -- BID -- FOXM1 -- PCNA -- PLAC8 -- CASP9 -- DIABLO -- APAF1
397,NFKB1 -- STAT1 -- BIRC2 -- BIRC3 -- TRAF1 -- MAPK14 -- RAC1 -- MAP2K7 -- MAP3K1 -- IGF1 -- VEGFA -- RET -- TRADD -- MAPK1 -- TNFRSF10B -- AKT1 -- CHUK -- RPS6KA5 -- PPP1R13L -- MAPK9 -- LYN -- IRF1 -- EIF4G2 -- CYCS -- HIP1 -- CDK4 -- OTUD7B -- CASP10 -- PARP1 -- PSEN1 -- HNRNPK -- RPA4 -- SMPD1 -- PELP1 -- BAK1 -- BID -- FOXM1 -- CTBP1 -- PCNA -- TAF1 -- PLAC8 -- DIABLO
398,TNFRSF1A -- TNFRSF1B -- MAPK8 -- JUN -- FOS -- BIRC2 -- BIRC3 -- SIRT1 -- RB1 -- TNFAIP3 -- CCND1 -- TRAF1 -- MAPK14 -- RHOA -- RAC1 -- MAP2K7 -- MAP3K1 -- IGF1 -- TRADD -- TNFRSF10B -- CHUK -- RPS6KA5 -- PPP1R13L -- MAPK9 -- IRF1 -- EIF4G2 -- HTRA2 -- MYB -- CYCS -- HIP1 -- OTUD7B -- RNF11 -- CASP10 -- PSEN1 -- SOD1 -- HNRNPK -- SMPD1 -- TNIK -- BRCA1 -- CDKN2A -- PELP1 -- BAX -- BAK1 -- BID -- PCNA -- PLAC8 -- DIABLO
399,TNFRSF1A -- TNFRSF1B -- NFKB1 -- MAPK8 -- BIRC2 -- SIRT1 -- RB1 -- TNFAIP3 -- CCND1 -- TRAF1 -- MAPK14 -- RHOA -- RAC1 -- MAP2K7 -- MAP3K1 -- IGF1 -- TRADD -- TNFRSF10B -- ATM -- MDM2 -- CHUK -- RPS6KA5 -- PPP1R13L -- MAPK9 -- LYN -- IRF1 -- EIF4G2 -- HTRA2 -- HIP1 -- CDK4 -- OTUD7B -- RNF11 -- CASP10 -- PSEN1 -- SOD1 -- RPA4 -- SMPD1 -- TNIK -- PELP1 -- BAX -- BAK1 -- EIF4E -- BID -- FOXM1 -- PCNA -- PLAC8 -- DIABLO
400,TNFRSF1A -- TNFRSF1B -- NFKB1 -- MAPK8 -- BIRC2 -- BIRC3 -- SIRT1 -- RB1 -- TNFAIP3 -- CCND1 -- TRAF1 -- MAPK14 -- RHOA -- RAC1 -- MAP2K7 -- MAP3K1 -- IGF1 -- TRADD -- TNFRSF10B -- ATM -- MDM2 -- CHUK -- PPP1R13L -- MAPK9 -- LYN -- IRF1 -- EIF4G2 -- HTRA2 -- HIP1 -- CDK4 -- OTUD7B -- RNF11 -- CASP10 -- PSEN1 -- SOD1 -- RPA4 -- SMPD1 -- TNIK -- PELP1 -- BAX -- BID -- FOXM1 -- PCNA -- PLAC8 -- DIABLO
401,STAT1 -- JUN -- BIRC2 -- BIRC3 -- SIRT1 -- MAPK14 -- TGFB2 -- MAP2K7 -- MAP3K1 -- RET -- MAPK1 -- AKT1 -- ATM -- CHUK -- RPS6KA5 -- PPP1R13L -- MAPK9 -- LYN -- IRF1 -- EIF4G2 -- MYB -- CYCS -- HIP1 -- OTUD7B -- CASP10 -- PARP1 -- PSEN1 -- SMPD1 -- BRCA1 -- CDKN2A -- BBC3 -- PELP1 -- BAK1 -- BID -- FOXM1 -- PCNA -- TAF1 -- PLAC8 -- DIABLO -- RASSF1
402,TNFRSF1A -- TNFRSF1B -- NFKB1 -- MAPK8 -- SIRT1 -- RB1 -- TNFAIP3 -- CCND1 -- TRAF1 -- MAPK14 -- RHOA -- RAC1 -- MAP2K7 -- MAP3K1 -- MAP3K14 -- TRADD -- TNFRSF10B -- ATM -- CASP2 -- MDM2 -- CHUK -- RPS6KA5 -- PPP1R13L -- MAPK9 -- LYN -- IRF1 -- EIF4G2 -- HTRA2 -- CYCS -- HIP1 -- CDK4 -- OTUD7B -- RNF11 -- CASP10 -- PSEN1 -- SOD1 -- RPA4 -- SMPD1 -- TNIK -- HTT -- PELP1 -- BAX -- BAK1 -- BID -- FOXM1 -- PCNA -- PLAC8 -- CASP9 -- DIABLO -- APAF1
403,TNFRSF1A -- TNFRSF1B -- MAPK8 -- STAT1 -- BIRC2 -- SIRT1 -- TNFAIP3 -- TRAF1 -- MAPK14 -- RHOA -- NR3C1 -- RAC1 -- MAP2K7 -- MAP3K1 -- VEGFA -- TRADD -- MDM2 -- CHUK -- RPS6KA5 -- PPP1R13L -- MAPK9 -- LYN -- IRF1 -- CYCS -- HIP1 -- CDK4 -- OTUD7B -- RNF11 -- PSEN1 -- SOD1 -- RPA4 -- SMPD1 -- TNIK -- EIF4E -- BID -- FOXM1 -- MCL1 -- PCNA -- TAF1 -- PLAC8 -- DIABLO
404,TNFRSF1A -- TNFRSF1B -- MAPK8 -- BIRC3 -- SIRT1 -- MYC -- TNFAIP3 -- CCND1 -- MAPK14 -- PTMA -- RHOA -- TGFB2 -- RAC1 -- MAP2K7 -- MAP3K1 -- IGF1 -- RET -- TRADD -- ATM -- MDM2 -- CHUK -- PPP1R13L -- MAPK9 -- LYN -- IRF1 -- EIF4G2 -- HTRA2 -- CYCS -- CDK4 -- OTUD7B -- RNF11 -- CASP10 -- PSEN1 -- BAD -- SOD1 -- HNRNPK -- RPA4 -- SMPD1 -- TNIK -- PELP1 -- BAX -- BAK1 -- BID -- FOXM1 -- PCNA -- TAF1 -- DIABLO -- RANGAP1
405,STAT1 -- BIRC2 -- SIRT1 -- TRAF1 -- MAPK14 -- TGFB2 -- RAC1 -- MAP2K7 -- MAP3K1 -- VEGFA -- MAPK1 -- AKT1 -- ATM -- E2F1 -- MDM2 -- CHUK -- RPS6KA5 -- PPP1R13L -- MAPK9 -- LYN -- IRF1 -- HTRA2 -- MYB -- CYCS -- HIP1 -- CDK4 -- OTUD7B -- RNF11 -- PARP1 -- PSEN1 -- SOD1 -- RPA4 -- SMPD1 -- BBC3 -- PELP1 -- BAK1 -- EIF4E -- BID -- FOXM1 -- CTBP1 -- RBL1 -- PCNA -- TAF1 -- PLAC8 -- DIABLO
406,TNFRSF1A -- TNFRSF1B -- NFKB1 -- MAPK8 -- STAT1 -- SIRT1 -- MYC -- TNFAIP3 -- CCND1 -- MAPK14 -- PTMA -- RHOA -- RAC1 -- MAP2K7 -- MAP3K1 -- VEGFA -- MAP3K14 -- RET -- TRADD -- TNFRSF10B -- ATM -- CHUK -- PPP1R13L -- MAPK9 -- LYN -- IRF1 -- HTRA2 -- CYCS -- CDK4 -- OTUD7B -- RNF11 -- PSEN1 -- SOD1 -- HNRNPK -- RPA4 -- CASP7 -- SMPD1 -- TNIK -- PELP1 -- BAX -- BAK1 -- EIF4E -- BID -- FOXM1 -- MCL1 -- PCNA -- TAF1 -- DIABLO -- APAF1 -- RANGAP1
407,NFKB1 -- STAT1 -- BIRC2 -- BIRC3 -- TNFAIP3 -- TRAF1 -- MAPK14 -- RHOA -- TGFB2 -- RAC1 -- MAP2K7 -- MAP3K1 -- VEGFA -- MAPK1 -- TNFRSF10B -- ATM -- MDM2 -- CHUK -- RPS6KA5 -- PPP1R13L -- MAPK9 -- LYN -- IRF1 -- HIP1 -- CDK4 -- OTUD7B -- RNF11 -- CASP10 -- PARP1 -- PSEN1 -- SOD1 -- RPA4 -- SMPD1 -- PELP1 -- BID -- FOXM1 -- CTBP1 -- RBL1 -- PCNA -- TAF1 -- PLAC8 -- DIABLO
408,TNFRSF1A -- TNFRSF1B -- NFKB1 -- MAPK8 -- JUN -- FOS -- SIRT1 -- RB1 -- TNFAIP3 -- CCND1 -- TRAF1 -- MAPK14 -- RHOA -- RAC1 -- MAP2K7 -- MAP3K1 -- IGF1 -- MAP3K14 -- TRADD -- TNFRSF10B -- ATM -- CASP2 -- MDM2 -- CHUK -- RPS6KA5 -- PPP1R13L -- MAPK9 -- IRF1 -- EIF4G2 -- HTRA2 -- MYB -- HIP1 -- CDK4 -- OTUD7B -- RNF11 -- CASP10 -- PSEN1 -- SOD1 -- RPA4 -- SMPD1 -- TNIK -- HTT -- CDKN2A -- PELP1 -- BAX -- BAK1 -- BID -- FOXM1 -- PCNA -- PLAC8 -- CASP9 -- DIABLO -- APAF1
409,TNFRSF1A -- TNFRSF1B -- MAPK8 -- STAT1 -- JUN -- BIRC2 -- BIRC3 -- SIRT1 -- TNFAIP3 -- TRAF1 -- MAPK14 -- RHOA -- NR3C1 -- TGFB2 -- RAC1 -- MAP2K7 -- MAP3K1 -- VEGFA -- RET -- TRADD -- ATM -- CHUK -- RPS6KA5 -- PPP1R13L -- MAPK9 -- LYN -- IRF1 -- EIF4G2 -- MYB -- CYCS -- HIP1 -- RNF11 -- PSEN1 -- SOD1 -- HNRNPK -- SMPD1 -- TNIK -- BRCA1 -- CDKN2A -- BID -- MCL1 -- PCNA -- TAF1 -- PLAC8 -- DIABLO -- RASSF1
410,TNFRSF1A -- TNFRSF1B -- MAPK8 -- STAT1 -- JUN -- FOS -- SIRT1 -- TNFAIP3 -- TRAF1 -- MAPK14 -- RHOA -- NR3C1 -- TGFB2 -- RAC1 -- MAP2K7 -- MAP3K1 -- VEGFA -- MAP3K14 -- RET -- TRADD -- ATM -- CASP2 -- CHUK -- RPS6KA5 -- PPP1R13L -- MAPK9 -- IRF1 -- EIF4G2 -- HTRA2 -- MYB -- HIP1 -- RNF11 -- PSEN1 -- SOD1 -- HNRNPK -- CASP7 -- SMPD1 -- TNIK -- HTT -- BRCA1 -- CDKN2A -- BID -- MCL1 -- PCNA -- TAF1 -- PLAC8 -- CASP9 -- DIABLO -- APAF1 -- RASSF1
411,TNFRSF1A -- TNFRSF1B -- MAPK8 -- STAT1 -- BIRC2 -- BIRC3 -- SIRT1 -- MYC -- TNFAIP3 -- MAPK14 -- PTMA -- RHOA -- TGFB2 -- RAC1 -- MAP2K7 -- MAP3K1 -- IGF1 -- VEGFA -- RET -- TRADD -- MDM2 -- CHUK -- PPP1R13L -- MAPK9 -- LYN -- IRF1 -- CYCS -- CDK4 -- RNF11 -- PSEN1 -- BAD -- SOD1 -- HNRNPK -- RPA4 -- SMPD1 -- TNIK -- PELP1 -- EIF4E -- BID -- MCL1 -- PCNA -- TAF1 -- DIABLO -- RANGAP1
412,TNFRSF1A -- TNFRSF1B -- NFKB1 -- MAPK8 -- BIRC2 -- SIRT1 -- RB1 -- TNFAIP3 -- CCND1 -- TRAF1 -- MAPK14 -- RHOA -- RAC1 -- MAP2K7 -- MAP3K1 -- IGF1 -- TRADD -- TNFRSF10B -- ATM -- MDM2 -- CHUK -- RPS6KA5 -- PPP1R13L -- MAPK9 -- LYN -- IRF1 -- EIF4G2 -- HTRA2 -- HIP1 -- CDK4 -- OTUD7B -- RNF11 -- CASP10 -- PSEN1 -- SOD1 -- RPA4 -- SMPD1 -- TNIK -- PELP1 -- BAX -- BAK1 -- EIF4E -- BID -- FOXM1 -- PCNA -- PLAC8 -- DIABLO
413,TNFRSF1A -- TNFRSF1B -- NFKB1 -- MAPK8 -- BIRC2 -- BIRC3 -- SIRT1 -- RB1 -- TNFAIP3 -- CCND1 -- TRAF1 -- MAPK14 -- RHOA -- RAC1 -- MAP2K7 -- MAP3K1 -- TRADD -- TNFRSF10B -- ATM -- MDM2 -- CHUK -- RPS6KA5 -- PPP1R13L -- MAPK9 -- LYN -- IRF1 -- EIF4G2 -- CYCS -- HIP1 -- CDK4 -- OTUD7B -- RNF11 -- CASP10 -- PSEN1 -- SOD1 -- RPA4 -- SMPD1 -- TNIK -- PELP1 -- BID -- FOXM1 -- MCL1 -- PCNA -- PLAC8 -- DIABLO
414,TNFRSF1A -- TNFRSF1B -- MAPK8 -- STAT1 -- BIRC2 -- BIRC3 -- SIRT1 -- MYC -- TNFAIP3 -- TRAF1 -- MAPK14 -- PTMA -- RHOA -- NR3C1 -- RAC1 -- MAP2K7 -- MAP3K1 -- VEGFA -- RET -- TRADD -- ATM -- CHUK -- PPP1R13L -- MAPK9 -- LYN -- IRF1 -- CYCS -- HIP1 -- RNF11 -- PSEN1 -- BAD -- SOD1 -- HNRNPK -- SMPD1 -- TNIK -- BRCA1 -- CDKN2A -- EIF4E -- BID -- MCL1 -- PCNA -- TAF1 -- PLAC8 -- DIABLO -- RASSF1 -- RANGAP1
415,TNFRSF1A -- TNFRSF1B -- MAPK8 -- STAT1 -- BIRC2 -- BIRC3 -- SIRT1 -- TNFAIP3 -- TRAF1 -- MAPK14 -- RHOA -- RAC1 -- MAP2K7 -- MAP3K1 -- IGF1 -- VEGFA -- TRADD -- ATM -- E2F1 -- MDM2 -- CHUK -- RPS6KA5 -- PPP1R13L -- MAPK9 -- LYN -- IRF1 -- EIF4G2 -- MYB -- CYCS -- HIP1 -- CDK4 -- OTUD7B -- PSEN1 -- SOD1 -- RPA4 -- SMPD1 -- TNIK -- PELP1 -- BID -- FOXM1 -- MCL1 -- CTBP1 -- PCNA -- TAF1 -- PLAC8 -- DIABLO
416,TNFRSF1A -- TNFRSF1B -- MAPK8 -- STAT1 -- BIRC2 -- SIRT1 -- MYC -- TNFAIP3 -- MAPK14 -- PTMA -- RHOA -- NR3C1 -- RAC1 -- MAP2K7 -- MAP3K1 -- VEGFA -- TRADD -- ATM -- MDM2 -- CHUK -- RPS6KA5 -- PPP1R13L -- MAPK9 -- LYN -- IRF1 -- CYCS -- CDK4 -- OTUD7B -- RNF11 -- PSEN1 -- SOD1 -- RPA4 -- SMPD1 -- TNIK -- PELP1 -- EIF4E -- BID -- FOXM1 -- MCL1 -- PCNA -- TAF1 -- DIABLO -- RANGAP1
417,TNFRSF1A -- TNFRSF1B -- NFKB1 -- MAPK8 -- BIRC2 -- BIRC3 -- SIRT1 -- RB1 -- TNFAIP3 -- CCND1 -- TRAF1 -- MAPK14 -- PTMA -- RHOA -- RAC1 -- MAP2K7 -- MAP3K1 -- TRADD -- TNFRSF10B -- MDM2 -- CHUK -- RPS6KA5 -- PPP1R13L -- MAPK9 -- LYN -- IRF1 -- EIF4G2 -- CYCS -- HIP1 -- CDK4 -- OTUD7B -- RNF11 -- CASP10 -- PSEN1 -- SOD1 -- RPA4 -- SMPD1 -- TNIK -- PELP1 -- BAK1 -- BID -- FOXM1 -- PCNA -- PLAC8 -- DIABLO
418,TP53 -- NFKB1 -- STAT1 -- BIRC2 -- SIRT1 -- TRAF1 -- MAPK14 -- RHOA -- IL2 -- MAP2K7 -- MAP3K1 -- VEGFA -- RET -- TRADD -- MAPK1 -- TNFRSF10B -- AKT1 -- ATM -- CHUK -- PPP1R13L -- MAPK9 -- LYN -- IRF1 -- CYCS -- HIP1 -- CDK4 -- OTUD7B -- CASP10 -- PARP1 -- PSEN1 -- HNRNPK -- SMPD1 -- TNIK -- RBL2 -- HTT -- BID -- MCL1 -- PCNA -- TAF1 -- PLAC8 -- CCNG1 -- DIABLO
419,TNFRSF1A -- TNFRSF1B -- MAPK8 -- BIRC2 -- SIRT1 -- RB1 -- TNFAIP3 -- CCND1 -- MAPK14 -- RHOA -- RAC1 -- MAP2K7 -- MAP3K1 -- IGF1 -- TRADD -- ATM -- MDM2 -- CHUK -- RPS6KA5 -- PPP1R13L -- MAPK9 -- LYN -- IRF1 -- EIF4G2 -- CYCS -- HIP1 -- CDK4 -- OTUD7B -- RNF11 -- CASP10 -- PSEN1 -- SOD1 -- RPA4 -- SMPD1 -- TNIK -- PELP1 -- BAX -- BAK1 -- BID -- FOXM1 -- PCNA -- PLAC8 -- DIABLO
420,TNFRSF1A -- TNFRSF1B -- MAPK8 -- STAT1 -- JUN -- FOS -- BIRC2 -- BIRC3 -- SIRT1 -- TNFAIP3 -- TRAF1 -- MAPK14 -- RHOA -- NR3C1 -- TGFB2 -- RAC1 -- MAP2K7 -- MAP3K1 -- VEGFA -- RET -- TRADD -- ATM -- CASP2 -- CHUK -- RPS6KA5 -- PPP1R13L -- MAPK9 -- IRF1 -- EIF4G2 -- MYB -- CYCS -- HIP1 -- RNF11 -- PSEN1 -- SOD1 -- HNRNPK -- CASP7 -- SMPD1 -- TNIK -- HTT -- BRCA1 -- CDKN2A -- BID -- MCL1 -- PCNA -- TAF1 -- PLAC8 -- CASP9 -- DIABLO -- RASSF1
421,TNFRSF1A -- TNFRSF1B -- NFKB1 -- MAPK8 -- BIRC3 -- SIRT1 -- MYC -- RB1 -- TNFAIP3 -- CCND1 -- MAPK14 -- PTMA -- RHOA -- RAC1 -- MAP2K7 -- MAP3K1 -- TRADD -- TNFRSF10B -- ATM -- MDM2 -- CHUK -- PPP1R13L -- MAPK9 -- LYN -- IRF1 -- EIF4G2 -- HTRA2 -- CYCS -- CDK4 -- OTUD7B -- RNF11 -- CASP10 -- PSEN1 -- BAD -- SOD1 -- RPA4 -- SMPD1 -- TNIK -- PELP1 -- BAX -- BAK1 -- BID -- FOXM1 -- PCNA -- DIABLO -- RANGAP1
422,TNFRSF1A -- TNFRSF1B -- NFKB1 -- MAPK8 -- JUN -- FOS -- SIRT1 -- RB1 -- TNFAIP3 -- CCND1 -- TRAF1 -- MAPK14 -- RHOA -- RAC1 -- MAP2K7 -- MAP3K1 -- MAP3K14 -- TRADD -- TNFRSF10B -- ATM -- CASP2 -- MDM2 -- CHUK -- RPS6KA5 -- PPP1R13L -- MAPK9 -- IRF1 -- EIF4G2 -- HTRA2 -- MYB -- HIP1 -- CDK4 -- OTUD7B -- RNF11 -- CASP10 -- PSEN1 -- SOD1 -- RPA4 -- SMPD1 -- TNIK -- HTT -- PELP1 -- BAX -- BAK1 -- BID -- FOXM1 -- PCNA -- PLAC8 -- CASP9 -- DIABLO -- APAF1
423,TNFRSF1A -- TNFRSF1B -- NFKB1 -- MAPK8 -- BIRC3 -- SIRT1 -- RB1 -- TNFAIP3 -- CCND1 -- TRAF1 -- MAPK14 -- RHOA -- RAC1 -- MAP2K7 -- MAP3K1 -- TRADD -- TNFRSF10B -- CASP2 -- MDM2 -- CHUK -- RPS6KA5 -- PPP1R13L -- MAPK9 -- LYN -- IRF1 -- EIF4G2 -- HTRA2 -- HIP1 -- CDK4 -- OTUD7B -- RNF11 -- CASP10 -- PSEN1 -- SOD1 -- RPA4 -- SMPD1 -- TNIK -- HTT -- PELP1 -- BAX -- BAK1 -- BID -- FOXM1 -- PCNA -- PLAC8 -- DIABLO
424,TNFRSF1A -- SMURF2 -- TNFRSF1B -- MAPK8 -- STAT1 -- BIRC2 -- BIRC3 -- TNFAIP3 -- TRAF1 -- MAPK14 -- RAC1 -- MAP2K7 -- MAP3K1 -- IGF1 -- VEGFA -- TRADD -- TRAF2 -- TNFRSF10B -- AKT1 -- ATM -- DAB2IP -- E2F1 -- MDM2 -- CHUK -- RPS6KA5 -- PPP1R13L -- MAPK9 -- LYN -- IRF1 -- MYB -- CYCS -- HIP1 -- CDK6 -- OTUD7B -- RNF11 -- PSEN1 -- SOD1 -- RPA4 -- SMPD1 -- PELP1 -- BID -- MCL1 -- CTBP1 -- TAF1 -- PLAC8 -- DIABLO
425,TNFRSF1A -- TNFRSF1B -- NFKB1 -- MAPK8 -- STAT1 -- BIRC3 -- SIRT1 -- RB1 -- TNFAIP3 -- CCND1 -- TRAF1 -- MAPK14 -- RHOA -- RAC1 -- MAP2K7 -- MAP3K1 -- TRADD -- TNFRSF10B -- MDM2 -- CHUK -- RPS6KA5 -- PPP1R13L -- MAPK9 -- LYN -- IRF1 -- EIF4G2 -- HTRA2 -- HIP1 -- CDK4 -- OTUD7B -- RNF11 -- CASP10 -- PSEN1 -- SOD1 -- RPA4 -- SMPD1 -- TNIK -- PELP1 -- BAK1 -- BID -- FOXM1 -- PCNA -- PLAC8 -- DIABLO
426,TNFRSF1A -- TNFRSF1B -- NFKB1 -- MAPK8 -- SIRT1 -- RB1 -- TNFAIP3 -- CCND1 -- TRAF1 -- MAPK14 -- RHOA -- RAC1 -- MAP2K7 -- MAP3K1 -- IGF1 -- MAP3K14 -- TRADD -- TNFRSF10B -- ATM -- MDM2 -- CHUK -- RPS6KA5 -- PPP1R13L -- MAPK9 -- LYN -- IRF1 -- HTRA2 -- CYCS -- HIP1 -- CDK4 -- OTUD7B -- RNF11 -- PSEN1 -- SOD1 -- RPA4 -- SMPD1 -- TNIK -- PELP1 -- BAX -- BAK1 -- EIF4E -- BID -- FOXM1 -- PCNA -- PLAC8 -- DIABLO
427,TNFRSF1A -- TNFRSF1B -- MAPK8 -- JUN -- FOS -- SIRT1 -- TNFAIP3 -- TRAF1 -- MAPK14 -- RHOA -- NR3C1 -- TGFB2 -- RAC1 -- MAP2K7 -- MAP3K1 -- VEGFA -- MAP3K14 -- RET -- TRADD -- ATM -- CASP2 -- CHUK -- RPS6KA5 -- PPP1R13L -- MAPK9 -- IRF1 -- EIF4G2 -- MYB -- HIP1 -- RNF11 -- CASP10 -- PSEN1 -- SOD1 -- HNRNPK -- CASP7 -- SMPD1 -- TNIK -- HTT -- BRCA1 -- CDKN2A -- BID -- MCL1 -- PCNA -- PLAC8 -- CASP9 -- DIABLO -- APAF1 -- RASSF1
428,TNFRSF1A -- TNFRSF1B -- NFKB1 -- MAPK8 -- BIRC2 -- SIRT1 -- MYC -- TNFAIP3 -- CCND1 -- MAPK14 -- PTMA -- RHOA -- RAC1 -- MAP2K7 -- MAP3K1 -- TRADD -- MDM2 -- CHUK -- PPP1R13L -- MAPK9 -- LYN -- IRF1 -- HTRA2 -- CDK4 -- OTUD7B -- RNF11 -- PSEN1 -- SOD1 -- RPA4 -- SMPD1 -- TNIK -- BAX -- BAK1 -- EIF4E -- BID -- FOXM1 -- PCNA -- TAF1 -- DIABLO -- RANGAP1
429,TNFRSF1A -- TNFRSF1B -- NFKB1 -- MAPK8 -- STAT1 -- BIRC2 -- BIRC3 -- SIRT1 -- MYC -- TNFAIP3 -- MAPK14 -- PTMA -- RHOA -- RAC1 -- MAP2K7 -- MAP3K1 -- VEGFA -- RET -- TRADD -- CASP2 -- CHUK -- RPS6KA5 -- PPP1R13L -- MAPK9 -- LYN -- IRF1 -- EIF4G2 -- CYCS -- CDK4 -- OTUD7B -- RNF11 -- PSEN1 -- SOD1 -- HNRNPK -- SMPD1 -- TNIK -- HTT -- BRCA1 -- PELP1 -- BID -- FOXM1 -- MCL1 -- PCNA -- TAF1 -- DIABLO -- RASSF1 -- RANGAP1
430,NFKB1 -- STAT1 -- BIRC2 -- BIRC3 -- RB1 -- TNFAIP3 -- CFLAR -- TRAF1 -- MAPK14 -- IL2 -- RAC1 -- MAP2K7 -- MAP3K1 -- VEGFA -- MAPK1 -- TNFRSF10B -- AKT1 -- ATM -- MDM2 -- CHUK -- RPS6KA5 -- PPP1R13L -- MAPK9 -- LYN -- IRF1 -- CYCS -- HIP1 -- CDK4 -- OTUD7B -- RNF11 -- PARP1 -- PSEN1 -- RPA4 -- SMPD1 -- PELP1 -- BID -- FOXM1 -- MCL1 -- CTBP1 -- PCNA -- PLAC8 -- DIABLO
431,TNFRSF1A -- TNFRSF1B -- MAPK8 -- STAT1 -- JUN -- FOS -- SIRT1 -- TNFAIP3 -- TRAF1 -- MAPK14 -- RHOA -- NR3C1 -- TGFB2 -- RAC1 -- MAP2K7 -- MAP3K1 -- VEGFA -- MAP3K14 -- RET -- TRADD -- ATM -- CASP2 -- CHUK -- RPS6KA5 -- PPP1R13L -- MAPK9 -- IRF1 -- EIF4G2 -- HTRA2 -- MYB -- HIP1 -- RNF11 -- CASP10 -- PSEN1 -- SOD1 -- HNRNPK -- CASP7 -- SMPD1 -- TNIK -- HTT -- BRCA1 -- CDKN2A -- BAK1 -- BID -- MCL1 -- PCNA -- TAF1 -- PLAC8 -- CASP9 -- DIABLO -- APAF1 -- RASSF1
432,TNFRSF1A -- TNFRSF1B -- NFKB1 -- MAPK8 -- BIRC2 -- BIRC3 -- SIRT1 -- MYC -- RB1 -- TNFAIP3 -- CCND1 -- MAPK14 -- PTMA -- RHOA -- RAC1 -- MAP2K7 -- MAP3K1 -- TRADD -- ATM -- MDM2 -- CHUK -- PPP1R13L -- MAPK9 -- LYN -- IRF1 -- CYCS -- CDK4 -- OTUD7B -- RNF11 -- PSEN1 -- BAD -- SOD1 -- RPA4 -- SMPD1 -- TNIK -- PELP1 -- BAX -- BID -- FOXM1 -- PCNA -- TAF1 -- DIABLO -- RANGAP1
433,TNFRSF1A -- TNFRSF1B -- NFKB1 -- STAT1 -- BIRC2 -- BIRC3 -- MYC -- TNFAIP3 -- MAPK14 -- PTMA -- RHOA -- IL2 -- RAC1 -- MAP2K7 -- MAP3K1 -- IGF1 -- VEGFA -- TRADD -- TNFRSF10B -- AKT1 -- ATM -- MDM2 -- CHUK -- PPP1R13L -- MAPK9 -- LYN -- IRF1 -- EIF4G2 -- MYB -- CYCS -- CDK4 -- OTUD7B -- CASP10 -- PSEN1 -- RPA4 -- TNIK -- PELP1 -- BAK1 -- BID -- FOXM1 -- CTBP1 -- PCNA -- TAF1 -- DIABLO -- RANGAP1
434,TNFRSF1A -- TNFRSF1B -- MAPK8 -- STAT1 -- JUN -- FOS -- BIRC2 -- BIRC3 -- SIRT1 -- TNFAIP3 -- TRAF1 -- MAPK14 -- RHOA -- NR3C1 -- TGFB2 -- RAC1 -- MAP2K7 -- MAP3K1 -- VEGFA -- RET -- TRADD -- ATM -- CHUK -- RPS6KA5 -- PPP1R13L -- MAPK9 -- IRF1 -- MYB -- CYCS -- HIP1 -- RNF11 -- PSEN1 -- SOD1 -- HNRNPK -- SMPD1 -- TNIK -- BRCA1 -- CDKN2A -- EIF4E -- BID -- MCL1 -- PCNA -- TAF1 -- PLAC8 -- DIABLO -- RASSF1
435,TNFRSF1A -- TNFRSF1B -- MAPK8 -- STAT1 -- JUN -- FOS -- SIRT1 -- TNFAIP3 -- TRAF1 -- MAPK14 -- RHOA -- TGFB2 -- RAC1 -- MAP2K7 -- MAP3K1 -- VEGFA -- MAP3K14 -- RET -- TRADD -- ATM -- CASP2 -- CHUK -- RPS6KA5 -- PPP1R13L -- MAPK9 -- IRF1 -- EIF4G2 -- HTRA2 -- MYB -- HIP1 -- RNF11 -- PSEN1 -- SOD1 -- HNRNPK -- CASP7 -- SMPD1 -- TNIK -- HTT -- BRCA1 -- CDKN2A -- BID -- MCL1 -- PCNA -- TAF1 -- PLAC8 -- CASP9 -- DIABLO -- APAF1 -- RASSF1
436,TNFRSF1A -- TNFRSF1B -- MAPK8 -- BIRC2 -- BIRC3 -- SIRT1 -- MYC -- TNFAIP3 -- CCND1 -- MAPK14 -- PTMA -- RHOA -- TGFB2 -- RAC1 -- MAP2K7 -- MAP3K1 -- TRADD -- MDM2 -- CHUK -- PPP1R13L -- MAPK9 -- LYN -- IRF1 -- CYCS -- CDK4 -- OTUD7B -- RNF11 -- PSEN1 -- BAD -- SOD1 -- RPA4 -- SMPD1 -- TNIK -- PELP1 -- EIF4E -- BID -- FOXM1 -- MCL1 -- PCNA -- TAF1 -- DIABLO -- RANGAP1
437,TNFRSF1A -- TNFRSF1B -- MAPK8 -- STAT1 -- JUN -- FOS -- BIRC2 -- BIRC3 -- SIRT1 -- TNFAIP3 -- TRAF1 -- MAPK14 -- RHOA -- NR3C1 -- TGFB2 -- RAC1 -- MAP2K7 -- MAP3K1 -- VEGFA -- RET -- TRADD -- ATM -- CHUK -- RPS6KA5 -- PPP1R13L -- MAPK9 -- IRF1 -- EIF4G2 -- MYB -- CYCS -- HIP1 -- RNF11 -- PSEN1 -- SOD1 -- HNRNPK -- SMPD1 -- TNIK -- BRCA1 -- CDKN2A -- BID -- MCL1 -- PCNA -- TAF1 -- PLAC8 -- DIABLO -- RASSF1
438,TNFRSF1A -- TNFRSF1B -- MAPK8 -- JUN -- FOS -- SIRT1 -- RB1 -- TNFAIP3 -- CCND1 -- TRAF1 -- MAPK14 -- RHOA -- RAC1 -- MAP2K7 -- MAP3K1 -- IGF1 -- MAP3K14 -- TRADD -- TNFRSF10B -- ATM -- CASP2 -- MDM2 -- CHUK -- RPS6KA5 -- PPP1R13L -- MAPK9 -- IRF1 -- EIF4G2 -- HTRA2 -- HIP1 -- CDK4 -- OTUD7B -- RNF11 -- CASP10 -- PSEN1 -- SOD1 -- RPA4 -- SMPD1 -- TNIK -- HTT -- CDKN2A -- PELP1 -- BAX -- BAK1 -- BID -- FOXM1 -- PCNA -- PLAC8 -- CASP9 -- DIABLO -- APAF1
439,TNFRSF1A -- TNFRSF1B -- MAPK8 -- JUN -- FOS -- SIRT1 -- RB1 -- TNFAIP3 -- TRAF1 -- MAPK14 -- RHOA -- NR3C1 -- RAC1 -- MAP2K7 -- MAP3K1 -- VEGFA -- MAP3K14 -- TRADD -- ATM -- CASP2 -- MDM2 -- CHUK -- RPS6KA5 -- PPP1R13L -- MAPK9 -- IRF1 -- EIF4G2 -- HTRA2 -- MYB -- HIP1 -- RNF11 -- PSEN1 -- SOD1 -- SMPD1 -- TNIK -- HTT -- CDKN2A -- BAK1 -- BID -- PCNA -- PLAC8 -- CASP9 -- DIABLO -- APAF1 -- RASSF1
440,TNFRSF1A -- TNFRSF1B -- NFKB1 -- MAPK8 -- STAT1 -- JUN -- FOS -- SIRT1 -- TNFAIP3 -- TRAF1 -- MAPK14 -- RHOA -- RAC1 -- MAP2K7 -- MAP3K1 -- VEGFA -- MAP3K14 -- RET -- TRADD -- TNFRSF10B -- ATM -- CASP2 -- CHUK -- RPS6KA5 -- PPP1R13L -- MAPK9 -- IRF1 -- EIF4G2 -- HTRA2 -- MYB -- HIP1 -- OTUD7B -- RNF11 -- CASP10 -- PSEN1 -- SOD1 -- HNRNPK -- RPA4 -- SMPD1 -- TNIK -- HTT -- CDKN2A -- BAX -- BAK1 -- BID -- FOXM1 -- MCL1 -- PCNA -- PLAC8 -- CASP9 -- DIABLO -- APAF1 -- RASSF1
441,TP53 -- STAT1 -- BIRC2 -- MYC -- TRAF1 -- MAPK14 -- PTMA -- MAP2K7 -- MAP3K1 -- VEGFA -- RET -- MAPK1 -- CHUK -- PPP1R13L -- MAPK9 -- LYN -- IRF1 -- CYCS -- HIP1 -- OTUD7B -- RNF11 -- CASP10 -- PARP1 -- PSEN1 -- SOD1 -- HNRNPK -- HTT -- BID -- TFDP1 -- MCL1 -- PCNA -- TAF1 -- PLAC8 -- CCNG1 -- DIABLO -- RASSF1 -- RANGAP1
442,TNFRSF1A -- TNFRSF1B -- MAPK8 -- STAT1 -- JUN -- FOS -- SIRT1 -- RB1 -- TNFAIP3 -- TRAF1 -- MAPK14 -- RHOA -- RAC1 -- MAP2K7 -- MAP3K1 -- VEGFA -- MAP3K14 -- RET -- TRADD -- ATM -- CASP2 -- CHUK -- RPS6KA5 -- PPP1R13L -- MAPK9 -- IRF1 -- EIF4G2 -- HTRA2 -- MYB -- HIP1 -- OTUD7B -- RNF11 -- CASP10 -- PSEN1 -- SOD1 -- HNRNPK -- RPA4 -- SMPD1 -- TNIK -- HTT -- CDKN2A -- PELP1 -- BAX -- BAK1 -- BID -- PCNA -- PLAC8 -- CASP9 -- DIABLO -- APAF1
443,TNFRSF1A -- TNFRSF1B -- MAPK8 -- STAT1 -- BIRC2 -- SIRT1 -- MYC -- TNFAIP3 -- MAPK14 -- RHOA -- NR3C1 -- TGFB2 -- RAC1 -- MAP2K7 -- MAP3K1 -- VEGFA -- MAP3K14 -- RET -- TRADD -- ATM -- CHUK -- RPS6KA5 -- PPP1R13L -- MAPK9 -- LYN -- IRF1 -- CYCS -- HIP1 -- RNF11 -- PSEN1 -- SOD1 -- HNRNPK -- SMPD1 -- TNIK -- BRCA1 -- CDKN2A -- EIF4E -- BID -- MCL1 -- PCNA -- TAF1 -- DIABLO -- RASSF1
444,TNFRSF1A -- TNFRSF1B -- NFKB1 -- MAPK8 -- BIRC2 -- BIRC3 -- SIRT1 -- RB1 -- TNFAIP3 -- CCND1 -- TRAF1 -- MAPK14 -- RHOA -- RAC1 -- MAP2K7 -- MAP3K1 -- TRADD -- ATM -- MDM2 -- CHUK -- PPP1R13L -- MAPK9 -- LYN -- IRF1 -- CYCS -- CDK4 -- OTUD7B -- RNF11 -- CASP10 -- PSEN1 -- BAD -- SOD1 -- RPA4 -- SMPD1 -- TNIK -- PELP1 -- EIF4E -- BID -- FOXM1 -- MCL1 -- PCNA -- DIABLO -- RANGAP1
445,TNFRSF1A -- TNFRSF1B -- STAT1 -- BIRC2 -- TNFAIP3 -- TRAF1 -- MAPK14 -- RHOA -- TGFB2 -- RAC1 -- MAP2K7 -- MAP3K1 -- VEGFA -- TRADD -- AKT1 -- ATM -- E2F1 -- MDM2 -- CHUK -- RPS6KA5 -- PPP1R13L -- MAPK9 -- LYN -- IRF1 -- EIF4G2 -- CYCS -- HIP1 -- CDK4 -- OTUD7B -- CASP10 -- PSEN1 -- RPA4 -- SMPD1 -- TNIK -- BBC3 -- PELP1 -- BID -- FOXM1 -- MCL1 -- CTBP1 -- PCNA -- TAF1 -- PLAC8 -- DIABLO
446,TNFRSF1A -- TNFRSF1B -- MAPK8 -- STAT1 -- JUN -- FOS -- SIRT1 -- TNFAIP3 -- TRAF1 -- MAPK14 -- RHOA -- NR3C1 -- TGFB2 -- RAC1 -- MAP2K7 -- MAP3K1 -- VEGFA -- MAP3K14 -- RET -- TRADD -- ATM -- CASP2 -- CHUK -- RPS6KA5 -- PPP1R13L -- MAPK9 -- IRF1 -- EIF4G2 -- HTRA2 -- MYB -- HIP1 -- RNF11 -- PSEN1 -- SOD1 -- HNRNPK -- CASP7 -- SMPD1 -- TNIK -- HTT -- BRCA1 -- CDKN2A -- BID -- MCL1 -- PCNA -- TAF1 -- PLAC8 -- CASP9 -- DIABLO -- APAF1 -- RASSF1
447,STAT1 -- JUN -- FOS -- FASLG -- TRAF1 -- MAPK14 -- RHOA -- TGFB2 -- IL2 -- RAC1 -- MAP2K7 -- MAP3K1 -- VEGFA -- MAP3K14 -- TRADD -- MAPK1 -- TNFRSF10B -- ATM -- CASP2 -- MDM2 -- CHUK -- RPS6KA5 -- PPP1R13L -- MAPK9 -- IRF1 -- EIF4G2 -- MYB -- HIP1 -- OTUD7B -- RNF11 -- CASP10 -- PARP1 -- PSEN1 -- SOD1 -- CASP7 -- TNIK -- CDKN2A -- BID -- MCL1 -- PCNA -- TAF1 -- PLAC8 -- DIABLO -- APAF1 -- RASSF1
448,TNFRSF1A -- TNFRSF1B -- MAPK8 -- STAT1 -- JUN -- FOS -- BIRC2 -- SIRT1 -- TNFAIP3 -- TRAF1 -- MAPK14 -- RHOA -- NR3C1 -- TGFB2 -- RAC1 -- MAP2K7 -- MAP3K1 -- VEGFA -- MAP3K14 -- RET -- TRADD -- ATM -- CHUK -- RPS6KA5 -- PPP1R13L -- MAPK9 -- IRF1 -- EIF4G2 -- MYB -- CYCS -- HIP1 -- RNF11 -- PSEN1 -- SOD1 -- HNRNPK -- SMPD1 -- TNIK -- HTT -- BRCA1 -- CDKN2A -- BID -- MCL1 -- PCNA -- TAF1 -- PLAC8 -- CASP9 -- DIABLO -- APAF1 -- RASSF1
449,STAT1 -- BIRC2 -- FASLG -- MAPK14 -- TGFB2 -- RAC1 -- MAP2K7 -- MAP3K1 -- VEGFA -- RET -- MAPK1 -- TNFRSF10B -- AKT1 -- ATM -- E2F1 -- CHUK -- RPS6KA5 -- PPP1R13L -- MAPK9 -- LYN -- IRF1 -- HIP1 -- OTUD7B -- PSEN1 -- SMPD1 -- BRCA1 -- CDKN2A -- BBC3 -- BID -- MCL1 -- PCNA -- TAF1 -- PLAC8 -- DIABLO
450,TNFRSF1A -- TNFRSF1B -- MAPK8 -- STAT1 -- BIRC2 -- BIRC3 -- SIRT1 -- MYC -- TNFAIP3 -- TRAF1 -- MAPK14 -- RHOA -- NR3C1 -- TGFB2 -- RAC1 -- MAP2K7 -- MAP3K1 -- VEGFA -- RET -- TRADD -- ATM -- CHUK -- PPP1R13L -- MAPK9 -- LYN -- IRF1 -- MYB -- CYCS -- RNF11 -- PSEN1 -- SOD1 -- HNRNPK -- SMPD1 -- TNIK -- BRCA1 -- CDKN2A -- BID -- MCL1 -- PCNA -- TAF1 -- PLAC8 -- DIABLO -- RASSF1
451,TNFRSF1A -- TNFRSF1B -- NFKB1 -- MAPK8 -- SIRT1 -- RB1 -- TNFAIP3 -- CCND1 -- TRAF1 -- MAPK14 -- RHOA -- RAC1 -- MAP2K7 -- MAP3K1 -- MAP3K14 -- TRADD -- TNFRSF10B -- ATM -- CASP2 -- MDM2 -- CHUK -- RPS6KA5 -- PPP1R13L -- MAPK9 -- LYN -- IRF1 -- EIF4G2 -- HTRA2 -- HIP1 -- CDK4 -- OTUD7B -- RNF11 -- CASP10 -- PSEN1 -- SOD1 -- RPA4 -- SMPD1 -- TNIK -- PELP1 -- BAX -- BAK1 -- BID -- FOXM1 -- PCNA -- PLAC8 -- DIABLO -- APAF1
452,STAT1 -- BIRC2 -- BIRC3 -- TRAF1 -- MAPK14 -- RAC1 -- MAP2K7 -- MAP3K1 -- VEGFA -- RET -- MAPK1 -- AKT1 -- ATM -- E2F1 -- CHUK -- RPS6KA5 -- PPP1R13L -- MAPK9 -- LYN -- IRF1 -- MYB -- CYCS -- HIP1 -- CDK4 -- OTUD7B -- PARP1 -- PSEN1 -- SMPD1 -- BRCA1 -- BBC3 -- BAK1 -- EIF4E -- BID -- PCNA -- TAF1 -- PLAC8 -- DIABLO -- RASSF1
453,TNFRSF1A -- TNFRSF1B -- MAPK8 -- STAT1 -- JUN -- FOS -- BIRC2 -- BIRC3 -- SIRT1 -- TNFAIP3 -- TRAF1 -- MAPK14 -- RHOA -- NR3C1 -- TGFB2 -- RAC1 -- MAP2K7 -- MAP3K1 -- VEGFA -- RET -- TRADD -- ATM -- CHUK -- RPS6KA5 -- PPP1R13L -- MAPK9 -- IRF1 -- EIF4G2 -- MYB -- CYCS -- HIP1 -- RNF11 -- PSEN1 -- SOD1 -- HNRNPK -- CASP7 -- SMPD1 -- TNIK -- BRCA1 -- CDKN2A -- BID -- MCL1 -- PCNA -- TAF1 -- PLAC8 -- DIABLO -- RASSF1
454,TNFRSF1A -- TNFRSF1B -- NFKB1 -- MAPK8 -- BIRC2 -- SIRT1 -- MYC -- TNFAIP3 -- CCND1 -- MAPK14 -- PTMA -- RHOA -- TGFB2 -- RAC1 -- MAP2K7 -- MAP3K1 -- IGF1 -- RET -- TRADD -- TNFRSF10B -- AKT1 -- CHUK -- PPP1R13L -- MAPK9 -- LYN -- IRF1 -- EIF4G2 -- CYCS -- CDK4 -- OTUD7B -- CASP10 -- PSEN1 -- BAD -- HNRNPK -- RPA4 -- SMPD1 -- TNIK -- BRCA1 -- PELP1 -- EIF4E -- BID -- FOXM1 -- MCL1 -- PCNA -- TAF1 -- DIABLO -- RANGAP1
455,TNFRSF1A -- TNFRSF1B -- MAPK8 -- STAT1 -- BIRC2 -- BIRC3 -- SIRT1 -- MYC -- TNFAIP3 -- CCND1 -- TRAF1 -- MAPK14 -- PTMA -- RHOA -- RAC1 -- MAP2K7 -- MAP3K1 -- VEGFA -- TRADD -- E2F1 -- MDM2 -- CHUK -- PPP1R13L -- MAPK9 -- LYN -- IRF1 -- MYB -- CYCS -- CDK4 -- RNF11 -- PSEN1 -- SOD1 -- RPA4 -- SMPD1 -- TNIK -- BBC3 -- BAK1 -- EIF4E -- BID -- FOXM1 -- PCNA -- DIABLO -- RANGAP1
456,TNFRSF1A -- TNFRSF1B -- MAPK8 -- STAT1 -- JUN -- FOS -- SIRT1 -- TNFAIP3 -- TRAF1 -- MAPK14 -- RHOA -- NR3C1 -- TGFB2 -- RAC1 -- MAP2K7 -- MAP3K1 -- VEGFA -- MAP3K14 -- RET -- TRADD -- ATM -- CASP2 -- CHUK -- RPS6KA5 -- PPP1R13L -- MAPK9 -- IRF1 -- EIF4G2 -- HTRA2 -- MYB -- HIP1 -- RNF11 -- PSEN1 -- SOD1 -- HNRNPK -- CASP7 -- SMPD1 -- TNIK -- HTT -- CDKN2A -- BAK1 -- BID -- MCL1 -- PCNA -- TAF1 -- PLAC8 -- CASP9 -- DIABLO -- APAF1 -- RASSF1
457,TNFRSF1A -- TNFRSF1B -- NFKB1 -- MAPK8 -- STAT1 -- BIRC2 -- SIRT1 -- MYC -- TNFAIP3 -- MAPK14 -- PTMA -- RHOA -- TGFB2 -- RAC1 -- MAP2K7 -- MAP3K1 -- VEGFA -- RET -- TRADD -- TNFRSF10B -- CHUK -- PPP1R13L -- MAPK9 -- LYN -- IRF1 -- CYCS -- RNF11 -- PSEN1 -- BAD -- SOD1 -- HNRNPK -- SMPD1 -- TNIK -- BRCA1 -- EIF4E -- BID -- MCL1 -- PCNA -- TAF1 -- DIABLO -- RASSF1 -- RANGAP1
458,TNFRSF1B -- STAT1 -- BIRC2 -- BIRC3 -- SIRT1 -- TRAF1 -- MAPK14 -- RHOA -- TGFB2 -- RAC1 -- MAP2K7 -- MAP3K1 -- VEGFA -- MAPK1 -- DAB2IP -- E2F1 -- CHUK -- RPS6KA5 -- PPP1R13L -- MAPK9 -- LYN -- IRF1 -- MYB -- CYCS -- HIP1 -- OTUD7B -- RNF11 -- PARP1 -- PSEN1 -- SOD1 -- SMPD1 -- TNIK -- BBC3 -- BAX -- BAK1 -- BID -- RBL1 -- PCNA -- TAF1 -- PLAC8 -- DIABLO
459,TNFRSF1A -- TNFRSF1B -- NFKB1 -- MAPK8 -- SIRT1 -- RB1 -- TNFAIP3 -- CCND1 -- TRAF1 -- MAPK14 -- RHOA -- RAC1 -- MAP2K7 -- MAP3K1 -- MAP3K14 -- TRADD -- TNFRSF10B -- CASP2 -- MDM2 -- CHUK -- RPS6KA5 -- PPP1R13L -- MAPK9 -- LYN -- IRF1 -- HTRA2 -- CDK4 -- OTUD7B -- RNF11 -- PSEN1 -- SOD1 -- RPA4 -- SMPD1 -- TNIK -- PELP1 -- BAX -- BAK1 -- EIF4E -- BID -- FOXM1 -- PCNA -- PLAC8 -- DIABLO -- APAF1
460,TNFRSF1A -- TNFRSF1B -- NFKB1 -- MAPK8 -- SIRT1 -- RB1 -- TNFAIP3 -- CCND1 -- TRAF1 -- MAPK14 -- RHOA -- RAC1 -- MAP2K7 -- MAP3K1 -- IGF1 -- MAP3K14 -- TRADD -- TNFRSF10B -- CASP2 -- MDM2 -- CHUK -- RPS6KA5 -- PPP1R13L -- MAPK9 -- LYN -- IRF1 -- HTRA2 -- HIP1 -- CDK4 -- OTUD7B -- RNF11 -- CASP10 -- PSEN1 -- SOD1 -- RPA4 -- SMPD1 -- TNIK -- PELP1 -- BAX -- BAK1 -- EIF4E -- BID -- FOXM1 -- PCNA -- PLAC8 -- CASP9 -- DIABLO -- APAF1
461,TNFRSF1A -- TNFRSF1B -- MAPK8 -- STAT1 -- JUN -- FOS -- SIRT1 -- RB1 -- TNFAIP3 -- TRAF1 -- MAPK14 -- RHOA -- RAC1 -- MAP2K7 -- MAP3K1 -- VEGFA -- MAP3K14 -- RET -- TRADD -- ATM -- CASP2 -- CHUK -- RPS6KA5 -- PPP1R13L -- MAPK9 -- IRF1 -- EIF4G2 -- HTRA2 -- MYB -- HIP1 -- RNF11 -- PSEN1 -- SOD1 -- HNRNPK -- SMPD1 -- TNIK -- HTT -- CDKN2A -- BAK1 -- BID -- MCL1 -- PCNA -- PLAC8 -- CASP9 -- DIABLO -- APAF1
462,STAT1 -- BIRC2 -- TRAF1 -- MAPK14 -- TGFB2 -- RAC1 -- MAP2K7 -- MAP3K1 -- VEGFA -- MAPK1 -- AKT1 -- ATM -- MDM2 -- CHUK -- RPS6KA5 -- PPP1R13L -- MAPK9 -- LYN -- IRF1 -- HIP1 -- CDK4 -- OTUD7B -- RNF11 -- PARP1 -- PSEN1 -- SOD1 -- RPA4 -- SMPD1 -- TNIK -- PELP1 -- BID -- FOXM1 -- MCL1 -- CTBP1 -- PCNA -- TAF1 -- PLAC8 -- DIABLO
463,TNFRSF1B -- NFKB1 -- STAT1 -- TNFAIP3 -- CFLAR -- TRAF1 -- MAPK14 -- RHOA -- RAC1 -- MAP2K7 -- MAP3K1 -- VEGFA -- MAP3K14 -- RET -- MAPK1 -- TNFRSF10B -- E2F1 -- MDM2 -- CHUK -- RPS6KA5 -- PPP1R13L -- MAPK9 -- LYN -- IRF1 -- EIF4G2 -- HTRA2 -- HIP1 -- CDK4 -- OTUD7B -- RNF11 -- PSEN1 -- SOD1 -- HNRNPK -- BCL2L1 -- CASP7 -- SMPD1 -- TNIK -- PELP1 -- CTBP1 -- PCNA -- TAF1 -- PLAC8 -- DIABLO -- APAF1
464,STAT1 -- JUN -- FOS -- BIRC2 -- BIRC3 -- FASLG -- EP300 -- MAPK14 -- TGFB2 -- MAP2K7 -- MAP3K1 -- VEGFA -- MAP3K14 -- RET -- MAPK1 -- TNFRSF10B -- AKT1 -- ATM -- E2F1 -- CHUK -- RPS6KA5 -- PPP1R13L -- MAPK9 -- IRF1 -- MYB -- CYCS -- HIP1 -- OTUD7B -- CASP10 -- PSEN1 -- HNRNPK -- CASP7 -- SMPD1 -- BRCA1 -- CDKN2A -- EIF4E -- BID -- PCNA -- TAF1 -- PLAC8 -- DIABLO -- RASSF1
465,RB1 -- CCND1 -- MAPK14 -- RAC1 -- MAP2K7 -- MAP3K1 -- MAP3K14 -- MAPK1 -- AKT1 -- MDM2 -- CHUK -- RPS6KA5 -- PPP1R13L -- MAPK9 -- LYN -- CYCS -- HIP1 -- CDK4 -- OTUD7B -- RNF11 -- PARP1 -- PSEN1 -- RPA4 -- PELP1 -- EIF4E -- BID -- FOXM1 -- MCL1 -- PCNA -- PLAC8 -- DIABLO -- RANGAP1
466,TNFRSF1A -- TNFRSF1B -- NFKB1 -- MAPK8 -- STAT1 -- BIRC3 -- SIRT1 -- MYC -- TNFAIP3 -- MAPK14 -- RHOA -- RAC1 -- MAP2K7 -- MAP3K1 -- VEGFA -- RET -- TRADD -- TNFRSF10B -- CASP2 -- CHUK -- PPP1R13L -- MAPK9 -- LYN -- IRF1 -- HTRA2 -- CDK4 -- OTUD7B -- RNF11 -- PSEN1 -- BAD -- SOD1 -- HNRNPK -- RPA4 -- SMPD1 -- TNIK -- PELP1 -- BID -- FOXM1 -- MCL1 -- PCNA -- TAF1 -- DIABLO -- RASSF1 -- RANGAP1
467,TNFRSF1A -- TNFRSF1B -- MAPK8 -- SIRT1 -- RB1 -- TNFAIP3 -- CCND1 -- TRAF1 -- MAPK14 -- RHOA -- RAC1 -- MAP2K7 -- MAP3K1 -- IGF1 -- TRADD -- MDM2 -- CHUK -- RPS6KA5 -- PPP1R13L -- MAPK9 -- LYN -- IRF1 -- HTRA2 -- HIP1 -- CDK4 -- OTUD7B -- RNF11 -- PSEN1 -- SOD1 -- RPA4 -- SMPD1 -- TNIK -- PELP1 -- BAX -- BAK1 -- EIF4E -- BID -- FOXM1 -- PCNA -- PLAC8 -- DIABLO -- APAF1
468,TNFRSF1A -- TNFRSF1B -- NFKB1 -- MAPK8 -- STAT1 -- BIRC3 -- SIRT1 -- MYC -- TNFAIP3 -- TRAF1 -- MAPK14 -- PTMA -- RHOA -- TGFB2 -- RAC1 -- MAP2K7 -- MAP3K1 -- VEGFA -- RET -- TRADD -- CASP2 -- CHUK -- PPP1R13L -- MAPK9 -- LYN -- IRF1 -- EIF4G2 -- CYCS -- RNF11 -- PSEN1 -- SOD1 -- HNRNPK -- SMPD1 -- TNIK -- HTT -- BAK1 -- BID -- TFDP1 -- PCNA -- TAF1 -- DIABLO -- RASSF1 -- RANGAP1
469,TNFRSF1A -- TNFRSF1B -- NFKB1 -- MAPK8 -- SIRT1 -- RB1 -- TNFAIP3 -- CCND1 -- TRAF1 -- MAPK14 -- RHOA -- RAC1 -- MAP2K7 -- MAP3K1 -- IGF1 -- MAP3K14 -- TRADD -- TNFRSF10B -- CASP2 -- MDM2 -- CHUK -- RPS6KA5 -- PPP1R13L -- MAPK9 -- LYN -- IRF1 -- EIF4G2 -- HTRA2 -- HIP1 -- CDK4 -- OTUD7B -- RNF11 -- CASP10 -- PSEN1 -- SOD1 -- RPA4 -- SMPD1 -- TNIK -- PELP1 -- BAX -- BAK1 -- BID -- FOXM1 -- PCNA -- PLAC8 -- DIABLO -- APAF1
470,TNFRSF1A -- TNFRSF1B -- NFKB1 -- MAPK8 -- JUN -- FOS -- SIRT1 -- RB1 -- TNFAIP3 -- CCND1 -- TRAF1 -- MAPK14 -- RHOA -- RAC1 -- MAP2K7 -- MAP3K1 -- MAP3K14 -- TRADD -- TNFRSF10B -- ATM -- CASP2 -- CHUK -- RPS6KA5 -- PPP1R13L -- MAPK9 -- IRF1 -- EIF4G2 -- HTRA2 -- MYB -- HIP1 -- OTUD7B -- RNF11 -- CASP10 -- PSEN1 -- SOD1 -- SMPD1 -- TNIK -- HTT -- CDKN2A -- PELP1 -- BAX -- BAK1 -- BID -- PCNA -- PLAC8 -- CASP9 -- DIABLO -- APAF1 -- RASSF1
471,STAT1 -- TNFAIP3 -- TRAF1 -- MAPK14 -- RHOA -- TGFB2 -- RAC1 -- MAP2K7 -- MAP3K1 -- IGF1 -- VEGFA -- MAP3K14 -- TRADD -- MAPK1 -- ATM -- E2F1 -- MDM2 -- CHUK -- RPS6KA5 -- PPP1R13L -- MAPK9 -- LYN -- IRF1 -- EIF4G2 -- HTRA2 -- MYB -- HIP1 -- CDK4 -- OTUD7B -- RNF11 -- CASP10 -- PARP1 -- PSEN1 -- SOD1 -- RPA4 -- SMPD1 -- TNIK -- BBC3 -- PELP1 -- BAK1 -- BID -- FOXM1 -- CTBP1 -- PCNA -- TAF1 -- PLAC8 -- DIABLO -- APAF1
472,TP53 -- STAT1 -- BIRC2 -- BIRC3 -- MAPK14 -- RAC1 -- MAP2K7 -- MAP3K1 -- IGF1 -- VEGFA -- RET -- TRADD -- TNFRSF10B -- AKT1 -- ATM -- NFKB2 -- E2F1 -- CHUK -- RPS6KA5 -- PPP1R13L -- MAPK9 -- LYN -- IRF1 -- CYCS -- HIP1 -- CDK4 -- OTUD7B -- PARP1 -- PSEN1 -- HNRNPK -- SMPD1 -- HTT -- BBC3 -- PELP1 -- BID -- FOXM1 -- CTBP1 -- RBL1 -- PCNA -- TAF1 -- PLAC8 -- CCNG1 -- DIABLO -- RASSF1
473,TNFRSF1A -- TNFRSF1B -- NFKB1 -- MAPK8 -- FOS -- SIRT1 -- RB1 -- TNFAIP3 -- CCND1 -- TRAF1 -- MAPK14 -- RHOA -- RAC1 -- MAP2K7 -- MAP3K1 -- MAP3K14 -- TRADD -- CASP2 -- MDM2 -- CHUK -- RPS6KA5 -- PPP1R13L -- MAPK9 -- IRF1 -- EIF4G2 -- HTRA2 -- CDK4 -- OTUD7B -- RNF11 -- PSEN1 -- SOD1 -- RPA4 -- SMPD1 -- TNIK -- HTT -- PELP1 -- BAX -- BAK1 -- BID -- FOXM1 -- PCNA -- PLAC8 -- CASP9 -- DIABLO -- APAF1
474,TNFRSF1A -- TNFRSF1B -- MAPK8 -- STAT1 -- JUN -- FOS -- BIRC2 -- BIRC3 -- SIRT1 -- TNFAIP3 -- TRAF1 -- MAPK14 -- RHOA -- NR3C1 -- TGFB2 -- RAC1 -- MAP2K7 -- MAP3K1 -- VEGFA -- RET -- TRADD -- ATM -- CHUK -- RPS6KA5 -- PPP1R13L -- MAPK9 -- IRF1 -- MYB -- CYCS -- HIP1 -- RNF11 -- PSEN1 -- SOD1 -- HNRNPK -- SMPD1 -- TNIK -- BRCA1 -- CDKN2A -- EIF4E -- BID -- MCL1 -- PCNA -- TAF1 -- PLAC8 -- DIABLO -- RASSF1
475,TNFRSF1A -- TNFRSF1B -- MAPK8 -- STAT1 -- JUN -- FOS -- BIRC3 -- SIRT1 -- TNFAIP3 -- TRAF1 -- MAPK14 -- RHOA -- NR3C1 -- TGFB2 -- RAC1 -- MAP2K7 -- MAP3K1 -- VEGFA -- RET -- TRADD -- ATM -- CASP2 -- CHUK -- RPS6KA5 -- PPP1R13L -- MAPK9 -- IRF1 -- EIF4G2 -- MYB -- CYCS -- HIP1 -- RNF11 -- PSEN1 -- SOD1 -- HNRNPK -- CASP7 -- SMPD1 -- TNIK -- HTT -- BRCA1 -- CDKN2A -- BID -- MCL1 -- PCNA -- TAF1 -- PLAC8 -- CASP9 -- DIABLO -- APAF1 -- RASSF1
476,TNFRSF1A -- TNFRSF1B -- NFKB1 -- MAPK8 -- SIRT1 -- RB1 -- TNFAIP3 -- CCND1 -- TRAF1 -- MAPK14 -- RHOA -- RAC1 -- MAP2K7 -- MAP3K1 -- MAP3K14 -- TRADD -- TNFRSF10B -- ATM -- CASP2 -- MDM2 -- CHUK -- RPS6KA5 -- PPP1R13L -- MAPK9 -- LYN -- IRF1 -- EIF4G2 -- HTRA2 -- HIP1 -- CDK4 -- OTUD7B -- RNF11 -- CASP10 -- PSEN1 -- SOD1 -- RPA4 -- SMPD1 -- TNIK -- HTT -- PELP1 -- BAX -- BAK1 -- BID -- FOXM1 -- PCNA -- PLAC8 -- DIABLO -- APAF1
477,TNFRSF1A -- TNFRSF1B -- NFKB1 -- MAPK8 -- SIRT1 -- RB1 -- TNFAIP3 -- CCND1 -- TRAF1 -- MAPK14 -- RHOA -- RAC1 -- MAP2K7 -- MAP3K1 -- IGF1 -- TRADD -- ATM -- MDM2 -- CHUK -- RPS6KA5 -- PPP1R13L -- MAPK9 -- LYN -- IRF1 -- HTRA2 -- CYCS -- CDK4 -- OTUD7B -- RNF11 -- PSEN1 -- BAD -- SOD1 -- RPA4 -- SMPD1 -- TNIK -- PELP1 -- BAX -- BAK1 -- EIF4E -- BID -- FOXM1 -- PCNA -- DIABLO -- APAF1 -- RANGAP1
478,NFKB1 -- BIRC2 -- BIRC3 -- SIRT1 -- RB1 -- TNFAIP3 -- CCND1 -- MAPK14 -- RHOA -- IL2 -- RAC1 -- MAP2K7 -- MAP3K1 -- RET -- MAPK1 -- TNFRSF10B -- MDM2 -- CHUK -- PPP1R13L -- MAPK9 -- LYN -- IRF1 -- EIF4G2 -- CYCS -- CDK4 -- OTUD7B -- CASP10 -- PSEN1 -- SOD1 -- RPA4 -- PELP1 -- BID -- FOXM1 -- MCL1 -- PCNA -- TAF1 -- DIABLO -- RANGAP1
479,TNFRSF1A -- TNFRSF1B -- NFKB1 -- MAPK8 -- JUN -- FOS -- SIRT1 -- RB1 -- TNFAIP3 -- CCND1 -- TRAF1 -- MAPK14 -- RHOA -- RAC1 -- MAP2K7 -- MAP3K1 -- MAP3K14 -- TRADD -- TNFRSF10B -- ATM -- CASP2 -- MDM2 -- CHUK -- RPS6KA5 -- PPP1R13L -- MAPK9 -- IRF1 -- EIF4G2 -- HTRA2 -- MYB -- HIP1 -- CDK4 -- OTUD7B -- RNF11 -- CASP10 -- PSEN1 -- SOD1 -- RPA4 -- SMPD1 -- TNIK -- HTT -- PELP1 -- BAX -- BAK1 -- BID -- FOXM1 -- PCNA -- PLAC8 -- CASP9 -- DIABLO -- APAF1
480,TNFRSF1B -- NFKB1 -- STAT1 -- BIRC2 -- BIRC3 -- SIRT1 -- RB1 -- TNFAIP3 -- TRAF1 -- MAPK14 -- RHOA -- RAC1 -- MAP2K7 -- MAP3K1 -- IGF1 -- VEGFA -- MAPK1 -- TNFRSF10B -- AKT1 -- ATM -- MDM2 -- CHUK -- RPS6KA5 -- PPP1R13L -- MAPK9 -- LYN -- IRF1 -- CYCS -- HIP1 -- CDK4 -- OTUD7B -- PARP1 -- PSEN1 -- RPA4 -- SMPD1 -- TNIK -- PELP1 -- EIF4E -- BID -- FOXM1 -- MCL1 -- CTBP1 -- PCNA -- PLAC8 -- DIABLO
481,TP53 -- STAT1 -- BIRC2 -- SIRT1 -- MYC -- MAPK14 -- TGFB2 -- MAP2K7 -- MAP3K1 -- VEGFA -- RET -- MAPK1 -- TNFRSF10B -- AKT1 -- ATM -- CHUK -- PPP1R13L -- MAPK9 -- LYN -- IRF1 -- MYB -- CYCS -- HIP1 -- OTUD7B -- CASP10 -- PARP1 -- PSEN1 -- HNRNPK -- SMPD1 -- BID -- TFDP1 -- MCL1 -- PCNA -- TAF1 -- PLAC8 -- DIABLO -- RASSF1
482,TNFRSF1A -- TNFRSF1B -- MAPK8 -- JUN -- FOS -- BIRC2 -- BIRC3 -- SIRT1 -- TNFAIP3 -- TRAF1 -- MAPK14 -- RHOA -- TGFB2 -- RAC1 -- MAP2K7 -- MAP3K1 -- IGF1 -- VEGFA -- RET -- TRADD -- ATM -- CHUK -- RPS6KA5 -- PPP1R13L -- MAPK9 -- IRF1 -- EIF4G2 -- MYB -- CYCS -- HIP1 -- RNF11 -- CASP10 -- PSEN1 -- SOD1 -- HNRNPK -- SMPD1 -- TNIK -- BRCA1 -- CDKN2A -- BID -- MCL1 -- PCNA -- TAF1 -- PLAC8 -- DIABLO -- RASSF1
483,TNFRSF1A -- TNFRSF1B -- MAPK8 -- STAT1 -- JUN -- FOS -- SIRT1 -- RB1 -- TNFAIP3 -- MAPK14 -- RHOA -- NR3C1 -- RAC1 -- MAP2K7 -- MAP3K1 -- VEGFA -- MAP3K14 -- TRADD -- CASP2 -- MDM2 -- CHUK -- RPS6KA5 -- PPP1R13L -- MAPK9 -- IRF1 -- EIF4G2 -- HTRA2 -- MYB -- HIP1 -- CDK4 -- OTUD7B -- RNF11 -- PSEN1 -- SOD1 -- RPA4 -- SMPD1 -- TNIK -- PELP1 -- EIF4E -- BID -- FOXM1 -- MCL1 -- PCNA -- PLAC8 -- CASP9 -- DIABLO -- APAF1
484,TNFRSF1A -- TNFRSF1B -- NFKB1 -- MAPK8 -- JUN -- SIRT1 -- RB1 -- TNFAIP3 -- CCND1 -- TRAF1 -- MAPK14 -- RHOA -- RAC1 -- MAP2K7 -- MAP3K1 -- IGF1 -- MAP3K14 -- TRADD -- TNFRSF10B -- MDM2 -- CHUK -- RPS6KA5 -- PPP1R13L -- MAPK9 -- IRF1 -- EIF4G2 -- HTRA2 -- MYB -- HIP1 -- CDK4 -- OTUD7B -- RNF11 -- CASP10 -- PSEN1 -- SOD1 -- RPA4 -- SMPD1 -- TNIK -- PELP1 -- BAX -- BAK1 -- BID -- FOXM1 -- PCNA -- PLAC8 -- CASP9 -- DIABLO
485,BIRC2 -- BIRC3 -- SIRT1 -- RB1 -- CCND1 -- MAPK14 -- RAC1 -- MAP2K7 -- MAP3K1 -- IGF1 -- RET -- MAPK1 -- AKT1 -- CHUK -- RPS6KA5 -- PPP1R13L -- MAPK9 -- LYN -- IRF1 -- CYCS -- HIP1 -- CDK4 -- OTUD7B -- PARP1 -- PSEN1 -- HNRNPK -- RPA4 -- SMPD1 -- PELP1 -- BAK1 -- EIF4E -- BID -- FOXM1 -- CTBP1 -- RBL1 -- PCNA -- TAF1 -- PLAC8 -- DIABLO
486,TNFRSF1A -- TNFRSF1B -- MAPK8 -- STAT1 -- JUN -- BIRC2 -- BIRC3 -- SIRT1 -- TNFAIP3 -- TRAF1 -- MAPK14 -- RHOA -- NR3C1 -- TGFB2 -- RAC1 -- MAP2K7 -- MAP3K1 -- VEGFA -- RET -- TRADD -- ATM -- CHUK -- RPS6KA5 -- PPP1R13L -- MAPK9 -- LYN -- IRF1 -- MYB -- CYCS -- HIP1 -- RNF11 -- PSEN1 -- SOD1 -- HNRNPK -- SMPD1 -- TNIK -- BRCA1 -- CDKN2A -- EIF4E -- BID -- MCL1 -- PCNA -- TAF1 -- PLAC8 -- DIABLO -- RASSF1
487,TNFRSF1A -- TNFRSF1B -- NFKB1 -- MAPK8 -- BIRC3 -- SIRT1 -- RB1 -- TNFAIP3 -- CCND1 -- TRAF1 -- MAPK14 -- RHOA -- RAC1 -- MAP2K7 -- MAP3K1 -- IGF1 -- TRADD -- TNFRSF10B -- ATM -- CASP2 -- MDM2 -- CHUK -- RPS6KA5 -- PPP1R13L -- MAPK9 -- LYN -- IRF1 -- EIF4G2 -- HTRA2 -- CYCS -- HIP1 -- CDK4 -- OTUD7B -- RNF11 -- CASP10 -- PSEN1 -- SOD1 -- RPA4 -- SMPD1 -- TNIK -- HTT -- PELP1 -- BAX -- BAK1 -- BID -- FOXM1 -- PCNA -- PLAC8 -- DIABLO
488,STAT1 -- BIRC2 -- BIRC3 -- MYC -- MAPK14 -- PTMA -- RHOA -- TGFB2 -- RAC1 -- MAP2K7 -- MAP3K1 -- VEGFA -- MAPK1 -- CHUK -- PPP1R13L -- MAPK9 -- LYN -- IRF1 -- CDK4 -- OTUD7B -- RNF11 -- PARP1 -- PSEN1 -- SOD1 -- RPA4 -- SMPD1 -- EIF4E -- BID -- FOXM1 -- MCL1 -- CTBP1 -- PCNA -- TAF1 -- DIABLO -- APAF1 -- RASSF1 -- RANGAP1
489,NFKB1 -- STAT1 -- BIRC2 -- BIRC3 -- SIRT1 -- TNFAIP3 -- TRAF1 -- MAPK14 -- RHOA -- TGFB2 -- IL2 -- MAP2K7 -- MAP3K1 -- VEGFA -- MAP3K14 -- RET -- MAPK1 -- TNFRSF10B -- AKT1 -- ATM -- E2F1 -- MDM2 -- CHUK -- PPP1R13L -- MAPK9 -- LYN -- IRF1 -- EIF4G2 -- CYCS -- CDK4 -- OTUD7B -- CASP10 -- PARP1 -- PSEN1 -- RPA4 -- HTT -- PELP1 -- BAK1 -- BID -- FOXM1 -- CTBP1 -- PCNA -- TAF1 -- PLAC8 -- CCNG1 -- DIABLO
490,STAT1 -- BIRC2 -- BIRC3 -- MYC -- MAPK14 -- TGFB2 -- RAC1 -- MAP2K7 -- MAP3K1 -- VEGFA -- RET -- MAPK1 -- AKT1 -- ATM -- CHUK -- RPS6KA5 -- PPP1R13L -- MAPK9 -- LYN -- IRF1 -- MYB -- CYCS -- OTUD7B -- PARP1 -- PSEN1 -- SMPD1 -- BRCA1 -- EIF4E -- BID -- PCNA -- TAF1 -- PLAC8 -- DIABLO -- RASSF1 -- RANGAP1
491,MAPK8 -- STAT1 -- BIRC2 -- BIRC3 -- SIRT1 -- TRAF1 -- MAPK14 -- RHOA -- IL2 -- RAC1 -- MAP2K7 -- MAP3K1 -- VEGFA -- RET -- TRADD -- AKT1 -- MDM2 -- CHUK -- RPS6KA5 -- PPP1R13L -- MAPK9 -- LYN -- IRF1 -- EIF4G2 -- MYB -- CYCS -- HIP1 -- CDK4 -- OTUD7B -- CASP10 -- PSEN1 -- SOD1 -- HNRNPK -- RPA4 -- TNIK -- BBC3 -- PELP1 -- BAK1 -- BID -- FOXM1 -- CTBP1 -- PCNA -- TAF1 -- PLAC8 -- DIABLO
492,TNFRSF1A -- TNFRSF1B -- NFKB1 -- MAPK8 -- BIRC2 -- BIRC3 -- SIRT1 -- MYC -- TNFAIP3 -- CCND1 -- MAPK14 -- RHOA -- TGFB2 -- RAC1 -- MAP2K7 -- MAP3K1 -- TRADD -- TNFRSF10B -- MDM2 -- CHUK -- PPP1R13L -- MAPK9 -- LYN -- IRF1 -- CYCS -- CDK4 -- RNF11 -- CASP10 -- PSEN1 -- BAD -- SOD1 -- RPA4 -- SMPD1 -- TNIK -- PELP1 -- EIF4E -- BID -- FOXM1 -- MCL1 -- PCNA -- TAF1 -- DIABLO -- RANGAP1
493,TNFRSF1A -- TNFRSF1B -- MAPK8 -- STAT1 -- JUN -- FOS -- SIRT1 -- RB1 -- TNFAIP3 -- TRAF1 -- MAPK14 -- RHOA -- NR3C1 -- RAC1 -- MAP2K7 -- MAP3K1 -- MAP3K14 -- RET -- TRADD -- ATM -- CASP2 -- CHUK -- RPS6KA5 -- PPP1R13L -- MAPK9 -- IRF1 -- EIF4G2 -- HTRA2 -- MYB -- HIP1 -- OTUD7B -- RNF11 -- PSEN1 -- SOD1 -- HNRNPK -- SMPD1 -- TNIK -- HTT -- BRCA1 -- CDKN2A -- BAK1 -- BID -- PCNA -- PLAC8 -- CASP9 -- DIABLO -- APAF1 -- RASSF1
494,TNFRSF1A -- TNFRSF1B -- NFKB1 -- MAPK8 -- SIRT1 -- RB1 -- TNFAIP3 -- CCND1 -- TRAF1 -- MAPK14 -- RHOA -- RAC1 -- MAP2K7 -- MAP3K1 -- TRADD -- TNFRSF10B -- ATM -- CASP2 -- MDM2 -- CHUK -- RPS6KA5 -- PPP1R13L -- MAPK9 -- LYN -- IRF1 -- HTRA2 -- HIP1 -- CDK4 -- OTUD7B -- RNF11 -- PSEN1 -- SOD1 -- RPA4 -- SMPD1 -- TNIK -- PELP1 -- BAX -- BAK1 -- EIF4E -- BID -- FOXM1 -- PCNA -- PLAC8 -- DIABLO -- APAF1
495,TNFRSF1A -- TNFRSF1B -- MAPK8 -- STAT1 -- JUN -- FOS -- SIRT1 -- TNFAIP3 -- TRAF1 -- MAPK14 -- RHOA -- RAC1 -- MAP2K7 -- MAP3K1 -- VEGFA -- MAP3K14 -- RET -- TRADD -- ATM -- CASP2 -- CHUK -- RPS6KA5 -- PPP1R13L -- MAPK9 -- IRF1 -- EIF4G2 -- HTRA2 -- MYB -- HIP1 -- RNF11 -- PSEN1 -- SOD1 -- RPA4 -- SMPD1 -- TNIK -- HTT -- BRCA1 -- CDKN2A -- BAX -- BAK1 -- BID -- PCNA -- PLAC8 -- CASP9 -- DIABLO -- APAF1 -- RASSF1
496,TNFRSF1A -- TNFRSF1B -- MAPK8 -- STAT1 -- BIRC2 -- BIRC3 -- SIRT1 -- TNFAIP3 -- TRAF1 -- MAPK14 -- RHOA -- RAC1 -- MAP2K7 -- MAP3K1 -- VEGFA -- RET -- TRADD -- E2F1 -- CHUK -- RPS6KA5 -- PPP1R13L -- MAPK9 -- LYN -- IRF1 -- EIF4G2 -- MYB -- CYCS -- HIP1 -- CDK4 -- OTUD7B -- RNF11 -- CASP10 -- PSEN1 -- SOD1 -- HNRNPK -- RPA4 -- SMPD1 -- TNIK -- PELP1 -- BID -- FOXM1 -- MCL1 -- RBL1 -- PCNA -- TAF1 -- PLAC8 -- DIABLO
497,NFKB1 -- BIRC2 -- BIRC3 -- SIRT1 -- MYC -- TNFAIP3 -- CCND1 -- TRAF1 -- MAPK14 -- PTMA -- TGFB2 -- RAC1 -- MAP2K7 -- MAP3K1 -- MAPK1 -- TRAF2 -- AKT1 -- MDM2 -- CHUK -- PPP1R13L -- MAPK9 -- LYN -- IRF1 -- EIF4G2 -- CYCS -- CDK4 -- OTUD7B -- PSEN1 -- SMPD1 -- TNIK -- PELP1 -- BAK1 -- EIF4E -- BID -- FOXM1 -- TFDP1 -- PCNA -- TAF1 -- DIABLO -- RANGAP1
498,TNFRSF1A -- TNFRSF1B -- NFKB1 -- MAPK8 -- SIRT1 -- MYC -- TNFAIP3 -- CCND1 -- MAPK14 -- RHOA -- TGFB2 -- RAC1 -- MAP2K7 -- MAP3K1 -- IGF1 -- TRADD -- TNFRSF10B -- MDM2 -- CHUK -- RPS6KA5 -- PPP1R13L -- MAPK9 -- LYN -- IRF1 -- EIF4G2 -- HTRA2 -- HIP1 -- CDK4 -- OTUD7B -- RNF11 -- CASP10 -- PSEN1 -- RPA4 -- SMPD1 -- TNIK -- PELP1 -- BAX -- BAK1 -- BID -- FOXM1 -- PCNA -- TAF1 -- CASP9 -- DIABLO
499,TP53 -- NFKB1 -- MAPK8 -- STAT1 -- BIRC2 -- BIRC3 -- RB1 -- TNFAIP3 -- TRAF1 -- MAPK14 -- RHOA -- RAC1 -- MAP2K7 -- MAP3K1 -- VEGFA -- RET -- TRADD -- TNFRSF10B -- NFKB2 -- CHUK -- RPS6KA5 -- PPP1R13L -- MAPK9 -- LYN -- IRF1 -- EIF4G2 -- MYB -- CYCS -- HIP1 -- CDK4 -- OTUD7B -- RNF11 -- CASP10 -- PARP1 -- PSEN1 -- SOD1 -- HNRNPK -- RPA4 -- SMPD1 -- HTT -- PELP1 -- BID -- FOXM1 -- MCL1 -- CTBP1 -- PCNA -- PLAC8 -- DIABLO
500,STAT1 -- BIRC2 -- BIRC3 -- SIRT1 -- MAPK14 -- PTMA -- RAC1 -- MAP2K7 -- MAP3K1 -- IGF1 -- VEGFA -- RET -- MAPK1 -- AKT1 -- E2F1 -- CHUK -- RPS6KA5 -- PPP1R13L -- MAPK9 -- LYN -- IRF1 -- MYB -- CYCS -- HIP1 -- CDK4 -- OTUD7B -- PARP1 -- PSEN1 -- RPA4 -- SMPD1 -- BBC3 -- PELP1 -- EIF4E -- BID -- FOXM1 -- MCL1 -- CTBP1 -- RBL1 -- PCNA -- TAF1 -- PLAC8 -- DIABLO -- RASSF1
501,TNFRSF1A -- TNFRSF1B -- MAPK8 -- STAT1 -- FOS -- BIRC2 -- BIRC3 -- SIRT1 -- TNFAIP3 -- TRAF1 -- MAPK14 -- RHOA -- NR3C1 -- TGFB2 -- RAC1 -- MAP2K7 -- MAP3K1 -- VEGFA -- RET -- TRADD -- ATM -- CHUK -- RPS6KA5 -- PPP1R13L -- MAPK9 -- LYN -- IRF1 -- MYB -- CYCS -- HIP1 -- RNF11 -- PSEN1 -- SOD1 -- HNRNPK -- SMPD1 -- TNIK -- BRCA1 -- CDKN2A -- BID -- MCL1 -- PCNA -- TAF1 -- PLAC8 -- DIABLO -- RASSF1
502,TNFRSF1A -- TNFRSF1B -- MAPK8 -- STAT1 -- BIRC2 -- SIRT1 -- MYC -- TNFAIP3 -- TRAF1 -- MAPK14 -- PTMA -- RHOA -- RAC1 -- MAP2K7 -- MAP3K1 -- VEGFA -- RET -- TRADD -- CHUK -- RPS6KA5 -- PPP1R13L -- MAPK9 -- LYN -- IRF1 -- CYCS -- RNF11 -- PSEN1 -- SOD1 -- HNRNPK -- SMPD1 -- TNIK -- EIF4E -- BID -- MCL1 -- PCNA -- TAF1 -- PLAC8 -- DIABLO -- RASSF1 -- RANGAP1
503,TNFRSF1A -- TNFRSF1B -- MAPK8 -- STAT1 -- JUN -- FOS -- BIRC2 -- BIRC3 -- SIRT1 -- TNFAIP3 -- TRAF1 -- MAPK14 -- RHOA -- NR3C1 -- TGFB2 -- RAC1 -- MAP2K7 -- MAP3K1 -- VEGFA -- MAP3K14 -- TRADD -- ATM -- CHUK -- RPS6KA5 -- PPP1R13L -- MAPK9 -- LYN -- IRF1 -- EIF4G2 -- MYB -- HIP1 -- RNF11 -- PSEN1 -- SOD1 -- HNRNPK -- SMPD1 -- TNIK -- HTT -- BRCA1 -- CDKN2A -- BID -- MCL1 -- PCNA -- TAF1 -- PLAC8 -- DIABLO -- RASSF1
504,TNFRSF1A -- TNFRSF1B -- MAPK8 -- STAT1 -- BIRC2 -- SIRT1 -- MYC -- RB1 -- TNFAIP3 -- CCND1 -- MAPK14 -- PTMA -- RHOA -- RAC1 -- MAP2K7 -- MAP3K1 -- IGF1 -- TRADD -- ATM -- MDM2 -- CHUK -- PPP1R13L -- MAPK9 -- LYN -- IRF1 -- HTRA2 -- CYCS -- CDK4 -- OTUD7B -- RNF11 -- PSEN1 -- SOD1 -- HNRNPK -- RPA4 -- SMPD1 -- TNIK -- PELP1 -- BAX -- BAK1 -- EIF4E -- BID -- MCL1 -- PCNA -- TAF1 -- DIABLO -- RANGAP1
505,TNFRSF1A -- TNFRSF1B -- NFKB1 -- MAPK8 -- BIRC3 -- SIRT1 -- RB1 -- TNFAIP3 -- CCND1 -- TRAF1 -- MAPK14 -- RHOA -- RAC1 -- MAP2K7 -- MAP3K1 -- IGF1 -- TRADD -- TNFRSF10B -- ATM -- CASP2 -- MDM2 -- CHUK -- RPS6KA5 -- PPP1R13L -- MAPK9 -- LYN -- IRF1 -- EIF4G2 -- HTRA2 -- HIP1 -- CDK4 -- OTUD7B -- RNF11 -- CASP10 -- PSEN1 -- SOD1 -- RPA4 -- SMPD1 -- TNIK -- PELP1 -- BAX -- BAK1 -- BID -- FOXM1 -- PCNA -- PLAC8 -- DIABLO
506,STAT1 -- JUN -- FOS -- BIRC2 -- BIRC3 -- SIRT1 -- MAPK14 -- TGFB2 -- RAC1 -- MAP2K7 -- MAP3K1 -- VEGFA -- RET -- MAPK1 -- AKT1 -- ATM -- CHUK -- RPS6KA5 -- PPP1R13L -- MAPK9 -- IRF1 -- EIF4G2 -- MYB -- CYCS -- HIP1 -- OTUD7B -- PSEN1 -- HNRNPK -- CASP7 -- SMPD1 -- HTT -- CDKN2A -- BAK1 -- BID -- RBL1 -- PCNA -- TAF1 -- PLAC8 -- DIABLO -- RASSF1
507,STAT1 -- BIRC2 -- BIRC3 -- MAPK14 -- RAC1 -- MAP2K7 -- MAP3K1 -- IGF1 -- VEGFA -- RET -- MAPK1 -- AKT1 -- CHUK -- RPS6KA5 -- PPP1R13L -- MAPK9 -- LYN -- IRF1 -- CYCS -- HIP1 -- CDK4 -- OTUD7B -- PARP1 -- PSEN1 -- RPA4 -- SMPD1 -- PELP1 -- BAK1 -- BID -- FOXM1 -- CTBP1 -- PCNA -- TAF1 -- PLAC8 -- DIABLO
508,TNFRSF1A -- TNFRSF1B -- MAPK8 -- JUN -- FOS -- SIRT1 -- RB1 -- TNFAIP3 -- TRAF1 -- MAPK14 -- RHOA -- RAC1 -- MAP2K7 -- MAP3K1 -- MAP3K14 -- TRADD -- TNFRSF10B -- ATM -- CASP2 -- CHUK -- RPS6KA5 -- PPP1R13L -- MAPK9 -- IRF1 -- EIF4G2 -- HTRA2 -- MYB -- HIP1 -- CDK4 -- OTUD7B -- RNF11 -- CASP10 -- PSEN1 -- SOD1 -- HNRNPK -- RPA4 -- SMPD1 -- TNIK -- HTT -- CDKN2A -- PELP1 -- BAX -- BAK1 -- BID -- FOXM1 -- PCNA -- PLAC8 -- CASP9 -- DIABLO -- APAF1
509,TNFRSF1A -- TNFRSF1B -- NFKB1 -- MAPK8 -- BIRC2 -- BIRC3 -- SIRT1 -- RB1 -- TNFAIP3 -- CCND1 -- TRAF1 -- MAPK14 -- RHOA -- RAC1 -- MAP2K7 -- MAP3K1 -- IGF1 -- TRADD -- ATM -- MDM2 -- CHUK -- RPS6KA5 -- PPP1R13L -- MAPK9 -- LYN -- IRF1 -- CYCS -- HIP1 -- CDK4 -- OTUD7B -- PSEN1 -- SOD1 -- RPA4 -- SMPD1 -- TNIK -- PELP1 -- EIF4E -- BID -- FOXM1 -- MCL1 -- PCNA -- PLAC8 -- DIABLO
510,TNFRSF1A -- TNFRSF1B -- MAPK8 -- STAT1 -- JUN -- FOS -- BIRC2 -- BIRC3 -- SIRT1 -- TNFAIP3 -- TRAF1 -- MAPK14 -- RHOA -- TGFB2 -- RAC1 -- MAP2K7 -- MAP3K1 -- VEGFA -- RET -- TRADD -- ATM -- CHUK -- RPS6KA5 -- PPP1R13L -- MAPK9 -- IRF1 -- EIF4G2 -- MYB -- CYCS -- HIP1 -- RNF11 -- PSEN1 -- SOD1 -- HNRNPK -- RPA4 -- SMPD1 -- TNIK -- HTT -- CDKN2A -- PELP1 -- BID -- FOXM1 -- MCL1 -- PCNA -- TAF1 -- PLAC8 -- DIABLO
511,TNFRSF1A -- TNFRSF1B -- NFKB1 -- MAPK8 -- JUN -- FOS -- SIRT1 -- MYC -- RB1 -- TNFAIP3 -- CCND1 -- MAPK14 -- PTMA -- RHOA -- RAC1 -- MAP2K7 -- MAP3K1 -- MAP3K14 -- TRADD -- TNFRSF10B -- CASP2 -- MDM2 -- CHUK -- PPP1R13L -- MAPK9 -- IRF1 -- EIF4G2 -- MYB -- CYCS -- OTUD7B -- RNF11 -- CASP10 -- PSEN1 -- BAD -- SOD1 -- RPA4 -- SMPD1 -- TNIK -- HTT -- CDKN2A -- PELP1 -- BAK1 -- EIF4E -- BID -- PCNA -- TAF1 -- DIABLO -- APAF1 -- RANGAP1
512,TNFRSF1A -- TNFRSF1B -- MAPK8 -- STAT1 -- JUN -- FOS -- SIRT1 -- RB1 -- TNFAIP3 -- TRAF1 -- MAPK14 -- RHOA -- RAC1 -- MAP2K7 -- MAP3K1 -- IGF1 -- MAP3K14 -- RET -- TRADD -- CASP2 -- CHUK -- RPS6KA5 -- PPP1R13L -- MAPK9 -- IRF1 -- EIF4G2 -- HTRA2 -- MYB -- HIP1 -- RNF11 -- PSEN1 -- SOD1 -- HNRNPK -- SMPD1 -- TNIK -- BRCA1 -- CDKN2A -- BAX -- BAK1 -- BID -- PCNA -- PLAC8 -- CASP9 -- DIABLO -- APAF1
513,TNFRSF1A -- TNFRSF1B -- MAPK8 -- STAT1 -- BIRC2 -- SIRT1 -- MYC -- TNFAIP3 -- TRAF1 -- MAPK14 -- PTMA -- RHOA -- TGFB2 -- RAC1 -- MAP2K7 -- MAP3K1 -- VEGFA -- RET -- TRADD -- TNFRSF10B -- MDM2 -- CHUK -- RPS6KA5 -- PPP1R13L -- MAPK9 -- LYN -- IRF1 -- CYCS -- CDK4 -- OTUD7B -- RNF11 -- PSEN1 -- SOD1 -- HNRNPK -- RPA4 -- SMPD1 -- TNIK -- BRCA1 -- EIF4E -- BID -- FOXM1 -- MCL1 -- PCNA -- TAF1 -- DIABLO -- RANGAP1
514,TNFRSF1A -- TNFRSF1B -- MAPK8 -- STAT1 -- JUN -- FOS -- SIRT1 -- FASLG -- TNFAIP3 -- TRAF1 -- MAPK14 -- RHOA -- NR3C1 -- TGFB2 -- RAC1 -- MAP2K7 -- MAP3K1 -- VEGFA -- MAP3K14 -- RET -- TRADD -- TNFRSF10B -- ATM -- CASP2 -- CHUK -- RPS6KA5 -- PPP1R13L -- MAPK9 -- IRF1 -- EIF4G2 -- HTRA2 -- MYB -- HIP1 -- CASP10 -- PSEN1 -- SOD1 -- HNRNPK -- CASP7 -- SMPD1 -- TNIK -- CDKN2A -- BAK1 -- BID -- MCL1 -- PCNA -- TAF1 -- PLAC8 -- CASP9 -- DIABLO -- APAF1 -- RASSF1
515,SMURF2 -- TNFRSF1B -- BIRC2 -- BIRC3 -- TRAF1 -- MAPK14 -- RAC1 -- MAP2K7 -- MAP3K1 -- VEGFA -- MAPK1 -- TRAF2 -- AKT1 -- MDM2 -- CHUK -- RPS6KA5 -- PPP1R13L -- MAPK9 -- LYN -- IRF1 -- EIF4G2 -- CYCS -- HIP1 -- CDK4 -- OTUD7B -- CASP10 -- PARP1 -- PSEN1 -- RPA4 -- SMPD1 -- TNIK -- BBC3 -- PELP1 -- BID -- FOXM1 -- CTBP1 -- RBL1 -- PCNA -- TAF1 -- PLAC8 -- DIABLO
516,TNFRSF1A -- TNFRSF1B -- NFKB1 -- MAPK8 -- SIRT1 -- RB1 -- TNFAIP3 -- CCND1 -- TRAF1 -- MAPK14 -- RHOA -- RAC1 -- MAP2K7 -- MAP3K1 -- MAP3K14 -- TRADD -- TNFRSF10B -- ATM -- CASP2 -- MDM2 -- CHUK -- RPS6KA5 -- PPP1R13L -- MAPK9 -- IRF1 -- EIF4G2 -- HTRA2 -- HIP1 -- CDK4 -- OTUD7B -- RNF11 -- PSEN1 -- SOD1 -- RPA4 -- SMPD1 -- TNIK -- HTT -- PELP1 -- BAX -- BAK1 -- BID -- FOXM1 -- PCNA -- PLAC8 -- CASP9 -- DIABLO -- APAF1
517,TNFRSF1A -- TNFRSF1B -- MAPK8 -- STAT1 -- JUN -- FOS -- SIRT1 -- TNFAIP3 -- TRAF1 -- MAPK14 -- RHOA -- TGFB2 -- RAC1 -- MAP2K7 -- MAP3K1 -- VEGFA -- MAP3K14 -- RET -- TRADD -- ATM -- CASP2 -- CHUK -- RPS6KA5 -- PPP1R13L -- MAPK9 -- IRF1 -- EIF4G2 -- HTRA2 -- MYB -- HIP1 -- OTUD7B -- RNF11 -- PSEN1 -- SOD1 -- HNRNPK -- CASP7 -- SMPD1 -- TNIK -- BRCA1 -- CDKN2A -- BAX -- BAK1 -- BID -- MCL1 -- PCNA -- TAF1 -- PLAC8 -- CASP9 -- DIABLO -- APAF1 -- RASSF1
518,STAT1 -- JUN -- FOS -- FASLG -- MAPK14 -- RHOA -- TGFB2 -- RAC1 -- MAP2K7 -- MAP3K1 -- VEGFA -- RET -- MAPK1 -- ATM -- CHUK -- RPS6KA5 -- PPP1R13L -- MAPK9 -- IRF1 -- EIF4G2 -- HTRA2 -- MYB -- HIP1 -- OTUD7B -- RNF11 -- PSEN1 -- SOD1 -- HNRNPK -- CASP7 -- PSIP1 -- BRCA1 -- CDKN2A -- BAX -- BAK1 -- BID -- MCL1 -- PCNA -- TAF1 -- PLAC8 -- DIABLO -- APAF1 -- RASSF1
519,TNFRSF1A -- TNFRSF1B -- MAPK8 -- STAT1 -- JUN -- FOS -- BIRC2 -- BIRC3 -- SIRT1 -- TNFAIP3 -- TRAF1 -- MAPK14 -- RHOA -- NR3C1 -- TGFB2 -- RAC1 -- MAP2K7 -- MAP3K1 -- VEGFA -- RET -- TRADD -- ATM -- CHUK -- RPS6KA5 -- PPP1R13L -- MAPK9 -- IRF1 -- EIF4G2 -- MYB -- CYCS -- HIP1 -- RNF11 -- PSEN1 -- SOD1 -- HNRNPK -- SMPD1 -- TNIK -- HTT -- BRCA1 -- CDKN2A -- BID -- MCL1 -- PCNA -- TAF1 -- PLAC8 -- DIABLO -- RASSF1
520,TNFRSF1A -- TNFRSF1B -- NFKB1 -- MAPK8 -- SIRT1 -- RB1 -- TNFAIP3 -- CCND1 -- TRAF1 -- MAPK14 -- RHOA -- RAC1 -- MAP2K7 -- MAP3K1 -- IGF1 -- TRADD -- TNFRSF10B -- ATM -- CASP2 -- MDM2 -- CHUK -- RPS6KA5 -- PPP1R13L -- MAPK9 -- LYN -- IRF1 -- EIF4G2 -- HTRA2 -- HIP1 -- CDK4 -- OTUD7B -- RNF11 -- CASP10 -- PSEN1 -- SOD1 -- RPA4 -- SMPD1 -- TNIK -- PELP1 -- BAX -- BAK1 -- BID -- FOXM1 -- PCNA -- PLAC8 -- DIABLO -- APAF1
521,TNFRSF1A -- TNFRSF1B -- NFKB1 -- MAPK8 -- SIRT1 -- RB1 -- TNFAIP3 -- CCND1 -- TRAF1 -- MAPK14 -- RHOA -- RAC1 -- MAP2K7 -- MAP3K1 -- MAP3K14 -- TRADD -- TNFRSF10B -- ATM -- CASP2 -- MDM2 -- CHUK -- RPS6KA5 -- PPP1R13L -- MAPK9 -- LYN -- IRF1 -- EIF4G2 -- HTRA2 -- HIP1 -- CDK4 -- OTUD7B -- RNF11 -- PSEN1 -- SOD1 -- RPA4 -- SMPD1 -- TNIK -- HTT -- PELP1 -- BAX -- BAK1 -- BID -- FOXM1 -- PCNA -- PLAC8 -- CASP9 -- DIABLO -- APAF1
522,TNFRSF1A -- TNFRSF1B -- MAPK8 -- STAT1 -- BIRC2 -- BIRC3 -- SIRT1 -- TNFAIP3 -- TRAF1 -- MAPK14 -- RHOA -- NR3C1 -- RAC1 -- MAP2K7 -- MAP3K1 -- VEGFA -- RET -- TRADD -- ATM -- CHUK -- RPS6KA5 -- PPP1R13L -- MAPK9 -- LYN -- IRF1 -- CYCS -- HIP1 -- RNF11 -- PSEN1 -- SOD1 -- HNRNPK -- SMPD1 -- TNIK -- BRCA1 -- CDKN2A -- BID -- MCL1 -- PCNA -- TAF1 -- PLAC8 -- DIABLO -- RASSF1
523,TNFRSF1A -- TNFRSF1B -- MAPK8 -- STAT1 -- BIRC2 -- SIRT1 -- RB1 -- TNFAIP3 -- TRAF1 -- MAPK14 -- RHOA -- NR3C1 -- RAC1 -- MAP2K7 -- MAP3K1 -- VEGFA -- TRADD -- ATM -- CASP2 -- CHUK -- RPS6KA5 -- PPP1R13L -- MAPK9 -- LYN -- IRF1 -- EIF4G2 -- CYCS -- HIP1 -- OTUD7B -- RNF11 -- CASP10 -- PSEN1 -- RPA4 -- TNIK -- HTT -- BRCA1 -- CDKN2A -- BID -- MCL1 -- PCNA -- PLAC8 -- DIABLO -- RANGAP1
524,TNFRSF1A -- TNFRSF1B -- MAPK8 -- BIRC2 -- SIRT1 -- MYC -- RB1 -- TNFAIP3 -- CCND1 -- MAPK14 -- PTMA -- RHOA -- RAC1 -- MAP2K7 -- MAP3K1 -- TRADD -- MDM2 -- CHUK -- PPP1R13L -- MAPK9 -- LYN -- IRF1 -- HTRA2 -- CDK4 -- OTUD7B -- RNF11 -- PSEN1 -- SOD1 -- SMPD1 -- TNIK -- BRCA1 -- PELP1 -- BAX -- BAK1 -- EIF4E -- BID -- FOXM1 -- PCNA -- TAF1 -- DIABLO -- RANGAP1
525,TNFRSF1A -- TNFRSF1B -- NFKB1 -- MAPK8 -- SIRT1 -- RB1 -- TNFAIP3 -- CCND1 -- TRAF1 -- MAPK14 -- RHOA -- RAC1 -- MAP2K7 -- MAP3K1 -- MAP3K14 -- TRADD -- TNFRSF10B -- ATM -- MDM2 -- CHUK -- RPS6KA5 -- PPP1R13L -- MAPK9 -- LYN -- IRF1 -- HTRA2 -- HIP1 -- CDK4 -- OTUD7B -- RNF11 -- PSEN1 -- SOD1 -- RPA4 -- SMPD1 -- TNIK -- PELP1 -- BAX -- BAK1 -- EIF4E -- BID -- FOXM1 -- PCNA -- PLAC8 -- DIABLO
526,TNFRSF1A -- TNFRSF1B -- MAPK8 -- STAT1 -- JUN -- FOS -- BIRC2 -- BIRC3 -- SIRT1 -- TNFAIP3 -- TRAF1 -- MAPK14 -- RHOA -- NR3C1 -- TGFB2 -- RAC1 -- MAP2K7 -- MAP3K1 -- VEGFA -- RET -- TRADD -- ATM -- CHUK -- RPS6KA5 -- PPP1R13L -- MAPK9 -- IRF1 -- EIF4G2 -- MYB -- HIP1 -- RNF11 -- PSEN1 -- SOD1 -- HNRNPK -- CASP7 -- SMPD1 -- TNIK -- HTT -- BRCA1 -- CDKN2A -- BID -- MCL1 -- PCNA -- TAF1 -- PLAC8 -- CASP9 -- DIABLO -- APAF1 -- RASSF1
527,TNFRSF1A -- TNFRSF1B -- MAPK8 -- STAT1 -- BIRC2 -- SIRT1 -- MYC -- TNFAIP3 -- TRAF1 -- MAPK14 -- RHOA -- RAC1 -- MAP2K7 -- MAP3K1 -- IGF1 -- VEGFA -- TRADD -- ATM -- MDM2 -- CHUK -- RPS6KA5 -- PPP1R13L -- MAPK9 -- LYN -- IRF1 -- EIF4G2 -- CYCS -- HIP1 -- CDK4 -- OTUD7B -- RNF11 -- CASP10 -- PSEN1 -- SOD1 -- RPA4 -- SMPD1 -- TNIK -- PELP1 -- BID -- FOXM1 -- MCL1 -- PCNA -- TAF1 -- DIABLO
528,STAT1 -- BIRC2 -- BIRC3 -- MAPK14 -- RHOA -- IL2 -- RAC1 -- MAP2K7 -- MAP3K1 -- VEGFA -- RET -- MAPK1 -- ATM -- E2F1 -- CHUK -- RPS6KA5 -- PPP1R13L -- MAPK9 -- LYN -- IRF1 -- MYB -- CYCS -- HIP1 -- CDK4 -- OTUD7B -- PARP1 -- PSEN1 -- SOD1 -- RPA4 -- BBC3 -- PELP1 -- BAK1 -- BID -- FOXM1 -- CTBP1 -- RBL1 -- PCNA -- TAF1 -- PLAC8 -- DIABLO
529,TNFRSF1A -- TNFRSF1B -- NFKB1 -- MAPK8 -- SIRT1 -- RB1 -- TNFAIP3 -- CCND1 -- MAPK14 -- RHOA -- RAC1 -- MAP2K7 -- MAP3K1 -- MAP3K14 -- TRADD -- TNFRSF10B -- ATM -- CASP2 -- MDM2 -- CHUK -- RPS6KA5 -- PPP1R13L -- MAPK9 -- LYN -- IRF1 -- EIF4G2 -- HTRA2 -- HIP1 -- CDK4 -- OTUD7B -- RNF11 -- CASP10 -- PSEN1 -- SOD1 -- RPA4 -- SMPD1 -- TNIK -- HTT -- PELP1 -- BAX -- BAK1 -- EIF4E -- BID -- FOXM1 -- PCNA -- PLAC8 -- DIABLO -- APAF1
530,TNFRSF1A -- TNFRSF1B -- NFKB1 -- MAPK8 -- FOS -- SIRT1 -- RB1 -- TNFAIP3 -- CCND1 -- TRAF1 -- MAPK14 -- RHOA -- RAC1 -- MAP2K7 -- MAP3K1 -- IGF1 -- MAP3K14 -- TRADD -- TNFRSF10B -- ATM -- CASP2 -- MDM2 -- CHUK -- RPS6KA5 -- PPP1R13L -- MAPK9 -- IRF1 -- EIF4G2 -- HTRA2 -- HIP1 -- CDK4 -- OTUD7B -- RNF11 -- CASP10 -- PSEN1 -- SOD1 -- RPA4 -- SMPD1 -- TNIK -- HTT -- PELP1 -- BAX -- BAK1 -- BID -- FOXM1 -- PCNA -- PLAC8 -- CASP9 -- DIABLO
531,STAT1 -- BIRC2 -- MAPK14 -- RAC1 -- MAP2K7 -- MAP3K1 -- VEGFA -- MAPK1 -- AKT1 -- ATM -- MDM2 -- CHUK -- RPS6KA5 -- PPP1R13L -- MAPK9 -- LYN -- IRF1 -- CYCS -- HIP1 -- CDK4 -- OTUD7B -- PARP1 -- PSEN1 -- SOD1 -- RPA4 -- PELP1 -- EIF4E -- BID -- FOXM1 -- MCL1 -- CTBP1 -- PCNA -- TAF1 -- PLAC8 -- DIABLO
532,TNFRSF1A -- TNFRSF1B -- MAPK8 -- BIRC2 -- BIRC3 -- SIRT1 -- RB1 -- TNFAIP3 -- CCND1 -- TRAF1 -- MAPK14 -- RHOA -- TGFB2 -- RAC1 -- MAP2K7 -- MAP3K1 -- TRADD -- ATM -- MDM2 -- CHUK -- RPS6KA5 -- PPP1R13L -- MAPK9 -- LYN -- IRF1 -- MYB -- CYCS -- HIP1 -- CDK4 -- OTUD7B -- PSEN1 -- SOD1 -- RPA4 -- SMPD1 -- TNIK -- PELP1 -- BAK1 -- EIF4E -- BID -- FOXM1 -- MCL1 -- PCNA -- DIABLO -- RANGAP1
533,TNFRSF1A -- TNFRSF1B -- MAPK8 -- STAT1 -- JUN -- FOS -- SIRT1 -- RB1 -- TNFAIP3 -- TRAF1 -- MAPK14 -- RHOA -- RAC1 -- MAP2K7 -- MAP3K1 -- MAP3K14 -- TRADD -- ATM -- CASP2 -- MDM2 -- CHUK -- RPS6KA5 -- PPP1R13L -- MAPK9 -- IRF1 -- EIF4G2 -- HTRA2 -- MYB -- HIP1 -- RNF11 -- CASP10 -- PSEN1 -- SOD1 -- RPA4 -- SMPD1 -- TNIK -- HTT -- CDKN2A -- BAX -- BAK1 -- BID -- PCNA -- PLAC8 -- CASP9 -- DIABLO -- APAF1 -- RASSF1
534,TNFRSF1A -- TNFRSF1B -- MAPK8 -- FOS -- SIRT1 -- MYC -- RB1 -- TNFAIP3 -- CCND1 -- MAPK14 -- RHOA -- RAC1 -- MAP2K7 -- MAP3K1 -- TRADD -- CASP2 -- MDM2 -- CHUK -- PPP1R13L -- MAPK9 -- IRF1 -- EIF4G2 -- HTRA2 -- CDK4 -- OTUD7B -- RNF11 -- CASP10 -- PSEN1 -- SOD1 -- RPA4 -- CASP7 -- SMPD1 -- TNIK -- HTT -- PELP1 -- BAK1 -- BID -- FOXM1 -- PCNA -- DIABLO -- APAF1 -- RANGAP1
535,TNFRSF1A -- TNFRSF1B -- MAPK8 -- STAT1 -- BIRC2 -- SIRT1 -- MYC -- TNFAIP3 -- MAPK14 -- PTMA -- RHOA -- RAC1 -- MAP2K7 -- MAP3K1 -- VEGFA -- MAP3K14 -- RET -- TRADD -- ATM -- CHUK -- PPP1R13L -- MAPK9 -- LYN -- IRF1 -- CYCS -- RNF11 -- PSEN1 -- SOD1 -- HNRNPK -- SMPD1 -- TNIK -- HTT -- BRCA1 -- BID -- MCL1 -- PCNA -- TAF1 -- PLAC8 -- DIABLO -- RASSF1 -- RANGAP1
536,STAT1 -- BIRC2 -- BIRC3 -- SIRT1 -- TRAF1 -- MAPK14 -- TGFB2 -- RAC1 -- MAP2K7 -- MAP3K1 -- IGF1 -- VEGFA -- TRADD -- TNFRSF10B -- AKT1 -- ATM -- E2F1 -- MDM2 -- CHUK -- RPS6KA5 -- PPP1R13L -- MAPK9 -- LYN -- IRF1 -- CYCS -- HIP1 -- CDK4 -- OTUD7B -- PSEN1 -- RPA4 -- SMPD1 -- TNIK -- BBC3 -- PELP1 -- BAK1 -- EIF4E -- BID -- FOXM1 -- CTBP1 -- PCNA -- TAF1 -- PLAC8 -- DIABLO
537,TNFRSF1A -- TNFRSF1B -- MAPK8 -- STAT1 -- JUN -- FOS -- BIRC2 -- BIRC3 -- SIRT1 -- TNFAIP3 -- TRAF1 -- MAPK14 -- RHOA -- NR3C1 -- TGFB2 -- RAC1 -- MAP2K7 -- MAP3K1 -- VEGFA -- RET -- TRADD -- ATM -- CHUK -- RPS6KA5 -- PPP1R13L -- MAPK9 -- LYN -- IRF1 -- EIF4G2 -- MYB -- CYCS -- HIP1 -- RNF11 -- PSEN1 -- SOD1 -- HNRNPK -- SMPD1 -- TNIK -- HTT -- BRCA1 -- CDKN2A -- BID -- MCL1 -- PCNA -- TAF1 -- PLAC8 -- DIABLO -- RASSF1
538,TNFRSF1A -- TNFRSF1B -- NFKB1 -- MAPK8 -- BIRC2 -- BIRC3 -- SIRT1 -- RB1 -- TNFAIP3 -- CCND1 -- TRAF1 -- MAPK14 -- RHOA -- RAC1 -- MAP2K7 -- MAP3K1 -- IGF1 -- TRADD -- TNFRSF10B -- AKT1 -- MDM2 -- CHUK -- RPS6KA5 -- PPP1R13L -- MAPK9 -- LYN -- IRF1 -- CYCS -- HIP1 -- CDK4 -- OTUD7B -- CASP10 -- PSEN1 -- SOD1 -- RPA4 -- SMPD1 -- TNIK -- PELP1 -- EIF4E -- BID -- FOXM1 -- MCL1 -- PCNA -- DIABLO
539,TNFRSF1A -- TNFRSF1B -- NFKB1 -- MAPK8 -- JUN -- FOS -- SIRT1 -- RB1 -- TNFAIP3 -- CCND1 -- TRAF1 -- MAPK14 -- RHOA -- RAC1 -- MAP2K7 -- MAP3K1 -- IGF1 -- MAP3K14 -- TRADD -- CASP2 -- MDM2 -- CHUK -- RPS6KA5 -- PPP1R13L -- MAPK9 -- IRF1 -- EIF4G2 -- HTRA2 -- MYB -- CDK4 -- OTUD7B -- RNF11 -- PSEN1 -- SOD1 -- RPA4 -- SMPD1 -- TNIK -- HTT -- PELP1 -- BAX -- BAK1 -- BID -- FOXM1 -- PCNA -- PLAC8 -- CASP9 -- DIABLO -- APAF1
540,TNFRSF1A -- TNFRSF1B -- NFKB1 -- MAPK8 -- BIRC3 -- SIRT1 -- RB1 -- TNFAIP3 -- CCND1 -- TRAF1 -- MAPK14 -- PTMA -- RHOA -- RAC1 -- MAP2K7 -- MAP3K1 -- TRADD -- TNFRSF10B -- CASP2 -- MDM2 -- CHUK -- RPS6KA5 -- PPP1R13L -- MAPK9 -- LYN -- IRF1 -- HTRA2 -- HIP1 -- CDK4 -- OTUD7B -- RNF11 -- CASP10 -- PSEN1 -- BAD -- SOD1 -- RPA4 -- SMPD1 -- TNIK -- PELP1 -- BAX -- BAK1 -- EIF4E -- BID -- FOXM1 -- PCNA -- PLAC8 -- DIABLO
541,TNFRSF1A -- TNFRSF1B -- NFKB1 -- MAPK8 -- SIRT1 -- RB1 -- TNFAIP3 -- CCND1 -- MAPK14 -- PTMA -- RHOA -- RAC1 -- MAP2K7 -- MAP3K1 -- MAP3K14 -- TRADD -- TNFRSF10B -- ATM -- CASP2 -- MDM2 -- CHUK -- PPP1R13L -- MAPK9 -- LYN -- IRF1 -- EIF4G2 -- HTRA2 -- CYCS -- CDK4 -- OTUD7B -- RNF11 -- CASP10 -- PSEN1 -- BAD -- SOD1 -- RPA4 -- SMPD1 -- TNIK -- PELP1 -- BAX -- BAK1 -- BID -- FOXM1 -- PCNA -- DIABLO -- APAF1
542,TNFRSF1A -- TNFRSF1B -- MAPK8 -- STAT1 -- JUN -- FOS -- BIRC2 -- BIRC3 -- SIRT1 -- TNFAIP3 -- TRAF1 -- MAPK14 -- RHOA -- TGFB2 -- RAC1 -- MAP2K7 -- MAP3K1 -- VEGFA -- MAP3K14 -- RET -- TRADD -- ATM -- CASP2 -- CHUK -- RPS6KA5 -- PPP1R13L -- MAPK9 -- IRF1 -- EIF4G2 -- MYB -- CYCS -- HIP1 -- OTUD7B -- RNF11 -- CASP10 -- PSEN1 -- SOD1 -- HNRNPK -- RPA4 -- SMPD1 -- TNIK -- HTT -- CDKN2A -- PELP1 -- BID -- FOXM1 -- MCL1 -- PCNA -- TAF1 -- PLAC8 -- CASP9 -- DIABLO
543,TNFRSF1A -- TNFRSF1B -- MAPK8 -- STAT1 -- BIRC2 -- BIRC3 -- SIRT1 -- MYC -- TNFAIP3 -- CCND1 -- TRAF1 -- MAPK14 -- PTMA -- RHOA -- TGFB2 -- RAC1 -- MAP2K7 -- MAP3K1 -- VEGFA -- RET -- TRADD -- CHUK -- PPP1R13L -- MAPK9 -- LYN -- IRF1 -- MYB -- CYCS -- CDK4 -- OTUD7B -- RNF11 -- PSEN1 -- SOD1 -- HNRNPK -- SMPD1 -- TNIK -- BAX -- BAK1 -- EIF4E -- BID -- FOXM1 -- TFDP1 -- PCNA -- TAF1 -- DIABLO -- RANGAP1
544,TNFRSF1A -- TNFRSF1B -- MAPK8 -- STAT1 -- JUN -- FOS -- SIRT1 -- TNFAIP3 -- TRAF1 -- MAPK14 -- RHOA -- NR3C1 -- TGFB2 -- RAC1 -- MAP2K7 -- MAP3K1 -- VEGFA -- MAP3K14 -- RET -- TRADD -- CASP2 -- CHUK -- RPS6KA5 -- PPP1R13L -- MAPK9 -- IRF1 -- EIF4G2 -- HTRA2 -- MYB -- HIP1 -- RNF11 -- PSEN1 -- SOD1 -- HNRNPK -- CASP7 -- SMPD1 -- TNIK -- HTT -- BRCA1 -- CDKN2A -- BID -- MCL1 -- PCNA -- TAF1 -- PLAC8 -- CASP9 -- DIABLO -- APAF1
545,STAT1 -- JUN -- MAPK14 -- PTMA -- IL2 -- RAC1 -- MAP2K7 -- MAP3K1 -- IGF1 -- VEGFA -- MAP3K14 -- MAPK1 -- AKT1 -- ATM -- MDM2 -- CHUK -- RPS6KA5 -- PPP1R13L -- MAPK9 -- LYN -- IRF1 -- MYB -- HIP1 -- CDK4 -- OTUD7B -- PARP1 -- PSEN1 -- SOD1 -- HNRNPK -- RPA4 -- BCL2L1 -- CDKN2A -- PELP1 -- EIF4E -- FOXM1 -- MCL1 -- CTBP1 -- PCNA -- TAF1 -- PLAC8
546,TNFRSF1A -- TNFRSF1B -- MAPK8 -- STAT1 -- BIRC2 -- SIRT1 -- TNFAIP3 -- TRAF1 -- MAPK14 -- RHOA -- TGFB2 -- RAC1 -- MAP2K7 -- MAP3K1 -- VEGFA -- RET -- TRADD -- ATM -- CHUK -- RPS6KA5 -- PPP1R13L -- MAPK9 -- LYN -- IRF1 -- HTRA2 -- MYB -- CYCS -- HIP1 -- OTUD7B -- RNF11 -- PSEN1 -- SOD1 -- HNRNPK -- SMPD1 -- TNIK -- BRCA1 -- CDKN2A -- BBC3 -- BAX -- EIF4E -- BID -- PCNA -- TAF1 -- PLAC8 -- DIABLO -- RASSF1
547,NFKB1 -- STAT1 -- SIRT1 -- TNFAIP3 -- MAPK14 -- RAC1 -- MAP2K7 -- MAP3K1 -- IGF1 -- VEGFA -- RET -- MAPK1 -- CHUK -- RPS6KA5 -- PPP1R13L -- MAPK9 -- LYN -- IRF1 -- HTRA2 -- MYB -- HIP1 -- CDK4 -- OTUD7B -- RNF11 -- PSEN1 -- SOD1 -- HNRNPK -- RPA4 -- PELP1 -- EIF4E -- FOXM1 -- CTBP1 -- PCNA -- TAF1 -- PLAC8 -- DIABLO -- APAF1
548,TNFRSF1A -- TNFRSF1B -- NFKB1 -- MAPK8 -- STAT1 -- BIRC2 -- BIRC3 -- SIRT1 -- MYC -- TNFAIP3 -- MAPK14 -- PTMA -- RHOA -- TGFB2 -- RAC1 -- MAP2K7 -- MAP3K1 -- IGF1 -- VEGFA -- RET -- TRADD -- TNFRSF10B -- ATM -- CHUK -- PPP1R13L -- MAPK9 -- LYN -- IRF1 -- EIF4G2 -- CYCS -- CDK4 -- OTUD7B -- RNF11 -- CASP10 -- PSEN1 -- BAD -- SOD1 -- HNRNPK -- RPA4 -- SMPD1 -- TNIK -- PELP1 -- EIF4E -- BID -- FOXM1 -- MCL1 -- PCNA -- TAF1 -- DIABLO -- RASSF1 -- RANGAP1
549,TNFRSF1A -- TNFRSF1B -- NFKB1 -- MAPK8 -- SIRT1 -- RB1 -- TNFAIP3 -- CCND1 -- TRAF1 -- MAPK14 -- RHOA -- RAC1 -- MAP2K7 -- MAP3K1 -- IGF1 -- MAP3K14 -- TRADD -- TNFRSF10B -- MDM2 -- CHUK -- RPS6KA5 -- PPP1R13L -- MAPK9 -- IRF1 -- EIF4G2 -- HTRA2 -- HIP1 -- CDK4 -- OTUD7B -- RNF11 -- CASP10 -- PSEN1 -- SOD1 -- RPA4 -- SMPD1 -- TNIK -- PELP1 -- BAX -- BAK1 -- BID -- FOXM1 -- PCNA -- PLAC8 -- CASP9 -- DIABLO -- APAF1
550,TNFRSF1A -- TNFRSF1B -- MAPK8 -- STAT1 -- JUN -- BIRC2 -- BIRC3 -- SIRT1 -- TNFAIP3 -- TRAF1 -- MAPK14 -- RHOA -- NR3C1 -- TGFB2 -- RAC1 -- MAP2K7 -- MAP3K1 -- VEGFA -- RET -- TRADD -- ATM -- CHUK -- RPS6KA5 -- PPP1R13L -- MAPK9 -- LYN -- IRF1 -- EIF4G2 -- MYB -- CYCS -- HIP1 -- RNF11 -- PSEN1 -- SOD1 -- HNRNPK -- SMPD1 -- TNIK -- BRCA1 -- CDKN2A -- BID -- MCL1 -- PCNA -- TAF1 -- PLAC8 -- DIABLO -- RASSF1
551,TNFRSF1A -- MAPK8 -- STAT1 -- JUN -- FOS -- SIRT1 -- TNFAIP3 -- TRAF1 -- MAPK14 -- NR3C1 -- TGFB2 -- RAC1 -- MAP2K7 -- MAP3K1 -- VEGFA -- MAP3K14 -- RET -- TRADD -- TNFRSF10B -- AKT1 -- ATM -- CASP2 -- CHUK -- RPS6KA5 -- PPP1R13L -- MAPK9 -- IRF1 -- EIF4G2 -- HTRA2 -- MYB -- HIP1 -- OTUD7B -- RNF11 -- CASP10 -- PSEN1 -- SOD1 -- HNRNPK -- CASP7 -- SMPD1 -- TNIK -- HTT -- BRCA1 -- CDKN2A -- BAK1 -- BID -- MCL1 -- PCNA -- TAF1 -- PLAC8 -- DIABLO -- APAF1 -- RASSF1
552,STAT1 -- BIRC2 -- BIRC3 -- SIRT1 -- TNFAIP3 -- MAPK14 -- RAC1 -- MAP2K7 -- MAP3K1 -- IGF1 -- VEGFA -- RET -- MAPK1 -- AKT1 -- E2F1 -- CHUK -- RPS6KA5 -- PPP1R13L -- MAPK9 -- LYN -- IRF1 -- MYB -- CYCS -- HIP1 -- CDK4 -- OTUD7B -- PARP1 -- PSEN1 -- RPA4 -- SMPD1 -- BBC3 -- PELP1 -- EIF4E -- BID -- FOXM1 -- CTBP1 -- RBL1 -- PCNA -- TAF1 -- PLAC8 -- DIABLO
553,STAT1 -- SIRT1 -- MAPK14 -- RAC1 -- MAP2K7 -- MAP3K1 -- VEGFA -- RET -- MAPK1 -- AKT1 -- CHUK -- RPS6KA5 -- PPP1R13L -- MAPK9 -- LYN -- IRF1 -- HTRA2 -- MYB -- CYCS -- HIP1 -- CDK4 -- OTUD7B -- RNF11 -- PARP1 -- PSEN1 -- HNRNPK -- RPA4 -- CASP7 -- BBC3 -- PELP1 -- BAK1 -- EIF4E -- BID -- FOXM1 -- CTBP1 -- RBL1 -- PCNA -- TAF1 -- PLAC8 -- DIABLO
554,TNFRSF1A -- TNFRSF1B -- NFKB1 -- MAPK8 -- JUN -- FOS -- SIRT1 -- RB1 -- TNFAIP3 -- TRAF1 -- MAPK14 -- RHOA -- RAC1 -- MAP2K7 -- MAP3K1 -- VEGFA -- MAP3K14 -- TRADD -- TNFRSF10B -- ATM -- CASP2 -- CHUK -- RPS6KA5 -- PPP1R13L -- MAPK9 -- IRF1 -- EIF4G2 -- HTRA2 -- HIP1 -- OTUD7B -- RNF11 -- CASP10 -- PSEN1 -- SOD1 -- RPA4 -- SMPD1 -- TNIK -- HTT -- CDKN2A -- PELP1 -- BAX -- BAK1 -- BID -- FOXM1 -- PCNA -- PLAC8 -- CASP9 -- DIABLO -- APAF1
555,TNFRSF1A -- TNFRSF1B -- MAPK8 -- STAT1 -- JUN -- FOS -- BIRC2 -- BIRC3 -- TNFAIP3 -- TRAF1 -- MAPK14 -- RHOA -- TGFB2 -- RAC1 -- MAP2K7 -- MAP3K1 -- VEGFA -- RET -- MAPK1 -- AKT1 -- ATM -- CASP2 -- CHUK -- RPS6KA5 -- PPP1R13L -- MAPK9 -- IRF1 -- EIF4G2 -- MYB -- CYCS -- HIP1 -- CDK4 -- OTUD7B -- PSEN1 -- HNRNPK -- RPA4 -- CASP7 -- SMPD1 -- TNIK -- HTT -- PELP1 -- BID -- FOXM1 -- MCL1 -- PCNA -- TAF1 -- PLAC8 -- DIABLO
556,TNFRSF1A -- TNFRSF1B -- NFKB1 -- MAPK8 -- BIRC2 -- BIRC3 -- SIRT1 -- RB1 -- TNFAIP3 -- CCND1 -- TRAF1 -- MAPK14 -- RHOA -- RAC1 -- MAP2K7 -- MAP3K1 -- IGF1 -- TRADD -- TNFRSF10B -- ATM -- MDM2 -- CHUK -- RPS6KA5 -- PPP1R13L -- MAPK9 -- LYN -- IRF1 -- EIF4G2 -- CYCS -- HIP1 -- CDK4 -- OTUD7B -- RNF11 -- CASP10 -- PSEN1 -- SOD1 -- RPA4 -- SMPD1 -- TNIK -- PELP1 -- BAX -- BID -- FOXM1 -- PCNA -- PLAC8 -- DIABLO
557,NFKB1 -- STAT1 -- FASLG -- RB1 -- TNFAIP3 -- CFLAR -- TRAF1 -- MAPK14 -- IL2 -- RAC1 -- MAP2K7 -- MAP3K1 -- MAP3K14 -- MAPK1 -- TNFRSF10B -- AKT1 -- MDM2 -- CHUK -- RPS6KA5 -- PPP1R13L -- MAPK9 -- LYN -- HIP1 -- CDK4 -- OTUD7B -- RNF11 -- PARP1 -- PSEN1 -- SOD1 -- RPA4 -- PELP1 -- EIF4E -- BID -- FOXM1 -- MCL1 -- CTBP1 -- PCNA -- PLAC8 -- DIABLO -- APAF1
558,TNFRSF1A -- TNFRSF1B -- NFKB1 -- MAPK8 -- STAT1 -- JUN -- FOS -- SIRT1 -- TNFAIP3 -- TRAF1 -- MAPK14 -- RHOA -- RAC1 -- MAP2K7 -- MAP3K1 -- VEGFA -- MAP3K14 -- TRADD -- TNFRSF10B -- ATM -- CASP2 -- MDM2 -- CHUK -- RPS6KA5 -- PPP1R13L -- MAPK9 -- IRF1 -- EIF4G2 -- HTRA2 -- MYB -- HIP1 -- RNF11 -- CASP10 -- PSEN1 -- SOD1 -- RPA4 -- CASP7 -- SMPD1 -- TNIK -- HTT -- BRCA1 -- CDKN2A -- PELP1 -- BAK1 -- BID -- FOXM1 -- MCL1 -- CTBP1 -- PCNA -- TAF1 -- PLAC8 -- CASP9 -- DIABLO -- APAF1
559,TNFRSF1A -- TNFRSF1B -- NFKB1 -- MAPK8 -- SIRT1 -- RB1 -- TNFAIP3 -- CCND1 -- TRAF1 -- MAPK14 -- RHOA -- RAC1 -- MAP2K7 -- MAP3K1 -- IGF1 -- MAP3K14 -- TRADD -- TNFRSF10B -- ATM -- CASP2 -- MDM2 -- CHUK -- RPS6KA5 -- PPP1R13L -- MAPK9 -- LYN -- IRF1 -- EIF4G2 -- HTRA2 -- HIP1 -- CDK4 -- OTUD7B -- RNF11 -- CASP10 -- PSEN1 -- SOD1 -- RPA4 -- SMPD1 -- TNIK -- HTT -- PELP1 -- BAX -- EIF4E -- BID -- FOXM1 -- PCNA -- TAF1 -- DIABLO
560,STAT1 -- BIRC3 -- MAPK14 -- RAC1 -- MAP2K7 -- MAP3K1 -- VEGFA -- RET -- MAPK1 -- AKT1 -- ATM -- E2F1 -- CHUK -- RPS6KA5 -- PPP1R13L -- MAPK9 -- LYN -- IRF1 -- EIF4G2 -- HTRA2 -- HIP1 -- OTUD7B -- RNF11 -- PARP1 -- PSEN1 -- SOD1 -- HNRNPK -- SMPD1 -- CDKN2A -- BAK1 -- BID -- MCL1 -- RBL1 -- PCNA -- TAF1 -- PLAC8 -- DIABLO -- RASSF1
561,STAT1 -- BIRC2 -- SIRT1 -- MAPK14 -- TGFB2 -- RAC1 -- MAP2K7 -- MAP3K1 -- IGF1 -- VEGFA -- RET -- MAPK1 -- AKT1 -- ATM -- CHUK -- RPS6KA5 -- PPP1R13L -- MAPK9 -- LYN -- IRF1 -- CYCS -- HIP1 -- CDK4 -- OTUD7B -- PARP1 -- PSEN1 -- HNRNPK -- RPA4 -- PELP1 -- BAK1 -- EIF4E -- BID -- FOXM1 -- MCL1 -- CTBP1 -- PCNA -- TAF1 -- PLAC8 -- DIABLO -- RASSF1
562,TNFRSF1A -- TNFRSF1B -- MAPK8 -- STAT1 -- JUN -- FOS -- BIRC2 -- BIRC3 -- SIRT1 -- TNFAIP3 -- TRAF1 -- MAPK14 -- RHOA -- NR3C1 -- RAC1 -- MAP2K7 -- MAP3K1 -- VEGFA -- MAP3K14 -- RET -- TRADD -- ATM -- CASP2 -- CHUK -- RPS6KA5 -- PPP1R13L -- MAPK9 -- IRF1 -- EIF4G2 -- MYB -- HIP1 -- RNF11 -- PSEN1 -- SOD1 -- HNRNPK -- CASP7 -- SMPD1 -- TNIK -- HTT -- BRCA1 -- CDKN2A -- BID -- MCL1 -- PCNA -- PLAC8 -- DIABLO -- RASSF1
563,TNFRSF1A -- TNFRSF1B -- NFKB1 -- MAPK8 -- SIRT1 -- RB1 -- TNFAIP3 -- CCND1 -- TRAF1 -- MAPK14 -- RHOA -- RAC1 -- MAP2K7 -- MAP3K1 -- IGF1 -- MAP3K14 -- TRADD -- TNFRSF10B -- ATM -- CASP2 -- MDM2 -- CHUK -- RPS6KA5 -- PPP1R13L -- MAPK9 -- LYN -- IRF1 -- EIF4G2 -- HTRA2 -- HIP1 -- CDK4 -- OTUD7B -- RNF11 -- CASP10 -- PSEN1 -- SOD1 -- RPA4 -- SMPD1 -- TNIK -- PELP1 -- BAX -- BAK1 -- BID -- FOXM1 -- PCNA -- PLAC8 -- DIABLO -- APAF1
564,TNFRSF1A -- TNFRSF1B -- MAPK8 -- STAT1 -- JUN -- FOS -- BIRC2 -- BIRC3 -- SIRT1 -- TNFAIP3 -- TRAF1 -- MAPK14 -- RHOA -- NR3C1 -- TGFB2 -- RAC1 -- MAP2K7 -- MAP3K1 -- VEGFA -- RET -- TRADD -- ATM -- CHUK -- RPS6KA5 -- PPP1R13L -- MAPK9 -- LYN -- IRF1 -- EIF4G2 -- MYB -- CYCS -- HIP1 -- RNF11 -- PSEN1 -- SOD1 -- HNRNPK -- SMPD1 -- TNIK -- BRCA1 -- CDKN2A -- BID -- MCL1 -- PCNA -- TAF1 -- PLAC8 -- DIABLO -- RASSF1
565,TNFRSF1A -- TNFRSF1B -- MAPK8 -- STAT1 -- SIRT1 -- MYC -- TNFAIP3 -- MAPK14 -- PTMA -- RHOA -- RAC1 -- MAP2K7 -- MAP3K1 -- VEGFA -- TRADD -- TNFRSF10B -- CASP2 -- MDM2 -- CHUK -- PPP1R13L -- MAPK9 -- LYN -- IRF1 -- EIF4G2 -- HTRA2 -- CYCS -- CDK4 -- OTUD7B -- RNF11 -- CASP10 -- PSEN1 -- SOD1 -- HNRNPK -- RPA4 -- SMPD1 -- TNIK -- PELP1 -- BAK1 -- BID -- FOXM1 -- MCL1 -- PCNA -- TAF1 -- DIABLO -- APAF1 -- RANGAP1
566,STAT1 -- BIRC3 -- SIRT1 -- CCND1 -- MAPK14 -- PTMA -- RHOA -- RAC1 -- MAP2K7 -- MAP3K1 -- IGF1 -- VEGFA -- RET -- MAPK1 -- E2F1 -- CHUK -- RPS6KA5 -- PPP1R13L -- MAPK9 -- LYN -- IRF1 -- HTRA2 -- MYB -- HIP1 -- CDK4 -- OTUD7B -- RNF11 -- PARP1 -- PSEN1 -- SOD1 -- RPA4 -- SMPD1 -- BBC3 -- PELP1 -- BAX -- BAK1 -- EIF4E -- BID -- FOXM1 -- CTBP1 -- PCNA -- TAF1 -- PLAC8 -- DIABLO
567,TNFRSF1A -- TNFRSF1B -- MAPK8 -- STAT1 -- BIRC2 -- BIRC3 -- SIRT1 -- MYC -- TNFAIP3 -- CCND1 -- MAPK14 -- PTMA -- RHOA -- RAC1 -- MAP2K7 -- MAP3K1 -- IGF1 -- VEGFA -- TRADD -- ATM -- MDM2 -- CHUK -- PPP1R13L -- MAPK9 -- LYN -- IRF1 -- CYCS -- CDK4 -- OTUD7B -- RNF11 -- PSEN1 -- BAD -- SOD1 -- RPA4 -- SMPD1 -- TNIK -- PELP1 -- EIF4E -- BID -- FOXM1 -- MCL1 -- PCNA -- TAF1 -- DIABLO -- RANGAP1
568,TNFRSF1A -- TNFRSF1B -- NFKB1 -- MAPK8 -- SIRT1 -- RB1 -- TNFAIP3 -- CCND1 -- TRAF1 -- MAPK14 -- RHOA -- RAC1 -- MAP2K7 -- MAP3K1 -- IGF1 -- MAP3K14 -- TRADD -- TNFRSF10B -- ATM -- CASP2 -- MDM2 -- CHUK -- RPS6KA5 -- PPP1R13L -- MAPK9 -- LYN -- IRF1 -- EIF4G2 -- HTRA2 -- HIP1 -- CDK4 -- OTUD7B -- RNF11 -- CASP10 -- PSEN1 -- SOD1 -- RPA4 -- SMPD1 -- TNIK -- HTT -- PELP1 -- BAX -- BAK1 -- BID -- FOXM1 -- PCNA -- PLAC8 -- CASP9 -- DIABLO -- APAF1
569,TNFRSF1A -- TNFRSF1B -- MAPK8 -- STAT1 -- BIRC2 -- BIRC3 -- SIRT1 -- TNFAIP3 -- TRAF1 -- MAPK14 -- RHOA -- RAC1 -- MAP2K7 -- MAP3K1 -- VEGFA -- TRADD -- ATM -- MDM2 -- CHUK -- RPS6KA5 -- PPP1R13L -- MAPK9 -- LYN -- IRF1 -- EIF4G2 -- MYB -- CYCS -- HIP1 -- CDK4 -- OTUD7B -- RNF11 -- PSEN1 -- SOD1 -- RPA4 -- SMPD1 -- TNIK -- PELP1 -- BID -- FOXM1 -- MCL1 -- CTBP1 -- PCNA -- TAF1 -- PLAC8 -- DIABLO
570,TNFRSF1A -- TNFRSF1B -- MAPK8 -- STAT1 -- FOS -- BIRC2 -- BIRC3 -- SIRT1 -- TNFAIP3 -- TRAF1 -- MAPK14 -- RHOA -- NR3C1 -- TGFB2 -- RAC1 -- MAP2K7 -- MAP3K1 -- VEGFA -- RET -- TRADD -- CHUK -- RPS6KA5 -- PPP1R13L -- MAPK9 -- LYN -- IRF1 -- MYB -- CYCS -- HIP1 -- CDK4 -- RNF11 -- PSEN1 -- SOD1 -- HNRNPK -- RPA4 -- SMPD1 -- TNIK -- BRCA1 -- PELP1 -- EIF4E -- BID -- MCL1 -- PCNA -- TAF1 -- PLAC8 -- DIABLO -- RASSF1
571,TNFRSF1A -- TNFRSF1B -- NFKB1 -- MAPK8 -- JUN -- FOS -- SIRT1 -- RB1 -- TNFAIP3 -- CCND1 -- TRAF1 -- MAPK14 -- RHOA -- RAC1 -- MAP2K7 -- MAP3K1 -- MAP3K14 -- TRADD -- TNFRSF10B -- ATM -- CASP2 -- MDM2 -- CHUK -- RPS6KA5 -- PPP1R13L -- MAPK9 -- IRF1 -- EIF4G2 -- HTRA2 -- MYB -- HIP1 -- CDK4 -- OTUD7B -- RNF11 -- CASP10 -- PSEN1 -- SOD1 -- RPA4 -- SMPD1 -- TNIK -- HTT -- CDKN2A -- PELP1 -- BAX -- BAK1 -- BID -- FOXM1 -- PCNA -- PLAC8 -- CASP9 -- DIABLO -- APAF1
572,TNFRSF1A -- TNFRSF1B -- MAPK8 -- BIRC2 -- SIRT1 -- MYC -- TNFAIP3 -- CCND1 -- MAPK14 -- PTMA -- RHOA -- RAC1 -- MAP2K7 -- MAP3K1 -- IGF1 -- RET -- TRADD -- MDM2 -- CHUK -- PPP1R13L -- MAPK9 -- LYN -- IRF1 -- CYCS -- CDK4 -- RNF11 -- PSEN1 -- BAD -- SOD1 -- RPA4 -- SMPD1 -- TNIK -- PELP1 -- BAX -- EIF4E -- BID -- FOXM1 -- PCNA -- TAF1 -- DIABLO -- RANGAP1
573,TNFRSF1A -- TNFRSF1B -- NFKB1 -- MAPK8 -- SIRT1 -- RB1 -- TNFAIP3 -- CCND1 -- TRAF1 -- MAPK14 -- RHOA -- RAC1 -- MAP2K7 -- MAP3K1 -- IGF1 -- MAP3K14 -- TRADD -- TNFRSF10B -- MDM2 -- CHUK -- RPS6KA5 -- PPP1R13L -- MAPK9 -- IRF1 -- EIF4G2 -- HTRA2 -- HIP1 -- CDK4 -- OTUD7B -- RNF11 -- CASP10 -- PSEN1 -- SOD1 -- RPA4 -- SMPD1 -- TNIK -- PELP1 -- BAX -- BAK1 -- BID -- FOXM1 -- PCNA -- PLAC8 -- CASP9 -- DIABLO -- APAF1
574,STAT1 -- BIRC2 -- SIRT1 -- MAPK14 -- RAC1 -- MAP2K7 -- MAP3K1 -- IGF1 -- VEGFA -- RET -- MAPK1 -- AKT1 -- E2F1 -- CHUK -- RPS6KA5 -- PPP1R13L -- MAPK9 -- LYN -- IRF1 -- HTRA2 -- MYB -- HIP1 -- CDK4 -- OTUD7B -- PARP1 -- PSEN1 -- RPA4 -- BBC3 -- PELP1 -- BAK1 -- EIF4E -- BID -- FOXM1 -- CTBP1 -- RBL1 -- PCNA -- TAF1 -- PLAC8 -- DIABLO
575,TNFRSF1A -- TNFRSF1B -- NFKB1 -- MAPK8 -- FOS -- SIRT1 -- RB1 -- TNFAIP3 -- CCND1 -- TRAF1 -- MAPK14 -- RHOA -- RAC1 -- MAP2K7 -- MAP3K1 -- IGF1 -- MAP3K14 -- TRADD -- TNFRSF10B -- ATM -- CASP2 -- MDM2 -- CHUK -- RPS6KA5 -- PPP1R13L -- MAPK9 -- IRF1 -- EIF4G2 -- HTRA2 -- HIP1 -- CDK4 -- OTUD7B -- RNF11 -- CASP10 -- PSEN1 -- SOD1 -- RPA4 -- SMPD1 -- TNIK -- HTT -- PELP1 -- BAX -- BAK1 -- BID -- FOXM1 -- PCNA -- PLAC8 -- CASP9 -- DIABLO -- APAF1
576,NFKB1 -- STAT1 -- BIRC2 -- MYC -- RB1 -- TNFAIP3 -- MAPK14 -- PTMA -- RHOA -- RAC1 -- MAP2K7 -- MAP3K1 -- IGF1 -- TRADD -- MAPK1 -- TNFRSF10B -- ATM -- MDM2 -- CHUK -- PPP1R13L -- MAPK9 -- LYN -- EIF4G2 -- CYCS -- CDK4 -- OTUD7B -- RNF11 -- CASP10 -- PARP1 -- PSEN1 -- RPA4 -- SMPD1 -- TNIK -- PELP1 -- BID -- FOXM1 -- MCL1 -- CTBP1 -- PCNA -- TAF1 -- DIABLO -- RANGAP1
577,TNFRSF1A -- TNFRSF1B -- TP53 -- NFKB1 -- STAT1 -- BIRC2 -- TNFAIP3 -- TRAF1 -- MAPK14 -- RHOA -- TGFB2 -- MAP2K7 -- MAP3K1 -- VEGFA -- RET -- TRADD -- TNFRSF10B -- ATM -- NFKB2 -- E2F1 -- CHUK -- RPS6KA5 -- PPP1R13L -- MAPK9 -- LYN -- IRF1 -- EIF4G2 -- CYCS -- HIP1 -- CDK4 -- OTUD7B -- RNF11 -- CASP10 -- PSEN1 -- SOD1 -- SMPD1 -- TNIK -- HTT -- BBC3 -- PELP1 -- BID -- FOXM1 -- MCL1 -- CTBP1 -- RBL1 -- PCNA -- TAF1 -- PLAC8 -- CCNG1 -- DIABLO
578,TNFRSF1A -- TNFRSF1B -- NFKB1 -- MAPK8 -- JUN -- SIRT1 -- RB1 -- TNFAIP3 -- CCND1 -- TRAF1 -- MAPK14 -- RHOA -- RAC1 -- MAP2K7 -- MAP3K1 -- IGF1 -- MAP3K14 -- TRADD -- TNFRSF10B -- CASP2 -- MDM2 -- CHUK -- RPS6KA5 -- PPP1R13L -- MAPK9 -- IRF1 -- EIF4G2 -- HTRA2 -- HIP1 -- CDK4 -- OTUD7B -- RNF11 -- CASP10 -- PSEN1 -- SOD1 -- RPA4 -- SMPD1 -- TNIK -- HTT -- PELP1 -- BAX -- BAK1 -- BID -- FOXM1 -- PCNA -- PLAC8 -- CASP9 -- DIABLO -- APAF1
579,MAPK8 -- STAT1 -- BIRC2 -- BIRC3 -- TRAF1 -- MAPK14 -- NR3C1 -- RAC1 -- MAP2K7 -- MAP3K1 -- IGF1 -- VEGFA -- RET -- TRADD -- AKT1 -- CHUK -- RPS6KA5 -- PPP1R13L -- MAPK9 -- LYN -- IRF1 -- CYCS -- HIP1 -- CDK4 -- OTUD7B -- PSEN1 -- HNRNPK -- RPA4 -- SMPD1 -- TNIK -- PELP1 -- BID -- MCL1 -- PCNA -- TAF1 -- PLAC8 -- DIABLO
580,STAT1 -- BIRC2 -- SIRT1 -- MAPK14 -- RAC1 -- MAP2K7 -- MAP3K1 -- VEGFA -- RET -- MAPK1 -- AKT1 -- E2F1 -- CHUK -- RPS6KA5 -- PPP1R13L -- MAPK9 -- LYN -- IRF1 -- HTRA2 -- MYB -- HIP1 -- CDK4 -- OTUD7B -- PARP1 -- PSEN1 -- SOD1 -- RPA4 -- BBC3 -- PELP1 -- BAK1 -- EIF4E -- BID -- FOXM1 -- CTBP1 -- RBL1 -- PCNA -- TAF1 -- PLAC8 -- DIABLO
581,TNFRSF1A -- TNFRSF1B -- MAPK8 -- STAT1 -- BIRC2 -- SIRT1 -- MYC -- TNFAIP3 -- MAPK14 -- PTMA -- RHOA -- RAC1 -- MAP2K7 -- MAP3K1 -- VEGFA -- RET -- TRADD -- ATM -- CHUK -- PPP1R13L -- MAPK9 -- LYN -- IRF1 -- CYCS -- RNF11 -- PSEN1 -- BAD -- SOD1 -- HNRNPK -- SMPD1 -- TNIK -- BRCA1 -- EIF4E -- BID -- MCL1 -- PCNA -- TAF1 -- DIABLO -- RASSF1 -- RANGAP1
582,TNFRSF1A -- TNFRSF1B -- NFKB1 -- MAPK8 -- BIRC2 -- BIRC3 -- SIRT1 -- MYC -- TNFAIP3 -- CCND1 -- MAPK14 -- PTMA -- RHOA -- TGFB2 -- RAC1 -- MAP2K7 -- MAP3K1 -- IGF1 -- VEGFA -- TRADD -- TNFRSF10B -- ATM -- MDM2 -- CHUK -- PPP1R13L -- MAPK9 -- LYN -- IRF1 -- CYCS -- CDK4 -- OTUD7B -- RNF11 -- PSEN1 -- BAD -- SOD1 -- RPA4 -- SMPD1 -- TNIK -- PELP1 -- EIF4E -- BID -- FOXM1 -- MCL1 -- PCNA -- TAF1 -- DIABLO -- RANGAP1
583,STAT1 -- SIRT1 -- TRAF1 -- MAPK14 -- RAC1 -- MAP2K7 -- MAP3K1 -- VEGFA -- MAP3K14 -- RET -- MAPK1 -- ATM -- E2F1 -- CHUK -- RPS6KA5 -- PPP1R13L -- MAPK9 -- LYN -- IRF1 -- HTRA2 -- CYCS -- HIP1 -- CDK4 -- OTUD7B -- RNF11 -- PARP1 -- PSEN1 -- SOD1 -- HNRNPK -- RPA4 -- PSIP1 -- PELP1 -- BAK1 -- EIF4E -- BID -- FOXM1 -- CTBP1 -- RBL1 -- PCNA -- TAF1 -- PLAC8 -- DIABLO -- APAF1
584,TP53 -- STAT1 -- BIRC2 -- TRAF1 -- MAPK14 -- IL2 -- MAP2K7 -- MAP3K1 -- VEGFA -- RET -- MAPK1 -- AKT1 -- ATM -- NFKB2 -- CHUK -- RPS6KA5 -- PPP1R13L -- MAPK9 -- LYN -- IRF1 -- CYCS -- HIP1 -- OTUD7B -- RNF11 -- PARP1 -- PSEN1 -- HNRNPK -- TNIK -- RBL2 -- HTT -- CDKN2A -- EIF4E -- BID -- MCL1 -- PCNA -- PLAC8 -- DIABLO -- APAF1 -- RASSF1
585,TNFRSF1A -- TNFRSF1B -- MAPK8 -- STAT1 -- BIRC2 -- SIRT1 -- MYC -- TNFAIP3 -- MAPK14 -- PTMA -- RHOA -- RAC1 -- MAP2K7 -- MAP3K1 -- VEGFA -- RET -- TRADD -- ATM -- CHUK -- PPP1R13L -- MAPK9 -- LYN -- IRF1 -- CYCS -- CDK4 -- RNF11 -- PSEN1 -- SOD1 -- HNRNPK -- RPA4 -- SMPD1 -- TNIK -- PELP1 -- EIF4E -- BID -- MCL1 -- PCNA -- TAF1 -- DIABLO -- RASSF1 -- RANGAP1
586,TNFRSF1A -- TNFRSF1B -- MAPK8 -- STAT1 -- BIRC2 -- SIRT1 -- MYC -- TNFAIP3 -- TRAF1 -- MAPK14 -- PTMA -- RHOA -- RAC1 -- MAP2K7 -- MAP3K1 -- VEGFA -- RET -- TRADD -- ATM -- CHUK -- RPS6KA5 -- PPP1R13L -- MAPK9 -- LYN -- IRF1 -- CYCS -- HIP1 -- RNF11 -- PSEN1 -- SOD1 -- HNRNPK -- SMPD1 -- TNIK -- BRCA1 -- CDKN2A -- EIF4E -- BID -- MCL1 -- PCNA -- TAF1 -- PLAC8 -- DIABLO -- RASSF1 -- RANGAP1
587,STAT1 -- BIRC2 -- MAPK14 -- RAC1 -- MAP2K7 -- MAP3K1 -- RET -- MAPK1 -- AKT1 -- ATM -- E2F1 -- CHUK -- RPS6KA5 -- PPP1R13L -- MAPK9 -- LYN -- EIF4G2 -- CYCS -- CDK4 -- OTUD7B -- CASP10 -- PARP1 -- PSEN1 -- HNRNPK -- RPA4 -- SMPD1 -- TNIK -- HTT -- BBC3 -- PELP1 -- BID -- FOXM1 -- MCL1 -- CTBP1 -- RBL1 -- PCNA -- TAF1 -- PLAC8 -- DIABLO -- RANGAP1
588,TNFRSF1A -- TNFRSF1B -- NFKB1 -- MAPK8 -- SIRT1 -- RB1 -- TNFAIP3 -- CCND1 -- TRAF1 -- MAPK14 -- RHOA -- RAC1 -- MAP2K7 -- MAP3K1 -- IGF1 -- MAP3K14 -- TRADD -- TNFRSF10B -- ATM -- CASP2 -- MDM2 -- CHUK -- RPS6KA5 -- PPP1R13L -- MAPK9 -- LYN -- IRF1 -- EIF4G2 -- HTRA2 -- HIP1 -- CDK4 -- OTUD7B -- RNF11 -- CASP10 -- PSEN1 -- SOD1 -- RPA4 -- SMPD1 -- TNIK -- HTT -- PELP1 -- BAX -- BAK1 -- BID -- FOXM1 -- PCNA -- PLAC8 -- CASP9 -- DIABLO -- APAF1
589,STAT1 -- JUN -- FOS -- BIRC2 -- BIRC3 -- MAPK14 -- TGFB2 -- RAC1 -- MAP2K7 -- MAP3K1 -- VEGFA -- MAP3K14 -- RET -- MAPK1 -- AKT1 -- ATM -- E2F1 -- CHUK -- RPS6KA5 -- PPP1R13L -- MAPK9 -- IRF1 -- EIF4G2 -- MYB -- CYCS -- HIP1 -- OTUD7B -- CASP10 -- PARP1 -- PSEN1 -- SMPD1 -- BRCA1 -- CDKN2A -- BBC3 -- BID -- PCNA -- TAF1 -- PLAC8 -- DIABLO -- RASSF1
590,TNFRSF1A -- TNFRSF1B -- MAPK8 -- SIRT1 -- RB1 -- TNFAIP3 -- CCND1 -- TRAF1 -- MAPK14 -- PTMA -- RHOA -- TGFB2 -- RAC1 -- MAP2K7 -- MAP3K1 -- MAP3K14 -- TRADD -- TNFRSF10B -- ATM -- CASP2 -- MDM2 -- CHUK -- RPS6KA5 -- PPP1R13L -- MAPK9 -- LYN -- IRF1 -- EIF4G2 -- HTRA2 -- HIP1 -- CDK4 -- OTUD7B -- RNF11 -- CASP10 -- PSEN1 -- SOD1 -- RPA4 -- SMPD1 -- TNIK -- HTT -- PELP1 -- BAX -- BAK1 -- BID -- FOXM1 -- PCNA -- PLAC8 -- DIABLO -- APAF1
591,STAT1 -- FASLG -- TNFAIP3 -- CFLAR -- MAPK14 -- RAC1 -- MAP2K7 -- MAP3K1 -- IGF1 -- VEGFA -- MAPK1 -- TNFRSF10B -- MDM2 -- CHUK -- RPS6KA5 -- PPP1R13L -- MAPK9 -- LYN -- IRF1 -- EIF4G2 -- HIP1 -- CDK4 -- OTUD7B -- RNF11 -- PSEN1 -- SOD1 -- RPA4 -- CASP7 -- SMPD1 -- PELP1 -- EIF4E -- BID -- FOXM1 -- MCL1 -- CTBP1 -- PCNA -- TAF1 -- PLAC8 -- APAF1 -- RANGAP1
592,TNFRSF1A -- MAPK8 -- STAT1 -- JUN -- FOS -- BIRC2 -- BIRC3 -- SIRT1 -- TNFAIP3 -- TRAF1 -- MAPK14 -- TGFB2 -- RAC1 -- MAP2K7 -- MAP3K1 -- IGF1 -- VEGFA -- MAP3K14 -- RET -- TRADD -- TNFRSF10B -- AKT1 -- CASP2 -- CHUK -- RPS6KA5 -- PPP1R13L -- MAPK9 -- IRF1 -- EIF4G2 -- MYB -- CYCS -- HIP1 -- CDK4 -- OTUD7B -- RNF11 -- CASP10 -- PSEN1 -- RPA4 -- SMPD1 -- TNIK -- HTT -- CDKN2A -- PELP1 -- BAK1 -- BID -- FOXM1 -- RBL1 -- PCNA -- TAF1 -- PLAC8 -- CASP9 -- DIABLO -- APAF1
593,TNFRSF1A -- TNFRSF1B -- MAPK8 -- STAT1 -- FOS -- BIRC2 -- BIRC3 -- SIRT1 -- TNFAIP3 -- TRAF1 -- MAPK14 -- RHOA -- NR3C1 -- TGFB2 -- RAC1 -- MAP2K7 -- MAP3K1 -- VEGFA -- RET -- TRADD -- ATM -- CHUK -- RPS6KA5 -- PPP1R13L -- MAPK9 -- LYN -- IRF1 -- MYB -- CYCS -- HIP1 -- RNF11 -- PSEN1 -- SOD1 -- HNRNPK -- SMPD1 -- TNIK -- BRCA1 -- CDKN2A -- EIF4E -- BID -- MCL1 -- PCNA -- TAF1 -- PLAC8 -- DIABLO -- RASSF1
594,NFKB1 -- STAT1 -- SIRT1 -- RB1 -- TNFAIP3 -- CFLAR -- MAPK14 -- RHOA -- RAC1 -- MAP2K7 -- MAP3K1 -- VEGFA -- MAP3K14 -- MAPK1 -- MDM2 -- CHUK -- RPS6KA5 -- PPP1R13L -- MAPK9 -- LYN -- IRF1 -- EIF4G2 -- CYCS -- HIP1 -- CDK4 -- OTUD7B -- RNF11 -- CASP10 -- PARP1 -- PSEN1 -- SOD1 -- RPA4 -- PELP1 -- BID -- FOXM1 -- MCL1 -- CTBP1 -- TAF1 -- PLAC8 -- DIABLO -- APAF1
595,TNFRSF1A -- TNFRSF1B -- MAPK8 -- STAT1 -- JUN -- FOS -- BIRC2 -- BIRC3 -- SIRT1 -- TNFAIP3 -- TRAF1 -- MAPK14 -- RHOA -- NR3C1 -- TGFB2 -- RAC1 -- MAP2K7 -- MAP3K1 -- VEGFA -- RET -- TRADD -- ATM -- CHUK -- RPS6KA5 -- PPP1R13L -- MAPK9 -- IRF1 -- MYB -- CYCS -- HIP1 -- RNF11 -- PSEN1 -- SOD1 -- HNRNPK -- SMPD1 -- TNIK -- HTT -- BRCA1 -- CDKN2A -- BID -- MCL1 -- PCNA -- PLAC8 -- DIABLO -- RASSF1
596,STAT1 -- JUN -- FOS -- SIRT1 -- TRAF1 -- MAPK14 -- TGFB2 -- RAC1 -- MAP2K7 -- MAP3K1 -- VEGFA -- MAP3K14 -- RET -- MAPK1 -- ATM -- MDM2 -- CHUK -- RPS6KA5 -- PPP1R13L -- MAPK9 -- IRF1 -- EIF4G2 -- HTRA2 -- MYB -- HIP1 -- CDK4 -- OTUD7B -- RNF11 -- PSEN1 -- SOD1 -- RPA4 -- BCL2L1 -- CASP7 -- SMPD1 -- PELP1 -- BID -- FOXM1 -- MCL1 -- CTBP1 -- PCNA -- TAF1 -- PLAC8 -- DIABLO -- APAF1
597,TP53 -- STAT1 -- BIRC2 -- MAPK14 -- RHOA -- RAC1 -- MAP2K7 -- MAP3K1 -- VEGFA -- RET -- MAPK1 -- ATM -- CHUK -- RPS6KA5 -- PPP1R13L -- MAPK9 -- LYN -- IRF1 -- CYCS -- HIP1 -- OTUD7B -- RNF11 -- PARP1 -- PSEN1 -- SOD1 -- HNRNPK -- SMPD1 -- CDKN2A -- BID -- MCL1 -- PCNA -- TAF1 -- PLAC8 -- DIABLO -- RASSF1
598,TNFRSF1A -- TNFRSF1B -- NFKB1 -- MAPK8 -- JUN -- FOS -- SIRT1 -- RB1 -- TNFAIP3 -- CCND1 -- TRAF1 -- MAPK14 -- RHOA -- RAC1 -- MAP2K7 -- MAP3K1 -- IGF1 -- MAP3K14 -- TRADD -- TNFRSF10B -- ATM -- CASP2 -- MDM2 -- CHUK -- RPS6KA5 -- PPP1R13L -- MAPK9 -- IRF1 -- EIF4G2 -- HTRA2 -- MYB -- HIP1 -- CDK4 -- OTUD7B -- RNF11 -- CASP10 -- PSEN1 -- SOD1 -- RPA4 -- SMPD1 -- TNIK -- HTT -- CDKN2A -- PELP1 -- BAX -- BAK1 -- BID -- FOXM1 -- PCNA -- PLAC8 -- CASP9 -- DIABLO -- APAF1
599,TNFRSF1A -- TNFRSF1B -- NFKB1 -- MAPK8 -- FOS -- SIRT1 -- RB1 -- TNFAIP3 -- CCND1 -- TRAF1 -- MAPK14 -- RHOA -- RAC1 -- MAP2K7 -- MAP3K1 -- IGF1 -- MAP3K14 -- TRADD -- TNFRSF10B -- ATM -- CASP2 -- MDM2 -- CHUK -- RPS6KA5 -- PPP1R13L -- MAPK9 -- IRF1 -- EIF4G2 -- HTRA2 -- HIP1 -- CDK4 -- OTUD7B -- RNF11 -- CASP10 -- PSEN1 -- SOD1 -- RPA4 -- SMPD1 -- TNIK -- HTT -- PELP1 -- BAX -- BAK1 -- BID -- FOXM1 -- PCNA -- PLAC8 -- CASP9 -- DIABLO -- APAF1
600,TNFRSF1A -- TNFRSF1B -- MAPK8 -- JUN -- FOS -- SIRT1 -- RB1 -- TNFAIP3 -- CCND1 -- TRAF1 -- MAPK14 -- RHOA -- RAC1 -- MAP2K7 -- MAP3K1 -- MAP3K14 -- TRADD -- CASP2 -- CHUK -- RPS6KA5 -- PPP1R13L -- MAPK9 -- IRF1 -- EIF4G2 -- HTRA2 -- HIP1 -- CDK4 -- OTUD7B -- RNF11 -- PSEN1 -- SOD1 -- RPA4 -- SMPD1 -- TNIK -- HTT -- CDKN2A -- PELP1 -- BAX -- BAK1 -- BID -- FOXM1 -- PCNA -- PLAC8 -- CASP9 -- DIABLO -- APAF1
601,NFKB1 -- STAT1 -- BIRC2 -- BIRC3 -- TNFAIP3 -- TRAF1 -- MAPK14 -- RHOA -- IL2 -- RAC1 -- MAP2K7 -- MAP3K1 -- VEGFA -- MAPK1 -- TNFRSF10B -- AKT1 -- ATM -- MDM2 -- CHUK -- RPS6KA5 -- PPP1R13L -- MAPK9 -- LYN -- IRF1 -- CYCS -- HIP1 -- CDK4 -- OTUD7B -- PARP1 -- PSEN1 -- RPA4 -- PELP1 -- EIF4E -- BID -- FOXM1 -- MCL1 -- CTBP1 -- PCNA -- PLAC8 -- DIABLO
602,TNFRSF1A -- TNFRSF1B -- MAPK8 -- STAT1 -- FOS -- SIRT1 -- TNFAIP3 -- TRAF1 -- MAPK14 -- RHOA -- NR3C1 -- RAC1 -- MAP2K7 -- MAP3K1 -- VEGFA -- MAP3K14 -- RET -- TRADD -- ATM -- CASP2 -- CHUK -- RPS6KA5 -- PPP1R13L -- MAPK9 -- IRF1 -- EIF4G2 -- HTRA2 -- HIP1 -- RNF11 -- PSEN1 -- SOD1 -- HNRNPK -- SMPD1 -- TNIK -- HTT -- BRCA1 -- CDKN2A -- BID -- MCL1 -- PCNA -- PLAC8 -- CASP9 -- DIABLO -- APAF1 -- RASSF1
603,TNFRSF1A -- TNFRSF1B -- NFKB1 -- MAPK8 -- STAT1 -- BIRC2 -- BIRC3 -- SIRT1 -- TNFAIP3 -- TRAF1 -- MAPK14 -- RHOA -- TGFB2 -- RAC1 -- MAP2K7 -- MAP3K1 -- VEGFA -- TRADD -- TNFRSF10B -- ATM -- MDM2 -- CHUK -- RPS6KA5 -- PPP1R13L -- MAPK9 -- LYN -- IRF1 -- CYCS -- HIP1 -- CDK4 -- OTUD7B -- RNF11 -- CASP10 -- PSEN1 -- SOD1 -- RPA4 -- SMPD1 -- TNIK -- PELP1 -- EIF4E -- BID -- FOXM1 -- MCL1 -- PCNA -- TAF1 -- PLAC8 -- DIABLO
604,TNFRSF1A -- TNFRSF1B -- MAPK8 -- STAT1 -- BIRC2 -- SIRT1 -- MYC -- TNFAIP3 -- CCND1 -- MAPK14 -- PTMA -- RHOA -- TGFB2 -- RAC1 -- MAP2K7 -- MAP3K1 -- IGF1 -- VEGFA -- TRADD -- ATM -- MDM2 -- CHUK -- PPP1R13L -- MAPK9 -- LYN -- IRF1 -- CYCS -- CDK4 -- OTUD7B -- RNF11 -- PSEN1 -- SOD1 -- RPA4 -- SMPD1 -- TNIK -- PELP1 -- BAX -- BAK1 -- BID -- FOXM1 -- PCNA -- TAF1 -- DIABLO -- RANGAP1
605,STAT1 -- JUN -- SIRT1 -- TRAF1 -- MAPK14 -- RHOA -- TGFB2 -- RAC1 -- MAP2K7 -- MAP3K1 -- VEGFA -- MAP3K14 -- RET -- MAPK1 -- ATM -- CHUK -- RPS6KA5 -- PPP1R13L -- MAPK9 -- LYN -- IRF1 -- HTRA2 -- MYB -- HIP1 -- OTUD7B -- RNF11 -- PARP1 -- PSEN1 -- SOD1 -- HNRNPK -- TNIK -- PSIP1 -- CDKN2A -- BBC3 -- BAX -- BAK1 -- EIF4E -- BID -- PCNA -- TAF1 -- PLAC8 -- DIABLO -- RASSF1
606,TNFRSF1A -- TNFRSF1B -- MAPK8 -- STAT1 -- JUN -- FOS -- BIRC2 -- SIRT1 -- TNFAIP3 -- TRAF1 -- MAPK14 -- RHOA -- NR3C1 -- TGFB2 -- RAC1 -- MAP2K7 -- MAP3K1 -- VEGFA -- RET -- TRADD -- ATM -- CHUK -- RPS6KA5 -- PPP1R13L -- MAPK9 -- IRF1 -- MYB -- CYCS -- HIP1 -- RNF11 -- PSEN1 -- SOD1 -- HNRNPK -- SMPD1 -- TNIK -- BRCA1 -- CDKN2A -- BID -- MCL1 -- PCNA -- PLAC8 -- DIABLO -- RASSF1
607,NFKB1 -- STAT1 -- BIRC2 -- BIRC3 -- MYC -- TNFAIP3 -- MAPK14 -- PTMA -- RHOA -- RAC1 -- MAP2K7 -- MAP3K1 -- VEGFA -- MAPK1 -- MDM2 -- CHUK -- PPP1R13L -- MAPK9 -- LYN -- CYCS -- CDK4 -- OTUD7B -- RNF11 -- PARP1 -- PSEN1 -- SOD1 -- RPA4 -- SMPD1 -- EIF4E -- FOXM1 -- MCL1 -- CTBP1 -- TAF1 -- DIABLO -- RANGAP1
608,TNFRSF1A -- TNFRSF1B -- MAPK8 -- STAT1 -- JUN -- SIRT1 -- TNFAIP3 -- TRAF1 -- MAPK14 -- PTMA -- RHOA -- NR3C1 -- TGFB2 -- RAC1 -- MAP2K7 -- MAP3K1 -- VEGFA -- MAP3K14 -- RET -- TRADD -- ATM -- CASP2 -- CHUK -- RPS6KA5 -- PPP1R13L -- MAPK9 -- LYN -- IRF1 -- EIF4G2 -- HTRA2 -- MYB -- RNF11 -- PSEN1 -- SOD1 -- HNRNPK -- CASP7 -- SMPD1 -- TNIK -- HTT -- BRCA1 -- CDKN2A -- BAK1 -- BID -- MCL1 -- PCNA -- PLAC8 -- DIABLO -- APAF1 -- RASSF1
609,TNFRSF1A -- TNFRSF1B -- MAPK8 -- STAT1 -- JUN -- FOS -- SIRT1 -- TNFAIP3 -- TRAF1 -- MAPK14 -- RHOA -- NR3C1 -- TGFB2 -- RAC1 -- MAP2K7 -- MAP3K1 -- VEGFA -- MAP3K14 -- RET -- TRADD -- ATM -- CASP2 -- CHUK -- RPS6KA5 -- PPP1R13L -- MAPK9 -- IRF1 -- EIF4G2 -- HTRA2 -- MYB -- HIP1 -- RNF11 -- CASP10 -- PSEN1 -- SOD1 -- HNRNPK -- CASP7 -- SMPD1 -- TNIK -- HTT -- BRCA1 -- CDKN2A -- BAK1 -- BID -- MCL1 -- PCNA -- TAF1 -- PLAC8 -- CASP9 -- DIABLO -- APAF1 -- RASSF1
610,MAPK8 -- STAT1 -- BIRC2 -- BIRC3 -- SIRT1 -- MYC -- MAPK14 -- RHOA -- RAC1 -- MAP2K7 -- MAP3K1 -- VEGFA -- RET -- ATM -- CHUK -- PPP1R13L -- MAPK9 -- LYN -- IRF1 -- EIF4G2 -- CYCS -- RNF11 -- PSEN1 -- SOD1 -- HNRNPK -- SMPD1 -- TNIK -- PELP1 -- BAX -- BID -- TFDP1 -- MCL1 -- PCNA -- TAF1 -- DIABLO -- RASSF1 -- RANGAP1
611,STAT1 -- BIRC3 -- SIRT1 -- MAPK14 -- RAC1 -- MAP2K7 -- MAP3K1 -- IGF1 -- VEGFA -- MAPK1 -- AKT1 -- E2F1 -- MDM2 -- CHUK -- RPS6KA5 -- PPP1R13L -- MAPK9 -- LYN -- IRF1 -- MYB -- CYCS -- HIP1 -- CDK4 -- OTUD7B -- RNF11 -- PARP1 -- PSEN1 -- RPA4 -- SMPD1 -- BBC3 -- PELP1 -- BAK1 -- EIF4E -- BID -- FOXM1 -- CTBP1 -- RBL1 -- PCNA -- TAF1 -- PLAC8 -- DIABLO
612,TNFRSF1A -- TNFRSF1B -- NFKB1 -- MAPK8 -- JUN -- SIRT1 -- RB1 -- TNFAIP3 -- CCND1 -- TRAF1 -- MAPK14 -- RHOA -- RAC1 -- MAP2K7 -- MAP3K1 -- IGF1 -- MAP3K14 -- TRADD -- TNFRSF10B -- ATM -- CASP2 -- MDM2 -- CHUK -- RPS6KA5 -- PPP1R13L -- MAPK9 -- IRF1 -- EIF4G2 -- HTRA2 -- MYB -- HIP1 -- CDK4 -- OTUD7B -- RNF11 -- CASP10 -- PSEN1 -- SOD1 -- RPA4 -- SMPD1 -- TNIK -- HTT -- PELP1 -- BAX -- BAK1 -- BID -- FOXM1 -- PCNA -- PLAC8 -- CASP9 -- DIABLO -- APAF1
613,TNFRSF1A -- TNFRSF1B -- NFKB1 -- MAPK8 -- SIRT1 -- RB1 -- TNFAIP3 -- CCND1 -- TRAF1 -- MAPK14 -- RHOA -- RAC1 -- MAP2K7 -- MAP3K1 -- IGF1 -- MAP3K14 -- TRADD -- TNFRSF10B -- ATM -- CASP2 -- MDM2 -- CHUK -- RPS6KA5 -- PPP1R13L -- MAPK9 -- LYN -- IRF1 -- EIF4G2 -- HTRA2 -- HIP1 -- CDK4 -- OTUD7B -- RNF11 -- CASP10 -- PSEN1 -- SOD1 -- RPA4 -- SMPD1 -- TNIK -- HTT -- PELP1 -- BAX -- BAK1 -- BID -- FOXM1 -- PCNA -- CASP9 -- DIABLO -- APAF1
614,TNFRSF1A -- TNFRSF1B -- MAPK8 -- STAT1 -- BIRC2 -- SIRT1 -- MYC -- TNFAIP3 -- MAPK14 -- RHOA -- NR3C1 -- RAC1 -- MAP2K7 -- MAP3K1 -- VEGFA -- RET -- TRADD -- AKT1 -- ATM -- MDM2 -- CHUK -- RPS6KA5 -- PPP1R13L -- MAPK9 -- LYN -- IRF1 -- EIF4G2 -- CYCS -- CDK4 -- PSEN1 -- RPA4 -- TNIK -- PELP1 -- BAK1 -- BID -- FOXM1 -- TFDP1 -- PCNA -- TAF1 -- PLAC8 -- DIABLO -- RANGAP1
615,TNFRSF1A -- TNFRSF1B -- MAPK8 -- STAT1 -- FOS -- BIRC2 -- SIRT1 -- MYC -- TNFAIP3 -- MAPK14 -- PTMA -- RHOA -- TGFB2 -- RAC1 -- MAP2K7 -- MAP3K1 -- VEGFA -- RET -- TRADD -- ATM -- CHUK -- RPS6KA5 -- PPP1R13L -- MAPK9 -- LYN -- IRF1 -- CYCS -- HIP1 -- RNF11 -- PSEN1 -- SOD1 -- HNRNPK -- SMPD1 -- TNIK -- BRCA1 -- EIF4E -- BID -- MCL1 -- PCNA -- TAF1 -- DIABLO -- RASSF1 -- RANGAP1
616,TNFRSF1A -- TNFRSF1B -- NFKB1 -- MAPK8 -- BIRC3 -- SIRT1 -- RB1 -- TNFAIP3 -- CCND1 -- MAPK14 -- RHOA -- RAC1 -- MAP2K7 -- MAP3K1 -- IGF1 -- TRADD -- TNFRSF10B -- MDM2 -- CHUK -- PPP1R13L -- MAPK9 -- LYN -- IRF1 -- EIF4G2 -- HTRA2 -- HIP1 -- CDK4 -- OTUD7B -- RNF11 -- CASP10 -- PSEN1 -- SOD1 -- RPA4 -- SMPD1 -- TNIK -- PELP1 -- BAX -- BAK1 -- BID -- FOXM1 -- PCNA -- DIABLO
617,MAPK8 -- BIRC2 -- SIRT1 -- MYC -- RB1 -- CCND1 -- MAPK14 -- PTMA -- IL2 -- RAC1 -- MAP2K7 -- MAP3K1 -- IGF1 -- RET -- MAPK1 -- AKT1 -- ATM -- MDM2 -- CHUK -- RPS6KA5 -- PPP1R13L -- MAPK9 -- LYN -- IRF1 -- CYCS -- HIP1 -- CDK4 -- OTUD7B -- PSEN1 -- RPA4 -- PELP1 -- EIF4E -- BID -- FOXM1 -- MCL1 -- PCNA -- DIABLO -- RANGAP1
618,TNFRSF1A -- TNFRSF1B -- MAPK8 -- STAT1 -- JUN -- FOS -- SIRT1 -- RB1 -- TNFAIP3 -- TRAF1 -- MAPK14 -- RHOA -- NR3C1 -- RAC1 -- MAP2K7 -- MAP3K1 -- VEGFA -- MAP3K14 -- RET -- TRADD -- ATM -- CASP2 -- CHUK -- RPS6KA5 -- PPP1R13L -- MAPK9 -- IRF1 -- EIF4G2 -- HTRA2 -- MYB -- HIP1 -- RNF11 -- PSEN1 -- SOD1 -- HNRNPK -- SMPD1 -- TNIK -- HTT -- BRCA1 -- CDKN2A -- BID -- FOXM1 -- MCL1 -- PCNA -- PLAC8 -- CASP9 -- DIABLO -- APAF1 -- RASSF1
619,TNFRSF1A -- TNFRSF1B -- MAPK8 -- STAT1 -- JUN -- FOS -- SIRT1 -- TNFAIP3 -- TRAF1 -- MAPK14 -- RHOA -- NR3C1 -- TGFB2 -- RAC1 -- MAP2K7 -- MAP3K1 -- VEGFA -- MAP3K14 -- RET -- TRADD -- ATM -- CASP2 -- CHUK -- RPS6KA5 -- PPP1R13L -- MAPK9 -- IRF1 -- EIF4G2 -- HTRA2 -- MYB -- HIP1 -- RNF11 -- PSEN1 -- SOD1 -- HNRNPK -- CASP7 -- SMPD1 -- TNIK -- HTT -- BRCA1 -- CDKN2A -- BID -- MCL1 -- PCNA -- TAF1 -- PLAC8 -- CASP9 -- DIABLO -- APAF1 -- RASSF1
620,TNFRSF1A -- TNFRSF1B -- MAPK8 -- SIRT1 -- RB1 -- TNFAIP3 -- CCND1 -- MAPK14 -- PTMA -- RHOA -- RAC1 -- MAP2K7 -- MAP3K1 -- IGF1 -- MAP3K14 -- TRADD -- ATM -- MDM2 -- CHUK -- RPS6KA5 -- PPP1R13L -- MAPK9 -- LYN -- IRF1 -- HTRA2 -- HIP1 -- CDK4 -- OTUD7B -- RNF11 -- PSEN1 -- SOD1 -- RPA4 -- SMPD1 -- TNIK -- PELP1 -- BAX -- BAK1 -- EIF4E -- BID -- FOXM1 -- PCNA -- TAF1 -- PLAC8 -- DIABLO -- APAF1 -- RANGAP1
621,STAT1 -- SIRT1 -- MAPK14 -- RAC1 -- MAP2K7 -- MAP3K1 -- IGF1 -- VEGFA -- MAP3K14 -- RET -- MAPK1 -- AKT1 -- E2F1 -- CHUK -- RPS6KA5 -- PPP1R13L -- MAPK9 -- IRF1 -- EIF4G2 -- HTRA2 -- MYB -- HIP1 -- CDK4 -- OTUD7B -- PSEN1 -- RPA4 -- CASP7 -- SMPD1 -- BBC3 -- PELP1 -- BAK1 -- EIF4E -- BID -- FOXM1 -- CTBP1 -- RBL1 -- PCNA -- TAF1 -- PLAC8 -- DIABLO
622,TNFRSF1A -- TNFRSF1B -- NFKB1 -- MAPK8 -- SIRT1 -- RB1 -- TNFAIP3 -- CCND1 -- TRAF1 -- MAPK14 -- RHOA -- RAC1 -- MAP2K7 -- MAP3K1 -- MAP3K14 -- TRADD -- TNFRSF10B -- CASP2 -- MDM2 -- CHUK -- RPS6KA5 -- PPP1R13L -- MAPK9 -- LYN -- IRF1 -- EIF4G2 -- HTRA2 -- HIP1 -- CDK4 -- OTUD7B -- RNF11 -- CASP10 -- PSEN1 -- SOD1 -- RPA4 -- SMPD1 -- TNIK -- HTT -- PELP1 -- BAX -- BAK1 -- BID -- FOXM1 -- PCNA -- PLAC8 -- CASP9 -- DIABLO
623,TNFRSF1A -- TNFRSF1B -- NFKB1 -- MAPK8 -- STAT1 -- BIRC2 -- BIRC3 -- SIRT1 -- RB1 -- TNFAIP3 -- CCND1 -- MAPK14 -- RHOA -- RAC1 -- MAP2K7 -- MAP3K1 -- IGF1 -- TRADD -- TNFRSF10B -- ATM -- MDM2 -- CHUK -- RPS6KA5 -- PPP1R13L -- MAPK9 -- LYN -- IRF1 -- EIF4G2 -- CYCS -- HIP1 -- CDK4 -- OTUD7B -- RNF11 -- CASP10 -- PSEN1 -- RPA4 -- SMPD1 -- TNIK -- PELP1 -- BAX -- BAK1 -- BID -- FOXM1 -- PCNA -- PLAC8 -- DIABLO
624,STAT1 -- JUN -- BIRC2 -- BIRC3 -- SIRT1 -- MAPK14 -- TGFB2 -- RAC1 -- MAP2K7 -- MAP3K1 -- IGF1 -- VEGFA -- MAPK1 -- AKT1 -- ATM -- CHUK -- RPS6KA5 -- PPP1R13L -- MAPK9 -- LYN -- IRF1 -- MYB -- CYCS -- HIP1 -- OTUD7B -- PARP1 -- PSEN1 -- HNRNPK -- SMPD1 -- BRCA1 -- CDKN2A -- PELP1 -- BAK1 -- EIF4E -- BID -- PCNA -- TAF1 -- PLAC8 -- DIABLO -- RASSF1
625,TNFRSF1A -- TNFRSF1B -- MAPK8 -- STAT1 -- JUN -- FOS -- BIRC2 -- SIRT1 -- TNFAIP3 -- TRAF1 -- MAPK14 -- RHOA -- NR3C1 -- TGFB2 -- RAC1 -- MAP2K7 -- MAP3K1 -- VEGFA -- MAP3K14 -- RET -- TRADD -- ATM -- CHUK -- RPS6KA5 -- PPP1R13L -- MAPK9 -- IRF1 -- MYB -- CYCS -- HIP1 -- RNF11 -- PSEN1 -- SOD1 -- HNRNPK -- SMPD1 -- TNIK -- HTT -- BRCA1 -- CDKN2A -- BID -- MCL1 -- PCNA -- TAF1 -- PLAC8 -- DIABLO -- RASSF1
626,TNFRSF1A -- TNFRSF1B -- NFKB1 -- MAPK8 -- STAT1 -- BIRC2 -- BIRC3 -- SIRT1 -- MYC -- TNFAIP3 -- TRAF1 -- MAPK14 -- RHOA -- TGFB2 -- RAC1 -- MAP2K7 -- MAP3K1 -- IGF1 -- VEGFA -- TRADD -- TNFRSF10B -- AKT1 -- MDM2 -- CHUK -- RPS6KA5 -- PPP1R13L -- MAPK9 -- LYN -- IRF1 -- EIF4G2 -- CYCS -- HIP1 -- CDK4 -- OTUD7B -- CASP10 -- PSEN1 -- RPA4 -- SMPD1 -- TNIK -- PELP1 -- BAK1 -- BID -- FOXM1 -- PCNA -- TAF1 -- DIABLO
627,TNFRSF1A -- TNFRSF1B -- NFKB1 -- MAPK8 -- JUN -- FOS -- SIRT1 -- RB1 -- TNFAIP3 -- TRAF1 -- MAPK14 -- RHOA -- RAC1 -- MAP2K7 -- MAP3K1 -- MAP3K14 -- TRADD -- TNFRSF10B -- ATM -- CASP2 -- MDM2 -- CHUK -- RPS6KA5 -- PPP1R13L -- MAPK9 -- IRF1 -- EIF4G2 -- HTRA2 -- MYB -- HIP1 -- CDK4 -- OTUD7B -- RNF11 -- CASP10 -- PSEN1 -- SOD1 -- RPA4 -- SMPD1 -- TNIK -- HTT -- CDKN2A -- PELP1 -- BAX -- BAK1 -- BID -- FOXM1 -- PCNA -- PLAC8 -- CASP9 -- DIABLO -- APAF1
628,NFKB1 -- STAT1 -- BIRC2 -- BIRC3 -- RB1 -- TNFAIP3 -- TRAF1 -- MAPK14 -- RHOA -- RAC1 -- MAP2K7 -- MAP3K1 -- VEGFA -- TRADD -- MAPK1 -- TNFRSF10B -- ATM -- MDM2 -- CHUK -- RPS6KA5 -- PPP1R13L -- MAPK9 -- LYN -- IRF1 -- EIF4G2 -- CYCS -- HIP1 -- CDK4 -- OTUD7B -- RNF11 -- CASP10 -- PARP1 -- PSEN1 -- SOD1 -- RPA4 -- SMPD1 -- PELP1 -- BID -- FOXM1 -- MCL1 -- CTBP1 -- PCNA -- PLAC8 -- DIABLO
629,MAPK8 -- STAT1 -- BIRC2 -- BIRC3 -- SIRT1 -- TRAF1 -- MAPK14 -- TGFB2 -- RAC1 -- MAP2K7 -- MAP3K1 -- VEGFA -- RET -- MAPK1 -- AKT1 -- ATM -- CHUK -- RPS6KA5 -- PPP1R13L -- MAPK9 -- LYN -- IRF1 -- MYB -- CYCS -- HIP1 -- OTUD7B -- PSEN1 -- HNRNPK -- SMPD1 -- BRCA1 -- CDKN2A -- BID -- MCL1 -- PCNA -- TAF1 -- PLAC8 -- DIABLO -- RASSF1
630,TNFRSF1A -- TNFRSF1B -- MAPK8 -- STAT1 -- JUN -- FOS -- BIRC2 -- BIRC3 -- SIRT1 -- TNFAIP3 -- TRAF1 -- MAPK14 -- RHOA -- NR3C1 -- TGFB2 -- RAC1 -- MAP2K7 -- MAP3K1 -- VEGFA -- RET -- TRADD -- ATM -- CHUK -- RPS6KA5 -- PPP1R13L -- MAPK9 -- IRF1 -- EIF4G2 -- MYB -- CYCS -- HIP1 -- RNF11 -- PSEN1 -- SOD1 -- HNRNPK -- SMPD1 -- TNIK -- BRCA1 -- CDKN2A -- BID -- MCL1 -- PCNA -- TAF1 -- PLAC8 -- DIABLO -- RASSF1
631,TNFRSF1A -- TNFRSF1B -- MAPK8 -- STAT1 -- BIRC2 -- SIRT1 -- MYC -- TNFAIP3 -- MAPK14 -- PTMA -- RHOA -- NR3C1 -- RAC1 -- MAP2K7 -- MAP3K1 -- VEGFA -- RET -- TRADD -- ATM -- CHUK -- PPP1R13L -- MAPK9 -- LYN -- IRF1 -- CYCS -- RNF11 -- PSEN1 -- BAD -- SOD1 -- HNRNPK -- SMPD1 -- TNIK -- BRCA1 -- CDKN2A -- EIF4E -- BID -- MCL1 -- PCNA -- TAF1 -- DIABLO -- RASSF1 -- RANGAP1
632,TNFRSF1A -- TNFRSF1B -- NFKB1 -- MAPK8 -- JUN -- FOS -- SIRT1 -- FASLG -- RB1 -- TNFAIP3 -- CCND1 -- TRAF1 -- MAPK14 -- RHOA -- RAC1 -- MAP2K7 -- MAP3K1 -- IGF1 -- MAP3K14 -- TRADD -- TNFRSF10B -- ATM -- CASP2 -- CHUK -- RPS6KA5 -- PPP1R13L -- MAPK9 -- IRF1 -- EIF4G2 -- HTRA2 -- HIP1 -- CDK4 -- OTUD7B -- RNF11 -- CASP10 -- PSEN1 -- SOD1 -- RPA4 -- SMPD1 -- TNIK -- HTT -- CDKN2A -- PELP1 -- BAX -- BAK1 -- BID -- FOXM1 -- PCNA -- PLAC8 -- CASP9 -- DIABLO -- APAF1
633,TNFRSF1A -- TNFRSF1B -- NFKB1 -- MAPK8 -- JUN -- FOS -- SIRT1 -- RB1 -- TNFAIP3 -- CCND1 -- TRAF1 -- MAPK14 -- RHOA -- RAC1 -- MAP2K7 -- MAP3K1 -- MAP3K14 -- TRADD -- TNFRSF10B -- ATM -- CASP2 -- MDM2 -- CHUK -- RPS6KA5 -- PPP1R13L -- MAPK9 -- IRF1 -- EIF4G2 -- HTRA2 -- HIP1 -- CDK4 -- OTUD7B -- RNF11 -- CASP10 -- PSEN1 -- SOD1 -- RPA4 -- SMPD1 -- TNIK -- HTT -- PELP1 -- BAX -- BAK1 -- BID -- FOXM1 -- PCNA -- PLAC8 -- CASP9 -- DIABLO -- APAF1
634,TNFRSF1A -- TNFRSF1B -- MAPK8 -- STAT1 -- JUN -- FOS -- SIRT1 -- TNFAIP3 -- TRAF1 -- MAPK14 -- RHOA -- NR3C1 -- TGFB2 -- RAC1 -- MAP2K7 -- MAP3K1 -- VEGFA -- MAP3K14 -- RET -- TRADD -- ATM -- CASP2 -- CHUK -- RPS6KA5 -- PPP1R13L -- MAPK9 -- IRF1 -- EIF4G2 -- HTRA2 -- MYB -- HIP1 -- RNF11 -- PSEN1 -- SOD1 -- HNRNPK -- CASP7 -- SMPD1 -- TNIK -- HTT -- BRCA1 -- CDKN2A -- BAK1 -- BID -- MCL1 -- PCNA -- TAF1 -- PLAC8 -- CASP9 -- DIABLO -- APAF1 -- RASSF1
635,BIRC2 -- BIRC3 -- SIRT1 -- CCND1 -- MAPK14 -- RAC1 -- MAP2K7 -- MAP3K1 -- IGF1 -- VEGFA -- RET -- MAPK1 -- AKT1 -- ATM -- E2F1 -- CHUK -- RPS6KA5 -- PPP1R13L -- MAPK9 -- LYN -- EIF4G2 -- MYB -- CYCS -- HIP1 -- CDK4 -- OTUD7B -- RNF11 -- CASP10 -- PSEN1 -- RPA4 -- SMPD1 -- BBC3 -- PELP1 -- BAK1 -- BID -- FOXM1 -- RBL1 -- PCNA -- TAF1 -- PLAC8 -- DIABLO
636,TP53 -- STAT1 -- FASLG -- MAPK14 -- TGFB2 -- RAC1 -- MAP2K7 -- MAP3K1 -- VEGFA -- MAP3K14 -- RET -- MAPK1 -- AKT1 -- ATM -- E2F1 -- CHUK -- RPS6KA5 -- PPP1R13L -- MAPK9 -- IRF1 -- HIP1 -- CDK4 -- OTUD7B -- PARP1 -- PSEN1 -- SOD1 -- CASP7 -- SMPD1 -- HTT -- BBC3 -- PELP1 -- BAX -- BAK1 -- BID -- CTBP1 -- RBL1 -- PCNA -- TAF1 -- PLAC8 -- CCNG1 -- DIABLO
637,TNFRSF1A -- TNFRSF1B -- NFKB1 -- MAPK8 -- BIRC2 -- BIRC3 -- SIRT1 -- RB1 -- TNFAIP3 -- CCND1 -- TRAF1 -- MAPK14 -- IL2 -- RAC1 -- MAP2K7 -- MAP3K1 -- IGF1 -- TRADD -- TNFRSF10B -- AKT1 -- ATM -- MDM2 -- CHUK -- RPS6KA5 -- PPP1R13L -- MAPK9 -- LYN -- IRF1 -- EIF4G2 -- CYCS -- CDK4 -- OTUD7B -- CASP10 -- PSEN1 -- RPA4 -- TNIK -- PELP1 -- BID -- FOXM1 -- MCL1 -- PCNA -- PLAC8 -- DIABLO -- RANGAP1
638,TNFRSF1A -- TNFRSF1B -- MAPK8 -- STAT1 -- BIRC2 -- BIRC3 -- SIRT1 -- TNFAIP3 -- TRAF1 -- MAPK14 -- RHOA -- NR3C1 -- TGFB2 -- RAC1 -- MAP2K7 -- MAP3K1 -- VEGFA -- RET -- TRADD -- ATM -- CHUK -- RPS6KA5 -- PPP1R13L -- MAPK9 -- LYN -- IRF1 -- MYB -- CYCS -- HIP1 -- RNF11 -- PSEN1 -- SOD1 -- HNRNPK -- SMPD1 -- TNIK -- BRCA1 -- CDKN2A -- EIF4E -- BID -- MCL1 -- PCNA -- TAF1 -- PLAC8 -- DIABLO -- RASSF1
639,MAPK8 -- STAT1 -- BIRC2 -- BIRC3 -- TRAF1 -- MAPK14 -- RAC1 -- MAP2K7 -- MAP3K1 -- VEGFA -- RET -- TRADD -- AKT1 -- ATM -- E2F1 -- MDM2 -- CHUK -- RPS6KA5 -- PPP1R13L -- MAPK9 -- LYN -- IRF1 -- CYCS -- HIP1 -- CDK4 -- OTUD7B -- PARP1 -- PSEN1 -- SOD1 -- RPA4 -- SMPD1 -- TNIK -- BBC3 -- PELP1 -- BAK1 -- BID -- FOXM1 -- PCNA -- TAF1 -- PLAC8 -- DIABLO
640,TNFRSF1A -- TNFRSF1B -- MAPK8 -- STAT1 -- JUN -- FOS -- BIRC2 -- BIRC3 -- SIRT1 -- TNFAIP3 -- TRAF1 -- MAPK14 -- RHOA -- TGFB2 -- RAC1 -- MAP2K7 -- MAP3K1 -- VEGFA -- RET -- TRADD -- ATM -- CASP2 -- CHUK -- RPS6KA5 -- PPP1R13L -- MAPK9 -- IRF1 -- EIF4G2 -- MYB -- CYCS -- HIP1 -- RNF11 -- CASP10 -- PSEN1 -- SOD1 -- HNRNPK -- SMPD1 -- TNIK -- HTT -- BRCA1 -- CDKN2A -- BID -- MCL1 -- PCNA -- PLAC8 -- CASP9 -- DIABLO -- APAF1 -- RASSF1
641,TNFRSF1A -- TNFRSF1B -- NFKB1 -- MAPK8 -- FOS -- SIRT1 -- RB1 -- TNFAIP3 -- CCND1 -- TRAF1 -- MAPK14 -- RHOA -- RAC1 -- MAP2K7 -- MAP3K1 -- MAP3K14 -- TRADD -- TNFRSF10B -- CASP2 -- MDM2 -- CHUK -- RPS6KA5 -- PPP1R13L -- MAPK9 -- IRF1 -- EIF4G2 -- HTRA2 -- HIP1 -- CDK4 -- OTUD7B -- RNF11 -- CASP10 -- PSEN1 -- SOD1 -- RPA4 -- SMPD1 -- TNIK -- HTT -- PELP1 -- BAX -- BAK1 -- EIF4E -- BID -- FOXM1 -- PCNA -- PLAC8 -- CASP9 -- DIABLO -- APAF1
642,TNFRSF1A -- TNFRSF1B -- MAPK8 -- JUN -- FOS -- SIRT1 -- RB1 -- TNFAIP3 -- CCND1 -- TRAF1 -- MAPK14 -- RHOA -- RAC1 -- MAP2K7 -- MAP3K1 -- MAP3K14 -- RET -- TRADD -- TNFRSF10B -- ATM -- CASP2 -- CHUK -- RPS6KA5 -- PPP1R13L -- MAPK9 -- IRF1 -- EIF4G2 -- HTRA2 -- HIP1 -- CDK4 -- OTUD7B -- RNF11 -- CASP10 -- PSEN1 -- SOD1 -- RPA4 -- SMPD1 -- TNIK -- HTT -- CDKN2A -- PELP1 -- BAX -- BAK1 -- BID -- FOXM1 -- PCNA -- PLAC8 -- CASP9 -- DIABLO -- APAF1
643,TNFRSF1A -- TNFRSF1B -- MAPK8 -- STAT1 -- JUN -- FOS -- SIRT1 -- TNFAIP3 -- TRAF1 -- MAPK14 -- RHOA -- NR3C1 -- TGFB2 -- RAC1 -- MAP2K7 -- MAP3K1 -- VEGFA -- MAP3K14 -- RET -- TRADD -- ATM -- CASP2 -- CHUK -- RPS6KA5 -- PPP1R13L -- MAPK9 -- IRF1 -- EIF4G2 -- HTRA2 -- MYB -- HIP1 -- RNF11 -- PSEN1 -- SOD1 -- HNRNPK -- CASP7 -- SMPD1 -- TNIK -- HTT -- BRCA1 -- CDKN2A -- BAK1 -- BID -- MCL1 -- PCNA -- TAF1 -- PLAC8 -- CASP9 -- DIABLO -- APAF1 -- RASSF1
644,STAT1 -- FOS -- BIRC2 -- MAPK14 -- TGFB2 -- RAC1 -- MAP2K7 -- MAP3K1 -- VEGFA -- RET -- MAPK1 -- ATM -- CHUK -- RPS6KA5 -- PPP1R13L -- MAPK9 -- LYN -- IRF1 -- HTRA2 -- CYCS -- HIP1 -- OTUD7B -- RNF11 -- PARP1 -- PSEN1 -- SOD1 -- SMPD1 -- CDKN2A -- EIF4E -- BID -- MCL1 -- PCNA -- TAF1 -- PLAC8 -- DIABLO -- RASSF1
645,TNFRSF1A -- TNFRSF1B -- NFKB1 -- MAPK8 -- BIRC2 -- BIRC3 -- SIRT1 -- MYC -- TNFAIP3 -- CCND1 -- MAPK14 -- PTMA -- RHOA -- TGFB2 -- RAC1 -- MAP2K7 -- MAP3K1 -- TRADD -- TNFRSF10B -- ATM -- MDM2 -- CHUK -- PPP1R13L -- MAPK9 -- LYN -- IRF1 -- EIF4G2 -- CYCS -- CDK4 -- OTUD7B -- RNF11 -- CASP10 -- PSEN1 -- SOD1 -- HNRNPK -- RPA4 -- SMPD1 -- TNIK -- PELP1 -- BAX -- BAK1 -- BID -- FOXM1 -- PCNA -- TAF1 -- DIABLO -- RANGAP1
646,TNFRSF1A -- TNFRSF1B -- MAPK8 -- STAT1 -- JUN -- FOS -- SIRT1 -- TNFAIP3 -- TRAF1 -- MAPK14 -- RHOA -- TGFB2 -- RAC1 -- MAP2K7 -- MAP3K1 -- VEGFA -- MAP3K14 -- RET -- TRADD -- ATM -- CASP2 -- CHUK -- RPS6KA5 -- PPP1R13L -- MAPK9 -- IRF1 -- EIF4G2 -- HTRA2 -- MYB -- HIP1 -- CDK4 -- OTUD7B -- RNF11 -- CASP10 -- PSEN1 -- SOD1 -- HNRNPK -- RPA4 -- CASP7 -- SMPD1 -- TNIK -- HTT -- CDKN2A -- PELP1 -- BAX -- BAK1 -- BID -- FOXM1 -- PCNA -- PLAC8 -- CASP9 -- DIABLO -- APAF1
647,TNFRSF1A -- MAPK8 -- BIRC2 -- SIRT1 -- TNFAIP3 -- CCND1 -- MAPK14 -- RAC1 -- MAP2K7 -- MAP3K1 -- VEGFA -- TRADD -- TNFRSF10B -- AKT1 -- MDM2 -- CHUK -- RPS6KA5 -- PPP1R13L -- MAPK9 -- LYN -- IRF1 -- EIF4G2 -- CYCS -- HIP1 -- CDK4 -- OTUD7B -- RNF11 -- CASP10 -- PSEN1 -- RPA4 -- SMPD1 -- TNIK -- PELP1 -- BID -- FOXM1 -- MCL1 -- PCNA -- TAF1 -- PLAC8 -- DIABLO
648,MAPK8 -- STAT1 -- BIRC2 -- BIRC3 -- SIRT1 -- TNFAIP3 -- TRAF1 -- MAPK14 -- MAP2K7 -- MAP3K1 -- VEGFA -- TRADD -- AKT1 -- ATM -- NFKB2 -- E2F1 -- CHUK -- RPS6KA5 -- PPP1R13L -- MAPK9 -- LYN -- IRF1 -- EIF4G2 -- CYCS -- HIP1 -- CDK4 -- OTUD7B -- PARP1 -- PSEN1 -- RPA4 -- SMPD1 -- BBC3 -- PELP1 -- BAK1 -- BID -- FOXM1 -- CTBP1 -- RBL1 -- PCNA -- TAF1 -- PLAC8 -- DIABLO
649,TNFRSF1A -- TNFRSF1B -- NFKB1 -- MAPK8 -- STAT1 -- BIRC2 -- BIRC3 -- SIRT1 -- TNFAIP3 -- TRAF1 -- MAPK14 -- RHOA -- TGFB2 -- RAC1 -- MAP2K7 -- MAP3K1 -- VEGFA -- TRADD -- TNFRSF10B -- MDM2 -- CHUK -- RPS6KA5 -- PPP1R13L -- MAPK9 -- LYN -- IRF1 -- EIF4G2 -- CYCS -- HIP1 -- CDK4 -- OTUD7B -- RNF11 -- CASP10 -- PSEN1 -- SOD1 -- RPA4 -- SMPD1 -- TNIK -- BRCA1 -- PELP1 -- BID -- MCL1 -- PCNA -- TAF1 -- PLAC8 -- DIABLO
650,TNFRSF1A -- TNFRSF1B -- MAPK8 -- STAT1 -- JUN -- FOS -- SIRT1 -- TNFAIP3 -- TRAF1 -- MAPK14 -- RHOA -- NR3C1 -- TGFB2 -- RAC1 -- MAP2K7 -- MAP3K1 -- VEGFA -- MAP3K14 -- RET -- TRADD -- ATM -- CASP2 -- CHUK -- RPS6KA5 -- PPP1R13L -- MAPK9 -- IRF1 -- EIF4G2 -- HTRA2 -- MYB -- HIP1 -- RNF11 -- PSEN1 -- SOD1 -- HNRNPK -- CASP7 -- SMPD1 -- TNIK -- HTT -- BRCA1 -- CDKN2A -- BAK1 -- BID -- MCL1 -- PCNA -- TAF1 -- PLAC8 -- CASP9 -- DIABLO -- APAF1 -- RASSF1
651,TNFRSF1A -- TNFRSF1B -- MAPK8 -- STAT1 -- JUN -- FOS -- SIRT1 -- TNFAIP3 -- TRAF1 -- MAPK14 -- RHOA -- NR3C1 -- TGFB2 -- RAC1 -- MAP2K7 -- MAP3K1 -- VEGFA -- MAP3K14 -- RET -- TRADD -- ATM -- CASP2 -- CHUK -- RPS6KA5 -- PPP1R13L -- MAPK9 -- IRF1 -- EIF4G2 -- HTRA2 -- MYB -- HIP1 -- RNF11 -- PSEN1 -- SOD1 -- HNRNPK -- CASP7 -- SMPD1 -- TNIK -- HTT -- BRCA1 -- CDKN2A -- BID -- MCL1 -- PCNA -- TAF1 -- PLAC8 -- CASP9 -- DIABLO -- APAF1 -- RASSF1
652,TNFRSF1B -- NFKB1 -- STAT1 -- BIRC2 -- BIRC3 -- SIRT1 -- TNFAIP3 -- TRAF1 -- MAPK14 -- RHOA -- TGFB2 -- RAC1 -- MAP2K7 -- MAP3K1 -- VEGFA -- TRADD -- TNFRSF10B -- MDM2 -- CHUK -- RPS6KA5 -- PPP1R13L -- MAPK9 -- LYN -- IRF1 -- EIF4G2 -- MYB -- CYCS -- HIP1 -- CDK4 -- OTUD7B -- RNF11 -- CASP10 -- PARP1 -- PSEN1 -- SOD1 -- RPA4 -- SMPD1 -- TNIK -- PELP1 -- BAK1 -- EIF4E -- BID -- FOXM1 -- CTBP1 -- RBL1 -- PCNA -- TAF1 -- PLAC8 -- DIABLO
653,STAT1 -- BIRC2 -- BIRC3 -- SIRT1 -- MAPK14 -- RAC1 -- MAP2K7 -- MAP3K1 -- VEGFA -- MAPK1 -- AKT1 -- ATM -- E2F1 -- MDM2 -- CHUK -- RPS6KA5 -- PPP1R13L -- MAPK9 -- LYN -- IRF1 -- MYB -- CYCS -- HIP1 -- CDK4 -- OTUD7B -- PARP1 -- PSEN1 -- RPA4 -- SMPD1 -- BBC3 -- PELP1 -- BAK1 -- EIF4E -- BID -- FOXM1 -- CTBP1 -- RBL1 -- PCNA -- TAF1 -- PLAC8 -- DIABLO
654,TNFRSF1A -- TNFRSF1B -- MAPK8 -- STAT1 -- JUN -- FOS -- BIRC2 -- SIRT1 -- TNFAIP3 -- TRAF1 -- MAPK14 -- RHOA -- TGFB2 -- RAC1 -- MAP2K7 -- MAP3K1 -- IGF1 -- VEGFA -- MAP3K14 -- TRADD -- ATM -- CASP2 -- MDM2 -- CHUK -- RPS6KA5 -- PPP1R13L -- MAPK9 -- IRF1 -- EIF4G2 -- MYB -- HIP1 -- CDK4 -- OTUD7B -- RNF11 -- PSEN1 -- SOD1 -- RPA4 -- CASP7 -- SMPD1 -- TNIK -- CDKN2A -- PELP1 -- BID -- FOXM1 -- MCL1 -- PCNA -- TAF1 -- PLAC8 -- DIABLO -- APAF1
655,TNFRSF1A -- TNFRSF1B -- NFKB1 -- MAPK8 -- BIRC2 -- BIRC3 -- SIRT1 -- RB1 -- TNFAIP3 -- CCND1 -- TRAF1 -- MAPK14 -- RHOA -- RAC1 -- MAP2K7 -- MAP3K1 -- TRADD -- TNFRSF10B -- ATM -- MDM2 -- CHUK -- RPS6KA5 -- PPP1R13L -- MAPK9 -- LYN -- IRF1 -- EIF4G2 -- CYCS -- HIP1 -- CDK4 -- OTUD7B -- RNF11 -- CASP10 -- PSEN1 -- BAD -- SOD1 -- RPA4 -- SMPD1 -- TNIK -- PELP1 -- BID -- FOXM1 -- MCL1 -- PCNA -- PLAC8 -- DIABLO -- RANGAP1
656,STAT1 -- BIRC2 -- BIRC3 -- MAPK14 -- PTMA -- IL2 -- RAC1 -- MAP2K7 -- MAP3K1 -- VEGFA -- RET -- MAPK1 -- TNFRSF10B -- CHUK -- RPS6KA5 -- PPP1R13L -- MAPK9 -- LYN -- IRF1 -- EIF4G2 -- CYCS -- CDK4 -- OTUD7B -- RNF11 -- CASP10 -- PARP1 -- PSEN1 -- SOD1 -- HNRNPK -- RPA4 -- PELP1 -- BID -- FOXM1 -- MCL1 -- CTBP1 -- RBL1 -- PCNA -- TAF1 -- PLAC8 -- DIABLO
657,TNFRSF1A -- TNFRSF1B -- NFKB1 -- MAPK8 -- BIRC2 -- BIRC3 -- SIRT1 -- RB1 -- TNFAIP3 -- CCND1 -- TRAF1 -- MAPK14 -- PTMA -- RHOA -- RAC1 -- MAP2K7 -- MAP3K1 -- TRADD -- TNFRSF10B -- ATM -- MDM2 -- CHUK -- RPS6KA5 -- PPP1R13L -- MAPK9 -- LYN -- IRF1 -- EIF4G2 -- HTRA2 -- HIP1 -- CDK4 -- OTUD7B -- RNF11 -- CASP10 -- PSEN1 -- BAD -- SOD1 -- RPA4 -- SMPD1 -- TNIK -- PELP1 -- BAX -- BID -- FOXM1 -- PCNA -- PLAC8 -- DIABLO -- RANGAP1
658,TNFRSF1A -- TNFRSF1B -- NFKB1 -- MAPK8 -- BIRC2 -- BIRC3 -- SIRT1 -- RB1 -- TNFAIP3 -- CCND1 -- MAPK14 -- RHOA -- RAC1 -- MAP2K7 -- MAP3K1 -- IGF1 -- TRADD -- TNFRSF10B -- ATM -- MDM2 -- CHUK -- PPP1R13L -- MAPK9 -- LYN -- IRF1 -- EIF4G2 -- CYCS -- HIP1 -- CDK4 -- OTUD7B -- CASP10 -- PSEN1 -- BAD -- RPA4 -- SMPD1 -- TNIK -- PELP1 -- BID -- FOXM1 -- MCL1 -- PCNA -- PLAC8 -- DIABLO
659,NFKB1 -- STAT1 -- BIRC2 -- BIRC3 -- TNFAIP3 -- TRAF1 -- MAPK14 -- TGFB2 -- IL2 -- RAC1 -- MAP2K7 -- MAP3K1 -- IGF1 -- VEGFA -- MAPK1 -- AKT1 -- ATM -- E2F1 -- MDM2 -- CHUK -- RPS6KA5 -- PPP1R13L -- MAPK9 -- LYN -- IRF1 -- MYB -- CYCS -- HIP1 -- CDK4 -- OTUD7B -- PARP1 -- PSEN1 -- RPA4 -- SMPD1 -- PELP1 -- BAK1 -- BID -- FOXM1 -- CTBP1 -- RBL1 -- PCNA -- TAF1 -- PLAC8 -- DIABLO
660,TNFRSF1A -- TNFRSF1B -- STAT1 -- BIRC2 -- BIRC3 -- SIRT1 -- TNFAIP3 -- TRAF1 -- MAPK14 -- RHOA -- NR3C1 -- RAC1 -- MAP2K7 -- MAP3K1 -- VEGFA -- RET -- TRADD -- ATM -- CHUK -- RPS6KA5 -- PPP1R13L -- MAPK9 -- LYN -- IRF1 -- HIP1 -- RNF11 -- PSEN1 -- SMPD1 -- TNIK -- CDKN2A -- EIF4E -- BID -- PCNA -- TAF1 -- PLAC8 -- DIABLO -- RASSF1
661,TNFRSF1A -- TNFRSF1B -- MAPK8 -- STAT1 -- BIRC2 -- BIRC3 -- SIRT1 -- MYC -- TNFAIP3 -- MAPK14 -- RHOA -- NR3C1 -- TGFB2 -- RAC1 -- MAP2K7 -- MAP3K1 -- VEGFA -- TRADD -- MDM2 -- CHUK -- PPP1R13L -- MAPK9 -- LYN -- IRF1 -- EIF4G2 -- HIP1 -- RNF11 -- PSEN1 -- SOD1 -- HNRNPK -- SMPD1 -- TNIK -- BRCA1 -- BID -- MCL1 -- PCNA -- TAF1 -- DIABLO -- APAF1 -- RANGAP1
662,TNFRSF1A -- TNFRSF1B -- NFKB1 -- MAPK8 -- BIRC2 -- BIRC3 -- SIRT1 -- RB1 -- TNFAIP3 -- CCND1 -- TRAF1 -- MAPK14 -- RHOA -- RAC1 -- MAP2K7 -- MAP3K1 -- TRADD -- TNFRSF10B -- ATM -- MDM2 -- CHUK -- RPS6KA5 -- PPP1R13L -- MAPK9 -- LYN -- IRF1 -- EIF4G2 -- HTRA2 -- CYCS -- HIP1 -- CDK4 -- OTUD7B -- RNF11 -- CASP10 -- PARP1 -- PSEN1 -- SOD1 -- RPA4 -- SMPD1 -- TNIK -- PELP1 -- BAK1 -- BID -- FOXM1 -- PCNA -- PLAC8 -- DIABLO
663,TNFRSF1A -- TNFRSF1B -- MAPK8 -- STAT1 -- JUN -- SIRT1 -- RB1 -- TNFAIP3 -- CCND1 -- TRAF1 -- MAPK14 -- RHOA -- RAC1 -- MAP2K7 -- MAP3K1 -- MAP3K14 -- TRADD -- CASP2 -- MDM2 -- CHUK -- RPS6KA5 -- PPP1R13L -- MAPK9 -- IRF1 -- EIF4G2 -- HTRA2 -- HIP1 -- CDK4 -- OTUD7B -- RNF11 -- PSEN1 -- SOD1 -- RPA4 -- SMPD1 -- TNIK -- HTT -- PELP1 -- BAX -- BAK1 -- BID -- FOXM1 -- PCNA -- PLAC8 -- CASP9 -- DIABLO -- APAF1
664,TNFRSF1A -- TNFRSF1B -- MAPK8 -- JUN -- SIRT1 -- TNFAIP3 -- TRAF1 -- MAPK14 -- RHOA -- TGFB2 -- RAC1 -- MAP2K7 -- MAP3K1 -- VEGFA -- MAP3K14 -- TRADD -- TNFRSF10B -- CASP2 -- MDM2 -- CHUK -- RPS6KA5 -- PPP1R13L -- MAPK9 -- IRF1 -- EIF4G2 -- HTRA2 -- MYB -- HIP1 -- RNF11 -- CASP10 -- PSEN1 -- SOD1 -- CASP7 -- SMPD1 -- TNIK -- HTT -- BRCA1 -- CDKN2A -- BAX -- BID -- MCL1 -- PCNA -- TAF1 -- PLAC8 -- CASP9 -- DIABLO -- APAF1
665,SMURF2 -- STAT1 -- BIRC2 -- RB1 -- TRAF1 -- MAPK14 -- TGFB2 -- RAC1 -- MAP2K7 -- MAP3K1 -- IGF1 -- VEGFA -- MAPK1 -- TRAF2 -- AKT1 -- MDM2 -- CHUK -- RPS6KA5 -- PPP1R13L -- MAPK9 -- LYN -- HIP1 -- CDK4 -- CDK6 -- OTUD7B -- PARP1 -- PSEN1 -- RPA4 -- BCL2L1 -- SMPD1 -- TNIK -- PELP1 -- EIF4E -- FOXM1 -- MCL1 -- CTBP1 -- PLAC8 -- DIABLO
666,STAT1 -- BIRC2 -- BIRC3 -- MAPK14 -- RAC1 -- MAP2K7 -- MAP3K1 -- VEGFA -- MAPK1 -- AKT1 -- E2F1 -- MDM2 -- CHUK -- RPS6KA5 -- PPP1R13L -- MAPK9 -- LYN -- IRF1 -- EIF4G2 -- MYB -- CYCS -- HIP1 -- CDK4 -- OTUD7B -- PARP1 -- PSEN1 -- RPA4 -- SMPD1 -- BBC3 -- PELP1 -- BID -- FOXM1 -- MCL1 -- CTBP1 -- PCNA -- TAF1 -- PLAC8 -- DIABLO
667,FOS -- BIRC2 -- BIRC3 -- RB1 -- TNFAIP3 -- TRAF1 -- MAPK14 -- PTMA -- IL2 -- MAP2K7 -- MAP3K1 -- IGF1 -- RET -- TRADD -- MAPK1 -- TNFRSF10B -- AKT1 -- ATM -- CHUK -- RPS6KA5 -- PPP1R13L -- MAPK9 -- LYN -- EIF4G2 -- MYB -- CYCS -- CDK4 -- CDK6 -- OTUD7B -- RNF11 -- CASP10 -- PSEN1 -- HNRNPK -- RPA4 -- SMPD1 -- TNIK -- CDKN2A -- PELP1 -- BID -- FOXM1 -- MCL1 -- CTBP1 -- DIABLO -- RANGAP1
668,TP53 -- STAT1 -- BIRC2 -- MAPK14 -- TGFB2 -- MAP2K7 -- MAP3K1 -- VEGFA -- RET -- MAPK1 -- AKT1 -- ATM -- E2F1 -- CHUK -- RPS6KA5 -- PPP1R13L -- MAPK9 -- LYN -- IRF1 -- MYB -- CYCS -- HIP1 -- CDK4 -- OTUD7B -- PARP1 -- PSEN1 -- SMPD1 -- BBC3 -- EIF4E -- BID -- RBL1 -- PCNA -- TAF1 -- PLAC8 -- DIABLO
669,TNFRSF1A -- BIRC2 -- BIRC3 -- TNFAIP3 -- TRAF1 -- MAPK14 -- RAC1 -- MAP2K7 -- MAP3K1 -- VEGFA -- TRADD -- AKT1 -- E2F1 -- MDM2 -- CHUK -- RPS6KA5 -- PPP1R13L -- MAPK9 -- LYN -- IRF1 -- EIF4G2 -- MYB -- CYCS -- HIP1 -- CDK4 -- OTUD7B -- RNF11 -- CASP10 -- PSEN1 -- SOD1 -- RPA4 -- SMPD1 -- TNIK -- BBC3 -- PELP1 -- BID -- FOXM1 -- CTBP1 -- PCNA -- TAF1 -- PLAC8 -- DIABLO
670,TNFRSF1A -- TNFRSF1B -- MAPK8 -- STAT1 -- JUN -- FOS -- BIRC2 -- BIRC3 -- SIRT1 -- TNFAIP3 -- TRAF1 -- MAPK14 -- RHOA -- NR3C1 -- TGFB2 -- RAC1 -- MAP2K7 -- MAP3K1 -- VEGFA -- RET -- TRADD -- ATM -- CASP2 -- CHUK -- RPS6KA5 -- PPP1R13L -- MAPK9 -- IRF1 -- EIF4G2 -- MYB -- CYCS -- HIP1 -- RNF11 -- PSEN1 -- SOD1 -- HNRNPK -- RPA4 -- CASP7 -- SMPD1 -- TNIK -- HTT -- BRCA1 -- CDKN2A -- BID -- FOXM1 -- MCL1 -- PCNA -- TAF1 -- PLAC8 -- DIABLO
671,NFKB1 -- STAT1 -- BIRC2 -- BIRC3 -- SIRT1 -- TNFAIP3 -- MAPK14 -- RAC1 -- MAP2K7 -- MAP3K1 -- VEGFA -- RET -- MAPK1 -- AKT1 -- ATM -- MDM2 -- CHUK -- RPS6KA5 -- PPP1R13L -- MAPK9 -- LYN -- IRF1 -- CYCS -- HIP1 -- CDK4 -- OTUD7B -- PARP1 -- PSEN1 -- RPA4 -- SMPD1 -- TNIK -- BBC3 -- PELP1 -- BAK1 -- BID -- FOXM1 -- CTBP1 -- PCNA -- TAF1 -- PLAC8 -- DIABLO
672,TNFRSF1A -- TNFRSF1B -- NFKB1 -- MAPK8 -- FOS -- SIRT1 -- RB1 -- TNFAIP3 -- CCND1 -- TRAF1 -- MAPK14 -- RHOA -- RAC1 -- MAP2K7 -- MAP3K1 -- IGF1 -- MAP3K14 -- TRADD -- TNFRSF10B -- CASP2 -- MDM2 -- CHUK -- RPS6KA5 -- PPP1R13L -- MAPK9 -- IRF1 -- HTRA2 -- HIP1 -- CDK4 -- OTUD7B -- RNF11 -- PSEN1 -- SOD1 -- RPA4 -- SMPD1 -- TNIK -- HTT -- PELP1 -- BAX -- BAK1 -- EIF4E -- BID -- FOXM1 -- PCNA -- PLAC8 -- CASP9 -- DIABLO -- APAF1
673,TNFRSF1A -- TNFRSF1B -- NFKB1 -- MAPK8 -- BIRC2 -- BIRC3 -- SIRT1 -- MYC -- TNFAIP3 -- CCND1 -- MAPK14 -- PTMA -- RHOA -- TGFB2 -- RAC1 -- MAP2K7 -- MAP3K1 -- IGF1 -- TRADD -- TNFRSF10B -- MDM2 -- CHUK -- PPP1R13L -- MAPK9 -- LYN -- IRF1 -- CYCS -- CDK4 -- OTUD7B -- RNF11 -- PSEN1 -- BAD -- SOD1 -- RPA4 -- SMPD1 -- TNIK -- PELP1 -- BAK1 -- EIF4E -- BID -- FOXM1 -- PCNA -- TAF1 -- DIABLO -- RANGAP1
674,STAT1 -- BIRC2 -- BIRC3 -- SIRT1 -- MAPK14 -- RAC1 -- MAP2K7 -- MAP3K1 -- VEGFA -- MAP3K14 -- RET -- MAPK1 -- ATM -- CHUK -- RPS6KA5 -- PPP1R13L -- MAPK9 -- LYN -- IRF1 -- MYB -- CYCS -- HIP1 -- OTUD7B -- RNF11 -- PARP1 -- PSEN1 -- SOD1 -- HNRNPK -- SMPD1 -- CDKN2A -- BID -- MCL1 -- PCNA -- TAF1 -- PLAC8 -- DIABLO -- RASSF1
675,TNFRSF1B -- STAT1 -- BIRC2 -- BIRC3 -- SIRT1 -- MYC -- TRAF1 -- MAPK14 -- RHOA -- TGFB2 -- RAC1 -- MAP2K7 -- MAP3K1 -- VEGFA -- RET -- MAPK1 -- ATM -- CHUK -- PPP1R13L -- MAPK9 -- LYN -- IRF1 -- EIF4G2 -- CYCS -- HIP1 -- OTUD7B -- RNF11 -- PARP1 -- PSEN1 -- SOD1 -- HNRNPK -- CDKN2A -- BID -- MCL1 -- PCNA -- TAF1 -- PLAC8 -- DIABLO -- RASSF1
676,TNFRSF1A -- TNFRSF1B -- MAPK8 -- BIRC2 -- SIRT1 -- MYC -- TNFAIP3 -- CCND1 -- MAPK14 -- PTMA -- RHOA -- RAC1 -- MAP2K7 -- MAP3K1 -- VEGFA -- MAP3K14 -- RET -- TRADD -- ATM -- CASP2 -- MDM2 -- CHUK -- PPP1R13L -- MAPK9 -- IRF1 -- EIF4G2 -- CYCS -- CDK4 -- OTUD7B -- RNF11 -- PSEN1 -- BAD -- SOD1 -- RPA4 -- CASP7 -- SMPD1 -- TNIK -- HTT -- PELP1 -- BID -- FOXM1 -- MCL1 -- PCNA -- TAF1 -- DIABLO -- APAF1 -- RANGAP1
677,TNFRSF1A -- TNFRSF1B -- NFKB1 -- MAPK8 -- JUN -- FOS -- SIRT1 -- RB1 -- TNFAIP3 -- TRAF1 -- MAPK14 -- RHOA -- RAC1 -- MAP2K7 -- MAP3K1 -- MAP3K14 -- TRADD -- TNFRSF10B -- ATM -- CASP2 -- CHUK -- RPS6KA5 -- PPP1R13L -- MAPK9 -- IRF1 -- EIF4G2 -- HTRA2 -- MYB -- HIP1 -- RNF11 -- CASP10 -- PSEN1 -- SOD1 -- RPA4 -- SMPD1 -- TNIK -- HTT -- CDKN2A -- PELP1 -- BAX -- BAK1 -- BID -- PCNA -- PLAC8 -- CASP9 -- DIABLO -- APAF1 -- RASSF1
678,TNFRSF1A -- TNFRSF1B -- NFKB1 -- MAPK8 -- JUN -- SIRT1 -- RB1 -- TNFAIP3 -- CCND1 -- TRAF1 -- MAPK14 -- RHOA -- RAC1 -- MAP2K7 -- MAP3K1 -- IGF1 -- MAP3K14 -- TRADD -- TNFRSF10B -- ATM -- CASP2 -- MDM2 -- CHUK -- RPS6KA5 -- PPP1R13L -- MAPK9 -- IRF1 -- EIF4G2 -- HTRA2 -- HIP1 -- CDK4 -- OTUD7B -- RNF11 -- CASP10 -- PSEN1 -- SOD1 -- RPA4 -- SMPD1 -- TNIK -- HTT -- PELP1 -- BAX -- BAK1 -- BID -- FOXM1 -- PCNA -- PLAC8 -- CASP9 -- DIABLO -- APAF1
679,MAPK8 -- JUN -- BIRC2 -- BIRC3 -- SIRT1 -- MYC -- CCND1 -- MAPK14 -- PTMA -- TGFB2 -- RAC1 -- MAP2K7 -- MAP3K1 -- IGF1 -- VEGFA -- TRADD -- TRAF2 -- AKT1 -- ATM -- CHUK -- PPP1R13L -- MAPK9 -- IRF1 -- EIF4G2 -- CYCS -- OTUD7B -- PSEN1 -- SOD1 -- RPA4 -- SMPD1 -- TNIK -- HTT -- CDKN2A -- BID -- FOXM1 -- MCL1 -- PCNA -- TAF1 -- DIABLO -- APAF1 -- RASSF1 -- RANGAP1
680,MYC -- RB1 -- CCND1 -- MAPK14 -- PTMA -- IL2 -- RAC1 -- MAP2K7 -- MAP3K1 -- IGF1 -- MAP3K14 -- MAPK1 -- AKT1 -- MDM2 -- CHUK -- PPP1R13L -- MAPK9 -- LYN -- CDK4 -- OTUD7B -- PARP1 -- PSEN1 -- RPA4 -- BCL2L1 -- BBC3 -- PELP1 -- EIF4E -- BID -- FOXM1 -- CTBP1 -- TAF1 -- DIABLO -- RANGAP1
681,TNFRSF1A -- TNFRSF1B -- MAPK8 -- JUN -- FOS -- SIRT1 -- RB1 -- TNFAIP3 -- TRAF1 -- MAPK14 -- RHOA -- NR3C1 -- RAC1 -- MAP2K7 -- MAP3K1 -- VEGFA -- MAP3K14 -- RET -- TRADD -- ATM -- CASP2 -- CHUK -- RPS6KA5 -- PPP1R13L -- MAPK9 -- IRF1 -- EIF4G2 -- HTRA2 -- MYB -- HIP1 -- RNF11 -- PSEN1 -- SOD1 -- HNRNPK -- SMPD1 -- TNIK -- HTT -- BRCA1 -- CDKN2A -- BAX -- BAK1 -- BID -- PCNA -- PLAC8 -- CASP9 -- DIABLO -- APAF1 -- RASSF1
682,TP53 -- NFKB1 -- STAT1 -- FOS -- BIRC2 -- FASLG -- MAPK14 -- PTMA -- TGFB2 -- MAP2K7 -- MAP3K1 -- VEGFA -- RET -- MAPK1 -- TNFRSF10B -- AKT1 -- ATM -- CHUK -- PPP1R13L -- MAPK9 -- IRF1 -- EIF4G2 -- CYCS -- HIP1 -- OTUD7B -- CASP10 -- PARP1 -- PSEN1 -- HNRNPK -- CASP7 -- SMPD1 -- RBL2 -- HTT -- BID -- MCL1 -- PCNA -- TAF1 -- CCNG1 -- DIABLO -- RASSF1
683,NFKB1 -- STAT1 -- BIRC2 -- BIRC3 -- SIRT1 -- TNFAIP3 -- TRAF1 -- MAPK14 -- RHOA -- RAC1 -- MAP2K7 -- MAP3K1 -- VEGFA -- RET -- TRADD -- MAPK1 -- TNFRSF10B -- AKT1 -- MDM2 -- CHUK -- RPS6KA5 -- PPP1R13L -- MAPK9 -- LYN -- IRF1 -- CYCS -- HIP1 -- CDK4 -- OTUD7B -- PARP1 -- PSEN1 -- RPA4 -- TNIK -- PELP1 -- BAK1 -- EIF4E -- BID -- FOXM1 -- MCL1 -- CTBP1 -- PCNA -- TAF1 -- PLAC8 -- DIABLO
684,TNFRSF1A -- TNFRSF1B -- MAPK8 -- STAT1 -- JUN -- FOS -- SIRT1 -- RB1 -- TNFAIP3 -- TRAF1 -- MAPK14 -- RHOA -- NR3C1 -- RAC1 -- MAP2K7 -- MAP3K1 -- MAP3K14 -- TRADD -- ATM -- CASP2 -- CHUK -- RPS6KA5 -- PPP1R13L -- MAPK9 -- IRF1 -- EIF4G2 -- HTRA2 -- HIP1 -- OTUD7B -- RNF11 -- CASP10 -- PSEN1 -- SOD1 -- SMPD1 -- TNIK -- HTT -- BRCA1 -- CDKN2A -- BAK1 -- BID -- PCNA -- PLAC8 -- CASP9 -- DIABLO -- APAF1
685,TNFRSF1A -- TNFRSF1B -- MAPK8 -- BIRC2 -- SIRT1 -- RB1 -- TNFAIP3 -- CCND1 -- TRAF1 -- MAPK14 -- PTMA -- RHOA -- TGFB2 -- RAC1 -- MAP2K7 -- MAP3K1 -- TRADD -- MDM2 -- CHUK -- PPP1R13L -- MAPK9 -- LYN -- IRF1 -- EIF4G2 -- CYCS -- CDK4 -- OTUD7B -- RNF11 -- CASP10 -- PSEN1 -- BAD -- SOD1 -- RPA4 -- SMPD1 -- TNIK -- PELP1 -- BID -- FOXM1 -- PCNA -- TAF1 -- DIABLO
686,TNFRSF1A -- TNFRSF1B -- MAPK8 -- STAT1 -- JUN -- FOS -- SIRT1 -- RB1 -- TNFAIP3 -- TRAF1 -- MAPK14 -- RHOA -- NR3C1 -- RAC1 -- MAP2K7 -- MAP3K1 -- MAP3K14 -- RET -- TRADD -- ATM -- CASP2 -- CHUK -- RPS6KA5 -- PPP1R13L -- MAPK9 -- IRF1 -- EIF4G2 -- HTRA2 -- MYB -- HIP1 -- RNF11 -- PSEN1 -- SOD1 -- HNRNPK -- SMPD1 -- TNIK -- HTT -- BRCA1 -- CDKN2A -- BAK1 -- BID -- PCNA -- PLAC8 -- CASP9 -- DIABLO -- APAF1 -- RASSF1
687,STAT1 -- BIRC2 -- BIRC3 -- SIRT1 -- MYC -- MAPK14 -- PTMA -- IL2 -- RAC1 -- MAP2K7 -- MAP3K1 -- VEGFA -- RET -- MAPK1 -- AKT1 -- ATM -- CHUK -- PPP1R13L -- MAPK9 -- LYN -- IRF1 -- CYCS -- OTUD7B -- PARP1 -- PSEN1 -- HNRNPK -- SMPD1 -- BRCA1 -- CDKN2A -- EIF4E -- BID -- MCL1 -- PCNA -- TAF1 -- DIABLO -- RASSF1 -- RANGAP1
688,TP53 -- NFKB1 -- STAT1 -- BIRC2 -- MYC -- RB1 -- CCND1 -- MAPK14 -- PTMA -- IL2 -- MAP2K7 -- MAP3K1 -- RET -- MAPK1 -- AKT1 -- MDM2 -- CHUK -- PPP1R13L -- MAPK9 -- LYN -- IRF1 -- CYCS -- OTUD7B -- PARP1 -- PSEN1 -- HNRNPK -- HTT -- PSIP1 -- BAK1 -- EIF4E -- BID -- PCNA -- CCNG1 -- DIABLO
689,TNFRSF1A -- TNFRSF1B -- MAPK8 -- STAT1 -- JUN -- FOS -- BIRC2 -- SIRT1 -- TNFAIP3 -- TRAF1 -- MAPK14 -- RHOA -- NR3C1 -- TGFB2 -- RAC1 -- MAP2K7 -- MAP3K1 -- VEGFA -- MAP3K14 -- RET -- TRADD -- ATM -- CASP2 -- CHUK -- RPS6KA5 -- PPP1R13L -- MAPK9 -- IRF1 -- EIF4G2 -- MYB -- CYCS -- HIP1 -- RNF11 -- PSEN1 -- SOD1 -- HNRNPK -- CASP7 -- SMPD1 -- TNIK -- HTT -- BRCA1 -- CDKN2A -- BID -- MCL1 -- PCNA -- TAF1 -- PLAC8 -- CASP9 -- DIABLO -- APAF1 -- RASSF1
690,TNFRSF1A -- TNFRSF1B -- MAPK8 -- STAT1 -- FOS -- BIRC2 -- BIRC3 -- SIRT1 -- TNFAIP3 -- TRAF1 -- MAPK14 -- RHOA -- NR3C1 -- TGFB2 -- RAC1 -- MAP2K7 -- MAP3K1 -- VEGFA -- RET -- TRADD -- CHUK -- RPS6KA5 -- PPP1R13L -- MAPK9 -- LYN -- IRF1 -- EIF4G2 -- MYB -- HIP1 -- RNF11 -- PSEN1 -- SOD1 -- HNRNPK -- SMPD1 -- TNIK -- HTT -- BRCA1 -- BID -- MCL1 -- PCNA -- TAF1 -- PLAC8 -- DIABLO -- RASSF1
691,TNFRSF1A -- TNFRSF1B -- MAPK8 -- JUN -- FOS -- SIRT1 -- RB1 -- TNFAIP3 -- CCND1 -- TRAF1 -- MAPK14 -- RHOA -- RAC1 -- MAP2K7 -- MAP3K1 -- IGF1 -- MAP3K14 -- RET -- TRADD -- CASP2 -- CHUK -- RPS6KA5 -- PPP1R13L -- MAPK9 -- IRF1 -- EIF4G2 -- HTRA2 -- MYB -- HIP1 -- CDK4 -- OTUD7B -- RNF11 -- PSEN1 -- SOD1 -- RPA4 -- SMPD1 -- TNIK -- HTT -- CDKN2A -- PELP1 -- BAX -- BAK1 -- BID -- FOXM1 -- PCNA -- PLAC8 -- CASP9 -- DIABLO -- APAF1
692,TNFRSF1A -- TNFRSF1B -- NFKB1 -- MAPK8 -- JUN -- FOS -- SIRT1 -- RB1 -- TNFAIP3 -- CCND1 -- TRAF1 -- MAPK14 -- RHOA -- RAC1 -- MAP2K7 -- MAP3K1 -- IGF1 -- MAP3K14 -- TRADD -- TNFRSF10B -- ATM -- CASP2 -- MDM2 -- CHUK -- RPS6KA5 -- PPP1R13L -- MAPK9 -- IRF1 -- EIF4G2 -- HTRA2 -- HIP1 -- CDK4 -- OTUD7B -- RNF11 -- CASP10 -- PSEN1 -- SOD1 -- RPA4 -- SMPD1 -- TNIK -- HTT -- PELP1 -- BAX -- BAK1 -- BID -- FOXM1 -- PCNA -- PLAC8 -- CASP9 -- DIABLO
693,NFKB1 -- STAT1 -- BIRC2 -- BIRC3 -- SIRT1 -- TRAF1 -- MAPK14 -- RHOA -- IL2 -- RAC1 -- MAP2K7 -- MAP3K1 -- VEGFA -- RET -- MAPK1 -- TNFRSF10B -- AKT1 -- ATM -- MDM2 -- CHUK -- RPS6KA5 -- PPP1R13L -- MAPK9 -- LYN -- IRF1 -- EIF4G2 -- CYCS -- HIP1 -- CDK4 -- OTUD7B -- CASP10 -- PARP1 -- PSEN1 -- RPA4 -- PELP1 -- BAK1 -- BID -- FOXM1 -- MCL1 -- CTBP1 -- PCNA -- TAF1 -- PLAC8 -- DIABLO
694,TNFRSF1A -- TNFRSF1B -- MAPK8 -- STAT1 -- SIRT1 -- MYC -- TNFAIP3 -- MAPK14 -- PTMA -- RHOA -- RAC1 -- MAP2K7 -- MAP3K1 -- VEGFA -- MAP3K14 -- RET -- TRADD -- ATM -- CHUK -- PPP1R13L -- MAPK9 -- LYN -- IRF1 -- HTRA2 -- CDK4 -- OTUD7B -- RNF11 -- PSEN1 -- SOD1 -- HNRNPK -- RPA4 -- SMPD1 -- TNIK -- PELP1 -- BAK1 -- EIF4E -- BID -- FOXM1 -- MCL1 -- PCNA -- TAF1 -- PLAC8 -- DIABLO -- APAF1 -- RANGAP1
695,STAT1 -- JUN -- FOS -- FASLG -- TRAF1 -- MAPK14 -- TGFB2 -- RAC1 -- MAP2K7 -- MAP3K1 -- VEGFA -- MAP3K14 -- TRADD -- MAPK1 -- TNFRSF10B -- AKT1 -- ATM -- CASP2 -- MDM2 -- CHUK -- RPS6KA5 -- PPP1R13L -- MAPK9 -- IRF1 -- EIF4G2 -- HIP1 -- CDK4 -- OTUD7B -- CASP10 -- PSEN1 -- RPA4 -- CASP7 -- SMPD1 -- TNIK -- HTT -- CDKN2A -- PELP1 -- BID -- FOXM1 -- MCL1 -- CTBP1 -- PCNA -- TAF1 -- PLAC8 -- DIABLO
696,TNFRSF1A -- TNFRSF1B -- NFKB1 -- MAPK8 -- SIRT1 -- RB1 -- TNFAIP3 -- CCND1 -- TRAF1 -- MAPK14 -- RHOA -- RAC1 -- MAP2K7 -- MAP3K1 -- IGF1 -- MAP3K14 -- TRADD -- TNFRSF10B -- CASP2 -- MDM2 -- CHUK -- RPS6KA5 -- PPP1R13L -- MAPK9 -- LYN -- IRF1 -- EIF4G2 -- HTRA2 -- HIP1 -- CDK4 -- OTUD7B -- RNF11 -- CASP10 -- PSEN1 -- SOD1 -- RPA4 -- SMPD1 -- TNIK -- HTT -- PELP1 -- BAX -- BAK1 -- BID -- FOXM1 -- PCNA -- PLAC8 -- DIABLO -- APAF1
697,TNFRSF1B -- STAT1 -- JUN -- FOS -- BIRC2 -- BIRC3 -- SIRT1 -- TRAF1 -- MAPK14 -- RHOA -- TGFB2 -- RAC1 -- MAP2K7 -- MAP3K1 -- VEGFA -- MAP3K14 -- RET -- MAPK1 -- ATM -- CHUK -- RPS6KA5 -- PPP1R13L -- MAPK9 -- IRF1 -- EIF4G2 -- MYB -- CYCS -- HIP1 -- OTUD7B -- RNF11 -- PSEN1 -- SOD1 -- HNRNPK -- SMPD1 -- CDKN2A -- BID -- MCL1 -- PCNA -- TAF1 -- PLAC8 -- DIABLO -- RASSF1
698,STAT1 -- JUN -- FOS -- FASLG -- MAPK14 -- PTMA -- TGFB2 -- RAC1 -- MAP2K7 -- MAP3K1 -- IGF1 -- VEGFA -- MAP3K14 -- RET -- MAPK1 -- AKT1 -- CHUK -- RPS6KA5 -- PPP1R13L -- MAPK9 -- IRF1 -- EIF4G2 -- HTRA2 -- MYB -- HIP1 -- OTUD7B -- PSEN1 -- HNRNPK -- CASP7 -- SMPD1 -- BRCA1 -- CDKN2A -- BBC3 -- BAK1 -- BID -- PCNA -- TAF1 -- DIABLO -- APAF1
699,TNFRSF1A -- TNFRSF1B -- MAPK8 -- STAT1 -- JUN -- FOS -- SIRT1 -- TNFAIP3 -- TRAF1 -- MAPK14 -- RHOA -- NR3C1 -- TGFB2 -- RAC1 -- MAP2K7 -- MAP3K1 -- VEGFA -- MAP3K14 -- RET -- TRADD -- ATM -- CASP2 -- CHUK -- RPS6KA5 -- PPP1R13L -- MAPK9 -- IRF1 -- EIF4G2 -- HTRA2 -- MYB -- HIP1 -- RNF11 -- PSEN1 -- SOD1 -- HNRNPK -- CASP7 -- SMPD1 -- TNIK -- HTT -- BRCA1 -- CDKN2A -- BID -- MCL1 -- PCNA -- TAF1 -- PLAC8 -- CASP9 -- DIABLO -- APAF1 -- RASSF1
700,STAT1 -- JUN -- FOS -- BIRC3 -- SIRT1 -- MAPK14 -- TGFB2 -- RAC1 -- MAP2K7 -- MAP3K1 -- VEGFA -- RET -- MAPK1 -- AKT1 -- ATM -- CASP2 -- CHUK -- RPS6KA5 -- PPP1R13L -- MAPK9 -- IRF1 -- EIF4G2 -- MYB -- CYCS -- HIP1 -- CDK4 -- OTUD7B -- PARP1 -- PSEN1 -- RPA4 -- SMPD1 -- HTT -- CDKN2A -- BBC3 -- PELP1 -- BAK1 -- BID -- FOXM1 -- CTBP1 -- RBL1 -- PCNA -- TAF1 -- PLAC8 -- DIABLO
701,TNFRSF1A -- TNFRSF1B -- MAPK8 -- STAT1 -- JUN -- FOS -- SIRT1 -- TNFAIP3 -- TRAF1 -- MAPK14 -- RHOA -- NR3C1 -- TGFB2 -- RAC1 -- MAP2K7 -- MAP3K1 -- VEGFA -- MAP3K14 -- RET -- TRADD -- ATM -- CASP2 -- CHUK -- RPS6KA5 -- PPP1R13L -- MAPK9 -- IRF1 -- EIF4G2 -- HTRA2 -- MYB -- HIP1 -- RNF11 -- PSEN1 -- SOD1 -- HNRNPK -- CASP7 -- SMPD1 -- TNIK -- HTT -- BRCA1 -- CDKN2A -- BID -- MCL1 -- PCNA -- TAF1 -- PLAC8 -- CASP9 -- DIABLO -- APAF1 -- RASSF1
702,TNFRSF1A -- TNFRSF1B -- MAPK8 -- STAT1 -- JUN -- FOS -- SIRT1 -- RB1 -- TNFAIP3 -- TRAF1 -- MAPK14 -- RHOA -- NR3C1 -- RAC1 -- MAP2K7 -- MAP3K1 -- IGF1 -- VEGFA -- MAP3K14 -- RET -- TRADD -- ATM -- CASP2 -- CHUK -- RPS6KA5 -- PPP1R13L -- MAPK9 -- IRF1 -- EIF4G2 -- HTRA2 -- MYB -- HIP1 -- RNF11 -- CASP10 -- PSEN1 -- SOD1 -- SMPD1 -- TNIK -- HTT -- BRCA1 -- CDKN2A -- BAK1 -- BID -- FOXM1 -- PCNA -- PLAC8 -- CASP9 -- DIABLO -- APAF1 -- RASSF1
703,TNFRSF1A -- TNFRSF1B -- MAPK8 -- BIRC2 -- SIRT1 -- RB1 -- TNFAIP3 -- CCND1 -- TRAF1 -- MAPK14 -- PTMA -- RHOA -- RAC1 -- MAP2K7 -- MAP3K1 -- IGF1 -- TRADD -- MDM2 -- CHUK -- PPP1R13L -- MAPK9 -- LYN -- IRF1 -- CYCS -- HIP1 -- CDK4 -- OTUD7B -- RNF11 -- PSEN1 -- BAD -- SOD1 -- RPA4 -- SMPD1 -- TNIK -- PELP1 -- EIF4E -- BID -- FOXM1 -- MCL1 -- PCNA -- PLAC8 -- DIABLO
704,TNFRSF1A -- TNFRSF1B -- NFKB1 -- MAPK8 -- BIRC2 -- BIRC3 -- SIRT1 -- RB1 -- TNFAIP3 -- CCND1 -- TRAF1 -- MAPK14 -- RHOA -- RAC1 -- MAP2K7 -- MAP3K1 -- IGF1 -- TRADD -- MDM2 -- CHUK -- PPP1R13L -- MAPK9 -- LYN -- IRF1 -- CYCS -- HIP1 -- CDK4 -- OTUD7B -- RNF11 -- PSEN1 -- BAD -- SOD1 -- RPA4 -- SMPD1 -- TNIK -- PELP1 -- EIF4E -- BID -- FOXM1 -- MCL1 -- PCNA -- TAF1 -- DIABLO
705,TNFRSF1A -- TNFRSF1B -- NFKB1 -- MAPK8 -- BIRC2 -- BIRC3 -- SIRT1 -- RB1 -- TNFAIP3 -- CCND1 -- TRAF1 -- MAPK14 -- RHOA -- TGFB2 -- RAC1 -- MAP2K7 -- MAP3K1 -- RET -- TRADD -- TNFRSF10B -- CHUK -- RPS6KA5 -- PPP1R13L -- MAPK9 -- LYN -- IRF1 -- HTRA2 -- CYCS -- HIP1 -- CDK4 -- OTUD7B -- RNF11 -- PSEN1 -- SOD1 -- HNRNPK -- RPA4 -- SMPD1 -- TNIK -- PELP1 -- BAX -- BAK1 -- EIF4E -- BID -- FOXM1 -- RBL1 -- PCNA -- TAF1 -- PLAC8 -- DIABLO
706,TNFRSF1A -- TNFRSF1B -- NFKB1 -- MAPK8 -- BIRC2 -- BIRC3 -- SIRT1 -- MYC -- RB1 -- TNFAIP3 -- CCND1 -- MAPK14 -- PTMA -- RHOA -- RAC1 -- MAP2K7 -- MAP3K1 -- IGF1 -- TRADD -- TNFRSF10B -- ATM -- MDM2 -- CHUK -- PPP1R13L -- MAPK9 -- LYN -- IRF1 -- EIF4G2 -- CYCS -- CDK4 -- OTUD7B -- RNF11 -- CASP10 -- PSEN1 -- BAD -- SOD1 -- RPA4 -- SMPD1 -- TNIK -- PELP1 -- BAK1 -- BID -- FOXM1 -- PCNA -- DIABLO -- RANGAP1
707,TNF -- TNFRSF1B -- NFKB1 -- JUN -- FOS -- BIRC3 -- FASLG -- RB1 -- TNFAIP3 -- TRAF1 -- MAPK14 -- RHOA -- MAP2K7 -- MAP3K1 -- MAPK1 -- TNFRSF10B -- ATM -- MDM2 -- CHUK -- RPS6KA5 -- PPP1R13L -- MAPK9 -- IRF1 -- EIF4G2 -- MYB -- HIP1 -- CDK4 -- OTUD7B -- RNF11 -- CASP10 -- PSEN1 -- RPA4 -- SMPD1 -- TNIK -- PSIP1 -- PELP1 -- BID -- FOXM1 -- MCL1 -- CTBP1 -- PCNA -- PLAC8 -- DIABLO -- APAF1
708,TNFRSF1A -- TNFRSF1B -- NFKB1 -- MAPK8 -- BIRC2 -- SIRT1 -- MYC -- RB1 -- TNFAIP3 -- CCND1 -- MAPK14 -- PTMA -- RHOA -- RAC1 -- MAP2K7 -- MAP3K1 -- RET -- TRADD -- TNFRSF10B -- CHUK -- PPP1R13L -- MAPK9 -- LYN -- IRF1 -- EIF4G2 -- HTRA2 -- CYCS -- CDK4 -- OTUD7B -- RNF11 -- CASP10 -- PSEN1 -- SOD1 -- HNRNPK -- RPA4 -- SMPD1 -- TNIK -- PELP1 -- BAX -- BAK1 -- BID -- FOXM1 -- PCNA -- TAF1 -- DIABLO -- RANGAP1
709,TNFRSF1A -- TNFRSF1B -- NFKB1 -- MAPK8 -- SIRT1 -- RB1 -- TNFAIP3 -- CCND1 -- TRAF1 -- MAPK14 -- RHOA -- RAC1 -- MAP2K7 -- MAP3K1 -- TRADD -- TNFRSF10B -- CASP2 -- MDM2 -- CHUK -- RPS6KA5 -- PPP1R13L -- MAPK9 -- LYN -- IRF1 -- EIF4G2 -- HTRA2 -- HIP1 -- CDK4 -- OTUD7B -- RNF11 -- CASP10 -- PSEN1 -- SOD1 -- RPA4 -- SMPD1 -- TNIK -- PELP1 -- BAX -- BAK1 -- BID -- FOXM1 -- PCNA -- PLAC8 -- CASP9 -- DIABLO -- APAF1
710,TNFRSF1A -- TNFRSF1B -- NFKB1 -- MAPK8 -- SIRT1 -- RB1 -- TNFAIP3 -- CCND1 -- TRAF1 -- MAPK14 -- RHOA -- RAC1 -- MAP2K7 -- MAP3K1 -- MAP3K14 -- TRADD -- TNFRSF10B -- ATM -- CASP2 -- MDM2 -- CHUK -- RPS6KA5 -- PPP1R13L -- MAPK9 -- LYN -- IRF1 -- EIF4G2 -- HTRA2 -- HIP1 -- CDK4 -- OTUD7B -- RNF11 -- CASP10 -- PSEN1 -- SOD1 -- RPA4 -- SMPD1 -- TNIK -- HTT -- PELP1 -- BAX -- BAK1 -- BID -- FOXM1 -- PCNA -- PLAC8 -- DIABLO -- APAF1
711,STAT1 -- JUN -- FOS -- BIRC3 -- SIRT1 -- TRAF1 -- MAPK14 -- TGFB2 -- RAC1 -- MAP2K7 -- MAP3K1 -- VEGFA -- MAP3K14 -- RET -- TRADD -- TNFRSF10B -- AKT1 -- ATM -- CASP2 -- CHUK -- RPS6KA5 -- PPP1R13L -- MAPK9 -- LYN -- IRF1 -- MYB -- CYCS -- HIP1 -- OTUD7B -- CASP10 -- PSEN1 -- SOD1 -- SMPD1 -- TNIK -- HTT -- BRCA1 -- CDKN2A -- BAK1 -- EIF4E -- BID -- PCNA -- TAF1 -- PLAC8 -- DIABLO -- RASSF1
712,TNFRSF1A -- TNFRSF1B -- MAPK8 -- STAT1 -- BIRC2 -- SIRT1 -- TNFAIP3 -- TRAF1 -- MAPK14 -- RHOA -- TGFB2 -- RAC1 -- MAP2K7 -- MAP3K1 -- VEGFA -- TRADD -- MDM2 -- CHUK -- RPS6KA5 -- PPP1R13L -- MAPK9 -- LYN -- IRF1 -- EIF4G2 -- CYCS -- HIP1 -- CDK4 -- OTUD7B -- RNF11 -- PSEN1 -- SOD1 -- RPA4 -- SMPD1 -- TNIK -- PELP1 -- BID -- FOXM1 -- MCL1 -- PCNA -- TAF1 -- PLAC8 -- DIABLO
713,TNFRSF1A -- TNFRSF1B -- NFKB1 -- MAPK8 -- SIRT1 -- RB1 -- TNFAIP3 -- CCND1 -- TRAF1 -- MAPK14 -- RHOA -- RAC1 -- MAP2K7 -- MAP3K1 -- IGF1 -- TRADD -- TNFRSF10B -- ATM -- MDM2 -- CHUK -- RPS6KA5 -- PPP1R13L -- MAPK9 -- LYN -- IRF1 -- EIF4G2 -- HTRA2 -- HIP1 -- CDK4 -- OTUD7B -- RNF11 -- CASP10 -- PSEN1 -- SOD1 -- RPA4 -- SMPD1 -- TNIK -- PELP1 -- BAX -- BAK1 -- EIF4E -- BID -- FOXM1 -- PCNA -- PLAC8 -- DIABLO
714,TNFRSF1A -- TNFRSF1B -- MAPK8 -- STAT1 -- JUN -- FOS -- SIRT1 -- TNFAIP3 -- TRAF1 -- MAPK14 -- RHOA -- NR3C1 -- TGFB2 -- RAC1 -- MAP2K7 -- MAP3K1 -- VEGFA -- RET -- TRADD -- ATM -- CASP2 -- CHUK -- RPS6KA5 -- PPP1R13L -- MAPK9 -- LYN -- IRF1 -- EIF4G2 -- HTRA2 -- MYB -- HIP1 -- RNF11 -- PSEN1 -- SOD1 -- CASP7 -- SMPD1 -- TNIK -- CDKN2A -- BBC3 -- BAK1 -- BID -- RBL1 -- PCNA -- TAF1 -- PLAC8 -- CASP9 -- DIABLO -- RASSF1
715,TNFRSF1A -- TNFRSF1B -- MAPK8 -- STAT1 -- BIRC2 -- BIRC3 -- SIRT1 -- MYC -- TNFAIP3 -- TRAF1 -- MAPK14 -- RHOA -- NR3C1 -- RAC1 -- MAP2K7 -- MAP3K1 -- VEGFA -- RET -- TRADD -- CASP2 -- CHUK -- RPS6KA5 -- PPP1R13L -- MAPK9 -- LYN -- IRF1 -- EIF4G2 -- MYB -- CYCS -- HIP1 -- CDK4 -- OTUD7B -- RNF11 -- PSEN1 -- SOD1 -- HNRNPK -- SMPD1 -- TNIK -- HTT -- BID -- FOXM1 -- MCL1 -- PCNA -- TAF1 -- PLAC8 -- DIABLO -- RASSF1
716,TNFRSF1A -- TNFRSF1B -- TP53 -- MAPK8 -- STAT1 -- BIRC2 -- SIRT1 -- TNFAIP3 -- TRAF1 -- MAPK14 -- RHOA -- TGFB2 -- MAP2K7 -- MAP3K1 -- VEGFA -- MAP3K14 -- RET -- TRADD -- TNFRSF10B -- ATM -- CHUK -- RPS6KA5 -- PPP1R13L -- MAPK9 -- LYN -- IRF1 -- EIF4G2 -- CYCS -- HIP1 -- CDK4 -- RNF11 -- CASP10 -- PSEN1 -- SOD1 -- HNRNPK -- RPA4 -- SMPD1 -- TNIK -- HTT -- PELP1 -- BID -- FOXM1 -- MCL1 -- PCNA -- TAF1 -- PLAC8 -- CASP9 -- CCNG1 -- DIABLO -- APAF1
717,SIRT1 -- RB1 -- TNFAIP3 -- CCND1 -- CFLAR -- TRAF1 -- MAPK14 -- RHOA -- IL2 -- RAC1 -- MAP2K7 -- MAP3K1 -- MAP3K14 -- MAPK1 -- TNFRSF10B -- E2F1 -- MDM2 -- CHUK -- RPS6KA5 -- PPP1R13L -- MAPK9 -- LYN -- IRF1 -- HTRA2 -- HIP1 -- CDK4 -- OTUD7B -- RNF11 -- PARP1 -- PSEN1 -- SOD1 -- RPA4 -- BBC3 -- BAX -- BAK1 -- EIF4E -- BID -- FOXM1 -- PCNA -- PLAC8 -- DIABLO -- APAF1
718,TNFRSF1A -- TNFRSF1B -- MAPK8 -- STAT1 -- JUN -- FOS -- BIRC2 -- BIRC3 -- SIRT1 -- TNFAIP3 -- TRAF1 -- MAPK14 -- RHOA -- NR3C1 -- TGFB2 -- RAC1 -- MAP2K7 -- MAP3K1 -- VEGFA -- MAP3K14 -- RET -- TRADD -- ATM -- CASP2 -- CHUK -- RPS6KA5 -- PPP1R13L -- MAPK9 -- IRF1 -- EIF4G2 -- MYB -- CYCS -- HIP1 -- RNF11 -- PSEN1 -- SOD1 -- HNRNPK -- CASP7 -- SMPD1 -- TNIK -- HTT -- BRCA1 -- CDKN2A -- BID -- MCL1 -- PCNA -- TAF1 -- PLAC8 -- DIABLO -- APAF1 -- RASSF1
719,NFKB1 -- STAT1 -- BIRC2 -- BIRC3 -- TNFAIP3 -- TRAF1 -- MAPK14 -- RHOA -- IL2 -- RAC1 -- MAP2K7 -- MAP3K1 -- VEGFA -- RET -- MAPK1 -- TNFRSF10B -- MDM2 -- CHUK -- RPS6KA5 -- PPP1R13L -- MAPK9 -- LYN -- IRF1 -- CYCS -- HIP1 -- CDK4 -- OTUD7B -- PARP1 -- PSEN1 -- RPA4 -- SMPD1 -- PELP1 -- BAK1 -- EIF4E -- BID -- FOXM1 -- MCL1 -- CTBP1 -- PCNA -- TAF1 -- PLAC8 -- DIABLO
720,TNFRSF1A -- TNFRSF1B -- MAPK8 -- BIRC3 -- SIRT1 -- RB1 -- TNFAIP3 -- CCND1 -- TRAF1 -- MAPK14 -- RHOA -- RAC1 -- MAP2K7 -- MAP3K1 -- TRADD -- CASP2 -- MDM2 -- CHUK -- RPS6KA5 -- PPP1R13L -- MAPK9 -- LYN -- IRF1 -- EIF4G2 -- HTRA2 -- MYB -- HIP1 -- CDK4 -- OTUD7B -- RNF11 -- PSEN1 -- SOD1 -- RPA4 -- SMPD1 -- TNIK -- HTT -- PELP1 -- BAX -- BAK1 -- BID -- FOXM1 -- PCNA -- PLAC8 -- DIABLO
721,STAT1 -- BIRC2 -- BIRC3 -- SIRT1 -- TRAF1 -- MAPK14 -- RAC1 -- MAP2K7 -- MAP3K1 -- IGF1 -- VEGFA -- TRADD -- MAPK1 -- AKT1 -- E2F1 -- MDM2 -- CHUK -- RPS6KA5 -- PPP1R13L -- MAPK9 -- LYN -- IRF1 -- EIF4G2 -- MYB -- CYCS -- HIP1 -- CDK4 -- OTUD7B -- RNF11 -- PARP1 -- PSEN1 -- RPA4 -- SMPD1 -- TNIK -- BBC3 -- PELP1 -- EIF4E -- BID -- FOXM1 -- CTBP1 -- RBL1 -- PCNA -- TAF1 -- PLAC8 -- DIABLO
722,NFKB1 -- BIRC2 -- RB1 -- TNFAIP3 -- CFLAR -- TRAF1 -- MAPK14 -- PTMA -- RAC1 -- MAP2K7 -- MAP3K1 -- IGF1 -- RET -- MAPK1 -- TNFRSF10B -- AKT1 -- ATM -- CHUK -- RPS6KA5 -- PPP1R13L -- MAPK9 -- LYN -- HIP1 -- CDK4 -- OTUD7B -- PARP1 -- PSEN1 -- HNRNPK -- RPA4 -- SMPD1 -- TNIK -- PELP1 -- BAK1 -- EIF4E -- BID -- FOXM1 -- CTBP1 -- PCNA -- PLAC8 -- DIABLO -- APAF1
723,TNFRSF1A -- TNFRSF1B -- MAPK8 -- STAT1 -- JUN -- FOS -- BIRC2 -- BIRC3 -- SIRT1 -- TNFAIP3 -- TRAF1 -- MAPK14 -- RHOA -- NR3C1 -- TGFB2 -- RAC1 -- MAP2K7 -- MAP3K1 -- VEGFA -- RET -- TRADD -- ATM -- CHUK -- RPS6KA5 -- PPP1R13L -- MAPK9 -- IRF1 -- EIF4G2 -- MYB -- CYCS -- HIP1 -- RNF11 -- CASP10 -- PSEN1 -- SOD1 -- HNRNPK -- SMPD1 -- TNIK -- BRCA1 -- CDKN2A -- BID -- MCL1 -- PCNA -- TAF1 -- PLAC8 -- CASP9 -- DIABLO -- RASSF1
724,TNFRSF1A -- TNFRSF1B -- MAPK8 -- STAT1 -- BIRC2 -- SIRT1 -- MYC -- TNFAIP3 -- TRAF1 -- MAPK14 -- PTMA -- RHOA -- RAC1 -- MAP2K7 -- MAP3K1 -- VEGFA -- RET -- TRADD -- ATM -- CHUK -- RPS6KA5 -- PPP1R13L -- MAPK9 -- LYN -- IRF1 -- CYCS -- HIP1 -- RNF11 -- PSEN1 -- SOD1 -- HNRNPK -- SMPD1 -- TNIK -- BRCA1 -- CDKN2A -- EIF4E -- BID -- MCL1 -- PCNA -- TAF1 -- DIABLO -- RASSF1
725,TNFRSF1A -- TNFRSF1B -- NFKB1 -- MAPK8 -- BIRC2 -- BIRC3 -- SIRT1 -- RB1 -- TNFAIP3 -- CCND1 -- TRAF1 -- MAPK14 -- RHOA -- RAC1 -- MAP2K7 -- MAP3K1 -- IGF1 -- TRADD -- TNFRSF10B -- ATM -- MDM2 -- CHUK -- RPS6KA5 -- PPP1R13L -- MAPK9 -- LYN -- IRF1 -- EIF4G2 -- HTRA2 -- HIP1 -- CDK4 -- OTUD7B -- RNF11 -- CASP10 -- PSEN1 -- SOD1 -- RPA4 -- SMPD1 -- TNIK -- PELP1 -- BAX -- BAK1 -- EIF4E -- BID -- FOXM1 -- PCNA -- PLAC8 -- DIABLO
726,NFKB1 -- STAT1 -- JUN -- FOS -- FASLG -- TNFAIP3 -- TRAF1 -- MAPK14 -- TGFB2 -- RAC1 -- MAP2K7 -- MAP3K1 -- IGF1 -- VEGFA -- MAP3K14 -- MAPK1 -- TNFRSF10B -- AKT1 -- ATM -- MDM2 -- CHUK -- RPS6KA5 -- PPP1R13L -- MAPK9 -- IRF1 -- EIF4G2 -- HTRA2 -- MYB -- HIP1 -- CDK4 -- OTUD7B -- CASP10 -- PSEN1 -- RPA4 -- CASP7 -- SMPD1 -- RBL2 -- PELP1 -- EIF4E -- BID -- FOXM1 -- MCL1 -- CTBP1 -- PCNA -- TAF1 -- PLAC8 -- DIABLO
727,TP53 -- MAPK8 -- STAT1 -- BIRC2 -- SIRT1 -- TRAF1 -- MAPK14 -- MAP2K7 -- MAP3K1 -- IGF1 -- VEGFA -- TRADD -- TNFRSF10B -- AKT1 -- NFKB2 -- E2F1 -- MDM2 -- CHUK -- RPS6KA5 -- PPP1R13L -- MAPK9 -- LYN -- IRF1 -- CYCS -- HIP1 -- CDK4 -- OTUD7B -- CASP10 -- PARP1 -- PSEN1 -- SMPD1 -- HTT -- PELP1 -- BAK1 -- BID -- FOXM1 -- CTBP1 -- RBL1 -- PCNA -- TAF1 -- PLAC8 -- CCNG1 -- DIABLO
728,TNFRSF1A -- TNFRSF1B -- NFKB1 -- MAPK8 -- BIRC2 -- BIRC3 -- SIRT1 -- RB1 -- TNFAIP3 -- CCND1 -- TRAF1 -- MAPK14 -- RHOA -- RAC1 -- MAP2K7 -- MAP3K1 -- IGF1 -- TRADD -- MDM2 -- CHUK -- RPS6KA5 -- PPP1R13L -- MAPK9 -- LYN -- IRF1 -- HTRA2 -- CYCS -- HIP1 -- CDK4 -- OTUD7B -- RNF11 -- PSEN1 -- SOD1 -- RPA4 -- SMPD1 -- TNIK -- PELP1 -- BAK1 -- EIF4E -- BID -- FOXM1 -- PCNA -- PLAC8 -- DIABLO -- RANGAP1
729,TNFRSF1A -- TNFRSF1B -- NFKB1 -- MAPK8 -- BIRC2 -- SIRT1 -- RB1 -- TNFAIP3 -- CCND1 -- TRAF1 -- MAPK14 -- RHOA -- RAC1 -- MAP2K7 -- MAP3K1 -- MAP3K14 -- TRADD -- TNFRSF10B -- CASP2 -- MDM2 -- CHUK -- RPS6KA5 -- PPP1R13L -- MAPK9 -- LYN -- IRF1 -- EIF4G2 -- HTRA2 -- HIP1 -- CDK4 -- OTUD7B -- RNF11 -- CASP10 -- PSEN1 -- SOD1 -- RPA4 -- SMPD1 -- TNIK -- HTT -- PELP1 -- BAX -- BAK1 -- BID -- FOXM1 -- PCNA -- PLAC8 -- DIABLO
730,TNFRSF1A -- TNFRSF1B -- MAPK8 -- STAT1 -- JUN -- FOS -- BIRC2 -- BIRC3 -- SIRT1 -- TNFAIP3 -- TRAF1 -- MAPK14 -- RHOA -- NR3C1 -- TGFB2 -- RAC1 -- MAP2K7 -- MAP3K1 -- VEGFA -- RET -- TRADD -- ATM -- CHUK -- RPS6KA5 -- PPP1R13L -- MAPK9 -- IRF1 -- MYB -- CYCS -- HIP1 -- RNF11 -- PSEN1 -- SOD1 -- HNRNPK -- SMPD1 -- TNIK -- BRCA1 -- CDKN2A -- BID -- MCL1 -- PCNA -- TAF1 -- PLAC8 -- DIABLO -- RASSF1
731,BIRC3 -- SIRT1 -- CCND1 -- MAPK14 -- RAC1 -- MAP2K7 -- MAP3K1 -- MAPK1 -- CHUK -- RPS6KA5 -- PPP1R13L -- MAPK9 -- LYN -- IRF1 -- EIF4G2 -- HTRA2 -- MYB -- HIP1 -- CDK4 -- OTUD7B -- RNF11 -- PARP1 -- PSEN1 -- SOD1 -- HNRNPK -- RPA4 -- SMPD1 -- TNIK -- BBC3 -- PELP1 -- BAX -- BAK1 -- BID -- FOXM1 -- CTBP1 -- RBL1 -- PCNA -- TAF1 -- PLAC8 -- DIABLO
732,TNFRSF1A -- TNFRSF1B -- MAPK8 -- STAT1 -- FOS -- BIRC2 -- BIRC3 -- SIRT1 -- MYC -- TNFAIP3 -- MAPK14 -- PTMA -- RHOA -- TGFB2 -- RAC1 -- MAP2K7 -- MAP3K1 -- VEGFA -- RET -- TRADD -- ATM -- CHUK -- PPP1R13L -- MAPK9 -- LYN -- IRF1 -- CYCS -- RNF11 -- PSEN1 -- BAD -- SOD1 -- HNRNPK -- SMPD1 -- TNIK -- BRCA1 -- CDKN2A -- EIF4E -- BID -- MCL1 -- PCNA -- TAF1 -- DIABLO -- RASSF1 -- RANGAP1
733,TNFRSF1A -- TNFRSF1B -- MAPK8 -- STAT1 -- BIRC2 -- BIRC3 -- SIRT1 -- TNFAIP3 -- TRAF1 -- MAPK14 -- RHOA -- NR3C1 -- RAC1 -- MAP2K7 -- MAP3K1 -- VEGFA -- RET -- TRADD -- ATM -- CHUK -- RPS6KA5 -- PPP1R13L -- MAPK9 -- LYN -- IRF1 -- EIF4G2 -- MYB -- CYCS -- HIP1 -- RNF11 -- PSEN1 -- SOD1 -- HNRNPK -- SMPD1 -- TNIK -- BRCA1 -- CDKN2A -- BID -- MCL1 -- PCNA -- TAF1 -- PLAC8 -- DIABLO -- RASSF1
734,TNFRSF1A -- TNFRSF1B -- MAPK8 -- BIRC2 -- SIRT1 -- MYC -- TNFAIP3 -- CCND1 -- MAPK14 -- PTMA -- RHOA -- TGFB2 -- RAC1 -- MAP2K7 -- MAP3K1 -- IGF1 -- TRADD -- MDM2 -- CHUK -- PPP1R13L -- MAPK9 -- LYN -- IRF1 -- HTRA2 -- CYCS -- CDK4 -- OTUD7B -- RNF11 -- PSEN1 -- SOD1 -- RPA4 -- SMPD1 -- TNIK -- PELP1 -- BAK1 -- EIF4E -- BID -- FOXM1 -- MCL1 -- PCNA -- TAF1 -- DIABLO -- RANGAP1
735,STAT1 -- BIRC2 -- BIRC3 -- SIRT1 -- TRAF1 -- MAPK14 -- RAC1 -- MAP2K7 -- MAP3K1 -- IGF1 -- VEGFA -- MAPK1 -- ATM -- MDM2 -- CHUK -- RPS6KA5 -- PPP1R13L -- MAPK9 -- LYN -- IRF1 -- CYCS -- HIP1 -- CDK4 -- OTUD7B -- RNF11 -- PARP1 -- PSEN1 -- SOD1 -- RPA4 -- SMPD1 -- PELP1 -- BAK1 -- EIF4E -- BID -- FOXM1 -- CTBP1 -- PCNA -- TAF1 -- PLAC8 -- DIABLO
736,TNFRSF1A -- NFKB1 -- MAPK8 -- BIRC2 -- BIRC3 -- MYC -- TNFAIP3 -- MAPK14 -- PTMA -- IL2 -- RAC1 -- MAP2K7 -- MAP3K1 -- VEGFA -- TRADD -- TNFRSF10B -- AKT1 -- E2F1 -- MDM2 -- CHUK -- PPP1R13L -- MAPK9 -- LYN -- EIF4G2 -- CYCS -- CDK4 -- OTUD7B -- RNF11 -- CASP10 -- PSEN1 -- SOD1 -- HNRNPK -- RPA4 -- SMPD1 -- TNIK -- BBC3 -- PELP1 -- BID -- FOXM1 -- MCL1 -- CTBP1 -- DIABLO -- RANGAP1
737,TNFRSF1A -- TNFRSF1B -- NFKB1 -- MAPK8 -- BIRC2 -- BIRC3 -- SIRT1 -- MYC -- TNFAIP3 -- CCND1 -- MAPK14 -- PTMA -- RHOA -- RAC1 -- MAP2K7 -- MAP3K1 -- TRADD -- TNFRSF10B -- MDM2 -- CHUK -- PPP1R13L -- MAPK9 -- LYN -- IRF1 -- CYCS -- CDK4 -- OTUD7B -- RNF11 -- PSEN1 -- BAD -- SOD1 -- RPA4 -- SMPD1 -- TNIK -- PELP1 -- BID -- FOXM1 -- MCL1 -- PCNA -- TAF1 -- DIABLO -- RANGAP1
738,TNFRSF1A -- TNFRSF1B -- MAPK8 -- STAT1 -- JUN -- BIRC2 -- BIRC3 -- SIRT1 -- TNFAIP3 -- TRAF1 -- MAPK14 -- RHOA -- NR3C1 -- TGFB2 -- RAC1 -- MAP2K7 -- MAP3K1 -- VEGFA -- RET -- TRADD -- ATM -- CHUK -- RPS6KA5 -- PPP1R13L -- MAPK9 -- LYN -- IRF1 -- EIF4G2 -- MYB -- CYCS -- HIP1 -- RNF11 -- PSEN1 -- SOD1 -- HNRNPK -- SMPD1 -- TNIK -- HTT -- BRCA1 -- CDKN2A -- BID -- MCL1 -- PCNA -- TAF1 -- PLAC8 -- DIABLO -- RASSF1
739,TNFRSF1A -- TNFRSF1B -- MAPK8 -- STAT1 -- JUN -- FOS -- BIRC2 -- BIRC3 -- SIRT1 -- TNFAIP3 -- TRAF1 -- MAPK14 -- RHOA -- NR3C1 -- TGFB2 -- RAC1 -- MAP2K7 -- MAP3K1 -- VEGFA -- RET -- TRADD -- ATM -- CHUK -- RPS6KA5 -- PPP1R13L -- MAPK9 -- LYN -- IRF1 -- EIF4G2 -- MYB -- CYCS -- HIP1 -- RNF11 -- PSEN1 -- SOD1 -- HNRNPK -- SMPD1 -- TNIK -- BRCA1 -- CDKN2A -- BID -- MCL1 -- PCNA -- TAF1 -- PLAC8 -- DIABLO -- RASSF1
740,TNFRSF1A -- TNFRSF1B -- MAPK8 -- STAT1 -- BIRC2 -- BIRC3 -- SIRT1 -- TNFAIP3 -- TRAF1 -- MAPK14 -- RHOA -- NR3C1 -- RAC1 -- MAP2K7 -- MAP3K1 -- VEGFA -- RET -- TRADD -- ATM -- CHUK -- RPS6KA5 -- PPP1R13L -- MAPK9 -- LYN -- IRF1 -- EIF4G2 -- MYB -- CYCS -- HIP1 -- RNF11 -- PSEN1 -- SOD1 -- HNRNPK -- SMPD1 -- TNIK -- BRCA1 -- BID -- MCL1 -- PCNA -- TAF1 -- PLAC8 -- DIABLO -- APAF1 -- RASSF1
741,TNFRSF1A -- TNFRSF1B -- NFKB1 -- MAPK8 -- BIRC2 -- SIRT1 -- RB1 -- TNFAIP3 -- CCND1 -- TRAF1 -- MAPK14 -- RHOA -- RAC1 -- MAP2K7 -- MAP3K1 -- TRADD -- TNFRSF10B -- MDM2 -- CHUK -- RPS6KA5 -- PPP1R13L -- MAPK9 -- LYN -- IRF1 -- CYCS -- HIP1 -- CDK4 -- OTUD7B -- RNF11 -- PSEN1 -- SOD1 -- RPA4 -- SMPD1 -- TNIK -- PELP1 -- BAX -- BAK1 -- BID -- FOXM1 -- PCNA -- PLAC8 -- DIABLO -- APAF1
742,TNFRSF1A -- TNFRSF1B -- NFKB1 -- MAPK8 -- JUN -- SIRT1 -- RB1 -- TNFAIP3 -- CCND1 -- TRAF1 -- MAPK14 -- RHOA -- RAC1 -- MAP2K7 -- MAP3K1 -- IGF1 -- MAP3K14 -- TRADD -- TNFRSF10B -- ATM -- CASP2 -- MDM2 -- CHUK -- RPS6KA5 -- PPP1R13L -- MAPK9 -- IRF1 -- EIF4G2 -- HTRA2 -- HIP1 -- CDK4 -- OTUD7B -- RNF11 -- CASP10 -- PSEN1 -- SOD1 -- RPA4 -- SMPD1 -- TNIK -- PELP1 -- BAX -- BAK1 -- BID -- FOXM1 -- PCNA -- PLAC8 -- CASP9 -- DIABLO -- APAF1
743,TNFRSF1A -- TNFRSF1B -- MAPK8 -- STAT1 -- JUN -- FOS -- BIRC2 -- BIRC3 -- SIRT1 -- TNFAIP3 -- TRAF1 -- MAPK14 -- RHOA -- NR3C1 -- TGFB2 -- RAC1 -- MAP2K7 -- MAP3K1 -- VEGFA -- RET -- TRADD -- TNFRSF10B -- ATM -- CHUK -- RPS6KA5 -- PPP1R13L -- MAPK9 -- IRF1 -- EIF4G2 -- MYB -- CYCS -- HIP1 -- RNF11 -- CASP10 -- PSEN1 -- SOD1 -- HNRNPK -- SMPD1 -- TNIK -- BRCA1 -- CDKN2A -- BID -- FOXM1 -- MCL1 -- PCNA -- PLAC8 -- DIABLO -- RASSF1
744,TNFRSF1A -- TNFRSF1B -- NFKB1 -- MAPK8 -- JUN -- FOS -- SIRT1 -- RB1 -- TNFAIP3 -- CCND1 -- TRAF1 -- MAPK14 -- RHOA -- RAC1 -- MAP2K7 -- MAP3K1 -- IGF1 -- MAP3K14 -- TRADD -- TNFRSF10B -- ATM -- CASP2 -- MDM2 -- CHUK -- RPS6KA5 -- PPP1R13L -- MAPK9 -- IRF1 -- EIF4G2 -- HTRA2 -- HIP1 -- CDK4 -- OTUD7B -- RNF11 -- CASP10 -- PSEN1 -- SOD1 -- RPA4 -- SMPD1 -- TNIK -- HTT -- CDKN2A -- PELP1 -- BAX -- BAK1 -- BID -- FOXM1 -- PCNA -- PLAC8 -- CASP9 -- DIABLO -- APAF1
745,TNFRSF1A -- TNFRSF1B -- NFKB1 -- MAPK8 -- STAT1 -- JUN -- FOS -- SIRT1 -- TNFAIP3 -- TRAF1 -- MAPK14 -- RHOA -- RAC1 -- MAP2K7 -- MAP3K1 -- IGF1 -- VEGFA -- MAP3K14 -- RET -- TRADD -- CASP2 -- CHUK -- RPS6KA5 -- PPP1R13L -- MAPK9 -- IRF1 -- EIF4G2 -- HTRA2 -- HIP1 -- CDK4 -- OTUD7B -- RNF11 -- PSEN1 -- SOD1 -- HNRNPK -- CASP7 -- SMPD1 -- TNIK -- PELP1 -- BAK1 -- BID -- RBL1 -- PCNA -- TAF1 -- PLAC8 -- CASP9 -- DIABLO -- APAF1
746,TNFRSF1A -- TNFRSF1B -- NFKB1 -- MAPK8 -- BIRC2 -- BIRC3 -- SIRT1 -- MYC -- RB1 -- TNFAIP3 -- CCND1 -- MAPK14 -- PTMA -- RHOA -- RAC1 -- MAP2K7 -- MAP3K1 -- IGF1 -- RET -- TRADD -- TNFRSF10B -- CASP2 -- MDM2 -- CHUK -- PPP1R13L -- MAPK9 -- LYN -- IRF1 -- EIF4G2 -- CYCS -- CDK4 -- OTUD7B -- RNF11 -- CASP10 -- PSEN1 -- BAD -- SOD1 -- RPA4 -- SMPD1 -- TNIK -- HTT -- PELP1 -- BID -- FOXM1 -- MCL1 -- PCNA -- DIABLO -- RANGAP1
747,TNFRSF1A -- TNFRSF1B -- NFKB1 -- MAPK8 -- BIRC2 -- SIRT1 -- RB1 -- TNFAIP3 -- CCND1 -- TRAF1 -- MAPK14 -- RHOA -- RAC1 -- MAP2K7 -- MAP3K1 -- TRADD -- TNFRSF10B -- ATM -- MDM2 -- CHUK -- RPS6KA5 -- PPP1R13L -- MAPK9 -- LYN -- IRF1 -- EIF4G2 -- HTRA2 -- CYCS -- HIP1 -- CDK4 -- OTUD7B -- RNF11 -- CASP10 -- PSEN1 -- SOD1 -- RPA4 -- SMPD1 -- TNIK -- PELP1 -- BAX -- BAK1 -- BID -- FOXM1 -- PCNA -- PLAC8 -- DIABLO
748,TNFRSF1A -- TNFRSF1B -- NFKB1 -- MAPK8 -- JUN -- SIRT1 -- RB1 -- TNFAIP3 -- CCND1 -- TRAF1 -- MAPK14 -- RHOA -- RAC1 -- MAP2K7 -- MAP3K1 -- IGF1 -- MAP3K14 -- TRADD -- TNFRSF10B -- ATM -- CASP2 -- MDM2 -- CHUK -- RPS6KA5 -- PPP1R13L -- MAPK9 -- IRF1 -- EIF4G2 -- HTRA2 -- MYB -- HIP1 -- CDK4 -- OTUD7B -- RNF11 -- PSEN1 -- SOD1 -- RPA4 -- SMPD1 -- TNIK -- HTT -- CDKN2A -- PELP1 -- BAX -- BAK1 -- BID -- FOXM1 -- PCNA -- PLAC8 -- CASP9 -- DIABLO -- APAF1
749,TNFRSF1A -- TNFRSF1B -- NFKB1 -- MAPK8 -- BIRC2 -- BIRC3 -- SIRT1 -- MYC -- RB1 -- TNFAIP3 -- CCND1 -- MAPK14 -- PTMA -- RHOA -- RAC1 -- MAP2K7 -- MAP3K1 -- IGF1 -- TRADD -- ATM -- MDM2 -- CHUK -- PPP1R13L -- MAPK9 -- LYN -- IRF1 -- CYCS -- CDK4 -- OTUD7B -- RNF11 -- PSEN1 -- BAD -- SOD1 -- RPA4 -- SMPD1 -- TNIK -- PELP1 -- BAX -- BAK1 -- EIF4E -- BID -- FOXM1 -- PCNA -- TAF1 -- DIABLO -- RANGAP1
750,TNFRSF1A -- TNFRSF1B -- NFKB1 -- MAPK8 -- FOS -- SIRT1 -- RB1 -- TNFAIP3 -- CCND1 -- TRAF1 -- MAPK14 -- RHOA -- RAC1 -- MAP2K7 -- MAP3K1 -- IGF1 -- MAP3K14 -- TRADD -- TNFRSF10B -- ATM -- CASP2 -- MDM2 -- CHUK -- RPS6KA5 -- PPP1R13L -- MAPK9 -- IRF1 -- EIF4G2 -- HTRA2 -- HIP1 -- CDK4 -- OTUD7B -- RNF11 -- CASP10 -- PSEN1 -- SOD1 -- RPA4 -- SMPD1 -- TNIK -- HTT -- PELP1 -- BAX -- BAK1 -- BID -- FOXM1 -- PCNA -- PLAC8 -- CASP9 -- DIABLO -- APAF1
751,NFKB1 -- MAPK8 -- BIRC2 -- BIRC3 -- SIRT1 -- RB1 -- TNFAIP3 -- CCND1 -- TRAF1 -- MAPK14 -- RHOA -- RAC1 -- MAP2K7 -- MAP3K1 -- TRADD -- TNFRSF10B -- ATM -- MDM2 -- CHUK -- RPS6KA5 -- PPP1R13L -- MAPK9 -- LYN -- IRF1 -- EIF4G2 -- CYCS -- HIP1 -- CDK4 -- OTUD7B -- RNF11 -- CASP10 -- PSEN1 -- SOD1 -- RPA4 -- TNIK -- PELP1 -- BID -- FOXM1 -- PCNA -- PLAC8 -- DIABLO
752,NFKB1 -- STAT1 -- BIRC2 -- BIRC3 -- SIRT1 -- MAPK14 -- IL2 -- RAC1 -- MAP2K7 -- MAP3K1 -- IGF1 -- VEGFA -- MAPK1 -- AKT1 -- CHUK -- RPS6KA5 -- PPP1R13L -- MAPK9 -- LYN -- IRF1 -- CYCS -- HIP1 -- CDK4 -- OTUD7B -- PARP1 -- PSEN1 -- RPA4 -- SMPD1 -- PELP1 -- EIF4E -- BID -- FOXM1 -- MCL1 -- CTBP1 -- RBL1 -- PCNA -- TAF1 -- PLAC8 -- DIABLO
753,TNFRSF1A -- TNFRSF1B -- NFKB1 -- MAPK8 -- BIRC2 -- BIRC3 -- SIRT1 -- RB1 -- TNFAIP3 -- CCND1 -- MAPK14 -- RHOA -- TGFB2 -- RAC1 -- MAP2K7 -- MAP3K1 -- TRADD -- TNFRSF10B -- ATM -- MDM2 -- CHUK -- PPP1R13L -- MAPK9 -- LYN -- IRF1 -- EIF4G2 -- CYCS -- CDK4 -- OTUD7B -- RNF11 -- CASP10 -- PSEN1 -- BAD -- SOD1 -- RPA4 -- SMPD1 -- TNIK -- BID -- FOXM1 -- PCNA -- TAF1 -- DIABLO -- RANGAP1
754,TNFRSF1A -- TNFRSF1B -- MAPK8 -- JUN -- FOS -- SIRT1 -- RB1 -- TNFAIP3 -- TRAF1 -- MAPK14 -- RHOA -- RAC1 -- MAP2K7 -- MAP3K1 -- MAP3K14 -- TRADD -- ATM -- CASP2 -- CHUK -- RPS6KA5 -- PPP1R13L -- MAPK9 -- IRF1 -- EIF4G2 -- HTRA2 -- MYB -- HIP1 -- OTUD7B -- RNF11 -- PSEN1 -- SOD1 -- RPA4 -- SMPD1 -- TNIK -- HTT -- BRCA1 -- CDKN2A -- BAX -- BAK1 -- BID -- PCNA -- PLAC8 -- CASP9 -- DIABLO -- APAF1
755,TNFRSF1B -- STAT1 -- FASLG -- TRAF1 -- MAPK14 -- RHOA -- RAC1 -- MAP2K7 -- MAP3K1 -- VEGFA -- RET -- MAPK1 -- TNFRSF10B -- ATM -- CHUK -- RPS6KA5 -- PPP1R13L -- MAPK9 -- LYN -- IRF1 -- HTRA2 -- HIP1 -- CDK4 -- OTUD7B -- RNF11 -- PARP1 -- PSEN1 -- SOD1 -- HNRNPK -- RPA4 -- PELP1 -- BAK1 -- EIF4E -- BID -- FOXM1 -- MCL1 -- CTBP1 -- PCNA -- TAF1 -- PLAC8 -- DIABLO
756,NFKB1 -- STAT1 -- TNFAIP3 -- CFLAR -- TRAF1 -- MAPK14 -- TGFB2 -- RAC1 -- MAP2K7 -- MAP3K1 -- IGF1 -- VEGFA -- MAP3K14 -- MAPK1 -- TNFRSF10B -- CASP2 -- MDM2 -- CHUK -- RPS6KA5 -- PPP1R13L -- MAPK9 -- IRF1 -- EIF4G2 -- HTRA2 -- HIP1 -- CDK4 -- OTUD7B -- PARP1 -- PSEN1 -- SOD1 -- RPA4 -- CASP7 -- SMPD1 -- TNIK -- HTT -- PELP1 -- BAK1 -- BID -- FOXM1 -- MCL1 -- CTBP1 -- PCNA -- TAF1 -- PLAC8 -- DIABLO
757,TNFRSF1A -- TNFRSF1B -- MAPK8 -- STAT1 -- BIRC2 -- BIRC3 -- SIRT1 -- MYC -- RB1 -- TNFAIP3 -- CCND1 -- MAPK14 -- PTMA -- RHOA -- TGFB2 -- RAC1 -- MAP2K7 -- MAP3K1 -- IGF1 -- RET -- TRADD -- TNFRSF10B -- ATM -- MDM2 -- CHUK -- PPP1R13L -- MAPK9 -- LYN -- IRF1 -- EIF4G2 -- CYCS -- CDK4 -- OTUD7B -- RNF11 -- CASP10 -- PSEN1 -- SOD1 -- RPA4 -- SMPD1 -- TNIK -- PELP1 -- BAX -- BAK1 -- BID -- FOXM1 -- PCNA -- TAF1 -- DIABLO -- RANGAP1
758,STAT1 -- BIRC2 -- BIRC3 -- SIRT1 -- TNFAIP3 -- MAPK14 -- PTMA -- RHOA -- IL2 -- RAC1 -- MAP2K7 -- MAP3K1 -- IGF1 -- VEGFA -- MAPK1 -- AKT1 -- E2F1 -- CHUK -- RPS6KA5 -- PPP1R13L -- MAPK9 -- LYN -- IRF1 -- MYB -- CYCS -- CDK4 -- OTUD7B -- PARP1 -- PSEN1 -- RPA4 -- PELP1 -- BAK1 -- BID -- FOXM1 -- CTBP1 -- RBL1 -- PCNA -- TAF1 -- DIABLO -- RANGAP1
759,TNFRSF1A -- TNFRSF1B -- MAPK8 -- STAT1 -- JUN -- FOS -- BIRC2 -- SIRT1 -- TNFAIP3 -- TRAF1 -- MAPK14 -- RHOA -- NR3C1 -- TGFB2 -- RAC1 -- MAP2K7 -- MAP3K1 -- VEGFA -- RET -- TRADD -- ATM -- E2F1 -- CHUK -- RPS6KA5 -- PPP1R13L -- MAPK9 -- IRF1 -- EIF4G2 -- HTRA2 -- MYB -- HIP1 -- RNF11 -- PSEN1 -- SOD1 -- SMPD1 -- TNIK -- BRCA1 -- CDKN2A -- BAX -- BID -- MCL1 -- PCNA -- TAF1 -- PLAC8 -- DIABLO -- RASSF1
760,TNFRSF1A -- MAPK8 -- BIRC2 -- BIRC3 -- SIRT1 -- MYC -- TNFAIP3 -- CCND1 -- TRAF1 -- MAPK14 -- PTMA -- RHOA -- RAC1 -- MAP2K7 -- MAP3K1 -- VEGFA -- TRADD -- TNFRSF10B -- ATM -- E2F1 -- MDM2 -- CHUK -- PPP1R13L -- MAPK9 -- LYN -- IRF1 -- EIF4G2 -- HTRA2 -- MYB -- CYCS -- HIP1 -- CDK4 -- OTUD7B -- RNF11 -- CASP10 -- PSEN1 -- SOD1 -- RPA4 -- SMPD1 -- TNIK -- BBC3 -- PELP1 -- BAK1 -- BID -- FOXM1 -- PCNA -- TAF1 -- PLAC8 -- DIABLO
761,TNFRSF1A -- TNFRSF1B -- NFKB1 -- MAPK8 -- FOS -- SIRT1 -- RB1 -- TNFAIP3 -- CCND1 -- TRAF1 -- MAPK14 -- RHOA -- RAC1 -- MAP2K7 -- MAP3K1 -- MAP3K14 -- TRADD -- TNFRSF10B -- ATM -- CASP2 -- MDM2 -- CHUK -- RPS6KA5 -- PPP1R13L -- MAPK9 -- IRF1 -- EIF4G2 -- HTRA2 -- HIP1 -- CDK4 -- OTUD7B -- RNF11 -- PSEN1 -- SOD1 -- RPA4 -- SMPD1 -- TNIK -- HTT -- PELP1 -- BAX -- BAK1 -- BID -- FOXM1 -- PCNA -- PLAC8 -- CASP9 -- DIABLO -- APAF1
762,TNFRSF1A -- TNFRSF1B -- MAPK8 -- STAT1 -- JUN -- FOS -- SIRT1 -- RB1 -- TNFAIP3 -- TRAF1 -- MAPK14 -- RHOA -- RAC1 -- MAP2K7 -- MAP3K1 -- MAP3K14 -- RET -- TRADD -- ATM -- CASP2 -- CHUK -- RPS6KA5 -- PPP1R13L -- MAPK9 -- IRF1 -- EIF4G2 -- HTRA2 -- MYB -- HIP1 -- CDK4 -- OTUD7B -- RNF11 -- PSEN1 -- SOD1 -- HNRNPK -- RPA4 -- SMPD1 -- TNIK -- HTT -- CDKN2A -- PELP1 -- BAX -- BAK1 -- BID -- FOXM1 -- PCNA -- PLAC8 -- CASP9 -- DIABLO -- APAF1
763,TNFRSF1A -- TNFRSF1B -- MAPK8 -- STAT1 -- BIRC2 -- BIRC3 -- SIRT1 -- MYC -- TNFAIP3 -- TRAF1 -- MAPK14 -- RHOA -- RAC1 -- MAP2K7 -- MAP3K1 -- VEGFA -- RET -- TRADD -- ATM -- CHUK -- RPS6KA5 -- PPP1R13L -- MAPK9 -- LYN -- IRF1 -- CYCS -- HIP1 -- RNF11 -- PSEN1 -- SOD1 -- HNRNPK -- SMPD1 -- TNIK -- BRCA1 -- CDKN2A -- EIF4E -- BID -- MCL1 -- PCNA -- TAF1 -- DIABLO -- RASSF1
764,NFKB1 -- STAT1 -- FASLG -- TNFAIP3 -- TRAF1 -- MAPK14 -- RHOA -- TGFB2 -- IL2 -- RAC1 -- MAP2K7 -- MAP3K1 -- IGF1 -- VEGFA -- MAP3K14 -- RET -- TRADD -- MAPK1 -- TNFRSF10B -- AKT1 -- ATM -- MDM2 -- CHUK -- RPS6KA5 -- PPP1R13L -- MAPK9 -- LYN -- IRF1 -- HTRA2 -- HIP1 -- CDK4 -- OTUD7B -- CASP10 -- PARP1 -- PSEN1 -- HNRNPK -- RPA4 -- CASP7 -- PELP1 -- BAK1 -- EIF4E -- BID -- FOXM1 -- CTBP1 -- PCNA -- TAF1 -- PLAC8 -- DIABLO
765,TNFRSF1A -- TNFRSF1B -- NFKB1 -- MAPK8 -- STAT1 -- JUN -- FOS -- BIRC3 -- SIRT1 -- TNFAIP3 -- MAPK14 -- RHOA -- RAC1 -- MAP2K7 -- MAP3K1 -- IGF1 -- VEGFA -- MAP3K14 -- TRADD -- ATM -- CASP2 -- MDM2 -- CHUK -- RPS6KA5 -- PPP1R13L -- MAPK9 -- IRF1 -- EIF4G2 -- MYB -- CDK4 -- OTUD7B -- RNF11 -- PSEN1 -- SOD1 -- RPA4 -- CASP7 -- SMPD1 -- TNIK -- HTT -- PELP1 -- BID -- FOXM1 -- MCL1 -- PCNA -- TAF1 -- DIABLO -- APAF1 -- RANGAP1
766,BIRC2 -- BIRC3 -- SIRT1 -- CCND1 -- MAPK14 -- TGFB2 -- RAC1 -- MAP2K7 -- MAP3K1 -- VEGFA -- RET -- MAPK1 -- AKT1 -- E2F1 -- CHUK -- RPS6KA5 -- PPP1R13L -- MAPK9 -- LYN -- MYB -- CYCS -- HIP1 -- CDK4 -- OTUD7B -- PARP1 -- PSEN1 -- SMPD1 -- BBC3 -- PELP1 -- BAK1 -- EIF4E -- BID -- FOXM1 -- CTBP1 -- PCNA -- TAF1 -- PLAC8 -- DIABLO
767,TNFRSF1A -- TNFRSF1B -- NFKB1 -- MAPK8 -- SIRT1 -- RB1 -- TNFAIP3 -- CCND1 -- TRAF1 -- MAPK14 -- PTMA -- RHOA -- RAC1 -- MAP2K7 -- MAP3K1 -- IGF1 -- MAP3K14 -- TRADD -- TNFRSF10B -- ATM -- CASP2 -- MDM2 -- CHUK -- RPS6KA5 -- PPP1R13L -- MAPK9 -- LYN -- IRF1 -- HTRA2 -- CYCS -- HIP1 -- CDK4 -- OTUD7B -- RNF11 -- PSEN1 -- SOD1 -- RPA4 -- SMPD1 -- TNIK -- PELP1 -- BAX -- BAK1 -- EIF4E -- BID -- FOXM1 -- PCNA -- PLAC8 -- DIABLO
768,TNFRSF1A -- TNFRSF1B -- MAPK8 -- STAT1 -- BIRC2 -- SIRT1 -- MYC -- TNFAIP3 -- MAPK14 -- PTMA -- RHOA -- RAC1 -- MAP2K7 -- MAP3K1 -- VEGFA -- RET -- TRADD -- ATM -- CHUK -- PPP1R13L -- MAPK9 -- LYN -- IRF1 -- CYCS -- RNF11 -- PSEN1 -- BAD -- SOD1 -- HNRNPK -- SMPD1 -- TNIK -- BRCA1 -- EIF4E -- BID -- TFDP1 -- MCL1 -- PCNA -- TAF1 -- DIABLO -- RASSF1 -- RANGAP1
769,TNFRSF1A -- TNFRSF1B -- MAPK8 -- STAT1 -- JUN -- FOS -- SIRT1 -- RB1 -- TNFAIP3 -- TRAF1 -- MAPK14 -- RHOA -- RAC1 -- MAP2K7 -- MAP3K1 -- VEGFA -- MAP3K14 -- TRADD -- TNFRSF10B -- ATM -- CASP2 -- CHUK -- RPS6KA5 -- PPP1R13L -- MAPK9 -- IRF1 -- EIF4G2 -- HTRA2 -- MYB -- HIP1 -- OTUD7B -- RNF11 -- CASP10 -- PSEN1 -- SOD1 -- SMPD1 -- TNIK -- HTT -- CDKN2A -- PELP1 -- BAX -- BAK1 -- BID -- FOXM1 -- PCNA -- PLAC8 -- CASP9 -- DIABLO -- APAF1
770,TNFRSF1A -- TNFRSF1B -- NFKB1 -- MAPK8 -- BIRC2 -- SIRT1 -- TNFAIP3 -- CCND1 -- TRAF1 -- MAPK14 -- RHOA -- RAC1 -- MAP2K7 -- MAP3K1 -- IGF1 -- VEGFA -- RET -- TRADD -- ATM -- CHUK -- RPS6KA5 -- PPP1R13L -- MAPK9 -- LYN -- IRF1 -- MYB -- HIP1 -- CDK4 -- OTUD7B -- RNF11 -- PSEN1 -- SOD1 -- HNRNPK -- RPA4 -- SMPD1 -- TNIK -- PELP1 -- BID -- FOXM1 -- MCL1 -- PCNA -- TAF1 -- PLAC8 -- DIABLO
771,TNFRSF1A -- TNFRSF1B -- MAPK8 -- STAT1 -- JUN -- FOS -- BIRC2 -- BIRC3 -- SIRT1 -- TNFAIP3 -- TRAF1 -- MAPK14 -- RHOA -- NR3C1 -- RAC1 -- MAP2K7 -- MAP3K1 -- VEGFA -- MAP3K14 -- RET -- TRADD -- ATM -- CASP2 -- CHUK -- RPS6KA5 -- PPP1R13L -- MAPK9 -- IRF1 -- EIF4G2 -- MYB -- HIP1 -- RNF11 -- PSEN1 -- SOD1 -- HNRNPK -- SMPD1 -- TNIK -- HTT -- BRCA1 -- CDKN2A -- BID -- MCL1 -- PCNA -- TAF1 -- PLAC8 -- CASP9 -- DIABLO -- APAF1 -- RASSF1
772,STAT1 -- TRAF1 -- MAPK14 -- TGFB2 -- RAC1 -- MAP2K7 -- MAP3K1 -- VEGFA -- MAPK1 -- TNFRSF10B -- AKT1 -- ATM -- E2F1 -- MDM2 -- CHUK -- RPS6KA5 -- PPP1R13L -- MAPK9 -- LYN -- IRF1 -- EIF4G2 -- HTRA2 -- MYB -- HIP1 -- CDK4 -- OTUD7B -- RNF11 -- CASP10 -- PARP1 -- PSEN1 -- RPA4 -- CASP7 -- SMPD1 -- BBC3 -- PELP1 -- BAK1 -- BID -- FOXM1 -- CTBP1 -- PCNA -- TAF1 -- PLAC8 -- DIABLO -- APAF1
773,TNFRSF1A -- TNFRSF1B -- MAPK8 -- STAT1 -- JUN -- FOS -- SIRT1 -- TNFAIP3 -- TRAF1 -- MAPK14 -- RHOA -- NR3C1 -- TGFB2 -- RAC1 -- MAP2K7 -- MAP3K1 -- VEGFA -- MAP3K14 -- RET -- TRADD -- ATM -- CASP2 -- CHUK -- RPS6KA5 -- PPP1R13L -- MAPK9 -- IRF1 -- EIF4G2 -- HIP1 -- RNF11 -- CASP10 -- PSEN1 -- SOD1 -- HNRNPK -- CASP7 -- SMPD1 -- TNIK -- HTT -- CDKN2A -- BID -- FOXM1 -- MCL1 -- PCNA -- PLAC8 -- CASP9 -- DIABLO -- APAF1 -- RASSF1
774,TNFRSF1A -- TNFRSF1B -- NFKB1 -- MAPK8 -- FOS -- SIRT1 -- MYC -- RB1 -- TNFAIP3 -- CCND1 -- MAPK14 -- PTMA -- RHOA -- RAC1 -- MAP2K7 -- MAP3K1 -- IGF1 -- MAP3K14 -- TRADD -- TNFRSF10B -- ATM -- CASP2 -- MDM2 -- CHUK -- PPP1R13L -- MAPK9 -- IRF1 -- EIF4G2 -- HTRA2 -- CDK4 -- OTUD7B -- RNF11 -- CASP10 -- PSEN1 -- SOD1 -- RPA4 -- CASP7 -- SMPD1 -- TNIK -- PELP1 -- BAX -- BAK1 -- BID -- FOXM1 -- PCNA -- TAF1 -- DIABLO -- APAF1 -- RANGAP1
775,STAT1 -- BIRC2 -- BIRC3 -- SIRT1 -- MAPK14 -- RAC1 -- MAP2K7 -- MAP3K1 -- VEGFA -- RET -- MAPK1 -- AKT1 -- E2F1 -- CHUK -- RPS6KA5 -- PPP1R13L -- MAPK9 -- LYN -- IRF1 -- MYB -- CYCS -- HIP1 -- CDK4 -- OTUD7B -- PARP1 -- PSEN1 -- RPA4 -- SMPD1 -- BRCA1 -- BBC3 -- PELP1 -- EIF4E -- BID -- FOXM1 -- CTBP1 -- RBL1 -- PCNA -- TAF1 -- PLAC8 -- DIABLO
776,TNFRSF1A -- TNFRSF1B -- MAPK8 -- STAT1 -- JUN -- FOS -- SIRT1 -- TNFAIP3 -- TRAF1 -- MAPK14 -- RHOA -- TGFB2 -- RAC1 -- MAP2K7 -- MAP3K1 -- VEGFA -- MAP3K14 -- RET -- TRADD -- ATM -- CASP2 -- CHUK -- RPS6KA5 -- PPP1R13L -- MAPK9 -- IRF1 -- EIF4G2 -- HTRA2 -- HIP1 -- RNF11 -- CASP10 -- PSEN1 -- SOD1 -- HNRNPK -- CASP7 -- SMPD1 -- TNIK -- HTT -- BRCA1 -- CDKN2A -- PELP1 -- BAX -- BAK1 -- BID -- FOXM1 -- PCNA -- TAF1 -- PLAC8 -- CASP9 -- DIABLO -- APAF1 -- RASSF1
777,TNFRSF1A -- TNFRSF1B -- NFKB1 -- MAPK8 -- BIRC3 -- SIRT1 -- RB1 -- TNFAIP3 -- CCND1 -- TRAF1 -- MAPK14 -- RHOA -- RAC1 -- MAP2K7 -- MAP3K1 -- TRADD -- TNFRSF10B -- MDM2 -- CHUK -- RPS6KA5 -- PPP1R13L -- MAPK9 -- LYN -- IRF1 -- EIF4G2 -- HTRA2 -- HIP1 -- CDK4 -- OTUD7B -- RNF11 -- CASP10 -- PSEN1 -- SOD1 -- RPA4 -- SMPD1 -- TNIK -- PELP1 -- BAX -- BAK1 -- BID -- FOXM1 -- PCNA -- PLAC8 -- DIABLO
778,TNFRSF1B -- NFKB1 -- MAPK8 -- BIRC2 -- BIRC3 -- SIRT1 -- MYC -- TNFAIP3 -- CCND1 -- MAPK14 -- PTMA -- RHOA -- TGFB2 -- RAC1 -- MAP2K7 -- MAP3K1 -- VEGFA -- MAPK1 -- TNFRSF10B -- MDM2 -- CHUK -- PPP1R13L -- MAPK9 -- LYN -- IRF1 -- EIF4G2 -- CYCS -- CDK4 -- RNF11 -- CASP10 -- PARP1 -- PSEN1 -- SOD1 -- SMPD1 -- TNIK -- BRCA1 -- PELP1 -- BID -- FOXM1 -- MCL1 -- PCNA -- TAF1 -- DIABLO -- RANGAP1
779,TNFRSF1A -- TNFRSF1B -- MAPK8 -- BIRC2 -- SIRT1 -- RB1 -- TNFAIP3 -- CCND1 -- MAPK14 -- PTMA -- RHOA -- RAC1 -- MAP2K7 -- MAP3K1 -- TRADD -- ATM -- MDM2 -- CHUK -- PPP1R13L -- MAPK9 -- LYN -- IRF1 -- EIF4G2 -- CYCS -- CDK4 -- OTUD7B -- RNF11 -- CASP10 -- PSEN1 -- BAD -- SOD1 -- RPA4 -- SMPD1 -- TNIK -- PELP1 -- BID -- FOXM1 -- PCNA -- TAF1 -- DIABLO -- RANGAP1
780,TNFRSF1A -- TNFRSF1B -- NFKB1 -- MAPK8 -- BIRC2 -- SIRT1 -- MYC -- TNFAIP3 -- CCND1 -- MAPK14 -- PTMA -- RHOA -- TGFB2 -- RAC1 -- MAP2K7 -- MAP3K1 -- RET -- TRADD -- MDM2 -- CHUK -- PPP1R13L -- MAPK9 -- LYN -- IRF1 -- CYCS -- CDK4 -- OTUD7B -- RNF11 -- PSEN1 -- BAD -- SOD1 -- RPA4 -- SMPD1 -- TNIK -- PELP1 -- BAK1 -- EIF4E -- BID -- FOXM1 -- PCNA -- TAF1 -- DIABLO -- RANGAP1
781,TNFRSF1A -- TNFRSF1B -- MAPK8 -- STAT1 -- JUN -- SIRT1 -- TNFAIP3 -- TRAF1 -- MAPK14 -- RHOA -- NR3C1 -- TGFB2 -- RAC1 -- MAP2K7 -- MAP3K1 -- VEGFA -- MAP3K14 -- RET -- TRADD -- ATM -- CASP2 -- CHUK -- RPS6KA5 -- PPP1R13L -- MAPK9 -- IRF1 -- EIF4G2 -- HTRA2 -- HIP1 -- RNF11 -- PSEN1 -- SOD1 -- CASP7 -- SMPD1 -- TNIK -- HTT -- CDKN2A -- BBC3 -- BAK1 -- BID -- PCNA -- TAF1 -- PLAC8 -- CASP9 -- DIABLO -- APAF1 -- RASSF1
782,STAT1 -- BIRC2 -- BIRC3 -- MYC -- CCND1 -- MAPK14 -- PTMA -- RHOA -- IL2 -- RAC1 -- MAP2K7 -- MAP3K1 -- VEGFA -- RET -- MAPK1 -- AKT1 -- E2F1 -- CHUK -- PPP1R13L -- MAPK9 -- LYN -- IRF1 -- CYCS -- CDK4 -- OTUD7B -- PARP1 -- PSEN1 -- RPA4 -- PELP1 -- EIF4E -- BID -- FOXM1 -- PCNA -- TAF1 -- DIABLO -- RANGAP1
783,STAT1 -- BIRC2 -- BIRC3 -- SIRT1 -- MAPK14 -- RAC1 -- MAP2K7 -- MAP3K1 -- IGF1 -- VEGFA -- RET -- MAPK1 -- AKT1 -- E2F1 -- CHUK -- RPS6KA5 -- PPP1R13L -- MAPK9 -- LYN -- IRF1 -- MYB -- CYCS -- HIP1 -- CDK4 -- OTUD7B -- PARP1 -- PSEN1 -- RPA4 -- SMPD1 -- PELP1 -- BAK1 -- EIF4E -- BID -- FOXM1 -- CTBP1 -- RBL1 -- PCNA -- TAF1 -- PLAC8 -- DIABLO
784,TNFRSF1A -- TNFRSF1B -- MAPK8 -- JUN -- FOS -- SIRT1 -- RB1 -- TNFAIP3 -- CCND1 -- TRAF1 -- MAPK14 -- RHOA -- RAC1 -- MAP2K7 -- MAP3K1 -- IGF1 -- MAP3K14 -- RET -- TRADD -- TNFRSF10B -- CASP2 -- CHUK -- RPS6KA5 -- PPP1R13L -- MAPK9 -- IRF1 -- EIF4G2 -- HTRA2 -- HIP1 -- RNF11 -- CASP10 -- PSEN1 -- SOD1 -- HNRNPK -- SMPD1 -- TNIK -- HTT -- CDKN2A -- BAX -- BAK1 -- BID -- PCNA -- PLAC8 -- CASP9 -- DIABLO -- APAF1
785,TNFRSF1A -- TNFRSF1B -- NFKB1 -- MAPK8 -- STAT1 -- BIRC2 -- BIRC3 -- SIRT1 -- MYC -- TNFAIP3 -- MAPK14 -- PTMA -- RHOA -- RAC1 -- MAP2K7 -- MAP3K1 -- VEGFA -- TRADD -- MDM2 -- CHUK -- PPP1R13L -- MAPK9 -- LYN -- IRF1 -- CYCS -- CDK4 -- OTUD7B -- RNF11 -- PSEN1 -- BAD -- SOD1 -- HNRNPK -- RPA4 -- SMPD1 -- TNIK -- PELP1 -- EIF4E -- BID -- FOXM1 -- MCL1 -- PCNA -- TAF1 -- DIABLO -- RANGAP1
786,TNFRSF1A -- NFKB1 -- MAPK8 -- STAT1 -- BIRC2 -- BIRC3 -- SIRT1 -- TNFAIP3 -- CCND1 -- TRAF1 -- MAPK14 -- IL2 -- RAC1 -- MAP2K7 -- MAP3K1 -- VEGFA -- TRADD -- TNFRSF10B -- AKT1 -- MDM2 -- CHUK -- RPS6KA5 -- PPP1R13L -- MAPK9 -- LYN -- IRF1 -- EIF4G2 -- CYCS -- HIP1 -- CDK4 -- OTUD7B -- CASP10 -- PSEN1 -- RPA4 -- SMPD1 -- TNIK -- PELP1 -- BID -- FOXM1 -- MCL1 -- PCNA -- TAF1 -- PLAC8 -- DIABLO
787,TNFRSF1A -- TNFRSF1B -- NFKB1 -- MAPK8 -- SIRT1 -- RB1 -- TNFAIP3 -- CCND1 -- TRAF1 -- MAPK14 -- RHOA -- RAC1 -- MAP2K7 -- MAP3K1 -- IGF1 -- MAP3K14 -- TRADD -- TNFRSF10B -- ATM -- CASP2 -- MDM2 -- CHUK -- RPS6KA5 -- PPP1R13L -- MAPK9 -- LYN -- IRF1 -- EIF4G2 -- HTRA2 -- HIP1 -- CDK4 -- OTUD7B -- RNF11 -- CASP10 -- PSEN1 -- SOD1 -- RPA4 -- SMPD1 -- TNIK -- HTT -- PELP1 -- BAX -- BAK1 -- BID -- FOXM1 -- PCNA -- PLAC8 -- CASP9 -- DIABLO -- APAF1
788,TNFRSF1A -- TNFRSF1B -- MAPK8 -- STAT1 -- JUN -- FOS -- BIRC2 -- BIRC3 -- SIRT1 -- TNFAIP3 -- TRAF1 -- MAPK14 -- RHOA -- NR3C1 -- TGFB2 -- RAC1 -- MAP2K7 -- MAP3K1 -- VEGFA -- RET -- TRADD -- ATM -- CHUK -- RPS6KA5 -- PPP1R13L -- MAPK9 -- LYN -- IRF1 -- MYB -- CYCS -- HIP1 -- RNF11 -- PSEN1 -- SOD1 -- HNRNPK -- SMPD1 -- TNIK -- BRCA1 -- CDKN2A -- EIF4E -- BID -- MCL1 -- PCNA -- TAF1 -- PLAC8 -- DIABLO -- RASSF1
789,TNFRSF1A -- TNFRSF1B -- MAPK8 -- JUN -- FOS -- SIRT1 -- TNFAIP3 -- TRAF1 -- MAPK14 -- RHOA -- NR3C1 -- TGFB2 -- RAC1 -- MAP2K7 -- MAP3K1 -- VEGFA -- MAP3K14 -- TRADD -- ATM -- CASP2 -- MDM2 -- CHUK -- RPS6KA5 -- PPP1R13L -- MAPK9 -- IRF1 -- EIF4G2 -- HTRA2 -- MYB -- HIP1 -- OTUD7B -- RNF11 -- PSEN1 -- SOD1 -- CASP7 -- SMPD1 -- TNIK -- HTT -- BRCA1 -- CDKN2A -- BAX -- BAK1 -- BID -- MCL1 -- PCNA -- TAF1 -- PLAC8 -- CASP9 -- DIABLO -- APAF1
790,TNFRSF1A -- TNFRSF1B -- NFKB1 -- MAPK8 -- SIRT1 -- RB1 -- TNFAIP3 -- CCND1 -- TRAF1 -- MAPK14 -- RHOA -- RAC1 -- MAP2K7 -- MAP3K1 -- IGF1 -- MAP3K14 -- TRADD -- TNFRSF10B -- ATM -- CASP2 -- MDM2 -- CHUK -- RPS6KA5 -- PPP1R13L -- MAPK9 -- LYN -- IRF1 -- EIF4G2 -- HTRA2 -- HIP1 -- CDK4 -- OTUD7B -- RNF11 -- CASP10 -- PSEN1 -- SOD1 -- RPA4 -- SMPD1 -- TNIK -- HTT -- PELP1 -- BAX -- BAK1 -- BID -- FOXM1 -- PCNA -- PLAC8 -- CASP9 -- DIABLO
791,TNFRSF1A -- TNFRSF1B -- NFKB1 -- MAPK8 -- SIRT1 -- RB1 -- TNFAIP3 -- CCND1 -- MAPK14 -- PTMA -- RHOA -- RAC1 -- MAP2K7 -- MAP3K1 -- IGF1 -- MAP3K14 -- TRADD -- TNFRSF10B -- ATM -- CASP2 -- MDM2 -- CHUK -- RPS6KA5 -- PPP1R13L -- MAPK9 -- LYN -- IRF1 -- EIF4G2 -- HTRA2 -- HIP1 -- CDK4 -- OTUD7B -- RNF11 -- CASP10 -- PSEN1 -- SOD1 -- RPA4 -- SMPD1 -- TNIK -- HTT -- PELP1 -- BAX -- BAK1 -- BID -- FOXM1 -- PCNA -- DIABLO -- APAF1
792,TNFRSF1A -- TNFRSF1B -- MAPK8 -- STAT1 -- SIRT1 -- TNFAIP3 -- MAPK14 -- RHOA -- RAC1 -- MAP2K7 -- MAP3K1 -- VEGFA -- RET -- TRADD -- CHUK -- RPS6KA5 -- PPP1R13L -- MAPK9 -- LYN -- IRF1 -- EIF4G2 -- HTRA2 -- HIP1 -- CDK4 -- OTUD7B -- RNF11 -- PSEN1 -- SOD1 -- HNRNPK -- RPA4 -- SMPD1 -- TNIK -- PELP1 -- BID -- FOXM1 -- MCL1 -- RBL1 -- PCNA -- TAF1 -- PLAC8 -- DIABLO
793,TNFRSF1A -- TNFRSF1B -- MAPK8 -- STAT1 -- JUN -- FOS -- SIRT1 -- TNFAIP3 -- TRAF1 -- MAPK14 -- RHOA -- NR3C1 -- TGFB2 -- RAC1 -- MAP2K7 -- MAP3K1 -- VEGFA -- MAP3K14 -- RET -- TRADD -- ATM -- CASP2 -- CHUK -- RPS6KA5 -- PPP1R13L -- MAPK9 -- IRF1 -- EIF4G2 -- HTRA2 -- MYB -- HIP1 -- RNF11 -- PSEN1 -- SOD1 -- CASP7 -- SMPD1 -- TNIK -- HTT -- CDKN2A -- BBC3 -- BAX -- BAK1 -- EIF4E -- BID -- PCNA -- TAF1 -- PLAC8 -- CASP9 -- DIABLO -- APAF1 -- RASSF1
794,TNFRSF1A -- TNFRSF1B -- MAPK8 -- STAT1 -- BIRC2 -- SIRT1 -- TNFAIP3 -- TRAF1 -- MAPK14 -- RHOA -- NR3C1 -- RAC1 -- MAP2K7 -- MAP3K1 -- VEGFA -- RET -- TRADD -- CHUK -- RPS6KA5 -- PPP1R13L -- MAPK9 -- LYN -- IRF1 -- CYCS -- HIP1 -- CDK4 -- OTUD7B -- RNF11 -- PSEN1 -- SOD1 -- HNRNPK -- RPA4 -- SMPD1 -- TNIK -- PELP1 -- EIF4E -- BID -- FOXM1 -- MCL1 -- PCNA -- TAF1 -- PLAC8 -- DIABLO
795,TNFRSF1A -- TNFRSF1B -- NFKB1 -- MAPK8 -- BIRC2 -- BIRC3 -- SIRT1 -- MYC -- TNFAIP3 -- CCND1 -- MAPK14 -- PTMA -- RHOA -- RAC1 -- MAP2K7 -- MAP3K1 -- VEGFA -- TRADD -- MDM2 -- CHUK -- PPP1R13L -- MAPK9 -- LYN -- IRF1 -- CYCS -- CDK4 -- OTUD7B -- RNF11 -- PSEN1 -- BAD -- SOD1 -- RPA4 -- SMPD1 -- TNIK -- PELP1 -- EIF4E -- BID -- FOXM1 -- MCL1 -- PCNA -- TAF1 -- DIABLO -- RANGAP1
796,NFKB1 -- MAPK8 -- JUN -- FOS -- SIRT1 -- RB1 -- TNFAIP3 -- CCND1 -- TRAF1 -- MAPK14 -- IL2 -- RAC1 -- MAP2K7 -- MAP3K1 -- MAP3K14 -- RET -- TRADD -- TNFRSF10B -- AKT1 -- CASP2 -- MDM2 -- CHUK -- RPS6KA5 -- PPP1R13L -- MAPK9 -- IRF1 -- EIF4G2 -- HIP1 -- CDK4 -- OTUD7B -- CASP10 -- PSEN1 -- SOD1 -- TNIK -- HTT -- PSIP1 -- BRCA1 -- PELP1 -- BAX -- BAK1 -- BID -- PCNA -- PLAC8 -- CASP9 -- DIABLO -- APAF1
797,TNFRSF1A -- TNFRSF1B -- MAPK8 -- STAT1 -- BIRC2 -- SIRT1 -- MYC -- TNFAIP3 -- MAPK14 -- PTMA -- RHOA -- RAC1 -- MAP2K7 -- MAP3K1 -- VEGFA -- RET -- TRADD -- CHUK -- PPP1R13L -- MAPK9 -- LYN -- IRF1 -- CYCS -- RNF11 -- PSEN1 -- BAD -- SOD1 -- HNRNPK -- SMPD1 -- TNIK -- EIF4E -- BID -- TFDP1 -- MCL1 -- PCNA -- TAF1 -- DIABLO -- RANGAP1
798,SMURF2 -- STAT1 -- JUN -- FOS -- FASLG -- RB1 -- TRAF1 -- MAPK14 -- IL2 -- MAP2K7 -- MAP3K1 -- VEGFA -- MAP3K14 -- RET -- TRADD -- MAPK1 -- TRAF2 -- TNFRSF10B -- AKT1 -- ATM -- CHUK -- RPS6KA5 -- PPP1R13L -- MAPK9 -- IRF1 -- EIF4G2 -- MYB -- HIP1 -- CDK4 -- OTUD7B -- CASP10 -- PARP1 -- PSEN1 -- HNRNPK -- RPA4 -- TNIK -- CDKN2A -- PELP1 -- BID -- FOXM1 -- MCL1 -- CTBP1 -- PCNA -- PLAC8 -- DIABLO -- APAF1
799,TNFRSF1A -- TNFRSF1B -- MAPK8 -- JUN -- FOS -- SIRT1 -- TNFAIP3 -- CCND1 -- MAPK14 -- PTMA -- TGFB2 -- RAC1 -- MAP2K7 -- MAP3K1 -- VEGFA -- MAP3K14 -- TRADD -- TNFRSF10B -- ATM -- CASP2 -- MDM2 -- CHUK -- PPP1R13L -- MAPK9 -- IRF1 -- HTRA2 -- MYB -- CYCS -- HIP1 -- CDK4 -- OTUD7B -- RNF11 -- CASP10 -- PSEN1 -- BAD -- SOD1 -- RPA4 -- CASP7 -- SMPD1 -- TNIK -- HTT -- PELP1 -- EIF4E -- BID -- FOXM1 -- MCL1 -- PCNA -- TAF1 -- PLAC8 -- DIABLO -- APAF1 -- RANGAP1
800,TNFRSF1A -- TNFRSF1B -- MAPK8 -- STAT1 -- BIRC2 -- BIRC3 -- SIRT1 -- MYC -- TNFAIP3 -- MAPK14 -- PTMA -- RHOA -- RAC1 -- MAP2K7 -- MAP3K1 -- VEGFA -- RET -- TRADD -- CHUK -- PPP1R13L -- MAPK9 -- LYN -- IRF1 -- CYCS -- CDK4 -- OTUD7B -- RNF11 -- PSEN1 -- BAD -- SOD1 -- HNRNPK -- RPA4 -- SMPD1 -- TNIK -- BAK1 -- EIF4E -- BID -- FOXM1 -- TFDP1 -- PCNA -- TAF1 -- DIABLO -- RANGAP1
801,TNFRSF1A -- TNFRSF1B -- MAPK8 -- STAT1 -- BIRC2 -- SIRT1 -- MYC -- TNFAIP3 -- TRAF1 -- MAPK14 -- RHOA -- NR3C1 -- RAC1 -- MAP2K7 -- MAP3K1 -- VEGFA -- RET -- TRADD -- CHUK -- RPS6KA5 -- PPP1R13L -- MAPK9 -- LYN -- IRF1 -- CYCS -- HIP1 -- RNF11 -- PSEN1 -- SOD1 -- HNRNPK -- SMPD1 -- TNIK -- BRCA1 -- EIF4E -- BID -- MCL1 -- PCNA -- TAF1 -- PLAC8 -- DIABLO -- RASSF1 -- RANGAP1
