ID,state
0,TNFRSF1A -- TNFRSF1B -- MAPK8 -- STAT1 -- BIRC2 -- SIRT1 -- MYC -- TNFAIP3 -- CCND1 -- MAPK14 -- PTMA -- RHOA -- RAC1 -- MAP2K7 -- MAP3K1 -- IGF1 -- VEGFA -- TRADD -- ATM -- MDM2 -- CHUK -- PPP1R13L -- MAPK9 -- LYN -- IRF1 -- CYCS -- CDK4 -- OTUD7B -- RNF11 -- PSEN1 -- BAD -- SOD1 -- HNRNPK -- RPA4 -- SMPD1 -- TNIK -- PELP1 -- EIF4E -- BID -- FOXM1 -- MCL1 -- PCNA -- TAF1 -- DIABLO -- RANGAP1
1,TNFRSF1A -- TNFRSF1B -- MAPK8 -- SIRT1 -- MYC -- TNFAIP3 -- CCND1 -- MAPK14 -- PTMA -- RHOA -- RAC1 -- MAP2K7 -- MAP3K1 -- IGF1 -- MAP3K14 -- TRADD -- TNFRSF10B -- MDM2 -- CHUK -- PPP1R13L -- MAPK9 -- LYN -- IRF1 -- HTRA2 -- CDK4 -- OTUD7B -- RNF11 -- PSEN1 -- SOD1 -- RPA4 -- SMPD1 -- TNIK -- PELP1 -- BAX -- BAK1 -- EIF4E -- BID -- FOXM1 -- PCNA -- TAF1 -- DIABLO -- RANGAP1
2,TNFRSF1A -- TNFRSF1B -- MAPK8 -- STAT1 -- JUN -- FOS -- BIRC3 -- SIRT1 -- TNFAIP3 -- TRAF1 -- MAPK14 -- RHOA -- NR3C1 -- TGFB2 -- RAC1 -- MAP2K7 -- MAP3K1 -- VEGFA -- MAP3K14 -- RET -- TRADD -- ATM -- CASP2 -- CHUK -- RPS6KA5 -- PPP1R13L -- MAPK9 -- IRF1 -- EIF4G2 -- MYB -- HIP1 -- RNF11 -- PSEN1 -- SOD1 -- HNRNPK -- CASP7 -- SMPD1 -- TNIK -- HTT -- BRCA1 -- CDKN2A -- BID -- MCL1 -- PCNA -- TAF1 -- PLAC8 -- CASP9 -- DIABLO -- APAF1 -- RASSF1
3,TNFRSF1A -- TNFRSF1B -- MAPK8 -- JUN -- FOS -- SIRT1 -- TNFAIP3 -- TRAF1 -- MAPK14 -- RHOA -- RAC1 -- MAP2K7 -- MAP3K1 -- VEGFA -- MAP3K14 -- TRADD -- ATM -- CASP2 -- CHUK -- RPS6KA5 -- PPP1R13L -- MAPK9 -- IRF1 -- EIF4G2 -- HTRA2 -- MYB -- HIP1 -- OTUD7B -- RNF11 -- CASP10 -- PSEN1 -- SOD1 -- HNRNPK -- RPA4 -- CASP7 -- SMPD1 -- TNIK -- HTT -- CDKN2A -- PELP1 -- BAX -- BAK1 -- BID -- FOXM1 -- PCNA -- TAF1 -- PLAC8 -- CASP9 -- DIABLO -- APAF1
4,TNFRSF1A -- TNFRSF1B -- NFKB1 -- MAPK8 -- SIRT1 -- RB1 -- TNFAIP3 -- CCND1 -- TRAF1 -- MAPK14 -- RHOA -- RAC1 -- MAP2K7 -- MAP3K1 -- MAP3K14 -- TRADD -- TNFRSF10B -- MDM2 -- CHUK -- RPS6KA5 -- PPP1R13L -- MAPK9 -- LYN -- IRF1 -- HTRA2 -- HIP1 -- CDK4 -- OTUD7B -- RNF11 -- CASP10 -- PSEN1 -- SOD1 -- RPA4 -- SMPD1 -- TNIK -- PELP1 -- BAX -- BAK1 -- EIF4E -- BID -- FOXM1 -- PCNA -- PLAC8 -- CASP9 -- DIABLO -- APAF1
5,TNFRSF1A -- TNFRSF1B -- NFKB1 -- MAPK8 -- SIRT1 -- RB1 -- TNFAIP3 -- CCND1 -- TRAF1 -- MAPK14 -- RHOA -- RAC1 -- MAP2K7 -- MAP3K1 -- TRADD -- TNFRSF10B -- ATM -- MDM2 -- CHUK -- RPS6KA5 -- PPP1R13L -- MAPK9 -- LYN -- IRF1 -- EIF4G2 -- HTRA2 -- HIP1 -- CDK4 -- OTUD7B -- RNF11 -- CASP10 -- PSEN1 -- SOD1 -- RPA4 -- SMPD1 -- TNIK -- PELP1 -- BAX -- BAK1 -- BID -- FOXM1 -- PCNA -- PLAC8 -- DIABLO -- APAF1
6,TNFRSF1A -- TNFRSF1B -- MAPK8 -- STAT1 -- JUN -- FOS -- SIRT1 -- RB1 -- TNFAIP3 -- TRAF1 -- MAPK14 -- RHOA -- NR3C1 -- RAC1 -- MAP2K7 -- MAP3K1 -- IGF1 -- MAP3K14 -- RET -- TRADD -- ATM -- CASP2 -- CHUK -- RPS6KA5 -- PPP1R13L -- MAPK9 -- IRF1 -- EIF4G2 -- HTRA2 -- MYB -- HIP1 -- RNF11 -- PSEN1 -- SOD1 -- HNRNPK -- SMPD1 -- TNIK -- HTT -- BRCA1 -- CDKN2A -- BAK1 -- BID -- PCNA -- PLAC8 -- CASP9 -- DIABLO -- APAF1 -- RASSF1
7,TNFRSF1A -- TNFRSF1B -- NFKB1 -- MAPK8 -- SIRT1 -- MYC -- TNFAIP3 -- CCND1 -- MAPK14 -- PTMA -- RHOA -- RAC1 -- MAP2K7 -- MAP3K1 -- IGF1 -- MAP3K14 -- TRADD -- TNFRSF10B -- CASP2 -- MDM2 -- CHUK -- PPP1R13L -- MAPK9 -- IRF1 -- EIF4G2 -- HTRA2 -- CDK4 -- OTUD7B -- RNF11 -- PSEN1 -- SOD1 -- RPA4 -- CASP7 -- SMPD1 -- TNIK -- HTT -- PELP1 -- BAX -- BAK1 -- EIF4E -- BID -- FOXM1 -- PCNA -- TAF1 -- DIABLO -- APAF1 -- RANGAP1
8,TNFRSF1A -- TNFRSF1B -- NFKB1 -- MAPK8 -- BIRC2 -- BIRC3 -- SIRT1 -- MYC -- TNFAIP3 -- CCND1 -- MAPK14 -- PTMA -- RHOA -- RAC1 -- MAP2K7 -- MAP3K1 -- TRADD -- TNFRSF10B -- MDM2 -- CHUK -- PPP1R13L -- MAPK9 -- LYN -- IRF1 -- CYCS -- RNF11 -- PSEN1 -- SOD1 -- HNRNPK -- SMPD1 -- TNIK -- EIF4E -- BID -- MCL1 -- PCNA -- TAF1 -- DIABLO -- RANGAP1
9,STAT1 -- BIRC2 -- SIRT1 -- TRAF1 -- MAPK14 -- RHOA -- IL2 -- MAP2K7 -- MAP3K1 -- VEGFA -- RET -- TRADD -- MAPK1 -- TNFRSF10B -- ATM -- NFKB2 -- CHUK -- PPP1R13L -- MAPK9 -- LYN -- IRF1 -- EIF4G2 -- CYCS -- CDK4 -- OTUD7B -- RNF11 -- CASP10 -- PARP1 -- PSEN1 -- HNRNPK -- RBL2 -- HTT -- PELP1 -- BID -- MCL1 -- PCNA -- TAF1 -- PLAC8 -- CCNG1 -- DIABLO -- RASSF1
10,TNFRSF1A -- TNFRSF1B -- MAPK8 -- BIRC2 -- SIRT1 -- MYC -- TNFAIP3 -- CCND1 -- MAPK14 -- PTMA -- RHOA -- RAC1 -- MAP2K7 -- MAP3K1 -- TRADD -- ATM -- MDM2 -- CHUK -- PPP1R13L -- MAPK9 -- LYN -- IRF1 -- CYCS -- CDK4 -- OTUD7B -- RNF11 -- PSEN1 -- BAD -- SOD1 -- RPA4 -- SMPD1 -- TNIK -- PELP1 -- EIF4E -- BID -- FOXM1 -- PCNA -- TAF1 -- DIABLO -- RANGAP1
11,TNFRSF1B -- NFKB1 -- STAT1 -- SIRT1 -- MYC -- TNFAIP3 -- CCND1 -- MAPK14 -- PTMA -- RHOA -- TGFB2 -- RAC1 -- MAP2K7 -- MAP3K1 -- VEGFA -- MAP3K14 -- RET -- MAPK1 -- MDM2 -- CHUK -- RPS6KA5 -- PPP1R13L -- MAPK9 -- LYN -- IRF1 -- EIF4G2 -- HTRA2 -- CDK4 -- OTUD7B -- RNF11 -- PSEN1 -- SOD1 -- HNRNPK -- RPA4 -- CASP7 -- TNIK -- BAK1 -- BID -- FOXM1 -- TFDP1 -- PCNA -- TAF1 -- PLAC8 -- DIABLO -- APAF1
12,TNFRSF1A -- TNFRSF1B -- NFKB1 -- MAPK8 -- FOS -- SIRT1 -- RB1 -- TNFAIP3 -- CCND1 -- TRAF1 -- MAPK14 -- RHOA -- RAC1 -- MAP2K7 -- MAP3K1 -- MAP3K14 -- TRADD -- TNFRSF10B -- CASP2 -- MDM2 -- CHUK -- RPS6KA5 -- PPP1R13L -- MAPK9 -- IRF1 -- EIF4G2 -- HTRA2 -- HIP1 -- CDK4 -- OTUD7B -- RNF11 -- CASP10 -- PSEN1 -- SOD1 -- RPA4 -- SMPD1 -- TNIK -- HTT -- PELP1 -- BAX -- BAK1 -- BID -- FOXM1 -- PCNA -- PLAC8 -- CASP9 -- DIABLO -- APAF1
13,TNFRSF1A -- TNFRSF1B -- MAPK8 -- STAT1 -- FOS -- BIRC2 -- BIRC3 -- SIRT1 -- MYC -- TNFAIP3 -- TRAF1 -- MAPK14 -- RHOA -- NR3C1 -- TGFB2 -- RAC1 -- MAP2K7 -- MAP3K1 -- VEGFA -- RET -- TRADD -- ATM -- CHUK -- RPS6KA5 -- PPP1R13L -- MAPK9 -- LYN -- IRF1 -- EIF4G2 -- CYCS -- RNF11 -- PSEN1 -- SOD1 -- HNRNPK -- SMPD1 -- TNIK -- HTT -- BRCA1 -- CDKN2A -- BID -- MCL1 -- PCNA -- TAF1 -- DIABLO -- RASSF1
14,TNFRSF1A -- TNFRSF1B -- MAPK8 -- STAT1 -- JUN -- FOS -- SIRT1 -- TNFAIP3 -- TRAF1 -- MAPK14 -- RHOA -- NR3C1 -- TGFB2 -- RAC1 -- MAP2K7 -- MAP3K1 -- VEGFA -- MAP3K14 -- RET -- TRADD -- ATM -- CASP2 -- CHUK -- RPS6KA5 -- PPP1R13L -- MAPK9 -- IRF1 -- EIF4G2 -- HTRA2 -- MYB -- HIP1 -- RNF11 -- PSEN1 -- SOD1 -- HNRNPK -- SMPD1 -- TNIK -- HTT -- BRCA1 -- CDKN2A -- BID -- MCL1 -- PCNA -- TAF1 -- PLAC8 -- CASP9 -- DIABLO -- APAF1 -- RASSF1
15,TNFRSF1A -- TNFRSF1B -- NFKB1 -- MAPK8 -- BIRC2 -- BIRC3 -- SIRT1 -- RB1 -- TNFAIP3 -- CCND1 -- TRAF1 -- MAPK14 -- RHOA -- RAC1 -- MAP2K7 -- MAP3K1 -- IGF1 -- TRADD -- TNFRSF10B -- ATM -- MDM2 -- CHUK -- RPS6KA5 -- PPP1R13L -- MAPK9 -- LYN -- IRF1 -- EIF4G2 -- CYCS -- HIP1 -- CDK4 -- OTUD7B -- RNF11 -- CASP10 -- PSEN1 -- BAD -- SOD1 -- RPA4 -- SMPD1 -- TNIK -- PELP1 -- BAX -- BID -- FOXM1 -- PCNA -- TAF1 -- DIABLO
16,TNFRSF1A -- TNFRSF1B -- NFKB1 -- MAPK8 -- STAT1 -- BIRC2 -- BIRC3 -- SIRT1 -- MYC -- TNFAIP3 -- MAPK14 -- PTMA -- RHOA -- RAC1 -- MAP2K7 -- MAP3K1 -- IGF1 -- VEGFA -- RET -- TRADD -- TNFRSF10B -- ATM -- MDM2 -- CHUK -- PPP1R13L -- MAPK9 -- LYN -- IRF1 -- CYCS -- CDK4 -- OTUD7B -- RNF11 -- PSEN1 -- BAD -- SOD1 -- HNRNPK -- RPA4 -- SMPD1 -- TNIK -- PELP1 -- EIF4E -- BID -- FOXM1 -- MCL1 -- PCNA -- TAF1 -- DIABLO -- RANGAP1
17,TNFRSF1A -- TNFRSF1B -- NFKB1 -- MAPK8 -- FOS -- SIRT1 -- RB1 -- TNFAIP3 -- CCND1 -- TRAF1 -- MAPK14 -- RHOA -- RAC1 -- MAP2K7 -- MAP3K1 -- TRADD -- TNFRSF10B -- CASP2 -- MDM2 -- CHUK -- RPS6KA5 -- PPP1R13L -- MAPK9 -- IRF1 -- EIF4G2 -- HTRA2 -- HIP1 -- CDK4 -- OTUD7B -- RNF11 -- CASP10 -- PSEN1 -- SOD1 -- RPA4 -- SMPD1 -- TNIK -- HTT -- PELP1 -- BAX -- BAK1 -- BID -- FOXM1 -- PCNA -- PLAC8 -- CASP9 -- DIABLO -- APAF1
18,TNFRSF1A -- TNFRSF1B -- MAPK8 -- STAT1 -- JUN -- FOS -- SIRT1 -- RB1 -- TNFAIP3 -- TRAF1 -- MAPK14 -- RHOA -- NR3C1 -- RAC1 -- MAP2K7 -- MAP3K1 -- VEGFA -- MAP3K14 -- RET -- TRADD -- TNFRSF10B -- ATM -- CASP2 -- CHUK -- RPS6KA5 -- PPP1R13L -- MAPK9 -- IRF1 -- EIF4G2 -- HTRA2 -- MYB -- HIP1 -- RNF11 -- CASP10 -- PSEN1 -- SOD1 -- HNRNPK -- SMPD1 -- TNIK -- HTT -- BRCA1 -- CDKN2A -- BAK1 -- BID -- PCNA -- PLAC8 -- CASP9 -- DIABLO -- APAF1 -- RASSF1
19,TNFRSF1A -- TNFRSF1B -- NFKB1 -- MAPK8 -- SIRT1 -- RB1 -- TNFAIP3 -- CCND1 -- TRAF1 -- MAPK14 -- RHOA -- RAC1 -- MAP2K7 -- MAP3K1 -- IGF1 -- MAP3K14 -- TRADD -- TNFRSF10B -- CASP2 -- MDM2 -- CHUK -- RPS6KA5 -- PPP1R13L -- MAPK9 -- LYN -- IRF1 -- HTRA2 -- HIP1 -- CDK4 -- OTUD7B -- RNF11 -- CASP10 -- PSEN1 -- SOD1 -- RPA4 -- SMPD1 -- TNIK -- PELP1 -- BAX -- BAK1 -- EIF4E -- BID -- FOXM1 -- PCNA -- PLAC8 -- CASP9 -- DIABLO -- APAF1
20,TNFRSF1A -- TNFRSF1B -- MAPK8 -- STAT1 -- JUN -- FOS -- BIRC2 -- SIRT1 -- TNFAIP3 -- TRAF1 -- MAPK14 -- RHOA -- TGFB2 -- RAC1 -- MAP2K7 -- MAP3K1 -- VEGFA -- RET -- TRADD -- AKT1 -- ATM -- CASP2 -- CHUK -- RPS6KA5 -- PPP1R13L -- MAPK9 -- LYN -- IRF1 -- EIF4G2 -- MYB -- CYCS -- HIP1 -- CDK4 -- OTUD7B -- PSEN1 -- HNRNPK -- RPA4 -- SMPD1 -- TNIK -- HTT -- CDKN2A -- PELP1 -- BID -- FOXM1 -- MCL1 -- PCNA -- TAF1 -- PLAC8 -- DIABLO
21,TNFRSF1A -- TNFRSF1B -- MAPK8 -- STAT1 -- JUN -- FOS -- BIRC2 -- BIRC3 -- SIRT1 -- TNFAIP3 -- TRAF1 -- MAPK14 -- RHOA -- NR3C1 -- TGFB2 -- RAC1 -- MAP2K7 -- MAP3K1 -- VEGFA -- TRADD -- ATM -- MDM2 -- CHUK -- RPS6KA5 -- PPP1R13L -- MAPK9 -- LYN -- IRF1 -- EIF4G2 -- MYB -- CYCS -- HIP1 -- RNF11 -- PSEN1 -- SOD1 -- SMPD1 -- TNIK -- BRCA1 -- CDKN2A -- BID -- MCL1 -- PCNA -- TAF1 -- PLAC8 -- DIABLO -- RASSF1
22,TNFRSF1A -- TNFRSF1B -- MAPK8 -- STAT1 -- JUN -- FOS -- BIRC3 -- SIRT1 -- TNFAIP3 -- TRAF1 -- MAPK14 -- RHOA -- NR3C1 -- TGFB2 -- RAC1 -- MAP2K7 -- MAP3K1 -- VEGFA -- RET -- TRADD -- ATM -- CASP2 -- CHUK -- RPS6KA5 -- PPP1R13L -- MAPK9 -- IRF1 -- EIF4G2 -- MYB -- HIP1 -- RNF11 -- PSEN1 -- SOD1 -- HNRNPK -- SMPD1 -- TNIK -- HTT -- BRCA1 -- CDKN2A -- BID -- MCL1 -- PCNA -- TAF1 -- PLAC8 -- CASP9 -- DIABLO -- APAF1 -- RASSF1
23,TNFRSF1A -- TNFRSF1B -- MAPK8 -- STAT1 -- BIRC2 -- SIRT1 -- MYC -- TNFAIP3 -- TRAF1 -- MAPK14 -- RHOA -- RAC1 -- MAP2K7 -- MAP3K1 -- IGF1 -- VEGFA -- TRADD -- CHUK -- RPS6KA5 -- PPP1R13L -- MAPK9 -- LYN -- IRF1 -- EIF4G2 -- HTRA2 -- MYB -- CDK4 -- RNF11 -- PSEN1 -- SOD1 -- HNRNPK -- RPA4 -- SMPD1 -- TNIK -- PELP1 -- BAK1 -- BID -- MCL1 -- PCNA -- TAF1 -- DIABLO -- RASSF1 -- RANGAP1
24,TNFRSF1A -- TNFRSF1B -- MAPK8 -- STAT1 -- JUN -- FOS -- SIRT1 -- TNFAIP3 -- TRAF1 -- MAPK14 -- RHOA -- NR3C1 -- TGFB2 -- RAC1 -- MAP2K7 -- MAP3K1 -- VEGFA -- MAP3K14 -- RET -- TRADD -- ATM -- CASP2 -- CHUK -- RPS6KA5 -- PPP1R13L -- MAPK9 -- IRF1 -- EIF4G2 -- HTRA2 -- MYB -- HIP1 -- RNF11 -- PSEN1 -- SOD1 -- HNRNPK -- CASP7 -- SMPD1 -- TNIK -- HTT -- BRCA1 -- CDKN2A -- BID -- MCL1 -- PCNA -- TAF1 -- PLAC8 -- CASP9 -- DIABLO -- APAF1 -- RASSF1
25,TNFRSF1A -- TNFRSF1B -- NFKB1 -- MAPK8 -- STAT1 -- BIRC2 -- SIRT1 -- MYC -- TNFAIP3 -- MAPK14 -- PTMA -- RHOA -- RAC1 -- MAP2K7 -- MAP3K1 -- IGF1 -- VEGFA -- TRADD -- TNFRSF10B -- ATM -- MDM2 -- CHUK -- PPP1R13L -- MAPK9 -- LYN -- IRF1 -- CYCS -- CDK4 -- OTUD7B -- RNF11 -- CASP10 -- PSEN1 -- BAD -- SOD1 -- RPA4 -- SMPD1 -- TNIK -- PELP1 -- EIF4E -- BID -- FOXM1 -- MCL1 -- PCNA -- TAF1 -- DIABLO -- RANGAP1
26,TNFRSF1A -- TNFRSF1B -- NFKB1 -- MAPK8 -- SIRT1 -- RB1 -- TNFAIP3 -- CCND1 -- TRAF1 -- MAPK14 -- RHOA -- RAC1 -- MAP2K7 -- MAP3K1 -- IGF1 -- MAP3K14 -- TRADD -- TNFRSF10B -- ATM -- CASP2 -- MDM2 -- CHUK -- RPS6KA5 -- PPP1R13L -- MAPK9 -- IRF1 -- EIF4G2 -- HTRA2 -- HIP1 -- CDK4 -- OTUD7B -- RNF11 -- CASP10 -- PSEN1 -- SOD1 -- RPA4 -- SMPD1 -- TNIK -- HTT -- PELP1 -- BAX -- BAK1 -- BID -- FOXM1 -- PCNA -- PLAC8 -- CASP9 -- DIABLO -- APAF1
27,TNFRSF1A -- TNFRSF1B -- MAPK8 -- STAT1 -- BIRC2 -- BIRC3 -- SIRT1 -- MYC -- TNFAIP3 -- MAPK14 -- PTMA -- RHOA -- TGFB2 -- RAC1 -- MAP2K7 -- MAP3K1 -- VEGFA -- RET -- TRADD -- TNFRSF10B -- CHUK -- RPS6KA5 -- PPP1R13L -- MAPK9 -- LYN -- IRF1 -- CYCS -- CDK4 -- OTUD7B -- RNF11 -- PSEN1 -- SOD1 -- HNRNPK -- SMPD1 -- TNIK -- PELP1 -- EIF4E -- BID -- FOXM1 -- MCL1 -- PCNA -- DIABLO -- RASSF1 -- RANGAP1
28,TNFRSF1A -- TNFRSF1B -- MAPK8 -- STAT1 -- JUN -- FOS -- BIRC2 -- SIRT1 -- TNFAIP3 -- TRAF1 -- MAPK14 -- RHOA -- NR3C1 -- TGFB2 -- RAC1 -- MAP2K7 -- MAP3K1 -- VEGFA -- MAP3K14 -- RET -- TRADD -- ATM -- CASP2 -- CHUK -- RPS6KA5 -- PPP1R13L -- MAPK9 -- IRF1 -- EIF4G2 -- MYB -- HIP1 -- RNF11 -- PSEN1 -- SOD1 -- HNRNPK -- CASP7 -- SMPD1 -- TNIK -- HTT -- BRCA1 -- CDKN2A -- BID -- MCL1 -- PCNA -- TAF1 -- PLAC8 -- CASP9 -- DIABLO -- RASSF1
29,TNFRSF1A -- TNFRSF1B -- NFKB1 -- MAPK8 -- SIRT1 -- RB1 -- TNFAIP3 -- CCND1 -- TRAF1 -- MAPK14 -- RHOA -- RAC1 -- MAP2K7 -- MAP3K1 -- IGF1 -- MAP3K14 -- TRADD -- TNFRSF10B -- ATM -- CASP2 -- MDM2 -- CHUK -- RPS6KA5 -- PPP1R13L -- MAPK9 -- LYN -- IRF1 -- EIF4G2 -- HTRA2 -- HIP1 -- CDK4 -- OTUD7B -- RNF11 -- CASP10 -- PSEN1 -- SOD1 -- RPA4 -- SMPD1 -- TNIK -- HTT -- PELP1 -- BAX -- BAK1 -- BID -- FOXM1 -- PCNA -- PLAC8 -- CASP9 -- DIABLO -- APAF1
30,TNFRSF1A -- TNFRSF1B -- MAPK8 -- STAT1 -- JUN -- FOS -- BIRC3 -- SIRT1 -- TNFAIP3 -- TRAF1 -- MAPK14 -- RHOA -- NR3C1 -- TGFB2 -- RAC1 -- MAP2K7 -- MAP3K1 -- VEGFA -- MAP3K14 -- RET -- TRADD -- ATM -- CASP2 -- CHUK -- RPS6KA5 -- PPP1R13L -- MAPK9 -- IRF1 -- EIF4G2 -- MYB -- HIP1 -- RNF11 -- PSEN1 -- SOD1 -- HNRNPK -- CASP7 -- SMPD1 -- TNIK -- HTT -- BRCA1 -- CDKN2A -- BID -- MCL1 -- PCNA -- TAF1 -- PLAC8 -- CASP9 -- DIABLO -- APAF1 -- RASSF1
31,TNFRSF1A -- TNFRSF1B -- MAPK8 -- STAT1 -- BIRC2 -- BIRC3 -- SIRT1 -- TNFAIP3 -- TRAF1 -- MAPK14 -- RHOA -- NR3C1 -- RAC1 -- MAP2K7 -- MAP3K1 -- VEGFA -- RET -- TRADD -- CHUK -- RPS6KA5 -- PPP1R13L -- MAPK9 -- LYN -- IRF1 -- EIF4G2 -- CYCS -- HIP1 -- CDK4 -- RNF11 -- PSEN1 -- SOD1 -- HNRNPK -- SMPD1 -- TNIK -- HTT -- BRCA1 -- BID -- MCL1 -- PCNA -- TAF1 -- PLAC8 -- DIABLO
32,TNFRSF1A -- TNFRSF1B -- NFKB1 -- MAPK8 -- SIRT1 -- MYC -- RB1 -- TNFAIP3 -- CCND1 -- MAPK14 -- PTMA -- RHOA -- RAC1 -- MAP2K7 -- MAP3K1 -- TRADD -- CASP2 -- MDM2 -- CHUK -- PPP1R13L -- MAPK9 -- LYN -- IRF1 -- EIF4G2 -- HTRA2 -- CDK4 -- OTUD7B -- RNF11 -- PSEN1 -- SOD1 -- RPA4 -- SMPD1 -- TNIK -- HTT -- PELP1 -- BAX -- BAK1 -- BID -- FOXM1 -- PCNA -- DIABLO -- RANGAP1
33,TNFRSF1A -- TNFRSF1B -- NFKB1 -- MAPK8 -- STAT1 -- BIRC2 -- SIRT1 -- RB1 -- TNFAIP3 -- CCND1 -- TRAF1 -- MAPK14 -- RHOA -- RAC1 -- MAP2K7 -- MAP3K1 -- TRADD -- ATM -- MDM2 -- CHUK -- RPS6KA5 -- PPP1R13L -- MAPK9 -- LYN -- IRF1 -- CYCS -- HIP1 -- CDK4 -- OTUD7B -- RNF11 -- PSEN1 -- SOD1 -- RPA4 -- SMPD1 -- TNIK -- PELP1 -- BAX -- BAK1 -- EIF4E -- BID -- FOXM1 -- PCNA -- TAF1 -- PLAC8 -- DIABLO
34,TNFRSF1A -- TNFRSF1B -- NFKB1 -- MAPK8 -- SIRT1 -- RB1 -- TNFAIP3 -- CCND1 -- TRAF1 -- MAPK14 -- RHOA -- RAC1 -- MAP2K7 -- MAP3K1 -- MAP3K14 -- TRADD -- TNFRSF10B -- CASP2 -- MDM2 -- CHUK -- RPS6KA5 -- PPP1R13L -- MAPK9 -- LYN -- IRF1 -- EIF4G2 -- HTRA2 -- HIP1 -- CDK4 -- OTUD7B -- RNF11 -- CASP10 -- PSEN1 -- SOD1 -- RPA4 -- SMPD1 -- TNIK -- HTT -- PELP1 -- BAX -- BAK1 -- BID -- FOXM1 -- PCNA -- PLAC8 -- DIABLO -- APAF1
35,TNFRSF1A -- TNFRSF1B -- NFKB1 -- MAPK8 -- SIRT1 -- RB1 -- TNFAIP3 -- CCND1 -- TRAF1 -- MAPK14 -- RHOA -- RAC1 -- MAP2K7 -- MAP3K1 -- IGF1 -- MAP3K14 -- TRADD -- TNFRSF10B -- MDM2 -- CHUK -- RPS6KA5 -- PPP1R13L -- MAPK9 -- LYN -- IRF1 -- EIF4G2 -- HTRA2 -- MYB -- CYCS -- HIP1 -- CDK4 -- OTUD7B -- RNF11 -- PSEN1 -- SOD1 -- RPA4 -- SMPD1 -- TNIK -- BBC3 -- PELP1 -- BAX -- BAK1 -- BID -- FOXM1 -- PCNA -- PLAC8 -- DIABLO
36,TNFRSF1A -- TNFRSF1B -- MAPK8 -- STAT1 -- JUN -- FOS -- SIRT1 -- FASLG -- TNFAIP3 -- CCND1 -- TRAF1 -- MAPK14 -- RHOA -- TGFB2 -- RAC1 -- MAP2K7 -- MAP3K1 -- IGF1 -- VEGFA -- MAP3K14 -- TRADD -- TNFRSF10B -- ATM -- CASP2 -- E2F1 -- MDM2 -- CHUK -- RPS6KA5 -- PPP1R13L -- MAPK9 -- IRF1 -- EIF4G2 -- HTRA2 -- MYB -- HIP1 -- CDK4 -- OTUD7B -- RNF11 -- CASP10 -- PSEN1 -- RPA4 -- CASP7 -- SMPD1 -- TNIK -- HTT -- BBC3 -- PELP1 -- BAK1 -- BID -- FOXM1 -- PCNA -- TAF1 -- PLAC8 -- CASP9 -- DIABLO -- APAF1
37,TNFRSF1A -- TNFRSF1B -- NFKB1 -- MAPK8 -- STAT1 -- BIRC2 -- BIRC3 -- SIRT1 -- MYC -- TNFAIP3 -- MAPK14 -- PTMA -- RHOA -- RAC1 -- MAP2K7 -- MAP3K1 -- VEGFA -- RET -- TRADD -- CHUK -- RPS6KA5 -- PPP1R13L -- MAPK9 -- LYN -- IRF1 -- CYCS -- CDK4 -- RNF11 -- PSEN1 -- SOD1 -- HNRNPK -- SMPD1 -- TNIK -- BRCA1 -- PELP1 -- EIF4E -- BID -- FOXM1 -- TFDP1 -- MCL1 -- PCNA -- TAF1 -- PLAC8 -- DIABLO -- RASSF1 -- RANGAP1
38,TNFRSF1A -- TNFRSF1B -- MAPK8 -- STAT1 -- JUN -- FOS -- SIRT1 -- TNFAIP3 -- TRAF1 -- MAPK14 -- RHOA -- NR3C1 -- TGFB2 -- RAC1 -- MAP2K7 -- MAP3K1 -- VEGFA -- MAP3K14 -- RET -- TRADD -- ATM -- CASP2 -- CHUK -- RPS6KA5 -- PPP1R13L -- MAPK9 -- IRF1 -- EIF4G2 -- MYB -- CYCS -- HIP1 -- RNF11 -- PSEN1 -- SOD1 -- HNRNPK -- CASP7 -- SMPD1 -- TNIK -- HTT -- BRCA1 -- CDKN2A -- BID -- MCL1 -- PCNA -- TAF1 -- PLAC8 -- CASP9 -- DIABLO -- APAF1 -- RASSF1
39,TNFRSF1A -- TNFRSF1B -- MAPK8 -- STAT1 -- BIRC2 -- BIRC3 -- SIRT1 -- MYC -- TNFAIP3 -- TRAF1 -- MAPK14 -- PTMA -- RHOA -- TGFB2 -- RAC1 -- MAP2K7 -- MAP3K1 -- VEGFA -- RET -- TRADD -- ATM -- MDM2 -- CHUK -- RPS6KA5 -- PPP1R13L -- MAPK9 -- LYN -- IRF1 -- MYB -- CYCS -- HIP1 -- CDK4 -- RNF11 -- PSEN1 -- SOD1 -- HNRNPK -- SMPD1 -- TNIK -- PELP1 -- EIF4E -- BID -- FOXM1 -- MCL1 -- PCNA -- TAF1 -- DIABLO
40,TNFRSF1A -- TNFRSF1B -- MAPK8 -- STAT1 -- JUN -- FOS -- SIRT1 -- TNFAIP3 -- TRAF1 -- MAPK14 -- RHOA -- NR3C1 -- TGFB2 -- RAC1 -- MAP2K7 -- MAP3K1 -- VEGFA -- MAP3K14 -- RET -- TRADD -- ATM -- CASP2 -- CHUK -- RPS6KA5 -- PPP1R13L -- MAPK9 -- IRF1 -- EIF4G2 -- HTRA2 -- MYB -- HIP1 -- RNF11 -- PSEN1 -- SOD1 -- HNRNPK -- SMPD1 -- TNIK -- HTT -- BRCA1 -- CDKN2A -- BAK1 -- BID -- MCL1 -- PCNA -- TAF1 -- PLAC8 -- CASP9 -- DIABLO -- APAF1 -- RASSF1
41,TNFRSF1A -- TNFRSF1B -- NFKB1 -- MAPK8 -- SIRT1 -- RB1 -- TNFAIP3 -- CCND1 -- TRAF1 -- MAPK14 -- RHOA -- RAC1 -- MAP2K7 -- MAP3K1 -- MAP3K14 -- TRADD -- CASP2 -- MDM2 -- CHUK -- RPS6KA5 -- PPP1R13L -- MAPK9 -- LYN -- IRF1 -- HTRA2 -- HIP1 -- CDK4 -- OTUD7B -- RNF11 -- PSEN1 -- SOD1 -- RPA4 -- SMPD1 -- TNIK -- PELP1 -- BAX -- BAK1 -- EIF4E -- BID -- FOXM1 -- PCNA -- PLAC8 -- CASP9 -- DIABLO
42,TNFRSF1A -- TNFRSF1B -- MAPK8 -- STAT1 -- FOS -- BIRC2 -- BIRC3 -- SIRT1 -- TNFAIP3 -- TRAF1 -- MAPK14 -- RHOA -- NR3C1 -- TGFB2 -- RAC1 -- MAP2K7 -- MAP3K1 -- VEGFA -- RET -- TRADD -- ATM -- CHUK -- RPS6KA5 -- PPP1R13L -- MAPK9 -- LYN -- IRF1 -- MYB -- CYCS -- HIP1 -- CDK4 -- RNF11 -- PSEN1 -- SOD1 -- HNRNPK -- SMPD1 -- TNIK -- EIF4E -- BID -- MCL1 -- PCNA -- TAF1 -- PLAC8 -- DIABLO -- RASSF1
43,TNFRSF1A -- TNFRSF1B -- NFKB1 -- MAPK8 -- BIRC2 -- SIRT1 -- RB1 -- TNFAIP3 -- CCND1 -- TRAF1 -- MAPK14 -- RHOA -- RAC1 -- MAP2K7 -- MAP3K1 -- TRADD -- TNFRSF10B -- ATM -- MDM2 -- CHUK -- RPS6KA5 -- PPP1R13L -- MAPK9 -- LYN -- IRF1 -- EIF4G2 -- HTRA2 -- HIP1 -- CDK4 -- OTUD7B -- RNF11 -- CASP10 -- PSEN1 -- SOD1 -- RPA4 -- SMPD1 -- TNIK -- PELP1 -- BAX -- BAK1 -- BID -- FOXM1 -- PCNA -- PLAC8 -- DIABLO
44,TNFRSF1A -- TNFRSF1B -- NFKB1 -- MAPK8 -- STAT1 -- SIRT1 -- RB1 -- TNFAIP3 -- CCND1 -- MAPK14 -- PTMA -- RHOA -- RAC1 -- MAP2K7 -- MAP3K1 -- IGF1 -- MAP3K14 -- TRADD -- TNFRSF10B -- CASP2 -- MDM2 -- CHUK -- PPP1R13L -- MAPK9 -- IRF1 -- EIF4G2 -- HTRA2 -- CDK4 -- OTUD7B -- RNF11 -- CASP10 -- PSEN1 -- SOD1 -- RPA4 -- CASP7 -- SMPD1 -- TNIK -- HTT -- PELP1 -- BAX -- BAK1 -- BID -- FOXM1 -- PCNA -- CASP9 -- DIABLO -- APAF1
45,TNFRSF1A -- TNFRSF1B -- MAPK8 -- STAT1 -- BIRC2 -- SIRT1 -- MYC -- TNFAIP3 -- MAPK14 -- PTMA -- RHOA -- TGFB2 -- RAC1 -- MAP2K7 -- MAP3K1 -- VEGFA -- RET -- TRADD -- ATM -- MDM2 -- CHUK -- PPP1R13L -- MAPK9 -- LYN -- IRF1 -- CYCS -- CDK4 -- OTUD7B -- RNF11 -- PSEN1 -- BAD -- SOD1 -- RPA4 -- SMPD1 -- TNIK -- PELP1 -- EIF4E -- BID -- FOXM1 -- MCL1 -- PCNA -- TAF1 -- DIABLO -- RANGAP1
46,TNFRSF1A -- TNFRSF1B -- MAPK8 -- STAT1 -- JUN -- FOS -- BIRC2 -- SIRT1 -- TNFAIP3 -- TRAF1 -- MAPK14 -- RHOA -- NR3C1 -- TGFB2 -- RAC1 -- MAP2K7 -- MAP3K1 -- VEGFA -- MAP3K14 -- RET -- TRADD -- ATM -- CASP2 -- CHUK -- RPS6KA5 -- PPP1R13L -- MAPK9 -- IRF1 -- EIF4G2 -- MYB -- CYCS -- HIP1 -- RNF11 -- PSEN1 -- SOD1 -- HNRNPK -- CASP7 -- SMPD1 -- TNIK -- HTT -- BRCA1 -- CDKN2A -- BID -- MCL1 -- PCNA -- PLAC8 -- CASP9 -- DIABLO -- RASSF1
47,TNFRSF1A -- TNFRSF1B -- MAPK8 -- STAT1 -- FOS -- BIRC2 -- BIRC3 -- SIRT1 -- TNFAIP3 -- TRAF1 -- MAPK14 -- RHOA -- NR3C1 -- TGFB2 -- RAC1 -- MAP2K7 -- MAP3K1 -- VEGFA -- MAP3K14 -- RET -- TRADD -- ATM -- CHUK -- RPS6KA5 -- PPP1R13L -- MAPK9 -- LYN -- IRF1 -- MYB -- CYCS -- HIP1 -- RNF11 -- PSEN1 -- SOD1 -- HNRNPK -- SMPD1 -- TNIK -- HTT -- BRCA1 -- CDKN2A -- BID -- MCL1 -- PCNA -- TAF1 -- PLAC8 -- DIABLO -- RASSF1
48,TNFRSF1A -- TNFRSF1B -- MAPK8 -- STAT1 -- JUN -- FOS -- BIRC2 -- BIRC3 -- SIRT1 -- TNFAIP3 -- TRAF1 -- MAPK14 -- RHOA -- NR3C1 -- TGFB2 -- RAC1 -- MAP2K7 -- MAP3K1 -- VEGFA -- RET -- TRADD -- ATM -- CHUK -- RPS6KA5 -- PPP1R13L -- MAPK9 -- LYN -- IRF1 -- MYB -- CYCS -- HIP1 -- RNF11 -- PSEN1 -- SOD1 -- HNRNPK -- SMPD1 -- TNIK -- BRCA1 -- CDKN2A -- BID -- MCL1 -- PCNA -- TAF1 -- PLAC8 -- DIABLO -- APAF1 -- RASSF1
49,TNFRSF1A -- TNFRSF1B -- NFKB1 -- MAPK8 -- SIRT1 -- RB1 -- TNFAIP3 -- CCND1 -- MAPK14 -- PTMA -- RHOA -- TGFB2 -- RAC1 -- MAP2K7 -- MAP3K1 -- IGF1 -- MAP3K14 -- RET -- TRADD -- TNFRSF10B -- ATM -- MDM2 -- CHUK -- RPS6KA5 -- PPP1R13L -- MAPK9 -- LYN -- IRF1 -- EIF4G2 -- HTRA2 -- CDK4 -- OTUD7B -- RNF11 -- CASP10 -- PSEN1 -- SOD1 -- HNRNPK -- RPA4 -- SMPD1 -- TNIK -- PELP1 -- BAX -- BAK1 -- BID -- FOXM1 -- PCNA -- TAF1 -- PLAC8 -- DIABLO -- APAF1 -- RANGAP1
50,TNFRSF1A -- TNFRSF1B -- MAPK8 -- STAT1 -- JUN -- FOS -- BIRC2 -- SIRT1 -- TNFAIP3 -- TRAF1 -- MAPK14 -- RHOA -- NR3C1 -- TGFB2 -- RAC1 -- MAP2K7 -- MAP3K1 -- VEGFA -- MAP3K14 -- RET -- TRADD -- ATM -- CASP2 -- CHUK -- RPS6KA5 -- PPP1R13L -- MAPK9 -- IRF1 -- EIF4G2 -- MYB -- HIP1 -- RNF11 -- PSEN1 -- SOD1 -- HNRNPK -- CASP7 -- SMPD1 -- TNIK -- HTT -- BRCA1 -- CDKN2A -- BID -- MCL1 -- PCNA -- TAF1 -- PLAC8 -- CASP9 -- DIABLO -- APAF1 -- RASSF1
51,STAT1 -- BIRC2 -- SIRT1 -- MAPK14 -- RHOA -- RAC1 -- MAP2K7 -- MAP3K1 -- IGF1 -- VEGFA -- RET -- MAPK1 -- ATM -- E2F1 -- CHUK -- RPS6KA5 -- PPP1R13L -- MAPK9 -- LYN -- IRF1 -- HTRA2 -- HIP1 -- CDK4 -- OTUD7B -- RNF11 -- PARP1 -- PSEN1 -- SOD1 -- RPA4 -- BBC3 -- PELP1 -- BAK1 -- EIF4E -- BID -- FOXM1 -- CTBP1 -- RBL1 -- PCNA -- TAF1 -- PLAC8 -- DIABLO
52,TNFRSF1A -- TNFRSF1B -- MAPK8 -- STAT1 -- BIRC2 -- SIRT1 -- TNFAIP3 -- TRAF1 -- MAPK14 -- RHOA -- NR3C1 -- TGFB2 -- RAC1 -- MAP2K7 -- MAP3K1 -- VEGFA -- RET -- TRADD -- ATM -- CHUK -- RPS6KA5 -- PPP1R13L -- MAPK9 -- LYN -- IRF1 -- CYCS -- HIP1 -- RNF11 -- PSEN1 -- SOD1 -- HNRNPK -- SMPD1 -- TNIK -- BRCA1 -- BID -- MCL1 -- PCNA -- TAF1 -- PLAC8 -- DIABLO -- RASSF1
53,TNFRSF1A -- TNFRSF1B -- NFKB1 -- MAPK8 -- BIRC2 -- BIRC3 -- SIRT1 -- MYC -- RB1 -- TNFAIP3 -- CCND1 -- MAPK14 -- PTMA -- RHOA -- RAC1 -- MAP2K7 -- MAP3K1 -- TRADD -- TNFRSF10B -- MDM2 -- CHUK -- PPP1R13L -- MAPK9 -- LYN -- IRF1 -- EIF4G2 -- HTRA2 -- CYCS -- CDK4 -- OTUD7B -- RNF11 -- CASP10 -- PSEN1 -- SOD1 -- RPA4 -- SMPD1 -- TNIK -- BAX -- EIF4E -- BID -- PCNA -- DIABLO -- RANGAP1
54,TNFRSF1A -- TNFRSF1B -- MAPK8 -- STAT1 -- JUN -- FOS -- SIRT1 -- RB1 -- TNFAIP3 -- TRAF1 -- MAPK14 -- RHOA -- NR3C1 -- RAC1 -- MAP2K7 -- MAP3K1 -- MAP3K14 -- TRADD -- TNFRSF10B -- ATM -- CASP2 -- CHUK -- RPS6KA5 -- PPP1R13L -- MAPK9 -- IRF1 -- EIF4G2 -- HTRA2 -- MYB -- HIP1 -- RNF11 -- CASP10 -- PSEN1 -- SOD1 -- SMPD1 -- TNIK -- HTT -- BRCA1 -- CDKN2A -- BAK1 -- BID -- PCNA -- PLAC8 -- CASP9 -- DIABLO -- APAF1 -- RASSF1
55,TNFRSF1A -- TNFRSF1B -- MAPK8 -- STAT1 -- BIRC2 -- BIRC3 -- SIRT1 -- MYC -- TNFAIP3 -- MAPK14 -- PTMA -- RHOA -- TGFB2 -- RAC1 -- MAP2K7 -- MAP3K1 -- VEGFA -- RET -- TRADD -- TNFRSF10B -- ATM -- MDM2 -- CHUK -- PPP1R13L -- MAPK9 -- LYN -- IRF1 -- CYCS -- CDK4 -- OTUD7B -- RNF11 -- CASP10 -- PSEN1 -- BAD -- SOD1 -- HNRNPK -- RPA4 -- SMPD1 -- TNIK -- PELP1 -- EIF4E -- BID -- FOXM1 -- MCL1 -- PCNA -- TAF1 -- DIABLO -- RANGAP1
56,TNFRSF1A -- TNFRSF1B -- MAPK8 -- BIRC2 -- BIRC3 -- SIRT1 -- MYC -- TNFAIP3 -- CCND1 -- TRAF1 -- MAPK14 -- TGFB2 -- RAC1 -- MAP2K7 -- MAP3K1 -- TRADD -- AKT1 -- MDM2 -- CHUK -- RPS6KA5 -- PPP1R13L -- MAPK9 -- LYN -- IRF1 -- EIF4G2 -- CYCS -- HIP1 -- CDK4 -- OTUD7B -- RNF11 -- PSEN1 -- RPA4 -- TNIK -- PELP1 -- BAK1 -- BID -- FOXM1 -- PCNA -- TAF1 -- DIABLO -- RANGAP1
57,TNFRSF1A -- TNFRSF1B -- NFKB1 -- MAPK8 -- FOS -- SIRT1 -- RB1 -- TNFAIP3 -- CCND1 -- TRAF1 -- MAPK14 -- RHOA -- RAC1 -- MAP2K7 -- MAP3K1 -- MAP3K14 -- TRADD -- TNFRSF10B -- CASP2 -- MDM2 -- CHUK -- RPS6KA5 -- PPP1R13L -- MAPK9 -- IRF1 -- EIF4G2 -- HTRA2 -- HIP1 -- CDK4 -- OTUD7B -- RNF11 -- CASP10 -- PSEN1 -- SOD1 -- RPA4 -- SMPD1 -- TNIK -- HTT -- PELP1 -- BAX -- BAK1 -- BID -- FOXM1 -- PCNA -- PLAC8 -- CASP9 -- DIABLO -- APAF1
58,TNFRSF1A -- TNFRSF1B -- NFKB1 -- MAPK8 -- BIRC2 -- SIRT1 -- RB1 -- TNFAIP3 -- CCND1 -- TRAF1 -- MAPK14 -- RHOA -- RAC1 -- MAP2K7 -- MAP3K1 -- TRADD -- TNFRSF10B -- ATM -- MDM2 -- CHUK -- RPS6KA5 -- PPP1R13L -- MAPK9 -- LYN -- IRF1 -- HTRA2 -- HIP1 -- CDK4 -- OTUD7B -- RNF11 -- PSEN1 -- SOD1 -- RPA4 -- SMPD1 -- TNIK -- PELP1 -- BAX -- BAK1 -- EIF4E -- BID -- FOXM1 -- PCNA -- PLAC8 -- DIABLO
59,TNFRSF1A -- TNFRSF1B -- MAPK8 -- STAT1 -- JUN -- FOS -- SIRT1 -- TNFAIP3 -- TRAF1 -- MAPK14 -- RHOA -- NR3C1 -- TGFB2 -- RAC1 -- MAP2K7 -- MAP3K1 -- VEGFA -- MAP3K14 -- TRADD -- ATM -- CASP2 -- CHUK -- RPS6KA5 -- PPP1R13L -- MAPK9 -- IRF1 -- EIF4G2 -- MYB -- HIP1 -- RNF11 -- PSEN1 -- SOD1 -- SMPD1 -- TNIK -- HTT -- BRCA1 -- CDKN2A -- BID -- MCL1 -- PCNA -- TAF1 -- PLAC8 -- CASP9 -- DIABLO -- APAF1 -- RASSF1
60,TNFRSF1A -- TNFRSF1B -- MAPK8 -- STAT1 -- JUN -- FOS -- BIRC2 -- BIRC3 -- SIRT1 -- TNFAIP3 -- TRAF1 -- MAPK14 -- RHOA -- NR3C1 -- TGFB2 -- RAC1 -- MAP2K7 -- MAP3K1 -- VEGFA -- RET -- TRADD -- ATM -- CHUK -- RPS6KA5 -- PPP1R13L -- MAPK9 -- IRF1 -- EIF4G2 -- MYB -- CYCS -- HIP1 -- RNF11 -- PSEN1 -- SOD1 -- HNRNPK -- CASP7 -- SMPD1 -- TNIK -- BRCA1 -- CDKN2A -- BID -- MCL1 -- PCNA -- TAF1 -- PLAC8 -- DIABLO -- APAF1 -- RASSF1
61,TNFRSF1A -- TNFRSF1B -- MAPK8 -- SIRT1 -- RB1 -- TNFAIP3 -- CCND1 -- TRAF1 -- MAPK14 -- RHOA -- RAC1 -- MAP2K7 -- MAP3K1 -- MAP3K14 -- TRADD -- ATM -- MDM2 -- CHUK -- PPP1R13L -- MAPK9 -- LYN -- IRF1 -- HTRA2 -- HIP1 -- CDK4 -- OTUD7B -- RNF11 -- PSEN1 -- SOD1 -- RPA4 -- SMPD1 -- TNIK -- PELP1 -- BAX -- BAK1 -- EIF4E -- BID -- FOXM1 -- PCNA -- CASP9 -- DIABLO -- APAF1
62,TNFRSF1A -- TNFRSF1B -- NFKB1 -- MAPK8 -- BIRC2 -- SIRT1 -- RB1 -- TNFAIP3 -- CCND1 -- TRAF1 -- MAPK14 -- RHOA -- RAC1 -- MAP2K7 -- MAP3K1 -- TRADD -- TNFRSF10B -- MDM2 -- CHUK -- RPS6KA5 -- PPP1R13L -- MAPK9 -- LYN -- IRF1 -- HTRA2 -- HIP1 -- CDK4 -- OTUD7B -- RNF11 -- PSEN1 -- SOD1 -- RPA4 -- SMPD1 -- TNIK -- PELP1 -- BAX -- BAK1 -- EIF4E -- BID -- FOXM1 -- PCNA -- DIABLO
63,TNFRSF1A -- TNFRSF1B -- MAPK8 -- STAT1 -- FOS -- BIRC2 -- BIRC3 -- SIRT1 -- TNFAIP3 -- TRAF1 -- MAPK14 -- RHOA -- NR3C1 -- TGFB2 -- RAC1 -- MAP2K7 -- MAP3K1 -- VEGFA -- RET -- TRADD -- TNFRSF10B -- ATM -- CHUK -- RPS6KA5 -- PPP1R13L -- MAPK9 -- LYN -- IRF1 -- EIF4G2 -- MYB -- CYCS -- HIP1 -- RNF11 -- CASP10 -- PSEN1 -- SOD1 -- HNRNPK -- SMPD1 -- TNIK -- BRCA1 -- CDKN2A -- BID -- MCL1 -- PCNA -- TAF1 -- PLAC8 -- DIABLO -- RASSF1
64,NFKB1 -- STAT1 -- BIRC2 -- TNFAIP3 -- TRAF1 -- MAPK14 -- TGFB2 -- RAC1 -- MAP2K7 -- MAP3K1 -- IGF1 -- VEGFA -- RET -- TRADD -- TNFRSF10B -- AKT1 -- CHUK -- RPS6KA5 -- PPP1R13L -- MAPK9 -- LYN -- IRF1 -- EIF4G2 -- HIP1 -- CDK4 -- OTUD7B -- CASP10 -- PARP1 -- PSEN1 -- HNRNPK -- RPA4 -- SMPD1 -- BBC3 -- PELP1 -- BAK1 -- EIF4E -- BID -- FOXM1 -- CTBP1 -- PCNA -- TAF1 -- PLAC8 -- DIABLO
65,TNFRSF1A -- TNFRSF1B -- MAPK8 -- JUN -- FOS -- SIRT1 -- RB1 -- TNFAIP3 -- TRAF1 -- MAPK14 -- RHOA -- NR3C1 -- RAC1 -- MAP2K7 -- MAP3K1 -- VEGFA -- MAP3K14 -- RET -- TRADD -- ATM -- CASP2 -- CHUK -- RPS6KA5 -- PPP1R13L -- MAPK9 -- IRF1 -- EIF4G2 -- HTRA2 -- MYB -- HIP1 -- RNF11 -- PSEN1 -- SOD1 -- HNRNPK -- SMPD1 -- TNIK -- HTT -- BRCA1 -- CDKN2A -- BAK1 -- BID -- PCNA -- PLAC8 -- CASP9 -- DIABLO -- APAF1 -- RASSF1
66,TNFRSF1A -- TNFRSF1B -- MAPK8 -- STAT1 -- JUN -- FOS -- SIRT1 -- TNFAIP3 -- TRAF1 -- MAPK14 -- RHOA -- NR3C1 -- TGFB2 -- RAC1 -- MAP2K7 -- MAP3K1 -- VEGFA -- MAP3K14 -- RET -- TRADD -- ATM -- CASP2 -- CHUK -- RPS6KA5 -- PPP1R13L -- MAPK9 -- IRF1 -- EIF4G2 -- MYB -- HIP1 -- RNF11 -- PSEN1 -- SOD1 -- HNRNPK -- CASP7 -- SMPD1 -- TNIK -- HTT -- BRCA1 -- CDKN2A -- BID -- MCL1 -- PCNA -- TAF1 -- PLAC8 -- CASP9 -- DIABLO -- APAF1 -- RASSF1
67,TNFRSF1A -- TNFRSF1B -- MAPK8 -- STAT1 -- JUN -- FOS -- SIRT1 -- TNFAIP3 -- TRAF1 -- MAPK14 -- RHOA -- NR3C1 -- TGFB2 -- RAC1 -- MAP2K7 -- MAP3K1 -- VEGFA -- MAP3K14 -- RET -- TRADD -- ATM -- CASP2 -- CHUK -- RPS6KA5 -- PPP1R13L -- MAPK9 -- IRF1 -- EIF4G2 -- HTRA2 -- MYB -- HIP1 -- RNF11 -- PSEN1 -- SOD1 -- HNRNPK -- CASP7 -- SMPD1 -- TNIK -- HTT -- BRCA1 -- CDKN2A -- BID -- MCL1 -- PCNA -- TAF1 -- PLAC8 -- CASP9 -- DIABLO -- APAF1 -- RASSF1
68,STAT1 -- BIRC2 -- MAPK14 -- RAC1 -- MAP2K7 -- MAP3K1 -- VEGFA -- RET -- MAPK1 -- AKT1 -- E2F1 -- CHUK -- RPS6KA5 -- PPP1R13L -- MAPK9 -- LYN -- IRF1 -- HIP1 -- CDK4 -- OTUD7B -- PARP1 -- PSEN1 -- SOD1 -- SMPD1 -- PSIP1 -- BBC3 -- PELP1 -- EIF4E -- BID -- FOXM1 -- CTBP1 -- RBL1 -- PCNA -- TAF1 -- PLAC8 -- DIABLO
69,TNFRSF1A -- TNFRSF1B -- MAPK8 -- STAT1 -- BIRC2 -- BIRC3 -- SIRT1 -- TNFAIP3 -- TRAF1 -- MAPK14 -- RHOA -- NR3C1 -- TGFB2 -- RAC1 -- MAP2K7 -- MAP3K1 -- VEGFA -- RET -- TRADD -- ATM -- CHUK -- RPS6KA5 -- PPP1R13L -- MAPK9 -- LYN -- IRF1 -- MYB -- CYCS -- HIP1 -- RNF11 -- PSEN1 -- SOD1 -- HNRNPK -- SMPD1 -- TNIK -- BRCA1 -- CDKN2A -- EIF4E -- BID -- MCL1 -- PCNA -- TAF1 -- PLAC8 -- DIABLO -- RASSF1
70,TNFRSF1A -- TNFRSF1B -- NFKB1 -- MAPK8 -- JUN -- FOS -- SIRT1 -- RB1 -- TNFAIP3 -- CCND1 -- TRAF1 -- MAPK14 -- RHOA -- RAC1 -- MAP2K7 -- MAP3K1 -- IGF1 -- MAP3K14 -- TRADD -- TNFRSF10B -- CASP2 -- MDM2 -- CHUK -- RPS6KA5 -- PPP1R13L -- MAPK9 -- IRF1 -- EIF4G2 -- HTRA2 -- MYB -- HIP1 -- CDK4 -- OTUD7B -- RNF11 -- CASP10 -- PSEN1 -- SOD1 -- RPA4 -- SMPD1 -- TNIK -- HTT -- PELP1 -- BAX -- BAK1 -- BID -- FOXM1 -- PCNA -- PLAC8 -- CASP9 -- DIABLO -- APAF1
71,TNFRSF1A -- TNFRSF1B -- MAPK8 -- STAT1 -- JUN -- FOS -- SIRT1 -- RB1 -- TNFAIP3 -- TRAF1 -- MAPK14 -- RHOA -- NR3C1 -- RAC1 -- MAP2K7 -- MAP3K1 -- VEGFA -- MAP3K14 -- RET -- TRADD -- TNFRSF10B -- ATM -- CASP2 -- CHUK -- RPS6KA5 -- PPP1R13L -- MAPK9 -- IRF1 -- EIF4G2 -- HTRA2 -- MYB -- HIP1 -- RNF11 -- CASP10 -- PSEN1 -- SOD1 -- HNRNPK -- SMPD1 -- TNIK -- HTT -- BRCA1 -- CDKN2A -- BAK1 -- BID -- MCL1 -- PCNA -- PLAC8 -- CASP9 -- DIABLO -- APAF1 -- RASSF1
72,TNFRSF1A -- TNFRSF1B -- NFKB1 -- MAPK8 -- BIRC2 -- BIRC3 -- SIRT1 -- MYC -- TNFAIP3 -- CCND1 -- MAPK14 -- PTMA -- RHOA -- TGFB2 -- RAC1 -- MAP2K7 -- MAP3K1 -- TRADD -- TNFRSF10B -- MDM2 -- CHUK -- PPP1R13L -- MAPK9 -- LYN -- IRF1 -- CYCS -- CDK4 -- OTUD7B -- RNF11 -- CASP10 -- PSEN1 -- BAD -- SOD1 -- RPA4 -- SMPD1 -- TNIK -- PELP1 -- EIF4E -- BID -- FOXM1 -- PCNA -- TAF1 -- DIABLO -- RANGAP1
73,TNFRSF1A -- TNFRSF1B -- MAPK8 -- STAT1 -- BIRC2 -- SIRT1 -- MYC -- TNFAIP3 -- MAPK14 -- PTMA -- RHOA -- NR3C1 -- RAC1 -- MAP2K7 -- MAP3K1 -- VEGFA -- RET -- TRADD -- MDM2 -- CHUK -- PPP1R13L -- MAPK9 -- LYN -- IRF1 -- CYCS -- CDK4 -- OTUD7B -- RNF11 -- PSEN1 -- SOD1 -- RPA4 -- SMPD1 -- TNIK -- PELP1 -- BID -- FOXM1 -- MCL1 -- PCNA -- TAF1 -- DIABLO -- RANGAP1
74,TNFRSF1A -- TNFRSF1B -- NFKB1 -- MAPK8 -- JUN -- FOS -- SIRT1 -- TNFAIP3 -- TRAF1 -- MAPK14 -- RHOA -- NR3C1 -- RAC1 -- MAP2K7 -- MAP3K1 -- IGF1 -- VEGFA -- MAP3K14 -- RET -- TRADD -- TNFRSF10B -- ATM -- CASP2 -- CHUK -- RPS6KA5 -- PPP1R13L -- MAPK9 -- IRF1 -- EIF4G2 -- HTRA2 -- MYB -- HIP1 -- OTUD7B -- RNF11 -- CASP10 -- PSEN1 -- SOD1 -- HNRNPK -- SMPD1 -- TNIK -- HTT -- BRCA1 -- CDKN2A -- BAK1 -- BID -- MCL1 -- PCNA -- PLAC8 -- CASP9 -- DIABLO -- APAF1
75,TNFRSF1A -- TNFRSF1B -- NFKB1 -- MAPK8 -- FOS -- SIRT1 -- RB1 -- TNFAIP3 -- CCND1 -- TRAF1 -- MAPK14 -- RHOA -- RAC1 -- MAP2K7 -- MAP3K1 -- IGF1 -- MAP3K14 -- TRADD -- CASP2 -- MDM2 -- CHUK -- RPS6KA5 -- PPP1R13L -- MAPK9 -- IRF1 -- EIF4G2 -- HTRA2 -- CDK4 -- OTUD7B -- RNF11 -- PSEN1 -- SOD1 -- RPA4 -- SMPD1 -- TNIK -- HTT -- PELP1 -- BAX -- BAK1 -- BID -- FOXM1 -- PCNA -- PLAC8 -- CASP9 -- DIABLO -- APAF1
76,TNFRSF1A -- TNFRSF1B -- MAPK8 -- JUN -- FOS -- SIRT1 -- TNFAIP3 -- TRAF1 -- MAPK14 -- RHOA -- RAC1 -- MAP2K7 -- MAP3K1 -- IGF1 -- VEGFA -- MAP3K14 -- TRADD -- ATM -- CASP2 -- CHUK -- RPS6KA5 -- PPP1R13L -- MAPK9 -- IRF1 -- EIF4G2 -- HTRA2 -- MYB -- HIP1 -- RNF11 -- PSEN1 -- SOD1 -- RPA4 -- SMPD1 -- TNIK -- HTT -- BRCA1 -- CDKN2A -- PELP1 -- BAX -- BAK1 -- BID -- FOXM1 -- PCNA -- PLAC8 -- CASP9 -- DIABLO -- APAF1
77,TNFRSF1A -- TNFRSF1B -- MAPK8 -- STAT1 -- JUN -- FOS -- BIRC2 -- BIRC3 -- SIRT1 -- TNFAIP3 -- TRAF1 -- MAPK14 -- RHOA -- NR3C1 -- TGFB2 -- RAC1 -- MAP2K7 -- MAP3K1 -- VEGFA -- RET -- TRADD -- ATM -- CHUK -- RPS6KA5 -- PPP1R13L -- MAPK9 -- LYN -- IRF1 -- EIF4G2 -- MYB -- CYCS -- HIP1 -- RNF11 -- PSEN1 -- SOD1 -- HNRNPK -- SMPD1 -- TNIK -- BRCA1 -- CDKN2A -- BID -- MCL1 -- PCNA -- TAF1 -- PLAC8 -- DIABLO -- RASSF1
78,TNFRSF1A -- TNFRSF1B -- MAPK8 -- BIRC2 -- SIRT1 -- RB1 -- TNFAIP3 -- CCND1 -- TRAF1 -- MAPK14 -- PTMA -- RHOA -- TGFB2 -- RAC1 -- MAP2K7 -- MAP3K1 -- IGF1 -- TRADD -- TNFRSF10B -- ATM -- MDM2 -- CHUK -- PPP1R13L -- MAPK9 -- LYN -- IRF1 -- EIF4G2 -- CYCS -- HIP1 -- CDK4 -- OTUD7B -- RNF11 -- CASP10 -- PSEN1 -- BAD -- SOD1 -- RPA4 -- SMPD1 -- TNIK -- PELP1 -- BAX -- BAK1 -- EIF4E -- BID -- FOXM1 -- PCNA -- TAF1 -- DIABLO -- RANGAP1
79,TNFRSF1A -- TNFRSF1B -- NFKB1 -- MAPK8 -- BIRC2 -- RB1 -- TNFAIP3 -- CCND1 -- TRAF1 -- MAPK14 -- IL2 -- RAC1 -- MAP2K7 -- MAP3K1 -- IGF1 -- TRADD -- TNFRSF10B -- AKT1 -- ATM -- MDM2 -- CHUK -- RPS6KA5 -- PPP1R13L -- MAPK9 -- LYN -- IRF1 -- EIF4G2 -- CYCS -- HIP1 -- CDK4 -- OTUD7B -- CASP10 -- PSEN1 -- SOD1 -- RPA4 -- TNIK -- PELP1 -- BID -- FOXM1 -- MCL1 -- PCNA -- PLAC8 -- DIABLO
80,TNFRSF1A -- TNFRSF1B -- MAPK8 -- STAT1 -- JUN -- BIRC2 -- BIRC3 -- SIRT1 -- TNFAIP3 -- TRAF1 -- MAPK14 -- RHOA -- NR3C1 -- TGFB2 -- RAC1 -- MAP2K7 -- MAP3K1 -- VEGFA -- RET -- TRADD -- ATM -- CHUK -- RPS6KA5 -- PPP1R13L -- MAPK9 -- LYN -- IRF1 -- MYB -- CYCS -- HIP1 -- RNF11 -- PSEN1 -- SOD1 -- HNRNPK -- SMPD1 -- TNIK -- BRCA1 -- CDKN2A -- EIF4E -- BID -- MCL1 -- PCNA -- TAF1 -- PLAC8 -- DIABLO -- RASSF1 -- RANGAP1
81,TP53 -- STAT1 -- JUN -- BIRC2 -- SIRT1 -- TRAF1 -- MAPK14 -- TGFB2 -- MAP2K7 -- MAP3K1 -- VEGFA -- MAP3K14 -- RET -- MAPK1 -- TNFRSF10B -- AKT1 -- ATM -- NFKB2 -- CHUK -- RPS6KA5 -- PPP1R13L -- MAPK9 -- IRF1 -- EIF4G2 -- CYCS -- HIP1 -- CDK4 -- OTUD7B -- CASP10 -- PSEN1 -- HNRNPK -- RPA4 -- CASP7 -- SMPD1 -- HTT -- PELP1 -- BAK1 -- BID -- FOXM1 -- MCL1 -- CTBP1 -- PCNA -- TAF1 -- PLAC8 -- CCNG1 -- DIABLO
82,TNFRSF1A -- TNFRSF1B -- MAPK8 -- STAT1 -- SIRT1 -- MYC -- TNFAIP3 -- MAPK14 -- PTMA -- RHOA -- RAC1 -- MAP2K7 -- MAP3K1 -- VEGFA -- MAP3K14 -- RET -- TRADD -- CASP2 -- CHUK -- PPP1R13L -- MAPK9 -- LYN -- IRF1 -- EIF4G2 -- HTRA2 -- CYCS -- RNF11 -- PSEN1 -- SOD1 -- HNRNPK -- SMPD1 -- TNIK -- HTT -- BAX -- BAK1 -- BID -- TFDP1 -- PCNA -- TAF1 -- DIABLO -- APAF1 -- RASSF1 -- RANGAP1
83,TNFRSF1A -- TNFRSF1B -- NFKB1 -- MAPK8 -- STAT1 -- JUN -- FOS -- SIRT1 -- MYC -- RB1 -- TNFAIP3 -- CCND1 -- MAPK14 -- PTMA -- RHOA -- RAC1 -- MAP2K7 -- MAP3K1 -- MAP3K14 -- TRADD -- TNFRSF10B -- CASP2 -- MDM2 -- CHUK -- PPP1R13L -- MAPK9 -- IRF1 -- EIF4G2 -- HTRA2 -- MYB -- CDK4 -- RNF11 -- PSEN1 -- SOD1 -- SMPD1 -- TNIK -- HTT -- CDKN2A -- BAX -- BAK1 -- BID -- PCNA -- DIABLO -- APAF1 -- RANGAP1
84,TNFRSF1A -- TNFRSF1B -- MAPK8 -- STAT1 -- JUN -- FOS -- BIRC2 -- BIRC3 -- SIRT1 -- TNFAIP3 -- TRAF1 -- MAPK14 -- RHOA -- NR3C1 -- TGFB2 -- RAC1 -- MAP2K7 -- MAP3K1 -- VEGFA -- RET -- TRADD -- ATM -- CHUK -- RPS6KA5 -- PPP1R13L -- MAPK9 -- IRF1 -- EIF4G2 -- MYB -- CYCS -- HIP1 -- RNF11 -- CASP10 -- PSEN1 -- SOD1 -- HNRNPK -- SMPD1 -- TNIK -- BRCA1 -- CDKN2A -- BID -- MCL1 -- PCNA -- TAF1 -- PLAC8 -- DIABLO -- RASSF1
85,TNFRSF1A -- TNFRSF1B -- MAPK8 -- STAT1 -- JUN -- FOS -- BIRC3 -- SIRT1 -- TNFAIP3 -- TRAF1 -- MAPK14 -- RHOA -- NR3C1 -- TGFB2 -- RAC1 -- MAP2K7 -- MAP3K1 -- VEGFA -- RET -- TRADD -- ATM -- CASP2 -- CHUK -- RPS6KA5 -- PPP1R13L -- MAPK9 -- IRF1 -- EIF4G2 -- MYB -- CYCS -- HIP1 -- RNF11 -- PSEN1 -- SOD1 -- HNRNPK -- SMPD1 -- TNIK -- HTT -- BRCA1 -- CDKN2A -- BID -- MCL1 -- PCNA -- TAF1 -- PLAC8 -- DIABLO -- RASSF1
86,TNFRSF1A -- TNFRSF1B -- NFKB1 -- MAPK8 -- BIRC2 -- BIRC3 -- SIRT1 -- MYC -- RB1 -- TNFAIP3 -- CCND1 -- MAPK14 -- PTMA -- RHOA -- TGFB2 -- RAC1 -- MAP2K7 -- MAP3K1 -- IGF1 -- TRADD -- TNFRSF10B -- ATM -- MDM2 -- CHUK -- PPP1R13L -- MAPK9 -- LYN -- IRF1 -- EIF4G2 -- CYCS -- CDK4 -- OTUD7B -- RNF11 -- CASP10 -- PSEN1 -- BAD -- SOD1 -- RPA4 -- SMPD1 -- TNIK -- PELP1 -- BID -- FOXM1 -- MCL1 -- PCNA -- TAF1 -- DIABLO -- RANGAP1
87,TNFRSF1A -- TNFRSF1B -- MAPK8 -- STAT1 -- BIRC2 -- BIRC3 -- SIRT1 -- TNFAIP3 -- TRAF1 -- MAPK14 -- RHOA -- NR3C1 -- RAC1 -- MAP2K7 -- MAP3K1 -- VEGFA -- RET -- TRADD -- ATM -- CHUK -- RPS6KA5 -- PPP1R13L -- MAPK9 -- LYN -- IRF1 -- MYB -- CYCS -- HIP1 -- RNF11 -- PSEN1 -- SOD1 -- HNRNPK -- SMPD1 -- TNIK -- BRCA1 -- CDKN2A -- EIF4E -- BID -- MCL1 -- PCNA -- TAF1 -- PLAC8 -- DIABLO -- RASSF1
88,TNFRSF1A -- TNFRSF1B -- MAPK8 -- STAT1 -- BIRC2 -- SIRT1 -- MYC -- TNFAIP3 -- TRAF1 -- MAPK14 -- RHOA -- RAC1 -- MAP2K7 -- MAP3K1 -- VEGFA -- RET -- TRADD -- MDM2 -- CHUK -- PPP1R13L -- MAPK9 -- LYN -- IRF1 -- CYCS -- CDK4 -- OTUD7B -- RNF11 -- PSEN1 -- BAD -- SOD1 -- RPA4 -- SMPD1 -- TNIK -- PELP1 -- EIF4E -- BID -- FOXM1 -- MCL1 -- PCNA -- TAF1 -- DIABLO
89,TNFRSF1A -- TNFRSF1B -- MAPK8 -- STAT1 -- BIRC2 -- SIRT1 -- MYC -- TNFAIP3 -- TRAF1 -- MAPK14 -- PTMA -- RHOA -- TGFB2 -- RAC1 -- MAP2K7 -- MAP3K1 -- VEGFA -- RET -- TRADD -- CHUK -- PPP1R13L -- MAPK9 -- LYN -- IRF1 -- EIF4G2 -- HTRA2 -- CDK4 -- RNF11 -- PSEN1 -- SOD1 -- HNRNPK -- RPA4 -- SMPD1 -- TNIK -- BAX -- BAK1 -- BID -- TFDP1 -- PCNA -- TAF1 -- PLAC8 -- DIABLO -- RASSF1 -- RANGAP1
90,TNFRSF1A -- TNFRSF1B -- MAPK8 -- STAT1 -- SIRT1 -- RB1 -- TNFAIP3 -- TRAF1 -- MAPK14 -- RHOA -- NR3C1 -- RAC1 -- MAP2K7 -- MAP3K1 -- VEGFA -- MAP3K14 -- RET -- TRADD -- ATM -- CASP2 -- CHUK -- RPS6KA5 -- PPP1R13L -- MAPK9 -- LYN -- IRF1 -- EIF4G2 -- HTRA2 -- HIP1 -- RNF11 -- PSEN1 -- SOD1 -- HNRNPK -- SMPD1 -- TNIK -- HTT -- BID -- TFDP1 -- MCL1 -- PCNA -- PLAC8 -- CASP9 -- DIABLO -- APAF1 -- RASSF1
91,TNFRSF1A -- TNFRSF1B -- MAPK8 -- JUN -- FOS -- SIRT1 -- RB1 -- TNFAIP3 -- CCND1 -- TRAF1 -- MAPK14 -- RHOA -- RAC1 -- MAP2K7 -- MAP3K1 -- MAP3K14 -- TRADD -- TNFRSF10B -- ATM -- CASP2 -- CHUK -- RPS6KA5 -- PPP1R13L -- MAPK9 -- IRF1 -- EIF4G2 -- HTRA2 -- MYB -- HIP1 -- OTUD7B -- RNF11 -- CASP10 -- PSEN1 -- SOD1 -- RPA4 -- SMPD1 -- TNIK -- HTT -- CDKN2A -- PELP1 -- BAX -- BAK1 -- BID -- FOXM1 -- PCNA -- PLAC8 -- CASP9 -- DIABLO -- APAF1
92,TNFRSF1A -- TNFRSF1B -- MAPK8 -- BIRC2 -- SIRT1 -- MYC -- TNFAIP3 -- CCND1 -- MAPK14 -- PTMA -- RHOA -- RAC1 -- MAP2K7 -- MAP3K1 -- VEGFA -- TRADD -- MDM2 -- CHUK -- PPP1R13L -- MAPK9 -- LYN -- IRF1 -- CYCS -- CDK4 -- OTUD7B -- RNF11 -- PSEN1 -- SOD1 -- RPA4 -- SMPD1 -- TNIK -- PELP1 -- BAX -- BAK1 -- EIF4E -- BID -- FOXM1 -- PCNA -- TAF1 -- DIABLO -- RANGAP1
93,TNFRSF1A -- TNFRSF1B -- MAPK8 -- STAT1 -- JUN -- FOS -- SIRT1 -- RB1 -- TNFAIP3 -- TRAF1 -- MAPK14 -- RHOA -- RAC1 -- MAP2K7 -- MAP3K1 -- VEGFA -- MAP3K14 -- RET -- TRADD -- ATM -- CASP2 -- CHUK -- RPS6KA5 -- PPP1R13L -- MAPK9 -- IRF1 -- EIF4G2 -- HTRA2 -- MYB -- HIP1 -- RNF11 -- PSEN1 -- SOD1 -- HNRNPK -- SMPD1 -- TNIK -- HTT -- CDKN2A -- BID -- MCL1 -- PCNA -- PLAC8 -- CASP9 -- DIABLO -- APAF1
94,TNFRSF1A -- TNFRSF1B -- MAPK8 -- STAT1 -- JUN -- FOS -- SIRT1 -- RB1 -- TNFAIP3 -- TRAF1 -- MAPK14 -- RHOA -- RAC1 -- MAP2K7 -- MAP3K1 -- MAP3K14 -- TRADD -- TNFRSF10B -- ATM -- CASP2 -- MDM2 -- CHUK -- RPS6KA5 -- PPP1R13L -- MAPK9 -- IRF1 -- EIF4G2 -- HTRA2 -- HIP1 -- OTUD7B -- RNF11 -- CASP10 -- PSEN1 -- SOD1 -- RPA4 -- SMPD1 -- TNIK -- HTT -- CDKN2A -- PELP1 -- BAX -- BAK1 -- BID -- FOXM1 -- PCNA -- PLAC8 -- CASP9 -- DIABLO -- APAF1
95,TNFRSF1A -- TNFRSF1B -- MAPK8 -- JUN -- FOS -- SIRT1 -- RB1 -- TNFAIP3 -- TRAF1 -- MAPK14 -- RHOA -- RAC1 -- MAP2K7 -- MAP3K1 -- VEGFA -- MAP3K14 -- RET -- TRADD -- TNFRSF10B -- ATM -- CASP2 -- CHUK -- RPS6KA5 -- PPP1R13L -- MAPK9 -- IRF1 -- EIF4G2 -- HTRA2 -- MYB -- HIP1 -- CDK4 -- OTUD7B -- RNF11 -- CASP10 -- PSEN1 -- SOD1 -- HNRNPK -- RPA4 -- SMPD1 -- TNIK -- HTT -- CDKN2A -- PELP1 -- BID -- FOXM1 -- MCL1 -- PCNA -- PLAC8 -- CASP9 -- DIABLO -- APAF1
96,TNFRSF1A -- TNFRSF1B -- NFKB1 -- MAPK8 -- BIRC3 -- SIRT1 -- RB1 -- TNFAIP3 -- CCND1 -- MAPK14 -- RHOA -- RAC1 -- MAP2K7 -- MAP3K1 -- TRADD -- TNFRSF10B -- ATM -- CASP2 -- MDM2 -- CHUK -- RPS6KA5 -- PPP1R13L -- MAPK9 -- LYN -- IRF1 -- EIF4G2 -- HTRA2 -- HIP1 -- CDK4 -- OTUD7B -- RNF11 -- CASP10 -- PSEN1 -- SOD1 -- RPA4 -- SMPD1 -- TNIK -- HTT -- PELP1 -- BAX -- BAK1 -- BID -- FOXM1 -- PCNA -- PLAC8 -- DIABLO
97,TNFRSF1A -- TNFRSF1B -- NFKB1 -- MAPK8 -- SIRT1 -- RB1 -- TNFAIP3 -- CCND1 -- TRAF1 -- MAPK14 -- RHOA -- RAC1 -- MAP2K7 -- MAP3K1 -- IGF1 -- MAP3K14 -- TRADD -- TNFRSF10B -- ATM -- CASP2 -- MDM2 -- CHUK -- RPS6KA5 -- PPP1R13L -- MAPK9 -- LYN -- IRF1 -- EIF4G2 -- HTRA2 -- CYCS -- HIP1 -- CDK4 -- OTUD7B -- RNF11 -- CASP10 -- PSEN1 -- SOD1 -- RPA4 -- SMPD1 -- TNIK -- HTT -- PELP1 -- BAX -- BAK1 -- BID -- FOXM1 -- PCNA -- PLAC8 -- DIABLO
98,TNFRSF1A -- TNFRSF1B -- MAPK8 -- STAT1 -- BIRC2 -- SIRT1 -- MYC -- TNFAIP3 -- MAPK14 -- PTMA -- RHOA -- NR3C1 -- RAC1 -- MAP2K7 -- MAP3K1 -- VEGFA -- RET -- TRADD -- CHUK -- RPS6KA5 -- PPP1R13L -- MAPK9 -- LYN -- IRF1 -- EIF4G2 -- CYCS -- HIP1 -- CDK4 -- OTUD7B -- RNF11 -- PSEN1 -- SOD1 -- HNRNPK -- SMPD1 -- TNIK -- BID -- MCL1 -- PCNA -- TAF1 -- DIABLO -- RASSF1
99,TNFRSF1A -- TNFRSF1B -- MAPK8 -- STAT1 -- JUN -- FOS -- SIRT1 -- TNFAIP3 -- TRAF1 -- MAPK14 -- RHOA -- NR3C1 -- TGFB2 -- RAC1 -- MAP2K7 -- MAP3K1 -- VEGFA -- MAP3K14 -- RET -- TRADD -- ATM -- CASP2 -- CHUK -- RPS6KA5 -- PPP1R13L -- MAPK9 -- IRF1 -- EIF4G2 -- HTRA2 -- MYB -- HIP1 -- RNF11 -- PSEN1 -- SOD1 -- HNRNPK -- CASP7 -- SMPD1 -- TNIK -- HTT -- BRCA1 -- CDKN2A -- BID -- MCL1 -- PCNA -- TAF1 -- PLAC8 -- CASP9 -- DIABLO -- APAF1 -- RASSF1
100,TNFRSF1A -- TNFRSF1B -- MAPK8 -- STAT1 -- JUN -- FOS -- BIRC2 -- BIRC3 -- SIRT1 -- TNFAIP3 -- TRAF1 -- MAPK14 -- RHOA -- NR3C1 -- TGFB2 -- RAC1 -- MAP2K7 -- MAP3K1 -- VEGFA -- RET -- TRADD -- ATM -- CASP2 -- CHUK -- RPS6KA5 -- PPP1R13L -- MAPK9 -- IRF1 -- EIF4G2 -- MYB -- CYCS -- HIP1 -- RNF11 -- PSEN1 -- SOD1 -- HNRNPK -- SMPD1 -- TNIK -- HTT -- BRCA1 -- CDKN2A -- BID -- MCL1 -- PCNA -- TAF1 -- PLAC8 -- DIABLO -- RASSF1
101,TNFRSF1A -- TNFRSF1B -- MAPK8 -- STAT1 -- JUN -- FOS -- BIRC2 -- BIRC3 -- SIRT1 -- TNFAIP3 -- TRAF1 -- MAPK14 -- RHOA -- NR3C1 -- TGFB2 -- RAC1 -- MAP2K7 -- MAP3K1 -- VEGFA -- RET -- TRADD -- ATM -- CHUK -- RPS6KA5 -- PPP1R13L -- MAPK9 -- IRF1 -- MYB -- CYCS -- HIP1 -- RNF11 -- PSEN1 -- SOD1 -- HNRNPK -- SMPD1 -- TNIK -- BRCA1 -- CDKN2A -- EIF4E -- BID -- MCL1 -- PCNA -- TAF1 -- PLAC8 -- DIABLO -- RASSF1
102,TNFRSF1A -- TNFRSF1B -- MAPK8 -- STAT1 -- BIRC2 -- SIRT1 -- MYC -- TNFAIP3 -- MAPK14 -- PTMA -- RHOA -- RAC1 -- MAP2K7 -- MAP3K1 -- VEGFA -- RET -- TRADD -- ATM -- CHUK -- RPS6KA5 -- PPP1R13L -- MAPK9 -- LYN -- IRF1 -- CYCS -- CDK4 -- RNF11 -- PSEN1 -- SOD1 -- HNRNPK -- RPA4 -- SMPD1 -- TNIK -- BRCA1 -- EIF4E -- BID -- MCL1 -- PCNA -- TAF1 -- DIABLO -- RASSF1
103,TNFRSF1A -- TNFRSF1B -- MAPK8 -- STAT1 -- JUN -- FOS -- BIRC2 -- BIRC3 -- SIRT1 -- TNFAIP3 -- TRAF1 -- MAPK14 -- RHOA -- NR3C1 -- TGFB2 -- RAC1 -- MAP2K7 -- MAP3K1 -- VEGFA -- RET -- TRADD -- ATM -- CHUK -- RPS6KA5 -- PPP1R13L -- MAPK9 -- IRF1 -- EIF4G2 -- MYB -- CYCS -- HIP1 -- RNF11 -- PSEN1 -- SOD1 -- HNRNPK -- SMPD1 -- TNIK -- BRCA1 -- CDKN2A -- BID -- MCL1 -- PCNA -- TAF1 -- PLAC8 -- DIABLO -- RASSF1
104,TNFRSF1A -- TNFRSF1B -- MAPK8 -- STAT1 -- JUN -- BIRC2 -- BIRC3 -- SIRT1 -- TNFAIP3 -- TRAF1 -- MAPK14 -- RHOA -- NR3C1 -- TGFB2 -- RAC1 -- MAP2K7 -- MAP3K1 -- VEGFA -- RET -- TRADD -- ATM -- CASP2 -- CHUK -- RPS6KA5 -- PPP1R13L -- MAPK9 -- LYN -- IRF1 -- EIF4G2 -- MYB -- CYCS -- HIP1 -- RNF11 -- PSEN1 -- SOD1 -- HNRNPK -- SMPD1 -- TNIK -- HTT -- BRCA1 -- CDKN2A -- BID -- MCL1 -- PCNA -- TAF1 -- PLAC8 -- DIABLO -- APAF1 -- RASSF1
105,TNFRSF1A -- TNFRSF1B -- MAPK8 -- STAT1 -- JUN -- FOS -- SIRT1 -- TNFAIP3 -- TRAF1 -- MAPK14 -- RHOA -- NR3C1 -- TGFB2 -- RAC1 -- MAP2K7 -- MAP3K1 -- VEGFA -- MAP3K14 -- RET -- TRADD -- ATM -- CASP2 -- CHUK -- RPS6KA5 -- PPP1R13L -- MAPK9 -- IRF1 -- EIF4G2 -- HTRA2 -- MYB -- HIP1 -- RNF11 -- PSEN1 -- SOD1 -- HNRNPK -- CASP7 -- SMPD1 -- TNIK -- HTT -- BRCA1 -- CDKN2A -- BAK1 -- BID -- MCL1 -- PCNA -- TAF1 -- PLAC8 -- CASP9 -- DIABLO -- APAF1 -- RASSF1
106,TNFRSF1A -- TNFRSF1B -- NFKB1 -- MAPK8 -- BIRC2 -- SIRT1 -- RB1 -- TNFAIP3 -- CCND1 -- TRAF1 -- MAPK14 -- RHOA -- RAC1 -- MAP2K7 -- MAP3K1 -- IGF1 -- TRADD -- TNFRSF10B -- ATM -- MDM2 -- CHUK -- RPS6KA5 -- PPP1R13L -- MAPK9 -- LYN -- IRF1 -- EIF4G2 -- HTRA2 -- HIP1 -- CDK4 -- OTUD7B -- RNF11 -- CASP10 -- PSEN1 -- SOD1 -- RPA4 -- SMPD1 -- TNIK -- PELP1 -- BAX -- BAK1 -- BID -- FOXM1 -- PCNA -- PLAC8 -- DIABLO
107,TNFRSF1A -- TNFRSF1B -- MAPK8 -- JUN -- FOS -- SIRT1 -- RB1 -- TNFAIP3 -- CCND1 -- TRAF1 -- MAPK14 -- RHOA -- NR3C1 -- RAC1 -- MAP2K7 -- MAP3K1 -- MAP3K14 -- RET -- TRADD -- ATM -- CASP2 -- CHUK -- RPS6KA5 -- PPP1R13L -- MAPK9 -- IRF1 -- EIF4G2 -- HTRA2 -- MYB -- HIP1 -- RNF11 -- PSEN1 -- SOD1 -- HNRNPK -- SMPD1 -- TNIK -- HTT -- BRCA1 -- CDKN2A -- BAK1 -- BID -- PCNA -- PLAC8 -- CASP9 -- DIABLO -- APAF1 -- RASSF1
108,TNFRSF1A -- TNFRSF1B -- MAPK8 -- STAT1 -- JUN -- FOS -- SIRT1 -- RB1 -- TNFAIP3 -- TRAF1 -- MAPK14 -- RHOA -- RAC1 -- MAP2K7 -- MAP3K1 -- VEGFA -- MAP3K14 -- TRADD -- ATM -- CASP2 -- CHUK -- RPS6KA5 -- PPP1R13L -- MAPK9 -- IRF1 -- EIF4G2 -- HTRA2 -- MYB -- HIP1 -- OTUD7B -- RNF11 -- CASP10 -- PSEN1 -- SOD1 -- RPA4 -- SMPD1 -- TNIK -- HTT -- CDKN2A -- BAX -- BID -- MCL1 -- PCNA -- PLAC8 -- CASP9 -- DIABLO -- APAF1
109,TNFRSF1A -- TNFRSF1B -- NFKB1 -- MAPK8 -- BIRC2 -- SIRT1 -- RB1 -- TNFAIP3 -- CCND1 -- TRAF1 -- MAPK14 -- RHOA -- RAC1 -- MAP2K7 -- MAP3K1 -- TRADD -- TNFRSF10B -- ATM -- MDM2 -- CHUK -- PPP1R13L -- MAPK9 -- LYN -- IRF1 -- EIF4G2 -- HTRA2 -- CDK4 -- OTUD7B -- RNF11 -- CASP10 -- PSEN1 -- SOD1 -- RPA4 -- SMPD1 -- TNIK -- PELP1 -- BAX -- BAK1 -- EIF4E -- BID -- FOXM1 -- PCNA -- PLAC8 -- DIABLO
110,TNFRSF1A -- TNFRSF1B -- MAPK8 -- STAT1 -- JUN -- FOS -- SIRT1 -- TNFAIP3 -- TRAF1 -- MAPK14 -- RHOA -- NR3C1 -- TGFB2 -- RAC1 -- MAP2K7 -- MAP3K1 -- VEGFA -- MAP3K14 -- RET -- TRADD -- ATM -- CASP2 -- CHUK -- RPS6KA5 -- PPP1R13L -- MAPK9 -- IRF1 -- EIF4G2 -- HTRA2 -- MYB -- HIP1 -- RNF11 -- CASP10 -- PSEN1 -- SOD1 -- CASP7 -- SMPD1 -- TNIK -- HTT -- BRCA1 -- CDKN2A -- BID -- MCL1 -- PCNA -- TAF1 -- PLAC8 -- CASP9 -- DIABLO -- APAF1 -- RASSF1
111,TNFRSF1A -- TNFRSF1B -- MAPK8 -- STAT1 -- BIRC2 -- SIRT1 -- MYC -- TNFAIP3 -- MAPK14 -- PTMA -- RHOA -- NR3C1 -- RAC1 -- MAP2K7 -- MAP3K1 -- VEGFA -- RET -- TRADD -- CHUK -- PPP1R13L -- MAPK9 -- LYN -- IRF1 -- CYCS -- HIP1 -- CDK4 -- OTUD7B -- RNF11 -- PSEN1 -- BAD -- SOD1 -- HNRNPK -- RPA4 -- SMPD1 -- TNIK -- BRCA1 -- EIF4E -- BID -- MCL1 -- PCNA -- TAF1 -- DIABLO -- RASSF1 -- RANGAP1
112,TNFRSF1A -- TNFRSF1B -- MAPK8 -- BIRC2 -- BIRC3 -- SIRT1 -- MYC -- RB1 -- TNFAIP3 -- CCND1 -- MAPK14 -- PTMA -- RHOA -- TGFB2 -- RAC1 -- MAP2K7 -- MAP3K1 -- TRADD -- MDM2 -- CHUK -- PPP1R13L -- MAPK9 -- LYN -- IRF1 -- CYCS -- CDK4 -- OTUD7B -- RNF11 -- CASP10 -- PSEN1 -- SOD1 -- RPA4 -- SMPD1 -- TNIK -- BAX -- BAK1 -- EIF4E -- BID -- FOXM1 -- PCNA -- TAF1 -- DIABLO -- RANGAP1
113,TNFRSF1A -- TNFRSF1B -- MAPK8 -- STAT1 -- JUN -- FOS -- BIRC2 -- BIRC3 -- SIRT1 -- TNFAIP3 -- TRAF1 -- MAPK14 -- RHOA -- NR3C1 -- TGFB2 -- RAC1 -- MAP2K7 -- MAP3K1 -- VEGFA -- MAP3K14 -- RET -- TRADD -- ATM -- CHUK -- RPS6KA5 -- PPP1R13L -- MAPK9 -- IRF1 -- EIF4G2 -- MYB -- CYCS -- HIP1 -- RNF11 -- PSEN1 -- SOD1 -- HNRNPK -- SMPD1 -- TNIK -- BRCA1 -- CDKN2A -- BID -- MCL1 -- PCNA -- TAF1 -- PLAC8 -- CASP9 -- DIABLO -- RASSF1
114,TNFRSF1A -- TNFRSF1B -- MAPK8 -- BIRC2 -- SIRT1 -- MYC -- TNFAIP3 -- CCND1 -- TRAF1 -- MAPK14 -- PTMA -- RHOA -- TGFB2 -- RAC1 -- MAP2K7 -- MAP3K1 -- IGF1 -- TRADD -- ATM -- MDM2 -- CHUK -- PPP1R13L -- MAPK9 -- LYN -- IRF1 -- CYCS -- HIP1 -- CDK4 -- OTUD7B -- RNF11 -- PSEN1 -- SOD1 -- RPA4 -- SMPD1 -- TNIK -- BBC3 -- PELP1 -- BAX -- EIF4E -- BID -- FOXM1 -- PCNA -- TAF1 -- DIABLO -- RANGAP1
115,TNFRSF1A -- TNFRSF1B -- MAPK8 -- STAT1 -- BIRC2 -- BIRC3 -- SIRT1 -- MYC -- TNFAIP3 -- CCND1 -- MAPK14 -- PTMA -- RHOA -- RAC1 -- MAP2K7 -- MAP3K1 -- TRADD -- TNFRSF10B -- ATM -- MDM2 -- CHUK -- PPP1R13L -- MAPK9 -- LYN -- IRF1 -- EIF4G2 -- CYCS -- CDK4 -- OTUD7B -- RNF11 -- CASP10 -- PSEN1 -- BAD -- SOD1 -- RPA4 -- SMPD1 -- TNIK -- PELP1 -- EIF4E -- BID -- FOXM1 -- MCL1 -- PCNA -- TAF1 -- DIABLO -- RANGAP1
116,TNFRSF1A -- TNFRSF1B -- NFKB1 -- MAPK8 -- BIRC3 -- SIRT1 -- RB1 -- TNFAIP3 -- CCND1 -- TRAF1 -- MAPK14 -- PTMA -- RHOA -- RAC1 -- MAP2K7 -- MAP3K1 -- TRADD -- TNFRSF10B -- MDM2 -- CHUK -- RPS6KA5 -- PPP1R13L -- MAPK9 -- LYN -- IRF1 -- HTRA2 -- CDK4 -- OTUD7B -- RNF11 -- PSEN1 -- SOD1 -- RPA4 -- SMPD1 -- TNIK -- PELP1 -- BAX -- BAK1 -- EIF4E -- BID -- FOXM1 -- PCNA -- PLAC8 -- DIABLO -- RANGAP1
117,TNFRSF1A -- TNFRSF1B -- NFKB1 -- MAPK8 -- BIRC2 -- BIRC3 -- SIRT1 -- RB1 -- TNFAIP3 -- CCND1 -- TRAF1 -- MAPK14 -- RHOA -- RAC1 -- MAP2K7 -- MAP3K1 -- IGF1 -- TRADD -- TNFRSF10B -- MDM2 -- CHUK -- RPS6KA5 -- PPP1R13L -- MAPK9 -- LYN -- IRF1 -- EIF4G2 -- CYCS -- HIP1 -- CDK4 -- OTUD7B -- RNF11 -- CASP10 -- PSEN1 -- SOD1 -- RPA4 -- SMPD1 -- TNIK -- PELP1 -- BAX -- BAK1 -- BID -- FOXM1 -- PCNA -- PLAC8 -- DIABLO
118,TNF -- TNFRSF1B -- STAT1 -- SIRT1 -- TNFAIP3 -- TRAF1 -- MAPK14 -- RHOA -- TGFB2 -- RAC1 -- MAP2K7 -- MAP3K1 -- VEGFA -- MAP3K14 -- MAPK1 -- TNFRSF10B -- ATM -- MDM2 -- CHUK -- PPP1R13L -- MAPK9 -- LYN -- IRF1 -- HTRA2 -- HIP1 -- CDK4 -- OTUD7B -- RNF11 -- PARP1 -- PSEN1 -- RPA4 -- SMPD1 -- TNIK -- PSIP1 -- PELP1 -- BAK1 -- EIF4E -- BID -- FOXM1 -- CTBP1 -- PCNA -- TAF1 -- DIABLO -- APAF1
119,TNFRSF1A -- TNFRSF1B -- NFKB1 -- MAPK8 -- JUN -- SIRT1 -- RB1 -- TNFAIP3 -- CCND1 -- TRAF1 -- MAPK14 -- RHOA -- RAC1 -- MAP2K7 -- MAP3K1 -- IGF1 -- MAP3K14 -- TRADD -- TNFRSF10B -- ATM -- CASP2 -- MDM2 -- CHUK -- RPS6KA5 -- PPP1R13L -- MAPK9 -- IRF1 -- EIF4G2 -- HTRA2 -- MYB -- HIP1 -- CDK4 -- OTUD7B -- RNF11 -- PSEN1 -- SOD1 -- RPA4 -- SMPD1 -- TNIK -- HTT -- PELP1 -- BAX -- BAK1 -- BID -- PCNA -- CASP9 -- DIABLO -- APAF1
120,TNFRSF1A -- TNFRSF1B -- NFKB1 -- MAPK8 -- BIRC2 -- SIRT1 -- RB1 -- TNFAIP3 -- CCND1 -- TRAF1 -- MAPK14 -- RHOA -- TGFB2 -- RAC1 -- MAP2K7 -- MAP3K1 -- TRADD -- TNFRSF10B -- ATM -- MDM2 -- CHUK -- PPP1R13L -- MAPK9 -- LYN -- IRF1 -- HTRA2 -- HIP1 -- CDK4 -- OTUD7B -- RNF11 -- PSEN1 -- SOD1 -- RPA4 -- SMPD1 -- TNIK -- PELP1 -- BAX -- BAK1 -- EIF4E -- BID -- FOXM1 -- PCNA -- TAF1 -- PLAC8 -- DIABLO
121,TNFRSF1A -- TNFRSF1B -- NFKB1 -- MAPK8 -- JUN -- SIRT1 -- RB1 -- TNFAIP3 -- CCND1 -- TRAF1 -- MAPK14 -- RHOA -- RAC1 -- MAP2K7 -- MAP3K1 -- IGF1 -- MAP3K14 -- TRADD -- TNFRSF10B -- ATM -- CASP2 -- MDM2 -- CHUK -- RPS6KA5 -- PPP1R13L -- MAPK9 -- IRF1 -- EIF4G2 -- HTRA2 -- HIP1 -- CDK4 -- OTUD7B -- RNF11 -- CASP10 -- PSEN1 -- SOD1 -- RPA4 -- SMPD1 -- TNIK -- PELP1 -- BAX -- BAK1 -- BID -- FOXM1 -- PCNA -- PLAC8 -- CASP9 -- DIABLO -- APAF1
122,STAT1 -- MAPK14 -- RAC1 -- MAP2K7 -- MAP3K1 -- IGF1 -- VEGFA -- MAP3K14 -- RET -- MAPK1 -- AKT1 -- E2F1 -- CHUK -- RPS6KA5 -- PPP1R13L -- MAPK9 -- LYN -- IRF1 -- HTRA2 -- MYB -- HIP1 -- CDK4 -- OTUD7B -- PARP1 -- PSEN1 -- RPA4 -- BBC3 -- PELP1 -- BAK1 -- EIF4E -- BID -- FOXM1 -- CTBP1 -- RBL1 -- PCNA -- TAF1 -- PLAC8 -- DIABLO
123,TNFRSF1A -- TNFRSF1B -- MAPK8 -- STAT1 -- JUN -- FOS -- BIRC2 -- BIRC3 -- SIRT1 -- TNFAIP3 -- TRAF1 -- MAPK14 -- RHOA -- NR3C1 -- TGFB2 -- RAC1 -- MAP2K7 -- MAP3K1 -- VEGFA -- RET -- TRADD -- ATM -- CHUK -- RPS6KA5 -- PPP1R13L -- MAPK9 -- LYN -- IRF1 -- MYB -- CYCS -- HIP1 -- RNF11 -- PSEN1 -- SOD1 -- HNRNPK -- SMPD1 -- TNIK -- BRCA1 -- CDKN2A -- EIF4E -- BID -- MCL1 -- PCNA -- TAF1 -- PLAC8 -- DIABLO -- RASSF1
124,TNFRSF1B -- NFKB1 -- RB1 -- TNFAIP3 -- CCND1 -- TRAF1 -- MAPK14 -- RHOA -- RAC1 -- MAP2K7 -- MAP3K1 -- MAP3K14 -- MAPK1 -- TNFRSF10B -- ATM -- MDM2 -- CHUK -- RPS6KA5 -- PPP1R13L -- MAPK9 -- LYN -- IRF1 -- EIF4G2 -- HTRA2 -- HIP1 -- CDK4 -- OTUD7B -- RNF11 -- CASP10 -- PARP1 -- PSEN1 -- RPA4 -- SMPD1 -- PSIP1 -- PELP1 -- BAX -- BID -- FOXM1 -- MCL1 -- PCNA -- PLAC8 -- DIABLO -- APAF1
125,TNFRSF1A -- TNFRSF1B -- NFKB1 -- MAPK8 -- SIRT1 -- RB1 -- TNFAIP3 -- CCND1 -- MAPK14 -- PTMA -- RHOA -- RAC1 -- MAP2K7 -- MAP3K1 -- IGF1 -- MAP3K14 -- TRADD -- TNFRSF10B -- ATM -- CASP2 -- MDM2 -- CHUK -- RPS6KA5 -- PPP1R13L -- MAPK9 -- LYN -- IRF1 -- HTRA2 -- HIP1 -- CDK4 -- OTUD7B -- RNF11 -- PSEN1 -- SOD1 -- RPA4 -- SMPD1 -- TNIK -- HTT -- PELP1 -- BAX -- BAK1 -- EIF4E -- BID -- FOXM1 -- PCNA -- PLAC8 -- DIABLO -- APAF1 -- RANGAP1
126,TNFRSF1A -- TNFRSF1B -- MAPK8 -- STAT1 -- BIRC2 -- BIRC3 -- SIRT1 -- TNFAIP3 -- TRAF1 -- MAPK14 -- RHOA -- NR3C1 -- TGFB2 -- RAC1 -- MAP2K7 -- MAP3K1 -- VEGFA -- RET -- TRADD -- ATM -- CASP2 -- CHUK -- RPS6KA5 -- PPP1R13L -- MAPK9 -- LYN -- IRF1 -- EIF4G2 -- MYB -- CYCS -- HIP1 -- CDK4 -- RNF11 -- PSEN1 -- SOD1 -- HNRNPK -- SMPD1 -- TNIK -- HTT -- BRCA1 -- BID -- FOXM1 -- MCL1 -- PCNA -- TAF1 -- PLAC8 -- DIABLO -- RASSF1
127,TNFRSF1A -- TNFRSF1B -- MAPK8 -- STAT1 -- JUN -- FOS -- SIRT1 -- RB1 -- TNFAIP3 -- TRAF1 -- MAPK14 -- RHOA -- NR3C1 -- RAC1 -- MAP2K7 -- MAP3K1 -- MAP3K14 -- RET -- TRADD -- ATM -- CASP2 -- CHUK -- RPS6KA5 -- PPP1R13L -- MAPK9 -- IRF1 -- EIF4G2 -- HTRA2 -- MYB -- HIP1 -- RNF11 -- PSEN1 -- SOD1 -- HNRNPK -- SMPD1 -- TNIK -- HTT -- BRCA1 -- CDKN2A -- BAK1 -- BID -- PCNA -- PLAC8 -- CASP9 -- DIABLO -- APAF1 -- RASSF1
128,NFKB1 -- BIRC2 -- BIRC3 -- RB1 -- TNFAIP3 -- MAPK14 -- RAC1 -- MAP2K7 -- MAP3K1 -- MAPK1 -- TNFRSF10B -- MDM2 -- CHUK -- RPS6KA5 -- PPP1R13L -- MAPK9 -- LYN -- IRF1 -- CYCS -- CDK4 -- OTUD7B -- RNF11 -- PARP1 -- PSEN1 -- SOD1 -- RPA4 -- SMPD1 -- EIF4E -- BID -- FOXM1 -- MCL1 -- CTBP1 -- PCNA -- PLAC8 -- DIABLO
129,TNFRSF1A -- TNFRSF1B -- NFKB1 -- MAPK8 -- JUN -- SIRT1 -- RB1 -- TNFAIP3 -- CCND1 -- TRAF1 -- MAPK14 -- RHOA -- RAC1 -- MAP2K7 -- MAP3K1 -- MAP3K14 -- TRADD -- TNFRSF10B -- ATM -- CASP2 -- MDM2 -- CHUK -- RPS6KA5 -- PPP1R13L -- MAPK9 -- IRF1 -- EIF4G2 -- HTRA2 -- MYB -- HIP1 -- CDK4 -- OTUD7B -- RNF11 -- CASP10 -- PSEN1 -- SOD1 -- RPA4 -- SMPD1 -- TNIK -- HTT -- PELP1 -- BAX -- BAK1 -- BID -- FOXM1 -- PCNA -- PLAC8 -- CASP9 -- DIABLO -- APAF1
130,TNFRSF1A -- TNFRSF1B -- NFKB1 -- MAPK8 -- SIRT1 -- RB1 -- TNFAIP3 -- CCND1 -- MAPK14 -- RHOA -- TGFB2 -- RAC1 -- MAP2K7 -- MAP3K1 -- IGF1 -- MAP3K14 -- TRADD -- TNFRSF10B -- MDM2 -- CHUK -- RPS6KA5 -- PPP1R13L -- MAPK9 -- LYN -- IRF1 -- EIF4G2 -- HTRA2 -- HIP1 -- CDK4 -- OTUD7B -- RNF11 -- CASP10 -- PSEN1 -- SOD1 -- RPA4 -- SMPD1 -- TNIK -- PELP1 -- BAX -- BAK1 -- BID -- FOXM1 -- PCNA -- DIABLO
131,TNFRSF1A -- TNFRSF1B -- MAPK8 -- STAT1 -- JUN -- FOS -- BIRC2 -- BIRC3 -- SIRT1 -- TNFAIP3 -- TRAF1 -- MAPK14 -- RHOA -- NR3C1 -- TGFB2 -- RAC1 -- MAP2K7 -- MAP3K1 -- VEGFA -- RET -- TRADD -- ATM -- CHUK -- RPS6KA5 -- PPP1R13L -- MAPK9 -- IRF1 -- EIF4G2 -- MYB -- CYCS -- HIP1 -- RNF11 -- PSEN1 -- SOD1 -- HNRNPK -- SMPD1 -- TNIK -- BRCA1 -- CDKN2A -- BID -- MCL1 -- PCNA -- TAF1 -- PLAC8 -- CASP9 -- DIABLO -- RASSF1
132,TNFRSF1A -- TNFRSF1B -- MAPK8 -- STAT1 -- JUN -- BIRC2 -- BIRC3 -- SIRT1 -- TNFAIP3 -- TRAF1 -- MAPK14 -- RHOA -- NR3C1 -- TGFB2 -- RAC1 -- MAP2K7 -- MAP3K1 -- VEGFA -- RET -- TRADD -- ATM -- CHUK -- RPS6KA5 -- PPP1R13L -- MAPK9 -- LYN -- IRF1 -- MYB -- CYCS -- HIP1 -- RNF11 -- PSEN1 -- SOD1 -- HNRNPK -- SMPD1 -- TNIK -- BRCA1 -- CDKN2A -- EIF4E -- BID -- MCL1 -- PCNA -- TAF1 -- PLAC8 -- DIABLO -- RASSF1
133,TNFRSF1A -- TNFRSF1B -- MAPK8 -- BIRC2 -- SIRT1 -- RB1 -- TNFAIP3 -- CCND1 -- MAPK14 -- RHOA -- TGFB2 -- RAC1 -- MAP2K7 -- MAP3K1 -- TRADD -- MDM2 -- CHUK -- RPS6KA5 -- PPP1R13L -- MAPK9 -- LYN -- IRF1 -- EIF4G2 -- HTRA2 -- HIP1 -- CDK4 -- OTUD7B -- RNF11 -- CASP10 -- PSEN1 -- SOD1 -- RPA4 -- SMPD1 -- TNIK -- PELP1 -- BAX -- BAK1 -- BID -- FOXM1 -- PCNA -- DIABLO
134,TNFRSF1A -- TNFRSF1B -- MAPK8 -- STAT1 -- JUN -- FOS -- SIRT1 -- TNFAIP3 -- TRAF1 -- MAPK14 -- RHOA -- NR3C1 -- TGFB2 -- RAC1 -- MAP2K7 -- MAP3K1 -- VEGFA -- MAP3K14 -- RET -- TRADD -- ATM -- CASP2 -- CHUK -- RPS6KA5 -- PPP1R13L -- MAPK9 -- IRF1 -- EIF4G2 -- HTRA2 -- MYB -- HIP1 -- RNF11 -- PSEN1 -- SOD1 -- RPA4 -- CASP7 -- SMPD1 -- TNIK -- HTT -- CDKN2A -- BBC3 -- BAX -- BAK1 -- BID -- RBL1 -- PCNA -- TAF1 -- PLAC8 -- CASP9 -- DIABLO -- APAF1 -- RASSF1
135,TNFRSF1A -- TNFRSF1B -- MAPK8 -- STAT1 -- JUN -- FOS -- SIRT1 -- TNFAIP3 -- TRAF1 -- MAPK14 -- RHOA -- NR3C1 -- TGFB2 -- RAC1 -- MAP2K7 -- MAP3K1 -- VEGFA -- MAP3K14 -- RET -- TRADD -- TNFRSF10B -- ATM -- CASP2 -- CHUK -- RPS6KA5 -- PPP1R13L -- MAPK9 -- IRF1 -- EIF4G2 -- HTRA2 -- MYB -- HIP1 -- OTUD7B -- RNF11 -- CASP10 -- PSEN1 -- SOD1 -- CASP7 -- SMPD1 -- TNIK -- HTT -- CDKN2A -- BAX -- BAK1 -- BID -- MCL1 -- PCNA -- PLAC8 -- CASP9 -- DIABLO -- APAF1 -- RASSF1
136,TNFRSF1A -- TNFRSF1B -- NFKB1 -- MAPK8 -- BIRC2 -- SIRT1 -- RB1 -- TNFAIP3 -- CCND1 -- MAPK14 -- PTMA -- RHOA -- RAC1 -- MAP2K7 -- MAP3K1 -- RET -- TRADD -- TNFRSF10B -- MDM2 -- CHUK -- PPP1R13L -- MAPK9 -- LYN -- IRF1 -- HTRA2 -- CYCS -- CDK4 -- OTUD7B -- RNF11 -- PSEN1 -- SOD1 -- RPA4 -- SMPD1 -- TNIK -- PELP1 -- BAX -- EIF4E -- BID -- FOXM1 -- PCNA -- DIABLO -- RANGAP1
137,TNFRSF1A -- TNFRSF1B -- MAPK8 -- JUN -- FOS -- SIRT1 -- RB1 -- TNFAIP3 -- CCND1 -- TRAF1 -- MAPK14 -- RHOA -- RAC1 -- MAP2K7 -- MAP3K1 -- MAP3K14 -- TRADD -- ATM -- CASP2 -- MDM2 -- CHUK -- RPS6KA5 -- PPP1R13L -- MAPK9 -- IRF1 -- EIF4G2 -- HTRA2 -- MYB -- HIP1 -- RNF11 -- CASP10 -- PSEN1 -- SOD1 -- SMPD1 -- TNIK -- HTT -- CDKN2A -- PELP1 -- BAX -- BAK1 -- BID -- PCNA -- PLAC8 -- CASP9 -- DIABLO -- APAF1 -- RASSF1
138,TNFRSF1A -- TNFRSF1B -- MAPK8 -- JUN -- FOS -- SIRT1 -- RB1 -- TNFAIP3 -- CCND1 -- TRAF1 -- MAPK14 -- RHOA -- RAC1 -- MAP2K7 -- MAP3K1 -- IGF1 -- MAP3K14 -- TRADD -- TNFRSF10B -- ATM -- CASP2 -- CHUK -- RPS6KA5 -- PPP1R13L -- MAPK9 -- IRF1 -- EIF4G2 -- HTRA2 -- HIP1 -- OTUD7B -- RNF11 -- CASP10 -- PSEN1 -- SOD1 -- SMPD1 -- TNIK -- HTT -- CDKN2A -- BAX -- BAK1 -- BID -- FOXM1 -- PCNA -- PLAC8 -- CASP9 -- DIABLO -- APAF1
139,TNFRSF1A -- MAPK8 -- STAT1 -- BIRC2 -- BIRC3 -- SIRT1 -- TNFAIP3 -- TRAF1 -- MAPK14 -- RAC1 -- MAP2K7 -- MAP3K1 -- VEGFA -- RET -- TRADD -- TNFRSF10B -- ATM -- CHUK -- RPS6KA5 -- PPP1R13L -- MAPK9 -- LYN -- IRF1 -- EIF4G2 -- CYCS -- HIP1 -- CDK4 -- OTUD7B -- RNF11 -- CASP10 -- PSEN1 -- SOD1 -- RPA4 -- SMPD1 -- TNIK -- BBC3 -- PELP1 -- BAX -- BAK1 -- BID -- FOXM1 -- TFDP1 -- RBL1 -- PCNA -- TAF1 -- PLAC8 -- DIABLO
140,TNFRSF1A -- TNFRSF1B -- NFKB1 -- MAPK8 -- STAT1 -- BIRC2 -- BIRC3 -- SIRT1 -- MYC -- TNFAIP3 -- MAPK14 -- PTMA -- RHOA -- TGFB2 -- RAC1 -- MAP2K7 -- MAP3K1 -- VEGFA -- RET -- TRADD -- TNFRSF10B -- CHUK -- PPP1R13L -- MAPK9 -- LYN -- IRF1 -- EIF4G2 -- CYCS -- CDK4 -- RNF11 -- CASP10 -- PSEN1 -- BAD -- SOD1 -- HNRNPK -- RPA4 -- SMPD1 -- TNIK -- EIF4E -- BID -- FOXM1 -- TFDP1 -- PCNA -- TAF1 -- DIABLO -- RANGAP1
141,TNFRSF1A -- TNFRSF1B -- MAPK8 -- STAT1 -- BIRC2 -- BIRC3 -- SIRT1 -- MYC -- TNFAIP3 -- MAPK14 -- PTMA -- RHOA -- TGFB2 -- RAC1 -- MAP2K7 -- MAP3K1 -- VEGFA -- TRADD -- MDM2 -- CHUK -- PPP1R13L -- MAPK9 -- LYN -- IRF1 -- EIF4G2 -- CYCS -- CDK4 -- OTUD7B -- RNF11 -- PSEN1 -- BAD -- SOD1 -- RPA4 -- SMPD1 -- TNIK -- PELP1 -- BID -- FOXM1 -- MCL1 -- PCNA -- TAF1 -- DIABLO -- RANGAP1
142,TNFRSF1A -- TNFRSF1B -- MAPK8 -- SIRT1 -- RB1 -- TNFAIP3 -- CCND1 -- TRAF1 -- MAPK14 -- PTMA -- RHOA -- TGFB2 -- RAC1 -- MAP2K7 -- MAP3K1 -- IGF1 -- TRADD -- TNFRSF10B -- CASP2 -- MDM2 -- CHUK -- RPS6KA5 -- PPP1R13L -- MAPK9 -- LYN -- IRF1 -- EIF4G2 -- HTRA2 -- HIP1 -- CDK4 -- OTUD7B -- RNF11 -- PSEN1 -- SOD1 -- HNRNPK -- RPA4 -- SMPD1 -- TNIK -- HTT -- PELP1 -- BAX -- BAK1 -- BID -- FOXM1 -- PCNA -- PLAC8 -- DIABLO
143,TNFRSF1A -- TNFRSF1B -- NFKB1 -- MAPK8 -- FOS -- SIRT1 -- RB1 -- TNFAIP3 -- CCND1 -- TRAF1 -- MAPK14 -- RHOA -- RAC1 -- MAP2K7 -- MAP3K1 -- IGF1 -- MAP3K14 -- TRADD -- TNFRSF10B -- ATM -- CASP2 -- MDM2 -- CHUK -- RPS6KA5 -- PPP1R13L -- MAPK9 -- IRF1 -- EIF4G2 -- HTRA2 -- HIP1 -- CDK4 -- OTUD7B -- RNF11 -- PSEN1 -- SOD1 -- RPA4 -- SMPD1 -- TNIK -- HTT -- PELP1 -- BAX -- BAK1 -- BID -- FOXM1 -- PCNA -- PLAC8 -- CASP9 -- DIABLO -- APAF1
144,TNFRSF1A -- TNFRSF1B -- MAPK8 -- STAT1 -- JUN -- FOS -- SIRT1 -- TNFAIP3 -- TRAF1 -- MAPK14 -- RHOA -- NR3C1 -- TGFB2 -- RAC1 -- MAP2K7 -- MAP3K1 -- VEGFA -- MAP3K14 -- RET -- TRADD -- ATM -- CASP2 -- CHUK -- RPS6KA5 -- PPP1R13L -- MAPK9 -- IRF1 -- EIF4G2 -- HTRA2 -- MYB -- HIP1 -- RNF11 -- PSEN1 -- SOD1 -- HNRNPK -- SMPD1 -- TNIK -- HTT -- BRCA1 -- CDKN2A -- BAK1 -- BID -- PCNA -- TAF1 -- PLAC8 -- CASP9 -- DIABLO -- APAF1 -- RASSF1
145,TNFRSF1A -- TNFRSF1B -- MAPK8 -- JUN -- FOS -- SIRT1 -- RB1 -- TNFAIP3 -- CCND1 -- TRAF1 -- MAPK14 -- RHOA -- RAC1 -- MAP2K7 -- MAP3K1 -- MAP3K14 -- TRADD -- ATM -- CASP2 -- CHUK -- RPS6KA5 -- PPP1R13L -- MAPK9 -- IRF1 -- EIF4G2 -- HTRA2 -- MYB -- HIP1 -- OTUD7B -- RNF11 -- CASP10 -- PSEN1 -- SOD1 -- SMPD1 -- TNIK -- HTT -- BRCA1 -- CDKN2A -- BAX -- BAK1 -- BID -- FOXM1 -- PCNA -- PLAC8 -- CASP9 -- DIABLO -- APAF1
146,STAT1 -- JUN -- FOS -- SIRT1 -- FASLG -- TNFAIP3 -- TRAF1 -- MAPK14 -- RHOA -- RAC1 -- MAP2K7 -- MAP3K1 -- VEGFA -- MAP3K14 -- MAPK1 -- TNFRSF10B -- ATM -- MDM2 -- CHUK -- RPS6KA5 -- PPP1R13L -- MAPK9 -- IRF1 -- EIF4G2 -- HTRA2 -- MYB -- HIP1 -- OTUD7B -- RNF11 -- PSEN1 -- SOD1 -- RPA4 -- CASP7 -- SMPD1 -- CDKN2A -- PELP1 -- BAK1 -- BID -- FOXM1 -- MCL1 -- CTBP1 -- PCNA -- TAF1 -- PLAC8 -- CASP9 -- DIABLO -- APAF1
147,TNFRSF1A -- TNFRSF1B -- MAPK8 -- STAT1 -- JUN -- FOS -- BIRC2 -- BIRC3 -- SIRT1 -- TNFAIP3 -- TRAF1 -- MAPK14 -- RHOA -- NR3C1 -- TGFB2 -- RAC1 -- MAP2K7 -- MAP3K1 -- VEGFA -- MAP3K14 -- RET -- TRADD -- ATM -- CASP2 -- CHUK -- RPS6KA5 -- PPP1R13L -- MAPK9 -- IRF1 -- EIF4G2 -- MYB -- CYCS -- HIP1 -- RNF11 -- PSEN1 -- SOD1 -- HNRNPK -- CASP7 -- SMPD1 -- TNIK -- HTT -- BRCA1 -- CDKN2A -- BID -- MCL1 -- PCNA -- TAF1 -- PLAC8 -- CASP9 -- DIABLO -- APAF1 -- RASSF1
148,TNFRSF1A -- TNFRSF1B -- NFKB1 -- MAPK8 -- SIRT1 -- RB1 -- TNFAIP3 -- CCND1 -- MAPK14 -- RHOA -- RAC1 -- MAP2K7 -- MAP3K1 -- RET -- TRADD -- TNFRSF10B -- MDM2 -- CHUK -- PPP1R13L -- MAPK9 -- LYN -- IRF1 -- EIF4G2 -- HTRA2 -- CDK4 -- OTUD7B -- RNF11 -- CASP10 -- PSEN1 -- SOD1 -- RPA4 -- SMPD1 -- TNIK -- PELP1 -- BAX -- BAK1 -- BID -- FOXM1 -- PCNA -- TAF1 -- DIABLO -- APAF1 -- RANGAP1
149,STAT1 -- JUN -- BIRC2 -- SIRT1 -- MAPK14 -- TGFB2 -- RAC1 -- MAP2K7 -- MAP3K1 -- VEGFA -- RET -- MAPK1 -- ATM -- CHUK -- RPS6KA5 -- PPP1R13L -- MAPK9 -- LYN -- IRF1 -- HTRA2 -- MYB -- HIP1 -- OTUD7B -- RNF11 -- PARP1 -- PSEN1 -- SOD1 -- SMPD1 -- CDKN2A -- BAX -- EIF4E -- BID -- MCL1 -- PCNA -- TAF1 -- PLAC8 -- DIABLO -- APAF1 -- RASSF1
150,TNFRSF1A -- TNFRSF1B -- MAPK8 -- STAT1 -- BIRC3 -- SIRT1 -- TNFAIP3 -- TRAF1 -- MAPK14 -- RHOA -- NR3C1 -- TGFB2 -- RAC1 -- MAP2K7 -- MAP3K1 -- VEGFA -- MAP3K14 -- RET -- TRADD -- ATM -- CASP2 -- CHUK -- RPS6KA5 -- PPP1R13L -- MAPK9 -- LYN -- IRF1 -- EIF4G2 -- MYB -- CYCS -- HIP1 -- RNF11 -- CASP10 -- PSEN1 -- SOD1 -- HNRNPK -- SMPD1 -- TNIK -- HTT -- BRCA1 -- CDKN2A -- BID -- MCL1 -- PCNA -- TAF1 -- PLAC8 -- DIABLO -- RASSF1
151,TNFRSF1A -- TNFRSF1B -- NFKB1 -- MAPK8 -- SIRT1 -- RB1 -- TNFAIP3 -- CCND1 -- TRAF1 -- MAPK14 -- RHOA -- RAC1 -- MAP2K7 -- MAP3K1 -- TRADD -- TNFRSF10B -- MDM2 -- CHUK -- RPS6KA5 -- PPP1R13L -- MAPK9 -- LYN -- IRF1 -- HTRA2 -- HIP1 -- CDK4 -- OTUD7B -- RNF11 -- CASP10 -- PSEN1 -- SOD1 -- RPA4 -- SMPD1 -- TNIK -- PELP1 -- BAX -- BAK1 -- EIF4E -- BID -- FOXM1 -- PCNA -- PLAC8 -- DIABLO
152,TNFRSF1A -- TNFRSF1B -- MAPK8 -- BIRC2 -- SIRT1 -- MYC -- RB1 -- TNFAIP3 -- CCND1 -- MAPK14 -- PTMA -- RHOA -- RAC1 -- MAP2K7 -- MAP3K1 -- IGF1 -- TRADD -- MDM2 -- CHUK -- PPP1R13L -- MAPK9 -- LYN -- IRF1 -- CYCS -- CDK4 -- OTUD7B -- RNF11 -- PSEN1 -- BAD -- SOD1 -- RPA4 -- SMPD1 -- TNIK -- PELP1 -- EIF4E -- BID -- FOXM1 -- PCNA -- DIABLO -- RANGAP1
153,TNFRSF1A -- TNFRSF1B -- NFKB1 -- MAPK8 -- SIRT1 -- RB1 -- TNFAIP3 -- CCND1 -- TRAF1 -- MAPK14 -- RHOA -- RAC1 -- MAP2K7 -- MAP3K1 -- IGF1 -- MAP3K14 -- TRADD -- TNFRSF10B -- CASP2 -- MDM2 -- CHUK -- RPS6KA5 -- PPP1R13L -- MAPK9 -- LYN -- IRF1 -- EIF4G2 -- HTRA2 -- HIP1 -- CDK4 -- OTUD7B -- RNF11 -- CASP10 -- PSEN1 -- SOD1 -- RPA4 -- SMPD1 -- TNIK -- HTT -- PELP1 -- BAX -- BAK1 -- BID -- FOXM1 -- PCNA -- PLAC8 -- DIABLO -- APAF1
154,TNFRSF1A -- TNFRSF1B -- MAPK8 -- STAT1 -- JUN -- FOS -- SIRT1 -- TNFAIP3 -- TRAF1 -- MAPK14 -- RHOA -- NR3C1 -- TGFB2 -- RAC1 -- MAP2K7 -- MAP3K1 -- VEGFA -- MAP3K14 -- RET -- TRADD -- ATM -- CASP2 -- CHUK -- RPS6KA5 -- PPP1R13L -- MAPK9 -- IRF1 -- EIF4G2 -- HTRA2 -- MYB -- HIP1 -- RNF11 -- PSEN1 -- SOD1 -- HNRNPK -- CASP7 -- SMPD1 -- TNIK -- HTT -- BRCA1 -- CDKN2A -- BAK1 -- BID -- MCL1 -- PCNA -- TAF1 -- PLAC8 -- CASP9 -- DIABLO -- APAF1 -- RASSF1
155,TNFRSF1A -- TNFRSF1B -- MAPK8 -- BIRC2 -- BIRC3 -- SIRT1 -- MYC -- RB1 -- TNFAIP3 -- CCND1 -- MAPK14 -- PTMA -- RHOA -- TGFB2 -- RAC1 -- MAP2K7 -- MAP3K1 -- TRADD -- MDM2 -- CHUK -- RPS6KA5 -- PPP1R13L -- MAPK9 -- LYN -- IRF1 -- CYCS -- CDK4 -- OTUD7B -- RNF11 -- PSEN1 -- SOD1 -- RPA4 -- SMPD1 -- TNIK -- BAK1 -- EIF4E -- BID -- FOXM1 -- PCNA -- TAF1 -- DIABLO -- RANGAP1
156,TNFRSF1A -- TNFRSF1B -- MAPK8 -- BIRC2 -- SIRT1 -- MYC -- RB1 -- TNFAIP3 -- CCND1 -- TRAF1 -- MAPK14 -- PTMA -- RHOA -- RAC1 -- MAP2K7 -- MAP3K1 -- IGF1 -- TRADD -- AKT1 -- ATM -- MDM2 -- CHUK -- PPP1R13L -- MAPK9 -- LYN -- IRF1 -- CYCS -- CDK4 -- OTUD7B -- PSEN1 -- BAD -- RPA4 -- SMPD1 -- TNIK -- PELP1 -- BID -- FOXM1 -- MCL1 -- PCNA -- TAF1 -- DIABLO -- RANGAP1
157,TNFRSF1A -- TNFRSF1B -- NFKB1 -- MAPK8 -- BIRC2 -- BIRC3 -- SIRT1 -- RB1 -- TNFAIP3 -- CCND1 -- TRAF1 -- MAPK14 -- RHOA -- RAC1 -- MAP2K7 -- MAP3K1 -- IGF1 -- TRADD -- TNFRSF10B -- MDM2 -- CHUK -- PPP1R13L -- MAPK9 -- LYN -- IRF1 -- EIF4G2 -- CYCS -- HIP1 -- CDK4 -- OTUD7B -- RNF11 -- CASP10 -- PSEN1 -- SOD1 -- RPA4 -- SMPD1 -- TNIK -- PELP1 -- BAK1 -- BID -- FOXM1 -- PCNA -- DIABLO
158,TNFRSF1A -- TNFRSF1B -- MAPK8 -- BIRC2 -- SIRT1 -- MYC -- TNFAIP3 -- CCND1 -- MAPK14 -- PTMA -- RHOA -- RAC1 -- MAP2K7 -- MAP3K1 -- IGF1 -- TRADD -- TNFRSF10B -- MDM2 -- CHUK -- PPP1R13L -- MAPK9 -- LYN -- IRF1 -- EIF4G2 -- CYCS -- CDK4 -- OTUD7B -- RNF11 -- CASP10 -- PSEN1 -- BAD -- SOD1 -- RPA4 -- SMPD1 -- TNIK -- PELP1 -- BID -- FOXM1 -- MCL1 -- PCNA -- TAF1 -- DIABLO -- RANGAP1
159,TNFRSF1A -- TNFRSF1B -- MAPK8 -- STAT1 -- BIRC2 -- SIRT1 -- MYC -- TNFAIP3 -- CCND1 -- MAPK14 -- PTMA -- RHOA -- RAC1 -- MAP2K7 -- MAP3K1 -- VEGFA -- TRADD -- MDM2 -- CHUK -- PPP1R13L -- MAPK9 -- LYN -- IRF1 -- EIF4G2 -- CYCS -- CDK4 -- OTUD7B -- RNF11 -- CASP10 -- PSEN1 -- BAD -- SOD1 -- RPA4 -- SMPD1 -- TNIK -- PELP1 -- BID -- FOXM1 -- MCL1 -- PCNA -- TAF1 -- DIABLO -- RANGAP1
160,TNFRSF1A -- TNFRSF1B -- MAPK8 -- JUN -- FOS -- SIRT1 -- RB1 -- TNFAIP3 -- CCND1 -- TRAF1 -- MAPK14 -- RHOA -- RAC1 -- MAP2K7 -- MAP3K1 -- IGF1 -- MAP3K14 -- TRADD -- CASP2 -- MDM2 -- CHUK -- RPS6KA5 -- PPP1R13L -- MAPK9 -- IRF1 -- EIF4G2 -- HTRA2 -- MYB -- HIP1 -- CDK4 -- OTUD7B -- RNF11 -- CASP10 -- PSEN1 -- SOD1 -- RPA4 -- SMPD1 -- TNIK -- HTT -- CDKN2A -- PELP1 -- BAX -- BAK1 -- BID -- FOXM1 -- PCNA -- PLAC8 -- CASP9 -- DIABLO -- APAF1
161,TNFRSF1A -- TNFRSF1B -- MAPK8 -- STAT1 -- JUN -- FOS -- SIRT1 -- TNFAIP3 -- TRAF1 -- MAPK14 -- RHOA -- NR3C1 -- TGFB2 -- RAC1 -- MAP2K7 -- MAP3K1 -- VEGFA -- MAP3K14 -- RET -- TRADD -- ATM -- CASP2 -- CHUK -- RPS6KA5 -- PPP1R13L -- MAPK9 -- IRF1 -- EIF4G2 -- HTRA2 -- MYB -- HIP1 -- RNF11 -- PSEN1 -- SOD1 -- HNRNPK -- CASP7 -- SMPD1 -- TNIK -- HTT -- BRCA1 -- CDKN2A -- BID -- MCL1 -- PCNA -- TAF1 -- PLAC8 -- CASP9 -- DIABLO -- APAF1 -- RASSF1
162,TNFRSF1A -- TNFRSF1B -- NFKB1 -- MAPK8 -- JUN -- SIRT1 -- RB1 -- TNFAIP3 -- CCND1 -- TRAF1 -- MAPK14 -- RHOA -- RAC1 -- MAP2K7 -- MAP3K1 -- IGF1 -- MAP3K14 -- TRADD -- TNFRSF10B -- CASP2 -- MDM2 -- CHUK -- RPS6KA5 -- PPP1R13L -- MAPK9 -- IRF1 -- EIF4G2 -- HTRA2 -- HIP1 -- CDK4 -- OTUD7B -- RNF11 -- CASP10 -- PSEN1 -- SOD1 -- RPA4 -- SMPD1 -- TNIK -- HTT -- CDKN2A -- PELP1 -- BAX -- BAK1 -- BID -- FOXM1 -- PCNA -- PLAC8 -- CASP9 -- DIABLO -- APAF1
163,TNFRSF1A -- TNFRSF1B -- MAPK8 -- STAT1 -- JUN -- FOS -- SIRT1 -- TNFAIP3 -- TRAF1 -- MAPK14 -- RHOA -- NR3C1 -- RAC1 -- MAP2K7 -- MAP3K1 -- VEGFA -- MAP3K14 -- RET -- TRADD -- ATM -- CASP2 -- CHUK -- RPS6KA5 -- PPP1R13L -- MAPK9 -- IRF1 -- EIF4G2 -- HTRA2 -- MYB -- HIP1 -- RNF11 -- CASP10 -- PSEN1 -- SOD1 -- HNRNPK -- SMPD1 -- TNIK -- HTT -- BRCA1 -- CDKN2A -- BAK1 -- BID -- PCNA -- PLAC8 -- CASP9 -- DIABLO -- APAF1 -- RASSF1
164,TNFRSF1A -- TNFRSF1B -- NFKB1 -- MAPK8 -- BIRC2 -- SIRT1 -- RB1 -- TNFAIP3 -- CCND1 -- MAPK14 -- RHOA -- RAC1 -- MAP2K7 -- MAP3K1 -- IGF1 -- TRADD -- TNFRSF10B -- MDM2 -- CHUK -- RPS6KA5 -- PPP1R13L -- MAPK9 -- LYN -- IRF1 -- HTRA2 -- CYCS -- HIP1 -- CDK4 -- OTUD7B -- RNF11 -- CASP10 -- PSEN1 -- BAD -- SOD1 -- RPA4 -- SMPD1 -- TNIK -- BBC3 -- PELP1 -- BAK1 -- EIF4E -- BID -- FOXM1 -- PCNA -- PLAC8 -- DIABLO -- RANGAP1
165,TNFRSF1A -- TNFRSF1B -- MAPK8 -- STAT1 -- JUN -- FOS -- SIRT1 -- TNFAIP3 -- TRAF1 -- MAPK14 -- RHOA -- NR3C1 -- RAC1 -- MAP2K7 -- MAP3K1 -- VEGFA -- MAP3K14 -- RET -- TRADD -- ATM -- CASP2 -- CHUK -- RPS6KA5 -- PPP1R13L -- MAPK9 -- IRF1 -- EIF4G2 -- MYB -- HIP1 -- RNF11 -- PSEN1 -- SOD1 -- HNRNPK -- CASP7 -- SMPD1 -- TNIK -- HTT -- BRCA1 -- CDKN2A -- BID -- MCL1 -- PCNA -- TAF1 -- PLAC8 -- CASP9 -- DIABLO -- APAF1 -- RASSF1
166,TNFRSF1A -- TNFRSF1B -- MAPK8 -- STAT1 -- BIRC2 -- SIRT1 -- MYC -- TNFAIP3 -- MAPK14 -- PTMA -- RHOA -- RAC1 -- MAP2K7 -- MAP3K1 -- VEGFA -- RET -- TRADD -- ATM -- CHUK -- PPP1R13L -- MAPK9 -- LYN -- IRF1 -- CYCS -- CDK4 -- OTUD7B -- RNF11 -- PSEN1 -- BAD -- SOD1 -- HNRNPK -- SMPD1 -- TNIK -- PELP1 -- EIF4E -- BID -- FOXM1 -- MCL1 -- PCNA -- TAF1 -- DIABLO -- RANGAP1
167,TNFRSF1A -- TNFRSF1B -- NFKB1 -- STAT1 -- BIRC2 -- TNFAIP3 -- TRAF1 -- MAPK14 -- RHOA -- MAP2K7 -- MAP3K1 -- VEGFA -- RET -- TRADD -- TNFRSF10B -- ATM -- CHUK -- RPS6KA5 -- PPP1R13L -- MAPK9 -- LYN -- IRF1 -- EIF4G2 -- CYCS -- HIP1 -- CDK4 -- OTUD7B -- RNF11 -- CASP10 -- PSEN1 -- SOD1 -- HNRNPK -- RPA4 -- TNIK -- RBL2 -- HTT -- BRCA1 -- BID -- MCL1 -- PCNA -- TAF1 -- PLAC8 -- CCNG1 -- DIABLO -- RASSF1
168,TNFRSF1A -- TNFRSF1B -- MAPK8 -- SIRT1 -- RB1 -- TNFAIP3 -- CCND1 -- MAPK14 -- PTMA -- RHOA -- RAC1 -- MAP2K7 -- MAP3K1 -- MAP3K14 -- TRADD -- MDM2 -- CHUK -- PPP1R13L -- MAPK9 -- LYN -- IRF1 -- HTRA2 -- HIP1 -- CDK4 -- OTUD7B -- RNF11 -- PSEN1 -- BAD -- SOD1 -- RPA4 -- SMPD1 -- TNIK -- PELP1 -- BAX -- BAK1 -- EIF4E -- BID -- FOXM1 -- PCNA -- DIABLO -- APAF1
169,TNFRSF1A -- TNFRSF1B -- NFKB1 -- MAPK8 -- JUN -- FOS -- SIRT1 -- RB1 -- TNFAIP3 -- CCND1 -- TRAF1 -- MAPK14 -- RHOA -- RAC1 -- MAP2K7 -- MAP3K1 -- IGF1 -- MAP3K14 -- TRADD -- TNFRSF10B -- ATM -- CASP2 -- MDM2 -- CHUK -- RPS6KA5 -- PPP1R13L -- MAPK9 -- IRF1 -- EIF4G2 -- HTRA2 -- HIP1 -- CDK4 -- OTUD7B -- RNF11 -- CASP10 -- PSEN1 -- SOD1 -- RPA4 -- SMPD1 -- TNIK -- HTT -- PELP1 -- BAX -- BAK1 -- BID -- FOXM1 -- PCNA -- PLAC8 -- CASP9 -- DIABLO -- APAF1
170,TNFRSF1A -- TNFRSF1B -- NFKB1 -- MAPK8 -- SIRT1 -- RB1 -- TNFAIP3 -- CCND1 -- MAPK14 -- PTMA -- RHOA -- RAC1 -- MAP2K7 -- MAP3K1 -- IGF1 -- MAP3K14 -- TRADD -- TNFRSF10B -- ATM -- CASP2 -- MDM2 -- CHUK -- RPS6KA5 -- PPP1R13L -- MAPK9 -- LYN -- IRF1 -- EIF4G2 -- HTRA2 -- HIP1 -- CDK4 -- OTUD7B -- RNF11 -- CASP10 -- PSEN1 -- SOD1 -- RPA4 -- SMPD1 -- TNIK -- PELP1 -- BAX -- BAK1 -- BID -- FOXM1 -- PCNA -- PLAC8 -- DIABLO -- RANGAP1
171,TNFRSF1A -- TNFRSF1B -- MAPK8 -- JUN -- FOS -- SIRT1 -- RB1 -- TNFAIP3 -- TRAF1 -- MAPK14 -- RHOA -- RAC1 -- MAP2K7 -- MAP3K1 -- MAP3K14 -- RET -- TRADD -- ATM -- CASP2 -- CHUK -- RPS6KA5 -- PPP1R13L -- MAPK9 -- IRF1 -- EIF4G2 -- HTRA2 -- MYB -- HIP1 -- RNF11 -- CASP10 -- PSEN1 -- SOD1 -- HNRNPK -- SMPD1 -- TNIK -- HTT -- BRCA1 -- CDKN2A -- BAX -- BAK1 -- BID -- PCNA -- PLAC8 -- CASP9 -- DIABLO -- APAF1 -- RASSF1
172,TNFRSF1A -- TNFRSF1B -- NFKB1 -- MAPK8 -- BIRC2 -- BIRC3 -- SIRT1 -- MYC -- RB1 -- TNFAIP3 -- CCND1 -- MAPK14 -- PTMA -- RHOA -- RAC1 -- MAP2K7 -- MAP3K1 -- IGF1 -- TRADD -- ATM -- MDM2 -- CHUK -- PPP1R13L -- MAPK9 -- LYN -- IRF1 -- CYCS -- CDK4 -- OTUD7B -- RNF11 -- PSEN1 -- SOD1 -- RPA4 -- SMPD1 -- TNIK -- PELP1 -- EIF4E -- BID -- FOXM1 -- MCL1 -- PCNA -- DIABLO -- RANGAP1
173,TNFRSF1A -- TNFRSF1B -- MAPK8 -- STAT1 -- JUN -- FOS -- SIRT1 -- TNFAIP3 -- TRAF1 -- MAPK14 -- RHOA -- TGFB2 -- RAC1 -- MAP2K7 -- MAP3K1 -- VEGFA -- MAP3K14 -- RET -- TRADD -- ATM -- CASP2 -- CHUK -- RPS6KA5 -- PPP1R13L -- MAPK9 -- IRF1 -- EIF4G2 -- HTRA2 -- MYB -- HIP1 -- RNF11 -- PSEN1 -- SOD1 -- CASP7 -- SMPD1 -- TNIK -- HTT -- BRCA1 -- CDKN2A -- BID -- FOXM1 -- MCL1 -- PCNA -- TAF1 -- PLAC8 -- CASP9 -- DIABLO -- APAF1 -- RASSF1
174,TNFRSF1A -- TNFRSF1B -- MAPK8 -- STAT1 -- JUN -- FOS -- BIRC2 -- BIRC3 -- SIRT1 -- TNFAIP3 -- TRAF1 -- MAPK14 -- RHOA -- NR3C1 -- TGFB2 -- RAC1 -- MAP2K7 -- MAP3K1 -- VEGFA -- RET -- TRADD -- ATM -- CASP2 -- CHUK -- RPS6KA5 -- PPP1R13L -- MAPK9 -- IRF1 -- EIF4G2 -- MYB -- CYCS -- HIP1 -- RNF11 -- PSEN1 -- SOD1 -- HNRNPK -- CASP7 -- SMPD1 -- TNIK -- HTT -- BRCA1 -- CDKN2A -- BID -- MCL1 -- PCNA -- TAF1 -- PLAC8 -- DIABLO -- RASSF1
175,TNFRSF1A -- TNFRSF1B -- MAPK8 -- STAT1 -- JUN -- FOS -- SIRT1 -- TNFAIP3 -- TRAF1 -- MAPK14 -- RHOA -- TGFB2 -- RAC1 -- MAP2K7 -- MAP3K1 -- IGF1 -- VEGFA -- MAP3K14 -- TRADD -- ATM -- CASP2 -- MDM2 -- CHUK -- RPS6KA5 -- PPP1R13L -- MAPK9 -- IRF1 -- EIF4G2 -- HTRA2 -- MYB -- HIP1 -- RNF11 -- CASP10 -- PSEN1 -- SOD1 -- CASP7 -- SMPD1 -- TNIK -- HTT -- BRCA1 -- CDKN2A -- BAX -- BAK1 -- BID -- PCNA -- TAF1 -- PLAC8 -- CASP9 -- DIABLO -- APAF1 -- RASSF1
176,SMURF2 -- TNFRSF1B -- STAT1 -- FOS -- FASLG -- CFLAR -- TRAF1 -- MAPK14 -- RHOA -- TGFB2 -- RAC1 -- MAP2K7 -- MAP3K1 -- VEGFA -- MAP3K14 -- MAPK1 -- TNFRSF10B -- DAB2IP -- MDM2 -- CHUK -- RPS6KA5 -- PPP1R13L -- MAPK9 -- IRF1 -- EIF4G2 -- CYCS -- HIP1 -- CDK4 -- OTUD7B -- RNF11 -- PSEN1 -- SOD1 -- HNRNPK -- RPA4 -- CASP7 -- SMPD1 -- EIF4E -- BID -- FOXM1 -- MCL1 -- CTBP1 -- PCNA -- TAF1 -- PLAC8 -- DIABLO -- APAF1
177,TNFRSF1A -- TNFRSF1B -- MAPK8 -- BIRC2 -- SIRT1 -- RB1 -- TNFAIP3 -- CCND1 -- TRAF1 -- MAPK14 -- RHOA -- RAC1 -- MAP2K7 -- MAP3K1 -- IGF1 -- TRADD -- MDM2 -- CHUK -- RPS6KA5 -- PPP1R13L -- MAPK9 -- LYN -- IRF1 -- HTRA2 -- HIP1 -- CDK4 -- OTUD7B -- RNF11 -- PSEN1 -- SOD1 -- RPA4 -- SMPD1 -- TNIK -- PELP1 -- BAX -- EIF4E -- BID -- FOXM1 -- PCNA -- PLAC8 -- DIABLO
178,TNFRSF1A -- TNFRSF1B -- MAPK8 -- STAT1 -- JUN -- FOS -- BIRC3 -- SIRT1 -- TNFAIP3 -- TRAF1 -- MAPK14 -- RHOA -- NR3C1 -- TGFB2 -- RAC1 -- MAP2K7 -- MAP3K1 -- VEGFA -- RET -- TRADD -- ATM -- CASP2 -- CHUK -- RPS6KA5 -- PPP1R13L -- MAPK9 -- IRF1 -- EIF4G2 -- MYB -- CYCS -- HIP1 -- RNF11 -- PSEN1 -- SOD1 -- HNRNPK -- CASP7 -- SMPD1 -- TNIK -- HTT -- BRCA1 -- CDKN2A -- BID -- MCL1 -- PCNA -- TAF1 -- PLAC8 -- CASP9 -- DIABLO -- APAF1 -- RASSF1
179,TNFRSF1A -- TNFRSF1B -- MAPK8 -- STAT1 -- JUN -- FOS -- SIRT1 -- TNFAIP3 -- TRAF1 -- MAPK14 -- RHOA -- NR3C1 -- TGFB2 -- RAC1 -- MAP2K7 -- MAP3K1 -- VEGFA -- MAP3K14 -- RET -- TRADD -- ATM -- CASP2 -- CHUK -- RPS6KA5 -- PPP1R13L -- MAPK9 -- IRF1 -- EIF4G2 -- HTRA2 -- MYB -- HIP1 -- RNF11 -- PSEN1 -- SOD1 -- HNRNPK -- CASP7 -- SMPD1 -- TNIK -- HTT -- BRCA1 -- CDKN2A -- BID -- MCL1 -- PCNA -- TAF1 -- PLAC8 -- CASP9 -- DIABLO -- APAF1 -- RASSF1
180,TNFRSF1A -- TNFRSF1B -- MAPK8 -- JUN -- FOS -- SIRT1 -- RB1 -- TNFAIP3 -- TRAF1 -- MAPK14 -- RHOA -- NR3C1 -- RAC1 -- MAP2K7 -- MAP3K1 -- VEGFA -- MAP3K14 -- RET -- TRADD -- TNFRSF10B -- CASP2 -- CHUK -- RPS6KA5 -- PPP1R13L -- MAPK9 -- IRF1 -- EIF4G2 -- HTRA2 -- HIP1 -- OTUD7B -- RNF11 -- CASP10 -- PSEN1 -- SOD1 -- RPA4 -- SMPD1 -- TNIK -- HTT -- BRCA1 -- CDKN2A -- BAK1 -- BID -- MCL1 -- PCNA -- PLAC8 -- CASP9 -- DIABLO -- APAF1
181,TNFRSF1A -- TNFRSF1B -- MAPK8 -- STAT1 -- BIRC2 -- BIRC3 -- SIRT1 -- MYC -- TNFAIP3 -- TRAF1 -- MAPK14 -- RHOA -- NR3C1 -- RAC1 -- MAP2K7 -- MAP3K1 -- VEGFA -- RET -- TRADD -- CHUK -- RPS6KA5 -- PPP1R13L -- MAPK9 -- LYN -- IRF1 -- CYCS -- HIP1 -- CDK4 -- OTUD7B -- RNF11 -- PSEN1 -- SOD1 -- HNRNPK -- SMPD1 -- TNIK -- EIF4E -- BID -- MCL1 -- PCNA -- TAF1 -- PLAC8 -- DIABLO
182,TNFRSF1A -- TNFRSF1B -- MAPK8 -- STAT1 -- FOS -- BIRC2 -- BIRC3 -- SIRT1 -- TNFAIP3 -- TRAF1 -- MAPK14 -- RHOA -- NR3C1 -- TGFB2 -- RAC1 -- MAP2K7 -- MAP3K1 -- VEGFA -- RET -- TRADD -- ATM -- CHUK -- RPS6KA5 -- PPP1R13L -- MAPK9 -- LYN -- IRF1 -- CYCS -- HIP1 -- RNF11 -- PSEN1 -- SOD1 -- HNRNPK -- SMPD1 -- TNIK -- BRCA1 -- CDKN2A -- EIF4E -- BID -- MCL1 -- PCNA -- TAF1 -- PLAC8 -- DIABLO -- RASSF1
183,TNFRSF1A -- TNFRSF1B -- MAPK8 -- JUN -- FOS -- SIRT1 -- RB1 -- TNFAIP3 -- TRAF1 -- MAPK14 -- RHOA -- RAC1 -- MAP2K7 -- MAP3K1 -- IGF1 -- MAP3K14 -- TRADD -- ATM -- CASP2 -- CHUK -- RPS6KA5 -- PPP1R13L -- MAPK9 -- IRF1 -- EIF4G2 -- HTRA2 -- MYB -- HIP1 -- RNF11 -- CASP10 -- PSEN1 -- SOD1 -- HNRNPK -- SMPD1 -- TNIK -- HTT -- CDKN2A -- PELP1 -- BAX -- BAK1 -- BID -- FOXM1 -- PCNA -- PLAC8 -- CASP9 -- DIABLO -- APAF1
184,TNFRSF1A -- TNFRSF1B -- MAPK8 -- STAT1 -- SIRT1 -- TNFAIP3 -- CCND1 -- TRAF1 -- MAPK14 -- RHOA -- RAC1 -- MAP2K7 -- MAP3K1 -- IGF1 -- VEGFA -- TRADD -- ATM -- CASP2 -- MDM2 -- CHUK -- RPS6KA5 -- PPP1R13L -- MAPK9 -- LYN -- IRF1 -- HTRA2 -- HIP1 -- CDK4 -- OTUD7B -- RNF11 -- PSEN1 -- SOD1 -- RPA4 -- SMPD1 -- TNIK -- HTT -- PELP1 -- BID -- FOXM1 -- MCL1 -- PCNA -- TAF1 -- PLAC8 -- DIABLO
185,TNFRSF1A -- TNFRSF1B -- MAPK8 -- STAT1 -- JUN -- FOS -- BIRC3 -- SIRT1 -- TNFAIP3 -- TRAF1 -- MAPK14 -- RHOA -- RAC1 -- MAP2K7 -- MAP3K1 -- VEGFA -- MAP3K14 -- RET -- TRADD -- ATM -- CASP2 -- CHUK -- RPS6KA5 -- PPP1R13L -- MAPK9 -- IRF1 -- EIF4G2 -- MYB -- CYCS -- HIP1 -- RNF11 -- PSEN1 -- SOD1 -- SMPD1 -- TNIK -- HTT -- BRCA1 -- CDKN2A -- BID -- MCL1 -- PCNA -- TAF1 -- PLAC8 -- CASP9 -- DIABLO -- RASSF1
186,NFKB1 -- STAT1 -- BIRC2 -- BIRC3 -- SIRT1 -- TNFAIP3 -- TRAF1 -- MAPK14 -- TGFB2 -- RAC1 -- MAP2K7 -- MAP3K1 -- VEGFA -- TRADD -- TNFRSF10B -- ATM -- CHUK -- RPS6KA5 -- PPP1R13L -- MAPK9 -- LYN -- IRF1 -- EIF4G2 -- MYB -- CYCS -- HIP1 -- CDK4 -- OTUD7B -- RNF11 -- CASP10 -- PARP1 -- PSEN1 -- SOD1 -- RPA4 -- SMPD1 -- TNIK -- PELP1 -- EIF4E -- BID -- FOXM1 -- CTBP1 -- RBL1 -- PCNA -- TAF1 -- PLAC8 -- DIABLO
187,TNFRSF1A -- TNFRSF1B -- MAPK8 -- STAT1 -- JUN -- FOS -- SIRT1 -- TNFAIP3 -- TRAF1 -- MAPK14 -- RHOA -- NR3C1 -- TGFB2 -- RAC1 -- MAP2K7 -- MAP3K1 -- VEGFA -- MAP3K14 -- RET -- TRADD -- ATM -- CASP2 -- CHUK -- RPS6KA5 -- PPP1R13L -- MAPK9 -- IRF1 -- EIF4G2 -- HTRA2 -- MYB -- HIP1 -- RNF11 -- PSEN1 -- SOD1 -- HNRNPK -- CASP7 -- SMPD1 -- TNIK -- HTT -- BRCA1 -- CDKN2A -- BAK1 -- BID -- MCL1 -- PCNA -- TAF1 -- PLAC8 -- CASP9 -- DIABLO -- APAF1 -- RASSF1
188,TNFRSF1A -- TNFRSF1B -- NFKB1 -- MAPK8 -- JUN -- FOS -- SIRT1 -- RB1 -- TNFAIP3 -- TRAF1 -- MAPK14 -- RHOA -- RAC1 -- MAP2K7 -- MAP3K1 -- VEGFA -- MAP3K14 -- TRADD -- TNFRSF10B -- CASP2 -- CHUK -- RPS6KA5 -- PPP1R13L -- MAPK9 -- IRF1 -- EIF4G2 -- HTRA2 -- MYB -- HIP1 -- OTUD7B -- RNF11 -- CASP10 -- PSEN1 -- SOD1 -- SMPD1 -- TNIK -- HTT -- CDKN2A -- PELP1 -- BAX -- BAK1 -- BID -- FOXM1 -- PCNA -- PLAC8 -- CASP9 -- DIABLO -- APAF1
189,TNFRSF1A -- TNFRSF1B -- MAPK8 -- BIRC3 -- SIRT1 -- MYC -- TNFAIP3 -- CCND1 -- MAPK14 -- PTMA -- RHOA -- TGFB2 -- RAC1 -- MAP2K7 -- MAP3K1 -- RET -- TRADD -- TNFRSF10B -- MDM2 -- CHUK -- PPP1R13L -- MAPK9 -- LYN -- IRF1 -- EIF4G2 -- HTRA2 -- CDK4 -- OTUD7B -- RNF11 -- CASP10 -- PSEN1 -- SOD1 -- SMPD1 -- TNIK -- EIF4E -- BID -- FOXM1 -- PCNA -- TAF1 -- DIABLO -- RANGAP1
190,TNFRSF1A -- TNFRSF1B -- NFKB1 -- MAPK8 -- JUN -- FOS -- SIRT1 -- RB1 -- TNFAIP3 -- CCND1 -- TRAF1 -- MAPK14 -- RHOA -- RAC1 -- MAP2K7 -- MAP3K1 -- MAP3K14 -- TRADD -- TNFRSF10B -- CASP2 -- MDM2 -- CHUK -- RPS6KA5 -- PPP1R13L -- MAPK9 -- IRF1 -- EIF4G2 -- HTRA2 -- HIP1 -- CDK4 -- OTUD7B -- RNF11 -- PSEN1 -- SOD1 -- RPA4 -- SMPD1 -- TNIK -- HTT -- PELP1 -- BAX -- BAK1 -- BID -- FOXM1 -- PCNA -- PLAC8 -- CASP9 -- DIABLO -- APAF1
191,TNFRSF1A -- TNFRSF1B -- NFKB1 -- MAPK8 -- SIRT1 -- RB1 -- TNFAIP3 -- CCND1 -- TRAF1 -- MAPK14 -- RHOA -- RAC1 -- MAP2K7 -- MAP3K1 -- MAP3K14 -- TRADD -- TNFRSF10B -- ATM -- CASP2 -- MDM2 -- CHUK -- RPS6KA5 -- PPP1R13L -- MAPK9 -- IRF1 -- EIF4G2 -- HTRA2 -- HIP1 -- CDK4 -- OTUD7B -- RNF11 -- CASP10 -- PSEN1 -- SOD1 -- RPA4 -- SMPD1 -- TNIK -- PELP1 -- BAX -- BAK1 -- BID -- FOXM1 -- PCNA -- PLAC8 -- CASP9 -- DIABLO -- APAF1
192,TNFRSF1A -- TNFRSF1B -- NFKB1 -- MAPK8 -- STAT1 -- BIRC2 -- SIRT1 -- RB1 -- TNFAIP3 -- CCND1 -- TRAF1 -- MAPK14 -- RHOA -- RAC1 -- MAP2K7 -- MAP3K1 -- IGF1 -- TRADD -- MDM2 -- CHUK -- RPS6KA5 -- PPP1R13L -- MAPK9 -- LYN -- IRF1 -- CYCS -- HIP1 -- CDK4 -- RNF11 -- PSEN1 -- SOD1 -- SMPD1 -- TNIK -- BRCA1 -- PELP1 -- EIF4E -- BID -- FOXM1 -- PCNA -- TAF1 -- PLAC8 -- DIABLO
193,TNFRSF1A -- TNFRSF1B -- MAPK8 -- JUN -- FOS -- SIRT1 -- RB1 -- TNFAIP3 -- TRAF1 -- MAPK14 -- RHOA -- RAC1 -- MAP2K7 -- MAP3K1 -- IGF1 -- VEGFA -- MAP3K14 -- RET -- TRADD -- TNFRSF10B -- ATM -- CASP2 -- CHUK -- RPS6KA5 -- PPP1R13L -- MAPK9 -- IRF1 -- EIF4G2 -- HTRA2 -- MYB -- HIP1 -- OTUD7B -- RNF11 -- CASP10 -- PSEN1 -- SOD1 -- SMPD1 -- TNIK -- HTT -- CDKN2A -- PELP1 -- BAX -- BID -- MCL1 -- PCNA -- PLAC8 -- CASP9 -- DIABLO -- APAF1 -- RASSF1
194,TNFRSF1A -- TNFRSF1B -- MAPK8 -- JUN -- FOS -- SIRT1 -- TNFAIP3 -- TRAF1 -- MAPK14 -- RHOA -- TGFB2 -- RAC1 -- MAP2K7 -- MAP3K1 -- VEGFA -- MAP3K14 -- RET -- TRADD -- TNFRSF10B -- ATM -- CASP2 -- CHUK -- RPS6KA5 -- PPP1R13L -- MAPK9 -- IRF1 -- EIF4G2 -- HTRA2 -- HIP1 -- RNF11 -- CASP10 -- PSEN1 -- SOD1 -- HNRNPK -- SMPD1 -- TNIK -- HTT -- BRCA1 -- CDKN2A -- BAK1 -- BID -- MCL1 -- PCNA -- TAF1 -- PLAC8 -- CASP9 -- DIABLO -- APAF1
195,TNFRSF1A -- TNFRSF1B -- NFKB1 -- MAPK8 -- BIRC2 -- BIRC3 -- SIRT1 -- MYC -- RB1 -- TNFAIP3 -- CCND1 -- MAPK14 -- PTMA -- RHOA -- RAC1 -- MAP2K7 -- MAP3K1 -- IGF1 -- TRADD -- CASP2 -- MDM2 -- CHUK -- PPP1R13L -- MAPK9 -- LYN -- IRF1 -- EIF4G2 -- CYCS -- CDK4 -- OTUD7B -- RNF11 -- PSEN1 -- BAD -- SOD1 -- RPA4 -- SMPD1 -- TNIK -- HTT -- PELP1 -- BID -- FOXM1 -- MCL1 -- PCNA -- TAF1 -- DIABLO -- RANGAP1
196,TNFRSF1A -- TNFRSF1B -- MAPK8 -- STAT1 -- FOS -- BIRC2 -- BIRC3 -- SIRT1 -- TNFAIP3 -- TRAF1 -- MAPK14 -- RHOA -- NR3C1 -- TGFB2 -- RAC1 -- MAP2K7 -- MAP3K1 -- VEGFA -- RET -- TRADD -- ATM -- CHUK -- RPS6KA5 -- PPP1R13L -- MAPK9 -- LYN -- IRF1 -- MYB -- CYCS -- HIP1 -- RNF11 -- PSEN1 -- SOD1 -- HNRNPK -- SMPD1 -- TNIK -- BRCA1 -- CDKN2A -- EIF4E -- BID -- MCL1 -- PCNA -- TAF1 -- PLAC8 -- DIABLO -- RASSF1
197,TNFRSF1A -- TNFRSF1B -- NFKB1 -- MAPK8 -- SIRT1 -- RB1 -- TNFAIP3 -- CCND1 -- TRAF1 -- MAPK14 -- RHOA -- RAC1 -- MAP2K7 -- MAP3K1 -- IGF1 -- MAP3K14 -- TRADD -- TNFRSF10B -- CASP2 -- MDM2 -- CHUK -- RPS6KA5 -- PPP1R13L -- MAPK9 -- LYN -- IRF1 -- EIF4G2 -- HTRA2 -- HIP1 -- CDK4 -- OTUD7B -- RNF11 -- CASP10 -- PSEN1 -- SOD1 -- RPA4 -- SMPD1 -- TNIK -- HTT -- PELP1 -- BAX -- BAK1 -- BID -- FOXM1 -- PCNA -- PLAC8 -- DIABLO -- APAF1 -- RANGAP1
198,TNFRSF1A -- TNFRSF1B -- MAPK8 -- STAT1 -- JUN -- FOS -- BIRC2 -- SIRT1 -- TNFAIP3 -- TRAF1 -- MAPK14 -- RHOA -- NR3C1 -- TGFB2 -- RAC1 -- MAP2K7 -- MAP3K1 -- VEGFA -- MAP3K14 -- RET -- TRADD -- ATM -- CASP2 -- CHUK -- RPS6KA5 -- PPP1R13L -- MAPK9 -- IRF1 -- EIF4G2 -- MYB -- CYCS -- HIP1 -- RNF11 -- PSEN1 -- SOD1 -- HNRNPK -- CASP7 -- SMPD1 -- TNIK -- HTT -- BRCA1 -- CDKN2A -- BID -- MCL1 -- PCNA -- TAF1 -- PLAC8 -- DIABLO -- RASSF1
199,TNFRSF1A -- TNFRSF1B -- NFKB1 -- MAPK8 -- JUN -- FOS -- SIRT1 -- RB1 -- TNFAIP3 -- CCND1 -- TRAF1 -- MAPK14 -- RHOA -- RAC1 -- MAP2K7 -- MAP3K1 -- IGF1 -- MAP3K14 -- TRADD -- TNFRSF10B -- ATM -- CASP2 -- MDM2 -- CHUK -- RPS6KA5 -- PPP1R13L -- MAPK9 -- IRF1 -- EIF4G2 -- HTRA2 -- HIP1 -- CDK4 -- OTUD7B -- RNF11 -- CASP10 -- PSEN1 -- SOD1 -- RPA4 -- SMPD1 -- TNIK -- HTT -- PELP1 -- BAX -- BAK1 -- BID -- FOXM1 -- PCNA -- PLAC8 -- CASP9 -- DIABLO -- APAF1
200,TNFRSF1A -- TNFRSF1B -- MAPK8 -- STAT1 -- JUN -- FOS -- BIRC2 -- BIRC3 -- SIRT1 -- TNFAIP3 -- TRAF1 -- MAPK14 -- RHOA -- NR3C1 -- RAC1 -- MAP2K7 -- MAP3K1 -- VEGFA -- RET -- TRADD -- ATM -- CHUK -- RPS6KA5 -- PPP1R13L -- MAPK9 -- IRF1 -- MYB -- CYCS -- HIP1 -- RNF11 -- PSEN1 -- SOD1 -- HNRNPK -- SMPD1 -- TNIK -- BRCA1 -- CDKN2A -- BID -- MCL1 -- PCNA -- TAF1 -- PLAC8 -- DIABLO -- RASSF1
201,TNFRSF1A -- TNFRSF1B -- NFKB1 -- MAPK8 -- BIRC2 -- SIRT1 -- MYC -- TNFAIP3 -- CCND1 -- MAPK14 -- PTMA -- RHOA -- RAC1 -- MAP2K7 -- MAP3K1 -- TRADD -- TNFRSF10B -- MDM2 -- CHUK -- PPP1R13L -- MAPK9 -- LYN -- IRF1 -- EIF4G2 -- HTRA2 -- CDK4 -- OTUD7B -- RNF11 -- CASP10 -- PSEN1 -- BAD -- SOD1 -- RPA4 -- SMPD1 -- TNIK -- PELP1 -- BAX -- BID -- FOXM1 -- PCNA -- TAF1 -- DIABLO -- RANGAP1
202,TNFRSF1A -- TNFRSF1B -- NFKB1 -- MAPK8 -- JUN -- SIRT1 -- RB1 -- TNFAIP3 -- CCND1 -- TRAF1 -- MAPK14 -- RHOA -- RAC1 -- MAP2K7 -- MAP3K1 -- MAP3K14 -- TRADD -- TNFRSF10B -- ATM -- CASP2 -- MDM2 -- CHUK -- RPS6KA5 -- PPP1R13L -- MAPK9 -- IRF1 -- EIF4G2 -- HTRA2 -- MYB -- HIP1 -- CDK4 -- OTUD7B -- RNF11 -- CASP10 -- PSEN1 -- SOD1 -- RPA4 -- SMPD1 -- TNIK -- HTT -- PELP1 -- BAX -- BAK1 -- BID -- FOXM1 -- PCNA -- PLAC8 -- CASP9 -- DIABLO -- APAF1
203,TNFRSF1A -- TNFRSF1B -- NFKB1 -- MAPK8 -- SIRT1 -- RB1 -- TNFAIP3 -- CCND1 -- TRAF1 -- MAPK14 -- RHOA -- RAC1 -- MAP2K7 -- MAP3K1 -- IGF1 -- MAP3K14 -- TRADD -- TNFRSF10B -- ATM -- CASP2 -- MDM2 -- CHUK -- RPS6KA5 -- PPP1R13L -- MAPK9 -- LYN -- IRF1 -- EIF4G2 -- HTRA2 -- HIP1 -- CDK4 -- OTUD7B -- RNF11 -- CASP10 -- PSEN1 -- SOD1 -- SMPD1 -- TNIK -- HTT -- PELP1 -- BAX -- BAK1 -- EIF4E -- BID -- FOXM1 -- PCNA -- PLAC8 -- CASP9 -- DIABLO
204,TNFRSF1B -- STAT1 -- JUN -- FOS -- FASLG -- TRAF1 -- MAPK14 -- RHOA -- TGFB2 -- RAC1 -- MAP2K7 -- MAP3K1 -- VEGFA -- MAP3K14 -- RET -- MAPK1 -- TNFRSF10B -- ATM -- E2F1 -- CHUK -- RPS6KA5 -- PPP1R13L -- MAPK9 -- IRF1 -- EIF4G2 -- HTRA2 -- MYB -- HIP1 -- OTUD7B -- RNF11 -- PSEN1 -- SOD1 -- CASP7 -- SMPD1 -- CDKN2A -- BBC3 -- BID -- CTBP1 -- RBL1 -- PCNA -- TAF1 -- PLAC8 -- DIABLO -- APAF1 -- RASSF1
205,TNFRSF1A -- TNFRSF1B -- MAPK8 -- STAT1 -- JUN -- FOS -- SIRT1 -- TNFAIP3 -- TRAF1 -- MAPK14 -- RHOA -- RAC1 -- MAP2K7 -- MAP3K1 -- VEGFA -- MAP3K14 -- TRADD -- ATM -- CASP2 -- CHUK -- RPS6KA5 -- PPP1R13L -- MAPK9 -- IRF1 -- EIF4G2 -- HTRA2 -- MYB -- HIP1 -- CDK4 -- OTUD7B -- RNF11 -- PSEN1 -- SOD1 -- RPA4 -- SMPD1 -- TNIK -- HTT -- CDKN2A -- PELP1 -- BAX -- BAK1 -- BID -- FOXM1 -- PCNA -- TAF1 -- PLAC8 -- CASP9 -- DIABLO -- APAF1
206,TNFRSF1A -- TNFRSF1B -- MAPK8 -- STAT1 -- JUN -- FOS -- BIRC2 -- BIRC3 -- SIRT1 -- TNFAIP3 -- TRAF1 -- MAPK14 -- RHOA -- NR3C1 -- TGFB2 -- RAC1 -- MAP2K7 -- MAP3K1 -- VEGFA -- RET -- TRADD -- ATM -- CHUK -- RPS6KA5 -- PPP1R13L -- MAPK9 -- IRF1 -- EIF4G2 -- MYB -- CYCS -- HIP1 -- RNF11 -- PSEN1 -- SOD1 -- HNRNPK -- SMPD1 -- TNIK -- BRCA1 -- CDKN2A -- BID -- MCL1 -- PCNA -- TAF1 -- PLAC8 -- DIABLO -- RASSF1
207,TNFRSF1A -- TNFRSF1B -- NFKB1 -- MAPK8 -- BIRC2 -- SIRT1 -- RB1 -- TNFAIP3 -- CCND1 -- TRAF1 -- MAPK14 -- RHOA -- RAC1 -- MAP2K7 -- MAP3K1 -- TRADD -- TNFRSF10B -- MDM2 -- CHUK -- RPS6KA5 -- PPP1R13L -- MAPK9 -- LYN -- IRF1 -- EIF4G2 -- HTRA2 -- HIP1 -- CDK4 -- OTUD7B -- RNF11 -- CASP10 -- PSEN1 -- SOD1 -- RPA4 -- SMPD1 -- TNIK -- PELP1 -- BAX -- BAK1 -- EIF4E -- BID -- FOXM1 -- PCNA -- PLAC8 -- DIABLO
208,TNFRSF1A -- TNFRSF1B -- MAPK8 -- STAT1 -- JUN -- FOS -- BIRC2 -- BIRC3 -- SIRT1 -- TNFAIP3 -- TRAF1 -- MAPK14 -- RHOA -- NR3C1 -- TGFB2 -- RAC1 -- MAP2K7 -- MAP3K1 -- VEGFA -- RET -- TRADD -- ATM -- CASP2 -- CHUK -- RPS6KA5 -- PPP1R13L -- MAPK9 -- IRF1 -- EIF4G2 -- MYB -- CYCS -- HIP1 -- RNF11 -- PSEN1 -- SOD1 -- HNRNPK -- CASP7 -- SMPD1 -- TNIK -- HTT -- BRCA1 -- CDKN2A -- BID -- MCL1 -- PCNA -- TAF1 -- PLAC8 -- DIABLO -- RASSF1
209,TNFRSF1A -- TNFRSF1B -- NFKB1 -- MAPK8 -- FOS -- SIRT1 -- RB1 -- TNFAIP3 -- CCND1 -- TRAF1 -- MAPK14 -- RHOA -- RAC1 -- MAP2K7 -- MAP3K1 -- IGF1 -- MAP3K14 -- TRADD -- TNFRSF10B -- CASP2 -- MDM2 -- CHUK -- RPS6KA5 -- PPP1R13L -- MAPK9 -- IRF1 -- EIF4G2 -- HTRA2 -- HIP1 -- CDK4 -- OTUD7B -- RNF11 -- CASP10 -- PSEN1 -- SOD1 -- RPA4 -- SMPD1 -- TNIK -- PELP1 -- BAX -- BAK1 -- BID -- FOXM1 -- PCNA -- PLAC8 -- CASP9 -- DIABLO -- APAF1
210,TNFRSF1A -- TNFRSF1B -- NFKB1 -- MAPK8 -- BIRC2 -- BIRC3 -- SIRT1 -- RB1 -- TNFAIP3 -- CCND1 -- TRAF1 -- MAPK14 -- RHOA -- RAC1 -- MAP2K7 -- MAP3K1 -- TRADD -- TNFRSF10B -- MDM2 -- CHUK -- RPS6KA5 -- PPP1R13L -- MAPK9 -- LYN -- IRF1 -- EIF4G2 -- CYCS -- HIP1 -- CDK4 -- OTUD7B -- CASP10 -- PSEN1 -- SOD1 -- RPA4 -- TNIK -- PELP1 -- BAX -- BID -- FOXM1 -- PCNA -- PLAC8 -- DIABLO
211,TNFRSF1A -- TNFRSF1B -- MAPK8 -- STAT1 -- JUN -- FOS -- SIRT1 -- TNFAIP3 -- TRAF1 -- MAPK14 -- RHOA -- NR3C1 -- RAC1 -- MAP2K7 -- MAP3K1 -- VEGFA -- MAP3K14 -- RET -- TRADD -- ATM -- CASP2 -- CHUK -- RPS6KA5 -- PPP1R13L -- MAPK9 -- IRF1 -- EIF4G2 -- HTRA2 -- MYB -- HIP1 -- RNF11 -- PSEN1 -- SOD1 -- HNRNPK -- CASP7 -- SMPD1 -- TNIK -- HTT -- BRCA1 -- CDKN2A -- BID -- MCL1 -- PCNA -- PLAC8 -- CASP9 -- DIABLO -- APAF1 -- RASSF1
212,TNFRSF1A -- TNFRSF1B -- NFKB1 -- MAPK8 -- JUN -- FOS -- SIRT1 -- RB1 -- TNFAIP3 -- CCND1 -- TRAF1 -- MAPK14 -- RHOA -- RAC1 -- MAP2K7 -- MAP3K1 -- IGF1 -- MAP3K14 -- RET -- TRADD -- TNFRSF10B -- CASP2 -- CHUK -- RPS6KA5 -- PPP1R13L -- MAPK9 -- IRF1 -- EIF4G2 -- HTRA2 -- MYB -- HIP1 -- OTUD7B -- RNF11 -- CASP10 -- PSEN1 -- SOD1 -- HNRNPK -- RPA4 -- SMPD1 -- TNIK -- HTT -- CDKN2A -- PELP1 -- BAX -- BAK1 -- BID -- FOXM1 -- PCNA -- PLAC8 -- CASP9 -- DIABLO -- APAF1
213,TNFRSF1A -- TNFRSF1B -- MAPK8 -- STAT1 -- JUN -- FOS -- SIRT1 -- TNFAIP3 -- TRAF1 -- MAPK14 -- RHOA -- RAC1 -- MAP2K7 -- MAP3K1 -- VEGFA -- MAP3K14 -- TRADD -- TNFRSF10B -- ATM -- CASP2 -- MDM2 -- CHUK -- RPS6KA5 -- PPP1R13L -- MAPK9 -- IRF1 -- EIF4G2 -- HTRA2 -- MYB -- HIP1 -- OTUD7B -- RNF11 -- CASP10 -- PSEN1 -- SOD1 -- RPA4 -- SMPD1 -- TNIK -- HTT -- CDKN2A -- PELP1 -- BAX -- BAK1 -- BID -- FOXM1 -- PCNA -- PLAC8 -- CASP9 -- DIABLO -- APAF1 -- RASSF1
214,TNFRSF1A -- TNFRSF1B -- MAPK8 -- STAT1 -- JUN -- FOS -- BIRC2 -- BIRC3 -- SIRT1 -- TNFAIP3 -- TRAF1 -- MAPK14 -- RHOA -- NR3C1 -- TGFB2 -- RAC1 -- MAP2K7 -- MAP3K1 -- VEGFA -- RET -- TRADD -- ATM -- CHUK -- RPS6KA5 -- PPP1R13L -- MAPK9 -- IRF1 -- EIF4G2 -- MYB -- CYCS -- HIP1 -- RNF11 -- PSEN1 -- SOD1 -- HNRNPK -- SMPD1 -- TNIK -- BRCA1 -- CDKN2A -- BID -- MCL1 -- PCNA -- TAF1 -- PLAC8 -- DIABLO -- RASSF1
215,TNFRSF1A -- TNFRSF1B -- MAPK8 -- STAT1 -- JUN -- FOS -- SIRT1 -- TNFAIP3 -- TRAF1 -- MAPK14 -- RHOA -- NR3C1 -- RAC1 -- MAP2K7 -- MAP3K1 -- VEGFA -- MAP3K14 -- RET -- TRADD -- ATM -- CASP2 -- CHUK -- RPS6KA5 -- PPP1R13L -- MAPK9 -- IRF1 -- EIF4G2 -- HTRA2 -- MYB -- HIP1 -- RNF11 -- PSEN1 -- SOD1 -- HNRNPK -- SMPD1 -- TNIK -- HTT -- BRCA1 -- CDKN2A -- BID -- MCL1 -- PCNA -- TAF1 -- PLAC8 -- CASP9 -- DIABLO -- APAF1 -- RASSF1
216,TNFRSF1A -- TNFRSF1B -- MAPK8 -- STAT1 -- BIRC2 -- BIRC3 -- SIRT1 -- TNFAIP3 -- TRAF1 -- MAPK14 -- TGFB2 -- RAC1 -- MAP2K7 -- MAP3K1 -- VEGFA -- TRADD -- TNFRSF10B -- AKT1 -- ATM -- MDM2 -- CHUK -- RPS6KA5 -- PPP1R13L -- MAPK9 -- LYN -- IRF1 -- EIF4G2 -- CYCS -- HIP1 -- CDK4 -- OTUD7B -- CASP10 -- PARP1 -- PSEN1 -- RPA4 -- SMPD1 -- TNIK -- PELP1 -- BID -- FOXM1 -- MCL1 -- CTBP1 -- PCNA -- TAF1 -- PLAC8 -- DIABLO
217,TNFRSF1A -- TNFRSF1B -- MAPK8 -- STAT1 -- JUN -- FOS -- BIRC2 -- BIRC3 -- SIRT1 -- TNFAIP3 -- TRAF1 -- MAPK14 -- RHOA -- NR3C1 -- TGFB2 -- RAC1 -- MAP2K7 -- MAP3K1 -- VEGFA -- RET -- TRADD -- ATM -- CHUK -- RPS6KA5 -- PPP1R13L -- MAPK9 -- LYN -- IRF1 -- MYB -- CYCS -- HIP1 -- RNF11 -- PSEN1 -- SOD1 -- HNRNPK -- SMPD1 -- TNIK -- BRCA1 -- CDKN2A -- BID -- MCL1 -- PCNA -- TAF1 -- PLAC8 -- DIABLO -- RASSF1
218,TNFRSF1A -- TNFRSF1B -- MAPK8 -- STAT1 -- JUN -- FOS -- BIRC2 -- BIRC3 -- SIRT1 -- TNFAIP3 -- TRAF1 -- MAPK14 -- RHOA -- NR3C1 -- TGFB2 -- RAC1 -- MAP2K7 -- MAP3K1 -- VEGFA -- RET -- TRADD -- ATM -- CASP2 -- CHUK -- RPS6KA5 -- PPP1R13L -- MAPK9 -- IRF1 -- EIF4G2 -- MYB -- HIP1 -- RNF11 -- PSEN1 -- SOD1 -- HNRNPK -- SMPD1 -- TNIK -- HTT -- BRCA1 -- CDKN2A -- BID -- MCL1 -- PCNA -- TAF1 -- PLAC8 -- CASP9 -- DIABLO -- APAF1 -- RASSF1
219,TNFRSF1A -- TNFRSF1B -- NFKB1 -- MAPK8 -- FOS -- SIRT1 -- RB1 -- TNFAIP3 -- CCND1 -- TRAF1 -- MAPK14 -- RHOA -- RAC1 -- MAP2K7 -- MAP3K1 -- IGF1 -- MAP3K14 -- TRADD -- TNFRSF10B -- CASP2 -- MDM2 -- CHUK -- RPS6KA5 -- PPP1R13L -- MAPK9 -- IRF1 -- EIF4G2 -- HTRA2 -- HIP1 -- CDK4 -- OTUD7B -- RNF11 -- CASP10 -- PSEN1 -- SOD1 -- RPA4 -- SMPD1 -- TNIK -- HTT -- PELP1 -- BAX -- BAK1 -- BID -- FOXM1 -- PCNA -- PLAC8 -- CASP9 -- DIABLO -- APAF1
220,TNFRSF1A -- TNFRSF1B -- NFKB1 -- MAPK8 -- SIRT1 -- RB1 -- TNFAIP3 -- CCND1 -- MAPK14 -- RHOA -- RAC1 -- MAP2K7 -- MAP3K1 -- MAP3K14 -- TRADD -- TNFRSF10B -- ATM -- CASP2 -- MDM2 -- CHUK -- PPP1R13L -- MAPK9 -- LYN -- IRF1 -- EIF4G2 -- HTRA2 -- HIP1 -- CDK4 -- OTUD7B -- RNF11 -- PSEN1 -- SOD1 -- RPA4 -- SMPD1 -- TNIK -- HTT -- PELP1 -- BAX -- BAK1 -- EIF4E -- BID -- FOXM1 -- PCNA -- DIABLO -- APAF1 -- RANGAP1
221,TNFRSF1A -- TNFRSF1B -- NFKB1 -- MAPK8 -- JUN -- FOS -- SIRT1 -- RB1 -- TNFAIP3 -- CCND1 -- TRAF1 -- MAPK14 -- RHOA -- RAC1 -- MAP2K7 -- MAP3K1 -- IGF1 -- MAP3K14 -- TRADD -- CASP2 -- MDM2 -- CHUK -- RPS6KA5 -- PPP1R13L -- MAPK9 -- IRF1 -- EIF4G2 -- HTRA2 -- HIP1 -- CDK4 -- OTUD7B -- RNF11 -- PSEN1 -- SOD1 -- RPA4 -- SMPD1 -- TNIK -- HTT -- PELP1 -- BID -- FOXM1 -- MCL1 -- PCNA -- TAF1 -- PLAC8 -- CASP9 -- DIABLO -- APAF1
222,TNFRSF1A -- TNFRSF1B -- NFKB1 -- MAPK8 -- SIRT1 -- RB1 -- TNFAIP3 -- CCND1 -- TRAF1 -- MAPK14 -- RHOA -- RAC1 -- MAP2K7 -- MAP3K1 -- MAP3K14 -- TRADD -- TNFRSF10B -- ATM -- CASP2 -- MDM2 -- CHUK -- RPS6KA5 -- PPP1R13L -- MAPK9 -- LYN -- IRF1 -- EIF4G2 -- HTRA2 -- HIP1 -- CDK4 -- OTUD7B -- RNF11 -- CASP10 -- PSEN1 -- SOD1 -- RPA4 -- SMPD1 -- TNIK -- HTT -- PELP1 -- BAX -- BAK1 -- BID -- FOXM1 -- PCNA -- PLAC8 -- DIABLO -- APAF1
223,TNFRSF1A -- TNFRSF1B -- MAPK8 -- STAT1 -- BIRC2 -- BIRC3 -- SIRT1 -- TNFAIP3 -- TRAF1 -- MAPK14 -- RHOA -- NR3C1 -- TGFB2 -- RAC1 -- MAP2K7 -- MAP3K1 -- VEGFA -- RET -- TRADD -- ATM -- CHUK -- RPS6KA5 -- PPP1R13L -- MAPK9 -- LYN -- IRF1 -- MYB -- CYCS -- HIP1 -- RNF11 -- PSEN1 -- SOD1 -- HNRNPK -- SMPD1 -- TNIK -- BRCA1 -- CDKN2A -- EIF4E -- BID -- MCL1 -- PCNA -- TAF1 -- PLAC8 -- DIABLO -- RASSF1
224,TNFRSF1A -- TNFRSF1B -- MAPK8 -- BIRC3 -- SIRT1 -- MYC -- TNFAIP3 -- CCND1 -- MAPK14 -- RHOA -- RAC1 -- MAP2K7 -- MAP3K1 -- IGF1 -- VEGFA -- TRADD -- ATM -- CASP2 -- MDM2 -- CHUK -- PPP1R13L -- MAPK9 -- LYN -- IRF1 -- CDK4 -- OTUD7B -- RNF11 -- CASP10 -- PSEN1 -- SOD1 -- RPA4 -- SMPD1 -- TNIK -- HTT -- PELP1 -- EIF4E -- BID -- FOXM1 -- MCL1 -- PCNA -- TAF1 -- DIABLO -- RANGAP1
225,STAT1 -- BIRC2 -- BIRC3 -- SIRT1 -- CCND1 -- MAPK14 -- RAC1 -- MAP2K7 -- MAP3K1 -- VEGFA -- MAP3K14 -- RET -- MAPK1 -- AKT1 -- CHUK -- RPS6KA5 -- PPP1R13L -- MAPK9 -- LYN -- IRF1 -- MYB -- CYCS -- HIP1 -- OTUD7B -- RNF11 -- PARP1 -- PSEN1 -- SOD1 -- SMPD1 -- BBC3 -- BAK1 -- BID -- TFDP1 -- RBL1 -- PCNA -- TAF1 -- PLAC8 -- DIABLO -- APAF1
226,TNFRSF1A -- TNFRSF1B -- MAPK8 -- STAT1 -- BIRC2 -- SIRT1 -- MYC -- TNFAIP3 -- CCND1 -- MAPK14 -- PTMA -- RHOA -- RAC1 -- MAP2K7 -- MAP3K1 -- VEGFA -- TRADD -- MDM2 -- CHUK -- RPS6KA5 -- PPP1R13L -- MAPK9 -- LYN -- IRF1 -- CYCS -- CDK4 -- OTUD7B -- RNF11 -- PSEN1 -- SOD1 -- RPA4 -- SMPD1 -- TNIK -- EIF4E -- BID -- FOXM1 -- MCL1 -- PCNA -- TAF1 -- DIABLO -- RANGAP1
227,STAT1 -- BIRC2 -- MYC -- TRAF1 -- MAPK14 -- PTMA -- RAC1 -- MAP2K7 -- MAP3K1 -- VEGFA -- MAPK1 -- AKT1 -- MDM2 -- CHUK -- PPP1R13L -- MAPK9 -- LYN -- IRF1 -- CYCS -- CDK4 -- OTUD7B -- PARP1 -- PSEN1 -- RPA4 -- PELP1 -- EIF4E -- FOXM1 -- MCL1 -- CTBP1 -- PCNA -- TAF1 -- DIABLO -- RANGAP1
228,TNFRSF1A -- TNFRSF1B -- NFKB1 -- MAPK8 -- JUN -- SIRT1 -- RB1 -- TNFAIP3 -- CCND1 -- TRAF1 -- MAPK14 -- RHOA -- RAC1 -- MAP2K7 -- MAP3K1 -- MAP3K14 -- TRADD -- TNFRSF10B -- ATM -- CASP2 -- MDM2 -- CHUK -- RPS6KA5 -- PPP1R13L -- MAPK9 -- IRF1 -- EIF4G2 -- HTRA2 -- HIP1 -- CDK4 -- OTUD7B -- RNF11 -- CASP10 -- PSEN1 -- SOD1 -- RPA4 -- SMPD1 -- TNIK -- HTT -- PELP1 -- BAX -- BAK1 -- BID -- FOXM1 -- PCNA -- PLAC8 -- CASP9 -- DIABLO -- APAF1
229,TNFRSF1A -- TNFRSF1B -- NFKB1 -- MAPK8 -- SIRT1 -- RB1 -- TNFAIP3 -- CCND1 -- TRAF1 -- MAPK14 -- RHOA -- RAC1 -- MAP2K7 -- MAP3K1 -- IGF1 -- MAP3K14 -- TRADD -- TNFRSF10B -- CASP2 -- MDM2 -- CHUK -- RPS6KA5 -- PPP1R13L -- MAPK9 -- LYN -- IRF1 -- EIF4G2 -- HTRA2 -- HIP1 -- CDK4 -- OTUD7B -- RNF11 -- CASP10 -- PSEN1 -- SOD1 -- RPA4 -- SMPD1 -- TNIK -- HTT -- PELP1 -- BAX -- BAK1 -- BID -- FOXM1 -- PCNA -- PLAC8 -- CASP9 -- DIABLO -- APAF1
230,MAPK8 -- STAT1 -- JUN -- BIRC2 -- BIRC3 -- SIRT1 -- RB1 -- TRAF1 -- MAPK14 -- RHOA -- RAC1 -- MAP2K7 -- MAP3K1 -- VEGFA -- MAP3K14 -- RET -- TRADD -- MAPK1 -- ATM -- CHUK -- RPS6KA5 -- PPP1R13L -- MAPK9 -- LYN -- IRF1 -- EIF4G2 -- MYB -- CYCS -- HIP1 -- OTUD7B -- RNF11 -- PARP1 -- PSEN1 -- SOD1 -- HNRNPK -- RPA4 -- SMPD1 -- TNIK -- CDKN2A -- PELP1 -- BID -- MCL1 -- PCNA -- PLAC8 -- DIABLO -- APAF1
231,TNFRSF1A -- TNFRSF1B -- NFKB1 -- MAPK8 -- SIRT1 -- RB1 -- TNFAIP3 -- CCND1 -- TRAF1 -- MAPK14 -- RHOA -- RAC1 -- MAP2K7 -- MAP3K1 -- IGF1 -- TRADD -- TNFRSF10B -- ATM -- CASP2 -- MDM2 -- CHUK -- RPS6KA5 -- PPP1R13L -- MAPK9 -- IRF1 -- EIF4G2 -- HTRA2 -- HIP1 -- CDK4 -- OTUD7B -- RNF11 -- CASP10 -- PSEN1 -- SOD1 -- RPA4 -- SMPD1 -- TNIK -- HTT -- PELP1 -- BAX -- BAK1 -- BID -- FOXM1 -- PCNA -- CASP9 -- DIABLO -- APAF1
232,TNFRSF1A -- TNFRSF1B -- NFKB1 -- MAPK8 -- BIRC2 -- SIRT1 -- RB1 -- TNFAIP3 -- CCND1 -- MAPK14 -- PTMA -- RHOA -- RAC1 -- MAP2K7 -- MAP3K1 -- IGF1 -- TRADD -- TNFRSF10B -- ATM -- MDM2 -- CHUK -- PPP1R13L -- MAPK9 -- LYN -- IRF1 -- HTRA2 -- CYCS -- CDK4 -- OTUD7B -- RNF11 -- PSEN1 -- BAD -- SOD1 -- RPA4 -- SMPD1 -- TNIK -- PELP1 -- BAK1 -- EIF4E -- BID -- FOXM1 -- PCNA -- PLAC8 -- DIABLO -- RANGAP1
233,TNFRSF1A -- TNFRSF1B -- NFKB1 -- MAPK8 -- SIRT1 -- RB1 -- TNFAIP3 -- CCND1 -- TRAF1 -- MAPK14 -- PTMA -- RHOA -- RAC1 -- MAP2K7 -- MAP3K1 -- MAP3K14 -- TRADD -- TNFRSF10B -- CASP2 -- MDM2 -- CHUK -- RPS6KA5 -- PPP1R13L -- MAPK9 -- LYN -- IRF1 -- EIF4G2 -- HTRA2 -- HIP1 -- CDK4 -- OTUD7B -- RNF11 -- CASP10 -- PSEN1 -- SOD1 -- RPA4 -- SMPD1 -- TNIK -- PELP1 -- BAX -- BAK1 -- BID -- FOXM1 -- PCNA -- PLAC8 -- DIABLO -- APAF1
234,TNFRSF1A -- TNFRSF1B -- NFKB1 -- MAPK8 -- BIRC3 -- SIRT1 -- RB1 -- TNFAIP3 -- CCND1 -- TRAF1 -- MAPK14 -- RHOA -- RAC1 -- MAP2K7 -- MAP3K1 -- IGF1 -- TRADD -- TNFRSF10B -- MDM2 -- CHUK -- RPS6KA5 -- PPP1R13L -- MAPK9 -- LYN -- IRF1 -- EIF4G2 -- HTRA2 -- HIP1 -- CDK4 -- OTUD7B -- RNF11 -- CASP10 -- PSEN1 -- SOD1 -- RPA4 -- SMPD1 -- TNIK -- PELP1 -- BAX -- BAK1 -- BID -- FOXM1 -- PCNA -- PLAC8 -- DIABLO
235,TNFRSF1A -- TNFRSF1B -- NFKB1 -- MAPK8 -- BIRC2 -- SIRT1 -- RB1 -- TNFAIP3 -- CCND1 -- TRAF1 -- MAPK14 -- RHOA -- RAC1 -- MAP2K7 -- MAP3K1 -- TRADD -- TNFRSF10B -- ATM -- MDM2 -- CHUK -- RPS6KA5 -- PPP1R13L -- MAPK9 -- LYN -- IRF1 -- EIF4G2 -- HTRA2 -- HIP1 -- CDK4 -- OTUD7B -- RNF11 -- CASP10 -- PSEN1 -- SOD1 -- RPA4 -- SMPD1 -- TNIK -- PELP1 -- BAX -- BAK1 -- BID -- FOXM1 -- PCNA -- TAF1 -- PLAC8 -- DIABLO
236,TNFRSF1A -- TNFRSF1B -- NFKB1 -- MAPK8 -- BIRC2 -- SIRT1 -- RB1 -- TNFAIP3 -- CCND1 -- TRAF1 -- MAPK14 -- RHOA -- RAC1 -- MAP2K7 -- MAP3K1 -- TRADD -- TNFRSF10B -- ATM -- MDM2 -- CHUK -- RPS6KA5 -- PPP1R13L -- MAPK9 -- LYN -- IRF1 -- EIF4G2 -- HTRA2 -- HIP1 -- CDK4 -- OTUD7B -- RNF11 -- CASP10 -- PSEN1 -- SOD1 -- RPA4 -- SMPD1 -- TNIK -- PELP1 -- BAX -- BAK1 -- EIF4E -- BID -- FOXM1 -- PCNA -- PLAC8 -- DIABLO
237,TNFRSF1A -- TNFRSF1B -- NFKB1 -- MAPK8 -- STAT1 -- JUN -- FOS -- SIRT1 -- TNFAIP3 -- TRAF1 -- MAPK14 -- RHOA -- RAC1 -- MAP2K7 -- MAP3K1 -- VEGFA -- MAP3K14 -- TRADD -- TNFRSF10B -- ATM -- CASP2 -- CHUK -- RPS6KA5 -- PPP1R13L -- MAPK9 -- IRF1 -- EIF4G2 -- HTRA2 -- MYB -- HIP1 -- RNF11 -- CASP10 -- PSEN1 -- SOD1 -- SMPD1 -- TNIK -- BRCA1 -- CDKN2A -- BAX -- BAK1 -- BID -- FOXM1 -- PCNA -- PLAC8 -- CASP9 -- DIABLO -- APAF1 -- RASSF1
238,TNFRSF1A -- NFKB1 -- MAPK8 -- BIRC3 -- SIRT1 -- RB1 -- TNFAIP3 -- CCND1 -- TRAF1 -- MAPK14 -- IL2 -- RAC1 -- MAP2K7 -- MAP3K1 -- TRADD -- TNFRSF10B -- AKT1 -- CASP2 -- MDM2 -- CHUK -- RPS6KA5 -- PPP1R13L -- MAPK9 -- LYN -- IRF1 -- EIF4G2 -- HTRA2 -- CYCS -- HIP1 -- CDK4 -- OTUD7B -- RNF11 -- CASP10 -- PSEN1 -- SOD1 -- RPA4 -- SMPD1 -- TNIK -- PELP1 -- BAX -- BID -- FOXM1 -- PCNA -- PLAC8 -- DIABLO
239,TNFRSF1A -- TNFRSF1B -- MAPK8 -- STAT1 -- BIRC2 -- BIRC3 -- SIRT1 -- RB1 -- TNFAIP3 -- CCND1 -- MAPK14 -- PTMA -- RHOA -- RAC1 -- MAP2K7 -- MAP3K1 -- IGF1 -- TRADD -- TNFRSF10B -- ATM -- MDM2 -- CHUK -- PPP1R13L -- MAPK9 -- LYN -- IRF1 -- EIF4G2 -- CYCS -- CDK4 -- OTUD7B -- RNF11 -- CASP10 -- PSEN1 -- BAD -- SOD1 -- HNRNPK -- RPA4 -- SMPD1 -- TNIK -- PELP1 -- EIF4E -- BID -- FOXM1 -- PCNA -- DIABLO -- RANGAP1
240,TNFRSF1A -- TNFRSF1B -- MAPK8 -- STAT1 -- JUN -- FOS -- BIRC2 -- BIRC3 -- SIRT1 -- TNFAIP3 -- TRAF1 -- MAPK14 -- RHOA -- NR3C1 -- TGFB2 -- RAC1 -- MAP2K7 -- MAP3K1 -- VEGFA -- RET -- TRADD -- ATM -- CHUK -- RPS6KA5 -- PPP1R13L -- MAPK9 -- IRF1 -- MYB -- CYCS -- HIP1 -- RNF11 -- PSEN1 -- SOD1 -- HNRNPK -- SMPD1 -- TNIK -- BRCA1 -- CDKN2A -- BID -- MCL1 -- PCNA -- TAF1 -- PLAC8 -- DIABLO -- RASSF1
241,TNFRSF1A -- TNFRSF1B -- MAPK8 -- SIRT1 -- RB1 -- TNFAIP3 -- CCND1 -- TRAF1 -- MAPK14 -- RHOA -- TGFB2 -- RAC1 -- MAP2K7 -- MAP3K1 -- TRADD -- ATM -- MDM2 -- CHUK -- RPS6KA5 -- PPP1R13L -- MAPK9 -- LYN -- IRF1 -- HTRA2 -- HIP1 -- CDK4 -- OTUD7B -- RNF11 -- PSEN1 -- SOD1 -- RPA4 -- SMPD1 -- TNIK -- PELP1 -- BAX -- BAK1 -- BID -- FOXM1 -- PCNA -- PLAC8 -- DIABLO
242,TNFRSF1A -- TNFRSF1B -- NFKB1 -- MAPK8 -- BIRC2 -- BIRC3 -- SIRT1 -- RB1 -- TNFAIP3 -- CCND1 -- TRAF1 -- MAPK14 -- RHOA -- RAC1 -- MAP2K7 -- MAP3K1 -- IGF1 -- TRADD -- TNFRSF10B -- MDM2 -- CHUK -- RPS6KA5 -- PPP1R13L -- MAPK9 -- LYN -- IRF1 -- HTRA2 -- CYCS -- HIP1 -- CDK4 -- OTUD7B -- RNF11 -- PSEN1 -- SOD1 -- RPA4 -- SMPD1 -- TNIK -- PELP1 -- BAX -- BAK1 -- EIF4E -- BID -- FOXM1 -- PCNA -- PLAC8 -- DIABLO
243,TNFRSF1A -- TNFRSF1B -- MAPK8 -- STAT1 -- JUN -- FOS -- SIRT1 -- TNFAIP3 -- TRAF1 -- MAPK14 -- RHOA -- NR3C1 -- TGFB2 -- RAC1 -- MAP2K7 -- MAP3K1 -- VEGFA -- MAP3K14 -- RET -- TRADD -- ATM -- CASP2 -- CHUK -- RPS6KA5 -- PPP1R13L -- MAPK9 -- IRF1 -- EIF4G2 -- HTRA2 -- MYB -- HIP1 -- RNF11 -- PSEN1 -- SOD1 -- HNRNPK -- CASP7 -- SMPD1 -- TNIK -- HTT -- BRCA1 -- CDKN2A -- BID -- MCL1 -- PCNA -- TAF1 -- PLAC8 -- CASP9 -- DIABLO -- APAF1 -- RASSF1
244,TNFRSF1A -- TNFRSF1B -- MAPK8 -- STAT1 -- JUN -- BIRC2 -- BIRC3 -- SIRT1 -- TNFAIP3 -- TRAF1 -- MAPK14 -- RHOA -- NR3C1 -- TGFB2 -- RAC1 -- MAP2K7 -- MAP3K1 -- VEGFA -- RET -- TRADD -- ATM -- CASP2 -- CHUK -- RPS6KA5 -- PPP1R13L -- MAPK9 -- LYN -- IRF1 -- EIF4G2 -- MYB -- CYCS -- HIP1 -- RNF11 -- PSEN1 -- SOD1 -- HNRNPK -- SMPD1 -- TNIK -- HTT -- BRCA1 -- CDKN2A -- BID -- MCL1 -- PCNA -- TAF1 -- PLAC8 -- DIABLO -- APAF1 -- RASSF1
245,TNFRSF1A -- TNFRSF1B -- MAPK8 -- BIRC2 -- BIRC3 -- SIRT1 -- RB1 -- TNFAIP3 -- CCND1 -- MAPK14 -- PTMA -- RHOA -- RAC1 -- MAP2K7 -- MAP3K1 -- TRADD -- MDM2 -- CHUK -- PPP1R13L -- MAPK9 -- LYN -- IRF1 -- EIF4G2 -- CYCS -- HIP1 -- CDK4 -- OTUD7B -- RNF11 -- CASP10 -- PSEN1 -- SOD1 -- RPA4 -- SMPD1 -- TNIK -- PELP1 -- BAX -- BAK1 -- BID -- FOXM1 -- PCNA -- TAF1 -- PLAC8 -- DIABLO -- RANGAP1
246,TNFRSF1A -- TNFRSF1B -- NFKB1 -- MAPK8 -- SIRT1 -- RB1 -- TNFAIP3 -- CCND1 -- MAPK14 -- RHOA -- RAC1 -- MAP2K7 -- MAP3K1 -- IGF1 -- MAP3K14 -- TRADD -- TNFRSF10B -- CASP2 -- MDM2 -- CHUK -- RPS6KA5 -- PPP1R13L -- MAPK9 -- IRF1 -- EIF4G2 -- HTRA2 -- HIP1 -- CDK4 -- OTUD7B -- RNF11 -- CASP10 -- PSEN1 -- SOD1 -- RPA4 -- SMPD1 -- TNIK -- HTT -- PELP1 -- BAX -- BAK1 -- BID -- FOXM1 -- PCNA -- PLAC8 -- CASP9 -- DIABLO -- APAF1
247,TNFRSF1A -- TNFRSF1B -- MAPK8 -- JUN -- FOS -- SIRT1 -- RB1 -- TNFAIP3 -- CCND1 -- TRAF1 -- MAPK14 -- RHOA -- RAC1 -- MAP2K7 -- MAP3K1 -- MAP3K14 -- TRADD -- ATM -- CASP2 -- MDM2 -- CHUK -- RPS6KA5 -- PPP1R13L -- MAPK9 -- IRF1 -- EIF4G2 -- HTRA2 -- MYB -- HIP1 -- RNF11 -- CASP10 -- PSEN1 -- SOD1 -- SMPD1 -- TNIK -- HTT -- BRCA1 -- CDKN2A -- PELP1 -- BAX -- BAK1 -- BID -- FOXM1 -- PCNA -- PLAC8 -- CASP9 -- DIABLO -- APAF1 -- RASSF1
248,TNFRSF1A -- TNFRSF1B -- NFKB1 -- MAPK8 -- BIRC2 -- SIRT1 -- RB1 -- TNFAIP3 -- CCND1 -- TRAF1 -- MAPK14 -- RHOA -- RAC1 -- MAP2K7 -- MAP3K1 -- TRADD -- TNFRSF10B -- ATM -- MDM2 -- CHUK -- RPS6KA5 -- PPP1R13L -- MAPK9 -- LYN -- IRF1 -- EIF4G2 -- HTRA2 -- HIP1 -- CDK4 -- OTUD7B -- RNF11 -- CASP10 -- PSEN1 -- SOD1 -- RPA4 -- SMPD1 -- TNIK -- PELP1 -- BAX -- BAK1 -- BID -- FOXM1 -- PCNA -- PLAC8 -- DIABLO
249,TNFRSF1A -- TNFRSF1B -- MAPK8 -- STAT1 -- JUN -- FOS -- BIRC3 -- SIRT1 -- TNFAIP3 -- TRAF1 -- MAPK14 -- RHOA -- NR3C1 -- TGFB2 -- RAC1 -- MAP2K7 -- MAP3K1 -- VEGFA -- MAP3K14 -- RET -- TRADD -- ATM -- CASP2 -- CHUK -- RPS6KA5 -- PPP1R13L -- MAPK9 -- IRF1 -- EIF4G2 -- MYB -- HIP1 -- RNF11 -- PSEN1 -- SOD1 -- HNRNPK -- CASP7 -- SMPD1 -- TNIK -- HTT -- BRCA1 -- CDKN2A -- BID -- MCL1 -- PCNA -- TAF1 -- PLAC8 -- DIABLO -- RASSF1
250,TNFRSF1A -- TNFRSF1B -- MAPK8 -- STAT1 -- JUN -- BIRC2 -- BIRC3 -- SIRT1 -- TNFAIP3 -- TRAF1 -- MAPK14 -- RHOA -- NR3C1 -- TGFB2 -- RAC1 -- MAP2K7 -- MAP3K1 -- VEGFA -- RET -- TRADD -- ATM -- CHUK -- RPS6KA5 -- PPP1R13L -- MAPK9 -- LYN -- IRF1 -- MYB -- CYCS -- HIP1 -- RNF11 -- PSEN1 -- SOD1 -- HNRNPK -- SMPD1 -- TNIK -- BRCA1 -- CDKN2A -- EIF4E -- BID -- MCL1 -- PCNA -- TAF1 -- PLAC8 -- DIABLO -- RASSF1
251,TNFRSF1A -- TNFRSF1B -- NFKB1 -- MAPK8 -- FOS -- SIRT1 -- RB1 -- TNFAIP3 -- CCND1 -- TRAF1 -- MAPK14 -- RHOA -- RAC1 -- MAP2K7 -- MAP3K1 -- MAP3K14 -- TRADD -- TNFRSF10B -- ATM -- CASP2 -- MDM2 -- CHUK -- RPS6KA5 -- PPP1R13L -- MAPK9 -- IRF1 -- EIF4G2 -- HTRA2 -- HIP1 -- CDK4 -- OTUD7B -- RNF11 -- CASP10 -- PSEN1 -- SOD1 -- RPA4 -- SMPD1 -- TNIK -- HTT -- PELP1 -- BAX -- BAK1 -- BID -- FOXM1 -- PCNA -- PLAC8 -- CASP9 -- DIABLO
252,TNFRSF1A -- TNFRSF1B -- MAPK8 -- STAT1 -- JUN -- FOS -- BIRC2 -- SIRT1 -- TNFAIP3 -- TRAF1 -- MAPK14 -- RHOA -- NR3C1 -- TGFB2 -- RAC1 -- MAP2K7 -- MAP3K1 -- VEGFA -- RET -- TRADD -- ATM -- CASP2 -- CHUK -- RPS6KA5 -- PPP1R13L -- MAPK9 -- IRF1 -- EIF4G2 -- MYB -- CYCS -- HIP1 -- RNF11 -- PSEN1 -- SOD1 -- HNRNPK -- SMPD1 -- TNIK -- HTT -- BRCA1 -- CDKN2A -- BID -- MCL1 -- PCNA -- TAF1 -- PLAC8 -- DIABLO -- APAF1 -- RASSF1
253,TNFRSF1A -- TNFRSF1B -- MAPK8 -- STAT1 -- JUN -- FOS -- SIRT1 -- TNFAIP3 -- TRAF1 -- MAPK14 -- RHOA -- NR3C1 -- TGFB2 -- RAC1 -- MAP2K7 -- MAP3K1 -- VEGFA -- MAP3K14 -- RET -- TRADD -- ATM -- CASP2 -- CHUK -- RPS6KA5 -- PPP1R13L -- MAPK9 -- IRF1 -- EIF4G2 -- HTRA2 -- MYB -- HIP1 -- RNF11 -- PSEN1 -- SOD1 -- HNRNPK -- CASP7 -- SMPD1 -- TNIK -- HTT -- BRCA1 -- CDKN2A -- BAK1 -- BID -- MCL1 -- PCNA -- PLAC8 -- CASP9 -- DIABLO -- APAF1 -- RASSF1
254,TNFRSF1A -- TNFRSF1B -- NFKB1 -- MAPK8 -- FOS -- SIRT1 -- RB1 -- TNFAIP3 -- CCND1 -- TRAF1 -- MAPK14 -- RHOA -- RAC1 -- MAP2K7 -- MAP3K1 -- MAP3K14 -- TRADD -- TNFRSF10B -- CASP2 -- MDM2 -- CHUK -- RPS6KA5 -- PPP1R13L -- MAPK9 -- IRF1 -- EIF4G2 -- HTRA2 -- HIP1 -- CDK4 -- OTUD7B -- RNF11 -- CASP10 -- PSEN1 -- SOD1 -- RPA4 -- SMPD1 -- TNIK -- HTT -- PELP1 -- BAX -- BAK1 -- BID -- FOXM1 -- PCNA -- CASP9 -- DIABLO -- APAF1
255,TNFRSF1A -- TNFRSF1B -- MAPK8 -- STAT1 -- JUN -- FOS -- SIRT1 -- TNFAIP3 -- TRAF1 -- MAPK14 -- RHOA -- NR3C1 -- TGFB2 -- RAC1 -- MAP2K7 -- MAP3K1 -- VEGFA -- MAP3K14 -- RET -- TRADD -- ATM -- CASP2 -- CHUK -- RPS6KA5 -- PPP1R13L -- MAPK9 -- IRF1 -- EIF4G2 -- HTRA2 -- MYB -- HIP1 -- RNF11 -- PSEN1 -- SOD1 -- HNRNPK -- CASP7 -- SMPD1 -- TNIK -- HTT -- BRCA1 -- CDKN2A -- BID -- MCL1 -- PCNA -- TAF1 -- PLAC8 -- CASP9 -- DIABLO -- APAF1 -- RASSF1
256,TNFRSF1A -- TNFRSF1B -- MAPK8 -- STAT1 -- JUN -- FOS -- SIRT1 -- RB1 -- TNFAIP3 -- TRAF1 -- MAPK14 -- RHOA -- RAC1 -- MAP2K7 -- MAP3K1 -- VEGFA -- MAP3K14 -- TRADD -- ATM -- CASP2 -- CHUK -- RPS6KA5 -- PPP1R13L -- MAPK9 -- IRF1 -- EIF4G2 -- HTRA2 -- MYB -- HIP1 -- CDK4 -- OTUD7B -- RNF11 -- CASP10 -- PSEN1 -- SOD1 -- HNRNPK -- RPA4 -- SMPD1 -- TNIK -- HTT -- CDKN2A -- PELP1 -- BAX -- BAK1 -- BID -- FOXM1 -- PCNA -- PLAC8 -- CASP9 -- DIABLO -- APAF1
257,TNFRSF1A -- TNFRSF1B -- MAPK8 -- STAT1 -- JUN -- FOS -- BIRC2 -- BIRC3 -- SIRT1 -- TNFAIP3 -- TRAF1 -- MAPK14 -- RHOA -- NR3C1 -- TGFB2 -- RAC1 -- MAP2K7 -- MAP3K1 -- VEGFA -- RET -- TRADD -- ATM -- CHUK -- RPS6KA5 -- PPP1R13L -- MAPK9 -- LYN -- IRF1 -- MYB -- CYCS -- HIP1 -- RNF11 -- PSEN1 -- SOD1 -- HNRNPK -- SMPD1 -- TNIK -- BRCA1 -- CDKN2A -- BID -- MCL1 -- PCNA -- TAF1 -- PLAC8 -- DIABLO -- RASSF1
258,NFKB1 -- STAT1 -- FASLG -- TNFAIP3 -- TRAF1 -- MAPK14 -- TGFB2 -- IL2 -- RAC1 -- MAP2K7 -- MAP3K1 -- VEGFA -- MAP3K14 -- TRADD -- MAPK1 -- TNFRSF10B -- AKT1 -- MDM2 -- CHUK -- RPS6KA5 -- PPP1R13L -- MAPK9 -- IRF1 -- EIF4G2 -- CYCS -- HIP1 -- CDK4 -- OTUD7B -- RNF11 -- CASP10 -- PSEN1 -- HNRNPK -- RPA4 -- CASP7 -- TNIK -- PELP1 -- BAK1 -- EIF4E -- BID -- FOXM1 -- CTBP1 -- PCNA -- TAF1 -- PLAC8 -- DIABLO
259,TNFRSF1A -- TNFRSF1B -- NFKB1 -- MAPK8 -- STAT1 -- SIRT1 -- MYC -- TNFAIP3 -- CCND1 -- MAPK14 -- PTMA -- RHOA -- TGFB2 -- RAC1 -- MAP2K7 -- MAP3K1 -- VEGFA -- RET -- TRADD -- MDM2 -- CHUK -- RPS6KA5 -- PPP1R13L -- MAPK9 -- LYN -- IRF1 -- HTRA2 -- CYCS -- CDK4 -- OTUD7B -- RNF11 -- PSEN1 -- SOD1 -- HNRNPK -- RPA4 -- SMPD1 -- TNIK -- PELP1 -- BAX -- BAK1 -- EIF4E -- BID -- FOXM1 -- PCNA -- PLAC8 -- DIABLO -- RANGAP1
260,TNFRSF1A -- TNFRSF1B -- MAPK8 -- STAT1 -- JUN -- FOS -- BIRC2 -- BIRC3 -- SIRT1 -- TNFAIP3 -- TRAF1 -- MAPK14 -- RHOA -- NR3C1 -- TGFB2 -- RAC1 -- MAP2K7 -- MAP3K1 -- VEGFA -- MAP3K14 -- RET -- TRADD -- ATM -- CHUK -- RPS6KA5 -- PPP1R13L -- MAPK9 -- LYN -- IRF1 -- EIF4G2 -- MYB -- CYCS -- HIP1 -- RNF11 -- PSEN1 -- SOD1 -- HNRNPK -- SMPD1 -- TNIK -- CDKN2A -- BID -- MCL1 -- PCNA -- TAF1 -- PLAC8 -- DIABLO -- RASSF1
261,TNFRSF1A -- TNFRSF1B -- MAPK8 -- STAT1 -- BIRC2 -- BIRC3 -- SIRT1 -- MYC -- TNFAIP3 -- MAPK14 -- PTMA -- RHOA -- NR3C1 -- RAC1 -- MAP2K7 -- MAP3K1 -- IGF1 -- VEGFA -- RET -- TRADD -- MDM2 -- CHUK -- PPP1R13L -- MAPK9 -- LYN -- IRF1 -- CYCS -- CDK4 -- OTUD7B -- RNF11 -- PSEN1 -- BAD -- SOD1 -- HNRNPK -- RPA4 -- SMPD1 -- TNIK -- PELP1 -- EIF4E -- BID -- MCL1 -- PCNA -- TAF1 -- DIABLO -- RANGAP1
262,TNFRSF1A -- TNFRSF1B -- MAPK8 -- STAT1 -- BIRC2 -- SIRT1 -- MYC -- TNFAIP3 -- MAPK14 -- PTMA -- RHOA -- RAC1 -- MAP2K7 -- MAP3K1 -- VEGFA -- RET -- TRADD -- ATM -- CHUK -- PPP1R13L -- MAPK9 -- LYN -- IRF1 -- CYCS -- RNF11 -- PSEN1 -- BAD -- SOD1 -- HNRNPK -- SMPD1 -- TNIK -- BRCA1 -- CDKN2A -- EIF4E -- BID -- MCL1 -- PCNA -- TAF1 -- DIABLO -- RASSF1 -- RANGAP1
263,TNFRSF1A -- TNFRSF1B -- MAPK8 -- STAT1 -- BIRC2 -- SIRT1 -- MYC -- TNFAIP3 -- TRAF1 -- MAPK14 -- RHOA -- NR3C1 -- TGFB2 -- RAC1 -- MAP2K7 -- MAP3K1 -- VEGFA -- RET -- TRADD -- CHUK -- RPS6KA5 -- PPP1R13L -- MAPK9 -- LYN -- IRF1 -- CYCS -- HIP1 -- CDK4 -- OTUD7B -- RNF11 -- PSEN1 -- SOD1 -- HNRNPK -- RPA4 -- SMPD1 -- TNIK -- PELP1 -- EIF4E -- BID -- FOXM1 -- MCL1 -- PCNA -- TAF1 -- PLAC8 -- DIABLO -- RANGAP1
264,TNFRSF1A -- TNFRSF1B -- NFKB1 -- MAPK8 -- STAT1 -- BIRC2 -- SIRT1 -- MYC -- TNFAIP3 -- MAPK14 -- PTMA -- RHOA -- RAC1 -- MAP2K7 -- MAP3K1 -- VEGFA -- TRADD -- MDM2 -- CHUK -- PPP1R13L -- MAPK9 -- LYN -- IRF1 -- CYCS -- HIP1 -- CDK4 -- OTUD7B -- RNF11 -- PSEN1 -- BAD -- SOD1 -- RPA4 -- SMPD1 -- TNIK -- PELP1 -- EIF4E -- BID -- FOXM1 -- MCL1 -- PCNA -- TAF1 -- DIABLO -- RANGAP1
265,TNFRSF1A -- TNFRSF1B -- MAPK8 -- STAT1 -- SIRT1 -- MYC -- TNFAIP3 -- MAPK14 -- PTMA -- RHOA -- NR3C1 -- RAC1 -- MAP2K7 -- MAP3K1 -- VEGFA -- TRADD -- CASP2 -- MDM2 -- CHUK -- PPP1R13L -- MAPK9 -- LYN -- IRF1 -- HTRA2 -- CYCS -- CDK4 -- OTUD7B -- RNF11 -- PSEN1 -- SOD1 -- HNRNPK -- RPA4 -- SMPD1 -- TNIK -- BRCA1 -- BAK1 -- BID -- FOXM1 -- TFDP1 -- PCNA -- TAF1 -- DIABLO -- RANGAP1
266,TNFRSF1A -- TNFRSF1B -- MAPK8 -- STAT1 -- JUN -- FOS -- SIRT1 -- RB1 -- TNFAIP3 -- TRAF1 -- MAPK14 -- RHOA -- NR3C1 -- RAC1 -- MAP2K7 -- MAP3K1 -- VEGFA -- MAP3K14 -- RET -- TRADD -- ATM -- CASP2 -- CHUK -- RPS6KA5 -- PPP1R13L -- MAPK9 -- IRF1 -- EIF4G2 -- HTRA2 -- MYB -- HIP1 -- RNF11 -- PSEN1 -- SOD1 -- HNRNPK -- SMPD1 -- TNIK -- HTT -- BRCA1 -- CDKN2A -- BID -- MCL1 -- PCNA -- PLAC8 -- CASP9 -- DIABLO -- APAF1 -- RASSF1
267,TNFRSF1A -- TNFRSF1B -- NFKB1 -- MAPK8 -- FOS -- SIRT1 -- RB1 -- TNFAIP3 -- CCND1 -- TRAF1 -- MAPK14 -- RHOA -- RAC1 -- MAP2K7 -- MAP3K1 -- IGF1 -- MAP3K14 -- TRADD -- TNFRSF10B -- ATM -- MDM2 -- CHUK -- RPS6KA5 -- PPP1R13L -- MAPK9 -- IRF1 -- EIF4G2 -- HTRA2 -- HIP1 -- CDK4 -- OTUD7B -- RNF11 -- CASP10 -- PSEN1 -- SOD1 -- RPA4 -- SMPD1 -- TNIK -- PELP1 -- BAX -- BAK1 -- BID -- FOXM1 -- PCNA -- PLAC8 -- CASP9 -- DIABLO -- APAF1
268,TNFRSF1A -- TNFRSF1B -- MAPK8 -- STAT1 -- JUN -- FOS -- BIRC2 -- BIRC3 -- SIRT1 -- TNFAIP3 -- TRAF1 -- MAPK14 -- RHOA -- NR3C1 -- TGFB2 -- RAC1 -- MAP2K7 -- MAP3K1 -- VEGFA -- RET -- TRADD -- ATM -- CASP2 -- CHUK -- RPS6KA5 -- PPP1R13L -- MAPK9 -- IRF1 -- EIF4G2 -- MYB -- CYCS -- HIP1 -- RNF11 -- PSEN1 -- SOD1 -- HNRNPK -- CASP7 -- SMPD1 -- TNIK -- HTT -- BRCA1 -- CDKN2A -- BID -- MCL1 -- PCNA -- TAF1 -- PLAC8 -- DIABLO -- RASSF1
269,TNFRSF1B -- MAPK8 -- STAT1 -- JUN -- FOS -- SIRT1 -- FASLG -- TNFAIP3 -- TRAF1 -- MAPK14 -- RHOA -- TGFB2 -- RAC1 -- MAP2K7 -- MAP3K1 -- IGF1 -- VEGFA -- MAP3K14 -- RET -- TRADD -- TNFRSF10B -- CASP2 -- E2F1 -- CHUK -- RPS6KA5 -- PPP1R13L -- MAPK9 -- IRF1 -- EIF4G2 -- HTRA2 -- MYB -- HIP1 -- RNF11 -- PSEN1 -- SOD1 -- CASP7 -- SMPD1 -- TNIK -- CDKN2A -- BBC3 -- PELP1 -- BAK1 -- BID -- FOXM1 -- RBL1 -- PCNA -- TAF1 -- PLAC8 -- CASP9 -- DIABLO -- APAF1
270,TNFRSF1A -- TNFRSF1B -- MAPK8 -- STAT1 -- JUN -- FOS -- BIRC2 -- BIRC3 -- SIRT1 -- TNFAIP3 -- TRAF1 -- MAPK14 -- RHOA -- NR3C1 -- TGFB2 -- RAC1 -- MAP2K7 -- MAP3K1 -- VEGFA -- RET -- TRADD -- ATM -- CHUK -- RPS6KA5 -- PPP1R13L -- MAPK9 -- LYN -- IRF1 -- MYB -- CYCS -- HIP1 -- RNF11 -- PSEN1 -- SOD1 -- HNRNPK -- SMPD1 -- TNIK -- HTT -- BRCA1 -- CDKN2A -- EIF4E -- BID -- MCL1 -- PCNA -- TAF1 -- PLAC8 -- DIABLO -- RASSF1
271,STAT1 -- BIRC2 -- SIRT1 -- CCND1 -- MAPK14 -- RAC1 -- MAP2K7 -- MAP3K1 -- VEGFA -- RET -- MAPK1 -- AKT1 -- CHUK -- RPS6KA5 -- PPP1R13L -- MAPK9 -- LYN -- IRF1 -- MYB -- CYCS -- HIP1 -- OTUD7B -- RNF11 -- PARP1 -- PSEN1 -- SMPD1 -- BBC3 -- BAK1 -- EIF4E -- BID -- TFDP1 -- RBL1 -- PCNA -- TAF1 -- PLAC8 -- DIABLO
272,TNFRSF1A -- TNFRSF1B -- NFKB1 -- MAPK8 -- SIRT1 -- RB1 -- TNFAIP3 -- CCND1 -- TRAF1 -- MAPK14 -- RHOA -- RAC1 -- MAP2K7 -- MAP3K1 -- IGF1 -- MAP3K14 -- TRADD -- TNFRSF10B -- MDM2 -- CHUK -- RPS6KA5 -- PPP1R13L -- MAPK9 -- LYN -- IRF1 -- EIF4G2 -- HTRA2 -- HIP1 -- CDK4 -- OTUD7B -- RNF11 -- CASP10 -- PSEN1 -- SOD1 -- RPA4 -- SMPD1 -- TNIK -- PELP1 -- BAX -- BAK1 -- BID -- FOXM1 -- PCNA -- PLAC8 -- CASP9 -- DIABLO -- APAF1
273,TNFRSF1A -- TNFRSF1B -- NFKB1 -- MAPK8 -- SIRT1 -- RB1 -- TNFAIP3 -- CCND1 -- TRAF1 -- MAPK14 -- RHOA -- RAC1 -- MAP2K7 -- MAP3K1 -- IGF1 -- MAP3K14 -- TRADD -- TNFRSF10B -- CASP2 -- MDM2 -- CHUK -- RPS6KA5 -- PPP1R13L -- MAPK9 -- IRF1 -- EIF4G2 -- HTRA2 -- HIP1 -- CDK4 -- OTUD7B -- RNF11 -- CASP10 -- PSEN1 -- SOD1 -- RPA4 -- SMPD1 -- TNIK -- HTT -- PELP1 -- BAX -- BAK1 -- BID -- FOXM1 -- PCNA -- PLAC8 -- CASP9 -- DIABLO -- APAF1
274,TNFRSF1A -- TNFRSF1B -- NFKB1 -- MAPK8 -- SIRT1 -- RB1 -- TNFAIP3 -- CCND1 -- TRAF1 -- MAPK14 -- RHOA -- RAC1 -- MAP2K7 -- MAP3K1 -- IGF1 -- MAP3K14 -- TRADD -- CASP2 -- MDM2 -- CHUK -- RPS6KA5 -- PPP1R13L -- MAPK9 -- LYN -- IRF1 -- EIF4G2 -- HTRA2 -- HIP1 -- CDK4 -- OTUD7B -- RNF11 -- PSEN1 -- SOD1 -- RPA4 -- SMPD1 -- TNIK -- HTT -- PELP1 -- BAX -- BAK1 -- BID -- FOXM1 -- PCNA -- PLAC8 -- CASP9 -- DIABLO -- APAF1
275,TNFRSF1A -- TNFRSF1B -- MAPK8 -- BIRC2 -- SIRT1 -- MYC -- TNFAIP3 -- CCND1 -- MAPK14 -- PTMA -- RHOA -- RAC1 -- MAP2K7 -- MAP3K1 -- IGF1 -- VEGFA -- MAP3K14 -- RET -- TRADD -- ATM -- MDM2 -- CHUK -- PPP1R13L -- MAPK9 -- LYN -- IRF1 -- HTRA2 -- CYCS -- CDK4 -- RNF11 -- PSEN1 -- SOD1 -- RPA4 -- SMPD1 -- TNIK -- PELP1 -- BAX -- BAK1 -- EIF4E -- BID -- FOXM1 -- TFDP1 -- PCNA -- TAF1 -- DIABLO -- RANGAP1
276,TNFRSF1A -- TNFRSF1B -- NFKB1 -- MAPK8 -- STAT1 -- BIRC2 -- BIRC3 -- SIRT1 -- MYC -- TNFAIP3 -- MAPK14 -- PTMA -- RHOA -- TGFB2 -- RAC1 -- MAP2K7 -- MAP3K1 -- VEGFA -- RET -- TRADD -- TNFRSF10B -- CHUK -- RPS6KA5 -- PPP1R13L -- MAPK9 -- LYN -- IRF1 -- CYCS -- RNF11 -- PSEN1 -- SOD1 -- HNRNPK -- SMPD1 -- TNIK -- EIF4E -- BID -- TFDP1 -- MCL1 -- PCNA -- TAF1 -- DIABLO -- RASSF1 -- RANGAP1
277,TNFRSF1A -- TNFRSF1B -- MAPK8 -- STAT1 -- BIRC2 -- SIRT1 -- MYC -- TNFAIP3 -- MAPK14 -- RHOA -- RAC1 -- MAP2K7 -- MAP3K1 -- VEGFA -- RET -- TRADD -- ATM -- CHUK -- RPS6KA5 -- PPP1R13L -- MAPK9 -- LYN -- IRF1 -- EIF4G2 -- CYCS -- HIP1 -- CDK4 -- OTUD7B -- RNF11 -- PSEN1 -- SOD1 -- HNRNPK -- SMPD1 -- TNIK -- HTT -- PELP1 -- BID -- FOXM1 -- MCL1 -- PCNA -- TAF1 -- PLAC8 -- DIABLO -- RASSF1 -- RANGAP1
278,TNFRSF1A -- TNFRSF1B -- MAPK8 -- STAT1 -- BIRC2 -- BIRC3 -- SIRT1 -- MYC -- TNFAIP3 -- MAPK14 -- PTMA -- RHOA -- RAC1 -- MAP2K7 -- MAP3K1 -- VEGFA -- RET -- TRADD -- ATM -- CHUK -- PPP1R13L -- MAPK9 -- LYN -- IRF1 -- CYCS -- RNF11 -- PSEN1 -- BAD -- SOD1 -- HNRNPK -- SMPD1 -- TNIK -- BRCA1 -- EIF4E -- BID -- MCL1 -- PCNA -- TAF1 -- DIABLO -- RASSF1 -- RANGAP1
279,TNFRSF1A -- TNFRSF1B -- MAPK8 -- BIRC2 -- SIRT1 -- RB1 -- TNFAIP3 -- CCND1 -- TRAF1 -- MAPK14 -- RHOA -- RAC1 -- MAP2K7 -- MAP3K1 -- IGF1 -- RET -- TRADD -- MDM2 -- CHUK -- RPS6KA5 -- PPP1R13L -- MAPK9 -- LYN -- IRF1 -- CYCS -- HIP1 -- CDK4 -- OTUD7B -- RNF11 -- PSEN1 -- SOD1 -- RPA4 -- SMPD1 -- TNIK -- PELP1 -- BID -- FOXM1 -- MCL1 -- PCNA -- TAF1 -- PLAC8 -- DIABLO
280,TNFRSF1A -- TNFRSF1B -- MAPK8 -- STAT1 -- JUN -- FOS -- SIRT1 -- TNFAIP3 -- TRAF1 -- MAPK14 -- RHOA -- TGFB2 -- RAC1 -- MAP2K7 -- MAP3K1 -- VEGFA -- MAP3K14 -- RET -- TRADD -- ATM -- CASP2 -- CHUK -- RPS6KA5 -- PPP1R13L -- MAPK9 -- IRF1 -- EIF4G2 -- HTRA2 -- MYB -- HIP1 -- RNF11 -- PSEN1 -- SOD1 -- HNRNPK -- CASP7 -- SMPD1 -- TNIK -- HTT -- CDKN2A -- BAX -- BID -- MCL1 -- PCNA -- TAF1 -- PLAC8 -- CASP9 -- DIABLO -- APAF1 -- RASSF1
281,TNFRSF1A -- TNFRSF1B -- MAPK8 -- STAT1 -- JUN -- FOS -- BIRC2 -- BIRC3 -- SIRT1 -- TNFAIP3 -- TRAF1 -- MAPK14 -- RHOA -- NR3C1 -- TGFB2 -- RAC1 -- MAP2K7 -- MAP3K1 -- VEGFA -- RET -- TRADD -- ATM -- CHUK -- RPS6KA5 -- PPP1R13L -- MAPK9 -- IRF1 -- EIF4G2 -- MYB -- CYCS -- HIP1 -- RNF11 -- PSEN1 -- SOD1 -- HNRNPK -- CASP7 -- SMPD1 -- TNIK -- BRCA1 -- CDKN2A -- BID -- MCL1 -- PCNA -- TAF1 -- PLAC8 -- DIABLO -- APAF1 -- RASSF1
282,TNFRSF1A -- MAPK8 -- STAT1 -- JUN -- FOS -- BIRC2 -- SIRT1 -- TNFAIP3 -- MAPK14 -- RHOA -- TGFB2 -- IL2 -- RAC1 -- MAP2K7 -- MAP3K1 -- VEGFA -- MAP3K14 -- RET -- TRADD -- TNFRSF10B -- ATM -- E2F1 -- CHUK -- RPS6KA5 -- PPP1R13L -- MAPK9 -- LYN -- IRF1 -- HTRA2 -- MYB -- CYCS -- HIP1 -- RNF11 -- PSEN1 -- SOD1 -- RPA4 -- CDKN2A -- BBC3 -- PELP1 -- BAK1 -- EIF4E -- BID -- FOXM1 -- CTBP1 -- RBL1 -- PCNA -- TAF1 -- PLAC8 -- DIABLO
283,TNFRSF1A -- TNFRSF1B -- MAPK8 -- STAT1 -- JUN -- FOS -- SIRT1 -- TNFAIP3 -- TRAF1 -- MAPK14 -- RHOA -- NR3C1 -- TGFB2 -- RAC1 -- MAP2K7 -- MAP3K1 -- VEGFA -- MAP3K14 -- RET -- TRADD -- ATM -- CASP2 -- CHUK -- RPS6KA5 -- PPP1R13L -- MAPK9 -- IRF1 -- EIF4G2 -- MYB -- CYCS -- HIP1 -- RNF11 -- PSEN1 -- SOD1 -- HNRNPK -- CASP7 -- SMPD1 -- TNIK -- HTT -- BRCA1 -- CDKN2A -- BID -- MCL1 -- PCNA -- TAF1 -- PLAC8 -- CASP9 -- DIABLO -- APAF1 -- RASSF1
284,TNFRSF1A -- TNFRSF1B -- NFKB1 -- MAPK8 -- STAT1 -- JUN -- FOS -- SIRT1 -- TNFAIP3 -- TRAF1 -- MAPK14 -- RHOA -- TGFB2 -- RAC1 -- MAP2K7 -- MAP3K1 -- VEGFA -- MAP3K14 -- RET -- TRADD -- TNFRSF10B -- ATM -- CASP2 -- CHUK -- RPS6KA5 -- PPP1R13L -- MAPK9 -- IRF1 -- EIF4G2 -- HTRA2 -- MYB -- HIP1 -- RNF11 -- CASP10 -- PSEN1 -- SOD1 -- HNRNPK -- CASP7 -- SMPD1 -- TNIK -- HTT -- CDKN2A -- PELP1 -- BAX -- BAK1 -- BID -- PCNA -- TAF1 -- PLAC8 -- CASP9 -- DIABLO -- APAF1
285,TNFRSF1A -- TNFRSF1B -- NFKB1 -- MAPK8 -- STAT1 -- JUN -- FOS -- SIRT1 -- RB1 -- TNFAIP3 -- TRAF1 -- MAPK14 -- RHOA -- RAC1 -- MAP2K7 -- MAP3K1 -- MAP3K14 -- TRADD -- TNFRSF10B -- CASP2 -- CHUK -- RPS6KA5 -- PPP1R13L -- MAPK9 -- IRF1 -- EIF4G2 -- HTRA2 -- MYB -- HIP1 -- OTUD7B -- RNF11 -- CASP10 -- PSEN1 -- SOD1 -- RPA4 -- SMPD1 -- TNIK -- HTT -- CDKN2A -- BAX -- BAK1 -- BID -- PCNA -- PLAC8 -- CASP9 -- DIABLO -- APAF1
286,TNFRSF1A -- TNFRSF1B -- MAPK8 -- STAT1 -- JUN -- FOS -- BIRC2 -- BIRC3 -- SIRT1 -- TNFAIP3 -- TRAF1 -- MAPK14 -- RHOA -- NR3C1 -- TGFB2 -- RAC1 -- MAP2K7 -- MAP3K1 -- VEGFA -- RET -- TRADD -- ATM -- CHUK -- RPS6KA5 -- PPP1R13L -- MAPK9 -- LYN -- IRF1 -- EIF4G2 -- MYB -- CYCS -- HIP1 -- RNF11 -- PSEN1 -- SOD1 -- HNRNPK -- SMPD1 -- TNIK -- HTT -- BRCA1 -- CDKN2A -- BID -- MCL1 -- PCNA -- TAF1 -- PLAC8 -- DIABLO -- RASSF1
287,TNFRSF1A -- TNFRSF1B -- MAPK8 -- STAT1 -- JUN -- FOS -- BIRC2 -- BIRC3 -- SIRT1 -- TNFAIP3 -- TRAF1 -- MAPK14 -- RHOA -- NR3C1 -- TGFB2 -- RAC1 -- MAP2K7 -- MAP3K1 -- VEGFA -- RET -- TRADD -- ATM -- CHUK -- RPS6KA5 -- PPP1R13L -- MAPK9 -- LYN -- IRF1 -- MYB -- CYCS -- HIP1 -- RNF11 -- PSEN1 -- SOD1 -- HNRNPK -- SMPD1 -- TNIK -- BRCA1 -- CDKN2A -- EIF4E -- BID -- MCL1 -- PCNA -- TAF1 -- PLAC8 -- DIABLO -- RASSF1
288,TNFRSF1A -- TNFRSF1B -- MAPK8 -- STAT1 -- JUN -- FOS -- BIRC3 -- SIRT1 -- TNFAIP3 -- TRAF1 -- MAPK14 -- RHOA -- NR3C1 -- TGFB2 -- RAC1 -- MAP2K7 -- MAP3K1 -- VEGFA -- MAP3K14 -- TRADD -- ATM -- CASP2 -- CHUK -- RPS6KA5 -- PPP1R13L -- MAPK9 -- IRF1 -- EIF4G2 -- MYB -- CYCS -- HIP1 -- RNF11 -- PSEN1 -- SOD1 -- HNRNPK -- CASP7 -- SMPD1 -- TNIK -- HTT -- BRCA1 -- CDKN2A -- BID -- MCL1 -- PCNA -- TAF1 -- PLAC8 -- DIABLO -- APAF1 -- RASSF1
289,TNFRSF1A -- TNFRSF1B -- MAPK8 -- STAT1 -- JUN -- FOS -- SIRT1 -- RB1 -- TNFAIP3 -- TRAF1 -- MAPK14 -- RHOA -- RAC1 -- MAP2K7 -- MAP3K1 -- VEGFA -- MAP3K14 -- RET -- TRADD -- ATM -- CASP2 -- CHUK -- RPS6KA5 -- PPP1R13L -- MAPK9 -- IRF1 -- EIF4G2 -- HTRA2 -- MYB -- HIP1 -- RNF11 -- PSEN1 -- SOD1 -- HNRNPK -- SMPD1 -- TNIK -- HTT -- CDKN2A -- PELP1 -- BAX -- BAK1 -- BID -- PCNA -- PLAC8 -- CASP9 -- DIABLO -- APAF1 -- RASSF1
290,TNFRSF1A -- TNFRSF1B -- NFKB1 -- MAPK8 -- STAT1 -- BIRC2 -- BIRC3 -- SIRT1 -- MYC -- TNFAIP3 -- MAPK14 -- PTMA -- RHOA -- TGFB2 -- RAC1 -- MAP2K7 -- MAP3K1 -- VEGFA -- MAP3K14 -- TRADD -- TNFRSF10B -- MDM2 -- CHUK -- PPP1R13L -- MAPK9 -- LYN -- IRF1 -- CYCS -- CDK4 -- OTUD7B -- RNF11 -- CASP10 -- PSEN1 -- BAD -- SOD1 -- HNRNPK -- RPA4 -- SMPD1 -- TNIK -- PELP1 -- EIF4E -- BID -- FOXM1 -- MCL1 -- PCNA -- TAF1 -- DIABLO -- RANGAP1
291,TNFRSF1A -- TNFRSF1B -- MAPK8 -- STAT1 -- JUN -- FOS -- SIRT1 -- RB1 -- TNFAIP3 -- TRAF1 -- MAPK14 -- RHOA -- NR3C1 -- RAC1 -- MAP2K7 -- MAP3K1 -- MAP3K14 -- RET -- TRADD -- TNFRSF10B -- ATM -- CASP2 -- CHUK -- RPS6KA5 -- PPP1R13L -- MAPK9 -- IRF1 -- EIF4G2 -- HTRA2 -- MYB -- HIP1 -- OTUD7B -- RNF11 -- CASP10 -- PSEN1 -- SOD1 -- HNRNPK -- SMPD1 -- TNIK -- HTT -- BRCA1 -- CDKN2A -- BAK1 -- BID -- PCNA -- PLAC8 -- CASP9 -- DIABLO -- APAF1 -- RASSF1
292,TNFRSF1A -- TNFRSF1B -- NFKB1 -- MAPK8 -- STAT1 -- SIRT1 -- FASLG -- MYC -- TNFAIP3 -- CCND1 -- MAPK14 -- PTMA -- RHOA -- TGFB2 -- RAC1 -- MAP2K7 -- MAP3K1 -- IGF1 -- VEGFA -- MAP3K14 -- RET -- TRADD -- TNFRSF10B -- CASP2 -- E2F1 -- CHUK -- PPP1R13L -- MAPK9 -- IRF1 -- EIF4G2 -- HTRA2 -- MYB -- CDK4 -- OTUD7B -- RNF11 -- CASP10 -- PSEN1 -- SOD1 -- RPA4 -- CASP7 -- SMPD1 -- TNIK -- HTT -- BBC3 -- PELP1 -- BAK1 -- BID -- RBL1 -- PCNA -- TAF1 -- DIABLO -- APAF1 -- RANGAP1
293,TNFRSF1A -- TNFRSF1B -- NFKB1 -- MAPK8 -- BIRC3 -- SIRT1 -- RB1 -- TNFAIP3 -- CCND1 -- TRAF1 -- MAPK14 -- RHOA -- RAC1 -- MAP2K7 -- MAP3K1 -- IGF1 -- TRADD -- TNFRSF10B -- ATM -- CASP2 -- MDM2 -- CHUK -- RPS6KA5 -- PPP1R13L -- MAPK9 -- LYN -- IRF1 -- EIF4G2 -- HTRA2 -- CYCS -- HIP1 -- CDK4 -- OTUD7B -- RNF11 -- CASP10 -- PSEN1 -- SOD1 -- RPA4 -- SMPD1 -- TNIK -- HTT -- PELP1 -- BAX -- BAK1 -- EIF4E -- BID -- FOXM1 -- PCNA -- PLAC8 -- DIABLO
294,TNFRSF1A -- TNFRSF1B -- NFKB1 -- MAPK8 -- BIRC2 -- BIRC3 -- SIRT1 -- RB1 -- TNFAIP3 -- CCND1 -- TRAF1 -- MAPK14 -- RHOA -- RAC1 -- MAP2K7 -- MAP3K1 -- IGF1 -- TRADD -- TNFRSF10B -- ATM -- MDM2 -- CHUK -- RPS6KA5 -- PPP1R13L -- MAPK9 -- LYN -- IRF1 -- EIF4G2 -- CYCS -- HIP1 -- CDK4 -- OTUD7B -- RNF11 -- CASP10 -- PSEN1 -- SOD1 -- RPA4 -- SMPD1 -- TNIK -- PELP1 -- BAX -- BAK1 -- BID -- FOXM1 -- PCNA -- PLAC8 -- DIABLO
295,TNFRSF1A -- TNFRSF1B -- NFKB1 -- MAPK8 -- BIRC2 -- BIRC3 -- SIRT1 -- RB1 -- TNFAIP3 -- CCND1 -- TRAF1 -- MAPK14 -- PTMA -- RHOA -- RAC1 -- MAP2K7 -- MAP3K1 -- IGF1 -- TRADD -- MDM2 -- CHUK -- RPS6KA5 -- PPP1R13L -- MAPK9 -- LYN -- IRF1 -- EIF4G2 -- CYCS -- HIP1 -- CDK4 -- OTUD7B -- RNF11 -- CASP10 -- PSEN1 -- BAD -- SOD1 -- RPA4 -- SMPD1 -- TNIK -- PELP1 -- BAK1 -- BID -- FOXM1 -- PCNA -- TAF1 -- DIABLO -- RANGAP1
296,TNFRSF1A -- TNFRSF1B -- NFKB1 -- MAPK8 -- SIRT1 -- RB1 -- TNFAIP3 -- CCND1 -- TRAF1 -- MAPK14 -- RHOA -- RAC1 -- MAP2K7 -- MAP3K1 -- IGF1 -- MAP3K14 -- TRADD -- TNFRSF10B -- ATM -- MDM2 -- CHUK -- RPS6KA5 -- PPP1R13L -- MAPK9 -- LYN -- IRF1 -- HTRA2 -- HIP1 -- CDK4 -- OTUD7B -- RNF11 -- CASP10 -- PSEN1 -- SOD1 -- RPA4 -- SMPD1 -- TNIK -- PELP1 -- BAX -- BAK1 -- EIF4E -- BID -- FOXM1 -- PCNA -- PLAC8 -- CASP9 -- DIABLO -- APAF1 -- RANGAP1
297,TNFRSF1A -- TNFRSF1B -- MAPK8 -- STAT1 -- BIRC2 -- BIRC3 -- SIRT1 -- MYC -- TNFAIP3 -- MAPK14 -- RHOA -- RAC1 -- MAP2K7 -- MAP3K1 -- VEGFA -- RET -- TRADD -- ATM -- CHUK -- RPS6KA5 -- PPP1R13L -- MAPK9 -- LYN -- IRF1 -- EIF4G2 -- CYCS -- HIP1 -- RNF11 -- PSEN1 -- SOD1 -- HNRNPK -- SMPD1 -- TNIK -- BRCA1 -- CDKN2A -- BID -- MCL1 -- PCNA -- TAF1 -- PLAC8 -- DIABLO -- RASSF1
298,TNFRSF1A -- TNFRSF1B -- MAPK8 -- JUN -- FOS -- SIRT1 -- RB1 -- TNFAIP3 -- CCND1 -- TRAF1 -- MAPK14 -- RHOA -- RAC1 -- MAP2K7 -- MAP3K1 -- MAP3K14 -- RET -- TRADD -- ATM -- CASP2 -- CHUK -- RPS6KA5 -- PPP1R13L -- MAPK9 -- IRF1 -- EIF4G2 -- HTRA2 -- MYB -- HIP1 -- CDK4 -- OTUD7B -- RNF11 -- CASP10 -- PSEN1 -- SOD1 -- HNRNPK -- RPA4 -- SMPD1 -- TNIK -- HTT -- CDKN2A -- PELP1 -- BAX -- BAK1 -- BID -- FOXM1 -- PCNA -- PLAC8 -- CASP9 -- DIABLO -- APAF1
299,TNFRSF1A -- TNFRSF1B -- NFKB1 -- MAPK8 -- SIRT1 -- RB1 -- TNFAIP3 -- CCND1 -- TRAF1 -- MAPK14 -- RHOA -- RAC1 -- MAP2K7 -- MAP3K1 -- MAP3K14 -- TRADD -- TNFRSF10B -- CASP2 -- MDM2 -- CHUK -- RPS6KA5 -- PPP1R13L -- MAPK9 -- IRF1 -- EIF4G2 -- HTRA2 -- HIP1 -- CDK4 -- OTUD7B -- RNF11 -- CASP10 -- PSEN1 -- SOD1 -- RPA4 -- SMPD1 -- TNIK -- HTT -- PELP1 -- BAX -- BAK1 -- BID -- FOXM1 -- PCNA -- PLAC8 -- CASP9 -- DIABLO -- APAF1
300,TP53 -- STAT1 -- BIRC2 -- BIRC3 -- MYC -- MAPK14 -- RAC1 -- MAP2K7 -- MAP3K1 -- VEGFA -- RET -- TRADD -- MAPK1 -- TNFRSF10B -- AKT1 -- ATM -- E2F1 -- CHUK -- PPP1R13L -- MAPK9 -- LYN -- IRF1 -- CYCS -- HIP1 -- OTUD7B -- PSEN1 -- SMPD1 -- RBL2 -- HTT -- BRCA1 -- CDKN2A -- BBC3 -- BID -- MCL1 -- RBL1 -- PCNA -- TAF1 -- DIABLO -- RASSF1 -- RANGAP1
301,TNFRSF1A -- TNFRSF1B -- NFKB1 -- MAPK8 -- SIRT1 -- RB1 -- TNFAIP3 -- CCND1 -- MAPK14 -- RHOA -- RAC1 -- MAP2K7 -- MAP3K1 -- TRADD -- TNFRSF10B -- CASP2 -- MDM2 -- CHUK -- RPS6KA5 -- PPP1R13L -- MAPK9 -- LYN -- IRF1 -- EIF4G2 -- HTRA2 -- CDK4 -- OTUD7B -- RNF11 -- CASP10 -- PSEN1 -- SOD1 -- RPA4 -- SMPD1 -- TNIK -- HTT -- PELP1 -- BAX -- BAK1 -- BID -- FOXM1 -- PCNA -- PLAC8 -- DIABLO -- APAF1
302,TNFRSF1A -- TNFRSF1B -- NFKB1 -- MAPK8 -- STAT1 -- BIRC2 -- SIRT1 -- MYC -- TNFAIP3 -- CCND1 -- TRAF1 -- MAPK14 -- PTMA -- RHOA -- TGFB2 -- RAC1 -- MAP2K7 -- MAP3K1 -- VEGFA -- RET -- TRADD -- TNFRSF10B -- MDM2 -- CHUK -- PPP1R13L -- MAPK9 -- LYN -- IRF1 -- EIF4G2 -- CYCS -- CDK4 -- OTUD7B -- RNF11 -- CASP10 -- PSEN1 -- BAD -- SOD1 -- RPA4 -- SMPD1 -- TNIK -- BID -- FOXM1 -- MCL1 -- PCNA -- TAF1 -- DIABLO -- RANGAP1
303,TNFRSF1A -- TNFRSF1B -- NFKB1 -- MAPK8 -- SIRT1 -- RB1 -- TNFAIP3 -- CCND1 -- TRAF1 -- MAPK14 -- RHOA -- RAC1 -- MAP2K7 -- MAP3K1 -- IGF1 -- MAP3K14 -- TRADD -- TNFRSF10B -- ATM -- CASP2 -- MDM2 -- CHUK -- RPS6KA5 -- PPP1R13L -- MAPK9 -- LYN -- IRF1 -- EIF4G2 -- HTRA2 -- HIP1 -- CDK4 -- OTUD7B -- RNF11 -- CASP10 -- PSEN1 -- SOD1 -- RPA4 -- SMPD1 -- TNIK -- HTT -- PELP1 -- BAX -- BAK1 -- BID -- FOXM1 -- PCNA -- PLAC8 -- DIABLO -- APAF1
304,TNFRSF1A -- TNFRSF1B -- NFKB1 -- MAPK8 -- SIRT1 -- RB1 -- TNFAIP3 -- CCND1 -- TRAF1 -- MAPK14 -- RHOA -- RAC1 -- MAP2K7 -- MAP3K1 -- MAP3K14 -- TRADD -- TNFRSF10B -- CASP2 -- MDM2 -- CHUK -- RPS6KA5 -- PPP1R13L -- MAPK9 -- IRF1 -- EIF4G2 -- HTRA2 -- HIP1 -- CDK4 -- OTUD7B -- RNF11 -- PSEN1 -- SOD1 -- RPA4 -- SMPD1 -- TNIK -- PELP1 -- BAX -- BAK1 -- EIF4E -- BID -- FOXM1 -- PCNA -- PLAC8 -- CASP9 -- DIABLO
305,TNFRSF1A -- TNFRSF1B -- NFKB1 -- MAPK8 -- SIRT1 -- RB1 -- TNFAIP3 -- CCND1 -- TRAF1 -- MAPK14 -- RHOA -- RAC1 -- MAP2K7 -- MAP3K1 -- IGF1 -- MAP3K14 -- TRADD -- TNFRSF10B -- CASP2 -- MDM2 -- CHUK -- RPS6KA5 -- PPP1R13L -- MAPK9 -- IRF1 -- EIF4G2 -- HTRA2 -- HIP1 -- CDK4 -- OTUD7B -- RNF11 -- CASP10 -- PSEN1 -- SOD1 -- RPA4 -- SMPD1 -- TNIK -- PELP1 -- BAX -- BAK1 -- BID -- FOXM1 -- PCNA -- PLAC8 -- CASP9 -- DIABLO -- APAF1
306,TNFRSF1A -- TNFRSF1B -- NFKB1 -- MAPK8 -- STAT1 -- BIRC2 -- SIRT1 -- MYC -- TNFAIP3 -- CCND1 -- MAPK14 -- PTMA -- RHOA -- RAC1 -- MAP2K7 -- MAP3K1 -- VEGFA -- RET -- TRADD -- TNFRSF10B -- CHUK -- PPP1R13L -- MAPK9 -- LYN -- IRF1 -- EIF4G2 -- CYCS -- CDK4 -- OTUD7B -- RNF11 -- CASP10 -- PSEN1 -- BAD -- SOD1 -- HNRNPK -- RPA4 -- SMPD1 -- TNIK -- BID -- FOXM1 -- PCNA -- TAF1 -- DIABLO -- RANGAP1
307,TNFRSF1A -- TNFRSF1B -- MAPK8 -- STAT1 -- JUN -- FOS -- BIRC2 -- BIRC3 -- SIRT1 -- TNFAIP3 -- TRAF1 -- MAPK14 -- RHOA -- NR3C1 -- TGFB2 -- RAC1 -- MAP2K7 -- MAP3K1 -- VEGFA -- RET -- TRADD -- ATM -- CASP2 -- CHUK -- RPS6KA5 -- PPP1R13L -- MAPK9 -- IRF1 -- EIF4G2 -- MYB -- HIP1 -- RNF11 -- PSEN1 -- SOD1 -- CASP7 -- SMPD1 -- TNIK -- HTT -- BRCA1 -- CDKN2A -- BID -- MCL1 -- PCNA -- TAF1 -- PLAC8 -- CASP9 -- DIABLO -- APAF1 -- RASSF1
308,TNFRSF1A -- TNFRSF1B -- MAPK8 -- BIRC2 -- SIRT1 -- RB1 -- TNFAIP3 -- CCND1 -- TRAF1 -- MAPK14 -- RHOA -- RAC1 -- MAP2K7 -- MAP3K1 -- IGF1 -- TRADD -- ATM -- MDM2 -- CHUK -- RPS6KA5 -- PPP1R13L -- MAPK9 -- LYN -- IRF1 -- CYCS -- HIP1 -- CDK4 -- OTUD7B -- PSEN1 -- RPA4 -- SMPD1 -- PELP1 -- BAK1 -- BID -- FOXM1 -- MCL1 -- PCNA -- PLAC8 -- DIABLO
309,STAT1 -- MYC -- CCND1 -- MAPK14 -- PTMA -- IL2 -- RAC1 -- MAP2K7 -- MAP3K1 -- IGF1 -- VEGFA -- MAPK1 -- AKT1 -- MDM2 -- CHUK -- PPP1R13L -- MAPK9 -- LYN -- IRF1 -- CYCS -- CDK4 -- OTUD7B -- RNF11 -- PARP1 -- PSEN1 -- SOD1 -- RPA4 -- SMPD1 -- PELP1 -- EIF4E -- FOXM1 -- MCL1 -- PCNA -- TAF1 -- DIABLO -- RANGAP1
310,TNFRSF1A -- TNFRSF1B -- MAPK8 -- JUN -- FOS -- SIRT1 -- RB1 -- TNFAIP3 -- CCND1 -- TRAF1 -- MAPK14 -- RHOA -- NR3C1 -- RAC1 -- MAP2K7 -- MAP3K1 -- MAP3K14 -- RET -- TRADD -- ATM -- CASP2 -- CHUK -- RPS6KA5 -- PPP1R13L -- MAPK9 -- IRF1 -- EIF4G2 -- HTRA2 -- HIP1 -- RNF11 -- PSEN1 -- SOD1 -- RPA4 -- SMPD1 -- TNIK -- HTT -- BRCA1 -- CDKN2A -- BAX -- BAK1 -- BID -- FOXM1 -- PCNA -- PLAC8 -- CASP9 -- DIABLO -- APAF1
311,TNFRSF1A -- TNFRSF1B -- NFKB1 -- MAPK8 -- FOS -- SIRT1 -- RB1 -- TNFAIP3 -- CCND1 -- TRAF1 -- MAPK14 -- RHOA -- RAC1 -- MAP2K7 -- MAP3K1 -- MAP3K14 -- TRADD -- TNFRSF10B -- CASP2 -- MDM2 -- CHUK -- RPS6KA5 -- PPP1R13L -- MAPK9 -- IRF1 -- EIF4G2 -- HTRA2 -- HIP1 -- CDK4 -- OTUD7B -- RNF11 -- CASP10 -- PSEN1 -- SOD1 -- RPA4 -- SMPD1 -- TNIK -- HTT -- PELP1 -- BAX -- BAK1 -- BID -- FOXM1 -- PCNA -- PLAC8 -- CASP9 -- DIABLO -- APAF1
312,TNFRSF1A -- TNFRSF1B -- NFKB1 -- MAPK8 -- BIRC2 -- SIRT1 -- RB1 -- TNFAIP3 -- CCND1 -- TRAF1 -- MAPK14 -- RHOA -- RAC1 -- MAP2K7 -- MAP3K1 -- TRADD -- TNFRSF10B -- MDM2 -- CHUK -- RPS6KA5 -- PPP1R13L -- MAPK9 -- LYN -- IRF1 -- EIF4G2 -- HTRA2 -- CYCS -- HIP1 -- CDK4 -- OTUD7B -- RNF11 -- CASP10 -- PSEN1 -- SOD1 -- RPA4 -- SMPD1 -- TNIK -- PELP1 -- BAX -- BAK1 -- BID -- FOXM1 -- PCNA -- PLAC8 -- DIABLO
313,TNFRSF1A -- TNFRSF1B -- NFKB1 -- MAPK8 -- BIRC2 -- BIRC3 -- SIRT1 -- MYC -- TNFAIP3 -- CCND1 -- MAPK14 -- PTMA -- RHOA -- TGFB2 -- RAC1 -- MAP2K7 -- MAP3K1 -- TRADD -- TNFRSF10B -- MDM2 -- CHUK -- PPP1R13L -- MAPK9 -- LYN -- IRF1 -- CYCS -- CDK4 -- OTUD7B -- RNF11 -- CASP10 -- PSEN1 -- BAD -- SOD1 -- RPA4 -- SMPD1 -- TNIK -- PELP1 -- EIF4E -- BID -- FOXM1 -- MCL1 -- PCNA -- TAF1 -- DIABLO -- RANGAP1
314,TNFRSF1A -- TNFRSF1B -- NFKB1 -- MAPK8 -- BIRC2 -- SIRT1 -- RB1 -- TNFAIP3 -- CCND1 -- TRAF1 -- MAPK14 -- RHOA -- RAC1 -- MAP2K7 -- MAP3K1 -- TRADD -- TNFRSF10B -- ATM -- MDM2 -- CHUK -- RPS6KA5 -- PPP1R13L -- MAPK9 -- LYN -- IRF1 -- EIF4G2 -- HTRA2 -- HIP1 -- CDK4 -- OTUD7B -- RNF11 -- CASP10 -- PSEN1 -- SOD1 -- RPA4 -- SMPD1 -- TNIK -- PELP1 -- BAX -- BAK1 -- EIF4E -- BID -- FOXM1 -- PCNA -- PLAC8 -- DIABLO
315,TNFRSF1A -- TNFRSF1B -- NFKB1 -- MAPK8 -- SIRT1 -- MYC -- TNFAIP3 -- CCND1 -- MAPK14 -- PTMA -- RHOA -- TGFB2 -- RAC1 -- MAP2K7 -- MAP3K1 -- VEGFA -- TRADD -- TNFRSF10B -- MDM2 -- CHUK -- PPP1R13L -- MAPK9 -- LYN -- IRF1 -- HTRA2 -- CDK4 -- RNF11 -- CASP10 -- PSEN1 -- SOD1 -- RPA4 -- CASP7 -- SMPD1 -- TNIK -- BRCA1 -- PELP1 -- BAX -- BAK1 -- EIF4E -- BID -- FOXM1 -- PCNA -- TAF1 -- DIABLO -- RANGAP1
316,TNFRSF1A -- TNFRSF1B -- MAPK8 -- BIRC2 -- SIRT1 -- MYC -- TNFAIP3 -- CCND1 -- MAPK14 -- PTMA -- RHOA -- TGFB2 -- RAC1 -- MAP2K7 -- MAP3K1 -- IGF1 -- TRADD -- ATM -- MDM2 -- CHUK -- PPP1R13L -- MAPK9 -- LYN -- IRF1 -- CYCS -- CDK4 -- OTUD7B -- RNF11 -- PSEN1 -- BAD -- SOD1 -- RPA4 -- SMPD1 -- TNIK -- PELP1 -- BAK1 -- EIF4E -- BID -- FOXM1 -- PCNA -- TAF1 -- DIABLO -- RANGAP1
317,TNFRSF1A -- TNFRSF1B -- MAPK8 -- BIRC2 -- SIRT1 -- MYC -- TNFAIP3 -- CCND1 -- MAPK14 -- PTMA -- RHOA -- RAC1 -- MAP2K7 -- MAP3K1 -- IGF1 -- VEGFA -- RET -- TRADD -- MDM2 -- CHUK -- PPP1R13L -- MAPK9 -- LYN -- IRF1 -- HTRA2 -- CDK4 -- OTUD7B -- RNF11 -- PSEN1 -- SOD1 -- RPA4 -- SMPD1 -- TNIK -- PELP1 -- EIF4E -- BID -- MCL1 -- PCNA -- TAF1 -- DIABLO -- RANGAP1
318,TNFRSF1A -- TNFRSF1B -- NFKB1 -- MAPK8 -- JUN -- FOS -- SIRT1 -- RB1 -- TNFAIP3 -- CCND1 -- TRAF1 -- MAPK14 -- RHOA -- RAC1 -- MAP2K7 -- MAP3K1 -- IGF1 -- MAP3K14 -- TRADD -- TNFRSF10B -- ATM -- CASP2 -- CHUK -- RPS6KA5 -- PPP1R13L -- MAPK9 -- IRF1 -- EIF4G2 -- HTRA2 -- MYB -- HIP1 -- OTUD7B -- RNF11 -- CASP10 -- PSEN1 -- SOD1 -- RPA4 -- SMPD1 -- TNIK -- HTT -- CDKN2A -- PELP1 -- BAX -- BAK1 -- BID -- FOXM1 -- PCNA -- PLAC8 -- CASP9 -- DIABLO -- APAF1
319,TNFRSF1A -- TNFRSF1B -- NFKB1 -- MAPK8 -- BIRC2 -- SIRT1 -- MYC -- TNFAIP3 -- CCND1 -- MAPK14 -- PTMA -- RHOA -- TGFB2 -- RAC1 -- MAP2K7 -- MAP3K1 -- RET -- TRADD -- TNFRSF10B -- MDM2 -- CHUK -- PPP1R13L -- MAPK9 -- LYN -- IRF1 -- HTRA2 -- CDK4 -- RNF11 -- PSEN1 -- SOD1 -- HNRNPK -- RPA4 -- SMPD1 -- TNIK -- PELP1 -- BAX -- BAK1 -- EIF4E -- BID -- FOXM1 -- PCNA -- TAF1 -- DIABLO -- RANGAP1
320,TNFRSF1A -- TNFRSF1B -- MAPK8 -- BIRC2 -- SIRT1 -- RB1 -- TNFAIP3 -- CCND1 -- MAPK14 -- RHOA -- RAC1 -- MAP2K7 -- MAP3K1 -- IGF1 -- TRADD -- ATM -- MDM2 -- CHUK -- RPS6KA5 -- PPP1R13L -- MAPK9 -- LYN -- IRF1 -- EIF4G2 -- CYCS -- HIP1 -- CDK4 -- OTUD7B -- RNF11 -- CASP10 -- PSEN1 -- SOD1 -- RPA4 -- SMPD1 -- TNIK -- PELP1 -- BAX -- EIF4E -- BID -- FOXM1 -- PCNA -- TAF1 -- PLAC8 -- DIABLO
321,TNFRSF1A -- TNFRSF1B -- MAPK8 -- STAT1 -- JUN -- FOS -- BIRC2 -- BIRC3 -- SIRT1 -- TNFAIP3 -- TRAF1 -- MAPK14 -- RHOA -- NR3C1 -- RAC1 -- MAP2K7 -- MAP3K1 -- VEGFA -- RET -- TRADD -- ATM -- CASP2 -- CHUK -- RPS6KA5 -- PPP1R13L -- MAPK9 -- IRF1 -- EIF4G2 -- MYB -- CYCS -- HIP1 -- RNF11 -- CASP10 -- PSEN1 -- SOD1 -- HNRNPK -- SMPD1 -- TNIK -- HTT -- BRCA1 -- CDKN2A -- BID -- MCL1 -- PCNA -- TAF1 -- PLAC8 -- CASP9 -- DIABLO -- RASSF1
322,TNFRSF1A -- TNFRSF1B -- NFKB1 -- MAPK8 -- SIRT1 -- RB1 -- TNFAIP3 -- CCND1 -- TRAF1 -- MAPK14 -- RHOA -- RAC1 -- MAP2K7 -- MAP3K1 -- MAP3K14 -- TRADD -- ATM -- CASP2 -- MDM2 -- CHUK -- RPS6KA5 -- PPP1R13L -- MAPK9 -- IRF1 -- EIF4G2 -- HTRA2 -- HIP1 -- CDK4 -- OTUD7B -- RNF11 -- PSEN1 -- SOD1 -- RPA4 -- SMPD1 -- TNIK -- HTT -- PELP1 -- BAX -- BAK1 -- BID -- FOXM1 -- PCNA -- PLAC8 -- CASP9 -- DIABLO -- APAF1
323,TNFRSF1A -- TNFRSF1B -- MAPK8 -- STAT1 -- BIRC2 -- SIRT1 -- TNFAIP3 -- TRAF1 -- MAPK14 -- RHOA -- NR3C1 -- RAC1 -- MAP2K7 -- MAP3K1 -- VEGFA -- RET -- TRADD -- ATM -- CHUK -- RPS6KA5 -- PPP1R13L -- MAPK9 -- LYN -- IRF1 -- CYCS -- HIP1 -- CDK4 -- RNF11 -- PSEN1 -- SOD1 -- HNRNPK -- SMPD1 -- TNIK -- BRCA1 -- EIF4E -- BID -- MCL1 -- PCNA -- TAF1 -- PLAC8 -- DIABLO -- RASSF1
324,TNFRSF1A -- TNFRSF1B -- NFKB1 -- MAPK8 -- STAT1 -- BIRC2 -- BIRC3 -- SIRT1 -- TNFAIP3 -- CCND1 -- TRAF1 -- MAPK14 -- RHOA -- RAC1 -- MAP2K7 -- MAP3K1 -- VEGFA -- TRADD -- TNFRSF10B -- CHUK -- RPS6KA5 -- PPP1R13L -- MAPK9 -- LYN -- IRF1 -- HTRA2 -- CYCS -- HIP1 -- CDK4 -- OTUD7B -- RNF11 -- PSEN1 -- SOD1 -- HNRNPK -- RPA4 -- SMPD1 -- TNIK -- PELP1 -- BAX -- BAK1 -- EIF4E -- BID -- FOXM1 -- MCL1 -- PCNA -- TAF1 -- PLAC8 -- DIABLO
325,TNFRSF1A -- TNFRSF1B -- MAPK8 -- STAT1 -- JUN -- FOS -- SIRT1 -- TNFAIP3 -- TRAF1 -- MAPK14 -- RHOA -- RAC1 -- MAP2K7 -- MAP3K1 -- VEGFA -- MAP3K14 -- RET -- TRADD -- TNFRSF10B -- ATM -- CASP2 -- CHUK -- RPS6KA5 -- PPP1R13L -- MAPK9 -- IRF1 -- EIF4G2 -- HTRA2 -- MYB -- HIP1 -- OTUD7B -- RNF11 -- CASP10 -- PSEN1 -- SOD1 -- HNRNPK -- RPA4 -- SMPD1 -- TNIK -- HTT -- CDKN2A -- PELP1 -- BAX -- BAK1 -- BID -- FOXM1 -- PCNA -- TAF1 -- PLAC8 -- CASP9 -- DIABLO -- APAF1
326,TNFRSF1A -- TNFRSF1B -- NFKB1 -- MAPK8 -- BIRC2 -- BIRC3 -- SIRT1 -- RB1 -- TNFAIP3 -- CCND1 -- TRAF1 -- MAPK14 -- RHOA -- RAC1 -- MAP2K7 -- MAP3K1 -- IGF1 -- TRADD -- TNFRSF10B -- ATM -- MDM2 -- CHUK -- RPS6KA5 -- PPP1R13L -- MAPK9 -- LYN -- IRF1 -- EIF4G2 -- CYCS -- HIP1 -- CDK4 -- OTUD7B -- RNF11 -- CASP10 -- PSEN1 -- SOD1 -- RPA4 -- SMPD1 -- TNIK -- PELP1 -- BID -- FOXM1 -- MCL1 -- PCNA -- PLAC8 -- DIABLO
327,TNFRSF1A -- TNFRSF1B -- NFKB1 -- MAPK8 -- FOS -- SIRT1 -- RB1 -- TNFAIP3 -- CCND1 -- TRAF1 -- MAPK14 -- RHOA -- RAC1 -- MAP2K7 -- MAP3K1 -- IGF1 -- MAP3K14 -- TRADD -- TNFRSF10B -- CASP2 -- MDM2 -- CHUK -- RPS6KA5 -- PPP1R13L -- MAPK9 -- IRF1 -- EIF4G2 -- HTRA2 -- HIP1 -- CDK4 -- OTUD7B -- RNF11 -- CASP10 -- PSEN1 -- SOD1 -- RPA4 -- SMPD1 -- TNIK -- HTT -- PELP1 -- BAX -- BAK1 -- BID -- FOXM1 -- PCNA -- PLAC8 -- CASP9 -- DIABLO -- APAF1
328,TNFRSF1A -- TNFRSF1B -- MAPK8 -- STAT1 -- BIRC2 -- BIRC3 -- SIRT1 -- MYC -- TNFAIP3 -- MAPK14 -- PTMA -- RHOA -- TGFB2 -- RAC1 -- MAP2K7 -- MAP3K1 -- VEGFA -- RET -- TRADD -- ATM -- CHUK -- RPS6KA5 -- PPP1R13L -- MAPK9 -- LYN -- IRF1 -- MYB -- CYCS -- HIP1 -- CDK4 -- RNF11 -- PSEN1 -- SOD1 -- HNRNPK -- RPA4 -- SMPD1 -- TNIK -- PELP1 -- EIF4E -- BID -- FOXM1 -- MCL1 -- PCNA -- TAF1 -- DIABLO -- RASSF1 -- RANGAP1
329,TNFRSF1A -- TNFRSF1B -- NFKB1 -- MAPK8 -- BIRC2 -- BIRC3 -- SIRT1 -- RB1 -- TNFAIP3 -- CCND1 -- TRAF1 -- MAPK14 -- PTMA -- RHOA -- RAC1 -- MAP2K7 -- MAP3K1 -- TRADD -- TNFRSF10B -- ATM -- MDM2 -- CHUK -- PPP1R13L -- MAPK9 -- LYN -- IRF1 -- CYCS -- HIP1 -- CDK4 -- OTUD7B -- RNF11 -- CASP10 -- PSEN1 -- BAD -- SOD1 -- RPA4 -- SMPD1 -- TNIK -- PELP1 -- BAK1 -- EIF4E -- BID -- FOXM1 -- PCNA -- PLAC8 -- DIABLO
330,TNFRSF1A -- TNFRSF1B -- MAPK8 -- STAT1 -- JUN -- FOS -- BIRC2 -- BIRC3 -- SIRT1 -- TNFAIP3 -- TRAF1 -- MAPK14 -- RHOA -- NR3C1 -- TGFB2 -- RAC1 -- MAP2K7 -- MAP3K1 -- VEGFA -- RET -- TRADD -- ATM -- CHUK -- RPS6KA5 -- PPP1R13L -- MAPK9 -- IRF1 -- MYB -- CYCS -- HIP1 -- RNF11 -- PSEN1 -- SOD1 -- HNRNPK -- SMPD1 -- TNIK -- BRCA1 -- CDKN2A -- EIF4E -- BID -- MCL1 -- PCNA -- TAF1 -- PLAC8 -- DIABLO -- RASSF1
331,TNFRSF1A -- TNFRSF1B -- NFKB1 -- MAPK8 -- BIRC2 -- SIRT1 -- RB1 -- TNFAIP3 -- CCND1 -- TRAF1 -- MAPK14 -- RHOA -- RAC1 -- MAP2K7 -- MAP3K1 -- TRADD -- TNFRSF10B -- ATM -- MDM2 -- CHUK -- RPS6KA5 -- PPP1R13L -- MAPK9 -- LYN -- IRF1 -- EIF4G2 -- HTRA2 -- HIP1 -- CDK4 -- OTUD7B -- CASP10 -- PSEN1 -- SOD1 -- RPA4 -- SMPD1 -- TNIK -- PELP1 -- BAX -- BAK1 -- BID -- FOXM1 -- PCNA -- PLAC8 -- DIABLO
332,TNFRSF1A -- TNFRSF1B -- NFKB1 -- MAPK8 -- BIRC2 -- BIRC3 -- SIRT1 -- RB1 -- TNFAIP3 -- CCND1 -- TRAF1 -- MAPK14 -- RHOA -- RAC1 -- MAP2K7 -- MAP3K1 -- IGF1 -- TRADD -- TNFRSF10B -- MDM2 -- CHUK -- PPP1R13L -- MAPK9 -- LYN -- IRF1 -- CYCS -- HIP1 -- CDK4 -- OTUD7B -- RNF11 -- CASP10 -- PSEN1 -- SOD1 -- RPA4 -- SMPD1 -- TNIK -- PELP1 -- BAX -- BAK1 -- EIF4E -- BID -- FOXM1 -- PCNA -- PLAC8 -- DIABLO -- RANGAP1
333,TNFRSF1A -- TNFRSF1B -- NFKB1 -- MAPK8 -- BIRC2 -- BIRC3 -- SIRT1 -- RB1 -- TNFAIP3 -- CCND1 -- TRAF1 -- MAPK14 -- RHOA -- RAC1 -- MAP2K7 -- MAP3K1 -- TRADD -- ATM -- MDM2 -- CHUK -- RPS6KA5 -- PPP1R13L -- MAPK9 -- LYN -- IRF1 -- MYB -- CYCS -- HIP1 -- CDK4 -- OTUD7B -- RNF11 -- PSEN1 -- SOD1 -- RPA4 -- SMPD1 -- TNIK -- BBC3 -- PELP1 -- BAX -- BAK1 -- BID -- FOXM1 -- PCNA -- PLAC8 -- DIABLO
334,TNFRSF1A -- TNFRSF1B -- NFKB1 -- MAPK8 -- BIRC2 -- BIRC3 -- SIRT1 -- RB1 -- TNFAIP3 -- CCND1 -- TRAF1 -- MAPK14 -- RHOA -- RAC1 -- MAP2K7 -- MAP3K1 -- TRADD -- TNFRSF10B -- ATM -- MDM2 -- CHUK -- RPS6KA5 -- PPP1R13L -- MAPK9 -- LYN -- IRF1 -- EIF4G2 -- CYCS -- CDK4 -- OTUD7B -- RNF11 -- CASP10 -- PSEN1 -- SOD1 -- RPA4 -- SMPD1 -- TNIK -- PELP1 -- BAX -- BAK1 -- BID -- FOXM1 -- PCNA -- DIABLO -- RANGAP1
335,TNFRSF1A -- TNFRSF1B -- NFKB1 -- MAPK8 -- JUN -- SIRT1 -- RB1 -- TNFAIP3 -- CCND1 -- TRAF1 -- MAPK14 -- RHOA -- RAC1 -- MAP2K7 -- MAP3K1 -- MAP3K14 -- TRADD -- TNFRSF10B -- CASP2 -- MDM2 -- CHUK -- RPS6KA5 -- PPP1R13L -- MAPK9 -- IRF1 -- EIF4G2 -- HTRA2 -- HIP1 -- CDK4 -- OTUD7B -- RNF11 -- PSEN1 -- SOD1 -- RPA4 -- SMPD1 -- TNIK -- PELP1 -- BAK1 -- BID -- FOXM1 -- PCNA -- PLAC8 -- CASP9 -- DIABLO -- APAF1
336,TNFRSF1A -- TNFRSF1B -- MAPK8 -- STAT1 -- BIRC2 -- SIRT1 -- MYC -- TNFAIP3 -- CCND1 -- MAPK14 -- PTMA -- RHOA -- TGFB2 -- RAC1 -- MAP2K7 -- MAP3K1 -- TRADD -- ATM -- MDM2 -- CHUK -- PPP1R13L -- MAPK9 -- LYN -- IRF1 -- EIF4G2 -- CYCS -- CDK4 -- OTUD7B -- RNF11 -- CASP10 -- PSEN1 -- BAD -- RPA4 -- SMPD1 -- TNIK -- PELP1 -- BID -- FOXM1 -- MCL1 -- PCNA -- TAF1 -- CCNG1 -- DIABLO -- RANGAP1
337,TNFRSF1A -- TNFRSF1B -- MAPK8 -- STAT1 -- JUN -- FOS -- BIRC2 -- BIRC3 -- SIRT1 -- TNFAIP3 -- TRAF1 -- MAPK14 -- RHOA -- NR3C1 -- TGFB2 -- RAC1 -- MAP2K7 -- MAP3K1 -- VEGFA -- RET -- TRADD -- ATM -- CHUK -- RPS6KA5 -- PPP1R13L -- MAPK9 -- LYN -- IRF1 -- EIF4G2 -- MYB -- CYCS -- HIP1 -- RNF11 -- PSEN1 -- SOD1 -- HNRNPK -- SMPD1 -- TNIK -- BRCA1 -- CDKN2A -- BID -- MCL1 -- PCNA -- PLAC8 -- DIABLO -- RASSF1
338,TNFRSF1A -- TNFRSF1B -- MAPK8 -- STAT1 -- JUN -- FOS -- SIRT1 -- TNFAIP3 -- TRAF1 -- MAPK14 -- RHOA -- TGFB2 -- RAC1 -- MAP2K7 -- MAP3K1 -- VEGFA -- MAP3K14 -- RET -- TRADD -- ATM -- CASP2 -- CHUK -- RPS6KA5 -- PPP1R13L -- MAPK9 -- IRF1 -- EIF4G2 -- HTRA2 -- MYB -- HIP1 -- OTUD7B -- RNF11 -- PSEN1 -- SOD1 -- HNRNPK -- CASP7 -- SMPD1 -- TNIK -- HTT -- CDKN2A -- BAX -- BAK1 -- BID -- PCNA -- TAF1 -- PLAC8 -- CASP9 -- DIABLO -- APAF1 -- RASSF1
339,TNFRSF1A -- TNFRSF1B -- NFKB1 -- MAPK8 -- BIRC2 -- SIRT1 -- MYC -- TNFAIP3 -- CCND1 -- MAPK14 -- PTMA -- RHOA -- RAC1 -- MAP2K7 -- MAP3K1 -- IGF1 -- VEGFA -- RET -- TRADD -- MDM2 -- CHUK -- PPP1R13L -- MAPK9 -- LYN -- IRF1 -- CYCS -- CDK4 -- OTUD7B -- RNF11 -- PSEN1 -- BAD -- SOD1 -- HNRNPK -- RPA4 -- SMPD1 -- TNIK -- PELP1 -- EIF4E -- BID -- MCL1 -- PCNA -- TAF1 -- DIABLO -- RANGAP1
340,TNFRSF1A -- TNFRSF1B -- NFKB1 -- MAPK8 -- STAT1 -- JUN -- SIRT1 -- RB1 -- TNFAIP3 -- TRAF1 -- MAPK14 -- RHOA -- RAC1 -- MAP2K7 -- MAP3K1 -- VEGFA -- MAP3K14 -- TRADD -- TNFRSF10B -- ATM -- CASP2 -- CHUK -- RPS6KA5 -- PPP1R13L -- MAPK9 -- IRF1 -- EIF4G2 -- HTRA2 -- MYB -- HIP1 -- OTUD7B -- RNF11 -- CASP10 -- PSEN1 -- SOD1 -- HNRNPK -- RPA4 -- SMPD1 -- TNIK -- HTT -- CDKN2A -- PELP1 -- BAX -- BAK1 -- BID -- FOXM1 -- PCNA -- PLAC8 -- CASP9 -- DIABLO -- APAF1
341,TNFRSF1A -- TNFRSF1B -- MAPK8 -- STAT1 -- JUN -- BIRC2 -- BIRC3 -- SIRT1 -- TNFAIP3 -- TRAF1 -- MAPK14 -- RHOA -- NR3C1 -- TGFB2 -- RAC1 -- MAP2K7 -- MAP3K1 -- VEGFA -- RET -- TRADD -- ATM -- CHUK -- RPS6KA5 -- PPP1R13L -- MAPK9 -- LYN -- IRF1 -- MYB -- CYCS -- HIP1 -- RNF11 -- PSEN1 -- SOD1 -- HNRNPK -- SMPD1 -- TNIK -- BRCA1 -- CDKN2A -- EIF4E -- BID -- MCL1 -- PCNA -- TAF1 -- PLAC8 -- DIABLO -- RASSF1
342,TNFRSF1A -- TNFRSF1B -- MAPK8 -- JUN -- FOS -- SIRT1 -- RB1 -- TNFAIP3 -- TRAF1 -- MAPK14 -- RHOA -- NR3C1 -- RAC1 -- MAP2K7 -- MAP3K1 -- IGF1 -- VEGFA -- MAP3K14 -- RET -- TRADD -- CASP2 -- CHUK -- RPS6KA5 -- PPP1R13L -- MAPK9 -- IRF1 -- EIF4G2 -- MYB -- HIP1 -- RNF11 -- PSEN1 -- SOD1 -- HNRNPK -- RPA4 -- SMPD1 -- TNIK -- HTT -- BRCA1 -- CDKN2A -- BID -- FOXM1 -- MCL1 -- PCNA -- PLAC8 -- CASP9 -- DIABLO -- APAF1
343,TNFRSF1A -- TNFRSF1B -- NFKB1 -- MAPK8 -- BIRC2 -- BIRC3 -- SIRT1 -- RB1 -- TNFAIP3 -- CCND1 -- TRAF1 -- MAPK14 -- PTMA -- RHOA -- RAC1 -- MAP2K7 -- MAP3K1 -- TRADD -- ATM -- MDM2 -- CHUK -- PPP1R13L -- MAPK9 -- LYN -- IRF1 -- CYCS -- CDK4 -- OTUD7B -- RNF11 -- PSEN1 -- BAD -- SOD1 -- RPA4 -- SMPD1 -- TNIK -- PELP1 -- BAX -- BAK1 -- EIF4E -- BID -- FOXM1 -- PCNA -- PLAC8 -- DIABLO -- RANGAP1
344,TNFRSF1A -- TNFRSF1B -- NFKB1 -- MAPK8 -- SIRT1 -- RB1 -- TNFAIP3 -- CCND1 -- TRAF1 -- MAPK14 -- RHOA -- RAC1 -- MAP2K7 -- MAP3K1 -- IGF1 -- MAP3K14 -- TRADD -- TNFRSF10B -- CASP2 -- MDM2 -- CHUK -- RPS6KA5 -- PPP1R13L -- MAPK9 -- LYN -- IRF1 -- EIF4G2 -- HTRA2 -- HIP1 -- CDK4 -- OTUD7B -- RNF11 -- CASP10 -- PSEN1 -- SOD1 -- RPA4 -- SMPD1 -- TNIK -- HTT -- PELP1 -- BAX -- BAK1 -- BID -- FOXM1 -- PCNA -- PLAC8 -- DIABLO -- APAF1
345,TNFRSF1A -- TNFRSF1B -- NFKB1 -- MAPK8 -- JUN -- FOS -- SIRT1 -- RB1 -- TNFAIP3 -- CCND1 -- TRAF1 -- MAPK14 -- RHOA -- RAC1 -- MAP2K7 -- MAP3K1 -- MAP3K14 -- TRADD -- TNFRSF10B -- ATM -- CASP2 -- MDM2 -- CHUK -- RPS6KA5 -- PPP1R13L -- MAPK9 -- IRF1 -- EIF4G2 -- HTRA2 -- MYB -- HIP1 -- CDK4 -- OTUD7B -- RNF11 -- CASP10 -- PSEN1 -- SOD1 -- RPA4 -- SMPD1 -- TNIK -- HTT -- PELP1 -- BAX -- BAK1 -- BID -- FOXM1 -- PCNA -- PLAC8 -- CASP9 -- DIABLO -- APAF1
346,TNFRSF1A -- TNFRSF1B -- NFKB1 -- MAPK8 -- BIRC2 -- BIRC3 -- SIRT1 -- RB1 -- TNFAIP3 -- CCND1 -- TRAF1 -- MAPK14 -- RHOA -- RAC1 -- MAP2K7 -- MAP3K1 -- IGF1 -- TRADD -- TNFRSF10B -- MDM2 -- CHUK -- RPS6KA5 -- PPP1R13L -- MAPK9 -- LYN -- IRF1 -- EIF4G2 -- CYCS -- HIP1 -- CDK4 -- OTUD7B -- RNF11 -- CASP10 -- PSEN1 -- SOD1 -- RPA4 -- SMPD1 -- TNIK -- PELP1 -- BID -- FOXM1 -- MCL1 -- PCNA -- PLAC8 -- DIABLO
347,TNFRSF1A -- TNFRSF1B -- MAPK8 -- STAT1 -- BIRC2 -- BIRC3 -- SIRT1 -- TNFAIP3 -- TRAF1 -- MAPK14 -- RHOA -- RAC1 -- MAP2K7 -- MAP3K1 -- IGF1 -- VEGFA -- TRADD -- E2F1 -- CHUK -- RPS6KA5 -- PPP1R13L -- MAPK9 -- LYN -- IRF1 -- MYB -- CYCS -- HIP1 -- CDK4 -- OTUD7B -- RNF11 -- PSEN1 -- SOD1 -- RPA4 -- SMPD1 -- TNIK -- BBC3 -- PELP1 -- BAK1 -- BID -- FOXM1 -- RBL1 -- PCNA -- TAF1 -- PLAC8 -- DIABLO
348,TNFRSF1A -- TNFRSF1B -- NFKB1 -- MAPK8 -- BIRC2 -- BIRC3 -- SIRT1 -- MYC -- RB1 -- TNFAIP3 -- CCND1 -- MAPK14 -- PTMA -- RHOA -- RAC1 -- MAP2K7 -- MAP3K1 -- TRADD -- TNFRSF10B -- MDM2 -- CHUK -- RPS6KA5 -- PPP1R13L -- MAPK9 -- LYN -- IRF1 -- EIF4G2 -- CYCS -- HIP1 -- CDK4 -- OTUD7B -- RNF11 -- CASP10 -- PSEN1 -- SOD1 -- RPA4 -- SMPD1 -- TNIK -- PELP1 -- EIF4E -- BID -- FOXM1 -- PCNA -- TAF1 -- DIABLO -- RANGAP1
349,TNFRSF1A -- TNFRSF1B -- MAPK8 -- BIRC2 -- SIRT1 -- RB1 -- TNFAIP3 -- CCND1 -- TRAF1 -- MAPK14 -- RHOA -- RAC1 -- MAP2K7 -- MAP3K1 -- IGF1 -- RET -- TRADD -- ATM -- MDM2 -- CHUK -- RPS6KA5 -- PPP1R13L -- MAPK9 -- LYN -- IRF1 -- CYCS -- HIP1 -- CDK4 -- OTUD7B -- RNF11 -- PSEN1 -- SOD1 -- HNRNPK -- RPA4 -- SMPD1 -- TNIK -- PELP1 -- EIF4E -- BID -- FOXM1 -- MCL1 -- PCNA -- PLAC8 -- DIABLO
350,TNFRSF1A -- TNFRSF1B -- MAPK8 -- STAT1 -- JUN -- FOS -- BIRC2 -- BIRC3 -- SIRT1 -- TNFAIP3 -- TRAF1 -- MAPK14 -- RHOA -- NR3C1 -- TGFB2 -- RAC1 -- MAP2K7 -- MAP3K1 -- VEGFA -- RET -- TRADD -- ATM -- CHUK -- RPS6KA5 -- PPP1R13L -- MAPK9 -- IRF1 -- MYB -- CYCS -- HIP1 -- RNF11 -- PSEN1 -- SOD1 -- HNRNPK -- SMPD1 -- TNIK -- BRCA1 -- CDKN2A -- EIF4E -- BID -- MCL1 -- PCNA -- TAF1 -- PLAC8 -- DIABLO -- RASSF1
351,TNFRSF1A -- TNFRSF1B -- MAPK8 -- BIRC2 -- SIRT1 -- RB1 -- TNFAIP3 -- CCND1 -- MAPK14 -- RHOA -- TGFB2 -- RAC1 -- MAP2K7 -- MAP3K1 -- IGF1 -- TRADD -- MDM2 -- CHUK -- RPS6KA5 -- PPP1R13L -- MAPK9 -- LYN -- IRF1 -- CYCS -- HIP1 -- CDK4 -- OTUD7B -- RNF11 -- PSEN1 -- BAD -- SOD1 -- RPA4 -- SMPD1 -- TNIK -- PELP1 -- EIF4E -- BID -- FOXM1 -- PCNA -- TAF1 -- DIABLO -- RANGAP1
352,TNFRSF1A -- TNFRSF1B -- MAPK8 -- STAT1 -- BIRC2 -- BIRC3 -- SIRT1 -- MYC -- TNFAIP3 -- TRAF1 -- MAPK14 -- RHOA -- NR3C1 -- RAC1 -- MAP2K7 -- MAP3K1 -- VEGFA -- RET -- TRADD -- CASP2 -- CHUK -- RPS6KA5 -- PPP1R13L -- MAPK9 -- LYN -- IRF1 -- EIF4G2 -- HTRA2 -- MYB -- CYCS -- CDK4 -- RNF11 -- PSEN1 -- SOD1 -- HNRNPK -- SMPD1 -- TNIK -- HTT -- BAK1 -- BID -- FOXM1 -- TFDP1 -- PCNA -- TAF1 -- PLAC8 -- DIABLO -- RASSF1
353,TNFRSF1A -- TNFRSF1B -- MAPK8 -- STAT1 -- FOS -- BIRC2 -- BIRC3 -- SIRT1 -- TNFAIP3 -- TRAF1 -- MAPK14 -- RHOA -- NR3C1 -- TGFB2 -- RAC1 -- MAP2K7 -- MAP3K1 -- IGF1 -- VEGFA -- TRADD -- TNFRSF10B -- ATM -- CASP2 -- MDM2 -- CHUK -- RPS6KA5 -- PPP1R13L -- MAPK9 -- LYN -- IRF1 -- EIF4G2 -- MYB -- CYCS -- HIP1 -- RNF11 -- CASP10 -- PSEN1 -- SOD1 -- SMPD1 -- TNIK -- HTT -- BRCA1 -- BID -- MCL1 -- PCNA -- PLAC8 -- DIABLO
354,TNFRSF1A -- TNFRSF1B -- MAPK8 -- STAT1 -- JUN -- FOS -- SIRT1 -- TNFAIP3 -- TRAF1 -- MAPK14 -- RHOA -- NR3C1 -- TGFB2 -- RAC1 -- MAP2K7 -- MAP3K1 -- VEGFA -- MAP3K14 -- RET -- TRADD -- ATM -- CASP2 -- CHUK -- RPS6KA5 -- PPP1R13L -- MAPK9 -- IRF1 -- EIF4G2 -- HTRA2 -- MYB -- HIP1 -- RNF11 -- PSEN1 -- SOD1 -- HNRNPK -- CASP7 -- SMPD1 -- TNIK -- HTT -- BRCA1 -- CDKN2A -- BID -- MCL1 -- PCNA -- TAF1 -- PLAC8 -- CASP9 -- DIABLO -- APAF1 -- RASSF1
355,TNFRSF1A -- TNFRSF1B -- MAPK8 -- STAT1 -- JUN -- FOS -- SIRT1 -- TNFAIP3 -- TRAF1 -- MAPK14 -- RHOA -- NR3C1 -- TGFB2 -- RAC1 -- MAP2K7 -- MAP3K1 -- VEGFA -- MAP3K14 -- RET -- TRADD -- ATM -- CASP2 -- CHUK -- RPS6KA5 -- PPP1R13L -- MAPK9 -- IRF1 -- EIF4G2 -- HTRA2 -- MYB -- HIP1 -- RNF11 -- CASP10 -- PSEN1 -- SOD1 -- HNRNPK -- SMPD1 -- TNIK -- HTT -- BRCA1 -- CDKN2A -- BAK1 -- BID -- FOXM1 -- PCNA -- PLAC8 -- CASP9 -- DIABLO -- APAF1
356,TNFRSF1A -- TNFRSF1B -- NFKB1 -- MAPK8 -- SIRT1 -- RB1 -- TNFAIP3 -- CCND1 -- TRAF1 -- MAPK14 -- RHOA -- RAC1 -- MAP2K7 -- MAP3K1 -- IGF1 -- MAP3K14 -- TRADD -- TNFRSF10B -- ATM -- CASP2 -- MDM2 -- CHUK -- RPS6KA5 -- PPP1R13L -- MAPK9 -- LYN -- IRF1 -- EIF4G2 -- HTRA2 -- HIP1 -- CDK4 -- OTUD7B -- RNF11 -- CASP10 -- PSEN1 -- SOD1 -- RPA4 -- SMPD1 -- TNIK -- HTT -- PELP1 -- BAX -- BID -- FOXM1 -- PCNA -- PLAC8 -- DIABLO -- APAF1
357,TNFRSF1A -- TNFRSF1B -- NFKB1 -- MAPK8 -- SIRT1 -- RB1 -- TNFAIP3 -- CCND1 -- MAPK14 -- PTMA -- RHOA -- RAC1 -- MAP2K7 -- MAP3K1 -- MAP3K14 -- RET -- TRADD -- TNFRSF10B -- ATM -- CASP2 -- MDM2 -- CHUK -- PPP1R13L -- MAPK9 -- IRF1 -- EIF4G2 -- HTRA2 -- CDK4 -- OTUD7B -- RNF11 -- PSEN1 -- SOD1 -- RPA4 -- CASP7 -- SMPD1 -- TNIK -- PELP1 -- BAX -- BID -- FOXM1 -- PCNA -- TAF1 -- DIABLO -- APAF1 -- RANGAP1
358,TNFRSF1A -- TNFRSF1B -- TP53 -- MAPK8 -- FOS -- BIRC2 -- MYC -- RB1 -- TNFAIP3 -- CCND1 -- MAPK14 -- PTMA -- IL2 -- MAP2K7 -- MAP3K1 -- TRADD -- TNFRSF10B -- AKT1 -- ATM -- E2F1 -- MDM2 -- CHUK -- PPP1R13L -- MAPK9 -- IRF1 -- EIF4G2 -- CYCS -- CDK4 -- OTUD7B -- CASP10 -- PSEN1 -- SOD1 -- RPA4 -- SMPD1 -- TNIK -- HTT -- BBC3 -- PELP1 -- BAK1 -- BID -- FOXM1 -- PCNA -- TAF1 -- CASP9 -- CCNG1 -- DIABLO -- APAF1 -- RANGAP1
359,TNFRSF1A -- TNFRSF1B -- MAPK8 -- STAT1 -- JUN -- FOS -- SIRT1 -- FASLG -- TNFAIP3 -- TRAF1 -- MAPK14 -- RHOA -- NR3C1 -- TGFB2 -- RAC1 -- MAP2K7 -- MAP3K1 -- VEGFA -- MAP3K14 -- RET -- TRADD -- TNFRSF10B -- ATM -- CASP2 -- CHUK -- RPS6KA5 -- PPP1R13L -- MAPK9 -- IRF1 -- EIF4G2 -- HTRA2 -- MYB -- HIP1 -- RNF11 -- CASP10 -- PSEN1 -- SOD1 -- HNRNPK -- CASP7 -- SMPD1 -- TNIK -- HTT -- BRCA1 -- CDKN2A -- BAX -- BID -- MCL1 -- PCNA -- TAF1 -- PLAC8 -- CASP9 -- DIABLO -- APAF1 -- RASSF1
360,TNFRSF1A -- TNFRSF1B -- NFKB1 -- MAPK8 -- FOS -- SIRT1 -- RB1 -- TNFAIP3 -- CCND1 -- TRAF1 -- MAPK14 -- RHOA -- RAC1 -- MAP2K7 -- MAP3K1 -- MAP3K14 -- TRADD -- TNFRSF10B -- CASP2 -- MDM2 -- CHUK -- RPS6KA5 -- PPP1R13L -- MAPK9 -- IRF1 -- EIF4G2 -- HTRA2 -- HIP1 -- CDK4 -- OTUD7B -- RNF11 -- CASP10 -- PSEN1 -- SOD1 -- RPA4 -- SMPD1 -- TNIK -- HTT -- PELP1 -- BAX -- BAK1 -- BID -- FOXM1 -- PCNA -- PLAC8 -- CASP9 -- DIABLO -- APAF1
361,TNFRSF1A -- TNFRSF1B -- NFKB1 -- MAPK8 -- SIRT1 -- RB1 -- TNFAIP3 -- CCND1 -- TRAF1 -- MAPK14 -- RHOA -- RAC1 -- MAP2K7 -- MAP3K1 -- MAP3K14 -- TRADD -- TNFRSF10B -- CASP2 -- MDM2 -- CHUK -- RPS6KA5 -- PPP1R13L -- MAPK9 -- IRF1 -- EIF4G2 -- HTRA2 -- HIP1 -- CDK4 -- OTUD7B -- RNF11 -- CASP10 -- PSEN1 -- SOD1 -- RPA4 -- SMPD1 -- TNIK -- HTT -- PELP1 -- BAX -- BAK1 -- BID -- FOXM1 -- PCNA -- PLAC8 -- CASP9 -- DIABLO -- APAF1
362,TNFRSF1A -- TNFRSF1B -- MAPK8 -- STAT1 -- JUN -- FOS -- SIRT1 -- TNFAIP3 -- TRAF1 -- MAPK14 -- RHOA -- RAC1 -- MAP2K7 -- MAP3K1 -- VEGFA -- MAP3K14 -- RET -- TRADD -- TNFRSF10B -- ATM -- CASP2 -- CHUK -- RPS6KA5 -- PPP1R13L -- MAPK9 -- IRF1 -- EIF4G2 -- HTRA2 -- MYB -- HIP1 -- CDK4 -- OTUD7B -- RNF11 -- CASP10 -- PSEN1 -- SOD1 -- HNRNPK -- RPA4 -- CASP7 -- SMPD1 -- TNIK -- HTT -- CDKN2A -- PELP1 -- BAX -- BAK1 -- BID -- FOXM1 -- PCNA -- TAF1 -- PLAC8 -- CASP9 -- DIABLO -- APAF1
363,TNFRSF1A -- TNFRSF1B -- NFKB1 -- MAPK8 -- JUN -- SIRT1 -- RB1 -- TNFAIP3 -- CCND1 -- TRAF1 -- MAPK14 -- RHOA -- RAC1 -- MAP2K7 -- MAP3K1 -- MAP3K14 -- TRADD -- TNFRSF10B -- CASP2 -- MDM2 -- CHUK -- RPS6KA5 -- PPP1R13L -- MAPK9 -- IRF1 -- EIF4G2 -- HTRA2 -- HIP1 -- CDK4 -- OTUD7B -- RNF11 -- CASP10 -- PSEN1 -- SOD1 -- RPA4 -- SMPD1 -- TNIK -- HTT -- PELP1 -- BAX -- BAK1 -- BID -- FOXM1 -- PCNA -- PLAC8 -- CASP9 -- DIABLO -- APAF1
364,TNFRSF1A -- TNFRSF1B -- MAPK8 -- STAT1 -- BIRC2 -- BIRC3 -- SIRT1 -- MYC -- TNFAIP3 -- TRAF1 -- MAPK14 -- RHOA -- NR3C1 -- TGFB2 -- RAC1 -- MAP2K7 -- MAP3K1 -- VEGFA -- RET -- TRADD -- CHUK -- RPS6KA5 -- PPP1R13L -- MAPK9 -- LYN -- IRF1 -- MYB -- CYCS -- HIP1 -- CDK4 -- OTUD7B -- RNF11 -- PSEN1 -- SOD1 -- HNRNPK -- SMPD1 -- TNIK -- PELP1 -- EIF4E -- BID -- FOXM1 -- MCL1 -- PCNA -- TAF1 -- DIABLO -- RANGAP1
365,TNFRSF1A -- TNFRSF1B -- MAPK8 -- STAT1 -- JUN -- FOS -- SIRT1 -- RB1 -- TNFAIP3 -- TRAF1 -- MAPK14 -- RHOA -- NR3C1 -- RAC1 -- MAP2K7 -- MAP3K1 -- VEGFA -- MAP3K14 -- RET -- TRADD -- ATM -- CASP2 -- CHUK -- RPS6KA5 -- PPP1R13L -- MAPK9 -- IRF1 -- EIF4G2 -- HTRA2 -- MYB -- HIP1 -- RNF11 -- PSEN1 -- SOD1 -- HNRNPK -- SMPD1 -- TNIK -- HTT -- BRCA1 -- CDKN2A -- BAK1 -- BID -- MCL1 -- PCNA -- PLAC8 -- CASP9 -- DIABLO -- APAF1 -- RASSF1
366,TNFRSF1A -- TNFRSF1B -- NFKB1 -- MAPK8 -- STAT1 -- SIRT1 -- MYC -- TNFAIP3 -- CCND1 -- MAPK14 -- PTMA -- RHOA -- TGFB2 -- RAC1 -- MAP2K7 -- MAP3K1 -- IGF1 -- VEGFA -- MAP3K14 -- RET -- TRADD -- ATM -- CASP2 -- MDM2 -- CHUK -- PPP1R13L -- MAPK9 -- LYN -- IRF1 -- EIF4G2 -- HTRA2 -- CDK4 -- OTUD7B -- RNF11 -- PSEN1 -- BAD -- SOD1 -- HNRNPK -- RPA4 -- CASP7 -- SMPD1 -- TNIK -- HTT -- PELP1 -- BAX -- BAK1 -- EIF4E -- BID -- FOXM1 -- PCNA -- TAF1 -- DIABLO -- RANGAP1
367,TNFRSF1A -- TNFRSF1B -- MAPK8 -- STAT1 -- JUN -- BIRC2 -- BIRC3 -- SIRT1 -- TNFAIP3 -- TRAF1 -- MAPK14 -- RHOA -- NR3C1 -- TGFB2 -- RAC1 -- MAP2K7 -- MAP3K1 -- VEGFA -- RET -- TRADD -- ATM -- CHUK -- RPS6KA5 -- PPP1R13L -- MAPK9 -- LYN -- IRF1 -- EIF4G2 -- MYB -- CYCS -- HIP1 -- RNF11 -- PSEN1 -- SOD1 -- HNRNPK -- SMPD1 -- TNIK -- HTT -- BRCA1 -- CDKN2A -- BID -- MCL1 -- PCNA -- TAF1 -- PLAC8 -- DIABLO -- RASSF1
368,TNFRSF1A -- TNFRSF1B -- MAPK8 -- STAT1 -- JUN -- FOS -- SIRT1 -- RB1 -- TNFAIP3 -- TRAF1 -- MAPK14 -- RHOA -- RAC1 -- MAP2K7 -- MAP3K1 -- VEGFA -- MAP3K14 -- RET -- TRADD -- CASP2 -- CHUK -- RPS6KA5 -- PPP1R13L -- MAPK9 -- IRF1 -- EIF4G2 -- HTRA2 -- MYB -- HIP1 -- RNF11 -- PSEN1 -- SOD1 -- HNRNPK -- SMPD1 -- TNIK -- HTT -- BRCA1 -- CDKN2A -- BAX -- BAK1 -- BID -- PCNA -- PLAC8 -- CASP9 -- DIABLO -- APAF1
369,TNFRSF1A -- TNFRSF1B -- MAPK8 -- STAT1 -- JUN -- FOS -- BIRC2 -- BIRC3 -- SIRT1 -- TNFAIP3 -- TRAF1 -- MAPK14 -- RHOA -- NR3C1 -- TGFB2 -- RAC1 -- MAP2K7 -- MAP3K1 -- VEGFA -- RET -- TRADD -- ATM -- CHUK -- RPS6KA5 -- PPP1R13L -- MAPK9 -- LYN -- IRF1 -- EIF4G2 -- MYB -- CYCS -- HIP1 -- RNF11 -- PSEN1 -- SOD1 -- HNRNPK -- SMPD1 -- TNIK -- BRCA1 -- CDKN2A -- BID -- MCL1 -- PCNA -- TAF1 -- PLAC8 -- DIABLO -- RASSF1
370,TNFRSF1A -- TNFRSF1B -- MAPK8 -- STAT1 -- JUN -- FOS -- BIRC2 -- SIRT1 -- TNFAIP3 -- TRAF1 -- MAPK14 -- RHOA -- NR3C1 -- TGFB2 -- RAC1 -- MAP2K7 -- MAP3K1 -- VEGFA -- RET -- TRADD -- ATM -- CHUK -- RPS6KA5 -- PPP1R13L -- MAPK9 -- IRF1 -- EIF4G2 -- MYB -- CYCS -- HIP1 -- RNF11 -- PSEN1 -- SOD1 -- HNRNPK -- SMPD1 -- TNIK -- BRCA1 -- CDKN2A -- BID -- MCL1 -- PCNA -- TAF1 -- PLAC8 -- DIABLO -- RASSF1
371,NFKB1 -- MAPK8 -- JUN -- FOS -- BIRC2 -- SIRT1 -- RB1 -- TNFAIP3 -- CCND1 -- TRAF1 -- MAPK14 -- MAP2K7 -- MAP3K1 -- TRADD -- TNFRSF10B -- CASP2 -- MDM2 -- CHUK -- RPS6KA5 -- PPP1R13L -- MAPK9 -- IRF1 -- EIF4G2 -- HIP1 -- CDK4 -- OTUD7B -- RNF11 -- CASP10 -- PSEN1 -- SOD1 -- RPA4 -- SMPD1 -- TNIK -- HTT -- PELP1 -- BID -- FOXM1 -- MCL1 -- PCNA -- PLAC8 -- DIABLO
372,TNFRSF1A -- TNFRSF1B -- MAPK8 -- STAT1 -- BIRC2 -- SIRT1 -- MYC -- TNFAIP3 -- MAPK14 -- RHOA -- NR3C1 -- RAC1 -- MAP2K7 -- MAP3K1 -- VEGFA -- RET -- TRADD -- CHUK -- PPP1R13L -- MAPK9 -- LYN -- IRF1 -- CYCS -- RNF11 -- PSEN1 -- BAD -- SOD1 -- HNRNPK -- SMPD1 -- TNIK -- HTT -- BRCA1 -- EIF4E -- BID -- MCL1 -- PCNA -- TAF1 -- DIABLO -- RASSF1 -- RANGAP1
373,TNFRSF1A -- TNFRSF1B -- NFKB1 -- MAPK8 -- STAT1 -- BIRC2 -- BIRC3 -- SIRT1 -- MYC -- TNFAIP3 -- MAPK14 -- PTMA -- RHOA -- RAC1 -- MAP2K7 -- MAP3K1 -- IGF1 -- VEGFA -- RET -- TRADD -- TNFRSF10B -- MDM2 -- CHUK -- PPP1R13L -- MAPK9 -- LYN -- IRF1 -- CYCS -- CDK4 -- OTUD7B -- RNF11 -- PSEN1 -- BAD -- SOD1 -- RPA4 -- SMPD1 -- TNIK -- PELP1 -- EIF4E -- BID -- FOXM1 -- MCL1 -- PCNA -- TAF1 -- DIABLO -- RANGAP1
374,TNFRSF1A -- TNFRSF1B -- MAPK8 -- JUN -- FOS -- SIRT1 -- RB1 -- TNFAIP3 -- TRAF1 -- MAPK14 -- RHOA -- RAC1 -- MAP2K7 -- MAP3K1 -- IGF1 -- VEGFA -- MAP3K14 -- TRADD -- CASP2 -- CHUK -- RPS6KA5 -- PPP1R13L -- MAPK9 -- IRF1 -- EIF4G2 -- HTRA2 -- MYB -- HIP1 -- RNF11 -- PSEN1 -- SOD1 -- RPA4 -- SMPD1 -- TNIK -- HTT -- CDKN2A -- BAX -- BAK1 -- BID -- PCNA -- PLAC8 -- CASP9 -- DIABLO -- APAF1 -- RANGAP1
375,TNFRSF1A -- TNFRSF1B -- MAPK8 -- STAT1 -- JUN -- FOS -- SIRT1 -- TNFAIP3 -- TRAF1 -- MAPK14 -- RHOA -- TGFB2 -- RAC1 -- MAP2K7 -- MAP3K1 -- IGF1 -- VEGFA -- MAP3K14 -- TRADD -- ATM -- CASP2 -- CHUK -- RPS6KA5 -- PPP1R13L -- MAPK9 -- IRF1 -- EIF4G2 -- HTRA2 -- HIP1 -- RNF11 -- CASP10 -- PSEN1 -- SOD1 -- HNRNPK -- SMPD1 -- TNIK -- HTT -- BRCA1 -- CDKN2A -- BAK1 -- BID -- FOXM1 -- MCL1 -- PCNA -- TAF1 -- PLAC8 -- CASP9 -- DIABLO -- APAF1 -- RASSF1
376,TNFRSF1A -- TNFRSF1B -- MAPK8 -- STAT1 -- JUN -- FOS -- BIRC2 -- BIRC3 -- SIRT1 -- TNFAIP3 -- TRAF1 -- MAPK14 -- RHOA -- NR3C1 -- TGFB2 -- RAC1 -- MAP2K7 -- MAP3K1 -- VEGFA -- RET -- TRADD -- ATM -- CHUK -- RPS6KA5 -- PPP1R13L -- MAPK9 -- IRF1 -- EIF4G2 -- MYB -- CYCS -- HIP1 -- RNF11 -- PSEN1 -- SOD1 -- HNRNPK -- SMPD1 -- TNIK -- BRCA1 -- CDKN2A -- BID -- MCL1 -- PCNA -- TAF1 -- PLAC8 -- CASP9 -- DIABLO -- RASSF1
377,TNFRSF1A -- TNFRSF1B -- MAPK8 -- STAT1 -- JUN -- FOS -- SIRT1 -- RB1 -- TNFAIP3 -- MAPK14 -- RHOA -- TGFB2 -- RAC1 -- MAP2K7 -- MAP3K1 -- MAP3K14 -- TRADD -- ATM -- CASP2 -- MDM2 -- CHUK -- PPP1R13L -- MAPK9 -- IRF1 -- EIF4G2 -- HTRA2 -- MYB -- OTUD7B -- RNF11 -- PSEN1 -- SOD1 -- RPA4 -- CASP7 -- SMPD1 -- TNIK -- HTT -- CDKN2A -- BAX -- BID -- PCNA -- TAF1 -- DIABLO -- APAF1 -- RASSF1 -- RANGAP1
378,TNFRSF1A -- TNFRSF1B -- NFKB1 -- MAPK8 -- JUN -- FOS -- SIRT1 -- RB1 -- TNFAIP3 -- CCND1 -- TRAF1 -- MAPK14 -- RHOA -- RAC1 -- MAP2K7 -- MAP3K1 -- MAP3K14 -- TRADD -- TNFRSF10B -- ATM -- CASP2 -- MDM2 -- CHUK -- RPS6KA5 -- PPP1R13L -- MAPK9 -- IRF1 -- EIF4G2 -- HTRA2 -- MYB -- HIP1 -- OTUD7B -- RNF11 -- CASP10 -- PSEN1 -- SOD1 -- SMPD1 -- TNIK -- HTT -- CDKN2A -- PELP1 -- BAX -- BAK1 -- BID -- FOXM1 -- PCNA -- PLAC8 -- CASP9 -- DIABLO -- APAF1
379,TNFRSF1A -- TNFRSF1B -- MAPK8 -- STAT1 -- BIRC2 -- BIRC3 -- SIRT1 -- MYC -- TNFAIP3 -- MAPK14 -- PTMA -- RHOA -- TGFB2 -- RAC1 -- MAP2K7 -- MAP3K1 -- IGF1 -- VEGFA -- RET -- TRADD -- ATM -- CHUK -- PPP1R13L -- MAPK9 -- LYN -- IRF1 -- EIF4G2 -- HTRA2 -- CDK4 -- OTUD7B -- RNF11 -- CASP10 -- PSEN1 -- SOD1 -- HNRNPK -- RPA4 -- SMPD1 -- TNIK -- BRCA1 -- PELP1 -- BAX -- BAK1 -- EIF4E -- BID -- FOXM1 -- MCL1 -- PCNA -- TAF1 -- DIABLO -- RASSF1 -- RANGAP1
380,TNFRSF1A -- TNFRSF1B -- NFKB1 -- MAPK8 -- SIRT1 -- RB1 -- TNFAIP3 -- CCND1 -- TRAF1 -- MAPK14 -- RHOA -- RAC1 -- MAP2K7 -- MAP3K1 -- IGF1 -- TRADD -- TNFRSF10B -- CASP2 -- MDM2 -- CHUK -- RPS6KA5 -- PPP1R13L -- MAPK9 -- LYN -- IRF1 -- EIF4G2 -- HTRA2 -- HIP1 -- CDK4 -- OTUD7B -- RNF11 -- CASP10 -- PSEN1 -- SOD1 -- HNRNPK -- RPA4 -- SMPD1 -- TNIK -- PELP1 -- BAX -- BAK1 -- BID -- FOXM1 -- PCNA -- PLAC8 -- DIABLO
381,TNFRSF1A -- TNFRSF1B -- NFKB1 -- MAPK8 -- BIRC2 -- BIRC3 -- SIRT1 -- MYC -- RB1 -- TNFAIP3 -- CCND1 -- MAPK14 -- PTMA -- RHOA -- RAC1 -- MAP2K7 -- MAP3K1 -- RET -- TRADD -- TNFRSF10B -- ATM -- MDM2 -- CHUK -- PPP1R13L -- MAPK9 -- LYN -- IRF1 -- EIF4G2 -- CYCS -- CDK4 -- OTUD7B -- RNF11 -- CASP10 -- PSEN1 -- BAD -- SOD1 -- RPA4 -- SMPD1 -- TNIK -- PELP1 -- EIF4E -- BID -- FOXM1 -- PCNA -- TAF1 -- DIABLO -- RANGAP1
382,TNFRSF1A -- TNFRSF1B -- NFKB1 -- MAPK8 -- SIRT1 -- RB1 -- TNFAIP3 -- CCND1 -- MAPK14 -- PTMA -- RHOA -- RAC1 -- MAP2K7 -- MAP3K1 -- MAP3K14 -- TRADD -- TNFRSF10B -- ATM -- CASP2 -- MDM2 -- CHUK -- RPS6KA5 -- PPP1R13L -- MAPK9 -- LYN -- IRF1 -- EIF4G2 -- HTRA2 -- HIP1 -- CDK4 -- OTUD7B -- RNF11 -- CASP10 -- PSEN1 -- SOD1 -- RPA4 -- SMPD1 -- TNIK -- HTT -- PELP1 -- BAX -- BAK1 -- BID -- FOXM1 -- PCNA -- DIABLO -- APAF1
383,TNFRSF1A -- TNFRSF1B -- NFKB1 -- MAPK8 -- STAT1 -- BIRC2 -- SIRT1 -- MYC -- TNFAIP3 -- MAPK14 -- PTMA -- RHOA -- TGFB2 -- RAC1 -- MAP2K7 -- MAP3K1 -- VEGFA -- RET -- TRADD -- TNFRSF10B -- CHUK -- PPP1R13L -- MAPK9 -- LYN -- IRF1 -- EIF4G2 -- CYCS -- CDK4 -- OTUD7B -- RNF11 -- CASP10 -- PSEN1 -- SOD1 -- HNRNPK -- RPA4 -- SMPD1 -- TNIK -- PELP1 -- BAK1 -- BID -- FOXM1 -- MCL1 -- PCNA -- TAF1 -- DIABLO
384,TNFRSF1A -- TNFRSF1B -- NFKB1 -- MAPK8 -- SIRT1 -- RB1 -- TNFAIP3 -- CCND1 -- TRAF1 -- MAPK14 -- RHOA -- RAC1 -- MAP2K7 -- MAP3K1 -- IGF1 -- MAP3K14 -- TRADD -- TNFRSF10B -- ATM -- CASP2 -- MDM2 -- CHUK -- RPS6KA5 -- PPP1R13L -- MAPK9 -- LYN -- IRF1 -- EIF4G2 -- HTRA2 -- HIP1 -- CDK4 -- OTUD7B -- RNF11 -- CASP10 -- PSEN1 -- SOD1 -- RPA4 -- SMPD1 -- TNIK -- HTT -- PELP1 -- BAX -- BAK1 -- BID -- FOXM1 -- PCNA -- PLAC8 -- DIABLO -- APAF1
385,TNFRSF1A -- TNFRSF1B -- MAPK8 -- STAT1 -- JUN -- FOS -- BIRC2 -- BIRC3 -- SIRT1 -- TNFAIP3 -- TRAF1 -- MAPK14 -- RHOA -- NR3C1 -- TGFB2 -- RAC1 -- MAP2K7 -- MAP3K1 -- VEGFA -- MAP3K14 -- RET -- TRADD -- ATM -- CASP2 -- CHUK -- RPS6KA5 -- PPP1R13L -- MAPK9 -- IRF1 -- EIF4G2 -- MYB -- CYCS -- HIP1 -- RNF11 -- PSEN1 -- SOD1 -- HNRNPK -- SMPD1 -- TNIK -- HTT -- BRCA1 -- CDKN2A -- BID -- MCL1 -- PCNA -- TAF1 -- PLAC8 -- DIABLO -- RASSF1
386,TNFRSF1A -- TNFRSF1B -- MAPK8 -- STAT1 -- BIRC2 -- BIRC3 -- SIRT1 -- MYC -- TNFAIP3 -- TRAF1 -- MAPK14 -- RHOA -- NR3C1 -- TGFB2 -- RAC1 -- MAP2K7 -- MAP3K1 -- VEGFA -- RET -- TRADD -- CHUK -- RPS6KA5 -- PPP1R13L -- MAPK9 -- LYN -- IRF1 -- MYB -- CYCS -- RNF11 -- PSEN1 -- SOD1 -- HNRNPK -- SMPD1 -- TNIK -- BRCA1 -- EIF4E -- BID -- TFDP1 -- MCL1 -- PCNA -- TAF1 -- PLAC8 -- DIABLO -- RASSF1
387,TNFRSF1A -- TNFRSF1B -- MAPK8 -- JUN -- FOS -- SIRT1 -- RB1 -- TNFAIP3 -- TRAF1 -- MAPK14 -- RHOA -- NR3C1 -- RAC1 -- MAP2K7 -- MAP3K1 -- VEGFA -- MAP3K14 -- RET -- TRADD -- TNFRSF10B -- ATM -- CASP2 -- CHUK -- RPS6KA5 -- PPP1R13L -- MAPK9 -- IRF1 -- EIF4G2 -- HTRA2 -- MYB -- HIP1 -- RNF11 -- CASP10 -- PSEN1 -- SOD1 -- HNRNPK -- SMPD1 -- TNIK -- HTT -- BRCA1 -- CDKN2A -- BAX -- BAK1 -- BID -- PCNA -- PLAC8 -- CASP9 -- DIABLO -- APAF1 -- RASSF1
388,TNFRSF1A -- TNFRSF1B -- MAPK8 -- SIRT1 -- MYC -- TNFAIP3 -- CCND1 -- MAPK14 -- PTMA -- RHOA -- TGFB2 -- RAC1 -- MAP2K7 -- MAP3K1 -- IGF1 -- VEGFA -- MAP3K14 -- TRADD -- ATM -- MDM2 -- CHUK -- PPP1R13L -- MAPK9 -- LYN -- IRF1 -- EIF4G2 -- HTRA2 -- CDK4 -- OTUD7B -- RNF11 -- PSEN1 -- SOD1 -- RPA4 -- CASP7 -- SMPD1 -- TNIK -- PELP1 -- BID -- FOXM1 -- MCL1 -- PCNA -- TAF1 -- DIABLO -- APAF1 -- RANGAP1
389,TNFRSF1A -- TNFRSF1B -- MAPK8 -- JUN -- FOS -- SIRT1 -- RB1 -- TNFAIP3 -- TRAF1 -- MAPK14 -- RHOA -- RAC1 -- MAP2K7 -- MAP3K1 -- IGF1 -- MAP3K14 -- RET -- TRADD -- ATM -- CASP2 -- CHUK -- RPS6KA5 -- PPP1R13L -- MAPK9 -- IRF1 -- EIF4G2 -- HTRA2 -- MYB -- HIP1 -- RNF11 -- PSEN1 -- SOD1 -- HNRNPK -- RPA4 -- SMPD1 -- TNIK -- HTT -- BRCA1 -- CDKN2A -- PELP1 -- BAX -- BAK1 -- BID -- FOXM1 -- PCNA -- PLAC8 -- CASP9 -- DIABLO -- APAF1 -- RASSF1
390,TNFRSF1A -- MAPK8 -- STAT1 -- BIRC2 -- BIRC3 -- SIRT1 -- MYC -- TNFAIP3 -- TRAF1 -- MAPK14 -- NR3C1 -- TGFB2 -- RAC1 -- MAP2K7 -- MAP3K1 -- VEGFA -- MAP3K14 -- RET -- TRADD -- AKT1 -- ATM -- CASP2 -- CHUK -- RPS6KA5 -- PPP1R13L -- MAPK9 -- LYN -- IRF1 -- EIF4G2 -- CYCS -- HIP1 -- OTUD7B -- RNF11 -- CASP10 -- PSEN1 -- SOD1 -- HNRNPK -- SMPD1 -- TNIK -- BRCA1 -- CDKN2A -- BID -- MCL1 -- PCNA -- TAF1 -- PLAC8 -- DIABLO -- RASSF1
391,TNFRSF1A -- TNFRSF1B -- NFKB1 -- MAPK8 -- STAT1 -- BIRC2 -- SIRT1 -- MYC -- RB1 -- TNFAIP3 -- CCND1 -- MAPK14 -- PTMA -- RHOA -- RAC1 -- MAP2K7 -- MAP3K1 -- TRADD -- MDM2 -- CHUK -- PPP1R13L -- MAPK9 -- LYN -- IRF1 -- HTRA2 -- CYCS -- CDK4 -- RNF11 -- PSEN1 -- SOD1 -- RPA4 -- SMPD1 -- TNIK -- PELP1 -- BAX -- EIF4E -- BID -- FOXM1 -- PCNA -- TAF1 -- DIABLO -- RANGAP1
392,TNFRSF1A -- TNFRSF1B -- MAPK8 -- STAT1 -- BIRC2 -- SIRT1 -- MYC -- TNFAIP3 -- MAPK14 -- PTMA -- RHOA -- RAC1 -- MAP2K7 -- MAP3K1 -- VEGFA -- RET -- TRADD -- ATM -- CHUK -- PPP1R13L -- MAPK9 -- LYN -- IRF1 -- CYCS -- RNF11 -- PSEN1 -- BAD -- SOD1 -- HNRNPK -- SMPD1 -- TNIK -- BRCA1 -- CDKN2A -- EIF4E -- BID -- MCL1 -- PCNA -- TAF1 -- DIABLO -- RASSF1
393,STAT1 -- JUN -- FOS -- SIRT1 -- FASLG -- MAPK14 -- TGFB2 -- RAC1 -- MAP2K7 -- MAP3K1 -- VEGFA -- RET -- MAPK1 -- TNFRSF10B -- AKT1 -- ATM -- E2F1 -- CHUK -- RPS6KA5 -- PPP1R13L -- MAPK9 -- IRF1 -- EIF4G2 -- HTRA2 -- MYB -- HIP1 -- CDK4 -- OTUD7B -- PSEN1 -- RPA4 -- CASP7 -- SMPD1 -- CDKN2A -- BBC3 -- PELP1 -- BAK1 -- BID -- FOXM1 -- CTBP1 -- RBL1 -- PCNA -- TAF1 -- PLAC8 -- DIABLO
394,TNFRSF1A -- TNFRSF1B -- MAPK8 -- STAT1 -- SIRT1 -- MYC -- TNFAIP3 -- MAPK14 -- PTMA -- RHOA -- RAC1 -- MAP2K7 -- MAP3K1 -- VEGFA -- RET -- TRADD -- CHUK -- PPP1R13L -- MAPK9 -- LYN -- IRF1 -- HTRA2 -- CDK4 -- OTUD7B -- RNF11 -- PSEN1 -- SOD1 -- HNRNPK -- SMPD1 -- TNIK -- BAX -- BAK1 -- BID -- PCNA -- TAF1 -- DIABLO -- RASSF1
395,TNFRSF1A -- TNFRSF1B -- MAPK8 -- STAT1 -- JUN -- BIRC2 -- BIRC3 -- SIRT1 -- TNFAIP3 -- TRAF1 -- MAPK14 -- RHOA -- NR3C1 -- TGFB2 -- RAC1 -- MAP2K7 -- MAP3K1 -- VEGFA -- RET -- TRADD -- ATM -- CHUK -- RPS6KA5 -- PPP1R13L -- MAPK9 -- LYN -- IRF1 -- EIF4G2 -- MYB -- CYCS -- HIP1 -- RNF11 -- PSEN1 -- SOD1 -- HNRNPK -- SMPD1 -- TNIK -- BRCA1 -- CDKN2A -- BID -- MCL1 -- PCNA -- TAF1 -- PLAC8 -- DIABLO -- RASSF1
396,TNFRSF1A -- TNFRSF1B -- NFKB1 -- MAPK8 -- BIRC3 -- SIRT1 -- RB1 -- TNFAIP3 -- CCND1 -- MAPK14 -- PTMA -- RHOA -- RAC1 -- MAP2K7 -- MAP3K1 -- TRADD -- TNFRSF10B -- ATM -- CASP2 -- MDM2 -- CHUK -- RPS6KA5 -- PPP1R13L -- MAPK9 -- LYN -- IRF1 -- EIF4G2 -- HTRA2 -- HIP1 -- CDK4 -- OTUD7B -- RNF11 -- CASP10 -- PSEN1 -- SOD1 -- RPA4 -- SMPD1 -- TNIK -- PELP1 -- BAX -- BAK1 -- BID -- FOXM1 -- PCNA -- PLAC8 -- DIABLO -- RANGAP1
397,TNFRSF1A -- TNFRSF1B -- MAPK8 -- STAT1 -- JUN -- FOS -- BIRC3 -- SIRT1 -- TNFAIP3 -- TRAF1 -- MAPK14 -- RHOA -- NR3C1 -- TGFB2 -- RAC1 -- MAP2K7 -- MAP3K1 -- VEGFA -- RET -- TRADD -- ATM -- CASP2 -- CHUK -- RPS6KA5 -- PPP1R13L -- MAPK9 -- IRF1 -- EIF4G2 -- MYB -- HIP1 -- RNF11 -- PSEN1 -- SOD1 -- HNRNPK -- CASP7 -- SMPD1 -- TNIK -- HTT -- BRCA1 -- CDKN2A -- BID -- MCL1 -- PCNA -- TAF1 -- PLAC8 -- CASP9 -- DIABLO -- APAF1 -- RASSF1
398,NFKB1 -- STAT1 -- FASLG -- TNFAIP3 -- CFLAR -- TRAF1 -- MAPK14 -- RAC1 -- MAP2K7 -- MAP3K1 -- IGF1 -- VEGFA -- MAP3K14 -- MAPK1 -- TNFRSF10B -- E2F1 -- MDM2 -- CHUK -- RPS6KA5 -- PPP1R13L -- MAPK9 -- LYN -- IRF1 -- EIF4G2 -- HTRA2 -- HIP1 -- CDK4 -- OTUD7B -- RNF11 -- PARP1 -- PSEN1 -- SOD1 -- RPA4 -- CASP7 -- SMPD1 -- PELP1 -- BAX -- BID -- FOXM1 -- MCL1 -- CTBP1 -- PCNA -- PLAC8 -- DIABLO -- APAF1
399,TNFRSF1A -- TNFRSF1B -- MAPK8 -- STAT1 -- JUN -- SIRT1 -- RB1 -- TNFAIP3 -- TRAF1 -- MAPK14 -- RHOA -- NR3C1 -- RAC1 -- MAP2K7 -- MAP3K1 -- RET -- TRADD -- TNFRSF10B -- ATM -- CHUK -- RPS6KA5 -- PPP1R13L -- MAPK9 -- LYN -- IRF1 -- HTRA2 -- MYB -- HIP1 -- RNF11 -- CASP10 -- PSEN1 -- SOD1 -- RPA4 -- SMPD1 -- TNIK -- BRCA1 -- CDKN2A -- BAX -- BAK1 -- EIF4E -- BID -- PCNA -- PLAC8 -- DIABLO -- APAF1 -- RASSF1
400,TNFRSF1A -- TNFRSF1B -- MAPK8 -- JUN -- FOS -- SIRT1 -- RB1 -- TNFAIP3 -- CCND1 -- TRAF1 -- MAPK14 -- RHOA -- RAC1 -- MAP2K7 -- MAP3K1 -- MAP3K14 -- TRADD -- ATM -- CASP2 -- CHUK -- RPS6KA5 -- PPP1R13L -- MAPK9 -- IRF1 -- EIF4G2 -- HTRA2 -- MYB -- HIP1 -- OTUD7B -- RNF11 -- CASP10 -- PSEN1 -- SOD1 -- SMPD1 -- TNIK -- HTT -- CDKN2A -- PELP1 -- BAX -- BAK1 -- BID -- FOXM1 -- PCNA -- PLAC8 -- CASP9 -- DIABLO -- APAF1 -- RASSF1
401,TNFRSF1A -- TNFRSF1B -- MAPK8 -- STAT1 -- BIRC2 -- BIRC3 -- SIRT1 -- MYC -- TNFAIP3 -- TRAF1 -- MAPK14 -- PTMA -- RHOA -- RAC1 -- MAP2K7 -- MAP3K1 -- VEGFA -- TRADD -- MDM2 -- CHUK -- PPP1R13L -- MAPK9 -- LYN -- IRF1 -- CYCS -- HIP1 -- RNF11 -- PSEN1 -- SOD1 -- HNRNPK -- SMPD1 -- TNIK -- EIF4E -- BID -- TFDP1 -- MCL1 -- PCNA -- TAF1 -- DIABLO -- RANGAP1
402,TNFRSF1A -- TNFRSF1B -- MAPK8 -- STAT1 -- JUN -- FOS -- SIRT1 -- RB1 -- TNFAIP3 -- TRAF1 -- MAPK14 -- RHOA -- RAC1 -- MAP2K7 -- MAP3K1 -- VEGFA -- MAP3K14 -- RET -- TRADD -- ATM -- CASP2 -- CHUK -- RPS6KA5 -- PPP1R13L -- MAPK9 -- IRF1 -- EIF4G2 -- HTRA2 -- MYB -- HIP1 -- CDK4 -- OTUD7B -- RNF11 -- PSEN1 -- SOD1 -- HNRNPK -- RPA4 -- SMPD1 -- TNIK -- HTT -- CDKN2A -- PELP1 -- BAX -- BAK1 -- BID -- FOXM1 -- PCNA -- PLAC8 -- CASP9 -- DIABLO -- APAF1
403,TNFRSF1A -- TNFRSF1B -- NFKB1 -- MAPK8 -- BIRC2 -- BIRC3 -- SIRT1 -- RB1 -- TNFAIP3 -- CCND1 -- TRAF1 -- MAPK14 -- RHOA -- IL2 -- RAC1 -- MAP2K7 -- MAP3K1 -- IGF1 -- TRADD -- TNFRSF10B -- ATM -- MDM2 -- CHUK -- RPS6KA5 -- PPP1R13L -- MAPK9 -- LYN -- IRF1 -- EIF4G2 -- CYCS -- HIP1 -- CDK4 -- OTUD7B -- RNF11 -- CASP10 -- PSEN1 -- RPA4 -- TNIK -- PELP1 -- EIF4E -- BID -- FOXM1 -- MCL1 -- PCNA -- PLAC8 -- DIABLO
404,STAT1 -- JUN -- FOS -- BIRC3 -- TRAF1 -- MAPK14 -- TGFB2 -- RAC1 -- MAP2K7 -- MAP3K1 -- IGF1 -- VEGFA -- MAP3K14 -- TRADD -- MAPK1 -- TNFRSF10B -- AKT1 -- ATM -- E2F1 -- CHUK -- RPS6KA5 -- PPP1R13L -- MAPK9 -- IRF1 -- EIF4G2 -- MYB -- CYCS -- HIP1 -- OTUD7B -- RNF11 -- CASP10 -- PSEN1 -- RPA4 -- SMPD1 -- CDKN2A -- BBC3 -- PELP1 -- BAK1 -- BID -- FOXM1 -- CTBP1 -- RBL1 -- TAF1 -- PLAC8 -- DIABLO
405,STAT1 -- BIRC2 -- SIRT1 -- MAPK14 -- TGFB2 -- RAC1 -- MAP2K7 -- MAP3K1 -- VEGFA -- RET -- MAPK1 -- AKT1 -- ATM -- CHUK -- RPS6KA5 -- PPP1R13L -- MAPK9 -- LYN -- IRF1 -- CYCS -- HIP1 -- CDK4 -- OTUD7B -- PARP1 -- PSEN1 -- HNRNPK -- RPA4 -- BRCA1 -- EIF4E -- BID -- FOXM1 -- TFDP1 -- PCNA -- TAF1 -- PLAC8 -- DIABLO
406,TP53 -- NFKB1 -- STAT1 -- BIRC2 -- MAPK14 -- PTMA -- MAP2K7 -- MAP3K1 -- IGF1 -- VEGFA -- MAPK1 -- AKT1 -- CHUK -- RPS6KA5 -- PPP1R13L -- MAPK9 -- LYN -- IRF1 -- EIF4G2 -- CYCS -- HIP1 -- CDK4 -- OTUD7B -- RNF11 -- CASP10 -- PARP1 -- PSEN1 -- SOD1 -- HNRNPK -- PELP1 -- BAK1 -- BID -- FOXM1 -- MCL1 -- CTBP1 -- RBL1 -- PCNA -- TAF1 -- PLAC8 -- DIABLO -- RANGAP1
407,TNFRSF1A -- TNFRSF1B -- MAPK8 -- STAT1 -- BIRC2 -- SIRT1 -- TNFAIP3 -- TRAF1 -- MAPK14 -- RHOA -- NR3C1 -- TGFB2 -- RAC1 -- MAP2K7 -- MAP3K1 -- VEGFA -- RET -- TRADD -- ATM -- CHUK -- RPS6KA5 -- PPP1R13L -- MAPK9 -- LYN -- IRF1 -- CYCS -- HIP1 -- CDK4 -- OTUD7B -- RNF11 -- PSEN1 -- SOD1 -- HNRNPK -- SMPD1 -- TNIK -- PELP1 -- EIF4E -- BID -- FOXM1 -- MCL1 -- PCNA -- TAF1 -- PLAC8 -- DIABLO -- RASSF1
408,TNFRSF1A -- TNFRSF1B -- MAPK8 -- STAT1 -- FOS -- BIRC2 -- BIRC3 -- SIRT1 -- TNFAIP3 -- TRAF1 -- MAPK14 -- RHOA -- NR3C1 -- TGFB2 -- RAC1 -- MAP2K7 -- MAP3K1 -- VEGFA -- RET -- TRADD -- ATM -- CHUK -- RPS6KA5 -- PPP1R13L -- MAPK9 -- LYN -- IRF1 -- MYB -- CYCS -- HIP1 -- RNF11 -- PSEN1 -- SOD1 -- HNRNPK -- SMPD1 -- TNIK -- BRCA1 -- CDKN2A -- BID -- MCL1 -- PCNA -- PLAC8 -- DIABLO -- RASSF1
409,TNFRSF1A -- TNFRSF1B -- MAPK8 -- JUN -- FOS -- SIRT1 -- RB1 -- TNFAIP3 -- TRAF1 -- MAPK14 -- RHOA -- RAC1 -- MAP2K7 -- MAP3K1 -- IGF1 -- MAP3K14 -- RET -- TRADD -- ATM -- CASP2 -- CHUK -- RPS6KA5 -- PPP1R13L -- MAPK9 -- IRF1 -- EIF4G2 -- HTRA2 -- MYB -- HIP1 -- RNF11 -- PSEN1 -- SOD1 -- HNRNPK -- SMPD1 -- TNIK -- HTT -- CDKN2A -- PELP1 -- BAX -- BAK1 -- BID -- PCNA -- CASP9 -- DIABLO -- APAF1 -- RASSF1
410,TNFRSF1A -- TNFRSF1B -- MAPK8 -- STAT1 -- JUN -- FOS -- BIRC2 -- BIRC3 -- SIRT1 -- TNFAIP3 -- TRAF1 -- MAPK14 -- RHOA -- NR3C1 -- TGFB2 -- RAC1 -- MAP2K7 -- MAP3K1 -- VEGFA -- RET -- TRADD -- ATM -- CHUK -- RPS6KA5 -- PPP1R13L -- MAPK9 -- IRF1 -- EIF4G2 -- MYB -- CYCS -- HIP1 -- RNF11 -- PSEN1 -- SOD1 -- HNRNPK -- SMPD1 -- TNIK -- HTT -- BRCA1 -- CDKN2A -- BID -- MCL1 -- PCNA -- TAF1 -- PLAC8 -- CASP9 -- DIABLO -- RASSF1
411,TNFRSF1A -- TNFRSF1B -- NFKB1 -- MAPK8 -- SIRT1 -- RB1 -- TNFAIP3 -- CCND1 -- TRAF1 -- MAPK14 -- RHOA -- RAC1 -- MAP2K7 -- MAP3K1 -- MAP3K14 -- TRADD -- TNFRSF10B -- ATM -- CASP2 -- MDM2 -- CHUK -- RPS6KA5 -- PPP1R13L -- MAPK9 -- LYN -- IRF1 -- EIF4G2 -- HTRA2 -- HIP1 -- CDK4 -- OTUD7B -- RNF11 -- CASP10 -- PSEN1 -- SOD1 -- RPA4 -- SMPD1 -- TNIK -- HTT -- PELP1 -- BAX -- BAK1 -- BID -- FOXM1 -- PCNA -- PLAC8 -- CASP9 -- DIABLO -- APAF1
412,STAT1 -- JUN -- FOS -- BIRC2 -- BIRC3 -- SIRT1 -- FASLG -- CFLAR -- MAPK14 -- TGFB2 -- RAC1 -- MAP2K7 -- MAP3K1 -- IGF1 -- VEGFA -- MAPK1 -- AKT1 -- ATM -- MDM2 -- CHUK -- RPS6KA5 -- PPP1R13L -- MAPK9 -- IRF1 -- EIF4G2 -- MYB -- CYCS -- HIP1 -- CDK4 -- OTUD7B -- PSEN1 -- RPA4 -- CASP7 -- SMPD1 -- BBC3 -- PELP1 -- BID -- FOXM1 -- CTBP1 -- PCNA -- TAF1 -- PLAC8 -- DIABLO
413,TNFRSF1A -- TNFRSF1B -- MAPK8 -- JUN -- FOS -- SIRT1 -- RB1 -- TNFAIP3 -- CCND1 -- TRAF1 -- MAPK14 -- RHOA -- RAC1 -- MAP2K7 -- MAP3K1 -- MAP3K14 -- RET -- TRADD -- TNFRSF10B -- ATM -- CASP2 -- CHUK -- RPS6KA5 -- PPP1R13L -- MAPK9 -- IRF1 -- EIF4G2 -- HTRA2 -- MYB -- HIP1 -- RNF11 -- CASP10 -- PSEN1 -- SOD1 -- HNRNPK -- RPA4 -- SMPD1 -- TNIK -- HTT -- CDKN2A -- BAX -- BAK1 -- BID -- FOXM1 -- PCNA -- PLAC8 -- CASP9 -- DIABLO -- APAF1
414,TNFRSF1A -- TNFRSF1B -- MAPK8 -- STAT1 -- FOS -- SIRT1 -- MYC -- TNFAIP3 -- TRAF1 -- MAPK14 -- PTMA -- RHOA -- RAC1 -- MAP2K7 -- MAP3K1 -- IGF1 -- VEGFA -- MAP3K14 -- RET -- TRADD -- ATM -- CASP2 -- CHUK -- PPP1R13L -- MAPK9 -- IRF1 -- EIF4G2 -- HTRA2 -- CDK4 -- OTUD7B -- RNF11 -- PSEN1 -- SOD1 -- HNRNPK -- RPA4 -- CASP7 -- SMPD1 -- TNIK -- HTT -- PELP1 -- BAK1 -- EIF4E -- BID -- FOXM1 -- MCL1 -- PCNA -- TAF1 -- DIABLO -- APAF1 -- RANGAP1
415,STAT1 -- JUN -- FOS -- FASLG -- TRAF1 -- MAPK14 -- TGFB2 -- RAC1 -- MAP2K7 -- MAP3K1 -- VEGFA -- MAP3K14 -- RET -- TRADD -- TNFRSF10B -- ATM -- CASP2 -- CHUK -- RPS6KA5 -- PPP1R13L -- MAPK9 -- IRF1 -- EIF4G2 -- HTRA2 -- MYB -- HIP1 -- OTUD7B -- RNF11 -- CASP10 -- PSEN1 -- SOD1 -- HNRNPK -- RPA4 -- CASP7 -- SMPD1 -- TNIK -- HTT -- CDKN2A -- PELP1 -- BAX -- BAK1 -- BID -- PCNA -- TAF1 -- PLAC8 -- DIABLO -- APAF1 -- RASSF1
416,STAT1 -- JUN -- FOS -- FASLG -- MAPK14 -- IL2 -- RAC1 -- MAP2K7 -- MAP3K1 -- IGF1 -- VEGFA -- MAP3K14 -- RET -- MAPK1 -- AKT1 -- ATM -- E2F1 -- CHUK -- RPS6KA5 -- PPP1R13L -- MAPK9 -- IRF1 -- CYCS -- HIP1 -- CDK4 -- OTUD7B -- PSEN1 -- RPA4 -- CASP7 -- SMPD1 -- CDKN2A -- BBC3 -- PELP1 -- BAK1 -- EIF4E -- BID -- FOXM1 -- CTBP1 -- RBL1 -- PCNA -- TAF1 -- PLAC8 -- DIABLO
417,TNFRSF1A -- TNFRSF1B -- NFKB1 -- MAPK8 -- SIRT1 -- RB1 -- TNFAIP3 -- CCND1 -- TRAF1 -- MAPK14 -- RHOA -- RAC1 -- MAP2K7 -- MAP3K1 -- MAP3K14 -- TRADD -- ATM -- MDM2 -- CHUK -- RPS6KA5 -- PPP1R13L -- MAPK9 -- LYN -- IRF1 -- HTRA2 -- HIP1 -- CDK4 -- OTUD7B -- RNF11 -- PSEN1 -- SOD1 -- RPA4 -- SMPD1 -- TNIK -- PELP1 -- BAX -- BAK1 -- EIF4E -- BID -- FOXM1 -- PCNA -- PLAC8 -- DIABLO
418,TP53 -- STAT1 -- BIRC2 -- MYC -- MAPK14 -- RHOA -- MAP2K7 -- MAP3K1 -- VEGFA -- RET -- TRADD -- MAPK1 -- TNFRSF10B -- ATM -- CHUK -- RPS6KA5 -- PPP1R13L -- MAPK9 -- LYN -- IRF1 -- CYCS -- HIP1 -- OTUD7B -- RNF11 -- PARP1 -- PSEN1 -- SOD1 -- HNRNPK -- SMPD1 -- HTT -- BID -- MCL1 -- PCNA -- TAF1 -- CCNG1 -- DIABLO -- RASSF1
419,TNFRSF1A -- TNFRSF1B -- NFKB1 -- MAPK8 -- JUN -- FOS -- SIRT1 -- RB1 -- TNFAIP3 -- CCND1 -- TRAF1 -- MAPK14 -- RHOA -- NR3C1 -- RAC1 -- MAP2K7 -- MAP3K1 -- MAP3K14 -- TRADD -- TNFRSF10B -- ATM -- CASP2 -- CHUK -- RPS6KA5 -- PPP1R13L -- MAPK9 -- IRF1 -- EIF4G2 -- HTRA2 -- HIP1 -- OTUD7B -- RNF11 -- CASP10 -- PSEN1 -- SOD1 -- HNRNPK -- RPA4 -- SMPD1 -- TNIK -- HTT -- CDKN2A -- BAX -- BAK1 -- BID -- FOXM1 -- PCNA -- PLAC8 -- CASP9 -- DIABLO -- APAF1
420,TNFRSF1A -- TNFRSF1B -- NFKB1 -- MAPK8 -- SIRT1 -- RB1 -- TNFAIP3 -- CCND1 -- TRAF1 -- MAPK14 -- PTMA -- RHOA -- RAC1 -- MAP2K7 -- MAP3K1 -- IGF1 -- MAP3K14 -- RET -- TRADD -- TNFRSF10B -- CASP2 -- MDM2 -- CHUK -- RPS6KA5 -- PPP1R13L -- MAPK9 -- LYN -- IRF1 -- EIF4G2 -- HTRA2 -- HIP1 -- CDK4 -- OTUD7B -- RNF11 -- CASP10 -- PSEN1 -- SOD1 -- RPA4 -- SMPD1 -- TNIK -- HTT -- PELP1 -- BAX -- BAK1 -- EIF4E -- BID -- FOXM1 -- PCNA -- PLAC8 -- DIABLO -- APAF1
421,TNFRSF1A -- TNFRSF1B -- MAPK8 -- STAT1 -- JUN -- FOS -- SIRT1 -- TNFAIP3 -- TRAF1 -- MAPK14 -- RHOA -- NR3C1 -- TGFB2 -- RAC1 -- MAP2K7 -- MAP3K1 -- VEGFA -- MAP3K14 -- TRADD -- TNFRSF10B -- ATM -- CASP2 -- MDM2 -- CHUK -- RPS6KA5 -- PPP1R13L -- MAPK9 -- IRF1 -- EIF4G2 -- HTRA2 -- MYB -- HIP1 -- RNF11 -- CASP10 -- PSEN1 -- SOD1 -- SMPD1 -- TNIK -- HTT -- CDKN2A -- BID -- MCL1 -- PCNA -- PLAC8 -- CASP9 -- DIABLO -- APAF1
422,TNFRSF1A -- TNFRSF1B -- MAPK8 -- STAT1 -- FOS -- BIRC2 -- BIRC3 -- SIRT1 -- TNFAIP3 -- TRAF1 -- MAPK14 -- RHOA -- NR3C1 -- TGFB2 -- RAC1 -- MAP2K7 -- MAP3K1 -- VEGFA -- RET -- TRADD -- ATM -- CHUK -- RPS6KA5 -- PPP1R13L -- MAPK9 -- LYN -- IRF1 -- EIF4G2 -- MYB -- CYCS -- HIP1 -- RNF11 -- PSEN1 -- SOD1 -- HNRNPK -- SMPD1 -- TNIK -- HTT -- BRCA1 -- CDKN2A -- BID -- MCL1 -- PCNA -- TAF1 -- PLAC8 -- DIABLO -- RASSF1
423,NFKB1 -- STAT1 -- BIRC2 -- BIRC3 -- TNFAIP3 -- TRAF1 -- MAPK14 -- TGFB2 -- RAC1 -- MAP2K7 -- MAP3K1 -- VEGFA -- RET -- MAPK1 -- TNFRSF10B -- AKT1 -- E2F1 -- CHUK -- RPS6KA5 -- PPP1R13L -- MAPK9 -- LYN -- IRF1 -- EIF4G2 -- CYCS -- HIP1 -- CDK4 -- OTUD7B -- CASP10 -- PARP1 -- PSEN1 -- HNRNPK -- RPA4 -- SMPD1 -- PELP1 -- BAK1 -- BID -- FOXM1 -- MCL1 -- CTBP1 -- RBL1 -- PCNA -- TAF1 -- PLAC8 -- DIABLO
424,TNFRSF1A -- TNFRSF1B -- MAPK8 -- STAT1 -- JUN -- FOS -- SIRT1 -- RB1 -- TNFAIP3 -- TRAF1 -- MAPK14 -- RHOA -- NR3C1 -- RAC1 -- MAP2K7 -- MAP3K1 -- VEGFA -- MAP3K14 -- RET -- TRADD -- ATM -- CASP2 -- CHUK -- RPS6KA5 -- PPP1R13L -- MAPK9 -- IRF1 -- EIF4G2 -- HTRA2 -- MYB -- HIP1 -- OTUD7B -- RNF11 -- CASP10 -- PSEN1 -- SOD1 -- HNRNPK -- SMPD1 -- TNIK -- HTT -- BRCA1 -- CDKN2A -- BAK1 -- BID -- MCL1 -- PCNA -- PLAC8 -- CASP9 -- DIABLO -- APAF1 -- RASSF1
425,NFKB1 -- STAT1 -- SIRT1 -- TNFAIP3 -- TRAF1 -- MAPK14 -- RAC1 -- MAP2K7 -- MAP3K1 -- VEGFA -- TRADD -- MAPK1 -- TNFRSF10B -- ATM -- CASP2 -- CHUK -- RPS6KA5 -- PPP1R13L -- MAPK9 -- IRF1 -- EIF4G2 -- HTRA2 -- HIP1 -- CDK4 -- OTUD7B -- RNF11 -- PSEN1 -- SOD1 -- HNRNPK -- RPA4 -- CASP7 -- HTT -- PELP1 -- BAK1 -- BID -- FOXM1 -- CTBP1 -- PCNA -- TAF1 -- PLAC8 -- DIABLO -- APAF1
426,TNFRSF1A -- TNFRSF1B -- NFKB1 -- MAPK8 -- BIRC2 -- BIRC3 -- SIRT1 -- MYC -- RB1 -- TNFAIP3 -- CCND1 -- MAPK14 -- PTMA -- RHOA -- RAC1 -- MAP2K7 -- MAP3K1 -- TRADD -- TNFRSF10B -- ATM -- MDM2 -- CHUK -- PPP1R13L -- MAPK9 -- LYN -- IRF1 -- CYCS -- CDK4 -- OTUD7B -- RNF11 -- CASP10 -- PSEN1 -- BAD -- SOD1 -- RPA4 -- SMPD1 -- TNIK -- PELP1 -- BAX -- BAK1 -- EIF4E -- BID -- FOXM1 -- PCNA -- DIABLO -- RANGAP1
427,TNFRSF1A -- TNFRSF1B -- MAPK8 -- STAT1 -- JUN -- FOS -- SIRT1 -- RB1 -- TNFAIP3 -- TRAF1 -- MAPK14 -- RHOA -- RAC1 -- MAP2K7 -- MAP3K1 -- VEGFA -- MAP3K14 -- RET -- TRADD -- ATM -- CASP2 -- CHUK -- RPS6KA5 -- PPP1R13L -- MAPK9 -- IRF1 -- EIF4G2 -- HTRA2 -- MYB -- HIP1 -- RNF11 -- PSEN1 -- SOD1 -- HNRNPK -- RPA4 -- SMPD1 -- TNIK -- HTT -- CDKN2A -- PELP1 -- BAX -- BAK1 -- BID -- PCNA -- PLAC8 -- CASP9 -- DIABLO -- APAF1 -- RASSF1
428,TNFRSF1A -- TNFRSF1B -- MAPK8 -- STAT1 -- FOS -- BIRC2 -- SIRT1 -- TNFAIP3 -- TRAF1 -- MAPK14 -- RHOA -- NR3C1 -- TGFB2 -- RAC1 -- MAP2K7 -- MAP3K1 -- VEGFA -- MAP3K14 -- RET -- TRADD -- ATM -- CASP2 -- CHUK -- RPS6KA5 -- PPP1R13L -- MAPK9 -- LYN -- IRF1 -- EIF4G2 -- CYCS -- HIP1 -- CDK4 -- RNF11 -- PSEN1 -- SOD1 -- HNRNPK -- RPA4 -- SMPD1 -- TNIK -- HTT -- BRCA1 -- BID -- MCL1 -- PCNA -- TAF1 -- PLAC8 -- CASP9 -- DIABLO -- RASSF1
429,TNFRSF1A -- TNFRSF1B -- NFKB1 -- MAPK8 -- BIRC2 -- SIRT1 -- MYC -- RB1 -- TNFAIP3 -- CCND1 -- MAPK14 -- PTMA -- RHOA -- RAC1 -- MAP2K7 -- MAP3K1 -- IGF1 -- TRADD -- ATM -- MDM2 -- CHUK -- PPP1R13L -- MAPK9 -- LYN -- IRF1 -- CYCS -- CDK4 -- OTUD7B -- RNF11 -- CASP10 -- PSEN1 -- BAD -- SOD1 -- RPA4 -- SMPD1 -- TNIK -- PELP1 -- EIF4E -- BID -- FOXM1 -- MCL1 -- PCNA -- TAF1 -- DIABLO -- RANGAP1
430,TNFRSF1A -- TNFRSF1B -- NFKB1 -- MAPK8 -- BIRC2 -- SIRT1 -- RB1 -- TNFAIP3 -- CCND1 -- TRAF1 -- MAPK14 -- RHOA -- RAC1 -- MAP2K7 -- MAP3K1 -- TRADD -- TNFRSF10B -- MDM2 -- CHUK -- RPS6KA5 -- PPP1R13L -- MAPK9 -- LYN -- IRF1 -- EIF4G2 -- CYCS -- CDK4 -- OTUD7B -- RNF11 -- CASP10 -- PSEN1 -- BAD -- SOD1 -- RPA4 -- SMPD1 -- TNIK -- PELP1 -- BAK1 -- EIF4E -- BID -- FOXM1 -- PCNA -- PLAC8 -- DIABLO
431,TNFRSF1A -- TNFRSF1B -- MAPK8 -- STAT1 -- BIRC2 -- SIRT1 -- MYC -- TNFAIP3 -- MAPK14 -- PTMA -- RHOA -- TGFB2 -- RAC1 -- MAP2K7 -- MAP3K1 -- VEGFA -- RET -- TRADD -- ATM -- CHUK -- PPP1R13L -- MAPK9 -- LYN -- IRF1 -- CYCS -- CDK4 -- OTUD7B -- RNF11 -- PSEN1 -- BAD -- SOD1 -- HNRNPK -- RPA4 -- SMPD1 -- TNIK -- PELP1 -- EIF4E -- BID -- FOXM1 -- MCL1 -- PCNA -- TAF1 -- DIABLO -- RASSF1 -- RANGAP1
432,TNFRSF1A -- TNFRSF1B -- MAPK8 -- STAT1 -- BIRC2 -- SIRT1 -- MYC -- TNFAIP3 -- MAPK14 -- PTMA -- RHOA -- RAC1 -- MAP2K7 -- MAP3K1 -- VEGFA -- RET -- TRADD -- CHUK -- PPP1R13L -- MAPK9 -- LYN -- IRF1 -- HTRA2 -- CYCS -- CDK4 -- OTUD7B -- RNF11 -- PSEN1 -- SOD1 -- HNRNPK -- RPA4 -- SMPD1 -- TNIK -- BRCA1 -- BAX -- BAK1 -- EIF4E -- BID -- MCL1 -- PCNA -- TAF1 -- DIABLO -- RANGAP1
433,TNFRSF1A -- TNFRSF1B -- NFKB1 -- MAPK8 -- JUN -- FOS -- SIRT1 -- RB1 -- TNFAIP3 -- CCND1 -- TRAF1 -- MAPK14 -- RHOA -- RAC1 -- MAP2K7 -- MAP3K1 -- IGF1 -- MAP3K14 -- TRADD -- TNFRSF10B -- CASP2 -- MDM2 -- CHUK -- RPS6KA5 -- PPP1R13L -- MAPK9 -- IRF1 -- HTRA2 -- MYB -- HIP1 -- OTUD7B -- RNF11 -- CASP10 -- PSEN1 -- SOD1 -- RPA4 -- SMPD1 -- TNIK -- HTT -- CDKN2A -- PELP1 -- BAX -- BAK1 -- EIF4E -- BID -- FOXM1 -- PCNA -- PLAC8 -- CASP9 -- DIABLO -- APAF1
434,TNFRSF1A -- TNFRSF1B -- MAPK8 -- BIRC2 -- BIRC3 -- SIRT1 -- MYC -- TNFAIP3 -- CCND1 -- MAPK14 -- PTMA -- RHOA -- TGFB2 -- RAC1 -- MAP2K7 -- MAP3K1 -- VEGFA -- TRADD -- ATM -- MDM2 -- CHUK -- PPP1R13L -- MAPK9 -- LYN -- IRF1 -- CYCS -- CDK4 -- OTUD7B -- RNF11 -- PSEN1 -- BAD -- SOD1 -- RPA4 -- SMPD1 -- TNIK -- PELP1 -- BID -- FOXM1 -- MCL1 -- PCNA -- TAF1 -- DIABLO -- RANGAP1
435,TNFRSF1A -- TNFRSF1B -- NFKB1 -- MAPK8 -- STAT1 -- SIRT1 -- MYC -- TNFAIP3 -- MAPK14 -- PTMA -- RHOA -- RAC1 -- MAP2K7 -- MAP3K1 -- IGF1 -- VEGFA -- MAP3K14 -- RET -- TRADD -- TNFRSF10B -- MDM2 -- CHUK -- PPP1R13L -- MAPK9 -- LYN -- IRF1 -- HTRA2 -- CDK4 -- OTUD7B -- RNF11 -- PSEN1 -- SOD1 -- RPA4 -- SMPD1 -- TNIK -- PELP1 -- BAX -- BAK1 -- EIF4E -- BID -- MCL1 -- PCNA -- TAF1 -- PLAC8 -- DIABLO -- RANGAP1
436,TNFRSF1A -- TNFRSF1B -- MAPK8 -- STAT1 -- BIRC2 -- SIRT1 -- MYC -- TNFAIP3 -- MAPK14 -- PTMA -- RHOA -- RAC1 -- MAP2K7 -- MAP3K1 -- VEGFA -- RET -- TRADD -- MDM2 -- CHUK -- PPP1R13L -- MAPK9 -- LYN -- IRF1 -- CYCS -- RNF11 -- PSEN1 -- BAD -- SOD1 -- HNRNPK -- SMPD1 -- TNIK -- BRCA1 -- BID -- TFDP1 -- MCL1 -- PCNA -- TAF1 -- DIABLO -- RANGAP1
437,TNFRSF1A -- TNFRSF1B -- MAPK8 -- STAT1 -- BIRC2 -- SIRT1 -- MYC -- TNFAIP3 -- MAPK14 -- RHOA -- TGFB2 -- RAC1 -- MAP2K7 -- MAP3K1 -- VEGFA -- RET -- TRADD -- ATM -- CHUK -- PPP1R13L -- MAPK9 -- LYN -- IRF1 -- CYCS -- RNF11 -- PSEN1 -- SOD1 -- HNRNPK -- SMPD1 -- TNIK -- BRCA1 -- CDKN2A -- EIF4E -- BID -- MCL1 -- PCNA -- TAF1 -- DIABLO -- RASSF1
438,TNFRSF1A -- TNFRSF1B -- MAPK8 -- STAT1 -- JUN -- FOS -- SIRT1 -- TNFAIP3 -- TRAF1 -- MAPK14 -- RHOA -- NR3C1 -- TGFB2 -- RAC1 -- MAP2K7 -- MAP3K1 -- VEGFA -- MAP3K14 -- TRADD -- ATM -- CASP2 -- CHUK -- RPS6KA5 -- PPP1R13L -- MAPK9 -- IRF1 -- EIF4G2 -- MYB -- HIP1 -- RNF11 -- PSEN1 -- SOD1 -- HNRNPK -- SMPD1 -- TNIK -- HTT -- BRCA1 -- CDKN2A -- BID -- MCL1 -- PCNA -- TAF1 -- PLAC8 -- CASP9 -- DIABLO -- APAF1 -- RASSF1
439,TNFRSF1A -- TNFRSF1B -- NFKB1 -- MAPK8 -- JUN -- FOS -- SIRT1 -- RB1 -- TNFAIP3 -- CCND1 -- TRAF1 -- MAPK14 -- RHOA -- RAC1 -- MAP2K7 -- MAP3K1 -- MAP3K14 -- TRADD -- TNFRSF10B -- CASP2 -- MDM2 -- CHUK -- RPS6KA5 -- PPP1R13L -- MAPK9 -- IRF1 -- EIF4G2 -- HTRA2 -- HIP1 -- CDK4 -- OTUD7B -- RNF11 -- CASP10 -- PSEN1 -- SOD1 -- RPA4 -- SMPD1 -- TNIK -- HTT -- PELP1 -- BAX -- BAK1 -- BID -- FOXM1 -- PCNA -- PLAC8 -- CASP9 -- DIABLO -- APAF1
440,TNFRSF1A -- TNFRSF1B -- NFKB1 -- MAPK8 -- SIRT1 -- RB1 -- TNFAIP3 -- CCND1 -- TRAF1 -- MAPK14 -- RHOA -- RAC1 -- MAP2K7 -- MAP3K1 -- IGF1 -- MAP3K14 -- TRADD -- TNFRSF10B -- ATM -- CASP2 -- MDM2 -- CHUK -- RPS6KA5 -- PPP1R13L -- MAPK9 -- IRF1 -- EIF4G2 -- HTRA2 -- HIP1 -- CDK4 -- OTUD7B -- RNF11 -- CASP10 -- PSEN1 -- SOD1 -- RPA4 -- SMPD1 -- TNIK -- HTT -- PELP1 -- BAX -- BAK1 -- BID -- FOXM1 -- PCNA -- PLAC8 -- CASP9 -- DIABLO -- APAF1
441,STAT1 -- JUN -- FOS -- BIRC2 -- BIRC3 -- SIRT1 -- MAPK14 -- TGFB2 -- RAC1 -- MAP2K7 -- MAP3K1 -- VEGFA -- RET -- MAPK1 -- AKT1 -- ATM -- CHUK -- RPS6KA5 -- PPP1R13L -- MAPK9 -- LYN -- IRF1 -- MYB -- CYCS -- HIP1 -- OTUD7B -- PARP1 -- PSEN1 -- HNRNPK -- SMPD1 -- CDKN2A -- BAK1 -- EIF4E -- BID -- MCL1 -- RBL1 -- PCNA -- TAF1 -- PLAC8 -- DIABLO -- RASSF1
442,TNFRSF1A -- TNFRSF1B -- NFKB1 -- MAPK8 -- SIRT1 -- RB1 -- TNFAIP3 -- CCND1 -- TRAF1 -- MAPK14 -- RHOA -- RAC1 -- MAP2K7 -- MAP3K1 -- IGF1 -- MAP3K14 -- TRADD -- TNFRSF10B -- ATM -- CASP2 -- MDM2 -- CHUK -- RPS6KA5 -- PPP1R13L -- MAPK9 -- LYN -- IRF1 -- EIF4G2 -- HTRA2 -- HIP1 -- CDK4 -- OTUD7B -- RNF11 -- CASP10 -- PSEN1 -- SOD1 -- RPA4 -- SMPD1 -- TNIK -- HTT -- PELP1 -- BAX -- BAK1 -- BID -- FOXM1 -- PCNA -- PLAC8 -- CASP9 -- DIABLO -- APAF1
443,TNFRSF1A -- TNFRSF1B -- NFKB1 -- MAPK8 -- STAT1 -- BIRC2 -- BIRC3 -- SIRT1 -- MYC -- TNFAIP3 -- CCND1 -- MAPK14 -- RHOA -- RAC1 -- MAP2K7 -- MAP3K1 -- VEGFA -- TRADD -- TNFRSF10B -- MDM2 -- CHUK -- RPS6KA5 -- PPP1R13L -- MAPK9 -- LYN -- IRF1 -- CYCS -- CDK4 -- OTUD7B -- RNF11 -- PSEN1 -- SOD1 -- RPA4 -- SMPD1 -- TNIK -- PELP1 -- EIF4E -- BID -- FOXM1 -- MCL1 -- PCNA -- TAF1 -- DIABLO
444,TNFRSF1A -- TNFRSF1B -- NFKB1 -- MAPK8 -- SIRT1 -- RB1 -- TNFAIP3 -- CCND1 -- TRAF1 -- MAPK14 -- RHOA -- RAC1 -- MAP2K7 -- MAP3K1 -- IGF1 -- MAP3K14 -- TRADD -- TNFRSF10B -- CASP2 -- MDM2 -- CHUK -- RPS6KA5 -- PPP1R13L -- MAPK9 -- LYN -- IRF1 -- EIF4G2 -- HTRA2 -- CYCS -- HIP1 -- CDK4 -- OTUD7B -- RNF11 -- CASP10 -- PSEN1 -- SOD1 -- RPA4 -- SMPD1 -- TNIK -- HTT -- PELP1 -- BAX -- BAK1 -- BID -- FOXM1 -- PCNA -- PLAC8 -- CASP9 -- DIABLO -- APAF1
445,STAT1 -- JUN -- FOS -- BIRC2 -- BIRC3 -- SIRT1 -- MAPK14 -- TGFB2 -- RAC1 -- MAP2K7 -- MAP3K1 -- VEGFA -- RET -- MAPK1 -- AKT1 -- ATM -- CHUK -- RPS6KA5 -- PPP1R13L -- MAPK9 -- LYN -- IRF1 -- MYB -- CYCS -- HIP1 -- OTUD7B -- PARP1 -- PSEN1 -- HNRNPK -- SMPD1 -- BRCA1 -- CDKN2A -- EIF4E -- BID -- MCL1 -- PCNA -- TAF1 -- PLAC8 -- DIABLO -- RASSF1
446,TNFRSF1A -- TNFRSF1B -- MAPK8 -- STAT1 -- JUN -- FOS -- BIRC2 -- BIRC3 -- SIRT1 -- TNFAIP3 -- TRAF1 -- MAPK14 -- RHOA -- NR3C1 -- TGFB2 -- RAC1 -- MAP2K7 -- MAP3K1 -- VEGFA -- RET -- TRADD -- ATM -- CASP2 -- CHUK -- RPS6KA5 -- PPP1R13L -- MAPK9 -- IRF1 -- EIF4G2 -- MYB -- CYCS -- HIP1 -- RNF11 -- PSEN1 -- SOD1 -- HNRNPK -- SMPD1 -- TNIK -- HTT -- BRCA1 -- CDKN2A -- BID -- MCL1 -- PCNA -- TAF1 -- PLAC8 -- CASP9 -- DIABLO -- APAF1 -- RASSF1
447,TNFRSF1A -- TNFRSF1B -- MAPK8 -- STAT1 -- BIRC2 -- BIRC3 -- SIRT1 -- MYC -- RB1 -- TNFAIP3 -- CCND1 -- MAPK14 -- PTMA -- RHOA -- TGFB2 -- RAC1 -- MAP2K7 -- MAP3K1 -- IGF1 -- TRADD -- MDM2 -- CHUK -- PPP1R13L -- MAPK9 -- LYN -- IRF1 -- CYCS -- CDK4 -- OTUD7B -- RNF11 -- PSEN1 -- BAD -- SOD1 -- RPA4 -- SMPD1 -- TNIK -- PELP1 -- EIF4E -- BID -- FOXM1 -- MCL1 -- PCNA -- TAF1 -- DIABLO -- RANGAP1
448,TNFRSF1A -- TNFRSF1B -- NFKB1 -- MAPK8 -- SIRT1 -- RB1 -- TNFAIP3 -- CCND1 -- TRAF1 -- MAPK14 -- RHOA -- RAC1 -- MAP2K7 -- MAP3K1 -- IGF1 -- MAP3K14 -- TRADD -- TNFRSF10B -- ATM -- CASP2 -- MDM2 -- CHUK -- RPS6KA5 -- PPP1R13L -- MAPK9 -- LYN -- IRF1 -- EIF4G2 -- HTRA2 -- HIP1 -- CDK4 -- OTUD7B -- RNF11 -- PSEN1 -- SOD1 -- RPA4 -- SMPD1 -- TNIK -- HTT -- PELP1 -- BAX -- BAK1 -- BID -- FOXM1 -- PCNA -- PLAC8 -- DIABLO -- APAF1
449,TNFRSF1A -- TNFRSF1B -- MAPK8 -- STAT1 -- BIRC2 -- SIRT1 -- MYC -- TNFAIP3 -- MAPK14 -- PTMA -- RHOA -- TGFB2 -- RAC1 -- MAP2K7 -- MAP3K1 -- VEGFA -- RET -- TRADD -- ATM -- CHUK -- RPS6KA5 -- PPP1R13L -- MAPK9 -- LYN -- IRF1 -- CYCS -- RNF11 -- PSEN1 -- SOD1 -- HNRNPK -- SMPD1 -- TNIK -- EIF4E -- BID -- TFDP1 -- PCNA -- TAF1 -- DIABLO -- RASSF1 -- RANGAP1
450,TNFRSF1A -- TNFRSF1B -- MAPK8 -- STAT1 -- JUN -- FOS -- BIRC2 -- BIRC3 -- SIRT1 -- TNFAIP3 -- TRAF1 -- MAPK14 -- RHOA -- NR3C1 -- TGFB2 -- RAC1 -- MAP2K7 -- MAP3K1 -- VEGFA -- RET -- TRADD -- ATM -- CHUK -- RPS6KA5 -- PPP1R13L -- MAPK9 -- LYN -- IRF1 -- EIF4G2 -- MYB -- CYCS -- HIP1 -- RNF11 -- PSEN1 -- SOD1 -- HNRNPK -- SMPD1 -- TNIK -- BRCA1 -- CDKN2A -- BID -- MCL1 -- PCNA -- TAF1 -- PLAC8 -- DIABLO -- RASSF1
451,TNFRSF1A -- TNFRSF1B -- NFKB1 -- MAPK8 -- JUN -- FOS -- SIRT1 -- RB1 -- TNFAIP3 -- CCND1 -- TRAF1 -- MAPK14 -- RHOA -- RAC1 -- MAP2K7 -- MAP3K1 -- IGF1 -- MAP3K14 -- TRADD -- TNFRSF10B -- ATM -- CASP2 -- MDM2 -- CHUK -- RPS6KA5 -- PPP1R13L -- MAPK9 -- IRF1 -- EIF4G2 -- HTRA2 -- MYB -- HIP1 -- CDK4 -- OTUD7B -- RNF11 -- CASP10 -- PSEN1 -- SOD1 -- RPA4 -- SMPD1 -- TNIK -- HTT -- CDKN2A -- PELP1 -- BAX -- BAK1 -- BID -- FOXM1 -- PCNA -- PLAC8 -- CASP9 -- DIABLO -- APAF1
452,TNFRSF1A -- TNFRSF1B -- MAPK8 -- STAT1 -- BIRC2 -- BIRC3 -- SIRT1 -- TNFAIP3 -- TRAF1 -- MAPK14 -- RHOA -- NR3C1 -- RAC1 -- MAP2K7 -- MAP3K1 -- VEGFA -- RET -- TRADD -- ATM -- CHUK -- RPS6KA5 -- PPP1R13L -- MAPK9 -- LYN -- IRF1 -- CYCS -- HIP1 -- RNF11 -- PSEN1 -- SOD1 -- HNRNPK -- SMPD1 -- TNIK -- BRCA1 -- EIF4E -- BID -- MCL1 -- PCNA -- TAF1 -- PLAC8 -- DIABLO -- RASSF1
453,TNFRSF1A -- TNFRSF1B -- MAPK8 -- STAT1 -- BIRC2 -- BIRC3 -- SIRT1 -- MYC -- TNFAIP3 -- TRAF1 -- MAPK14 -- PTMA -- RHOA -- NR3C1 -- RAC1 -- MAP2K7 -- MAP3K1 -- VEGFA -- TRADD -- MDM2 -- CHUK -- RPS6KA5 -- PPP1R13L -- MAPK9 -- LYN -- IRF1 -- CYCS -- HIP1 -- CDK4 -- RNF11 -- PSEN1 -- SOD1 -- RPA4 -- SMPD1 -- TNIK -- EIF4E -- BID -- FOXM1 -- TFDP1 -- PCNA -- TAF1 -- DIABLO
454,STAT1 -- JUN -- FOS -- SIRT1 -- CFLAR -- MAPK14 -- TGFB2 -- RAC1 -- MAP2K7 -- MAP3K1 -- VEGFA -- MAP3K14 -- RET -- MAPK1 -- E2F1 -- CHUK -- RPS6KA5 -- PPP1R13L -- MAPK9 -- IRF1 -- EIF4G2 -- HTRA2 -- MYB -- HIP1 -- CDK4 -- OTUD7B -- RNF11 -- PSEN1 -- SOD1 -- CASP7 -- BBC3 -- PELP1 -- BAX -- BAK1 -- BID -- FOXM1 -- CTBP1 -- RBL1 -- PCNA -- TAF1 -- PLAC8 -- DIABLO -- APAF1
455,TNFRSF1A -- TNFRSF1B -- NFKB1 -- MAPK8 -- BIRC3 -- SIRT1 -- RB1 -- TNFAIP3 -- CCND1 -- TRAF1 -- MAPK14 -- RHOA -- RAC1 -- MAP2K7 -- MAP3K1 -- IGF1 -- TRADD -- TNFRSF10B -- MDM2 -- CHUK -- RPS6KA5 -- PPP1R13L -- MAPK9 -- LYN -- IRF1 -- EIF4G2 -- HTRA2 -- HIP1 -- CDK4 -- OTUD7B -- RNF11 -- CASP10 -- PSEN1 -- SOD1 -- RPA4 -- SMPD1 -- TNIK -- PELP1 -- BAX -- BAK1 -- BID -- FOXM1 -- PCNA -- PLAC8 -- DIABLO
456,TNFRSF1A -- TNFRSF1B -- MAPK8 -- SIRT1 -- TNFAIP3 -- CCND1 -- TRAF1 -- MAPK14 -- RHOA -- TGFB2 -- RAC1 -- MAP2K7 -- MAP3K1 -- VEGFA -- MAP3K14 -- TRADD -- CASP2 -- MDM2 -- CHUK -- RPS6KA5 -- PPP1R13L -- MAPK9 -- IRF1 -- EIF4G2 -- HTRA2 -- HIP1 -- CDK4 -- OTUD7B -- RNF11 -- PSEN1 -- SOD1 -- RPA4 -- SMPD1 -- TNIK -- HTT -- PELP1 -- BID -- FOXM1 -- MCL1 -- PCNA -- TAF1 -- CASP9 -- DIABLO -- APAF1
457,TNFRSF1A -- TNFRSF1B -- NFKB1 -- MAPK8 -- FOS -- SIRT1 -- RB1 -- TNFAIP3 -- CCND1 -- TRAF1 -- MAPK14 -- RHOA -- RAC1 -- MAP2K7 -- MAP3K1 -- MAP3K14 -- TRADD -- TNFRSF10B -- ATM -- CASP2 -- MDM2 -- CHUK -- RPS6KA5 -- PPP1R13L -- MAPK9 -- IRF1 -- EIF4G2 -- HTRA2 -- HIP1 -- CDK4 -- OTUD7B -- RNF11 -- CASP10 -- PSEN1 -- SOD1 -- RPA4 -- SMPD1 -- TNIK -- HTT -- PELP1 -- BAX -- BAK1 -- BID -- FOXM1 -- PCNA -- PLAC8 -- CASP9 -- DIABLO -- APAF1
458,TNFRSF1A -- TNFRSF1B -- MAPK8 -- STAT1 -- JUN -- FOS -- SIRT1 -- RB1 -- TNFAIP3 -- TRAF1 -- MAPK14 -- RHOA -- RAC1 -- MAP2K7 -- MAP3K1 -- VEGFA -- MAP3K14 -- RET -- TRADD -- ATM -- CASP2 -- CHUK -- RPS6KA5 -- PPP1R13L -- MAPK9 -- IRF1 -- EIF4G2 -- HTRA2 -- MYB -- HIP1 -- RNF11 -- PSEN1 -- SOD1 -- SMPD1 -- TNIK -- HTT -- CDKN2A -- PELP1 -- BAX -- BAK1 -- BID -- MCL1 -- PCNA -- PLAC8 -- CASP9 -- DIABLO -- APAF1
459,TNFRSF1A -- TNFRSF1B -- MAPK8 -- STAT1 -- JUN -- FOS -- SIRT1 -- RB1 -- TNFAIP3 -- TRAF1 -- MAPK14 -- RHOA -- NR3C1 -- RAC1 -- MAP2K7 -- MAP3K1 -- MAP3K14 -- TRADD -- ATM -- CASP2 -- CHUK -- RPS6KA5 -- PPP1R13L -- MAPK9 -- IRF1 -- EIF4G2 -- HTRA2 -- MYB -- HIP1 -- RNF11 -- PSEN1 -- SOD1 -- HNRNPK -- RPA4 -- SMPD1 -- TNIK -- HTT -- BRCA1 -- CDKN2A -- BAK1 -- BID -- PCNA -- PLAC8 -- CASP9 -- DIABLO -- APAF1 -- RASSF1
460,TNFRSF1A -- TNFRSF1B -- NFKB1 -- MAPK8 -- STAT1 -- BIRC2 -- BIRC3 -- SIRT1 -- MYC -- TNFAIP3 -- MAPK14 -- PTMA -- RHOA -- RAC1 -- MAP2K7 -- MAP3K1 -- IGF1 -- VEGFA -- TRADD -- TNFRSF10B -- MDM2 -- CHUK -- PPP1R13L -- MAPK9 -- LYN -- IRF1 -- EIF4G2 -- CYCS -- CDK4 -- OTUD7B -- RNF11 -- CASP10 -- PSEN1 -- BAD -- SOD1 -- SMPD1 -- TNIK -- BRCA1 -- PELP1 -- EIF4E -- BID -- FOXM1 -- MCL1 -- PCNA -- TAF1 -- DIABLO -- RANGAP1
461,TNFRSF1A -- TNFRSF1B -- MAPK8 -- BIRC2 -- BIRC3 -- SIRT1 -- MYC -- TNFAIP3 -- CCND1 -- MAPK14 -- PTMA -- RHOA -- TGFB2 -- RAC1 -- MAP2K7 -- MAP3K1 -- TRADD -- ATM -- MDM2 -- CHUK -- PPP1R13L -- MAPK9 -- LYN -- IRF1 -- EIF4G2 -- CYCS -- CDK4 -- OTUD7B -- RNF11 -- PSEN1 -- BAD -- SOD1 -- RPA4 -- SMPD1 -- TNIK -- PELP1 -- BID -- FOXM1 -- PCNA -- TAF1 -- DIABLO -- RANGAP1
462,NFKB1 -- STAT1 -- BIRC2 -- BIRC3 -- MYC -- TNFAIP3 -- MAPK14 -- RAC1 -- MAP2K7 -- MAP3K1 -- VEGFA -- RET -- MAPK1 -- AKT1 -- ATM -- CHUK -- RPS6KA5 -- PPP1R13L -- MAPK9 -- LYN -- IRF1 -- MYB -- CYCS -- HIP1 -- OTUD7B -- PARP1 -- PSEN1 -- SMPD1 -- BRCA1 -- BBC3 -- BAK1 -- BID -- TFDP1 -- PCNA -- TAF1 -- DIABLO -- RASSF1
463,TNFRSF1A -- TNFRSF1B -- STAT1 -- BIRC2 -- TNFAIP3 -- TRAF1 -- MAPK14 -- RHOA -- IL2 -- RAC1 -- MAP2K7 -- MAP3K1 -- VEGFA -- TRADD -- ATM -- E2F1 -- MDM2 -- CHUK -- RPS6KA5 -- PPP1R13L -- MAPK9 -- LYN -- IRF1 -- EIF4G2 -- HIP1 -- CDK4 -- OTUD7B -- RNF11 -- PSEN1 -- RPA4 -- TNIK -- BBC3 -- PELP1 -- EIF4E -- BID -- FOXM1 -- CTBP1 -- PCNA -- TAF1 -- PLAC8 -- DIABLO
464,TNFRSF1A -- TNFRSF1B -- MAPK8 -- FOS -- SIRT1 -- MYC -- RB1 -- TNFAIP3 -- CCND1 -- MAPK14 -- PTMA -- RHOA -- TGFB2 -- RAC1 -- MAP2K7 -- MAP3K1 -- IGF1 -- MAP3K14 -- TRADD -- ATM -- CASP2 -- MDM2 -- CHUK -- PPP1R13L -- MAPK9 -- IRF1 -- EIF4G2 -- HTRA2 -- CDK4 -- OTUD7B -- RNF11 -- PSEN1 -- SOD1 -- RPA4 -- CASP7 -- SMPD1 -- TNIK -- HTT -- PELP1 -- BAX -- BAK1 -- BID -- FOXM1 -- PCNA -- TAF1 -- DIABLO -- APAF1 -- RANGAP1
465,MAPK8 -- STAT1 -- JUN -- FOS -- SIRT1 -- MAPK14 -- NR3C1 -- TGFB2 -- RAC1 -- MAP2K7 -- MAP3K1 -- VEGFA -- MAP3K14 -- RET -- MAPK1 -- AKT1 -- ATM -- CHUK -- RPS6KA5 -- PPP1R13L -- MAPK9 -- IRF1 -- EIF4G2 -- MYB -- CYCS -- HIP1 -- OTUD7B -- PSEN1 -- HNRNPK -- CASP7 -- BRCA1 -- CDKN2A -- BAK1 -- BID -- PCNA -- TAF1 -- PLAC8 -- DIABLO -- RASSF1
466,TNFRSF1A -- TNFRSF1B -- NFKB1 -- MAPK8 -- STAT1 -- JUN -- FOS -- BIRC2 -- SIRT1 -- TNFAIP3 -- CCND1 -- TRAF1 -- MAPK14 -- RHOA -- RAC1 -- MAP2K7 -- MAP3K1 -- IGF1 -- MAP3K14 -- TRADD -- ATM -- CASP2 -- MDM2 -- CHUK -- PPP1R13L -- MAPK9 -- IRF1 -- EIF4G2 -- MYB -- CDK4 -- OTUD7B -- RNF11 -- PSEN1 -- BAD -- SOD1 -- HNRNPK -- RPA4 -- SMPD1 -- TNIK -- HTT -- CDKN2A -- PELP1 -- BID -- FOXM1 -- MCL1 -- PCNA -- TAF1 -- PLAC8 -- DIABLO -- APAF1
467,TNFRSF1A -- TNFRSF1B -- NFKB1 -- MAPK8 -- FOS -- SIRT1 -- RB1 -- TNFAIP3 -- CCND1 -- TRAF1 -- MAPK14 -- RHOA -- RAC1 -- MAP2K7 -- MAP3K1 -- TRADD -- TNFRSF10B -- CASP2 -- MDM2 -- CHUK -- RPS6KA5 -- PPP1R13L -- MAPK9 -- IRF1 -- EIF4G2 -- HTRA2 -- HIP1 -- CDK4 -- OTUD7B -- RNF11 -- CASP10 -- PSEN1 -- SOD1 -- RPA4 -- SMPD1 -- TNIK -- HTT -- PELP1 -- BAX -- BAK1 -- BID -- FOXM1 -- PCNA -- PLAC8 -- CASP9 -- DIABLO -- APAF1
468,TNFRSF1A -- TNFRSF1B -- MAPK8 -- STAT1 -- JUN -- FOS -- BIRC2 -- SIRT1 -- TNFAIP3 -- TRAF1 -- MAPK14 -- RHOA -- TGFB2 -- RAC1 -- MAP2K7 -- MAP3K1 -- VEGFA -- RET -- TRADD -- ATM -- CASP2 -- CHUK -- RPS6KA5 -- PPP1R13L -- MAPK9 -- IRF1 -- EIF4G2 -- MYB -- CYCS -- HIP1 -- RNF11 -- PSEN1 -- SOD1 -- HNRNPK -- RPA4 -- SMPD1 -- TNIK -- HTT -- BRCA1 -- CDKN2A -- PELP1 -- BID -- MCL1 -- PCNA -- TAF1 -- PLAC8 -- DIABLO -- RASSF1
469,TNFRSF1A -- TNFRSF1B -- MAPK8 -- STAT1 -- BIRC2 -- SIRT1 -- MYC -- TNFAIP3 -- MAPK14 -- PTMA -- RHOA -- RAC1 -- MAP2K7 -- MAP3K1 -- VEGFA -- RET -- TRADD -- MDM2 -- CHUK -- PPP1R13L -- MAPK9 -- LYN -- IRF1 -- CYCS -- RNF11 -- PSEN1 -- SOD1 -- SMPD1 -- TNIK -- BRCA1 -- EIF4E -- BID -- TFDP1 -- MCL1 -- PCNA -- TAF1 -- DIABLO -- RANGAP1
470,TNFRSF1A -- TNFRSF1B -- NFKB1 -- MAPK8 -- JUN -- FOS -- SIRT1 -- RB1 -- TNFAIP3 -- TRAF1 -- MAPK14 -- RHOA -- NR3C1 -- RAC1 -- MAP2K7 -- MAP3K1 -- MAP3K14 -- TRADD -- TNFRSF10B -- ATM -- CASP2 -- MDM2 -- CHUK -- RPS6KA5 -- PPP1R13L -- MAPK9 -- IRF1 -- EIF4G2 -- HTRA2 -- MYB -- HIP1 -- RNF11 -- CASP10 -- PSEN1 -- SOD1 -- SMPD1 -- TNIK -- HTT -- BRCA1 -- CDKN2A -- BAK1 -- BID -- FOXM1 -- PCNA -- PLAC8 -- CASP9 -- DIABLO -- APAF1 -- RASSF1
471,TNFRSF1A -- TNFRSF1B -- NFKB1 -- MAPK8 -- BIRC2 -- BIRC3 -- SIRT1 -- RB1 -- TNFAIP3 -- CCND1 -- TRAF1 -- MAPK14 -- PTMA -- RHOA -- RAC1 -- MAP2K7 -- MAP3K1 -- TRADD -- ATM -- MDM2 -- CHUK -- RPS6KA5 -- PPP1R13L -- MAPK9 -- LYN -- IRF1 -- CYCS -- CDK4 -- OTUD7B -- RNF11 -- PSEN1 -- BAD -- SOD1 -- RPA4 -- SMPD1 -- TNIK -- PELP1 -- BAX -- EIF4E -- BID -- FOXM1 -- PCNA -- PLAC8 -- DIABLO
472,TNFRSF1A -- TNFRSF1B -- MAPK8 -- STAT1 -- JUN -- FOS -- BIRC2 -- BIRC3 -- SIRT1 -- TNFAIP3 -- TRAF1 -- MAPK14 -- RHOA -- NR3C1 -- TGFB2 -- RAC1 -- MAP2K7 -- MAP3K1 -- VEGFA -- RET -- TRADD -- ATM -- CHUK -- RPS6KA5 -- PPP1R13L -- MAPK9 -- IRF1 -- MYB -- CYCS -- HIP1 -- OTUD7B -- RNF11 -- PSEN1 -- SOD1 -- HNRNPK -- SMPD1 -- TNIK -- BRCA1 -- CDKN2A -- BID -- MCL1 -- PCNA -- TAF1 -- PLAC8 -- DIABLO
473,TNFRSF1A -- TNFRSF1B -- MAPK8 -- STAT1 -- JUN -- FOS -- SIRT1 -- RB1 -- TNFAIP3 -- TRAF1 -- MAPK14 -- RHOA -- RAC1 -- MAP2K7 -- MAP3K1 -- IGF1 -- MAP3K14 -- RET -- TRADD -- TNFRSF10B -- ATM -- CASP2 -- CHUK -- RPS6KA5 -- PPP1R13L -- MAPK9 -- IRF1 -- EIF4G2 -- HTRA2 -- MYB -- HIP1 -- RNF11 -- CASP10 -- PSEN1 -- SOD1 -- HNRNPK -- SMPD1 -- TNIK -- HTT -- BRCA1 -- CDKN2A -- PELP1 -- BAX -- BAK1 -- BID -- PCNA -- PLAC8 -- CASP9 -- DIABLO -- APAF1 -- RASSF1
474,TNFRSF1A -- TNFRSF1B -- MAPK8 -- STAT1 -- BIRC2 -- SIRT1 -- MYC -- TNFAIP3 -- TRAF1 -- MAPK14 -- RHOA -- RAC1 -- MAP2K7 -- MAP3K1 -- VEGFA -- RET -- TRADD -- ATM -- CHUK -- PPP1R13L -- MAPK9 -- LYN -- IRF1 -- CYCS -- CDK4 -- RNF11 -- PSEN1 -- BAD -- SOD1 -- HNRNPK -- RPA4 -- SMPD1 -- TNIK -- BRCA1 -- PELP1 -- BID -- FOXM1 -- MCL1 -- PCNA -- TAF1 -- DIABLO
475,TNFRSF1A -- TNFRSF1B -- MAPK8 -- STAT1 -- JUN -- FOS -- SIRT1 -- TNFAIP3 -- TRAF1 -- MAPK14 -- RHOA -- NR3C1 -- TGFB2 -- RAC1 -- MAP2K7 -- MAP3K1 -- VEGFA -- MAP3K14 -- RET -- TRADD -- ATM -- CASP2 -- CHUK -- RPS6KA5 -- PPP1R13L -- MAPK9 -- IRF1 -- EIF4G2 -- HTRA2 -- MYB -- HIP1 -- RNF11 -- PSEN1 -- SOD1 -- HNRNPK -- CASP7 -- SMPD1 -- TNIK -- HTT -- BRCA1 -- CDKN2A -- BID -- MCL1 -- PCNA -- TAF1 -- PLAC8 -- CASP9 -- DIABLO -- APAF1 -- RASSF1
476,TNFRSF1A -- TNFRSF1B -- NFKB1 -- MAPK8 -- FOS -- SIRT1 -- RB1 -- TNFAIP3 -- CCND1 -- TRAF1 -- MAPK14 -- RHOA -- RAC1 -- MAP2K7 -- MAP3K1 -- MAP3K14 -- TRADD -- TNFRSF10B -- CASP2 -- MDM2 -- CHUK -- RPS6KA5 -- PPP1R13L -- MAPK9 -- IRF1 -- EIF4G2 -- HTRA2 -- HIP1 -- CDK4 -- OTUD7B -- RNF11 -- CASP10 -- PSEN1 -- SOD1 -- RPA4 -- SMPD1 -- TNIK -- HTT -- PELP1 -- BAX -- BAK1 -- BID -- FOXM1 -- PCNA -- PLAC8 -- CASP9 -- DIABLO -- APAF1
477,TNFRSF1A -- TNFRSF1B -- NFKB1 -- MAPK8 -- STAT1 -- BIRC2 -- SIRT1 -- MYC -- TNFAIP3 -- MAPK14 -- PTMA -- RHOA -- RAC1 -- MAP2K7 -- MAP3K1 -- VEGFA -- RET -- TRADD -- TNFRSF10B -- MDM2 -- CHUK -- PPP1R13L -- MAPK9 -- LYN -- IRF1 -- CYCS -- CDK4 -- OTUD7B -- RNF11 -- PSEN1 -- BAD -- SOD1 -- SMPD1 -- TNIK -- PELP1 -- EIF4E -- BID -- FOXM1 -- MCL1 -- PCNA -- TAF1 -- DIABLO -- RANGAP1
478,NFKB1 -- STAT1 -- BIRC2 -- BIRC3 -- SIRT1 -- MYC -- TNFAIP3 -- MAPK14 -- PTMA -- RHOA -- IL2 -- RAC1 -- MAP2K7 -- MAP3K1 -- IGF1 -- VEGFA -- MAPK1 -- TNFRSF10B -- MDM2 -- CHUK -- PPP1R13L -- MAPK9 -- LYN -- IRF1 -- CYCS -- CDK4 -- OTUD7B -- RNF11 -- CASP10 -- PARP1 -- PSEN1 -- SOD1 -- RPA4 -- SMPD1 -- PELP1 -- EIF4E -- BID -- FOXM1 -- CTBP1 -- PCNA -- TAF1 -- DIABLO -- RANGAP1
479,TNFRSF1A -- TNFRSF1B -- MAPK8 -- STAT1 -- JUN -- BIRC2 -- BIRC3 -- SIRT1 -- TNFAIP3 -- TRAF1 -- MAPK14 -- RHOA -- NR3C1 -- TGFB2 -- RAC1 -- MAP2K7 -- MAP3K1 -- VEGFA -- RET -- TRADD -- ATM -- CHUK -- RPS6KA5 -- PPP1R13L -- MAPK9 -- LYN -- IRF1 -- MYB -- CYCS -- HIP1 -- RNF11 -- PSEN1 -- SOD1 -- HNRNPK -- SMPD1 -- TNIK -- BRCA1 -- CDKN2A -- EIF4E -- BID -- MCL1 -- PCNA -- TAF1 -- PLAC8 -- DIABLO -- APAF1 -- RASSF1
480,TNFRSF1A -- TNFRSF1B -- MAPK8 -- STAT1 -- JUN -- FOS -- SIRT1 -- TNFAIP3 -- TRAF1 -- MAPK14 -- RHOA -- NR3C1 -- TGFB2 -- RAC1 -- MAP2K7 -- MAP3K1 -- VEGFA -- MAP3K14 -- RET -- TRADD -- ATM -- CASP2 -- CHUK -- RPS6KA5 -- PPP1R13L -- MAPK9 -- IRF1 -- EIF4G2 -- MYB -- CYCS -- HIP1 -- RNF11 -- PSEN1 -- SOD1 -- HNRNPK -- CASP7 -- SMPD1 -- TNIK -- HTT -- BRCA1 -- CDKN2A -- BID -- MCL1 -- PCNA -- TAF1 -- PLAC8 -- CASP9 -- DIABLO -- APAF1 -- RASSF1
481,TNFRSF1A -- TNFRSF1B -- MAPK8 -- STAT1 -- JUN -- FOS -- BIRC2 -- BIRC3 -- SIRT1 -- TNFAIP3 -- TRAF1 -- MAPK14 -- RHOA -- NR3C1 -- TGFB2 -- RAC1 -- MAP2K7 -- MAP3K1 -- VEGFA -- MAP3K14 -- RET -- TRADD -- ATM -- CASP2 -- CHUK -- RPS6KA5 -- PPP1R13L -- MAPK9 -- IRF1 -- EIF4G2 -- MYB -- HIP1 -- RNF11 -- PSEN1 -- SOD1 -- HNRNPK -- CASP7 -- SMPD1 -- TNIK -- HTT -- BRCA1 -- CDKN2A -- BID -- MCL1 -- PCNA -- TAF1 -- PLAC8 -- CASP9 -- DIABLO -- APAF1 -- RASSF1
482,TNFRSF1A -- TNFRSF1B -- MAPK8 -- STAT1 -- JUN -- FOS -- BIRC2 -- SIRT1 -- TNFAIP3 -- TRAF1 -- MAPK14 -- RHOA -- NR3C1 -- TGFB2 -- RAC1 -- MAP2K7 -- MAP3K1 -- VEGFA -- RET -- TRADD -- ATM -- CASP2 -- CHUK -- RPS6KA5 -- PPP1R13L -- MAPK9 -- IRF1 -- EIF4G2 -- MYB -- CYCS -- HIP1 -- RNF11 -- PSEN1 -- SOD1 -- HNRNPK -- CASP7 -- SMPD1 -- TNIK -- HTT -- BRCA1 -- CDKN2A -- BID -- FOXM1 -- MCL1 -- PCNA -- TAF1 -- PLAC8 -- CASP9 -- DIABLO -- APAF1 -- RASSF1
483,TNFRSF1A -- TNFRSF1B -- NFKB1 -- MAPK8 -- STAT1 -- BIRC2 -- SIRT1 -- MYC -- TNFAIP3 -- CCND1 -- MAPK14 -- PTMA -- RHOA -- RAC1 -- MAP2K7 -- MAP3K1 -- IGF1 -- VEGFA -- TRADD -- TNFRSF10B -- MDM2 -- CHUK -- PPP1R13L -- MAPK9 -- LYN -- IRF1 -- CYCS -- CDK4 -- OTUD7B -- RNF11 -- PSEN1 -- BAD -- SOD1 -- RPA4 -- SMPD1 -- TNIK -- PELP1 -- EIF4E -- BID -- FOXM1 -- MCL1 -- PCNA -- TAF1 -- DIABLO -- RANGAP1
484,NFKB1 -- STAT1 -- BIRC2 -- BIRC3 -- TNFAIP3 -- TRAF1 -- MAPK14 -- TGFB2 -- RAC1 -- MAP2K7 -- MAP3K1 -- VEGFA -- RET -- TRADD -- MAPK1 -- TNFRSF10B -- AKT1 -- MDM2 -- CHUK -- RPS6KA5 -- PPP1R13L -- MAPK9 -- LYN -- IRF1 -- EIF4G2 -- CYCS -- HIP1 -- CDK4 -- OTUD7B -- CASP10 -- PARP1 -- PSEN1 -- RPA4 -- SMPD1 -- PELP1 -- BAK1 -- BID -- FOXM1 -- MCL1 -- CTBP1 -- PCNA -- TAF1 -- PLAC8 -- DIABLO
485,TNFRSF1A -- TNFRSF1B -- MAPK8 -- STAT1 -- JUN -- FOS -- BIRC2 -- BIRC3 -- SIRT1 -- TNFAIP3 -- TRAF1 -- MAPK14 -- RHOA -- NR3C1 -- TGFB2 -- RAC1 -- MAP2K7 -- MAP3K1 -- VEGFA -- RET -- TRADD -- ATM -- CHUK -- RPS6KA5 -- PPP1R13L -- MAPK9 -- IRF1 -- EIF4G2 -- MYB -- CYCS -- HIP1 -- RNF11 -- PSEN1 -- SOD1 -- HNRNPK -- SMPD1 -- TNIK -- BRCA1 -- CDKN2A -- BID -- MCL1 -- PCNA -- TAF1 -- PLAC8 -- CASP9 -- DIABLO -- RASSF1
486,TNFRSF1A -- TNFRSF1B -- MAPK8 -- STAT1 -- JUN -- FOS -- BIRC2 -- BIRC3 -- SIRT1 -- TNFAIP3 -- TRAF1 -- MAPK14 -- RHOA -- NR3C1 -- TGFB2 -- RAC1 -- MAP2K7 -- MAP3K1 -- VEGFA -- RET -- TRADD -- ATM -- CHUK -- RPS6KA5 -- PPP1R13L -- MAPK9 -- IRF1 -- EIF4G2 -- MYB -- CYCS -- HIP1 -- RNF11 -- PSEN1 -- SOD1 -- HNRNPK -- SMPD1 -- TNIK -- BRCA1 -- CDKN2A -- BID -- MCL1 -- PCNA -- TAF1 -- PLAC8 -- CASP9 -- DIABLO -- RASSF1
487,TNFRSF1A -- TNFRSF1B -- MAPK8 -- BIRC2 -- BIRC3 -- SIRT1 -- TNFAIP3 -- CCND1 -- TRAF1 -- MAPK14 -- RHOA -- RAC1 -- MAP2K7 -- MAP3K1 -- VEGFA -- RET -- TRADD -- TNFRSF10B -- ATM -- MDM2 -- CHUK -- RPS6KA5 -- PPP1R13L -- MAPK9 -- LYN -- IRF1 -- EIF4G2 -- CYCS -- HIP1 -- CDK4 -- OTUD7B -- CASP10 -- PSEN1 -- SOD1 -- RPA4 -- SMPD1 -- TNIK -- PELP1 -- BAK1 -- BID -- FOXM1 -- MCL1 -- PCNA -- TAF1 -- PLAC8 -- DIABLO
488,NFKB1 -- MAPK8 -- BIRC2 -- BIRC3 -- RB1 -- TNFAIP3 -- CCND1 -- TRAF1 -- MAPK14 -- RHOA -- IL2 -- RAC1 -- MAP2K7 -- MAP3K1 -- IGF1 -- MAP3K14 -- TRADD -- TNFRSF10B -- MDM2 -- CHUK -- RPS6KA5 -- PPP1R13L -- MAPK9 -- LYN -- IRF1 -- CYCS -- HIP1 -- CDK4 -- OTUD7B -- RNF11 -- CASP10 -- PARP1 -- PSEN1 -- SOD1 -- RPA4 -- SMPD1 -- TNIK -- PELP1 -- BID -- FOXM1 -- MCL1 -- PCNA -- PLAC8 -- DIABLO -- APAF1
489,TNFRSF1A -- TNFRSF1B -- NFKB1 -- MAPK8 -- STAT1 -- BIRC2 -- BIRC3 -- SIRT1 -- MYC -- TNFAIP3 -- MAPK14 -- PTMA -- RHOA -- RAC1 -- MAP2K7 -- MAP3K1 -- VEGFA -- TRADD -- TNFRSF10B -- MDM2 -- CHUK -- PPP1R13L -- MAPK9 -- LYN -- IRF1 -- CYCS -- CDK4 -- OTUD7B -- RNF11 -- CASP10 -- PSEN1 -- BAD -- SOD1 -- SMPD1 -- TNIK -- EIF4E -- BID -- MCL1 -- PCNA -- TAF1 -- DIABLO
490,TNFRSF1A -- TNFRSF1B -- MAPK8 -- STAT1 -- JUN -- FOS -- SIRT1 -- TNFAIP3 -- TRAF1 -- MAPK14 -- RHOA -- RAC1 -- MAP2K7 -- MAP3K1 -- VEGFA -- MAP3K14 -- RET -- TRADD -- ATM -- CASP2 -- CHUK -- RPS6KA5 -- PPP1R13L -- MAPK9 -- IRF1 -- EIF4G2 -- HTRA2 -- MYB -- HIP1 -- RNF11 -- PSEN1 -- SOD1 -- HNRNPK -- SMPD1 -- TNIK -- HTT -- BRCA1 -- CDKN2A -- PELP1 -- BAX -- BAK1 -- BID -- PCNA -- PLAC8 -- CASP9 -- DIABLO -- APAF1 -- RASSF1
491,TNFRSF1A -- TNFRSF1B -- NFKB1 -- MAPK8 -- STAT1 -- JUN -- FOS -- SIRT1 -- RB1 -- TNFAIP3 -- TRAF1 -- MAPK14 -- RHOA -- NR3C1 -- RAC1 -- MAP2K7 -- MAP3K1 -- VEGFA -- MAP3K14 -- RET -- TRADD -- TNFRSF10B -- ATM -- CASP2 -- CHUK -- RPS6KA5 -- PPP1R13L -- MAPK9 -- IRF1 -- EIF4G2 -- MYB -- CYCS -- HIP1 -- RNF11 -- CASP10 -- PSEN1 -- SOD1 -- HNRNPK -- SMPD1 -- TNIK -- HTT -- BRCA1 -- CDKN2A -- BID -- MCL1 -- PCNA -- PLAC8 -- CASP9 -- DIABLO -- APAF1 -- RASSF1
492,TNFRSF1A -- TNFRSF1B -- MAPK8 -- STAT1 -- JUN -- FOS -- SIRT1 -- TNFAIP3 -- TRAF1 -- MAPK14 -- RHOA -- NR3C1 -- RAC1 -- MAP2K7 -- MAP3K1 -- VEGFA -- MAP3K14 -- RET -- TRADD -- ATM -- CASP2 -- CHUK -- RPS6KA5 -- PPP1R13L -- MAPK9 -- IRF1 -- EIF4G2 -- HTRA2 -- MYB -- HIP1 -- RNF11 -- PSEN1 -- SOD1 -- HNRNPK -- CASP7 -- SMPD1 -- TNIK -- HTT -- BRCA1 -- CDKN2A -- BAK1 -- BID -- MCL1 -- PCNA -- TAF1 -- PLAC8 -- CASP9 -- DIABLO -- APAF1 -- RASSF1
493,TNFRSF1A -- TNFRSF1B -- NFKB1 -- MAPK8 -- JUN -- FOS -- BIRC3 -- SIRT1 -- TNFAIP3 -- CCND1 -- MAPK14 -- PTMA -- RHOA -- TGFB2 -- RAC1 -- MAP2K7 -- MAP3K1 -- IGF1 -- VEGFA -- MAP3K14 -- TRADD -- TNFRSF10B -- CASP2 -- MDM2 -- CHUK -- RPS6KA5 -- PPP1R13L -- MAPK9 -- IRF1 -- EIF4G2 -- MYB -- CYCS -- CDK4 -- OTUD7B -- RNF11 -- CASP10 -- PSEN1 -- SOD1 -- RPA4 -- SMPD1 -- TNIK -- HTT -- PELP1 -- BID -- FOXM1 -- MCL1 -- PCNA -- TAF1 -- PLAC8 -- DIABLO -- APAF1
494,TNFRSF1A -- TNFRSF1B -- MAPK8 -- SIRT1 -- RB1 -- TNFAIP3 -- CCND1 -- TRAF1 -- MAPK14 -- RHOA -- RAC1 -- MAP2K7 -- MAP3K1 -- IGF1 -- MAP3K14 -- TRADD -- MDM2 -- CHUK -- RPS6KA5 -- PPP1R13L -- MAPK9 -- LYN -- IRF1 -- HTRA2 -- CDK4 -- OTUD7B -- RNF11 -- PSEN1 -- SOD1 -- RPA4 -- SMPD1 -- TNIK -- PELP1 -- BAX -- BAK1 -- EIF4E -- BID -- FOXM1 -- PCNA -- CASP9 -- DIABLO -- APAF1
495,TNFRSF1A -- TNFRSF1B -- MAPK8 -- JUN -- FOS -- SIRT1 -- TNFAIP3 -- TRAF1 -- MAPK14 -- RHOA -- NR3C1 -- RAC1 -- MAP2K7 -- MAP3K1 -- VEGFA -- MAP3K14 -- RET -- TRADD -- ATM -- CASP2 -- CHUK -- RPS6KA5 -- PPP1R13L -- MAPK9 -- IRF1 -- EIF4G2 -- HIP1 -- RNF11 -- PSEN1 -- SOD1 -- HNRNPK -- CASP7 -- SMPD1 -- TNIK -- BRCA1 -- CDKN2A -- BID -- MCL1 -- PCNA -- TAF1 -- PLAC8 -- CASP9 -- DIABLO -- APAF1
496,TNFRSF1A -- TNFRSF1B -- NFKB1 -- MAPK8 -- BIRC2 -- SIRT1 -- RB1 -- TNFAIP3 -- CCND1 -- MAPK14 -- PTMA -- RHOA -- RAC1 -- MAP2K7 -- MAP3K1 -- IGF1 -- RET -- TRADD -- TNFRSF10B -- MDM2 -- CHUK -- PPP1R13L -- MAPK9 -- LYN -- IRF1 -- HTRA2 -- CDK4 -- OTUD7B -- RNF11 -- CASP10 -- PSEN1 -- BAD -- SOD1 -- HNRNPK -- RPA4 -- SMPD1 -- TNIK -- HTT -- PELP1 -- BAK1 -- EIF4E -- BID -- FOXM1 -- PCNA -- PLAC8 -- DIABLO -- RANGAP1
497,TNFRSF1A -- TNFRSF1B -- MAPK8 -- STAT1 -- JUN -- BIRC2 -- BIRC3 -- SIRT1 -- TNFAIP3 -- TRAF1 -- MAPK14 -- RHOA -- NR3C1 -- TGFB2 -- RAC1 -- MAP2K7 -- MAP3K1 -- VEGFA -- MAP3K14 -- RET -- TRADD -- ATM -- CHUK -- RPS6KA5 -- PPP1R13L -- MAPK9 -- LYN -- IRF1 -- MYB -- CYCS -- HIP1 -- RNF11 -- PSEN1 -- SOD1 -- HNRNPK -- SMPD1 -- TNIK -- BRCA1 -- CDKN2A -- EIF4E -- BID -- MCL1 -- PCNA -- TAF1 -- PLAC8 -- DIABLO -- RASSF1
498,TNFRSF1A -- TNFRSF1B -- MAPK8 -- STAT1 -- JUN -- FOS -- SIRT1 -- TNFAIP3 -- TRAF1 -- MAPK14 -- RHOA -- NR3C1 -- RAC1 -- MAP2K7 -- MAP3K1 -- VEGFA -- MAP3K14 -- RET -- TRADD -- ATM -- CASP2 -- CHUK -- RPS6KA5 -- PPP1R13L -- MAPK9 -- IRF1 -- EIF4G2 -- HTRA2 -- MYB -- HIP1 -- RNF11 -- PSEN1 -- SOD1 -- HNRNPK -- CASP7 -- SMPD1 -- TNIK -- HTT -- BRCA1 -- CDKN2A -- BAK1 -- BID -- MCL1 -- PCNA -- TAF1 -- PLAC8 -- CASP9 -- DIABLO -- APAF1 -- RASSF1
499,TNFRSF1A -- TNFRSF1B -- MAPK8 -- JUN -- FOS -- SIRT1 -- RB1 -- TNFAIP3 -- TRAF1 -- MAPK14 -- RHOA -- NR3C1 -- RAC1 -- MAP2K7 -- MAP3K1 -- MAP3K14 -- RET -- TRADD -- ATM -- CASP2 -- CHUK -- RPS6KA5 -- PPP1R13L -- MAPK9 -- IRF1 -- EIF4G2 -- HTRA2 -- MYB -- HIP1 -- OTUD7B -- RNF11 -- PSEN1 -- SOD1 -- HNRNPK -- SMPD1 -- TNIK -- HTT -- BRCA1 -- CDKN2A -- BAK1 -- BID -- PCNA -- PLAC8 -- CASP9 -- DIABLO -- APAF1 -- RASSF1
500,TNFRSF1A -- TNFRSF1B -- NFKB1 -- MAPK8 -- SIRT1 -- RB1 -- TNFAIP3 -- CCND1 -- TRAF1 -- MAPK14 -- RHOA -- RAC1 -- MAP2K7 -- MAP3K1 -- IGF1 -- MAP3K14 -- TRADD -- TNFRSF10B -- CASP2 -- MDM2 -- CHUK -- PPP1R13L -- MAPK9 -- IRF1 -- EIF4G2 -- HTRA2 -- CYCS -- HIP1 -- CDK4 -- OTUD7B -- RNF11 -- CASP10 -- PSEN1 -- SOD1 -- RPA4 -- SMPD1 -- TNIK -- HTT -- PELP1 -- BAX -- BAK1 -- BID -- FOXM1 -- PCNA -- PLAC8 -- CASP9 -- DIABLO
501,TNFRSF1A -- TNFRSF1B -- NFKB1 -- MAPK8 -- SIRT1 -- RB1 -- TNFAIP3 -- CCND1 -- TRAF1 -- MAPK14 -- RHOA -- RAC1 -- MAP2K7 -- MAP3K1 -- MAP3K14 -- TRADD -- TNFRSF10B -- ATM -- CASP2 -- MDM2 -- CHUK -- RPS6KA5 -- PPP1R13L -- MAPK9 -- IRF1 -- EIF4G2 -- HTRA2 -- HIP1 -- CDK4 -- OTUD7B -- RNF11 -- CASP10 -- PSEN1 -- SOD1 -- RPA4 -- SMPD1 -- TNIK -- PELP1 -- BAX -- BAK1 -- BID -- FOXM1 -- PCNA -- PLAC8 -- CASP9 -- DIABLO -- APAF1
502,TNFRSF1A -- TNFRSF1B -- MAPK8 -- STAT1 -- BIRC2 -- BIRC3 -- SIRT1 -- MYC -- TNFAIP3 -- TRAF1 -- MAPK14 -- RHOA -- NR3C1 -- TGFB2 -- RAC1 -- MAP2K7 -- MAP3K1 -- VEGFA -- RET -- TRADD -- ATM -- CHUK -- RPS6KA5 -- PPP1R13L -- MAPK9 -- LYN -- IRF1 -- EIF4G2 -- MYB -- CYCS -- HIP1 -- RNF11 -- PSEN1 -- SOD1 -- HNRNPK -- SMPD1 -- TNIK -- HTT -- BRCA1 -- CDKN2A -- BID -- MCL1 -- PCNA -- TAF1 -- PLAC8 -- DIABLO -- RASSF1
503,TNFRSF1A -- TNFRSF1B -- MAPK8 -- STAT1 -- BIRC2 -- BIRC3 -- SIRT1 -- MYC -- TNFAIP3 -- TRAF1 -- MAPK14 -- PTMA -- RHOA -- RAC1 -- MAP2K7 -- MAP3K1 -- VEGFA -- MAP3K14 -- RET -- TRADD -- ATM -- CHUK -- PPP1R13L -- MAPK9 -- LYN -- IRF1 -- MYB -- CYCS -- RNF11 -- PSEN1 -- SOD1 -- HNRNPK -- SMPD1 -- TNIK -- HTT -- BRCA1 -- EIF4E -- BID -- MCL1 -- PCNA -- TAF1 -- DIABLO -- RASSF1 -- RANGAP1
504,TNFRSF1A -- TNFRSF1B -- NFKB1 -- MAPK8 -- FOS -- SIRT1 -- RB1 -- TNFAIP3 -- CCND1 -- TRAF1 -- MAPK14 -- RHOA -- RAC1 -- MAP2K7 -- MAP3K1 -- IGF1 -- MAP3K14 -- TRADD -- TNFRSF10B -- CASP2 -- MDM2 -- CHUK -- RPS6KA5 -- PPP1R13L -- MAPK9 -- IRF1 -- EIF4G2 -- HTRA2 -- HIP1 -- CDK4 -- OTUD7B -- RNF11 -- CASP10 -- PSEN1 -- SOD1 -- RPA4 -- SMPD1 -- TNIK -- HTT -- PELP1 -- BAX -- BAK1 -- BID -- FOXM1 -- PCNA -- PLAC8 -- CASP9 -- DIABLO -- APAF1
505,TNFRSF1A -- TNFRSF1B -- NFKB1 -- MAPK8 -- BIRC2 -- BIRC3 -- SIRT1 -- MYC -- RB1 -- TNFAIP3 -- CCND1 -- MAPK14 -- PTMA -- RHOA -- RAC1 -- MAP2K7 -- MAP3K1 -- IGF1 -- TRADD -- TNFRSF10B -- ATM -- MDM2 -- CHUK -- PPP1R13L -- MAPK9 -- LYN -- IRF1 -- CYCS -- CDK4 -- OTUD7B -- RNF11 -- PSEN1 -- SOD1 -- RPA4 -- SMPD1 -- TNIK -- PELP1 -- BAX -- EIF4E -- BID -- FOXM1 -- PCNA -- DIABLO -- RANGAP1
506,TNFRSF1A -- TNFRSF1B -- NFKB1 -- MAPK8 -- STAT1 -- JUN -- FOS -- SIRT1 -- RB1 -- TNFAIP3 -- TRAF1 -- MAPK14 -- RHOA -- RAC1 -- MAP2K7 -- MAP3K1 -- MAP3K14 -- TRADD -- TNFRSF10B -- ATM -- CASP2 -- MDM2 -- CHUK -- RPS6KA5 -- PPP1R13L -- MAPK9 -- IRF1 -- EIF4G2 -- HTRA2 -- MYB -- HIP1 -- RNF11 -- CASP10 -- PSEN1 -- SOD1 -- RPA4 -- SMPD1 -- TNIK -- HTT -- CDKN2A -- BAX -- BAK1 -- BID -- PCNA -- PLAC8 -- CASP9 -- DIABLO -- APAF1
507,TNFRSF1A -- TNFRSF1B -- MAPK8 -- STAT1 -- JUN -- FOS -- SIRT1 -- TNFAIP3 -- TRAF1 -- MAPK14 -- RHOA -- NR3C1 -- TGFB2 -- RAC1 -- MAP2K7 -- MAP3K1 -- VEGFA -- MAP3K14 -- RET -- TRADD -- ATM -- CASP2 -- CHUK -- RPS6KA5 -- PPP1R13L -- MAPK9 -- IRF1 -- EIF4G2 -- HTRA2 -- MYB -- HIP1 -- RNF11 -- PSEN1 -- SOD1 -- HNRNPK -- CASP7 -- SMPD1 -- TNIK -- HTT -- BRCA1 -- CDKN2A -- BAK1 -- BID -- MCL1 -- PCNA -- TAF1 -- PLAC8 -- CASP9 -- DIABLO -- APAF1 -- RASSF1
508,TNFRSF1A -- TNFRSF1B -- MAPK8 -- STAT1 -- JUN -- FOS -- SIRT1 -- TNFAIP3 -- TRAF1 -- MAPK14 -- RHOA -- RAC1 -- MAP2K7 -- MAP3K1 -- VEGFA -- MAP3K14 -- TRADD -- ATM -- CASP2 -- MDM2 -- CHUK -- RPS6KA5 -- PPP1R13L -- MAPK9 -- IRF1 -- EIF4G2 -- HTRA2 -- MYB -- HIP1 -- OTUD7B -- RNF11 -- PSEN1 -- SOD1 -- RPA4 -- SMPD1 -- TNIK -- HTT -- BRCA1 -- CDKN2A -- PELP1 -- BAX -- BAK1 -- BID -- FOXM1 -- PCNA -- TAF1 -- PLAC8 -- CASP9 -- DIABLO -- APAF1 -- RASSF1
509,TNFRSF1A -- TNFRSF1B -- MAPK8 -- STAT1 -- FOS -- SIRT1 -- RB1 -- TNFAIP3 -- TRAF1 -- MAPK14 -- RHOA -- NR3C1 -- RAC1 -- MAP2K7 -- MAP3K1 -- IGF1 -- VEGFA -- RET -- TRADD -- ATM -- CASP2 -- CHUK -- RPS6KA5 -- PPP1R13L -- MAPK9 -- LYN -- IRF1 -- HTRA2 -- HIP1 -- CDK4 -- RNF11 -- PSEN1 -- SOD1 -- HNRNPK -- RPA4 -- SMPD1 -- TNIK -- HTT -- PELP1 -- BAX -- BAK1 -- EIF4E -- BID -- FOXM1 -- PCNA -- PLAC8 -- DIABLO -- APAF1
510,STAT1 -- BIRC2 -- SIRT1 -- MYC -- MAPK14 -- PTMA -- RHOA -- IL2 -- RAC1 -- MAP2K7 -- MAP3K1 -- VEGFA -- RET -- TRADD -- MAPK1 -- ATM -- E2F1 -- CHUK -- PPP1R13L -- MAPK9 -- LYN -- IRF1 -- EIF4G2 -- MYB -- CYCS -- CDK4 -- OTUD7B -- RNF11 -- PARP1 -- PSEN1 -- SOD1 -- RPA4 -- TNIK -- BBC3 -- PELP1 -- BAK1 -- BID -- FOXM1 -- RBL1 -- PCNA -- TAF1 -- DIABLO -- RANGAP1
511,TNFRSF1A -- TNFRSF1B -- NFKB1 -- MAPK8 -- BIRC2 -- BIRC3 -- SIRT1 -- MYC -- TNFAIP3 -- CCND1 -- MAPK14 -- RHOA -- RAC1 -- MAP2K7 -- MAP3K1 -- VEGFA -- TRADD -- TNFRSF10B -- ATM -- MDM2 -- CHUK -- PPP1R13L -- MAPK9 -- LYN -- IRF1 -- CYCS -- CDK4 -- OTUD7B -- RNF11 -- PSEN1 -- BAD -- SOD1 -- HNRNPK -- RPA4 -- SMPD1 -- TNIK -- PELP1 -- EIF4E -- BID -- FOXM1 -- MCL1 -- PCNA -- TAF1 -- PLAC8 -- DIABLO
512,NFKB1 -- STAT1 -- BIRC2 -- FASLG -- TNFAIP3 -- CFLAR -- TRAF1 -- MAPK14 -- RHOA -- RAC1 -- MAP2K7 -- MAP3K1 -- VEGFA -- MAP3K14 -- MAPK1 -- TNFRSF10B -- ATM -- MDM2 -- CHUK -- RPS6KA5 -- PPP1R13L -- MAPK9 -- LYN -- IRF1 -- CYCS -- HIP1 -- CDK4 -- OTUD7B -- RNF11 -- PARP1 -- PSEN1 -- SOD1 -- RPA4 -- SMPD1 -- PELP1 -- BID -- FOXM1 -- MCL1 -- CTBP1 -- PCNA -- TAF1 -- PLAC8 -- DIABLO
513,TNFRSF1A -- TNFRSF1B -- NFKB1 -- MAPK8 -- SIRT1 -- RB1 -- TNFAIP3 -- CCND1 -- TRAF1 -- MAPK14 -- RHOA -- RAC1 -- MAP2K7 -- MAP3K1 -- MAP3K14 -- TRADD -- TNFRSF10B -- ATM -- CASP2 -- MDM2 -- CHUK -- RPS6KA5 -- PPP1R13L -- MAPK9 -- LYN -- IRF1 -- EIF4G2 -- HTRA2 -- HIP1 -- CDK4 -- OTUD7B -- RNF11 -- CASP10 -- PSEN1 -- SOD1 -- RPA4 -- SMPD1 -- TNIK -- HTT -- PELP1 -- BAX -- BAK1 -- BID -- FOXM1 -- PCNA -- PLAC8 -- CASP9 -- DIABLO -- APAF1
514,TNFRSF1A -- TNFRSF1B -- MAPK8 -- STAT1 -- FOS -- BIRC2 -- BIRC3 -- SIRT1 -- MYC -- TNFAIP3 -- TRAF1 -- MAPK14 -- RHOA -- NR3C1 -- TGFB2 -- RAC1 -- MAP2K7 -- MAP3K1 -- VEGFA -- RET -- TRADD -- ATM -- CASP2 -- CHUK -- RPS6KA5 -- PPP1R13L -- MAPK9 -- LYN -- IRF1 -- EIF4G2 -- MYB -- CYCS -- HIP1 -- RNF11 -- PSEN1 -- SOD1 -- HNRNPK -- SMPD1 -- TNIK -- HTT -- BRCA1 -- CDKN2A -- BID -- MCL1 -- PCNA -- TAF1 -- PLAC8 -- DIABLO -- RASSF1
515,TNFRSF1A -- TNFRSF1B -- NFKB1 -- MAPK8 -- BIRC3 -- SIRT1 -- RB1 -- TNFAIP3 -- CCND1 -- TRAF1 -- MAPK14 -- RHOA -- RAC1 -- MAP2K7 -- MAP3K1 -- IGF1 -- TRADD -- TNFRSF10B -- ATM -- CASP2 -- MDM2 -- CHUK -- RPS6KA5 -- PPP1R13L -- MAPK9 -- LYN -- IRF1 -- EIF4G2 -- HTRA2 -- HIP1 -- CDK4 -- OTUD7B -- RNF11 -- CASP10 -- PSEN1 -- SOD1 -- RPA4 -- SMPD1 -- TNIK -- HTT -- PELP1 -- BAX -- BAK1 -- BID -- FOXM1 -- PCNA -- PLAC8 -- DIABLO
516,TNFRSF1A -- TNFRSF1B -- NFKB1 -- MAPK8 -- BIRC2 -- SIRT1 -- RB1 -- TNFAIP3 -- CCND1 -- TRAF1 -- MAPK14 -- PTMA -- RHOA -- RAC1 -- MAP2K7 -- MAP3K1 -- TRADD -- ATM -- MDM2 -- CHUK -- RPS6KA5 -- PPP1R13L -- MAPK9 -- LYN -- IRF1 -- HTRA2 -- HIP1 -- CDK4 -- OTUD7B -- RNF11 -- PSEN1 -- SOD1 -- RPA4 -- SMPD1 -- TNIK -- PELP1 -- BAX -- BAK1 -- EIF4E -- BID -- FOXM1 -- PCNA -- DIABLO -- RANGAP1
517,TNFRSF1A -- TNFRSF1B -- NFKB1 -- MAPK8 -- SIRT1 -- RB1 -- TNFAIP3 -- CCND1 -- MAPK14 -- RHOA -- RAC1 -- MAP2K7 -- MAP3K1 -- IGF1 -- MAP3K14 -- TRADD -- ATM -- CASP2 -- MDM2 -- CHUK -- RPS6KA5 -- PPP1R13L -- MAPK9 -- LYN -- IRF1 -- EIF4G2 -- HTRA2 -- HIP1 -- CDK4 -- OTUD7B -- RNF11 -- PSEN1 -- SOD1 -- RPA4 -- SMPD1 -- TNIK -- HTT -- PELP1 -- BAX -- BAK1 -- BID -- FOXM1 -- PCNA -- TAF1 -- PLAC8 -- CASP9 -- DIABLO -- APAF1
518,TNFRSF1A -- TNFRSF1B -- NFKB1 -- MAPK8 -- SIRT1 -- RB1 -- TNFAIP3 -- CCND1 -- TRAF1 -- MAPK14 -- RHOA -- RAC1 -- MAP2K7 -- MAP3K1 -- IGF1 -- MAP3K14 -- TRADD -- TNFRSF10B -- ATM -- CASP2 -- MDM2 -- CHUK -- RPS6KA5 -- PPP1R13L -- MAPK9 -- LYN -- IRF1 -- EIF4G2 -- HTRA2 -- HIP1 -- CDK4 -- OTUD7B -- RNF11 -- CASP10 -- PSEN1 -- SOD1 -- RPA4 -- SMPD1 -- TNIK -- HTT -- PELP1 -- BAX -- BAK1 -- BID -- FOXM1 -- PCNA -- PLAC8 -- CASP9 -- DIABLO -- APAF1
519,TNFRSF1A -- TNFRSF1B -- MAPK8 -- SIRT1 -- RB1 -- TNFAIP3 -- CCND1 -- TRAF1 -- MAPK14 -- RHOA -- TGFB2 -- RAC1 -- MAP2K7 -- MAP3K1 -- IGF1 -- MAP3K14 -- TRADD -- CASP2 -- MDM2 -- CHUK -- PPP1R13L -- MAPK9 -- LYN -- IRF1 -- EIF4G2 -- HTRA2 -- HIP1 -- CDK4 -- OTUD7B -- RNF11 -- PSEN1 -- SOD1 -- RPA4 -- SMPD1 -- TNIK -- HTT -- PELP1 -- BAX -- BAK1 -- BID -- FOXM1 -- PCNA -- PLAC8 -- CASP9 -- DIABLO -- APAF1
520,TNFRSF1A -- TNFRSF1B -- MAPK8 -- BIRC2 -- SIRT1 -- MYC -- TNFAIP3 -- CCND1 -- MAPK14 -- PTMA -- RHOA -- TGFB2 -- RAC1 -- MAP2K7 -- MAP3K1 -- IGF1 -- TRADD -- MDM2 -- CHUK -- PPP1R13L -- MAPK9 -- LYN -- IRF1 -- EIF4G2 -- CYCS -- CDK4 -- OTUD7B -- CASP10 -- PSEN1 -- BAD -- SOD1 -- RPA4 -- SMPD1 -- TNIK -- PELP1 -- BID -- FOXM1 -- MCL1 -- PCNA -- TAF1 -- DIABLO -- RANGAP1
521,TNFRSF1A -- TNFRSF1B -- NFKB1 -- MAPK8 -- BIRC2 -- SIRT1 -- RB1 -- TNFAIP3 -- CCND1 -- TRAF1 -- MAPK14 -- RHOA -- RAC1 -- MAP2K7 -- MAP3K1 -- IGF1 -- TRADD -- TNFRSF10B -- ATM -- MDM2 -- CHUK -- RPS6KA5 -- PPP1R13L -- MAPK9 -- LYN -- IRF1 -- EIF4G2 -- HTRA2 -- HIP1 -- CDK4 -- OTUD7B -- RNF11 -- CASP10 -- PSEN1 -- SOD1 -- RPA4 -- SMPD1 -- TNIK -- PELP1 -- BAX -- BAK1 -- EIF4E -- BID -- FOXM1 -- PCNA -- PLAC8 -- DIABLO
522,TNFRSF1A -- TNFRSF1B -- NFKB1 -- MAPK8 -- BIRC2 -- BIRC3 -- SIRT1 -- MYC -- TNFAIP3 -- CCND1 -- MAPK14 -- PTMA -- RHOA -- RAC1 -- MAP2K7 -- MAP3K1 -- TRADD -- MDM2 -- CHUK -- PPP1R13L -- MAPK9 -- LYN -- IRF1 -- CYCS -- CDK4 -- OTUD7B -- RNF11 -- PSEN1 -- SOD1 -- RPA4 -- SMPD1 -- TNIK -- PELP1 -- BAX -- BAK1 -- BID -- FOXM1 -- PCNA -- TAF1 -- DIABLO -- RANGAP1
523,TNFRSF1A -- TNFRSF1B -- MAPK8 -- STAT1 -- JUN -- FOS -- SIRT1 -- TNFAIP3 -- TRAF1 -- MAPK14 -- RHOA -- NR3C1 -- TGFB2 -- RAC1 -- MAP2K7 -- MAP3K1 -- VEGFA -- MAP3K14 -- RET -- TRADD -- ATM -- CASP2 -- CHUK -- RPS6KA5 -- PPP1R13L -- MAPK9 -- IRF1 -- EIF4G2 -- HTRA2 -- MYB -- HIP1 -- RNF11 -- PSEN1 -- SOD1 -- HNRNPK -- CASP7 -- SMPD1 -- TNIK -- HTT -- BRCA1 -- CDKN2A -- BAK1 -- BID -- MCL1 -- PCNA -- PLAC8 -- CASP9 -- DIABLO -- APAF1 -- RASSF1
524,TNFRSF1A -- TNFRSF1B -- NFKB1 -- MAPK8 -- SIRT1 -- RB1 -- TNFAIP3 -- CCND1 -- MAPK14 -- RHOA -- RAC1 -- MAP2K7 -- MAP3K1 -- IGF1 -- MAP3K14 -- TRADD -- TNFRSF10B -- CASP2 -- MDM2 -- CHUK -- RPS6KA5 -- PPP1R13L -- MAPK9 -- LYN -- IRF1 -- EIF4G2 -- HTRA2 -- HIP1 -- CDK4 -- OTUD7B -- RNF11 -- PSEN1 -- SOD1 -- RPA4 -- SMPD1 -- TNIK -- HTT -- PELP1 -- BAX -- BAK1 -- BID -- FOXM1 -- PCNA -- PLAC8 -- DIABLO -- APAF1
525,TNFRSF1A -- TNFRSF1B -- MAPK8 -- JUN -- FOS -- SIRT1 -- RB1 -- TNFAIP3 -- CCND1 -- TRAF1 -- MAPK14 -- RHOA -- RAC1 -- MAP2K7 -- MAP3K1 -- MAP3K14 -- TRADD -- TNFRSF10B -- ATM -- CASP2 -- CHUK -- RPS6KA5 -- PPP1R13L -- MAPK9 -- IRF1 -- EIF4G2 -- HTRA2 -- MYB -- HIP1 -- RNF11 -- CASP10 -- PSEN1 -- SOD1 -- SMPD1 -- TNIK -- HTT -- BRCA1 -- CDKN2A -- PELP1 -- BAX -- BAK1 -- BID -- PCNA -- PLAC8 -- CASP9 -- DIABLO -- APAF1 -- RASSF1
526,TNFRSF1A -- TNFRSF1B -- MAPK8 -- STAT1 -- JUN -- FOS -- SIRT1 -- RB1 -- TNFAIP3 -- TRAF1 -- MAPK14 -- RHOA -- NR3C1 -- RAC1 -- MAP2K7 -- MAP3K1 -- VEGFA -- MAP3K14 -- RET -- TRADD -- ATM -- CASP2 -- CHUK -- RPS6KA5 -- PPP1R13L -- MAPK9 -- IRF1 -- EIF4G2 -- MYB -- HIP1 -- RNF11 -- PSEN1 -- SOD1 -- HNRNPK -- SMPD1 -- TNIK -- HTT -- BRCA1 -- CDKN2A -- BID -- MCL1 -- PCNA -- PLAC8 -- CASP9 -- DIABLO -- APAF1
527,TNFRSF1A -- TNFRSF1B -- NFKB1 -- MAPK8 -- SIRT1 -- RB1 -- TNFAIP3 -- CCND1 -- MAPK14 -- PTMA -- RHOA -- RAC1 -- MAP2K7 -- MAP3K1 -- MAP3K14 -- TRADD -- TNFRSF10B -- CASP2 -- MDM2 -- CHUK -- RPS6KA5 -- PPP1R13L -- MAPK9 -- IRF1 -- EIF4G2 -- HTRA2 -- HIP1 -- CDK4 -- OTUD7B -- RNF11 -- CASP10 -- PSEN1 -- SOD1 -- RPA4 -- CASP7 -- SMPD1 -- TNIK -- HTT -- PELP1 -- BAX -- BAK1 -- BID -- FOXM1 -- PCNA -- DIABLO -- APAF1
528,TNFRSF1A -- TNFRSF1B -- MAPK8 -- SIRT1 -- RB1 -- TNFAIP3 -- CCND1 -- TRAF1 -- MAPK14 -- RHOA -- TGFB2 -- RAC1 -- MAP2K7 -- MAP3K1 -- MAP3K14 -- TRADD -- CASP2 -- MDM2 -- CHUK -- RPS6KA5 -- PPP1R13L -- MAPK9 -- IRF1 -- EIF4G2 -- HTRA2 -- CYCS -- HIP1 -- CDK4 -- OTUD7B -- RNF11 -- PSEN1 -- SOD1 -- RPA4 -- SMPD1 -- TNIK -- PELP1 -- BAX -- BAK1 -- BID -- FOXM1 -- PCNA -- PLAC8 -- CASP9 -- DIABLO -- APAF1
529,TNFRSF1A -- TNFRSF1B -- MAPK8 -- STAT1 -- JUN -- FOS -- SIRT1 -- TNFAIP3 -- TRAF1 -- MAPK14 -- RHOA -- NR3C1 -- TGFB2 -- RAC1 -- MAP2K7 -- MAP3K1 -- VEGFA -- MAP3K14 -- RET -- TRADD -- ATM -- CASP2 -- CHUK -- RPS6KA5 -- PPP1R13L -- MAPK9 -- IRF1 -- EIF4G2 -- HTRA2 -- MYB -- HIP1 -- RNF11 -- PSEN1 -- SOD1 -- HNRNPK -- CASP7 -- SMPD1 -- TNIK -- HTT -- BRCA1 -- CDKN2A -- BID -- MCL1 -- PCNA -- TAF1 -- PLAC8 -- CASP9 -- DIABLO -- APAF1 -- RASSF1
530,TNFRSF1A -- TNFRSF1B -- MAPK8 -- STAT1 -- JUN -- FOS -- BIRC2 -- SIRT1 -- TNFAIP3 -- TRAF1 -- MAPK14 -- RHOA -- NR3C1 -- TGFB2 -- RAC1 -- MAP2K7 -- MAP3K1 -- VEGFA -- MAP3K14 -- RET -- TRADD -- ATM -- CASP2 -- CHUK -- RPS6KA5 -- PPP1R13L -- MAPK9 -- IRF1 -- EIF4G2 -- MYB -- CYCS -- HIP1 -- RNF11 -- PSEN1 -- SOD1 -- HNRNPK -- CASP7 -- SMPD1 -- TNIK -- HTT -- BRCA1 -- CDKN2A -- BID -- MCL1 -- PCNA -- TAF1 -- PLAC8 -- CASP9 -- DIABLO -- APAF1 -- RASSF1
531,TNFRSF1A -- TNFRSF1B -- NFKB1 -- MAPK8 -- BIRC2 -- BIRC3 -- SIRT1 -- RB1 -- TNFAIP3 -- CCND1 -- MAPK14 -- PTMA -- RHOA -- RAC1 -- MAP2K7 -- MAP3K1 -- TRADD -- TNFRSF10B -- ATM -- MDM2 -- CHUK -- PPP1R13L -- MAPK9 -- LYN -- IRF1 -- EIF4G2 -- HTRA2 -- CYCS -- HIP1 -- CDK4 -- OTUD7B -- RNF11 -- CASP10 -- PSEN1 -- SOD1 -- RPA4 -- SMPD1 -- TNIK -- PELP1 -- BAX -- BAK1 -- EIF4E -- BID -- FOXM1 -- PCNA -- TAF1 -- DIABLO -- RANGAP1
532,TNFRSF1A -- TNFRSF1B -- NFKB1 -- MAPK8 -- BIRC2 -- BIRC3 -- SIRT1 -- RB1 -- TNFAIP3 -- CCND1 -- TRAF1 -- MAPK14 -- RHOA -- RAC1 -- MAP2K7 -- MAP3K1 -- IGF1 -- TRADD -- TNFRSF10B -- ATM -- MDM2 -- CHUK -- RPS6KA5 -- PPP1R13L -- MAPK9 -- LYN -- IRF1 -- CYCS -- HIP1 -- CDK4 -- OTUD7B -- RNF11 -- CASP10 -- PSEN1 -- SOD1 -- RPA4 -- SMPD1 -- TNIK -- PELP1 -- BAX -- BAK1 -- EIF4E -- BID -- FOXM1 -- PCNA -- PLAC8 -- DIABLO
533,TNFRSF1A -- TNFRSF1B -- MAPK8 -- STAT1 -- JUN -- FOS -- BIRC2 -- BIRC3 -- SIRT1 -- RB1 -- TNFAIP3 -- TRAF1 -- MAPK14 -- RHOA -- TGFB2 -- RAC1 -- MAP2K7 -- MAP3K1 -- VEGFA -- RET -- TRADD -- ATM -- CHUK -- RPS6KA5 -- PPP1R13L -- MAPK9 -- IRF1 -- EIF4G2 -- HTRA2 -- MYB -- HIP1 -- CDK4 -- OTUD7B -- RNF11 -- PSEN1 -- SOD1 -- HNRNPK -- RPA4 -- SMPD1 -- TNIK -- CDKN2A -- PELP1 -- BAX -- BAK1 -- BID -- FOXM1 -- PCNA -- PLAC8 -- CASP9 -- DIABLO
534,TNFRSF1A -- TNFRSF1B -- MAPK8 -- BIRC2 -- SIRT1 -- MYC -- TNFAIP3 -- CCND1 -- MAPK14 -- PTMA -- RHOA -- RAC1 -- MAP2K7 -- MAP3K1 -- TRADD -- ATM -- MDM2 -- CHUK -- PPP1R13L -- MAPK9 -- LYN -- IRF1 -- EIF4G2 -- CYCS -- CDK4 -- OTUD7B -- RNF11 -- CASP10 -- PSEN1 -- SOD1 -- RPA4 -- SMPD1 -- TNIK -- PELP1 -- BAK1 -- BID -- FOXM1 -- PCNA -- TAF1 -- DIABLO -- RANGAP1
535,TNFRSF1A -- TNFRSF1B -- NFKB1 -- MAPK8 -- BIRC2 -- BIRC3 -- SIRT1 -- RB1 -- TNFAIP3 -- CCND1 -- TRAF1 -- MAPK14 -- RHOA -- RAC1 -- MAP2K7 -- MAP3K1 -- TRADD -- TNFRSF10B -- ATM -- MDM2 -- CHUK -- RPS6KA5 -- PPP1R13L -- MAPK9 -- LYN -- IRF1 -- EIF4G2 -- CYCS -- CDK4 -- OTUD7B -- RNF11 -- CASP10 -- PSEN1 -- SOD1 -- RPA4 -- SMPD1 -- TNIK -- PELP1 -- BAX -- EIF4E -- BID -- FOXM1 -- PCNA -- PLAC8 -- DIABLO -- RANGAP1
536,TNFRSF1A -- TNFRSF1B -- NFKB1 -- MAPK8 -- JUN -- FOS -- SIRT1 -- RB1 -- TNFAIP3 -- CCND1 -- TRAF1 -- MAPK14 -- RHOA -- RAC1 -- MAP2K7 -- MAP3K1 -- MAP3K14 -- TRADD -- TNFRSF10B -- CASP2 -- MDM2 -- CHUK -- RPS6KA5 -- PPP1R13L -- MAPK9 -- IRF1 -- EIF4G2 -- HTRA2 -- HIP1 -- CDK4 -- OTUD7B -- RNF11 -- CASP10 -- PSEN1 -- SOD1 -- RPA4 -- SMPD1 -- TNIK -- HTT -- PELP1 -- BAX -- BAK1 -- BID -- FOXM1 -- PCNA -- PLAC8 -- CASP9 -- DIABLO -- APAF1
537,TNFRSF1A -- TNFRSF1B -- MAPK8 -- STAT1 -- JUN -- FOS -- BIRC2 -- BIRC3 -- SIRT1 -- TNFAIP3 -- TRAF1 -- MAPK14 -- RHOA -- NR3C1 -- TGFB2 -- RAC1 -- MAP2K7 -- MAP3K1 -- VEGFA -- RET -- TRADD -- ATM -- CHUK -- RPS6KA5 -- PPP1R13L -- MAPK9 -- LYN -- IRF1 -- EIF4G2 -- MYB -- CYCS -- HIP1 -- RNF11 -- PSEN1 -- SOD1 -- HNRNPK -- SMPD1 -- TNIK -- HTT -- BRCA1 -- CDKN2A -- BID -- MCL1 -- PCNA -- TAF1 -- PLAC8 -- DIABLO -- APAF1 -- RASSF1
538,TNFRSF1A -- TNFRSF1B -- NFKB1 -- MAPK8 -- BIRC2 -- SIRT1 -- MYC -- TNFAIP3 -- CCND1 -- MAPK14 -- PTMA -- RHOA -- TGFB2 -- RAC1 -- MAP2K7 -- MAP3K1 -- IGF1 -- TRADD -- ATM -- MDM2 -- CHUK -- PPP1R13L -- MAPK9 -- LYN -- IRF1 -- CYCS -- CDK4 -- OTUD7B -- RNF11 -- PSEN1 -- BAD -- SOD1 -- HNRNPK -- RPA4 -- SMPD1 -- TNIK -- PELP1 -- BAX -- EIF4E -- BID -- FOXM1 -- PCNA -- TAF1 -- DIABLO -- RANGAP1
539,TP53 -- NFKB1 -- STAT1 -- BIRC2 -- MAPK14 -- PTMA -- MAP2K7 -- MAP3K1 -- VEGFA -- RET -- MAPK1 -- TNFRSF10B -- AKT1 -- ATM -- CHUK -- PPP1R13L -- MAPK9 -- LYN -- IRF1 -- EIF4G2 -- CYCS -- CDK4 -- OTUD7B -- CASP10 -- PARP1 -- PSEN1 -- HNRNPK -- RBL2 -- HTT -- BAK1 -- BID -- MCL1 -- PCNA -- TAF1 -- CCNG1 -- DIABLO -- RASSF1 -- RANGAP1
540,TNFRSF1A -- TNFRSF1B -- MAPK8 -- STAT1 -- JUN -- FOS -- BIRC2 -- SIRT1 -- TNFAIP3 -- TRAF1 -- MAPK14 -- RHOA -- RAC1 -- MAP2K7 -- MAP3K1 -- VEGFA -- MAP3K14 -- TRADD -- ATM -- CASP2 -- CHUK -- RPS6KA5 -- PPP1R13L -- MAPK9 -- IRF1 -- EIF4G2 -- MYB -- CYCS -- HIP1 -- RNF11 -- PSEN1 -- SOD1 -- CASP7 -- SMPD1 -- TNIK -- HTT -- BRCA1 -- CDKN2A -- BID -- MCL1 -- PCNA -- TAF1 -- PLAC8 -- CASP9 -- DIABLO -- APAF1
541,STAT1 -- MAPK14 -- TGFB2 -- RAC1 -- MAP2K7 -- MAP3K1 -- IGF1 -- VEGFA -- MAPK1 -- AKT1 -- E2F1 -- MDM2 -- CHUK -- RPS6KA5 -- PPP1R13L -- MAPK9 -- LYN -- IRF1 -- CYCS -- HIP1 -- CDK4 -- OTUD7B -- PARP1 -- PSEN1 -- RPA4 -- CASP7 -- SMPD1 -- PELP1 -- BAK1 -- BID -- FOXM1 -- CTBP1 -- RBL1 -- PCNA -- TAF1 -- PLAC8 -- DIABLO
542,TNFRSF1A -- TNFRSF1B -- NFKB1 -- MAPK8 -- JUN -- FOS -- SIRT1 -- RB1 -- TNFAIP3 -- CCND1 -- TRAF1 -- MAPK14 -- RHOA -- RAC1 -- MAP2K7 -- MAP3K1 -- MAP3K14 -- TRADD -- TNFRSF10B -- CASP2 -- MDM2 -- CHUK -- RPS6KA5 -- PPP1R13L -- MAPK9 -- IRF1 -- EIF4G2 -- HTRA2 -- HIP1 -- CDK4 -- OTUD7B -- RNF11 -- CASP10 -- PSEN1 -- SOD1 -- RPA4 -- SMPD1 -- TNIK -- HTT -- PELP1 -- BAX -- BAK1 -- BID -- FOXM1 -- PCNA -- PLAC8 -- CASP9 -- DIABLO -- APAF1
543,TNFRSF1A -- TNFRSF1B -- MAPK8 -- STAT1 -- JUN -- FOS -- SIRT1 -- TNFAIP3 -- TRAF1 -- MAPK14 -- RHOA -- TGFB2 -- RAC1 -- MAP2K7 -- MAP3K1 -- VEGFA -- MAP3K14 -- RET -- TRADD -- ATM -- CASP2 -- CHUK -- RPS6KA5 -- PPP1R13L -- MAPK9 -- IRF1 -- EIF4G2 -- HTRA2 -- MYB -- HIP1 -- OTUD7B -- RNF11 -- PSEN1 -- SOD1 -- HNRNPK -- RPA4 -- CASP7 -- SMPD1 -- TNIK -- HTT -- CDKN2A -- PELP1 -- BAX -- BID -- FOXM1 -- MCL1 -- PCNA -- TAF1 -- PLAC8 -- CASP9 -- DIABLO -- APAF1 -- RASSF1
544,TNFRSF1A -- TNFRSF1B -- MAPK8 -- STAT1 -- BIRC2 -- BIRC3 -- SIRT1 -- MYC -- TNFAIP3 -- MAPK14 -- RHOA -- TGFB2 -- RAC1 -- MAP2K7 -- MAP3K1 -- VEGFA -- RET -- TRADD -- TNFRSF10B -- CHUK -- PPP1R13L -- MAPK9 -- LYN -- IRF1 -- EIF4G2 -- CYCS -- CDK4 -- OTUD7B -- RNF11 -- CASP10 -- PSEN1 -- BAD -- SOD1 -- HNRNPK -- SMPD1 -- TNIK -- BRCA1 -- PELP1 -- BID -- MCL1 -- PCNA -- TAF1 -- DIABLO -- RASSF1 -- RANGAP1
545,TNFRSF1A -- TNFRSF1B -- NFKB1 -- MAPK8 -- JUN -- SIRT1 -- RB1 -- TNFAIP3 -- CCND1 -- TRAF1 -- MAPK14 -- RHOA -- RAC1 -- MAP2K7 -- MAP3K1 -- IGF1 -- MAP3K14 -- TRADD -- TNFRSF10B -- CASP2 -- MDM2 -- CHUK -- RPS6KA5 -- PPP1R13L -- MAPK9 -- IRF1 -- EIF4G2 -- HTRA2 -- HIP1 -- CDK4 -- OTUD7B -- RNF11 -- PSEN1 -- SOD1 -- RPA4 -- SMPD1 -- TNIK -- HTT -- PELP1 -- BAX -- BAK1 -- BID -- FOXM1 -- PCNA -- PLAC8 -- CASP9 -- DIABLO -- APAF1
546,TNFRSF1A -- TNFRSF1B -- NFKB1 -- MAPK8 -- JUN -- FOS -- SIRT1 -- RB1 -- TNFAIP3 -- CCND1 -- TRAF1 -- MAPK14 -- RHOA -- RAC1 -- MAP2K7 -- MAP3K1 -- IGF1 -- MAP3K14 -- TRADD -- TNFRSF10B -- ATM -- CASP2 -- MDM2 -- CHUK -- RPS6KA5 -- PPP1R13L -- MAPK9 -- IRF1 -- EIF4G2 -- HTRA2 -- MYB -- HIP1 -- OTUD7B -- RNF11 -- CASP10 -- PSEN1 -- SOD1 -- RPA4 -- SMPD1 -- TNIK -- HTT -- BRCA1 -- CDKN2A -- BAX -- BAK1 -- BID -- FOXM1 -- PCNA -- PLAC8 -- CASP9 -- DIABLO -- APAF1 -- RASSF1
547,TNFRSF1A -- TNFRSF1B -- NFKB1 -- MAPK8 -- BIRC2 -- SIRT1 -- RB1 -- TNFAIP3 -- CCND1 -- TRAF1 -- MAPK14 -- RHOA -- RAC1 -- MAP2K7 -- MAP3K1 -- TRADD -- TNFRSF10B -- MDM2 -- CHUK -- RPS6KA5 -- PPP1R13L -- MAPK9 -- LYN -- IRF1 -- HTRA2 -- CYCS -- HIP1 -- CDK4 -- OTUD7B -- RNF11 -- CASP10 -- PSEN1 -- SOD1 -- RPA4 -- SMPD1 -- TNIK -- PELP1 -- BAX -- EIF4E -- BID -- FOXM1 -- PCNA -- PLAC8 -- DIABLO -- RANGAP1
548,TNFRSF1A -- TNFRSF1B -- MAPK8 -- STAT1 -- JUN -- FOS -- SIRT1 -- TNFAIP3 -- TRAF1 -- MAPK14 -- RHOA -- NR3C1 -- RAC1 -- MAP2K7 -- MAP3K1 -- VEGFA -- MAP3K14 -- RET -- TRADD -- ATM -- CASP2 -- CHUK -- RPS6KA5 -- PPP1R13L -- MAPK9 -- IRF1 -- EIF4G2 -- MYB -- HIP1 -- RNF11 -- PSEN1 -- SOD1 -- HNRNPK -- SMPD1 -- TNIK -- HTT -- BRCA1 -- CDKN2A -- BID -- MCL1 -- PCNA -- PLAC8 -- CASP9 -- DIABLO -- APAF1 -- RASSF1
549,TNFRSF1A -- TNFRSF1B -- MAPK8 -- STAT1 -- JUN -- FOS -- SIRT1 -- TNFAIP3 -- TRAF1 -- MAPK14 -- RHOA -- TGFB2 -- RAC1 -- MAP2K7 -- MAP3K1 -- VEGFA -- MAP3K14 -- RET -- TRADD -- ATM -- CASP2 -- CHUK -- RPS6KA5 -- PPP1R13L -- MAPK9 -- IRF1 -- EIF4G2 -- HTRA2 -- MYB -- HIP1 -- RNF11 -- PSEN1 -- SOD1 -- HNRNPK -- CASP7 -- SMPD1 -- TNIK -- HTT -- BRCA1 -- CDKN2A -- BID -- MCL1 -- PCNA -- TAF1 -- PLAC8 -- CASP9 -- DIABLO -- APAF1 -- RASSF1
550,TNFRSF1A -- TNFRSF1B -- MAPK8 -- STAT1 -- JUN -- FOS -- SIRT1 -- TNFAIP3 -- TRAF1 -- MAPK14 -- RHOA -- NR3C1 -- TGFB2 -- RAC1 -- MAP2K7 -- MAP3K1 -- VEGFA -- MAP3K14 -- RET -- TRADD -- ATM -- CASP2 -- CHUK -- RPS6KA5 -- PPP1R13L -- MAPK9 -- IRF1 -- EIF4G2 -- HTRA2 -- MYB -- HIP1 -- RNF11 -- PSEN1 -- SOD1 -- HNRNPK -- CASP7 -- SMPD1 -- TNIK -- HTT -- BRCA1 -- CDKN2A -- BAK1 -- BID -- MCL1 -- PCNA -- TAF1 -- PLAC8 -- CASP9 -- DIABLO -- APAF1 -- RASSF1
551,TNFRSF1A -- TNFRSF1B -- MAPK8 -- STAT1 -- JUN -- FOS -- BIRC2 -- BIRC3 -- SIRT1 -- TNFAIP3 -- TRAF1 -- MAPK14 -- RHOA -- NR3C1 -- TGFB2 -- RAC1 -- MAP2K7 -- MAP3K1 -- VEGFA -- RET -- TRADD -- ATM -- CHUK -- RPS6KA5 -- PPP1R13L -- MAPK9 -- LYN -- IRF1 -- MYB -- CYCS -- HIP1 -- RNF11 -- PSEN1 -- SOD1 -- HNRNPK -- SMPD1 -- TNIK -- BRCA1 -- CDKN2A -- EIF4E -- BID -- MCL1 -- PCNA -- TAF1 -- PLAC8 -- DIABLO -- RASSF1
552,TNFRSF1A -- TNFRSF1B -- NFKB1 -- MAPK8 -- JUN -- FOS -- SIRT1 -- RB1 -- TNFAIP3 -- CCND1 -- TRAF1 -- MAPK14 -- RHOA -- RAC1 -- MAP2K7 -- MAP3K1 -- IGF1 -- MAP3K14 -- TRADD -- TNFRSF10B -- ATM -- CASP2 -- MDM2 -- CHUK -- RPS6KA5 -- PPP1R13L -- MAPK9 -- IRF1 -- EIF4G2 -- HTRA2 -- MYB -- HIP1 -- CDK4 -- OTUD7B -- RNF11 -- CASP10 -- PSEN1 -- SOD1 -- RPA4 -- SMPD1 -- TNIK -- HTT -- PELP1 -- BAX -- BAK1 -- BID -- FOXM1 -- PCNA -- PLAC8 -- CASP9 -- DIABLO -- APAF1
553,TNFRSF1A -- TNFRSF1B -- MAPK8 -- SIRT1 -- MYC -- TNFAIP3 -- CCND1 -- MAPK14 -- PTMA -- RHOA -- TGFB2 -- RAC1 -- MAP2K7 -- MAP3K1 -- IGF1 -- TRADD -- CASP2 -- MDM2 -- CHUK -- PPP1R13L -- MAPK9 -- LYN -- IRF1 -- EIF4G2 -- HTRA2 -- CDK4 -- OTUD7B -- RNF11 -- CASP10 -- PSEN1 -- SOD1 -- RPA4 -- CASP7 -- SMPD1 -- TNIK -- PELP1 -- BAX -- BAK1 -- EIF4E -- BID -- FOXM1 -- PCNA -- TAF1 -- DIABLO -- RANGAP1
554,TNFRSF1A -- TNFRSF1B -- MAPK8 -- STAT1 -- JUN -- BIRC2 -- BIRC3 -- SIRT1 -- TNFAIP3 -- TRAF1 -- MAPK14 -- RHOA -- NR3C1 -- TGFB2 -- RAC1 -- MAP2K7 -- MAP3K1 -- VEGFA -- RET -- TRADD -- ATM -- CHUK -- RPS6KA5 -- PPP1R13L -- MAPK9 -- LYN -- IRF1 -- MYB -- CYCS -- HIP1 -- RNF11 -- PSEN1 -- SOD1 -- HNRNPK -- SMPD1 -- TNIK -- BRCA1 -- CDKN2A -- BID -- MCL1 -- PCNA -- TAF1 -- PLAC8 -- DIABLO -- RASSF1
555,TNFRSF1A -- TNFRSF1B -- NFKB1 -- MAPK8 -- JUN -- FOS -- SIRT1 -- RB1 -- TNFAIP3 -- CCND1 -- TRAF1 -- MAPK14 -- RHOA -- RAC1 -- MAP2K7 -- MAP3K1 -- IGF1 -- MAP3K14 -- TRADD -- TNFRSF10B -- ATM -- CASP2 -- MDM2 -- CHUK -- RPS6KA5 -- PPP1R13L -- MAPK9 -- IRF1 -- EIF4G2 -- HTRA2 -- HIP1 -- CDK4 -- OTUD7B -- RNF11 -- CASP10 -- PSEN1 -- SOD1 -- RPA4 -- SMPD1 -- TNIK -- HTT -- PELP1 -- BAX -- BAK1 -- BID -- FOXM1 -- PCNA -- PLAC8 -- CASP9 -- DIABLO -- APAF1
556,TNFRSF1A -- TNFRSF1B -- NFKB1 -- MAPK8 -- BIRC2 -- SIRT1 -- MYC -- RB1 -- TNFAIP3 -- CCND1 -- MAPK14 -- PTMA -- RHOA -- RAC1 -- MAP2K7 -- MAP3K1 -- IGF1 -- TRADD -- TNFRSF10B -- MDM2 -- CHUK -- PPP1R13L -- MAPK9 -- LYN -- IRF1 -- EIF4G2 -- CYCS -- CDK4 -- RNF11 -- CASP10 -- PSEN1 -- BAD -- SOD1 -- SMPD1 -- TNIK -- PELP1 -- BAX -- BID -- FOXM1 -- PCNA -- TAF1 -- DIABLO -- RANGAP1
557,TNFRSF1A -- TNFRSF1B -- NFKB1 -- MAPK8 -- SIRT1 -- RB1 -- TNFAIP3 -- CCND1 -- TRAF1 -- MAPK14 -- PTMA -- RHOA -- RAC1 -- MAP2K7 -- MAP3K1 -- TRADD -- TNFRSF10B -- ATM -- CASP2 -- MDM2 -- CHUK -- RPS6KA5 -- PPP1R13L -- MAPK9 -- LYN -- IRF1 -- HTRA2 -- HIP1 -- CDK4 -- OTUD7B -- RNF11 -- PSEN1 -- SOD1 -- RPA4 -- SMPD1 -- TNIK -- HTT -- PELP1 -- BAX -- BAK1 -- EIF4E -- BID -- FOXM1 -- PCNA -- PLAC8 -- DIABLO -- APAF1
558,TNFRSF1A -- TNFRSF1B -- NFKB1 -- MAPK8 -- FOS -- SIRT1 -- RB1 -- TNFAIP3 -- CCND1 -- TRAF1 -- MAPK14 -- RHOA -- RAC1 -- MAP2K7 -- MAP3K1 -- MAP3K14 -- TRADD -- TNFRSF10B -- CASP2 -- MDM2 -- CHUK -- RPS6KA5 -- PPP1R13L -- MAPK9 -- IRF1 -- EIF4G2 -- HTRA2 -- HIP1 -- CDK4 -- OTUD7B -- RNF11 -- CASP10 -- PSEN1 -- SOD1 -- RPA4 -- SMPD1 -- TNIK -- HTT -- PELP1 -- BAX -- BAK1 -- BID -- FOXM1 -- PCNA -- PLAC8 -- CASP9 -- DIABLO -- APAF1
559,TNFRSF1A -- TNFRSF1B -- MAPK8 -- STAT1 -- JUN -- FOS -- BIRC3 -- SIRT1 -- TNFAIP3 -- TRAF1 -- MAPK14 -- RHOA -- NR3C1 -- TGFB2 -- RAC1 -- MAP2K7 -- MAP3K1 -- VEGFA -- RET -- TRADD -- ATM -- CASP2 -- CHUK -- RPS6KA5 -- PPP1R13L -- MAPK9 -- IRF1 -- EIF4G2 -- MYB -- CYCS -- HIP1 -- RNF11 -- PSEN1 -- SOD1 -- HNRNPK -- SMPD1 -- TNIK -- HTT -- BRCA1 -- CDKN2A -- BID -- MCL1 -- PCNA -- TAF1 -- PLAC8 -- CASP9 -- DIABLO -- RASSF1
560,TNFRSF1A -- TNFRSF1B -- MAPK8 -- STAT1 -- FOS -- BIRC2 -- BIRC3 -- SIRT1 -- MYC -- TNFAIP3 -- TRAF1 -- MAPK14 -- PTMA -- RHOA -- NR3C1 -- TGFB2 -- RAC1 -- MAP2K7 -- MAP3K1 -- VEGFA -- RET -- TRADD -- ATM -- CHUK -- RPS6KA5 -- PPP1R13L -- MAPK9 -- LYN -- IRF1 -- MYB -- CYCS -- HIP1 -- RNF11 -- PSEN1 -- SOD1 -- HNRNPK -- SMPD1 -- TNIK -- BRCA1 -- EIF4E -- BID -- MCL1 -- PCNA -- TAF1 -- PLAC8 -- DIABLO -- RASSF1
561,MAPK8 -- STAT1 -- BIRC2 -- BIRC3 -- SIRT1 -- TRAF1 -- MAPK14 -- RAC1 -- MAP2K7 -- MAP3K1 -- IGF1 -- VEGFA -- RET -- TRADD -- AKT1 -- ATM -- E2F1 -- CHUK -- RPS6KA5 -- PPP1R13L -- MAPK9 -- LYN -- IRF1 -- EIF4G2 -- MYB -- HIP1 -- CDK4 -- OTUD7B -- PSEN1 -- RPA4 -- SMPD1 -- HTT -- BBC3 -- PELP1 -- BAK1 -- BID -- FOXM1 -- RBL1 -- PCNA -- TAF1 -- PLAC8 -- DIABLO
562,TNFRSF1A -- TNFRSF1B -- MAPK8 -- STAT1 -- JUN -- FOS -- BIRC2 -- SIRT1 -- TNFAIP3 -- TRAF1 -- MAPK14 -- RHOA -- NR3C1 -- TGFB2 -- RAC1 -- MAP2K7 -- MAP3K1 -- VEGFA -- RET -- TRADD -- ATM -- CHUK -- RPS6KA5 -- PPP1R13L -- MAPK9 -- LYN -- IRF1 -- EIF4G2 -- MYB -- CYCS -- HIP1 -- RNF11 -- PSEN1 -- SOD1 -- HNRNPK -- RPA4 -- SMPD1 -- TNIK -- BRCA1 -- CDKN2A -- BID -- MCL1 -- PCNA -- TAF1 -- PLAC8 -- DIABLO -- APAF1 -- RASSF1
563,TNFRSF1A -- TNFRSF1B -- MAPK8 -- STAT1 -- FOS -- BIRC2 -- BIRC3 -- SIRT1 -- TNFAIP3 -- TRAF1 -- MAPK14 -- RHOA -- NR3C1 -- TGFB2 -- RAC1 -- MAP2K7 -- MAP3K1 -- VEGFA -- RET -- TRADD -- ATM -- CHUK -- RPS6KA5 -- PPP1R13L -- MAPK9 -- LYN -- IRF1 -- MYB -- CYCS -- HIP1 -- RNF11 -- PSEN1 -- SOD1 -- HNRNPK -- SMPD1 -- TNIK -- BRCA1 -- CDKN2A -- EIF4E -- BID -- MCL1 -- PCNA -- TAF1 -- PLAC8 -- DIABLO -- RASSF1
564,TNFRSF1A -- TNFRSF1B -- NFKB1 -- MAPK8 -- STAT1 -- BIRC2 -- RB1 -- TNFAIP3 -- TRAF1 -- MAPK14 -- RHOA -- RAC1 -- MAP2K7 -- MAP3K1 -- IGF1 -- VEGFA -- TRADD -- TNFRSF10B -- ATM -- MDM2 -- CHUK -- RPS6KA5 -- PPP1R13L -- MAPK9 -- LYN -- IRF1 -- EIF4G2 -- HTRA2 -- HIP1 -- CDK4 -- OTUD7B -- RNF11 -- CASP10 -- PSEN1 -- SOD1 -- RPA4 -- SMPD1 -- TNIK -- HTT -- BBC3 -- PELP1 -- BAK1 -- BID -- FOXM1 -- PCNA -- PLAC8 -- DIABLO
565,TNFRSF1A -- TNFRSF1B -- NFKB1 -- MAPK8 -- BIRC2 -- BIRC3 -- SIRT1 -- MYC -- RB1 -- TNFAIP3 -- CCND1 -- MAPK14 -- PTMA -- RHOA -- RAC1 -- MAP2K7 -- MAP3K1 -- TRADD -- TNFRSF10B -- MDM2 -- CHUK -- PPP1R13L -- MAPK9 -- LYN -- IRF1 -- HTRA2 -- CDK4 -- OTUD7B -- RNF11 -- PSEN1 -- BAD -- SOD1 -- RPA4 -- SMPD1 -- TNIK -- PELP1 -- BAX -- BAK1 -- EIF4E -- BID -- FOXM1 -- PCNA -- DIABLO -- RANGAP1
566,TNFRSF1A -- TNFRSF1B -- NFKB1 -- MAPK8 -- BIRC2 -- BIRC3 -- SIRT1 -- RB1 -- TNFAIP3 -- CCND1 -- TRAF1 -- MAPK14 -- RHOA -- RAC1 -- MAP2K7 -- MAP3K1 -- TRADD -- TNFRSF10B -- MDM2 -- CHUK -- PPP1R13L -- MAPK9 -- LYN -- IRF1 -- EIF4G2 -- CYCS -- CDK4 -- OTUD7B -- RNF11 -- CASP10 -- PSEN1 -- SOD1 -- RPA4 -- SMPD1 -- TNIK -- PELP1 -- BAX -- BAK1 -- BID -- FOXM1 -- PCNA -- TAF1 -- PLAC8 -- DIABLO
567,TNFRSF1A -- TNFRSF1B -- NFKB1 -- MAPK8 -- FOS -- SIRT1 -- RB1 -- TNFAIP3 -- CCND1 -- TRAF1 -- MAPK14 -- RHOA -- RAC1 -- MAP2K7 -- MAP3K1 -- IGF1 -- MAP3K14 -- TRADD -- TNFRSF10B -- ATM -- CASP2 -- MDM2 -- CHUK -- RPS6KA5 -- PPP1R13L -- MAPK9 -- IRF1 -- EIF4G2 -- HTRA2 -- HIP1 -- CDK4 -- OTUD7B -- RNF11 -- CASP10 -- PSEN1 -- SOD1 -- RPA4 -- SMPD1 -- TNIK -- PELP1 -- BAX -- BAK1 -- BID -- FOXM1 -- PCNA -- PLAC8 -- CASP9 -- DIABLO -- APAF1
568,TNFRSF1A -- TNFRSF1B -- MAPK8 -- STAT1 -- BIRC2 -- SIRT1 -- MYC -- TNFAIP3 -- CCND1 -- MAPK14 -- PTMA -- RHOA -- RAC1 -- MAP2K7 -- MAP3K1 -- VEGFA -- RET -- TRADD -- ATM -- CHUK -- RPS6KA5 -- PPP1R13L -- MAPK9 -- LYN -- IRF1 -- CYCS -- HIP1 -- CDK4 -- OTUD7B -- PSEN1 -- SOD1 -- HNRNPK -- RPA4 -- SMPD1 -- TNIK -- PELP1 -- EIF4E -- BID -- MCL1 -- PCNA -- TAF1 -- DIABLO -- RANGAP1
569,NFKB1 -- STAT1 -- BIRC2 -- BIRC3 -- SIRT1 -- TNFAIP3 -- TRAF1 -- MAPK14 -- RHOA -- IL2 -- RAC1 -- MAP2K7 -- MAP3K1 -- IGF1 -- VEGFA -- TRADD -- TNFRSF10B -- E2F1 -- MDM2 -- CHUK -- RPS6KA5 -- PPP1R13L -- MAPK9 -- LYN -- IRF1 -- EIF4G2 -- CYCS -- HIP1 -- CDK4 -- OTUD7B -- RNF11 -- CASP10 -- PARP1 -- PSEN1 -- RPA4 -- TNIK -- PELP1 -- BAK1 -- BID -- FOXM1 -- CTBP1 -- RBL1 -- PCNA -- TAF1 -- PLAC8 -- DIABLO
570,TNFRSF1A -- TNFRSF1B -- MAPK8 -- STAT1 -- BIRC2 -- BIRC3 -- SIRT1 -- MYC -- TNFAIP3 -- TRAF1 -- MAPK14 -- PTMA -- RHOA -- RAC1 -- MAP2K7 -- MAP3K1 -- VEGFA -- RET -- TRADD -- ATM -- CHUK -- RPS6KA5 -- PPP1R13L -- MAPK9 -- LYN -- IRF1 -- CYCS -- RNF11 -- PSEN1 -- SOD1 -- HNRNPK -- SMPD1 -- TNIK -- BRCA1 -- CDKN2A -- EIF4E -- BID -- MCL1 -- PCNA -- TAF1 -- PLAC8 -- DIABLO -- RASSF1 -- RANGAP1
571,TNFRSF1A -- TNFRSF1B -- NFKB1 -- MAPK8 -- JUN -- FOS -- SIRT1 -- RB1 -- TNFAIP3 -- CCND1 -- TRAF1 -- MAPK14 -- RHOA -- RAC1 -- MAP2K7 -- MAP3K1 -- MAP3K14 -- TRADD -- TNFRSF10B -- CASP2 -- MDM2 -- CHUK -- RPS6KA5 -- PPP1R13L -- MAPK9 -- IRF1 -- EIF4G2 -- HTRA2 -- MYB -- HIP1 -- CDK4 -- OTUD7B -- RNF11 -- CASP10 -- PSEN1 -- SOD1 -- RPA4 -- SMPD1 -- TNIK -- HTT -- PELP1 -- BAX -- BAK1 -- BID -- FOXM1 -- PCNA -- PLAC8 -- CASP9 -- DIABLO -- APAF1
572,TNFRSF1A -- TNFRSF1B -- NFKB1 -- MAPK8 -- SIRT1 -- RB1 -- TNFAIP3 -- CCND1 -- TRAF1 -- MAPK14 -- RHOA -- RAC1 -- MAP2K7 -- MAP3K1 -- IGF1 -- MAP3K14 -- TRADD -- TNFRSF10B -- ATM -- CASP2 -- MDM2 -- CHUK -- RPS6KA5 -- PPP1R13L -- MAPK9 -- LYN -- IRF1 -- EIF4G2 -- HTRA2 -- HIP1 -- CDK4 -- OTUD7B -- RNF11 -- CASP10 -- PSEN1 -- SOD1 -- RPA4 -- SMPD1 -- TNIK -- HTT -- PELP1 -- BAX -- BAK1 -- BID -- FOXM1 -- PCNA -- PLAC8 -- CASP9 -- DIABLO -- APAF1
573,TNFRSF1A -- TNFRSF1B -- NFKB1 -- MAPK8 -- BIRC2 -- BIRC3 -- SIRT1 -- MYC -- RB1 -- TNFAIP3 -- CCND1 -- MAPK14 -- PTMA -- RHOA -- RAC1 -- MAP2K7 -- MAP3K1 -- IGF1 -- TRADD -- TNFRSF10B -- MDM2 -- CHUK -- PPP1R13L -- MAPK9 -- LYN -- IRF1 -- EIF4G2 -- CYCS -- CDK4 -- OTUD7B -- RNF11 -- CASP10 -- PSEN1 -- SOD1 -- RPA4 -- SMPD1 -- TNIK -- PELP1 -- BAX -- BAK1 -- BID -- FOXM1 -- PCNA -- DIABLO -- RANGAP1
574,TNFRSF1A -- TNFRSF1B -- NFKB1 -- MAPK8 -- BIRC2 -- SIRT1 -- RB1 -- TNFAIP3 -- CCND1 -- TRAF1 -- MAPK14 -- RHOA -- RAC1 -- MAP2K7 -- MAP3K1 -- TRADD -- TNFRSF10B -- ATM -- MDM2 -- CHUK -- RPS6KA5 -- PPP1R13L -- MAPK9 -- LYN -- IRF1 -- EIF4G2 -- HTRA2 -- HIP1 -- CDK4 -- OTUD7B -- RNF11 -- CASP10 -- PSEN1 -- SOD1 -- RPA4 -- SMPD1 -- TNIK -- PELP1 -- BAX -- BAK1 -- BID -- FOXM1 -- PCNA -- PLAC8 -- DIABLO
575,TNFRSF1A -- TNFRSF1B -- MAPK8 -- STAT1 -- BIRC2 -- SIRT1 -- MYC -- TNFAIP3 -- CCND1 -- MAPK14 -- PTMA -- RHOA -- RAC1 -- MAP2K7 -- MAP3K1 -- TRADD -- MDM2 -- CHUK -- PPP1R13L -- MAPK9 -- LYN -- IRF1 -- CYCS -- HIP1 -- CDK4 -- OTUD7B -- RNF11 -- PSEN1 -- SOD1 -- RPA4 -- SMPD1 -- TNIK -- PELP1 -- BAX -- EIF4E -- BID -- FOXM1 -- PCNA -- TAF1 -- DIABLO -- RANGAP1
576,TNFRSF1A -- TNFRSF1B -- MAPK8 -- STAT1 -- JUN -- FOS -- SIRT1 -- TNFAIP3 -- TRAF1 -- MAPK14 -- RHOA -- RAC1 -- MAP2K7 -- MAP3K1 -- VEGFA -- MAP3K14 -- RET -- TRADD -- ATM -- CASP2 -- CHUK -- RPS6KA5 -- PPP1R13L -- MAPK9 -- IRF1 -- EIF4G2 -- HTRA2 -- MYB -- HIP1 -- RNF11 -- CASP10 -- PSEN1 -- SOD1 -- HNRNPK -- CASP7 -- SMPD1 -- TNIK -- HTT -- BRCA1 -- CDKN2A -- BAX -- BAK1 -- BID -- PCNA -- PLAC8 -- CASP9 -- DIABLO -- RASSF1
577,STAT1 -- SIRT1 -- MAPK14 -- TGFB2 -- RAC1 -- MAP2K7 -- MAP3K1 -- VEGFA -- MAP3K14 -- MAPK1 -- AKT1 -- ATM -- E2F1 -- CHUK -- RPS6KA5 -- PPP1R13L -- MAPK9 -- LYN -- IRF1 -- EIF4G2 -- MYB -- CYCS -- HIP1 -- CDK4 -- OTUD7B -- PSEN1 -- RPA4 -- CASP7 -- BBC3 -- PELP1 -- EIF4E -- BID -- FOXM1 -- CTBP1 -- RBL1 -- PCNA -- TAF1 -- PLAC8 -- DIABLO
578,TNFRSF1A -- TNFRSF1B -- NFKB1 -- MAPK8 -- SIRT1 -- RB1 -- TNFAIP3 -- CCND1 -- TRAF1 -- MAPK14 -- RHOA -- RAC1 -- MAP2K7 -- MAP3K1 -- MAP3K14 -- TRADD -- TNFRSF10B -- ATM -- CASP2 -- MDM2 -- CHUK -- RPS6KA5 -- PPP1R13L -- MAPK9 -- LYN -- IRF1 -- EIF4G2 -- HTRA2 -- HIP1 -- CDK4 -- OTUD7B -- RNF11 -- CASP10 -- PSEN1 -- SOD1 -- RPA4 -- SMPD1 -- TNIK -- HTT -- PELP1 -- BAX -- BAK1 -- BID -- FOXM1 -- PCNA -- PLAC8 -- DIABLO -- APAF1
579,TNFRSF1A -- TNFRSF1B -- MAPK8 -- STAT1 -- JUN -- FOS -- SIRT1 -- TNFAIP3 -- TRAF1 -- MAPK14 -- RHOA -- NR3C1 -- TGFB2 -- RAC1 -- MAP2K7 -- MAP3K1 -- VEGFA -- MAP3K14 -- RET -- TRADD -- ATM -- CASP2 -- CHUK -- RPS6KA5 -- PPP1R13L -- MAPK9 -- IRF1 -- EIF4G2 -- HTRA2 -- MYB -- HIP1 -- RNF11 -- PSEN1 -- SOD1 -- HNRNPK -- CASP7 -- SMPD1 -- TNIK -- HTT -- BRCA1 -- CDKN2A -- BID -- MCL1 -- PCNA -- TAF1 -- PLAC8 -- CASP9 -- DIABLO -- APAF1 -- RASSF1
580,NFKB1 -- STAT1 -- BIRC2 -- SIRT1 -- TNFAIP3 -- TRAF1 -- MAPK14 -- TGFB2 -- IL2 -- RAC1 -- MAP2K7 -- MAP3K1 -- IGF1 -- VEGFA -- RET -- TRADD -- MAPK1 -- TNFRSF10B -- AKT1 -- CHUK -- PPP1R13L -- MAPK9 -- LYN -- IRF1 -- HTRA2 -- HIP1 -- CDK4 -- OTUD7B -- CASP10 -- PARP1 -- PSEN1 -- HNRNPK -- RPA4 -- BCL2L1 -- BRCA1 -- PELP1 -- BAK1 -- EIF4E -- BID -- FOXM1 -- MCL1 -- CTBP1 -- PCNA -- TAF1 -- PLAC8 -- DIABLO -- RASSF1
581,TNFRSF1A -- TNFRSF1B -- NFKB1 -- MAPK8 -- FOS -- SIRT1 -- RB1 -- TNFAIP3 -- CCND1 -- TRAF1 -- MAPK14 -- RHOA -- RAC1 -- MAP2K7 -- MAP3K1 -- MAP3K14 -- TRADD -- TNFRSF10B -- MDM2 -- CHUK -- RPS6KA5 -- PPP1R13L -- MAPK9 -- IRF1 -- EIF4G2 -- HTRA2 -- CYCS -- HIP1 -- CDK4 -- OTUD7B -- RNF11 -- CASP10 -- PSEN1 -- SOD1 -- RPA4 -- SMPD1 -- TNIK -- PELP1 -- BAX -- BAK1 -- EIF4E -- BID -- FOXM1 -- PCNA -- PLAC8 -- CASP9 -- DIABLO -- APAF1
582,TNFRSF1A -- TNFRSF1B -- MAPK8 -- STAT1 -- JUN -- FOS -- SIRT1 -- TNFAIP3 -- TRAF1 -- MAPK14 -- RHOA -- NR3C1 -- TGFB2 -- RAC1 -- MAP2K7 -- MAP3K1 -- VEGFA -- MAP3K14 -- RET -- TRADD -- ATM -- CASP2 -- CHUK -- RPS6KA5 -- PPP1R13L -- MAPK9 -- IRF1 -- EIF4G2 -- HTRA2 -- MYB -- HIP1 -- RNF11 -- PSEN1 -- SOD1 -- HNRNPK -- CASP7 -- SMPD1 -- TNIK -- HTT -- BRCA1 -- CDKN2A -- BID -- MCL1 -- PCNA -- TAF1 -- PLAC8 -- CASP9 -- DIABLO -- APAF1 -- RASSF1
583,TNFRSF1A -- TNFRSF1B -- NFKB1 -- MAPK8 -- SIRT1 -- RB1 -- TNFAIP3 -- CCND1 -- TRAF1 -- MAPK14 -- RHOA -- RAC1 -- MAP2K7 -- MAP3K1 -- MAP3K14 -- TRADD -- TNFRSF10B -- ATM -- CASP2 -- MDM2 -- CHUK -- RPS6KA5 -- PPP1R13L -- MAPK9 -- LYN -- IRF1 -- EIF4G2 -- HTRA2 -- HIP1 -- CDK4 -- OTUD7B -- RNF11 -- CASP10 -- PSEN1 -- SOD1 -- RPA4 -- SMPD1 -- TNIK -- HTT -- PELP1 -- BAX -- BAK1 -- BID -- FOXM1 -- PCNA -- PLAC8 -- DIABLO -- APAF1
584,TNFRSF1A -- TNFRSF1B -- NFKB1 -- MAPK8 -- JUN -- FOS -- SIRT1 -- RB1 -- TNFAIP3 -- CCND1 -- TRAF1 -- MAPK14 -- RHOA -- RAC1 -- MAP2K7 -- MAP3K1 -- MAP3K14 -- TRADD -- TNFRSF10B -- ATM -- CASP2 -- MDM2 -- CHUK -- RPS6KA5 -- PPP1R13L -- MAPK9 -- IRF1 -- EIF4G2 -- HTRA2 -- HIP1 -- CDK4 -- OTUD7B -- RNF11 -- CASP10 -- PSEN1 -- SOD1 -- RPA4 -- SMPD1 -- TNIK -- HTT -- CDKN2A -- PELP1 -- BAX -- BAK1 -- BID -- FOXM1 -- PCNA -- CASP9 -- DIABLO -- APAF1
585,MAPK8 -- STAT1 -- BIRC2 -- SIRT1 -- TRAF1 -- MAPK14 -- NR3C1 -- RAC1 -- MAP2K7 -- MAP3K1 -- VEGFA -- RET -- TRADD -- AKT1 -- ATM -- CHUK -- RPS6KA5 -- PPP1R13L -- MAPK9 -- LYN -- IRF1 -- CYCS -- HIP1 -- OTUD7B -- PSEN1 -- HNRNPK -- RPA4 -- SMPD1 -- TNIK -- CDKN2A -- EIF4E -- BID -- MCL1 -- RBL1 -- PCNA -- TAF1 -- PLAC8 -- DIABLO
586,TNFRSF1A -- TNFRSF1B -- MAPK8 -- STAT1 -- BIRC2 -- SIRT1 -- MYC -- TNFAIP3 -- CCND1 -- MAPK14 -- RHOA -- RAC1 -- MAP2K7 -- MAP3K1 -- VEGFA -- TRADD -- MDM2 -- CHUK -- RPS6KA5 -- PPP1R13L -- MAPK9 -- LYN -- IRF1 -- CYCS -- CDK4 -- OTUD7B -- RNF11 -- PSEN1 -- SOD1 -- HNRNPK -- RPA4 -- SMPD1 -- TNIK -- PELP1 -- EIF4E -- BID -- FOXM1 -- MCL1 -- PCNA -- TAF1 -- PLAC8 -- DIABLO
587,TNFRSF1A -- TNFRSF1B -- NFKB1 -- MAPK8 -- STAT1 -- JUN -- FOS -- SIRT1 -- TNFAIP3 -- TRAF1 -- MAPK14 -- RHOA -- NR3C1 -- TGFB2 -- RAC1 -- MAP2K7 -- MAP3K1 -- VEGFA -- MAP3K14 -- TRADD -- TNFRSF10B -- ATM -- CASP2 -- CHUK -- RPS6KA5 -- PPP1R13L -- MAPK9 -- IRF1 -- EIF4G2 -- HTRA2 -- MYB -- HIP1 -- RNF11 -- CASP10 -- PSEN1 -- SOD1 -- CASP7 -- SMPD1 -- TNIK -- HTT -- BRCA1 -- CDKN2A -- BAK1 -- BID -- MCL1 -- PCNA -- TAF1 -- PLAC8 -- CASP9 -- DIABLO -- APAF1 -- RASSF1
588,TNFRSF1A -- TNFRSF1B -- MAPK8 -- STAT1 -- JUN -- FOS -- SIRT1 -- TNFAIP3 -- TRAF1 -- MAPK14 -- RHOA -- NR3C1 -- RAC1 -- MAP2K7 -- MAP3K1 -- VEGFA -- MAP3K14 -- RET -- TRADD -- TNFRSF10B -- ATM -- CASP2 -- CHUK -- RPS6KA5 -- PPP1R13L -- MAPK9 -- IRF1 -- EIF4G2 -- HTRA2 -- MYB -- HIP1 -- OTUD7B -- RNF11 -- CASP10 -- PSEN1 -- SOD1 -- HNRNPK -- CASP7 -- SMPD1 -- TNIK -- HTT -- BRCA1 -- CDKN2A -- BAX -- BAK1 -- BID -- PCNA -- TAF1 -- PLAC8 -- CASP9 -- DIABLO -- APAF1 -- RASSF1
589,TNFRSF1A -- TNFRSF1B -- MAPK8 -- STAT1 -- JUN -- FOS -- SIRT1 -- TNFAIP3 -- TRAF1 -- MAPK14 -- RHOA -- NR3C1 -- TGFB2 -- RAC1 -- MAP2K7 -- MAP3K1 -- VEGFA -- MAP3K14 -- RET -- TRADD -- ATM -- CASP2 -- CHUK -- RPS6KA5 -- PPP1R13L -- MAPK9 -- IRF1 -- EIF4G2 -- MYB -- HIP1 -- RNF11 -- CASP10 -- PSEN1 -- SOD1 -- HNRNPK -- CASP7 -- SMPD1 -- TNIK -- HTT -- BRCA1 -- CDKN2A -- BID -- MCL1 -- PCNA -- TAF1 -- PLAC8 -- CASP9 -- DIABLO -- APAF1 -- RASSF1
590,TNFRSF1A -- TNFRSF1B -- MAPK8 -- BIRC2 -- BIRC3 -- SIRT1 -- MYC -- TNFAIP3 -- CCND1 -- MAPK14 -- PTMA -- RHOA -- TGFB2 -- RAC1 -- MAP2K7 -- MAP3K1 -- IGF1 -- RET -- TRADD -- TNFRSF10B -- MDM2 -- CHUK -- PPP1R13L -- MAPK9 -- LYN -- IRF1 -- CYCS -- CDK4 -- OTUD7B -- RNF11 -- PSEN1 -- BAD -- SOD1 -- HNRNPK -- RPA4 -- SMPD1 -- TNIK -- PELP1 -- EIF4E -- BID -- FOXM1 -- MCL1 -- PCNA -- TAF1 -- DIABLO -- RANGAP1
591,TNFRSF1A -- TNFRSF1B -- NFKB1 -- MAPK8 -- SIRT1 -- RB1 -- TNFAIP3 -- CCND1 -- TRAF1 -- MAPK14 -- RHOA -- RAC1 -- MAP2K7 -- MAP3K1 -- MAP3K14 -- TRADD -- TNFRSF10B -- CASP2 -- MDM2 -- CHUK -- RPS6KA5 -- PPP1R13L -- MAPK9 -- LYN -- IRF1 -- EIF4G2 -- HTRA2 -- CYCS -- HIP1 -- CDK4 -- OTUD7B -- RNF11 -- CASP10 -- PSEN1 -- SOD1 -- RPA4 -- SMPD1 -- TNIK -- HTT -- PELP1 -- BAX -- BAK1 -- BID -- FOXM1 -- PCNA -- PLAC8 -- DIABLO
592,TNFRSF1A -- TNFRSF1B -- MAPK8 -- STAT1 -- JUN -- FOS -- SIRT1 -- RB1 -- TNFAIP3 -- TRAF1 -- MAPK14 -- RHOA -- RAC1 -- MAP2K7 -- MAP3K1 -- VEGFA -- MAP3K14 -- RET -- TRADD -- TNFRSF10B -- ATM -- CASP2 -- CHUK -- RPS6KA5 -- PPP1R13L -- MAPK9 -- IRF1 -- EIF4G2 -- HTRA2 -- MYB -- HIP1 -- CDK4 -- OTUD7B -- RNF11 -- CASP10 -- PSEN1 -- SOD1 -- RPA4 -- SMPD1 -- TNIK -- HTT -- CDKN2A -- PELP1 -- BAK1 -- BID -- FOXM1 -- MCL1 -- PCNA -- PLAC8 -- CASP9 -- DIABLO -- APAF1
593,TNFRSF1A -- TNFRSF1B -- MAPK8 -- STAT1 -- JUN -- FOS -- BIRC2 -- BIRC3 -- SIRT1 -- TNFAIP3 -- TRAF1 -- MAPK14 -- RHOA -- TGFB2 -- RAC1 -- MAP2K7 -- MAP3K1 -- VEGFA -- RET -- TRADD -- ATM -- CHUK -- RPS6KA5 -- PPP1R13L -- MAPK9 -- LYN -- IRF1 -- MYB -- CYCS -- HIP1 -- RNF11 -- PSEN1 -- SOD1 -- HNRNPK -- SMPD1 -- TNIK -- BRCA1 -- CDKN2A -- BID -- MCL1 -- PCNA -- TAF1 -- PLAC8 -- DIABLO -- RASSF1
594,TNFRSF1A -- TNFRSF1B -- NFKB1 -- MAPK8 -- SIRT1 -- RB1 -- TNFAIP3 -- CCND1 -- TRAF1 -- MAPK14 -- RHOA -- RAC1 -- MAP2K7 -- MAP3K1 -- MAP3K14 -- TRADD -- TNFRSF10B -- ATM -- CASP2 -- MDM2 -- CHUK -- RPS6KA5 -- PPP1R13L -- MAPK9 -- IRF1 -- EIF4G2 -- HTRA2 -- HIP1 -- CDK4 -- OTUD7B -- RNF11 -- CASP10 -- PSEN1 -- SOD1 -- RPA4 -- SMPD1 -- TNIK -- HTT -- PELP1 -- BAX -- BAK1 -- BID -- FOXM1 -- PCNA -- PLAC8 -- CASP9 -- DIABLO -- APAF1
595,TNFRSF1A -- TNFRSF1B -- MAPK8 -- STAT1 -- JUN -- BIRC2 -- BIRC3 -- SIRT1 -- TNFAIP3 -- TRAF1 -- MAPK14 -- RHOA -- NR3C1 -- TGFB2 -- RAC1 -- MAP2K7 -- MAP3K1 -- VEGFA -- RET -- TRADD -- ATM -- CHUK -- RPS6KA5 -- PPP1R13L -- MAPK9 -- LYN -- IRF1 -- MYB -- CYCS -- HIP1 -- RNF11 -- PSEN1 -- SOD1 -- HNRNPK -- SMPD1 -- TNIK -- HTT -- BRCA1 -- CDKN2A -- EIF4E -- BID -- MCL1 -- PCNA -- TAF1 -- PLAC8 -- DIABLO -- RASSF1
596,TNFRSF1A -- TNFRSF1B -- MAPK8 -- STAT1 -- BIRC2 -- BIRC3 -- SIRT1 -- MYC -- TNFAIP3 -- TRAF1 -- MAPK14 -- PTMA -- RHOA -- RAC1 -- MAP2K7 -- MAP3K1 -- VEGFA -- RET -- TRADD -- ATM -- CHUK -- PPP1R13L -- MAPK9 -- LYN -- IRF1 -- CYCS -- RNF11 -- PSEN1 -- SOD1 -- HNRNPK -- SMPD1 -- TNIK -- BRCA1 -- CDKN2A -- EIF4E -- BID -- MCL1 -- PCNA -- TAF1 -- DIABLO -- RASSF1 -- RANGAP1
597,TNFRSF1A -- TNFRSF1B -- MAPK8 -- STAT1 -- BIRC2 -- BIRC3 -- SIRT1 -- TNFAIP3 -- TRAF1 -- MAPK14 -- RHOA -- NR3C1 -- TGFB2 -- RAC1 -- MAP2K7 -- MAP3K1 -- VEGFA -- RET -- TRADD -- ATM -- CHUK -- RPS6KA5 -- PPP1R13L -- MAPK9 -- LYN -- IRF1 -- CYCS -- HIP1 -- RNF11 -- PSEN1 -- SOD1 -- HNRNPK -- SMPD1 -- TNIK -- HTT -- BRCA1 -- CDKN2A -- EIF4E -- BID -- MCL1 -- PCNA -- TAF1 -- PLAC8 -- DIABLO -- RASSF1
598,TNFRSF1A -- TNFRSF1B -- NFKB1 -- MAPK8 -- SIRT1 -- RB1 -- TNFAIP3 -- CCND1 -- TRAF1 -- MAPK14 -- RHOA -- RAC1 -- MAP2K7 -- MAP3K1 -- MAP3K14 -- TRADD -- TNFRSF10B -- CASP2 -- MDM2 -- CHUK -- RPS6KA5 -- PPP1R13L -- MAPK9 -- IRF1 -- EIF4G2 -- HTRA2 -- HIP1 -- CDK4 -- OTUD7B -- RNF11 -- CASP10 -- PSEN1 -- SOD1 -- RPA4 -- SMPD1 -- TNIK -- HTT -- PELP1 -- BAX -- BAK1 -- BID -- FOXM1 -- PCNA -- PLAC8 -- CASP9 -- DIABLO -- APAF1
599,TNFRSF1A -- TNFRSF1B -- MAPK8 -- STAT1 -- JUN -- FOS -- BIRC2 -- BIRC3 -- SIRT1 -- TNFAIP3 -- TRAF1 -- MAPK14 -- RHOA -- NR3C1 -- TGFB2 -- RAC1 -- MAP2K7 -- MAP3K1 -- VEGFA -- RET -- TRADD -- ATM -- CHUK -- RPS6KA5 -- PPP1R13L -- MAPK9 -- IRF1 -- EIF4G2 -- MYB -- CYCS -- HIP1 -- RNF11 -- PSEN1 -- SOD1 -- HNRNPK -- SMPD1 -- TNIK -- BRCA1 -- CDKN2A -- BID -- MCL1 -- PCNA -- TAF1 -- PLAC8 -- CASP9 -- DIABLO -- RASSF1
600,TNFRSF1A -- TNFRSF1B -- MAPK8 -- STAT1 -- JUN -- FOS -- SIRT1 -- TNFAIP3 -- TRAF1 -- MAPK14 -- RHOA -- NR3C1 -- RAC1 -- MAP2K7 -- MAP3K1 -- VEGFA -- MAP3K14 -- RET -- TRADD -- ATM -- CASP2 -- CHUK -- RPS6KA5 -- PPP1R13L -- MAPK9 -- IRF1 -- EIF4G2 -- MYB -- HIP1 -- RNF11 -- PSEN1 -- SOD1 -- HNRNPK -- CASP7 -- SMPD1 -- TNIK -- HTT -- BRCA1 -- CDKN2A -- BID -- MCL1 -- PCNA -- PLAC8 -- CASP9 -- DIABLO -- APAF1 -- RASSF1
601,TNFRSF1A -- TNFRSF1B -- MAPK8 -- STAT1 -- SIRT1 -- MYC -- TNFAIP3 -- CCND1 -- MAPK14 -- PTMA -- RHOA -- RAC1 -- MAP2K7 -- MAP3K1 -- MAP3K14 -- RET -- TRADD -- MDM2 -- CHUK -- PPP1R13L -- MAPK9 -- LYN -- IRF1 -- EIF4G2 -- HTRA2 -- CDK4 -- OTUD7B -- RNF11 -- PSEN1 -- SOD1 -- HNRNPK -- RPA4 -- CASP7 -- SMPD1 -- TNIK -- BAX -- BAK1 -- BID -- FOXM1 -- MCL1 -- PCNA -- TAF1 -- DIABLO -- APAF1 -- RANGAP1
602,TNFRSF1A -- TNFRSF1B -- MAPK8 -- STAT1 -- JUN -- FOS -- SIRT1 -- TNFAIP3 -- TRAF1 -- MAPK14 -- RHOA -- TGFB2 -- RAC1 -- MAP2K7 -- MAP3K1 -- VEGFA -- MAP3K14 -- RET -- TRADD -- ATM -- CASP2 -- CHUK -- RPS6KA5 -- PPP1R13L -- MAPK9 -- IRF1 -- EIF4G2 -- HTRA2 -- MYB -- HIP1 -- RNF11 -- PSEN1 -- SOD1 -- HNRNPK -- CASP7 -- SMPD1 -- TNIK -- HTT -- BRCA1 -- CDKN2A -- BID -- MCL1 -- PCNA -- TAF1 -- PLAC8 -- CASP9 -- DIABLO -- APAF1 -- RASSF1
603,TNFRSF1A -- TNFRSF1B -- MAPK8 -- STAT1 -- JUN -- FOS -- BIRC2 -- BIRC3 -- SIRT1 -- TNFAIP3 -- TRAF1 -- MAPK14 -- RHOA -- NR3C1 -- TGFB2 -- RAC1 -- MAP2K7 -- MAP3K1 -- VEGFA -- RET -- TRADD -- ATM -- CHUK -- RPS6KA5 -- PPP1R13L -- MAPK9 -- IRF1 -- EIF4G2 -- MYB -- CYCS -- HIP1 -- RNF11 -- PSEN1 -- SOD1 -- HNRNPK -- SMPD1 -- TNIK -- BRCA1 -- CDKN2A -- BID -- MCL1 -- PCNA -- TAF1 -- PLAC8 -- CASP9 -- DIABLO -- APAF1 -- RASSF1
604,TNFRSF1A -- TNFRSF1B -- MAPK8 -- STAT1 -- JUN -- FOS -- SIRT1 -- TNFAIP3 -- TRAF1 -- MAPK14 -- RHOA -- NR3C1 -- RAC1 -- MAP2K7 -- MAP3K1 -- VEGFA -- MAP3K14 -- RET -- TRADD -- ATM -- CASP2 -- CHUK -- RPS6KA5 -- PPP1R13L -- MAPK9 -- IRF1 -- EIF4G2 -- HTRA2 -- MYB -- HIP1 -- RNF11 -- PSEN1 -- SOD1 -- HNRNPK -- CASP7 -- SMPD1 -- TNIK -- HTT -- BRCA1 -- CDKN2A -- BAK1 -- BID -- PCNA -- TAF1 -- PLAC8 -- CASP9 -- DIABLO -- APAF1 -- RASSF1
605,TNFRSF1A -- TNFRSF1B -- NFKB1 -- MAPK8 -- STAT1 -- BIRC2 -- BIRC3 -- SIRT1 -- MYC -- TNFAIP3 -- CCND1 -- MAPK14 -- PTMA -- RHOA -- TGFB2 -- RAC1 -- MAP2K7 -- MAP3K1 -- IGF1 -- VEGFA -- RET -- TRADD -- ATM -- MDM2 -- CHUK -- PPP1R13L -- MAPK9 -- LYN -- IRF1 -- EIF4G2 -- CYCS -- CDK4 -- OTUD7B -- RNF11 -- CASP10 -- PSEN1 -- SOD1 -- RPA4 -- SMPD1 -- TNIK -- PELP1 -- BID -- FOXM1 -- MCL1 -- PCNA -- TAF1 -- DIABLO -- RANGAP1
606,TNFRSF1A -- TNFRSF1B -- NFKB1 -- MAPK8 -- SIRT1 -- RB1 -- TNFAIP3 -- CCND1 -- TRAF1 -- MAPK14 -- RHOA -- RAC1 -- MAP2K7 -- MAP3K1 -- MAP3K14 -- TRADD -- TNFRSF10B -- CASP2 -- MDM2 -- CHUK -- RPS6KA5 -- PPP1R13L -- MAPK9 -- LYN -- IRF1 -- EIF4G2 -- HTRA2 -- HIP1 -- CDK4 -- OTUD7B -- RNF11 -- CASP10 -- PSEN1 -- SOD1 -- RPA4 -- SMPD1 -- TNIK -- HTT -- PELP1 -- BAX -- BAK1 -- BID -- FOXM1 -- PCNA -- PLAC8 -- CASP9 -- DIABLO -- APAF1
607,TNFRSF1A -- TNFRSF1B -- NFKB1 -- MAPK8 -- BIRC3 -- SIRT1 -- MYC -- TNFAIP3 -- CCND1 -- MAPK14 -- PTMA -- RHOA -- TGFB2 -- RAC1 -- MAP2K7 -- MAP3K1 -- IGF1 -- TRADD -- ATM -- CASP2 -- MDM2 -- CHUK -- PPP1R13L -- MAPK9 -- LYN -- IRF1 -- HTRA2 -- CDK4 -- OTUD7B -- RNF11 -- PSEN1 -- SOD1 -- RPA4 -- SMPD1 -- TNIK -- PELP1 -- BAK1 -- EIF4E -- BID -- FOXM1 -- PCNA -- TAF1 -- DIABLO -- RANGAP1
608,TNFRSF1A -- TNFRSF1B -- MAPK8 -- JUN -- FOS -- SIRT1 -- RB1 -- TNFAIP3 -- TRAF1 -- MAPK14 -- RHOA -- RAC1 -- MAP2K7 -- MAP3K1 -- MAP3K14 -- TRADD -- ATM -- CASP2 -- MDM2 -- CHUK -- RPS6KA5 -- PPP1R13L -- MAPK9 -- IRF1 -- EIF4G2 -- HTRA2 -- MYB -- HIP1 -- CDK4 -- OTUD7B -- RNF11 -- CASP10 -- PSEN1 -- SOD1 -- RPA4 -- SMPD1 -- TNIK -- HTT -- CDKN2A -- PELP1 -- BAX -- BAK1 -- BID -- FOXM1 -- PCNA -- PLAC8 -- CASP9 -- DIABLO -- APAF1
609,TNFRSF1A -- TNFRSF1B -- NFKB1 -- MAPK8 -- SIRT1 -- RB1 -- TNFAIP3 -- CCND1 -- TRAF1 -- MAPK14 -- RHOA -- RAC1 -- MAP2K7 -- MAP3K1 -- MAP3K14 -- TRADD -- TNFRSF10B -- ATM -- CASP2 -- MDM2 -- CHUK -- RPS6KA5 -- PPP1R13L -- MAPK9 -- LYN -- IRF1 -- HTRA2 -- HIP1 -- CDK4 -- OTUD7B -- RNF11 -- CASP10 -- PSEN1 -- SOD1 -- RPA4 -- SMPD1 -- TNIK -- PELP1 -- BAX -- BAK1 -- EIF4E -- BID -- FOXM1 -- PCNA -- DIABLO -- APAF1
610,TNFRSF1A -- TNFRSF1B -- NFKB1 -- MAPK8 -- STAT1 -- BIRC2 -- BIRC3 -- SIRT1 -- MYC -- TNFAIP3 -- TRAF1 -- MAPK14 -- PTMA -- RHOA -- TGFB2 -- RAC1 -- MAP2K7 -- MAP3K1 -- VEGFA -- RET -- TRADD -- TNFRSF10B -- ATM -- CHUK -- RPS6KA5 -- PPP1R13L -- MAPK9 -- LYN -- IRF1 -- CYCS -- CDK4 -- RNF11 -- CASP10 -- PSEN1 -- SOD1 -- HNRNPK -- SMPD1 -- TNIK -- BRCA1 -- EIF4E -- BID -- MCL1 -- PCNA -- TAF1 -- DIABLO -- RASSF1 -- RANGAP1
611,TNFRSF1A -- TNFRSF1B -- NFKB1 -- MAPK8 -- JUN -- SIRT1 -- RB1 -- TNFAIP3 -- CCND1 -- TRAF1 -- MAPK14 -- RHOA -- RAC1 -- MAP2K7 -- MAP3K1 -- IGF1 -- MAP3K14 -- TRADD -- TNFRSF10B -- CASP2 -- MDM2 -- CHUK -- RPS6KA5 -- PPP1R13L -- MAPK9 -- IRF1 -- EIF4G2 -- HTRA2 -- MYB -- HIP1 -- CDK4 -- OTUD7B -- RNF11 -- CASP10 -- PSEN1 -- SOD1 -- RPA4 -- SMPD1 -- TNIK -- HTT -- PELP1 -- BAX -- BAK1 -- BID -- FOXM1 -- PCNA -- PLAC8 -- CASP9 -- DIABLO -- APAF1
612,TNFRSF1A -- TNFRSF1B -- NFKB1 -- MAPK8 -- BIRC2 -- SIRT1 -- MYC -- TNFAIP3 -- CCND1 -- TRAF1 -- MAPK14 -- RHOA -- TGFB2 -- RAC1 -- MAP2K7 -- MAP3K1 -- VEGFA -- TRADD -- TNFRSF10B -- MDM2 -- CHUK -- RPS6KA5 -- PPP1R13L -- MAPK9 -- LYN -- IRF1 -- CYCS -- HIP1 -- CDK4 -- OTUD7B -- RNF11 -- PSEN1 -- SOD1 -- HNRNPK -- SMPD1 -- TNIK -- PELP1 -- EIF4E -- BID -- FOXM1 -- MCL1 -- PCNA -- TAF1 -- PLAC8 -- DIABLO
613,TNFRSF1A -- TNFRSF1B -- MAPK8 -- JUN -- FOS -- SIRT1 -- TNFAIP3 -- TRAF1 -- MAPK14 -- RHOA -- NR3C1 -- RAC1 -- MAP2K7 -- MAP3K1 -- VEGFA -- MAP3K14 -- RET -- TRADD -- ATM -- CASP2 -- CHUK -- RPS6KA5 -- PPP1R13L -- MAPK9 -- IRF1 -- EIF4G2 -- HTRA2 -- MYB -- HIP1 -- RNF11 -- PSEN1 -- SOD1 -- HNRNPK -- SMPD1 -- TNIK -- HTT -- BRCA1 -- CDKN2A -- BAK1 -- BID -- PCNA -- TAF1 -- PLAC8 -- CASP9 -- DIABLO -- APAF1 -- RASSF1
614,TNFRSF1A -- TNFRSF1B -- MAPK8 -- FOS -- SIRT1 -- RB1 -- TNFAIP3 -- TRAF1 -- MAPK14 -- RHOA -- NR3C1 -- TGFB2 -- RAC1 -- MAP2K7 -- MAP3K1 -- VEGFA -- MAP3K14 -- RET -- TRADD -- ATM -- CASP2 -- CHUK -- RPS6KA5 -- PPP1R13L -- MAPK9 -- LYN -- IRF1 -- EIF4G2 -- HTRA2 -- HIP1 -- RNF11 -- PSEN1 -- SOD1 -- SMPD1 -- TNIK -- HTT -- BRCA1 -- CDKN2A -- BAX -- BAK1 -- BID -- FOXM1 -- PCNA -- PLAC8 -- DIABLO -- APAF1 -- RASSF1
615,TNFRSF1A -- TNFRSF1B -- NFKB1 -- MAPK8 -- BIRC2 -- SIRT1 -- MYC -- TNFAIP3 -- CCND1 -- TRAF1 -- MAPK14 -- RHOA -- TGFB2 -- RAC1 -- MAP2K7 -- MAP3K1 -- VEGFA -- TRADD -- ATM -- MDM2 -- CHUK -- RPS6KA5 -- PPP1R13L -- MAPK9 -- LYN -- IRF1 -- CYCS -- HIP1 -- CDK4 -- OTUD7B -- RNF11 -- PSEN1 -- SOD1 -- RPA4 -- SMPD1 -- TNIK -- PSIP1 -- PELP1 -- BID -- FOXM1 -- MCL1 -- PCNA -- TAF1 -- PLAC8 -- DIABLO
616,TNFRSF1A -- TNFRSF1B -- MAPK8 -- STAT1 -- BIRC2 -- SIRT1 -- TNFAIP3 -- TRAF1 -- MAPK14 -- RHOA -- TGFB2 -- RAC1 -- MAP2K7 -- MAP3K1 -- VEGFA -- RET -- TRADD -- ATM -- CHUK -- RPS6KA5 -- PPP1R13L -- MAPK9 -- LYN -- IRF1 -- CYCS -- HIP1 -- RNF11 -- PSEN1 -- SOD1 -- HNRNPK -- SMPD1 -- TNIK -- BRCA1 -- CDKN2A -- EIF4E -- BID -- MCL1 -- PCNA -- TAF1 -- PLAC8 -- DIABLO -- RASSF1
617,TNFRSF1A -- TNFRSF1B -- NFKB1 -- MAPK8 -- SIRT1 -- RB1 -- TNFAIP3 -- CCND1 -- TRAF1 -- MAPK14 -- RHOA -- RAC1 -- MAP2K7 -- MAP3K1 -- IGF1 -- MAP3K14 -- TRADD -- TNFRSF10B -- CASP2 -- MDM2 -- CHUK -- RPS6KA5 -- PPP1R13L -- MAPK9 -- LYN -- IRF1 -- EIF4G2 -- HTRA2 -- HIP1 -- CDK4 -- OTUD7B -- RNF11 -- CASP10 -- PSEN1 -- SOD1 -- RPA4 -- SMPD1 -- TNIK -- HTT -- PELP1 -- BAX -- BAK1 -- BID -- FOXM1 -- PCNA -- PLAC8 -- CASP9 -- DIABLO
618,TNFRSF1A -- TNFRSF1B -- NFKB1 -- MAPK8 -- SIRT1 -- RB1 -- TNFAIP3 -- CCND1 -- TRAF1 -- MAPK14 -- RHOA -- RAC1 -- MAP2K7 -- MAP3K1 -- TRADD -- TNFRSF10B -- ATM -- CASP2 -- MDM2 -- CHUK -- RPS6KA5 -- PPP1R13L -- MAPK9 -- IRF1 -- EIF4G2 -- HTRA2 -- HIP1 -- CDK4 -- OTUD7B -- RNF11 -- CASP10 -- PSEN1 -- SOD1 -- RPA4 -- SMPD1 -- TNIK -- HTT -- PELP1 -- BAX -- BAK1 -- BID -- FOXM1 -- PCNA -- PLAC8 -- CASP9 -- DIABLO
619,TNFRSF1A -- TNFRSF1B -- MAPK8 -- STAT1 -- JUN -- FOS -- BIRC2 -- BIRC3 -- SIRT1 -- TNFAIP3 -- TRAF1 -- MAPK14 -- RHOA -- NR3C1 -- RAC1 -- MAP2K7 -- MAP3K1 -- VEGFA -- TRADD -- ATM -- CHUK -- RPS6KA5 -- PPP1R13L -- MAPK9 -- IRF1 -- EIF4G2 -- MYB -- CYCS -- HIP1 -- RNF11 -- PSEN1 -- SOD1 -- SMPD1 -- TNIK -- HTT -- BRCA1 -- CDKN2A -- BID -- MCL1 -- PCNA -- TAF1 -- PLAC8 -- CASP9 -- DIABLO -- APAF1 -- RASSF1
620,TNFRSF1A -- TNFRSF1B -- NFKB1 -- MAPK8 -- BIRC2 -- BIRC3 -- SIRT1 -- RB1 -- TNFAIP3 -- CCND1 -- TRAF1 -- MAPK14 -- RHOA -- RAC1 -- MAP2K7 -- MAP3K1 -- IGF1 -- TRADD -- TNFRSF10B -- ATM -- MDM2 -- CHUK -- PPP1R13L -- MAPK9 -- LYN -- IRF1 -- CYCS -- CDK4 -- OTUD7B -- RNF11 -- CASP10 -- PSEN1 -- SOD1 -- RPA4 -- SMPD1 -- TNIK -- PELP1 -- BAX -- BAK1 -- EIF4E -- BID -- FOXM1 -- PCNA -- DIABLO -- RANGAP1
621,TNFRSF1A -- TNFRSF1B -- MAPK8 -- STAT1 -- BIRC2 -- BIRC3 -- SIRT1 -- TNFAIP3 -- TRAF1 -- MAPK14 -- RHOA -- NR3C1 -- RAC1 -- MAP2K7 -- MAP3K1 -- VEGFA -- RET -- TRADD -- ATM -- CHUK -- RPS6KA5 -- PPP1R13L -- MAPK9 -- LYN -- IRF1 -- EIF4G2 -- MYB -- CYCS -- HIP1 -- RNF11 -- PSEN1 -- SOD1 -- HNRNPK -- SMPD1 -- TNIK -- BRCA1 -- BID -- TFDP1 -- MCL1 -- PCNA -- TAF1 -- PLAC8 -- DIABLO -- RASSF1
622,TNFRSF1A -- TNFRSF1B -- MAPK8 -- BIRC2 -- SIRT1 -- MYC -- TNFAIP3 -- CCND1 -- MAPK14 -- PTMA -- RHOA -- RAC1 -- MAP2K7 -- MAP3K1 -- IGF1 -- RET -- TRADD -- ATM -- CHUK -- PPP1R13L -- MAPK9 -- LYN -- IRF1 -- CYCS -- CDK4 -- OTUD7B -- RNF11 -- PSEN1 -- SOD1 -- HNRNPK -- RPA4 -- SMPD1 -- TNIK -- PELP1 -- EIF4E -- BID -- FOXM1 -- MCL1 -- PCNA -- TAF1 -- DIABLO -- RANGAP1
623,TNFRSF1A -- TNFRSF1B -- NFKB1 -- MAPK8 -- BIRC2 -- SIRT1 -- RB1 -- TNFAIP3 -- CCND1 -- MAPK14 -- PTMA -- RHOA -- RAC1 -- MAP2K7 -- MAP3K1 -- TRADD -- TNFRSF10B -- MDM2 -- CHUK -- PPP1R13L -- MAPK9 -- LYN -- IRF1 -- CYCS -- CDK4 -- OTUD7B -- RNF11 -- PSEN1 -- SOD1 -- RPA4 -- SMPD1 -- TNIK -- PELP1 -- BAX -- BAK1 -- EIF4E -- BID -- FOXM1 -- PCNA -- DIABLO -- RANGAP1
624,TNFRSF1A -- TNFRSF1B -- MAPK8 -- STAT1 -- JUN -- FOS -- SIRT1 -- TNFAIP3 -- TRAF1 -- MAPK14 -- RHOA -- RAC1 -- MAP2K7 -- MAP3K1 -- VEGFA -- MAP3K14 -- RET -- TRADD -- ATM -- CASP2 -- CHUK -- RPS6KA5 -- PPP1R13L -- MAPK9 -- IRF1 -- EIF4G2 -- HTRA2 -- MYB -- HIP1 -- OTUD7B -- RNF11 -- CASP10 -- PSEN1 -- SOD1 -- RPA4 -- CASP7 -- SMPD1 -- TNIK -- HTT -- CDKN2A -- PELP1 -- BAX -- BAK1 -- BID -- FOXM1 -- MCL1 -- PCNA -- PLAC8 -- CASP9 -- DIABLO -- APAF1
625,TNFRSF1A -- TNFRSF1B -- MAPK8 -- JUN -- FOS -- SIRT1 -- RB1 -- TNFAIP3 -- CCND1 -- TRAF1 -- MAPK14 -- RHOA -- RAC1 -- MAP2K7 -- MAP3K1 -- MAP3K14 -- RET -- TRADD -- TNFRSF10B -- ATM -- CASP2 -- CHUK -- RPS6KA5 -- PPP1R13L -- MAPK9 -- IRF1 -- EIF4G2 -- HTRA2 -- MYB -- HIP1 -- RNF11 -- CASP10 -- PSEN1 -- SOD1 -- HNRNPK -- SMPD1 -- TNIK -- HTT -- BRCA1 -- CDKN2A -- BAX -- BAK1 -- BID -- PCNA -- PLAC8 -- CASP9 -- DIABLO -- APAF1 -- RASSF1
626,TNFRSF1A -- TNFRSF1B -- MAPK8 -- JUN -- SIRT1 -- RB1 -- TNFAIP3 -- CCND1 -- TRAF1 -- MAPK14 -- RHOA -- TGFB2 -- RAC1 -- MAP2K7 -- MAP3K1 -- IGF1 -- MAP3K14 -- TRADD -- ATM -- CASP2 -- MDM2 -- CHUK -- RPS6KA5 -- PPP1R13L -- MAPK9 -- IRF1 -- EIF4G2 -- HTRA2 -- MYB -- HIP1 -- CDK4 -- OTUD7B -- RNF11 -- PSEN1 -- SOD1 -- RPA4 -- SMPD1 -- TNIK -- HTT -- CDKN2A -- PELP1 -- BAX -- BAK1 -- BID -- FOXM1 -- PCNA -- PLAC8 -- CASP9 -- DIABLO -- APAF1
627,TNFRSF1A -- TNFRSF1B -- MAPK8 -- STAT1 -- BIRC2 -- BIRC3 -- SIRT1 -- MYC -- TNFAIP3 -- MAPK14 -- PTMA -- RHOA -- RAC1 -- MAP2K7 -- MAP3K1 -- VEGFA -- RET -- TRADD -- CHUK -- PPP1R13L -- MAPK9 -- LYN -- IRF1 -- CYCS -- HIP1 -- CDK4 -- OTUD7B -- RNF11 -- PSEN1 -- SOD1 -- HNRNPK -- RPA4 -- SMPD1 -- TNIK -- PELP1 -- EIF4E -- BID -- MCL1 -- PCNA -- TAF1 -- DIABLO -- RASSF1 -- RANGAP1
628,TNFRSF1A -- TNFRSF1B -- NFKB1 -- MAPK8 -- STAT1 -- BIRC2 -- BIRC3 -- SIRT1 -- MYC -- TNFAIP3 -- MAPK14 -- PTMA -- RHOA -- TGFB2 -- RAC1 -- MAP2K7 -- MAP3K1 -- IGF1 -- VEGFA -- TRADD -- TNFRSF10B -- ATM -- MDM2 -- CHUK -- PPP1R13L -- MAPK9 -- LYN -- IRF1 -- CYCS -- CDK4 -- OTUD7B -- RNF11 -- PSEN1 -- BAD -- SOD1 -- RPA4 -- SMPD1 -- TNIK -- PELP1 -- EIF4E -- BID -- FOXM1 -- MCL1 -- PCNA -- TAF1 -- DIABLO -- RANGAP1
629,TNFRSF1A -- TNFRSF1B -- MAPK8 -- STAT1 -- JUN -- FOS -- SIRT1 -- RB1 -- TNFAIP3 -- TRAF1 -- MAPK14 -- RHOA -- NR3C1 -- RAC1 -- MAP2K7 -- MAP3K1 -- VEGFA -- MAP3K14 -- RET -- TRADD -- ATM -- CASP2 -- CHUK -- RPS6KA5 -- PPP1R13L -- MAPK9 -- IRF1 -- EIF4G2 -- HTRA2 -- MYB -- HIP1 -- RNF11 -- PSEN1 -- SOD1 -- HNRNPK -- SMPD1 -- TNIK -- HTT -- BRCA1 -- CDKN2A -- BAK1 -- BID -- MCL1 -- PCNA -- PLAC8 -- CASP9 -- DIABLO -- APAF1 -- RASSF1
630,TNFRSF1A -- TNFRSF1B -- NFKB1 -- MAPK8 -- SIRT1 -- RB1 -- TNFAIP3 -- CCND1 -- TRAF1 -- MAPK14 -- RHOA -- RAC1 -- MAP2K7 -- MAP3K1 -- TRADD -- TNFRSF10B -- ATM -- CASP2 -- MDM2 -- CHUK -- PPP1R13L -- MAPK9 -- LYN -- IRF1 -- EIF4G2 -- HTRA2 -- CDK4 -- OTUD7B -- RNF11 -- CASP10 -- PSEN1 -- SOD1 -- RPA4 -- SMPD1 -- TNIK -- PELP1 -- BAX -- BAK1 -- BID -- FOXM1 -- PCNA -- TAF1 -- PLAC8 -- DIABLO
631,TNFRSF1A -- TNFRSF1B -- NFKB1 -- MAPK8 -- STAT1 -- JUN -- FOS -- SIRT1 -- TNFAIP3 -- TRAF1 -- MAPK14 -- RHOA -- RAC1 -- MAP2K7 -- MAP3K1 -- IGF1 -- VEGFA -- MAP3K14 -- TRADD -- TNFRSF10B -- CASP2 -- CHUK -- RPS6KA5 -- PPP1R13L -- MAPK9 -- IRF1 -- EIF4G2 -- HTRA2 -- HIP1 -- CDK4 -- OTUD7B -- RNF11 -- CASP10 -- PSEN1 -- SOD1 -- HNRNPK -- RPA4 -- CASP7 -- SMPD1 -- TNIK -- HTT -- CDKN2A -- PELP1 -- BAX -- BAK1 -- BID -- FOXM1 -- MCL1 -- PCNA -- TAF1 -- PLAC8 -- CASP9 -- DIABLO -- APAF1
632,MAPK8 -- STAT1 -- JUN -- BIRC3 -- SIRT1 -- TNFAIP3 -- TRAF1 -- MAPK14 -- TGFB2 -- RAC1 -- MAP2K7 -- MAP3K1 -- VEGFA -- RET -- TRADD -- ATM -- CASP2 -- CHUK -- PPP1R13L -- MAPK9 -- IRF1 -- EIF4G2 -- MYB -- CYCS -- HIP1 -- RNF11 -- CASP10 -- PARP1 -- PSEN1 -- BAD -- SOD1 -- HNRNPK -- SMPD1 -- TNIK -- HTT -- CDKN2A -- BID -- MCL1 -- PCNA -- TAF1 -- PLAC8 -- CASP9 -- DIABLO -- APAF1 -- RASSF1
633,TNFRSF1A -- TNFRSF1B -- MAPK8 -- STAT1 -- JUN -- FOS -- BIRC3 -- SIRT1 -- TNFAIP3 -- TRAF1 -- MAPK14 -- RHOA -- NR3C1 -- TGFB2 -- RAC1 -- MAP2K7 -- MAP3K1 -- VEGFA -- MAP3K14 -- RET -- TRADD -- ATM -- CASP2 -- CHUK -- RPS6KA5 -- PPP1R13L -- MAPK9 -- IRF1 -- EIF4G2 -- MYB -- HIP1 -- RNF11 -- PSEN1 -- SOD1 -- HNRNPK -- CASP7 -- SMPD1 -- TNIK -- HTT -- BRCA1 -- CDKN2A -- BID -- MCL1 -- PCNA -- TAF1 -- PLAC8 -- DIABLO -- APAF1 -- RASSF1
634,TNFRSF1A -- TNFRSF1B -- MAPK8 -- JUN -- FOS -- SIRT1 -- TNFAIP3 -- TRAF1 -- MAPK14 -- RHOA -- NR3C1 -- TGFB2 -- RAC1 -- MAP2K7 -- MAP3K1 -- VEGFA -- MAP3K14 -- RET -- TRADD -- ATM -- CASP2 -- CHUK -- RPS6KA5 -- PPP1R13L -- MAPK9 -- IRF1 -- EIF4G2 -- HTRA2 -- MYB -- HIP1 -- RNF11 -- PSEN1 -- SOD1 -- HNRNPK -- CASP7 -- SMPD1 -- TNIK -- HTT -- BRCA1 -- CDKN2A -- BID -- MCL1 -- PCNA -- PLAC8 -- CASP9 -- DIABLO -- APAF1 -- RASSF1
635,TNFRSF1A -- TNFRSF1B -- MAPK8 -- STAT1 -- BIRC2 -- SIRT1 -- MYC -- TNFAIP3 -- MAPK14 -- PTMA -- RHOA -- RAC1 -- MAP2K7 -- MAP3K1 -- IGF1 -- VEGFA -- RET -- TRADD -- TNFRSF10B -- ATM -- CHUK -- PPP1R13L -- MAPK9 -- LYN -- IRF1 -- CYCS -- CDK4 -- OTUD7B -- RNF11 -- PSEN1 -- BAD -- SOD1 -- HNRNPK -- RPA4 -- SMPD1 -- TNIK -- PELP1 -- EIF4E -- BID -- FOXM1 -- MCL1 -- PCNA -- TAF1 -- DIABLO -- RASSF1 -- RANGAP1
636,TNFRSF1A -- TNFRSF1B -- NFKB1 -- MAPK8 -- JUN -- FOS -- SIRT1 -- RB1 -- TNFAIP3 -- CCND1 -- TRAF1 -- MAPK14 -- RHOA -- RAC1 -- MAP2K7 -- MAP3K1 -- MAP3K14 -- TRADD -- TNFRSF10B -- ATM -- CASP2 -- MDM2 -- CHUK -- RPS6KA5 -- PPP1R13L -- MAPK9 -- IRF1 -- EIF4G2 -- HTRA2 -- CDK4 -- OTUD7B -- RNF11 -- CASP10 -- PSEN1 -- SOD1 -- RPA4 -- SMPD1 -- TNIK -- HTT -- PELP1 -- BAX -- BAK1 -- BID -- FOXM1 -- PCNA -- PLAC8 -- CASP9 -- DIABLO -- APAF1
637,TNFRSF1A -- TNFRSF1B -- MAPK8 -- STAT1 -- JUN -- FOS -- BIRC2 -- BIRC3 -- SIRT1 -- TNFAIP3 -- TRAF1 -- MAPK14 -- RHOA -- NR3C1 -- TGFB2 -- RAC1 -- MAP2K7 -- MAP3K1 -- VEGFA -- TRADD -- ATM -- CHUK -- RPS6KA5 -- PPP1R13L -- MAPK9 -- IRF1 -- EIF4G2 -- MYB -- CYCS -- HIP1 -- RNF11 -- PSEN1 -- HNRNPK -- CASP7 -- SMPD1 -- TNIK -- BRCA1 -- CDKN2A -- BID -- MCL1 -- PCNA -- TAF1 -- PLAC8 -- DIABLO -- RASSF1
638,TNFRSF1A -- TNFRSF1B -- NFKB1 -- MAPK8 -- STAT1 -- BIRC2 -- BIRC3 -- SIRT1 -- TNFAIP3 -- TRAF1 -- MAPK14 -- RHOA -- TGFB2 -- RAC1 -- MAP2K7 -- MAP3K1 -- IGF1 -- VEGFA -- RET -- TRADD -- ATM -- CHUK -- RPS6KA5 -- PPP1R13L -- MAPK9 -- LYN -- IRF1 -- MYB -- CYCS -- HIP1 -- CDK4 -- RNF11 -- PSEN1 -- SOD1 -- HNRNPK -- SMPD1 -- TNIK -- PELP1 -- EIF4E -- BID -- MCL1 -- PCNA -- TAF1 -- PLAC8 -- DIABLO
639,TNFRSF1A -- TNFRSF1B -- MAPK8 -- STAT1 -- JUN -- FOS -- SIRT1 -- TNFAIP3 -- TRAF1 -- MAPK14 -- RHOA -- NR3C1 -- TGFB2 -- RAC1 -- MAP2K7 -- MAP3K1 -- VEGFA -- MAP3K14 -- RET -- TRADD -- ATM -- CASP2 -- CHUK -- RPS6KA5 -- PPP1R13L -- MAPK9 -- IRF1 -- EIF4G2 -- HTRA2 -- MYB -- HIP1 -- RNF11 -- PSEN1 -- SOD1 -- HNRNPK -- CASP7 -- SMPD1 -- TNIK -- HTT -- CDKN2A -- BID -- MCL1 -- PCNA -- TAF1 -- PLAC8 -- CASP9 -- DIABLO -- APAF1 -- RASSF1
640,TNFRSF1A -- TNFRSF1B -- NFKB1 -- MAPK8 -- BIRC2 -- BIRC3 -- SIRT1 -- MYC -- RB1 -- TNFAIP3 -- CCND1 -- MAPK14 -- PTMA -- RHOA -- RAC1 -- MAP2K7 -- MAP3K1 -- TRADD -- TNFRSF10B -- ATM -- MDM2 -- CHUK -- PPP1R13L -- MAPK9 -- LYN -- IRF1 -- HTRA2 -- CDK4 -- OTUD7B -- RNF11 -- CASP10 -- PSEN1 -- SOD1 -- RPA4 -- SMPD1 -- TNIK -- PELP1 -- BAX -- BAK1 -- EIF4E -- BID -- FOXM1 -- PCNA -- DIABLO -- RANGAP1
641,TNFRSF1A -- TNFRSF1B -- MAPK8 -- STAT1 -- BIRC2 -- BIRC3 -- SIRT1 -- TNFAIP3 -- TRAF1 -- MAPK14 -- RHOA -- NR3C1 -- TGFB2 -- RAC1 -- MAP2K7 -- MAP3K1 -- VEGFA -- RET -- TRADD -- ATM -- CHUK -- RPS6KA5 -- PPP1R13L -- MAPK9 -- LYN -- IRF1 -- MYB -- CYCS -- HIP1 -- RNF11 -- PSEN1 -- SOD1 -- HNRNPK -- SMPD1 -- TNIK -- BRCA1 -- CDKN2A -- EIF4E -- BID -- MCL1 -- PCNA -- TAF1 -- PLAC8 -- DIABLO -- RASSF1
642,TNFRSF1A -- TNFRSF1B -- MAPK8 -- STAT1 -- JUN -- FOS -- SIRT1 -- RB1 -- TNFAIP3 -- TRAF1 -- MAPK14 -- RHOA -- NR3C1 -- RAC1 -- MAP2K7 -- MAP3K1 -- VEGFA -- MAP3K14 -- RET -- TRADD -- ATM -- CASP2 -- CHUK -- RPS6KA5 -- PPP1R13L -- MAPK9 -- IRF1 -- EIF4G2 -- HTRA2 -- MYB -- HIP1 -- RNF11 -- PSEN1 -- SOD1 -- HNRNPK -- SMPD1 -- TNIK -- HTT -- BRCA1 -- CDKN2A -- BAX -- BID -- FOXM1 -- MCL1 -- PCNA -- PLAC8 -- CASP9 -- DIABLO -- APAF1 -- RASSF1
643,TNFRSF1A -- TNFRSF1B -- MAPK8 -- STAT1 -- JUN -- BIRC2 -- BIRC3 -- SIRT1 -- TNFAIP3 -- TRAF1 -- MAPK14 -- RHOA -- TGFB2 -- RAC1 -- MAP2K7 -- MAP3K1 -- VEGFA -- RET -- TRADD -- ATM -- CHUK -- RPS6KA5 -- PPP1R13L -- MAPK9 -- LYN -- IRF1 -- EIF4G2 -- MYB -- CYCS -- OTUD7B -- RNF11 -- PSEN1 -- SOD1 -- HNRNPK -- SMPD1 -- TNIK -- BRCA1 -- CDKN2A -- PELP1 -- BID -- FOXM1 -- MCL1 -- PCNA -- TAF1 -- PLAC8 -- DIABLO -- RASSF1
644,TNFRSF1A -- TNFRSF1B -- MAPK8 -- STAT1 -- JUN -- FOS -- SIRT1 -- TNFAIP3 -- TRAF1 -- MAPK14 -- RHOA -- NR3C1 -- TGFB2 -- RAC1 -- MAP2K7 -- MAP3K1 -- VEGFA -- MAP3K14 -- RET -- TRADD -- ATM -- CASP2 -- CHUK -- RPS6KA5 -- PPP1R13L -- MAPK9 -- IRF1 -- EIF4G2 -- HTRA2 -- MYB -- HIP1 -- RNF11 -- PSEN1 -- SOD1 -- HNRNPK -- SMPD1 -- TNIK -- HTT -- BRCA1 -- CDKN2A -- BID -- MCL1 -- PCNA -- TAF1 -- PLAC8 -- CASP9 -- DIABLO -- APAF1 -- RASSF1
645,TNFRSF1A -- TNFRSF1B -- MAPK8 -- STAT1 -- JUN -- FOS -- BIRC2 -- BIRC3 -- SIRT1 -- TNFAIP3 -- TRAF1 -- MAPK14 -- RHOA -- NR3C1 -- TGFB2 -- RAC1 -- MAP2K7 -- MAP3K1 -- VEGFA -- RET -- TRADD -- ATM -- CASP2 -- CHUK -- RPS6KA5 -- PPP1R13L -- MAPK9 -- IRF1 -- EIF4G2 -- MYB -- CYCS -- HIP1 -- RNF11 -- PSEN1 -- SOD1 -- HNRNPK -- SMPD1 -- TNIK -- HTT -- BRCA1 -- CDKN2A -- BID -- MCL1 -- PCNA -- TAF1 -- PLAC8 -- DIABLO -- RASSF1
646,TNFRSF1A -- TNFRSF1B -- MAPK8 -- STAT1 -- JUN -- FOS -- BIRC2 -- BIRC3 -- SIRT1 -- TNFAIP3 -- TRAF1 -- MAPK14 -- RHOA -- NR3C1 -- TGFB2 -- RAC1 -- MAP2K7 -- MAP3K1 -- VEGFA -- RET -- TRADD -- ATM -- CHUK -- RPS6KA5 -- PPP1R13L -- MAPK9 -- LYN -- IRF1 -- MYB -- CYCS -- HIP1 -- RNF11 -- PSEN1 -- SOD1 -- HNRNPK -- SMPD1 -- TNIK -- BRCA1 -- CDKN2A -- EIF4E -- BID -- MCL1 -- PCNA -- TAF1 -- PLAC8 -- DIABLO -- RASSF1
647,TNFRSF1A -- TNFRSF1B -- MAPK8 -- FOS -- BIRC2 -- SIRT1 -- MYC -- TNFAIP3 -- CCND1 -- MAPK14 -- PTMA -- RHOA -- TGFB2 -- RAC1 -- MAP2K7 -- MAP3K1 -- IGF1 -- RET -- TRADD -- MDM2 -- CHUK -- PPP1R13L -- MAPK9 -- LYN -- IRF1 -- HTRA2 -- CDK4 -- OTUD7B -- RNF11 -- PSEN1 -- SOD1 -- RPA4 -- SMPD1 -- TNIK -- PELP1 -- BAX -- BAK1 -- EIF4E -- BID -- FOXM1 -- PCNA -- TAF1 -- DIABLO -- RANGAP1
648,TNFRSF1A -- TNFRSF1B -- MAPK8 -- STAT1 -- JUN -- BIRC2 -- BIRC3 -- SIRT1 -- TNFAIP3 -- TRAF1 -- MAPK14 -- RHOA -- NR3C1 -- TGFB2 -- RAC1 -- MAP2K7 -- MAP3K1 -- VEGFA -- RET -- TRADD -- ATM -- CHUK -- RPS6KA5 -- PPP1R13L -- MAPK9 -- LYN -- IRF1 -- MYB -- CYCS -- HIP1 -- RNF11 -- PSEN1 -- SOD1 -- HNRNPK -- SMPD1 -- TNIK -- BRCA1 -- CDKN2A -- BID -- MCL1 -- PCNA -- TAF1 -- PLAC8 -- DIABLO -- RASSF1
649,TNFRSF1A -- TNFRSF1B -- MAPK8 -- BIRC2 -- BIRC3 -- SIRT1 -- RB1 -- TNFAIP3 -- CCND1 -- MAPK14 -- RHOA -- TGFB2 -- RAC1 -- MAP2K7 -- MAP3K1 -- TRADD -- ATM -- MDM2 -- CHUK -- PPP1R13L -- MAPK9 -- LYN -- IRF1 -- EIF4G2 -- CYCS -- HIP1 -- CDK4 -- OTUD7B -- RNF11 -- CASP10 -- PSEN1 -- BAD -- SOD1 -- RPA4 -- SMPD1 -- TNIK -- PELP1 -- EIF4E -- BID -- FOXM1 -- PCNA -- PLAC8 -- DIABLO -- RANGAP1
650,TNFRSF1A -- TNFRSF1B -- NFKB1 -- MAPK8 -- BIRC2 -- BIRC3 -- SIRT1 -- MYC -- RB1 -- TNFAIP3 -- CCND1 -- MAPK14 -- PTMA -- RHOA -- RAC1 -- MAP2K7 -- MAP3K1 -- RET -- TRADD -- TNFRSF10B -- CHUK -- PPP1R13L -- MAPK9 -- LYN -- IRF1 -- CYCS -- CDK4 -- OTUD7B -- RNF11 -- CASP10 -- PSEN1 -- SOD1 -- HNRNPK -- RPA4 -- SMPD1 -- TNIK -- PELP1 -- BAX -- EIF4E -- BID -- PCNA -- TAF1 -- DIABLO -- RANGAP1
651,TNFRSF1A -- TNFRSF1B -- NFKB1 -- MAPK8 -- JUN -- SIRT1 -- RB1 -- TNFAIP3 -- CCND1 -- TRAF1 -- MAPK14 -- RHOA -- RAC1 -- MAP2K7 -- MAP3K1 -- MAP3K14 -- TRADD -- TNFRSF10B -- CASP2 -- MDM2 -- CHUK -- RPS6KA5 -- PPP1R13L -- MAPK9 -- IRF1 -- EIF4G2 -- HTRA2 -- HIP1 -- CDK4 -- OTUD7B -- RNF11 -- CASP10 -- PSEN1 -- SOD1 -- RPA4 -- SMPD1 -- TNIK -- HTT -- CDKN2A -- PELP1 -- BAX -- BAK1 -- BID -- FOXM1 -- PCNA -- PLAC8 -- CASP9 -- DIABLO -- APAF1
652,TNFRSF1A -- TNFRSF1B -- MAPK8 -- STAT1 -- JUN -- FOS -- BIRC2 -- BIRC3 -- SIRT1 -- TNFAIP3 -- TRAF1 -- MAPK14 -- RHOA -- NR3C1 -- TGFB2 -- RAC1 -- MAP2K7 -- MAP3K1 -- VEGFA -- RET -- TRADD -- ATM -- CHUK -- RPS6KA5 -- PPP1R13L -- MAPK9 -- LYN -- IRF1 -- MYB -- CYCS -- HIP1 -- RNF11 -- PSEN1 -- SOD1 -- HNRNPK -- SMPD1 -- TNIK -- BRCA1 -- CDKN2A -- EIF4E -- BID -- MCL1 -- PCNA -- TAF1 -- PLAC8 -- DIABLO -- RASSF1
653,TP53 -- STAT1 -- BIRC2 -- MYC -- MAPK14 -- PTMA -- IL2 -- RAC1 -- MAP2K7 -- MAP3K1 -- VEGFA -- RET -- MAPK1 -- AKT1 -- ATM -- E2F1 -- CHUK -- PPP1R13L -- MAPK9 -- LYN -- IRF1 -- MYB -- CYCS -- CDK4 -- OTUD7B -- PSEN1 -- SMPD1 -- TNIK -- HTT -- BBC3 -- PELP1 -- BAK1 -- EIF4E -- BID -- FOXM1 -- CTBP1 -- RBL1 -- PCNA -- TAF1 -- CCNG1 -- DIABLO
654,TNFRSF1A -- TNFRSF1B -- MAPK8 -- STAT1 -- BIRC2 -- SIRT1 -- MYC -- TNFAIP3 -- TRAF1 -- MAPK14 -- RHOA -- NR3C1 -- TGFB2 -- RAC1 -- MAP2K7 -- MAP3K1 -- VEGFA -- RET -- TRADD -- ATM -- CHUK -- RPS6KA5 -- PPP1R13L -- MAPK9 -- LYN -- IRF1 -- CYCS -- RNF11 -- PSEN1 -- SOD1 -- HNRNPK -- SMPD1 -- TNIK -- BRCA1 -- CDKN2A -- EIF4E -- BID -- MCL1 -- PCNA -- TAF1 -- PLAC8 -- DIABLO -- RASSF1
655,TNFRSF1A -- TNFRSF1B -- NFKB1 -- MAPK8 -- JUN -- FOS -- SIRT1 -- RB1 -- TNFAIP3 -- CCND1 -- TRAF1 -- MAPK14 -- RHOA -- RAC1 -- MAP2K7 -- MAP3K1 -- MAP3K14 -- TRADD -- TNFRSF10B -- CASP2 -- MDM2 -- CHUK -- RPS6KA5 -- PPP1R13L -- MAPK9 -- IRF1 -- EIF4G2 -- HTRA2 -- HIP1 -- CDK4 -- OTUD7B -- RNF11 -- CASP10 -- PSEN1 -- SOD1 -- RPA4 -- SMPD1 -- TNIK -- HTT -- PELP1 -- BAX -- BAK1 -- BID -- FOXM1 -- PCNA -- PLAC8 -- CASP9 -- DIABLO -- APAF1
656,TNFRSF1A -- TNFRSF1B -- MAPK8 -- STAT1 -- BIRC2 -- SIRT1 -- TNFAIP3 -- TRAF1 -- MAPK14 -- RHOA -- NR3C1 -- RAC1 -- MAP2K7 -- MAP3K1 -- VEGFA -- RET -- TRADD -- CHUK -- RPS6KA5 -- PPP1R13L -- MAPK9 -- LYN -- IRF1 -- CYCS -- HIP1 -- CDK4 -- RNF11 -- PSEN1 -- SOD1 -- HNRNPK -- SMPD1 -- TNIK -- BRCA1 -- PELP1 -- EIF4E -- BID -- MCL1 -- PCNA -- TAF1 -- PLAC8 -- DIABLO -- RASSF1
657,TNFRSF1A -- TNFRSF1B -- NFKB1 -- MAPK8 -- SIRT1 -- RB1 -- TNFAIP3 -- CCND1 -- TRAF1 -- MAPK14 -- RHOA -- RAC1 -- MAP2K7 -- MAP3K1 -- TRADD -- TNFRSF10B -- ATM -- MDM2 -- CHUK -- RPS6KA5 -- PPP1R13L -- MAPK9 -- LYN -- IRF1 -- EIF4G2 -- HTRA2 -- HIP1 -- CDK4 -- OTUD7B -- RNF11 -- CASP10 -- PSEN1 -- SOD1 -- RPA4 -- SMPD1 -- TNIK -- PELP1 -- BAX -- BAK1 -- BID -- FOXM1 -- PCNA -- PLAC8 -- DIABLO -- APAF1
658,TNFRSF1A -- TNFRSF1B -- MAPK8 -- STAT1 -- JUN -- FOS -- SIRT1 -- TNFAIP3 -- TRAF1 -- MAPK14 -- RHOA -- NR3C1 -- TGFB2 -- RAC1 -- MAP2K7 -- MAP3K1 -- VEGFA -- MAP3K14 -- RET -- TRADD -- ATM -- CASP2 -- CHUK -- RPS6KA5 -- PPP1R13L -- MAPK9 -- IRF1 -- EIF4G2 -- HTRA2 -- MYB -- HIP1 -- RNF11 -- PSEN1 -- SOD1 -- HNRNPK -- CASP7 -- SMPD1 -- TNIK -- HTT -- BRCA1 -- CDKN2A -- BID -- MCL1 -- PCNA -- TAF1 -- PLAC8 -- DIABLO -- APAF1 -- RASSF1
659,STAT1 -- BIRC2 -- MAPK14 -- RAC1 -- MAP2K7 -- MAP3K1 -- IGF1 -- VEGFA -- RET -- MAPK1 -- AKT1 -- ATM -- MDM2 -- CHUK -- RPS6KA5 -- PPP1R13L -- MAPK9 -- LYN -- IRF1 -- EIF4G2 -- CYCS -- HIP1 -- CDK4 -- OTUD7B -- PARP1 -- PSEN1 -- RPA4 -- BBC3 -- PELP1 -- BAK1 -- BID -- FOXM1 -- CTBP1 -- PCNA -- TAF1 -- PLAC8 -- DIABLO
660,TNFRSF1A -- TNFRSF1B -- MAPK8 -- STAT1 -- BIRC2 -- BIRC3 -- SIRT1 -- TNFAIP3 -- TRAF1 -- MAPK14 -- RHOA -- NR3C1 -- TGFB2 -- RAC1 -- MAP2K7 -- MAP3K1 -- VEGFA -- RET -- TRADD -- ATM -- CHUK -- RPS6KA5 -- PPP1R13L -- MAPK9 -- LYN -- IRF1 -- EIF4G2 -- MYB -- CYCS -- HIP1 -- OTUD7B -- RNF11 -- PSEN1 -- SOD1 -- HNRNPK -- SMPD1 -- TNIK -- HTT -- BRCA1 -- BID -- MCL1 -- PCNA -- TAF1 -- PLAC8 -- DIABLO -- RASSF1
661,TNFRSF1A -- TNFRSF1B -- NFKB1 -- MAPK8 -- JUN -- SIRT1 -- RB1 -- TNFAIP3 -- CCND1 -- TRAF1 -- MAPK14 -- RHOA -- RAC1 -- MAP2K7 -- MAP3K1 -- MAP3K14 -- TRADD -- TNFRSF10B -- ATM -- CASP2 -- MDM2 -- CHUK -- RPS6KA5 -- PPP1R13L -- MAPK9 -- IRF1 -- EIF4G2 -- HTRA2 -- MYB -- HIP1 -- CDK4 -- OTUD7B -- RNF11 -- CASP10 -- PSEN1 -- SOD1 -- RPA4 -- SMPD1 -- TNIK -- HTT -- CDKN2A -- PELP1 -- BAX -- BAK1 -- BID -- FOXM1 -- PCNA -- PLAC8 -- CASP9 -- DIABLO -- APAF1
662,TNFRSF1A -- TNFRSF1B -- NFKB1 -- MAPK8 -- SIRT1 -- RB1 -- TNFAIP3 -- CCND1 -- TRAF1 -- MAPK14 -- RHOA -- RAC1 -- MAP2K7 -- MAP3K1 -- MAP3K14 -- TRADD -- TNFRSF10B -- ATM -- MDM2 -- CHUK -- RPS6KA5 -- PPP1R13L -- MAPK9 -- IRF1 -- EIF4G2 -- HTRA2 -- HIP1 -- CDK4 -- OTUD7B -- RNF11 -- CASP10 -- PSEN1 -- SOD1 -- RPA4 -- SMPD1 -- TNIK -- PELP1 -- BAX -- BAK1 -- BID -- FOXM1 -- PCNA -- PLAC8 -- CASP9 -- DIABLO -- APAF1
663,TNFRSF1A -- TNFRSF1B -- NFKB1 -- STAT1 -- RB1 -- TNFAIP3 -- TRAF1 -- MAPK14 -- RHOA -- RAC1 -- MAP2K7 -- MAP3K1 -- IGF1 -- MAP3K14 -- TRADD -- TNFRSF10B -- CASP2 -- MDM2 -- CHUK -- RPS6KA5 -- PPP1R13L -- MAPK9 -- LYN -- IRF1 -- HTRA2 -- HIP1 -- CDK4 -- OTUD7B -- RNF11 -- PARP1 -- PSEN1 -- SOD1 -- RPA4 -- SMPD1 -- TNIK -- PELP1 -- BAK1 -- EIF4E -- BID -- FOXM1 -- CTBP1 -- PCNA -- PLAC8 -- DIABLO -- APAF1
664,TNFRSF1A -- TNFRSF1B -- NFKB1 -- MAPK8 -- STAT1 -- BIRC2 -- BIRC3 -- RB1 -- TNFAIP3 -- TRAF1 -- MAPK14 -- RHOA -- RAC1 -- MAP2K7 -- MAP3K1 -- IGF1 -- VEGFA -- TRADD -- TNFRSF10B -- ATM -- MDM2 -- CHUK -- RPS6KA5 -- PPP1R13L -- MAPK9 -- LYN -- IRF1 -- EIF4G2 -- CYCS -- HIP1 -- CDK4 -- OTUD7B -- RNF11 -- CASP10 -- PSEN1 -- SOD1 -- RPA4 -- SMPD1 -- TNIK -- PELP1 -- BID -- FOXM1 -- CTBP1 -- PCNA -- PLAC8 -- DIABLO
665,TNFRSF1A -- TNFRSF1B -- MAPK8 -- STAT1 -- BIRC2 -- BIRC3 -- SIRT1 -- TNFAIP3 -- TRAF1 -- MAPK14 -- RHOA -- NR3C1 -- TGFB2 -- RAC1 -- MAP2K7 -- MAP3K1 -- VEGFA -- RET -- TRADD -- ATM -- CHUK -- RPS6KA5 -- PPP1R13L -- MAPK9 -- LYN -- IRF1 -- MYB -- CYCS -- HIP1 -- RNF11 -- PSEN1 -- SOD1 -- HNRNPK -- SMPD1 -- TNIK -- BRCA1 -- CDKN2A -- EIF4E -- BID -- MCL1 -- PCNA -- TAF1 -- PLAC8 -- DIABLO -- RASSF1
666,TNFRSF1A -- TNFRSF1B -- MAPK8 -- BIRC2 -- BIRC3 -- SIRT1 -- MYC -- TNFAIP3 -- CCND1 -- MAPK14 -- PTMA -- RHOA -- RAC1 -- MAP2K7 -- MAP3K1 -- RET -- TRADD -- CHUK -- PPP1R13L -- MAPK9 -- LYN -- IRF1 -- HTRA2 -- CYCS -- CDK4 -- OTUD7B -- RNF11 -- PSEN1 -- BAD -- SOD1 -- HNRNPK -- RPA4 -- SMPD1 -- TNIK -- BAX -- BAK1 -- EIF4E -- BID -- FOXM1 -- PCNA -- TAF1 -- DIABLO -- RANGAP1
667,TNFRSF1A -- TNFRSF1B -- NFKB1 -- MAPK8 -- BIRC2 -- BIRC3 -- SIRT1 -- MYC -- RB1 -- TNFAIP3 -- CCND1 -- MAPK14 -- PTMA -- RHOA -- RAC1 -- MAP2K7 -- MAP3K1 -- TRADD -- TNFRSF10B -- ATM -- MDM2 -- CHUK -- PPP1R13L -- MAPK9 -- LYN -- IRF1 -- EIF4G2 -- CYCS -- CDK4 -- OTUD7B -- RNF11 -- CASP10 -- PSEN1 -- SOD1 -- RPA4 -- SMPD1 -- TNIK -- PELP1 -- BAX -- BAK1 -- BID -- FOXM1 -- PCNA -- DIABLO -- RANGAP1
668,TNFRSF1A -- TNFRSF1B -- MAPK8 -- STAT1 -- JUN -- FOS -- BIRC2 -- BIRC3 -- SIRT1 -- TNFAIP3 -- TRAF1 -- MAPK14 -- RHOA -- NR3C1 -- TGFB2 -- RAC1 -- MAP2K7 -- MAP3K1 -- VEGFA -- RET -- TRADD -- ATM -- CASP2 -- CHUK -- RPS6KA5 -- PPP1R13L -- MAPK9 -- IRF1 -- EIF4G2 -- MYB -- HIP1 -- RNF11 -- PSEN1 -- SOD1 -- HNRNPK -- CASP7 -- SMPD1 -- TNIK -- HTT -- BRCA1 -- CDKN2A -- BID -- MCL1 -- PCNA -- TAF1 -- PLAC8 -- CASP9 -- DIABLO -- APAF1 -- RASSF1
669,TNFRSF1A -- TNFRSF1B -- MAPK8 -- SIRT1 -- RB1 -- TNFAIP3 -- TRAF1 -- MAPK14 -- RHOA -- RAC1 -- MAP2K7 -- MAP3K1 -- MAP3K14 -- TRADD -- ATM -- CASP2 -- MDM2 -- CHUK -- RPS6KA5 -- PPP1R13L -- MAPK9 -- LYN -- IRF1 -- EIF4G2 -- HTRA2 -- MYB -- HIP1 -- OTUD7B -- RNF11 -- CASP10 -- PSEN1 -- SOD1 -- RPA4 -- SMPD1 -- TNIK -- HTT -- CDKN2A -- BAX -- BAK1 -- BID -- PCNA -- PLAC8 -- CASP9 -- DIABLO -- APAF1
670,TNFRSF1A -- TNFRSF1B -- NFKB1 -- MAPK8 -- STAT1 -- JUN -- FOS -- SIRT1 -- TNFAIP3 -- CCND1 -- TRAF1 -- MAPK14 -- RHOA -- TGFB2 -- RAC1 -- MAP2K7 -- MAP3K1 -- VEGFA -- MAP3K14 -- RET -- TRADD -- TNFRSF10B -- ATM -- CASP2 -- CHUK -- RPS6KA5 -- PPP1R13L -- MAPK9 -- IRF1 -- EIF4G2 -- HTRA2 -- CYCS -- CDK4 -- RNF11 -- CASP10 -- PSEN1 -- BAD -- SOD1 -- HNRNPK -- RPA4 -- CASP7 -- SMPD1 -- TNIK -- HTT -- CDKN2A -- PELP1 -- BID -- MCL1 -- PCNA -- TAF1 -- PLAC8 -- DIABLO -- APAF1
671,TNFRSF1A -- TNFRSF1B -- NFKB1 -- MAPK8 -- JUN -- SIRT1 -- RB1 -- TNFAIP3 -- CCND1 -- TRAF1 -- MAPK14 -- RHOA -- RAC1 -- MAP2K7 -- MAP3K1 -- MAP3K14 -- TRADD -- TNFRSF10B -- ATM -- CASP2 -- MDM2 -- CHUK -- RPS6KA5 -- PPP1R13L -- MAPK9 -- IRF1 -- EIF4G2 -- HTRA2 -- HIP1 -- CDK4 -- OTUD7B -- RNF11 -- CASP10 -- PSEN1 -- SOD1 -- RPA4 -- SMPD1 -- TNIK -- PELP1 -- BAX -- BAK1 -- BID -- FOXM1 -- PCNA -- PLAC8 -- CASP9 -- DIABLO -- APAF1
672,TNFRSF1B -- STAT1 -- JUN -- FOS -- SIRT1 -- TRAF1 -- MAPK14 -- RHOA -- TGFB2 -- RAC1 -- MAP2K7 -- MAP3K1 -- VEGFA -- MAP3K14 -- RET -- MAPK1 -- ATM -- CHUK -- RPS6KA5 -- PPP1R13L -- MAPK9 -- IRF1 -- EIF4G2 -- HTRA2 -- MYB -- HIP1 -- OTUD7B -- RNF11 -- PSEN1 -- SOD1 -- HNRNPK -- CASP7 -- BRCA1 -- CDKN2A -- BBC3 -- BID -- MCL1 -- PCNA -- TAF1 -- PLAC8 -- DIABLO -- APAF1 -- RASSF1
673,TNFRSF1A -- TNFRSF1B -- NFKB1 -- MAPK8 -- SIRT1 -- RB1 -- TNFAIP3 -- CCND1 -- TRAF1 -- MAPK14 -- PTMA -- RHOA -- RAC1 -- MAP2K7 -- MAP3K1 -- IGF1 -- MAP3K14 -- TRADD -- TNFRSF10B -- MDM2 -- CHUK -- RPS6KA5 -- PPP1R13L -- MAPK9 -- LYN -- IRF1 -- EIF4G2 -- HTRA2 -- HIP1 -- CDK4 -- OTUD7B -- RNF11 -- CASP10 -- PSEN1 -- SOD1 -- RPA4 -- SMPD1 -- TNIK -- PELP1 -- BAX -- BAK1 -- BID -- FOXM1 -- PCNA -- PLAC8 -- DIABLO -- APAF1
674,TNFRSF1A -- TNFRSF1B -- MAPK8 -- STAT1 -- BIRC3 -- SIRT1 -- MYC -- TNFAIP3 -- MAPK14 -- PTMA -- RHOA -- RAC1 -- MAP2K7 -- MAP3K1 -- VEGFA -- RET -- TRADD -- ATM -- CASP2 -- CHUK -- RPS6KA5 -- PPP1R13L -- MAPK9 -- LYN -- IRF1 -- EIF4G2 -- MYB -- CYCS -- HIP1 -- RNF11 -- PSEN1 -- SOD1 -- HNRNPK -- SMPD1 -- TNIK -- HTT -- BRCA1 -- CDKN2A -- BID -- MCL1 -- PCNA -- TAF1 -- DIABLO -- RASSF1 -- RANGAP1
675,TNFRSF1A -- TNFRSF1B -- NFKB1 -- MAPK8 -- SIRT1 -- RB1 -- TNFAIP3 -- CCND1 -- TRAF1 -- MAPK14 -- RHOA -- RAC1 -- MAP2K7 -- MAP3K1 -- MAP3K14 -- TRADD -- TNFRSF10B -- ATM -- MDM2 -- CHUK -- RPS6KA5 -- PPP1R13L -- MAPK9 -- LYN -- IRF1 -- HTRA2 -- CYCS -- CDK4 -- OTUD7B -- RNF11 -- PSEN1 -- SOD1 -- RPA4 -- SMPD1 -- TNIK -- PELP1 -- BAX -- BAK1 -- EIF4E -- BID -- FOXM1 -- PCNA -- PLAC8 -- DIABLO -- APAF1 -- RANGAP1
676,TNFRSF1A -- TNFRSF1B -- NFKB1 -- MAPK8 -- STAT1 -- BIRC2 -- BIRC3 -- SIRT1 -- MYC -- TNFAIP3 -- MAPK14 -- PTMA -- RHOA -- RAC1 -- MAP2K7 -- MAP3K1 -- VEGFA -- RET -- TRADD -- TNFRSF10B -- CHUK -- RPS6KA5 -- PPP1R13L -- MAPK9 -- LYN -- IRF1 -- CYCS -- CDK4 -- OTUD7B -- RNF11 -- PSEN1 -- SOD1 -- HNRNPK -- RPA4 -- SMPD1 -- TNIK -- PELP1 -- EIF4E -- BID -- FOXM1 -- MCL1 -- PCNA -- TAF1 -- PLAC8 -- DIABLO -- RANGAP1
677,TNFRSF1A -- TNFRSF1B -- NFKB1 -- MAPK8 -- BIRC2 -- BIRC3 -- SIRT1 -- MYC -- TNFAIP3 -- CCND1 -- MAPK14 -- PTMA -- RHOA -- TGFB2 -- RAC1 -- MAP2K7 -- MAP3K1 -- IGF1 -- VEGFA -- TRADD -- TNFRSF10B -- MDM2 -- CHUK -- PPP1R13L -- MAPK9 -- LYN -- IRF1 -- EIF4G2 -- CYCS -- CDK4 -- OTUD7B -- RNF11 -- CASP10 -- PSEN1 -- BAD -- SOD1 -- RPA4 -- SMPD1 -- TNIK -- PELP1 -- EIF4E -- BID -- FOXM1 -- MCL1 -- PCNA -- TAF1 -- DIABLO -- RANGAP1
678,TNFRSF1A -- TNFRSF1B -- NFKB1 -- MAPK8 -- JUN -- FOS -- SIRT1 -- RB1 -- TNFAIP3 -- CCND1 -- TRAF1 -- MAPK14 -- RHOA -- RAC1 -- MAP2K7 -- MAP3K1 -- MAP3K14 -- TRADD -- TNFRSF10B -- ATM -- CASP2 -- MDM2 -- CHUK -- RPS6KA5 -- PPP1R13L -- MAPK9 -- IRF1 -- EIF4G2 -- HTRA2 -- MYB -- HIP1 -- CDK4 -- OTUD7B -- RNF11 -- CASP10 -- PSEN1 -- SOD1 -- RPA4 -- SMPD1 -- TNIK -- HTT -- PELP1 -- BAX -- BAK1 -- BID -- FOXM1 -- PCNA -- PLAC8 -- CASP9 -- DIABLO -- APAF1
679,TNFRSF1A -- TNFRSF1B -- NFKB1 -- MAPK8 -- SIRT1 -- RB1 -- TNFAIP3 -- CCND1 -- TRAF1 -- MAPK14 -- RHOA -- RAC1 -- MAP2K7 -- MAP3K1 -- IGF1 -- TRADD -- TNFRSF10B -- CASP2 -- MDM2 -- CHUK -- RPS6KA5 -- PPP1R13L -- MAPK9 -- LYN -- IRF1 -- EIF4G2 -- HTRA2 -- HIP1 -- CDK4 -- OTUD7B -- RNF11 -- CASP10 -- PSEN1 -- SOD1 -- RPA4 -- SMPD1 -- TNIK -- PELP1 -- BAX -- BAK1 -- BID -- FOXM1 -- PCNA -- PLAC8 -- DIABLO -- APAF1
680,TNFRSF1A -- TNFRSF1B -- MAPK8 -- BIRC2 -- SIRT1 -- TNFAIP3 -- CCND1 -- TRAF1 -- MAPK14 -- RHOA -- RAC1 -- MAP2K7 -- MAP3K1 -- IGF1 -- VEGFA -- TRADD -- MDM2 -- CHUK -- RPS6KA5 -- PPP1R13L -- MAPK9 -- LYN -- IRF1 -- CYCS -- HIP1 -- CDK4 -- OTUD7B -- RNF11 -- PSEN1 -- SOD1 -- RPA4 -- SMPD1 -- TNIK -- PELP1 -- EIF4E -- BID -- FOXM1 -- MCL1 -- PCNA -- TAF1 -- PLAC8 -- DIABLO
681,TNFRSF1A -- TNFRSF1B -- MAPK8 -- JUN -- FOS -- SIRT1 -- RB1 -- TNFAIP3 -- CCND1 -- TRAF1 -- MAPK14 -- RHOA -- RAC1 -- MAP2K7 -- MAP3K1 -- IGF1 -- MAP3K14 -- TRADD -- TNFRSF10B -- ATM -- CASP2 -- CHUK -- RPS6KA5 -- PPP1R13L -- MAPK9 -- IRF1 -- EIF4G2 -- HTRA2 -- HIP1 -- CDK4 -- OTUD7B -- RNF11 -- CASP10 -- PSEN1 -- SOD1 -- RPA4 -- SMPD1 -- TNIK -- HTT -- CDKN2A -- PELP1 -- BAX -- BAK1 -- BID -- FOXM1 -- PCNA -- PLAC8 -- CASP9 -- DIABLO -- APAF1
682,TNFRSF1A -- TNFRSF1B -- MAPK8 -- STAT1 -- BIRC2 -- BIRC3 -- SIRT1 -- MYC -- TNFAIP3 -- MAPK14 -- RHOA -- RAC1 -- MAP2K7 -- MAP3K1 -- VEGFA -- TRADD -- MDM2 -- CHUK -- PPP1R13L -- MAPK9 -- LYN -- IRF1 -- MYB -- CYCS -- CDK4 -- RNF11 -- PSEN1 -- SOD1 -- RPA4 -- SMPD1 -- TNIK -- BAX -- BAK1 -- EIF4E -- BID -- TFDP1 -- PCNA -- TAF1 -- PLAC8 -- DIABLO -- RANGAP1
683,TNFRSF1A -- TNFRSF1B -- MAPK8 -- STAT1 -- JUN -- FOS -- BIRC3 -- SIRT1 -- TNFAIP3 -- TRAF1 -- MAPK14 -- RHOA -- NR3C1 -- TGFB2 -- RAC1 -- MAP2K7 -- MAP3K1 -- VEGFA -- MAP3K14 -- RET -- TRADD -- ATM -- CASP2 -- CHUK -- RPS6KA5 -- PPP1R13L -- MAPK9 -- IRF1 -- EIF4G2 -- MYB -- HIP1 -- RNF11 -- PSEN1 -- SOD1 -- HNRNPK -- SMPD1 -- TNIK -- HTT -- BRCA1 -- CDKN2A -- BID -- MCL1 -- PCNA -- TAF1 -- PLAC8 -- DIABLO -- RASSF1
684,TNFRSF1A -- TNFRSF1B -- MAPK8 -- JUN -- FOS -- SIRT1 -- RB1 -- TNFAIP3 -- CCND1 -- TRAF1 -- MAPK14 -- RHOA -- NR3C1 -- RAC1 -- MAP2K7 -- MAP3K1 -- MAP3K14 -- RET -- TRADD -- ATM -- CASP2 -- CHUK -- RPS6KA5 -- PPP1R13L -- MAPK9 -- IRF1 -- EIF4G2 -- HTRA2 -- MYB -- HIP1 -- RNF11 -- CASP10 -- PSEN1 -- SOD1 -- HNRNPK -- SMPD1 -- TNIK -- HTT -- BRCA1 -- CDKN2A -- BAK1 -- BID -- FOXM1 -- PCNA -- PLAC8 -- CASP9 -- DIABLO -- APAF1 -- RASSF1
685,TNFRSF1A -- TNFRSF1B -- MAPK8 -- STAT1 -- JUN -- SIRT1 -- RB1 -- TNFAIP3 -- TRAF1 -- MAPK14 -- RHOA -- NR3C1 -- RAC1 -- MAP2K7 -- MAP3K1 -- MAP3K14 -- RET -- TRADD -- ATM -- CASP2 -- CHUK -- RPS6KA5 -- PPP1R13L -- MAPK9 -- IRF1 -- EIF4G2 -- HTRA2 -- MYB -- HIP1 -- RNF11 -- PSEN1 -- SOD1 -- HNRNPK -- SMPD1 -- TNIK -- HTT -- BRCA1 -- CDKN2A -- BAX -- BAK1 -- BID -- PCNA -- PLAC8 -- CASP9 -- DIABLO -- APAF1 -- RASSF1
686,TNFRSF1A -- TNFRSF1B -- MAPK8 -- STAT1 -- JUN -- FOS -- SIRT1 -- TNFAIP3 -- TRAF1 -- MAPK14 -- RHOA -- NR3C1 -- TGFB2 -- RAC1 -- MAP2K7 -- MAP3K1 -- VEGFA -- MAP3K14 -- RET -- TRADD -- ATM -- CASP2 -- CHUK -- RPS6KA5 -- PPP1R13L -- MAPK9 -- IRF1 -- EIF4G2 -- HTRA2 -- MYB -- HIP1 -- RNF11 -- PSEN1 -- SOD1 -- HNRNPK -- CASP7 -- SMPD1 -- TNIK -- HTT -- BRCA1 -- CDKN2A -- BAK1 -- BID -- MCL1 -- PCNA -- TAF1 -- PLAC8 -- CASP9 -- DIABLO -- APAF1 -- RASSF1
687,TNFRSF1A -- TNFRSF1B -- MAPK8 -- STAT1 -- JUN -- FOS -- BIRC2 -- BIRC3 -- SIRT1 -- TNFAIP3 -- TRAF1 -- MAPK14 -- RHOA -- NR3C1 -- TGFB2 -- RAC1 -- MAP2K7 -- MAP3K1 -- VEGFA -- RET -- TRADD -- ATM -- CHUK -- RPS6KA5 -- PPP1R13L -- MAPK9 -- IRF1 -- MYB -- CYCS -- HIP1 -- RNF11 -- PSEN1 -- SOD1 -- HNRNPK -- SMPD1 -- TNIK -- BRCA1 -- CDKN2A -- EIF4E -- BID -- MCL1 -- PCNA -- TAF1 -- PLAC8 -- DIABLO -- RASSF1
688,TNFRSF1A -- TNFRSF1B -- MAPK8 -- STAT1 -- JUN -- FOS -- SIRT1 -- TNFAIP3 -- TRAF1 -- MAPK14 -- RHOA -- NR3C1 -- TGFB2 -- RAC1 -- MAP2K7 -- MAP3K1 -- VEGFA -- MAP3K14 -- RET -- TRADD -- ATM -- CASP2 -- CHUK -- RPS6KA5 -- PPP1R13L -- MAPK9 -- IRF1 -- EIF4G2 -- MYB -- HIP1 -- RNF11 -- PSEN1 -- SOD1 -- HNRNPK -- CASP7 -- SMPD1 -- TNIK -- HTT -- BRCA1 -- CDKN2A -- BID -- MCL1 -- PCNA -- TAF1 -- PLAC8 -- CASP9 -- DIABLO -- APAF1 -- RASSF1
689,TNFRSF1A -- TNFRSF1B -- MAPK8 -- STAT1 -- JUN -- BIRC2 -- BIRC3 -- SIRT1 -- TNFAIP3 -- TRAF1 -- MAPK14 -- RHOA -- NR3C1 -- TGFB2 -- RAC1 -- MAP2K7 -- MAP3K1 -- VEGFA -- RET -- TRADD -- ATM -- CHUK -- RPS6KA5 -- PPP1R13L -- MAPK9 -- LYN -- IRF1 -- MYB -- CYCS -- HIP1 -- RNF11 -- PSEN1 -- SOD1 -- HNRNPK -- SMPD1 -- TNIK -- BRCA1 -- CDKN2A -- EIF4E -- BID -- MCL1 -- PCNA -- TAF1 -- PLAC8 -- DIABLO -- RASSF1
690,TNFRSF1A -- TNFRSF1B -- MAPK8 -- STAT1 -- BIRC2 -- SIRT1 -- RB1 -- TNFAIP3 -- CCND1 -- MAPK14 -- RHOA -- RAC1 -- MAP2K7 -- MAP3K1 -- IGF1 -- TRADD -- ATM -- MDM2 -- CHUK -- RPS6KA5 -- PPP1R13L -- MAPK9 -- LYN -- IRF1 -- EIF4G2 -- CYCS -- HIP1 -- CDK4 -- OTUD7B -- RNF11 -- PSEN1 -- BAD -- SOD1 -- RPA4 -- SMPD1 -- TNIK -- PELP1 -- BAX -- BAK1 -- BID -- FOXM1 -- PCNA -- TAF1 -- PLAC8 -- DIABLO -- RANGAP1
691,TNFRSF1A -- TNFRSF1B -- MAPK8 -- STAT1 -- JUN -- FOS -- SIRT1 -- RB1 -- TNFAIP3 -- TRAF1 -- MAPK14 -- RHOA -- NR3C1 -- RAC1 -- MAP2K7 -- MAP3K1 -- VEGFA -- MAP3K14 -- RET -- TRADD -- ATM -- CASP2 -- CHUK -- RPS6KA5 -- PPP1R13L -- MAPK9 -- IRF1 -- EIF4G2 -- HTRA2 -- MYB -- HIP1 -- RNF11 -- CASP10 -- PSEN1 -- SOD1 -- RPA4 -- SMPD1 -- TNIK -- HTT -- BRCA1 -- CDKN2A -- BAK1 -- BID -- FOXM1 -- PCNA -- PLAC8 -- CASP9 -- DIABLO -- APAF1
692,TNFRSF1A -- TNFRSF1B -- MAPK8 -- JUN -- FOS -- SIRT1 -- RB1 -- TNFAIP3 -- TRAF1 -- MAPK14 -- RHOA -- RAC1 -- MAP2K7 -- MAP3K1 -- MAP3K14 -- TRADD -- TNFRSF10B -- ATM -- CASP2 -- CHUK -- RPS6KA5 -- PPP1R13L -- MAPK9 -- IRF1 -- EIF4G2 -- HTRA2 -- HIP1 -- CDK4 -- OTUD7B -- RNF11 -- CASP10 -- PSEN1 -- SOD1 -- RPA4 -- SMPD1 -- TNIK -- HTT -- CDKN2A -- PELP1 -- BAX -- BAK1 -- BID -- FOXM1 -- PCNA -- PLAC8 -- CASP9 -- DIABLO -- APAF1 -- RANGAP1
693,TNFRSF1A -- TNFRSF1B -- NFKB1 -- MAPK8 -- JUN -- FOS -- SIRT1 -- RB1 -- TNFAIP3 -- CCND1 -- TRAF1 -- MAPK14 -- RHOA -- RAC1 -- MAP2K7 -- MAP3K1 -- MAP3K14 -- TRADD -- TNFRSF10B -- ATM -- CASP2 -- CHUK -- RPS6KA5 -- PPP1R13L -- MAPK9 -- IRF1 -- EIF4G2 -- HTRA2 -- MYB -- HIP1 -- CDK4 -- OTUD7B -- RNF11 -- CASP10 -- PSEN1 -- SOD1 -- HNRNPK -- RPA4 -- SMPD1 -- TNIK -- HTT -- CDKN2A -- PELP1 -- BAX -- BAK1 -- BID -- FOXM1 -- PCNA -- TAF1 -- PLAC8 -- CASP9 -- DIABLO -- APAF1
694,TNFRSF1A -- TNFRSF1B -- NFKB1 -- MAPK8 -- BIRC2 -- SIRT1 -- RB1 -- TNFAIP3 -- CCND1 -- MAPK14 -- RHOA -- RAC1 -- MAP2K7 -- MAP3K1 -- TRADD -- TNFRSF10B -- MDM2 -- CHUK -- PPP1R13L -- MAPK9 -- LYN -- IRF1 -- EIF4G2 -- HTRA2 -- CDK4 -- OTUD7B -- RNF11 -- CASP10 -- PSEN1 -- SOD1 -- RPA4 -- SMPD1 -- TNIK -- PELP1 -- BAX -- BAK1 -- EIF4E -- BID -- FOXM1 -- PCNA -- PLAC8 -- DIABLO -- RANGAP1
695,TNFRSF1A -- TNFRSF1B -- NFKB1 -- MAPK8 -- BIRC2 -- SIRT1 -- MYC -- RB1 -- TNFAIP3 -- CCND1 -- MAPK14 -- PTMA -- RHOA -- RAC1 -- MAP2K7 -- MAP3K1 -- IGF1 -- TRADD -- MDM2 -- CHUK -- PPP1R13L -- MAPK9 -- LYN -- IRF1 -- HTRA2 -- CYCS -- CDK4 -- OTUD7B -- RNF11 -- PSEN1 -- SOD1 -- RPA4 -- SMPD1 -- TNIK -- PELP1 -- BAX -- BAK1 -- EIF4E -- BID -- FOXM1 -- PCNA -- DIABLO -- RANGAP1
696,TNFRSF1A -- TNFRSF1B -- MAPK8 -- STAT1 -- BIRC2 -- SIRT1 -- MYC -- TNFAIP3 -- MAPK14 -- PTMA -- RHOA -- RAC1 -- MAP2K7 -- MAP3K1 -- VEGFA -- RET -- TRADD -- MDM2 -- CHUK -- PPP1R13L -- MAPK9 -- LYN -- IRF1 -- CYCS -- CDK4 -- OTUD7B -- RNF11 -- PSEN1 -- BAD -- SOD1 -- RPA4 -- SMPD1 -- TNIK -- HTT -- BID -- MCL1 -- PCNA -- TAF1 -- DIABLO
697,TNFRSF1A -- TNFRSF1B -- MAPK8 -- STAT1 -- JUN -- BIRC2 -- BIRC3 -- SIRT1 -- TNFAIP3 -- TRAF1 -- MAPK14 -- RHOA -- NR3C1 -- TGFB2 -- RAC1 -- MAP2K7 -- MAP3K1 -- VEGFA -- RET -- TRADD -- ATM -- CHUK -- RPS6KA5 -- PPP1R13L -- MAPK9 -- LYN -- IRF1 -- MYB -- CYCS -- HIP1 -- RNF11 -- PSEN1 -- SOD1 -- HNRNPK -- SMPD1 -- TNIK -- BRCA1 -- CDKN2A -- EIF4E -- BID -- MCL1 -- PCNA -- TAF1 -- PLAC8 -- DIABLO -- RASSF1
698,TNFRSF1A -- TNFRSF1B -- MAPK8 -- STAT1 -- JUN -- FOS -- SIRT1 -- RB1 -- TNFAIP3 -- TRAF1 -- MAPK14 -- RHOA -- NR3C1 -- RAC1 -- MAP2K7 -- MAP3K1 -- VEGFA -- MAP3K14 -- RET -- TRADD -- ATM -- CASP2 -- CHUK -- RPS6KA5 -- PPP1R13L -- MAPK9 -- IRF1 -- EIF4G2 -- HTRA2 -- MYB -- HIP1 -- RNF11 -- PSEN1 -- SOD1 -- HNRNPK -- SMPD1 -- TNIK -- HTT -- BRCA1 -- CDKN2A -- BID -- MCL1 -- PCNA -- PLAC8 -- CASP9 -- DIABLO -- APAF1
699,NFKB1 -- MAPK8 -- STAT1 -- BIRC2 -- BIRC3 -- TRAF1 -- MAPK14 -- TGFB2 -- RAC1 -- MAP2K7 -- MAP3K1 -- IGF1 -- VEGFA -- TRADD -- TNFRSF10B -- AKT1 -- MDM2 -- CHUK -- RPS6KA5 -- PPP1R13L -- MAPK9 -- LYN -- IRF1 -- CYCS -- HIP1 -- CDK4 -- OTUD7B -- CASP10 -- PARP1 -- PSEN1 -- RPA4 -- SMPD1 -- TNIK -- PELP1 -- EIF4E -- BID -- FOXM1 -- MCL1 -- CTBP1 -- PCNA -- TAF1 -- PLAC8 -- DIABLO
700,TNFRSF1A -- TNFRSF1B -- NFKB1 -- MAPK8 -- SIRT1 -- RB1 -- TNFAIP3 -- CCND1 -- TRAF1 -- MAPK14 -- RHOA -- RAC1 -- MAP2K7 -- MAP3K1 -- IGF1 -- MAP3K14 -- TRADD -- TNFRSF10B -- ATM -- CASP2 -- MDM2 -- CHUK -- RPS6KA5 -- PPP1R13L -- MAPK9 -- LYN -- IRF1 -- EIF4G2 -- HTRA2 -- HIP1 -- CDK4 -- OTUD7B -- RNF11 -- CASP10 -- PSEN1 -- SOD1 -- RPA4 -- SMPD1 -- TNIK -- HTT -- PELP1 -- BAX -- BAK1 -- BID -- FOXM1 -- PCNA -- PLAC8 -- DIABLO -- APAF1
701,TNFRSF1A -- TNFRSF1B -- MAPK8 -- STAT1 -- JUN -- FOS -- SIRT1 -- TNFAIP3 -- TRAF1 -- MAPK14 -- RHOA -- NR3C1 -- TGFB2 -- RAC1 -- MAP2K7 -- MAP3K1 -- VEGFA -- MAP3K14 -- RET -- TRADD -- ATM -- CASP2 -- CHUK -- RPS6KA5 -- PPP1R13L -- MAPK9 -- IRF1 -- EIF4G2 -- MYB -- HIP1 -- RNF11 -- PSEN1 -- SOD1 -- HNRNPK -- CASP7 -- SMPD1 -- TNIK -- HTT -- BRCA1 -- CDKN2A -- BID -- MCL1 -- PCNA -- TAF1 -- PLAC8 -- CASP9 -- DIABLO -- APAF1 -- RASSF1
702,TNFRSF1A -- TNFRSF1B -- MAPK8 -- STAT1 -- BIRC2 -- SIRT1 -- MYC -- TNFAIP3 -- CCND1 -- MAPK14 -- PTMA -- RHOA -- RAC1 -- MAP2K7 -- MAP3K1 -- VEGFA -- RET -- TRADD -- MDM2 -- CHUK -- PPP1R13L -- MAPK9 -- LYN -- IRF1 -- CYCS -- CDK4 -- OTUD7B -- RNF11 -- PSEN1 -- BAD -- SOD1 -- HNRNPK -- RPA4 -- SMPD1 -- TNIK -- PELP1 -- EIF4E -- BID -- FOXM1 -- MCL1 -- PCNA -- TAF1 -- DIABLO -- RANGAP1
703,TNFRSF1A -- TNFRSF1B -- MAPK8 -- STAT1 -- JUN -- FOS -- BIRC2 -- BIRC3 -- SIRT1 -- TNFAIP3 -- TRAF1 -- MAPK14 -- RHOA -- NR3C1 -- TGFB2 -- RAC1 -- MAP2K7 -- MAP3K1 -- VEGFA -- RET -- TRADD -- ATM -- CHUK -- RPS6KA5 -- PPP1R13L -- MAPK9 -- IRF1 -- MYB -- CYCS -- HIP1 -- RNF11 -- PSEN1 -- SOD1 -- HNRNPK -- SMPD1 -- TNIK -- BRCA1 -- CDKN2A -- EIF4E -- BID -- MCL1 -- PCNA -- TAF1 -- PLAC8 -- DIABLO -- RASSF1
704,TNFRSF1A -- TNFRSF1B -- NFKB1 -- MAPK8 -- JUN -- FOS -- SIRT1 -- RB1 -- TNFAIP3 -- CCND1 -- TRAF1 -- MAPK14 -- RHOA -- RAC1 -- MAP2K7 -- MAP3K1 -- MAP3K14 -- TRADD -- TNFRSF10B -- ATM -- CASP2 -- MDM2 -- CHUK -- RPS6KA5 -- PPP1R13L -- MAPK9 -- IRF1 -- EIF4G2 -- HTRA2 -- HIP1 -- CDK4 -- OTUD7B -- RNF11 -- CASP10 -- PSEN1 -- SOD1 -- RPA4 -- SMPD1 -- TNIK -- HTT -- CDKN2A -- PELP1 -- BAX -- BAK1 -- BID -- FOXM1 -- PCNA -- PLAC8 -- CASP9 -- DIABLO -- APAF1
705,TNFRSF1A -- TNFRSF1B -- MAPK8 -- BIRC2 -- SIRT1 -- MYC -- TNFAIP3 -- CCND1 -- MAPK14 -- PTMA -- RHOA -- TGFB2 -- RAC1 -- MAP2K7 -- MAP3K1 -- VEGFA -- TRADD -- MDM2 -- CHUK -- PPP1R13L -- MAPK9 -- LYN -- IRF1 -- EIF4G2 -- CYCS -- CDK4 -- OTUD7B -- RNF11 -- CASP10 -- PSEN1 -- BAD -- SOD1 -- RPA4 -- SMPD1 -- TNIK -- PELP1 -- BID -- FOXM1 -- MCL1 -- PCNA -- TAF1 -- DIABLO -- RANGAP1
706,TNFRSF1A -- TNFRSF1B -- NFKB1 -- MAPK8 -- BIRC2 -- BIRC3 -- SIRT1 -- MYC -- RB1 -- TNFAIP3 -- CCND1 -- MAPK14 -- PTMA -- RHOA -- TGFB2 -- RAC1 -- MAP2K7 -- MAP3K1 -- IGF1 -- TRADD -- TNFRSF10B -- MDM2 -- CHUK -- PPP1R13L -- MAPK9 -- LYN -- IRF1 -- EIF4G2 -- CYCS -- CDK4 -- OTUD7B -- RNF11 -- CASP10 -- PSEN1 -- SOD1 -- RPA4 -- SMPD1 -- TNIK -- PELP1 -- BAX -- BAK1 -- BID -- FOXM1 -- PCNA -- TAF1 -- DIABLO -- RANGAP1
707,TNFRSF1A -- TNFRSF1B -- MAPK8 -- STAT1 -- BIRC2 -- BIRC3 -- SIRT1 -- MYC -- TNFAIP3 -- MAPK14 -- PTMA -- RHOA -- TGFB2 -- RAC1 -- MAP2K7 -- MAP3K1 -- VEGFA -- RET -- TRADD -- CHUK -- PPP1R13L -- MAPK9 -- LYN -- IRF1 -- MYB -- CYCS -- CDK4 -- OTUD7B -- RNF11 -- PSEN1 -- BAD -- SOD1 -- HNRNPK -- SMPD1 -- TNIK -- BRCA1 -- EIF4E -- BID -- MCL1 -- PCNA -- TAF1 -- DIABLO -- RASSF1 -- RANGAP1
708,TNFRSF1A -- TNFRSF1B -- MAPK8 -- STAT1 -- FOS -- BIRC2 -- BIRC3 -- SIRT1 -- MYC -- TNFAIP3 -- TRAF1 -- MAPK14 -- PTMA -- RHOA -- NR3C1 -- TGFB2 -- RAC1 -- MAP2K7 -- MAP3K1 -- VEGFA -- RET -- TRADD -- ATM -- CHUK -- PPP1R13L -- MAPK9 -- LYN -- IRF1 -- EIF4G2 -- CYCS -- RNF11 -- PSEN1 -- BAD -- SOD1 -- HNRNPK -- SMPD1 -- TNIK -- HTT -- BRCA1 -- CDKN2A -- BID -- MCL1 -- PCNA -- TAF1 -- PLAC8 -- DIABLO -- RASSF1 -- RANGAP1
709,TNFRSF1A -- TNFRSF1B -- MAPK8 -- STAT1 -- JUN -- FOS -- SIRT1 -- TNFAIP3 -- TRAF1 -- MAPK14 -- RHOA -- RAC1 -- MAP2K7 -- MAP3K1 -- VEGFA -- MAP3K14 -- RET -- TRADD -- TNFRSF10B -- ATM -- CASP2 -- CHUK -- RPS6KA5 -- PPP1R13L -- MAPK9 -- IRF1 -- EIF4G2 -- HTRA2 -- MYB -- HIP1 -- RNF11 -- CASP10 -- PSEN1 -- SOD1 -- HNRNPK -- CASP7 -- SMPD1 -- TNIK -- HTT -- BRCA1 -- CDKN2A -- BID -- MCL1 -- PCNA -- TAF1 -- PLAC8 -- CASP9 -- DIABLO -- APAF1 -- RASSF1
710,TNFRSF1A -- TNFRSF1B -- NFKB1 -- MAPK8 -- BIRC2 -- SIRT1 -- RB1 -- TNFAIP3 -- CCND1 -- TRAF1 -- MAPK14 -- RHOA -- RAC1 -- MAP2K7 -- MAP3K1 -- TRADD -- TNFRSF10B -- MDM2 -- CHUK -- RPS6KA5 -- PPP1R13L -- MAPK9 -- LYN -- IRF1 -- EIF4G2 -- HTRA2 -- HIP1 -- CDK4 -- OTUD7B -- RNF11 -- CASP10 -- PSEN1 -- SOD1 -- RPA4 -- SMPD1 -- TNIK -- PELP1 -- BAX -- BAK1 -- EIF4E -- BID -- FOXM1 -- PCNA -- PLAC8 -- DIABLO
711,TNFRSF1A -- TNFRSF1B -- NFKB1 -- MAPK8 -- BIRC2 -- BIRC3 -- SIRT1 -- MYC -- TNFAIP3 -- CCND1 -- TRAF1 -- MAPK14 -- PTMA -- RHOA -- TGFB2 -- RAC1 -- MAP2K7 -- MAP3K1 -- VEGFA -- TRADD -- MDM2 -- CHUK -- PPP1R13L -- MAPK9 -- LYN -- IRF1 -- CYCS -- CDK4 -- OTUD7B -- RNF11 -- PSEN1 -- SOD1 -- HNRNPK -- SMPD1 -- TNIK -- BRCA1 -- PELP1 -- BAX -- EIF4E -- BID -- MCL1 -- PCNA -- TAF1 -- DIABLO -- RANGAP1
712,TNFRSF1A -- TNFRSF1B -- MAPK8 -- STAT1 -- FOS -- BIRC2 -- SIRT1 -- MYC -- TNFAIP3 -- CCND1 -- MAPK14 -- PTMA -- RHOA -- TGFB2 -- RAC1 -- MAP2K7 -- MAP3K1 -- VEGFA -- RET -- TRADD -- MDM2 -- CHUK -- PPP1R13L -- MAPK9 -- LYN -- IRF1 -- CYCS -- CDK4 -- OTUD7B -- RNF11 -- PSEN1 -- BAD -- SOD1 -- HNRNPK -- SMPD1 -- TNIK -- BID -- FOXM1 -- MCL1 -- PCNA -- TAF1 -- DIABLO -- RANGAP1
713,TNFRSF1A -- TNFRSF1B -- MAPK8 -- BIRC2 -- SIRT1 -- MYC -- RB1 -- TNFAIP3 -- CCND1 -- MAPK14 -- PTMA -- RHOA -- TGFB2 -- RAC1 -- MAP2K7 -- MAP3K1 -- TRADD -- ATM -- MDM2 -- CHUK -- PPP1R13L -- MAPK9 -- LYN -- IRF1 -- CYCS -- CDK4 -- OTUD7B -- RNF11 -- PSEN1 -- BAD -- SOD1 -- RPA4 -- SMPD1 -- TNIK -- PELP1 -- BID -- FOXM1 -- MCL1 -- PCNA -- TAF1 -- DIABLO -- RANGAP1
714,NFKB1 -- MAPK8 -- STAT1 -- SIRT1 -- RB1 -- TNFAIP3 -- CCND1 -- MAPK14 -- RAC1 -- MAP2K7 -- MAP3K1 -- MAPK1 -- AKT1 -- MDM2 -- CHUK -- RPS6KA5 -- PPP1R13L -- MAPK9 -- LYN -- IRF1 -- EIF4G2 -- CYCS -- HIP1 -- CDK4 -- OTUD7B -- PSEN1 -- RPA4 -- TNIK -- BBC3 -- PELP1 -- BAK1 -- EIF4E -- BID -- FOXM1 -- PCNA -- PLAC8 -- DIABLO
715,TNFRSF1A -- TNFRSF1B -- MAPK8 -- STAT1 -- SIRT1 -- MYC -- TNFAIP3 -- TRAF1 -- MAPK14 -- PTMA -- RHOA -- RAC1 -- MAP2K7 -- MAP3K1 -- IGF1 -- VEGFA -- MAP3K14 -- TRADD -- CASP2 -- MDM2 -- CHUK -- RPS6KA5 -- PPP1R13L -- MAPK9 -- LYN -- IRF1 -- EIF4G2 -- HTRA2 -- CDK4 -- OTUD7B -- RNF11 -- PSEN1 -- SOD1 -- RPA4 -- CASP7 -- SMPD1 -- TNIK -- PELP1 -- BAK1 -- BID -- FOXM1 -- PCNA -- TAF1 -- PLAC8 -- CASP9 -- DIABLO -- APAF1
716,TNFRSF1A -- SMURF2 -- TNFRSF1B -- NFKB1 -- MAPK8 -- STAT1 -- BIRC2 -- SIRT1 -- RB1 -- TRAF1 -- MAPK14 -- PTMA -- RHOA -- RAC1 -- MAP2K7 -- MAP3K1 -- VEGFA -- TRADD -- TNFRSF10B -- ATM -- MDM2 -- CHUK -- RPS6KA5 -- PPP1R13L -- MAPK9 -- LYN -- IRF1 -- EIF4G2 -- CYCS -- HIP1 -- CDK4 -- OTUD7B -- CASP10 -- PSEN1 -- SOD1 -- RPA4 -- SMPD1 -- TNIK -- PELP1 -- BAX -- BAK1 -- BID -- FOXM1 -- PCNA -- PLAC8 -- DIABLO
717,TNFRSF1A -- TNFRSF1B -- MAPK8 -- STAT1 -- JUN -- FOS -- SIRT1 -- TNFAIP3 -- TRAF1 -- MAPK14 -- RHOA -- NR3C1 -- TGFB2 -- RAC1 -- MAP2K7 -- MAP3K1 -- VEGFA -- MAP3K14 -- RET -- TRADD -- ATM -- CASP2 -- CHUK -- RPS6KA5 -- PPP1R13L -- MAPK9 -- IRF1 -- EIF4G2 -- HTRA2 -- MYB -- HIP1 -- RNF11 -- CASP10 -- PSEN1 -- SOD1 -- HNRNPK -- CASP7 -- SMPD1 -- TNIK -- HTT -- BRCA1 -- CDKN2A -- BID -- MCL1 -- PCNA -- TAF1 -- PLAC8 -- CASP9 -- DIABLO -- APAF1 -- RASSF1
718,TNFRSF1A -- TNFRSF1B -- MAPK8 -- STAT1 -- FOS -- BIRC2 -- BIRC3 -- SIRT1 -- MYC -- TNFAIP3 -- CCND1 -- MAPK14 -- PTMA -- RHOA -- TGFB2 -- RAC1 -- MAP2K7 -- MAP3K1 -- VEGFA -- RET -- TRADD -- CHUK -- PPP1R13L -- MAPK9 -- LYN -- IRF1 -- CYCS -- CDK4 -- OTUD7B -- RNF11 -- PSEN1 -- SOD1 -- HNRNPK -- SMPD1 -- TNIK -- EIF4E -- BID -- FOXM1 -- MCL1 -- PCNA -- TAF1 -- DIABLO -- RANGAP1
719,NFKB1 -- BIRC3 -- SIRT1 -- RB1 -- TNFAIP3 -- CCND1 -- TRAF1 -- MAPK14 -- PTMA -- RHOA -- RAC1 -- MAP2K7 -- MAP3K1 -- TRADD -- MAPK1 -- TNFRSF10B -- ATM -- MDM2 -- CHUK -- PPP1R13L -- MAPK9 -- LYN -- IRF1 -- EIF4G2 -- HIP1 -- CDK4 -- OTUD7B -- RNF11 -- CASP10 -- PARP1 -- PSEN1 -- SOD1 -- RPA4 -- TNIK -- HTT -- PELP1 -- BID -- FOXM1 -- MCL1 -- CTBP1 -- PCNA -- DIABLO -- APAF1 -- RANGAP1
720,TNFRSF1A -- TNFRSF1B -- NFKB1 -- MAPK8 -- SIRT1 -- MYC -- RB1 -- TNFAIP3 -- CCND1 -- MAPK14 -- PTMA -- RHOA -- RAC1 -- MAP2K7 -- MAP3K1 -- MAP3K14 -- TRADD -- TNFRSF10B -- ATM -- CASP2 -- MDM2 -- CHUK -- PPP1R13L -- MAPK9 -- LYN -- IRF1 -- HTRA2 -- CDK4 -- OTUD7B -- RNF11 -- PSEN1 -- SOD1 -- RPA4 -- CASP7 -- SMPD1 -- TNIK -- HTT -- PELP1 -- BAX -- BAK1 -- EIF4E -- BID -- FOXM1 -- PCNA -- TAF1 -- DIABLO -- APAF1 -- RANGAP1
721,TNFRSF1A -- TNFRSF1B -- NFKB1 -- MAPK8 -- STAT1 -- BIRC2 -- SIRT1 -- MYC -- TNFAIP3 -- MAPK14 -- PTMA -- RHOA -- RAC1 -- MAP2K7 -- MAP3K1 -- VEGFA -- RET -- TRADD -- CHUK -- PPP1R13L -- MAPK9 -- LYN -- IRF1 -- CYCS -- CDK4 -- OTUD7B -- RNF11 -- PSEN1 -- BAD -- SOD1 -- HNRNPK -- RPA4 -- SMPD1 -- TNIK -- PELP1 -- EIF4E -- BID -- MCL1 -- PCNA -- TAF1 -- DIABLO -- RASSF1 -- RANGAP1
722,TNFRSF1A -- TNFRSF1B -- NFKB1 -- MAPK8 -- STAT1 -- JUN -- FOS -- SIRT1 -- TNFAIP3 -- TRAF1 -- MAPK14 -- RHOA -- RAC1 -- MAP2K7 -- MAP3K1 -- VEGFA -- MAP3K14 -- TRADD -- TNFRSF10B -- ATM -- CASP2 -- MDM2 -- CHUK -- RPS6KA5 -- PPP1R13L -- MAPK9 -- IRF1 -- EIF4G2 -- HTRA2 -- MYB -- HIP1 -- OTUD7B -- RNF11 -- CASP10 -- PSEN1 -- SOD1 -- RPA4 -- SMPD1 -- TNIK -- HTT -- CDKN2A -- PELP1 -- BAX -- BAK1 -- BID -- FOXM1 -- PCNA -- PLAC8 -- CASP9 -- DIABLO -- APAF1
723,TNFRSF1A -- TNFRSF1B -- MAPK8 -- STAT1 -- BIRC2 -- SIRT1 -- MYC -- TNFAIP3 -- MAPK14 -- PTMA -- RHOA -- RAC1 -- MAP2K7 -- MAP3K1 -- VEGFA -- RET -- TRADD -- CHUK -- PPP1R13L -- MAPK9 -- LYN -- IRF1 -- HTRA2 -- CYCS -- CDK4 -- RNF11 -- CASP10 -- PSEN1 -- SOD1 -- HNRNPK -- RPA4 -- SMPD1 -- TNIK -- BAX -- BAK1 -- EIF4E -- BID -- FOXM1 -- PCNA -- TAF1 -- DIABLO -- RASSF1 -- RANGAP1
724,TNFRSF1A -- TNFRSF1B -- MAPK8 -- STAT1 -- BIRC2 -- SIRT1 -- MYC -- TNFAIP3 -- TRAF1 -- MAPK14 -- PTMA -- RHOA -- RAC1 -- MAP2K7 -- MAP3K1 -- VEGFA -- RET -- TRADD -- ATM -- CHUK -- PPP1R13L -- MAPK9 -- LYN -- IRF1 -- CYCS -- RNF11 -- PSEN1 -- SOD1 -- HNRNPK -- SMPD1 -- TNIK -- BRCA1 -- CDKN2A -- EIF4E -- BID -- MCL1 -- PCNA -- TAF1 -- PLAC8 -- DIABLO -- RASSF1
725,TNFRSF1A -- TNFRSF1B -- MAPK8 -- STAT1 -- BIRC2 -- BIRC3 -- SIRT1 -- MYC -- TNFAIP3 -- MAPK14 -- PTMA -- RHOA -- TGFB2 -- RAC1 -- MAP2K7 -- MAP3K1 -- VEGFA -- RET -- TRADD -- TNFRSF10B -- MDM2 -- CHUK -- PPP1R13L -- MAPK9 -- LYN -- IRF1 -- EIF4G2 -- CYCS -- CDK4 -- OTUD7B -- RNF11 -- CASP10 -- PSEN1 -- BAD -- SOD1 -- RPA4 -- SMPD1 -- TNIK -- BID -- MCL1 -- PCNA -- TAF1 -- DIABLO -- RANGAP1
726,TNFRSF1A -- TNFRSF1B -- MAPK8 -- BIRC2 -- SIRT1 -- MYC -- RB1 -- TNFAIP3 -- CCND1 -- MAPK14 -- PTMA -- RHOA -- RAC1 -- MAP2K7 -- MAP3K1 -- TRADD -- MDM2 -- CHUK -- PPP1R13L -- MAPK9 -- LYN -- IRF1 -- EIF4G2 -- CYCS -- CDK4 -- OTUD7B -- RNF11 -- CASP10 -- PSEN1 -- BAD -- SOD1 -- RPA4 -- SMPD1 -- TNIK -- PELP1 -- BAK1 -- BID -- FOXM1 -- PCNA -- TAF1 -- DIABLO -- RANGAP1
727,TNFRSF1A -- TNFRSF1B -- MAPK8 -- STAT1 -- BIRC2 -- SIRT1 -- MYC -- TNFAIP3 -- MAPK14 -- PTMA -- RHOA -- TGFB2 -- RAC1 -- MAP2K7 -- MAP3K1 -- VEGFA -- RET -- TRADD -- CHUK -- PPP1R13L -- MAPK9 -- LYN -- IRF1 -- CYCS -- RNF11 -- PSEN1 -- SOD1 -- HNRNPK -- SMPD1 -- TNIK -- BAX -- EIF4E -- BID -- TFDP1 -- PCNA -- TAF1 -- PLAC8 -- DIABLO -- RASSF1 -- RANGAP1
728,MAPK8 -- STAT1 -- BIRC2 -- SIRT1 -- TRAF1 -- MAPK14 -- RAC1 -- MAP2K7 -- MAP3K1 -- VEGFA -- RET -- TRADD -- AKT1 -- ATM -- CHUK -- RPS6KA5 -- PPP1R13L -- MAPK9 -- LYN -- IRF1 -- EIF4G2 -- MYB -- CYCS -- HIP1 -- CDK4 -- OTUD7B -- PSEN1 -- SOD1 -- RPA4 -- SMPD1 -- TNIK -- BBC3 -- PELP1 -- EIF4E -- BID -- FOXM1 -- MCL1 -- CTBP1 -- RBL1 -- PCNA -- TAF1 -- PLAC8 -- DIABLO
729,TNFRSF1A -- TNFRSF1B -- NFKB1 -- MAPK8 -- STAT1 -- SIRT1 -- MYC -- TNFAIP3 -- CCND1 -- MAPK14 -- PTMA -- RHOA -- RAC1 -- MAP2K7 -- MAP3K1 -- VEGFA -- MAP3K14 -- TRADD -- ATM -- MDM2 -- CHUK -- PPP1R13L -- MAPK9 -- LYN -- IRF1 -- EIF4G2 -- HTRA2 -- CDK4 -- OTUD7B -- RNF11 -- PSEN1 -- SOD1 -- RPA4 -- CASP7 -- SMPD1 -- TNIK -- PELP1 -- BAX -- BID -- FOXM1 -- MCL1 -- PCNA -- TAF1 -- DIABLO -- APAF1 -- RANGAP1
730,TNFRSF1A -- TNFRSF1B -- MAPK8 -- JUN -- FOS -- SIRT1 -- RB1 -- TNFAIP3 -- CCND1 -- TRAF1 -- MAPK14 -- RHOA -- RAC1 -- MAP2K7 -- MAP3K1 -- IGF1 -- MAP3K14 -- TRADD -- ATM -- CASP2 -- MDM2 -- CHUK -- RPS6KA5 -- PPP1R13L -- MAPK9 -- IRF1 -- EIF4G2 -- HTRA2 -- MYB -- HIP1 -- OTUD7B -- RNF11 -- PSEN1 -- SOD1 -- RPA4 -- SMPD1 -- TNIK -- HTT -- CDKN2A -- PELP1 -- BAX -- BAK1 -- BID -- PCNA -- PLAC8 -- CASP9 -- DIABLO -- APAF1
731,TNFRSF1A -- TNFRSF1B -- MAPK8 -- JUN -- FOS -- SIRT1 -- TNFAIP3 -- TRAF1 -- MAPK14 -- RHOA -- NR3C1 -- TGFB2 -- RAC1 -- MAP2K7 -- MAP3K1 -- VEGFA -- MAP3K14 -- RET -- TRADD -- ATM -- CASP2 -- CHUK -- RPS6KA5 -- PPP1R13L -- MAPK9 -- IRF1 -- EIF4G2 -- HTRA2 -- MYB -- HIP1 -- RNF11 -- PSEN1 -- SOD1 -- HNRNPK -- CASP7 -- SMPD1 -- TNIK -- HTT -- BRCA1 -- CDKN2A -- BAK1 -- BID -- MCL1 -- PCNA -- TAF1 -- PLAC8 -- CASP9 -- DIABLO -- APAF1 -- RASSF1
732,TNFRSF1A -- TNFRSF1B -- MAPK8 -- JUN -- FOS -- SIRT1 -- TNFAIP3 -- TRAF1 -- MAPK14 -- RHOA -- NR3C1 -- TGFB2 -- RAC1 -- MAP2K7 -- MAP3K1 -- IGF1 -- VEGFA -- MAP3K14 -- RET -- TRADD -- ATM -- CASP2 -- CHUK -- RPS6KA5 -- PPP1R13L -- MAPK9 -- IRF1 -- EIF4G2 -- HTRA2 -- MYB -- HIP1 -- OTUD7B -- RNF11 -- PSEN1 -- SOD1 -- HNRNPK -- RPA4 -- CASP7 -- SMPD1 -- TNIK -- HTT -- BRCA1 -- CDKN2A -- BID -- FOXM1 -- MCL1 -- PCNA -- TAF1 -- PLAC8 -- CASP9 -- DIABLO -- APAF1
733,TNFRSF1A -- TNFRSF1B -- MAPK8 -- STAT1 -- JUN -- FOS -- BIRC2 -- SIRT1 -- TNFAIP3 -- TRAF1 -- MAPK14 -- RHOA -- NR3C1 -- TGFB2 -- RAC1 -- MAP2K7 -- MAP3K1 -- VEGFA -- RET -- TRADD -- ATM -- CASP2 -- CHUK -- RPS6KA5 -- PPP1R13L -- MAPK9 -- IRF1 -- EIF4G2 -- MYB -- CYCS -- HIP1 -- RNF11 -- PSEN1 -- SOD1 -- HNRNPK -- SMPD1 -- TNIK -- HTT -- BRCA1 -- CDKN2A -- BID -- MCL1 -- PCNA -- TAF1 -- PLAC8 -- CASP9 -- DIABLO -- APAF1 -- RASSF1
734,TNFRSF1A -- TNFRSF1B -- MAPK8 -- STAT1 -- BIRC2 -- BIRC3 -- SIRT1 -- MYC -- TNFAIP3 -- TRAF1 -- MAPK14 -- RHOA -- NR3C1 -- RAC1 -- MAP2K7 -- MAP3K1 -- VEGFA -- RET -- TRADD -- ATM -- CHUK -- RPS6KA5 -- PPP1R13L -- MAPK9 -- LYN -- IRF1 -- MYB -- CYCS -- HIP1 -- RNF11 -- PSEN1 -- SOD1 -- HNRNPK -- SMPD1 -- TNIK -- BRCA1 -- CDKN2A -- EIF4E -- BID -- MCL1 -- PCNA -- TAF1 -- PLAC8 -- DIABLO -- RASSF1
735,TNFRSF1A -- TNFRSF1B -- MAPK8 -- JUN -- FOS -- SIRT1 -- RB1 -- TNFAIP3 -- CCND1 -- TRAF1 -- MAPK14 -- RHOA -- RAC1 -- MAP2K7 -- MAP3K1 -- IGF1 -- MAP3K14 -- TRADD -- TNFRSF10B -- ATM -- CASP2 -- CHUK -- RPS6KA5 -- PPP1R13L -- MAPK9 -- IRF1 -- EIF4G2 -- HTRA2 -- MYB -- HIP1 -- CDK4 -- OTUD7B -- RNF11 -- CASP10 -- PSEN1 -- SOD1 -- RPA4 -- SMPD1 -- TNIK -- HTT -- CDKN2A -- PELP1 -- BAX -- BAK1 -- BID -- FOXM1 -- PCNA -- PLAC8 -- CASP9 -- DIABLO -- APAF1
736,TNFRSF1A -- TNFRSF1B -- MAPK8 -- STAT1 -- BIRC2 -- SIRT1 -- MYC -- TNFAIP3 -- MAPK14 -- PTMA -- RHOA -- RAC1 -- MAP2K7 -- MAP3K1 -- VEGFA -- RET -- TRADD -- CHUK -- PPP1R13L -- MAPK9 -- LYN -- IRF1 -- CYCS -- CDK4 -- OTUD7B -- RNF11 -- PSEN1 -- BAD -- SOD1 -- HNRNPK -- RPA4 -- SMPD1 -- TNIK -- BRCA1 -- PELP1 -- EIF4E -- BID -- FOXM1 -- MCL1 -- PCNA -- TAF1 -- DIABLO -- RASSF1 -- RANGAP1
737,TNFRSF1A -- TNFRSF1B -- MAPK8 -- STAT1 -- JUN -- FOS -- SIRT1 -- TNFAIP3 -- TRAF1 -- MAPK14 -- RHOA -- NR3C1 -- TGFB2 -- RAC1 -- MAP2K7 -- MAP3K1 -- VEGFA -- MAP3K14 -- RET -- TRADD -- ATM -- CASP2 -- CHUK -- RPS6KA5 -- PPP1R13L -- MAPK9 -- IRF1 -- EIF4G2 -- MYB -- HIP1 -- RNF11 -- PSEN1 -- SOD1 -- HNRNPK -- CASP7 -- SMPD1 -- TNIK -- HTT -- BRCA1 -- CDKN2A -- BID -- MCL1 -- PCNA -- TAF1 -- PLAC8 -- CASP9 -- DIABLO -- APAF1 -- RASSF1
738,TNFRSF1A -- TNFRSF1B -- MAPK8 -- STAT1 -- JUN -- FOS -- SIRT1 -- TNFAIP3 -- TRAF1 -- MAPK14 -- RHOA -- NR3C1 -- TGFB2 -- RAC1 -- MAP2K7 -- MAP3K1 -- VEGFA -- MAP3K14 -- RET -- TRADD -- TNFRSF10B -- ATM -- CASP2 -- CHUK -- RPS6KA5 -- PPP1R13L -- MAPK9 -- IRF1 -- EIF4G2 -- MYB -- CYCS -- HIP1 -- RNF11 -- CASP10 -- PSEN1 -- SOD1 -- HNRNPK -- RPA4 -- CASP7 -- SMPD1 -- TNIK -- HTT -- BRCA1 -- CDKN2A -- BID -- MCL1 -- PCNA -- TAF1 -- PLAC8 -- CASP9 -- DIABLO -- APAF1 -- RASSF1
739,TNFRSF1A -- TNFRSF1B -- MAPK8 -- STAT1 -- FOS -- BIRC2 -- SIRT1 -- MYC -- TNFAIP3 -- MAPK14 -- PTMA -- RHOA -- NR3C1 -- TGFB2 -- RAC1 -- MAP2K7 -- MAP3K1 -- VEGFA -- RET -- TRADD -- ATM -- CHUK -- RPS6KA5 -- PPP1R13L -- MAPK9 -- LYN -- IRF1 -- CYCS -- RNF11 -- PSEN1 -- SOD1 -- HNRNPK -- SMPD1 -- TNIK -- BRCA1 -- EIF4E -- BID -- TFDP1 -- PCNA -- TAF1 -- DIABLO -- RASSF1
740,TNFRSF1A -- TNFRSF1B -- NFKB1 -- MAPK8 -- STAT1 -- BIRC2 -- BIRC3 -- SIRT1 -- MYC -- TNFAIP3 -- TRAF1 -- MAPK14 -- PTMA -- RHOA -- TGFB2 -- RAC1 -- MAP2K7 -- MAP3K1 -- VEGFA -- RET -- TRADD -- ATM -- CHUK -- PPP1R13L -- MAPK9 -- LYN -- IRF1 -- CYCS -- RNF11 -- PSEN1 -- SOD1 -- HNRNPK -- SMPD1 -- TNIK -- BAX -- EIF4E -- BID -- TFDP1 -- PCNA -- TAF1 -- DIABLO -- RASSF1 -- RANGAP1
741,TNFRSF1A -- TNFRSF1B -- NFKB1 -- MAPK8 -- JUN -- FOS -- SIRT1 -- RB1 -- TNFAIP3 -- TRAF1 -- MAPK14 -- RHOA -- RAC1 -- MAP2K7 -- MAP3K1 -- MAP3K14 -- TRADD -- TNFRSF10B -- ATM -- CASP2 -- MDM2 -- CHUK -- RPS6KA5 -- PPP1R13L -- MAPK9 -- IRF1 -- EIF4G2 -- HTRA2 -- MYB -- HIP1 -- CDK4 -- OTUD7B -- RNF11 -- PSEN1 -- SOD1 -- RPA4 -- SMPD1 -- TNIK -- HTT -- CDKN2A -- PELP1 -- BAX -- BAK1 -- BID -- FOXM1 -- PCNA -- PLAC8 -- CASP9 -- DIABLO -- APAF1
742,TNFRSF1A -- TNFRSF1B -- NFKB1 -- MAPK8 -- SIRT1 -- RB1 -- TNFAIP3 -- CCND1 -- TRAF1 -- MAPK14 -- RHOA -- RAC1 -- MAP2K7 -- MAP3K1 -- IGF1 -- MAP3K14 -- TRADD -- TNFRSF10B -- CASP2 -- MDM2 -- CHUK -- RPS6KA5 -- PPP1R13L -- MAPK9 -- LYN -- IRF1 -- EIF4G2 -- HTRA2 -- HIP1 -- CDK4 -- OTUD7B -- RNF11 -- CASP10 -- PSEN1 -- SOD1 -- RPA4 -- SMPD1 -- TNIK -- HTT -- PELP1 -- BAX -- BAK1 -- BID -- FOXM1 -- PCNA -- PLAC8 -- CASP9 -- DIABLO -- APAF1
743,TNFRSF1A -- TNFRSF1B -- NFKB1 -- MAPK8 -- STAT1 -- BIRC2 -- BIRC3 -- SIRT1 -- MYC -- TNFAIP3 -- CCND1 -- MAPK14 -- PTMA -- RHOA -- TGFB2 -- RAC1 -- MAP2K7 -- MAP3K1 -- RET -- TRADD -- TNFRSF10B -- MDM2 -- CHUK -- PPP1R13L -- MAPK9 -- LYN -- IRF1 -- CYCS -- RNF11 -- CASP10 -- PSEN1 -- BAD -- SOD1 -- HNRNPK -- SMPD1 -- TNIK -- BRCA1 -- EIF4E -- BID -- TFDP1 -- PCNA -- TAF1 -- DIABLO -- RANGAP1
744,TNFRSF1A -- TNFRSF1B -- MAPK8 -- BIRC2 -- SIRT1 -- MYC -- RB1 -- TNFAIP3 -- CCND1 -- MAPK14 -- PTMA -- RHOA -- TGFB2 -- RAC1 -- MAP2K7 -- MAP3K1 -- IGF1 -- TRADD -- ATM -- MDM2 -- CHUK -- PPP1R13L -- MAPK9 -- LYN -- IRF1 -- CYCS -- CDK4 -- OTUD7B -- RNF11 -- PSEN1 -- SOD1 -- RPA4 -- SMPD1 -- TNIK -- PELP1 -- BAK1 -- EIF4E -- BID -- FOXM1 -- PCNA -- DIABLO -- RANGAP1
745,TP53 -- NFKB1 -- FASLG -- RB1 -- TNFAIP3 -- TRAF1 -- MAPK14 -- IL2 -- MAP2K7 -- MAP3K1 -- VEGFA -- MAP3K14 -- MAPK1 -- AKT1 -- ATM -- NFKB2 -- MDM2 -- CHUK -- RPS6KA5 -- PPP1R13L -- MAPK9 -- LYN -- IRF1 -- EIF4G2 -- HTRA2 -- HIP1 -- CDK4 -- OTUD7B -- CASP10 -- PARP1 -- PSEN1 -- TNIK -- HTT -- PELP1 -- BAK1 -- BID -- FOXM1 -- CTBP1 -- PCNA -- PLAC8 -- CCNG1 -- DIABLO
746,TNFRSF1A -- TNFRSF1B -- MAPK8 -- STAT1 -- BIRC2 -- BIRC3 -- SIRT1 -- TNFAIP3 -- TRAF1 -- MAPK14 -- RHOA -- NR3C1 -- RAC1 -- MAP2K7 -- MAP3K1 -- VEGFA -- RET -- TRADD -- ATM -- CHUK -- RPS6KA5 -- PPP1R13L -- MAPK9 -- LYN -- IRF1 -- MYB -- CYCS -- HIP1 -- RNF11 -- PSEN1 -- SOD1 -- HNRNPK -- SMPD1 -- TNIK -- BRCA1 -- EIF4E -- BID -- MCL1 -- PCNA -- TAF1 -- PLAC8 -- DIABLO -- RASSF1
747,TNFRSF1A -- TNFRSF1B -- MAPK8 -- STAT1 -- JUN -- FOS -- SIRT1 -- RB1 -- TNFAIP3 -- TRAF1 -- MAPK14 -- RHOA -- RAC1 -- MAP2K7 -- MAP3K1 -- MAP3K14 -- TRADD -- ATM -- CASP2 -- MDM2 -- CHUK -- RPS6KA5 -- PPP1R13L -- MAPK9 -- IRF1 -- EIF4G2 -- HTRA2 -- MYB -- HIP1 -- OTUD7B -- RNF11 -- CASP10 -- PSEN1 -- SOD1 -- SMPD1 -- TNIK -- HTT -- CDKN2A -- BAX -- BAK1 -- BID -- PCNA -- PLAC8 -- CASP9 -- DIABLO -- APAF1
748,TNFRSF1A -- TNFRSF1B -- MAPK8 -- STAT1 -- JUN -- FOS -- SIRT1 -- TNFAIP3 -- TRAF1 -- MAPK14 -- RHOA -- NR3C1 -- RAC1 -- MAP2K7 -- MAP3K1 -- VEGFA -- MAP3K14 -- RET -- TRADD -- ATM -- CASP2 -- CHUK -- RPS6KA5 -- PPP1R13L -- MAPK9 -- IRF1 -- EIF4G2 -- HTRA2 -- MYB -- HIP1 -- RNF11 -- PSEN1 -- SOD1 -- HNRNPK -- CASP7 -- SMPD1 -- TNIK -- HTT -- BRCA1 -- CDKN2A -- BID -- MCL1 -- PCNA -- PLAC8 -- CASP9 -- DIABLO -- APAF1 -- RASSF1
749,TNFRSF1A -- TNFRSF1B -- MAPK8 -- STAT1 -- JUN -- FOS -- SIRT1 -- TNFAIP3 -- TRAF1 -- MAPK14 -- RHOA -- TGFB2 -- RAC1 -- MAP2K7 -- MAP3K1 -- VEGFA -- MAP3K14 -- RET -- TRADD -- ATM -- CASP2 -- CHUK -- RPS6KA5 -- PPP1R13L -- MAPK9 -- IRF1 -- EIF4G2 -- HTRA2 -- MYB -- HIP1 -- CDK4 -- OTUD7B -- RNF11 -- PSEN1 -- SOD1 -- HNRNPK -- RPA4 -- CASP7 -- SMPD1 -- TNIK -- HTT -- CDKN2A -- PELP1 -- BID -- FOXM1 -- MCL1 -- PCNA -- TAF1 -- PLAC8 -- CASP9 -- DIABLO -- APAF1
750,TNFRSF1A -- TNFRSF1B -- NFKB1 -- MAPK8 -- SIRT1 -- RB1 -- TNFAIP3 -- CCND1 -- TRAF1 -- MAPK14 -- RHOA -- RAC1 -- MAP2K7 -- MAP3K1 -- MAP3K14 -- TRADD -- TNFRSF10B -- CASP2 -- MDM2 -- CHUK -- RPS6KA5 -- PPP1R13L -- MAPK9 -- LYN -- IRF1 -- HTRA2 -- HIP1 -- CDK4 -- OTUD7B -- RNF11 -- PSEN1 -- SOD1 -- RPA4 -- SMPD1 -- TNIK -- HTT -- PELP1 -- BAX -- BAK1 -- EIF4E -- BID -- FOXM1 -- PCNA -- PLAC8 -- CASP9 -- DIABLO -- APAF1
751,TNFRSF1A -- TNFRSF1B -- MAPK8 -- STAT1 -- JUN -- FOS -- SIRT1 -- TNFAIP3 -- TRAF1 -- MAPK14 -- RHOA -- NR3C1 -- RAC1 -- MAP2K7 -- MAP3K1 -- VEGFA -- MAP3K14 -- RET -- TRADD -- ATM -- CASP2 -- CHUK -- RPS6KA5 -- PPP1R13L -- MAPK9 -- IRF1 -- EIF4G2 -- HTRA2 -- MYB -- HIP1 -- RNF11 -- PSEN1 -- SOD1 -- HNRNPK -- CASP7 -- SMPD1 -- TNIK -- HTT -- BRCA1 -- CDKN2A -- BAK1 -- BID -- MCL1 -- PCNA -- TAF1 -- PLAC8 -- CASP9 -- DIABLO -- APAF1 -- RASSF1
752,STAT1 -- JUN -- FOS -- SIRT1 -- MAPK14 -- TGFB2 -- RAC1 -- MAP2K7 -- MAP3K1 -- IGF1 -- VEGFA -- RET -- MAPK1 -- ATM -- CHUK -- RPS6KA5 -- PPP1R13L -- MAPK9 -- IRF1 -- EIF4G2 -- HTRA2 -- MYB -- HIP1 -- OTUD7B -- RNF11 -- PSEN1 -- SOD1 -- HNRNPK -- RPA4 -- CASP7 -- CDKN2A -- BAK1 -- BID -- FOXM1 -- PCNA -- TAF1 -- PLAC8 -- DIABLO -- APAF1 -- RASSF1
753,TNFRSF1A -- TNFRSF1B -- NFKB1 -- MAPK8 -- BIRC2 -- BIRC3 -- SIRT1 -- RB1 -- TNFAIP3 -- CCND1 -- TRAF1 -- MAPK14 -- RHOA -- RAC1 -- MAP2K7 -- MAP3K1 -- TRADD -- MDM2 -- CHUK -- RPS6KA5 -- PPP1R13L -- MAPK9 -- LYN -- IRF1 -- CYCS -- HIP1 -- CDK4 -- OTUD7B -- RNF11 -- PSEN1 -- SOD1 -- RPA4 -- SMPD1 -- TNIK -- PELP1 -- EIF4E -- BID -- FOXM1 -- PCNA -- PLAC8 -- DIABLO
754,TNFRSF1A -- TNFRSF1B -- MAPK8 -- STAT1 -- JUN -- FOS -- SIRT1 -- TNFAIP3 -- TRAF1 -- MAPK14 -- RHOA -- RAC1 -- MAP2K7 -- MAP3K1 -- VEGFA -- MAP3K14 -- RET -- TRADD -- ATM -- CASP2 -- CHUK -- RPS6KA5 -- PPP1R13L -- MAPK9 -- IRF1 -- EIF4G2 -- HTRA2 -- MYB -- HIP1 -- RNF11 -- CASP10 -- PSEN1 -- SOD1 -- HNRNPK -- SMPD1 -- TNIK -- HTT -- BRCA1 -- CDKN2A -- PELP1 -- BAX -- BID -- MCL1 -- PCNA -- PLAC8 -- CASP9 -- DIABLO -- APAF1 -- RASSF1
755,STAT1 -- BIRC2 -- BIRC3 -- SIRT1 -- MAPK14 -- TGFB2 -- RAC1 -- MAP2K7 -- MAP3K1 -- VEGFA -- RET -- MAPK1 -- AKT1 -- CHUK -- RPS6KA5 -- PPP1R13L -- MAPK9 -- LYN -- IRF1 -- EIF4G2 -- CYCS -- HIP1 -- CDK4 -- OTUD7B -- PARP1 -- PSEN1 -- HNRNPK -- RPA4 -- SMPD1 -- BBC3 -- PELP1 -- BAK1 -- BID -- FOXM1 -- CTBP1 -- RBL1 -- PCNA -- TAF1 -- PLAC8 -- DIABLO
756,TNFRSF1A -- TNFRSF1B -- MAPK8 -- STAT1 -- JUN -- FOS -- BIRC2 -- BIRC3 -- SIRT1 -- TNFAIP3 -- TRAF1 -- MAPK14 -- RHOA -- NR3C1 -- TGFB2 -- RAC1 -- MAP2K7 -- MAP3K1 -- VEGFA -- RET -- TRADD -- ATM -- CHUK -- RPS6KA5 -- PPP1R13L -- MAPK9 -- IRF1 -- EIF4G2 -- MYB -- CYCS -- HIP1 -- RNF11 -- PSEN1 -- SOD1 -- HNRNPK -- SMPD1 -- TNIK -- BRCA1 -- CDKN2A -- BID -- MCL1 -- PCNA -- TAF1 -- PLAC8 -- DIABLO -- RASSF1
757,TNFRSF1A -- TNFRSF1B -- MAPK8 -- STAT1 -- JUN -- FOS -- SIRT1 -- TNFAIP3 -- TRAF1 -- MAPK14 -- RHOA -- NR3C1 -- TGFB2 -- RAC1 -- MAP2K7 -- MAP3K1 -- VEGFA -- MAP3K14 -- RET -- TRADD -- ATM -- CASP2 -- CHUK -- RPS6KA5 -- PPP1R13L -- MAPK9 -- IRF1 -- EIF4G2 -- HTRA2 -- MYB -- HIP1 -- RNF11 -- CASP10 -- PSEN1 -- SOD1 -- HNRNPK -- CASP7 -- SMPD1 -- TNIK -- HTT -- BRCA1 -- CDKN2A -- BAK1 -- BID -- PCNA -- TAF1 -- PLAC8 -- CASP9 -- DIABLO -- APAF1 -- RASSF1
758,TNFRSF1A -- TNFRSF1B -- MAPK8 -- BIRC2 -- SIRT1 -- MYC -- RB1 -- TNFAIP3 -- CCND1 -- MAPK14 -- PTMA -- RHOA -- TGFB2 -- RAC1 -- MAP2K7 -- MAP3K1 -- IGF1 -- TRADD -- MDM2 -- CHUK -- PPP1R13L -- MAPK9 -- LYN -- IRF1 -- CYCS -- CDK4 -- OTUD7B -- RNF11 -- PSEN1 -- BAD -- SOD1 -- RPA4 -- SMPD1 -- TNIK -- PELP1 -- EIF4E -- BID -- FOXM1 -- MCL1 -- PCNA -- TAF1 -- DIABLO -- RANGAP1
759,TNFRSF1A -- TNFRSF1B -- NFKB1 -- MAPK8 -- STAT1 -- JUN -- FOS -- SIRT1 -- RB1 -- TNFAIP3 -- TRAF1 -- MAPK14 -- RHOA -- RAC1 -- MAP2K7 -- MAP3K1 -- IGF1 -- VEGFA -- MAP3K14 -- RET -- TRADD -- TNFRSF10B -- CASP2 -- CHUK -- RPS6KA5 -- PPP1R13L -- MAPK9 -- IRF1 -- EIF4G2 -- HTRA2 -- MYB -- HIP1 -- CDK4 -- OTUD7B -- RNF11 -- CASP10 -- PSEN1 -- SOD1 -- HNRNPK -- RPA4 -- SMPD1 -- TNIK -- HTT -- CDKN2A -- PELP1 -- BAX -- BAK1 -- BID -- FOXM1 -- PCNA -- PLAC8 -- CASP9 -- DIABLO -- APAF1
760,TNFRSF1A -- TNFRSF1B -- NFKB1 -- MAPK8 -- STAT1 -- SIRT1 -- MYC -- RB1 -- TNFAIP3 -- CCND1 -- MAPK14 -- PTMA -- RHOA -- TGFB2 -- RAC1 -- MAP2K7 -- MAP3K1 -- IGF1 -- MAP3K14 -- TRADD -- TNFRSF10B -- CASP2 -- MDM2 -- CHUK -- PPP1R13L -- MAPK9 -- LYN -- IRF1 -- EIF4G2 -- HTRA2 -- CDK4 -- OTUD7B -- RNF11 -- PSEN1 -- SOD1 -- RPA4 -- SMPD1 -- TNIK -- HTT -- PELP1 -- BAX -- BAK1 -- BID -- FOXM1 -- PCNA -- TAF1 -- DIABLO -- APAF1 -- RANGAP1
761,TNFRSF1A -- TNFRSF1B -- MAPK8 -- STAT1 -- JUN -- FOS -- SIRT1 -- TNFAIP3 -- TRAF1 -- MAPK14 -- RHOA -- NR3C1 -- TGFB2 -- RAC1 -- MAP2K7 -- MAP3K1 -- VEGFA -- MAP3K14 -- RET -- TRADD -- ATM -- CASP2 -- CHUK -- RPS6KA5 -- PPP1R13L -- MAPK9 -- IRF1 -- EIF4G2 -- MYB -- CYCS -- HIP1 -- RNF11 -- PSEN1 -- SOD1 -- HNRNPK -- CASP7 -- SMPD1 -- TNIK -- HTT -- BRCA1 -- CDKN2A -- BID -- MCL1 -- PCNA -- TAF1 -- PLAC8 -- CASP9 -- DIABLO -- APAF1 -- RASSF1
762,TNFRSF1A -- TNFRSF1B -- MAPK8 -- STAT1 -- BIRC2 -- BIRC3 -- SIRT1 -- TNFAIP3 -- TRAF1 -- MAPK14 -- RHOA -- NR3C1 -- TGFB2 -- RAC1 -- MAP2K7 -- MAP3K1 -- VEGFA -- RET -- TRADD -- ATM -- CHUK -- RPS6KA5 -- PPP1R13L -- MAPK9 -- LYN -- IRF1 -- MYB -- CYCS -- HIP1 -- RNF11 -- PSEN1 -- SOD1 -- HNRNPK -- SMPD1 -- TNIK -- BRCA1 -- CDKN2A -- BID -- MCL1 -- PCNA -- TAF1 -- PLAC8 -- DIABLO -- RASSF1
763,TNFRSF1A -- TNFRSF1B -- MAPK8 -- STAT1 -- BIRC2 -- BIRC3 -- SIRT1 -- MYC -- TNFAIP3 -- TRAF1 -- MAPK14 -- PTMA -- RHOA -- NR3C1 -- RAC1 -- MAP2K7 -- MAP3K1 -- VEGFA -- RET -- TRADD -- CHUK -- PPP1R13L -- MAPK9 -- LYN -- IRF1 -- CYCS -- HIP1 -- CDK4 -- RNF11 -- PSEN1 -- BAD -- SOD1 -- HNRNPK -- RPA4 -- SMPD1 -- TNIK -- PELP1 -- EIF4E -- BID -- FOXM1 -- MCL1 -- PCNA -- TAF1 -- DIABLO -- RANGAP1
764,TNFRSF1A -- TNFRSF1B -- NFKB1 -- MAPK8 -- BIRC2 -- BIRC3 -- SIRT1 -- RB1 -- TNFAIP3 -- CCND1 -- TRAF1 -- MAPK14 -- PTMA -- RHOA -- TGFB2 -- RAC1 -- MAP2K7 -- MAP3K1 -- IGF1 -- TRADD -- TNFRSF10B -- MDM2 -- CHUK -- RPS6KA5 -- PPP1R13L -- MAPK9 -- LYN -- IRF1 -- CYCS -- HIP1 -- CDK4 -- OTUD7B -- RNF11 -- PSEN1 -- BAD -- SOD1 -- RPA4 -- SMPD1 -- TNIK -- PELP1 -- EIF4E -- BID -- FOXM1 -- PCNA -- DIABLO
765,TNFRSF1A -- TNFRSF1B -- NFKB1 -- MAPK8 -- JUN -- FOS -- SIRT1 -- RB1 -- TNFAIP3 -- CCND1 -- TRAF1 -- MAPK14 -- RHOA -- RAC1 -- MAP2K7 -- MAP3K1 -- MAP3K14 -- TRADD -- TNFRSF10B -- ATM -- CASP2 -- MDM2 -- CHUK -- RPS6KA5 -- PPP1R13L -- MAPK9 -- IRF1 -- EIF4G2 -- HTRA2 -- HIP1 -- CDK4 -- OTUD7B -- RNF11 -- CASP10 -- PSEN1 -- SOD1 -- RPA4 -- SMPD1 -- TNIK -- HTT -- PELP1 -- BAX -- BAK1 -- BID -- FOXM1 -- PCNA -- PLAC8 -- CASP9 -- DIABLO -- APAF1
766,TNFRSF1A -- TNFRSF1B -- NFKB1 -- MAPK8 -- JUN -- FOS -- SIRT1 -- RB1 -- TNFAIP3 -- CCND1 -- TRAF1 -- MAPK14 -- RHOA -- RAC1 -- MAP2K7 -- MAP3K1 -- MAP3K14 -- TRADD -- TNFRSF10B -- CASP2 -- MDM2 -- CHUK -- RPS6KA5 -- PPP1R13L -- MAPK9 -- IRF1 -- EIF4G2 -- HTRA2 -- HIP1 -- CDK4 -- OTUD7B -- RNF11 -- CASP10 -- PSEN1 -- SOD1 -- RPA4 -- SMPD1 -- TNIK -- HTT -- PELP1 -- BAX -- BAK1 -- BID -- FOXM1 -- PCNA -- PLAC8 -- CASP9 -- DIABLO -- APAF1
767,TNFRSF1A -- TNFRSF1B -- MAPK8 -- STAT1 -- JUN -- FOS -- SIRT1 -- TNFAIP3 -- TRAF1 -- MAPK14 -- RHOA -- NR3C1 -- TGFB2 -- RAC1 -- MAP2K7 -- MAP3K1 -- VEGFA -- MAP3K14 -- RET -- TRADD -- ATM -- CASP2 -- CHUK -- RPS6KA5 -- PPP1R13L -- MAPK9 -- IRF1 -- EIF4G2 -- MYB -- CYCS -- HIP1 -- RNF11 -- PSEN1 -- SOD1 -- HNRNPK -- CASP7 -- SMPD1 -- TNIK -- HTT -- BRCA1 -- CDKN2A -- BID -- MCL1 -- PCNA -- TAF1 -- PLAC8 -- CASP9 -- DIABLO -- APAF1 -- RASSF1
768,TNFRSF1A -- TNFRSF1B -- MAPK8 -- JUN -- FOS -- SIRT1 -- RB1 -- TNFAIP3 -- TRAF1 -- MAPK14 -- RHOA -- RAC1 -- MAP2K7 -- MAP3K1 -- MAP3K14 -- TRADD -- ATM -- CASP2 -- CHUK -- RPS6KA5 -- PPP1R13L -- MAPK9 -- IRF1 -- EIF4G2 -- HTRA2 -- MYB -- HIP1 -- RNF11 -- CASP10 -- PSEN1 -- SOD1 -- RPA4 -- SMPD1 -- TNIK -- HTT -- BRCA1 -- CDKN2A -- BAX -- BAK1 -- BID -- PCNA -- PLAC8 -- CASP9 -- DIABLO -- APAF1 -- RASSF1
769,TNFRSF1A -- TNFRSF1B -- NFKB1 -- MAPK8 -- JUN -- FOS -- SIRT1 -- RB1 -- TNFAIP3 -- CCND1 -- TRAF1 -- MAPK14 -- RHOA -- RAC1 -- MAP2K7 -- MAP3K1 -- MAP3K14 -- TRADD -- TNFRSF10B -- ATM -- CASP2 -- MDM2 -- CHUK -- RPS6KA5 -- PPP1R13L -- MAPK9 -- IRF1 -- EIF4G2 -- HTRA2 -- HIP1 -- CDK4 -- OTUD7B -- RNF11 -- CASP10 -- PSEN1 -- SOD1 -- RPA4 -- SMPD1 -- TNIK -- HTT -- PELP1 -- BAX -- BAK1 -- BID -- FOXM1 -- PCNA -- PLAC8 -- CASP9 -- DIABLO -- APAF1
770,TNFRSF1A -- TNFRSF1B -- MAPK8 -- FOS -- BIRC2 -- SIRT1 -- RB1 -- TNFAIP3 -- CCND1 -- TRAF1 -- MAPK14 -- RHOA -- RAC1 -- MAP2K7 -- MAP3K1 -- IGF1 -- MAP3K14 -- TRADD -- CASP2 -- MDM2 -- CHUK -- PPP1R13L -- MAPK9 -- LYN -- IRF1 -- EIF4G2 -- CYCS -- HIP1 -- CDK4 -- OTUD7B -- RNF11 -- PSEN1 -- SOD1 -- RPA4 -- SMPD1 -- TNIK -- HTT -- PELP1 -- BAK1 -- BID -- FOXM1 -- PCNA -- PLAC8 -- DIABLO -- APAF1 -- RANGAP1
771,TNFRSF1A -- TNFRSF1B -- MAPK8 -- STAT1 -- JUN -- FOS -- BIRC2 -- BIRC3 -- SIRT1 -- TNFAIP3 -- TRAF1 -- MAPK14 -- RHOA -- NR3C1 -- TGFB2 -- RAC1 -- MAP2K7 -- MAP3K1 -- VEGFA -- RET -- TRADD -- ATM -- CASP2 -- CHUK -- RPS6KA5 -- PPP1R13L -- MAPK9 -- IRF1 -- EIF4G2 -- MYB -- HIP1 -- RNF11 -- PSEN1 -- SOD1 -- HNRNPK -- CASP7 -- SMPD1 -- TNIK -- HTT -- BRCA1 -- CDKN2A -- BID -- MCL1 -- PCNA -- TAF1 -- PLAC8 -- DIABLO -- RASSF1
772,TNFRSF1A -- TNFRSF1B -- MAPK8 -- STAT1 -- JUN -- FOS -- BIRC2 -- SIRT1 -- TNFAIP3 -- TRAF1 -- MAPK14 -- RHOA -- NR3C1 -- TGFB2 -- RAC1 -- MAP2K7 -- MAP3K1 -- VEGFA -- MAP3K14 -- RET -- TRADD -- ATM -- CASP2 -- CHUK -- RPS6KA5 -- PPP1R13L -- MAPK9 -- IRF1 -- EIF4G2 -- MYB -- HIP1 -- RNF11 -- PSEN1 -- SOD1 -- HNRNPK -- SMPD1 -- TNIK -- HTT -- BRCA1 -- CDKN2A -- BID -- MCL1 -- PCNA -- TAF1 -- PLAC8 -- CASP9 -- DIABLO -- APAF1 -- RASSF1
773,TNFRSF1A -- TNFRSF1B -- NFKB1 -- MAPK8 -- SIRT1 -- RB1 -- TNFAIP3 -- CCND1 -- TRAF1 -- MAPK14 -- RHOA -- RAC1 -- MAP2K7 -- MAP3K1 -- MAP3K14 -- TRADD -- TNFRSF10B -- ATM -- CASP2 -- MDM2 -- CHUK -- RPS6KA5 -- PPP1R13L -- MAPK9 -- LYN -- IRF1 -- EIF4G2 -- HTRA2 -- HIP1 -- CDK4 -- OTUD7B -- RNF11 -- CASP10 -- PSEN1 -- SOD1 -- RPA4 -- SMPD1 -- TNIK -- HTT -- PELP1 -- BAX -- BAK1 -- BID -- FOXM1 -- PCNA -- TAF1 -- PLAC8 -- CASP9 -- DIABLO -- APAF1
774,TNFRSF1A -- TNFRSF1B -- MAPK8 -- STAT1 -- BIRC2 -- SIRT1 -- MYC -- TNFAIP3 -- CCND1 -- MAPK14 -- PTMA -- RHOA -- RAC1 -- MAP2K7 -- MAP3K1 -- VEGFA -- RET -- TRADD -- CHUK -- RPS6KA5 -- PPP1R13L -- MAPK9 -- LYN -- IRF1 -- CYCS -- CDK4 -- RNF11 -- PSEN1 -- SOD1 -- HNRNPK -- RPA4 -- SMPD1 -- TNIK -- EIF4E -- BID -- FOXM1 -- MCL1 -- PCNA -- TAF1 -- PLAC8 -- DIABLO -- RANGAP1
775,TNFRSF1A -- TNFRSF1B -- MAPK8 -- JUN -- FOS -- SIRT1 -- RB1 -- TNFAIP3 -- CCND1 -- MAPK14 -- RHOA -- RAC1 -- MAP2K7 -- MAP3K1 -- IGF1 -- MAP3K14 -- TRADD -- ATM -- CASP2 -- MDM2 -- CHUK -- RPS6KA5 -- PPP1R13L -- MAPK9 -- IRF1 -- EIF4G2 -- HTRA2 -- HIP1 -- CDK4 -- OTUD7B -- RNF11 -- CASP10 -- PSEN1 -- SOD1 -- RPA4 -- SMPD1 -- TNIK -- PELP1 -- BAX -- BAK1 -- BID -- FOXM1 -- PCNA -- PLAC8 -- CASP9 -- DIABLO -- APAF1
776,TNFRSF1A -- TNFRSF1B -- MAPK8 -- STAT1 -- JUN -- SIRT1 -- TNFAIP3 -- TRAF1 -- MAPK14 -- RHOA -- NR3C1 -- TGFB2 -- RAC1 -- MAP2K7 -- MAP3K1 -- VEGFA -- MAP3K14 -- RET -- TRADD -- ATM -- CASP2 -- CHUK -- RPS6KA5 -- PPP1R13L -- MAPK9 -- IRF1 -- EIF4G2 -- HTRA2 -- MYB -- HIP1 -- RNF11 -- PSEN1 -- SOD1 -- HNRNPK -- CASP7 -- SMPD1 -- TNIK -- HTT -- BRCA1 -- CDKN2A -- BAK1 -- BID -- MCL1 -- PCNA -- PLAC8 -- CASP9 -- DIABLO -- APAF1 -- RASSF1
777,TNFRSF1A -- TNFRSF1B -- NFKB1 -- MAPK8 -- SIRT1 -- RB1 -- TNFAIP3 -- CCND1 -- TRAF1 -- MAPK14 -- RHOA -- RAC1 -- MAP2K7 -- MAP3K1 -- IGF1 -- MAP3K14 -- TRADD -- TNFRSF10B -- ATM -- CASP2 -- MDM2 -- CHUK -- RPS6KA5 -- PPP1R13L -- MAPK9 -- LYN -- IRF1 -- EIF4G2 -- HTRA2 -- HIP1 -- CDK4 -- OTUD7B -- RNF11 -- CASP10 -- PSEN1 -- SOD1 -- RPA4 -- SMPD1 -- TNIK -- HTT -- PELP1 -- BAX -- BAK1 -- BID -- FOXM1 -- PCNA -- PLAC8 -- CASP9 -- DIABLO -- APAF1
778,TNFRSF1A -- TNFRSF1B -- MAPK8 -- STAT1 -- JUN -- FOS -- SIRT1 -- RB1 -- TNFAIP3 -- CCND1 -- MAPK14 -- RHOA -- RAC1 -- MAP2K7 -- MAP3K1 -- MAP3K14 -- RET -- TRADD -- TNFRSF10B -- CASP2 -- CHUK -- RPS6KA5 -- PPP1R13L -- MAPK9 -- IRF1 -- EIF4G2 -- HTRA2 -- MYB -- HIP1 -- CDK4 -- OTUD7B -- RNF11 -- CASP10 -- PSEN1 -- SOD1 -- RPA4 -- SMPD1 -- TNIK -- HTT -- CDKN2A -- PELP1 -- BAX -- BAK1 -- BID -- FOXM1 -- PCNA -- PLAC8 -- CASP9 -- DIABLO -- APAF1
779,TNFRSF1A -- TNFRSF1B -- MAPK8 -- STAT1 -- BIRC2 -- BIRC3 -- SIRT1 -- TNFAIP3 -- TRAF1 -- MAPK14 -- RHOA -- NR3C1 -- RAC1 -- MAP2K7 -- MAP3K1 -- VEGFA -- RET -- TRADD -- ATM -- CHUK -- RPS6KA5 -- PPP1R13L -- MAPK9 -- LYN -- IRF1 -- CYCS -- HIP1 -- RNF11 -- PSEN1 -- SOD1 -- HNRNPK -- SMPD1 -- TNIK -- BRCA1 -- CDKN2A -- BID -- MCL1 -- PCNA -- TAF1 -- PLAC8 -- DIABLO -- RASSF1
780,TNFRSF1A -- TNFRSF1B -- NFKB1 -- MAPK8 -- SIRT1 -- RB1 -- TNFAIP3 -- CCND1 -- TRAF1 -- MAPK14 -- RHOA -- RAC1 -- MAP2K7 -- MAP3K1 -- TRADD -- ATM -- MDM2 -- CHUK -- RPS6KA5 -- PPP1R13L -- MAPK9 -- LYN -- IRF1 -- HTRA2 -- HIP1 -- CDK4 -- OTUD7B -- RNF11 -- PSEN1 -- SOD1 -- RPA4 -- SMPD1 -- TNIK -- PELP1 -- BAX -- BAK1 -- EIF4E -- BID -- FOXM1 -- PCNA -- PLAC8 -- CASP9 -- DIABLO -- APAF1
781,TNFRSF1A -- TNFRSF1B -- NFKB1 -- MAPK8 -- SIRT1 -- RB1 -- TNFAIP3 -- CCND1 -- TRAF1 -- MAPK14 -- RHOA -- RAC1 -- MAP2K7 -- MAP3K1 -- TRADD -- TNFRSF10B -- CASP2 -- MDM2 -- CHUK -- RPS6KA5 -- PPP1R13L -- MAPK9 -- IRF1 -- EIF4G2 -- HTRA2 -- HIP1 -- CDK4 -- OTUD7B -- RNF11 -- CASP10 -- PSEN1 -- SOD1 -- RPA4 -- SMPD1 -- TNIK -- HTT -- PELP1 -- BAX -- BAK1 -- BID -- FOXM1 -- PCNA -- PLAC8 -- CASP9 -- DIABLO -- APAF1
782,TNFRSF1A -- TNFRSF1B -- MAPK8 -- STAT1 -- JUN -- FOS -- SIRT1 -- RB1 -- TNFAIP3 -- TRAF1 -- MAPK14 -- RHOA -- NR3C1 -- RAC1 -- MAP2K7 -- MAP3K1 -- VEGFA -- MAP3K14 -- RET -- TRADD -- ATM -- CASP2 -- CHUK -- RPS6KA5 -- PPP1R13L -- MAPK9 -- IRF1 -- EIF4G2 -- HTRA2 -- MYB -- HIP1 -- RNF11 -- PSEN1 -- SOD1 -- HNRNPK -- SMPD1 -- TNIK -- HTT -- BRCA1 -- CDKN2A -- BAK1 -- BID -- PCNA -- PLAC8 -- CASP9 -- DIABLO -- APAF1 -- RASSF1
783,TNFRSF1A -- TNFRSF1B -- NFKB1 -- MAPK8 -- SIRT1 -- MYC -- RB1 -- TNFAIP3 -- CCND1 -- MAPK14 -- PTMA -- RHOA -- RAC1 -- MAP2K7 -- MAP3K1 -- MAP3K14 -- TRADD -- TNFRSF10B -- MDM2 -- CHUK -- PPP1R13L -- MAPK9 -- LYN -- IRF1 -- HTRA2 -- CDK4 -- OTUD7B -- RNF11 -- CASP10 -- PSEN1 -- SOD1 -- RPA4 -- SMPD1 -- TNIK -- PELP1 -- BAX -- BAK1 -- EIF4E -- BID -- FOXM1 -- PCNA -- DIABLO -- APAF1 -- RANGAP1
784,TNFRSF1A -- TNFRSF1B -- MAPK8 -- STAT1 -- JUN -- FOS -- BIRC2 -- SIRT1 -- TNFAIP3 -- TRAF1 -- MAPK14 -- RHOA -- RAC1 -- MAP2K7 -- MAP3K1 -- VEGFA -- MAP3K14 -- TRADD -- ATM -- CASP2 -- MDM2 -- CHUK -- RPS6KA5 -- PPP1R13L -- MAPK9 -- IRF1 -- EIF4G2 -- MYB -- HIP1 -- RNF11 -- PSEN1 -- SOD1 -- SMPD1 -- TNIK -- HTT -- BRCA1 -- CDKN2A -- PELP1 -- BID -- MCL1 -- PCNA -- PLAC8 -- CASP9 -- DIABLO -- APAF1 -- RASSF1
785,TNFRSF1A -- TNFRSF1B -- NFKB1 -- MAPK8 -- FOS -- SIRT1 -- RB1 -- TNFAIP3 -- CCND1 -- TRAF1 -- MAPK14 -- RHOA -- RAC1 -- MAP2K7 -- MAP3K1 -- IGF1 -- MAP3K14 -- TRADD -- TNFRSF10B -- ATM -- CASP2 -- MDM2 -- CHUK -- PPP1R13L -- MAPK9 -- IRF1 -- EIF4G2 -- HTRA2 -- HIP1 -- CDK4 -- OTUD7B -- RNF11 -- CASP10 -- PSEN1 -- SOD1 -- RPA4 -- SMPD1 -- TNIK -- PELP1 -- BAX -- BAK1 -- EIF4E -- BID -- FOXM1 -- PCNA -- PLAC8 -- CASP9 -- DIABLO -- APAF1
786,TNFRSF1A -- TNFRSF1B -- MAPK8 -- STAT1 -- JUN -- FOS -- BIRC2 -- SIRT1 -- TNFAIP3 -- TRAF1 -- MAPK14 -- RHOA -- NR3C1 -- TGFB2 -- RAC1 -- MAP2K7 -- MAP3K1 -- VEGFA -- MAP3K14 -- RET -- TRADD -- ATM -- CASP2 -- CHUK -- RPS6KA5 -- PPP1R13L -- MAPK9 -- IRF1 -- EIF4G2 -- MYB -- HIP1 -- RNF11 -- PSEN1 -- SOD1 -- HNRNPK -- SMPD1 -- TNIK -- HTT -- BRCA1 -- CDKN2A -- BID -- MCL1 -- PCNA -- TAF1 -- PLAC8 -- DIABLO -- RASSF1
787,STAT1 -- SIRT1 -- CFLAR -- MAPK14 -- RAC1 -- MAP2K7 -- MAP3K1 -- IGF1 -- VEGFA -- MAP3K14 -- MAPK1 -- AKT1 -- ATM -- CHUK -- RPS6KA5 -- PPP1R13L -- MAPK9 -- LYN -- IRF1 -- HTRA2 -- MYB -- HIP1 -- CDK4 -- OTUD7B -- PARP1 -- PSEN1 -- RPA4 -- CASP7 -- BBC3 -- PELP1 -- BAK1 -- EIF4E -- BID -- FOXM1 -- CTBP1 -- RBL1 -- PCNA -- TAF1 -- PLAC8 -- DIABLO -- APAF1
788,TNFRSF1A -- TNFRSF1B -- NFKB1 -- MAPK8 -- BIRC2 -- SIRT1 -- RB1 -- TNFAIP3 -- CCND1 -- TRAF1 -- MAPK14 -- RHOA -- RAC1 -- MAP2K7 -- MAP3K1 -- TRADD -- TNFRSF10B -- ATM -- MDM2 -- CHUK -- RPS6KA5 -- PPP1R13L -- MAPK9 -- LYN -- IRF1 -- HTRA2 -- HIP1 -- CDK4 -- OTUD7B -- RNF11 -- PSEN1 -- SOD1 -- RPA4 -- SMPD1 -- TNIK -- PELP1 -- BAX -- EIF4E -- BID -- FOXM1 -- PCNA -- PLAC8 -- DIABLO
789,STAT1 -- JUN -- FOS -- BIRC2 -- BIRC3 -- MAPK14 -- TGFB2 -- RAC1 -- MAP2K7 -- MAP3K1 -- VEGFA -- RET -- MAPK1 -- AKT1 -- ATM -- CHUK -- RPS6KA5 -- PPP1R13L -- MAPK9 -- LYN -- IRF1 -- MYB -- CYCS -- HIP1 -- OTUD7B -- PARP1 -- PSEN1 -- HNRNPK -- SMPD1 -- BRCA1 -- CDKN2A -- EIF4E -- BID -- MCL1 -- PCNA -- TAF1 -- PLAC8 -- DIABLO -- RASSF1
790,TNFRSF1A -- TNFRSF1B -- NFKB1 -- MAPK8 -- SIRT1 -- RB1 -- TNFAIP3 -- CCND1 -- TRAF1 -- MAPK14 -- RHOA -- RAC1 -- MAP2K7 -- MAP3K1 -- TRADD -- TNFRSF10B -- MDM2 -- CHUK -- RPS6KA5 -- PPP1R13L -- MAPK9 -- LYN -- IRF1 -- EIF4G2 -- HTRA2 -- HIP1 -- CDK4 -- OTUD7B -- RNF11 -- CASP10 -- PSEN1 -- SOD1 -- RPA4 -- SMPD1 -- TNIK -- PELP1 -- BAX -- BAK1 -- BID -- FOXM1 -- PCNA -- PLAC8 -- DIABLO
791,TNFRSF1A -- TNFRSF1B -- MAPK8 -- STAT1 -- BIRC2 -- SIRT1 -- TNFAIP3 -- TRAF1 -- MAPK14 -- RHOA -- NR3C1 -- RAC1 -- MAP2K7 -- MAP3K1 -- VEGFA -- RET -- TRADD -- CASP2 -- CHUK -- RPS6KA5 -- PPP1R13L -- MAPK9 -- LYN -- IRF1 -- EIF4G2 -- CYCS -- HIP1 -- RNF11 -- PSEN1 -- SOD1 -- HNRNPK -- SMPD1 -- TNIK -- HTT -- BRCA1 -- BID -- MCL1 -- PCNA -- TAF1 -- PLAC8 -- DIABLO -- RASSF1
792,STAT1 -- BIRC2 -- BIRC3 -- SIRT1 -- MAPK14 -- RAC1 -- MAP2K7 -- MAP3K1 -- VEGFA -- RET -- MAPK1 -- AKT1 -- ATM -- E2F1 -- CHUK -- RPS6KA5 -- PPP1R13L -- MAPK9 -- LYN -- IRF1 -- MYB -- CYCS -- HIP1 -- CDK4 -- OTUD7B -- RNF11 -- PARP1 -- PSEN1 -- SMPD1 -- BAK1 -- EIF4E -- BID -- FOXM1 -- PCNA -- TAF1 -- PLAC8 -- DIABLO
793,TNFRSF1A -- TNFRSF1B -- NFKB1 -- MAPK8 -- BIRC2 -- BIRC3 -- SIRT1 -- MYC -- TNFAIP3 -- CCND1 -- MAPK14 -- PTMA -- RHOA -- RAC1 -- MAP2K7 -- MAP3K1 -- IGF1 -- TRADD -- TNFRSF10B -- MDM2 -- CHUK -- PPP1R13L -- MAPK9 -- LYN -- IRF1 -- EIF4G2 -- CYCS -- CDK4 -- OTUD7B -- RNF11 -- CASP10 -- PSEN1 -- SOD1 -- RPA4 -- SMPD1 -- TNIK -- PELP1 -- BAX -- BAK1 -- BID -- FOXM1 -- PCNA -- TAF1 -- PLAC8 -- DIABLO -- RANGAP1
794,TNFRSF1A -- TNFRSF1B -- NFKB1 -- MAPK8 -- STAT1 -- BIRC2 -- BIRC3 -- SIRT1 -- MYC -- TNFAIP3 -- MAPK14 -- PTMA -- RHOA -- RAC1 -- MAP2K7 -- MAP3K1 -- IGF1 -- VEGFA -- TRADD -- MDM2 -- CHUK -- PPP1R13L -- MAPK9 -- LYN -- IRF1 -- CYCS -- CDK4 -- OTUD7B -- RNF11 -- PSEN1 -- BAD -- SOD1 -- HNRNPK -- RPA4 -- SMPD1 -- TNIK -- PELP1 -- EIF4E -- BID -- FOXM1 -- MCL1 -- PCNA -- TAF1 -- DIABLO -- RANGAP1
795,STAT1 -- BIRC2 -- SIRT1 -- MAPK14 -- TGFB2 -- MAP2K7 -- MAP3K1 -- VEGFA -- RET -- MAPK1 -- TNFRSF10B -- AKT1 -- ATM -- E2F1 -- CHUK -- RPS6KA5 -- PPP1R13L -- MAPK9 -- LYN -- IRF1 -- CYCS -- HIP1 -- CDK4 -- OTUD7B -- PARP1 -- PSEN1 -- HNRNPK -- SMPD1 -- BBC3 -- BID -- MCL1 -- CTBP1 -- RBL1 -- PCNA -- TAF1 -- PLAC8 -- DIABLO -- RASSF1
796,TNFRSF1A -- TNFRSF1B -- MAPK8 -- STAT1 -- JUN -- FOS -- SIRT1 -- TNFAIP3 -- TRAF1 -- MAPK14 -- RHOA -- NR3C1 -- TGFB2 -- RAC1 -- MAP2K7 -- MAP3K1 -- VEGFA -- MAP3K14 -- RET -- TRADD -- ATM -- CASP2 -- CHUK -- RPS6KA5 -- PPP1R13L -- MAPK9 -- IRF1 -- EIF4G2 -- HTRA2 -- MYB -- HIP1 -- RNF11 -- PSEN1 -- SOD1 -- HNRNPK -- CASP7 -- SMPD1 -- TNIK -- HTT -- BRCA1 -- CDKN2A -- BID -- MCL1 -- PCNA -- TAF1 -- PLAC8 -- CASP9 -- DIABLO -- APAF1 -- RASSF1
797,TNFRSF1A -- TNFRSF1B -- MAPK8 -- JUN -- FOS -- SIRT1 -- RB1 -- TNFAIP3 -- CCND1 -- TRAF1 -- MAPK14 -- RHOA -- RAC1 -- MAP2K7 -- MAP3K1 -- MAP3K14 -- TRADD -- TNFRSF10B -- ATM -- CASP2 -- MDM2 -- CHUK -- RPS6KA5 -- PPP1R13L -- MAPK9 -- IRF1 -- EIF4G2 -- HTRA2 -- MYB -- HIP1 -- RNF11 -- CASP10 -- PSEN1 -- SOD1 -- RPA4 -- SMPD1 -- TNIK -- HTT -- CDKN2A -- PELP1 -- BAX -- BAK1 -- BID -- PCNA -- PLAC8 -- CASP9 -- DIABLO -- APAF1 -- RASSF1
798,TNFRSF1A -- TNFRSF1B -- NFKB1 -- MAPK8 -- JUN -- FOS -- SIRT1 -- RB1 -- TNFAIP3 -- CCND1 -- TRAF1 -- MAPK14 -- RHOA -- RAC1 -- MAP2K7 -- MAP3K1 -- MAP3K14 -- TRADD -- TNFRSF10B -- ATM -- CASP2 -- MDM2 -- CHUK -- RPS6KA5 -- PPP1R13L -- MAPK9 -- IRF1 -- EIF4G2 -- HTRA2 -- MYB -- HIP1 -- CDK4 -- OTUD7B -- RNF11 -- CASP10 -- PSEN1 -- SOD1 -- RPA4 -- SMPD1 -- TNIK -- HTT -- CDKN2A -- PELP1 -- BAX -- BAK1 -- BID -- FOXM1 -- PCNA -- PLAC8 -- CASP9 -- DIABLO -- APAF1
799,TNFRSF1A -- TNFRSF1B -- MAPK8 -- STAT1 -- BIRC2 -- BIRC3 -- SIRT1 -- MYC -- TNFAIP3 -- CCND1 -- TRAF1 -- MAPK14 -- PTMA -- RHOA -- RAC1 -- MAP2K7 -- MAP3K1 -- VEGFA -- TRADD -- MDM2 -- CHUK -- PPP1R13L -- MAPK9 -- LYN -- IRF1 -- CYCS -- HIP1 -- CDK4 -- RNF11 -- PSEN1 -- SOD1 -- HNRNPK -- SMPD1 -- TNIK -- BRCA1 -- EIF4E -- BID -- TFDP1 -- MCL1 -- PCNA -- TAF1 -- PLAC8 -- DIABLO
800,TNFRSF1A -- TNFRSF1B -- NFKB1 -- MAPK8 -- SIRT1 -- MYC -- RB1 -- TNFAIP3 -- CCND1 -- MAPK14 -- PTMA -- RHOA -- RAC1 -- MAP2K7 -- MAP3K1 -- IGF1 -- MAP3K14 -- TRADD -- TNFRSF10B -- ATM -- MDM2 -- CHUK -- PPP1R13L -- MAPK9 -- LYN -- IRF1 -- EIF4G2 -- HTRA2 -- CDK4 -- OTUD7B -- RNF11 -- CASP10 -- PSEN1 -- SOD1 -- RPA4 -- SMPD1 -- TNIK -- PELP1 -- BAX -- BAK1 -- BID -- FOXM1 -- PCNA -- DIABLO -- RANGAP1
801,TNFRSF1A -- TNFRSF1B -- NFKB1 -- MAPK8 -- JUN -- FOS -- SIRT1 -- RB1 -- TNFAIP3 -- CCND1 -- TRAF1 -- MAPK14 -- RHOA -- RAC1 -- MAP2K7 -- MAP3K1 -- MAP3K14 -- TRADD -- TNFRSF10B -- ATM -- CASP2 -- MDM2 -- CHUK -- RPS6KA5 -- PPP1R13L -- MAPK9 -- IRF1 -- EIF4G2 -- HTRA2 -- MYB -- HIP1 -- CDK4 -- OTUD7B -- RNF11 -- CASP10 -- PSEN1 -- SOD1 -- RPA4 -- SMPD1 -- TNIK -- HTT -- CDKN2A -- PELP1 -- BAX -- BAK1 -- BID -- FOXM1 -- PCNA -- PLAC8 -- CASP9 -- DIABLO -- APAF1
