ID,state
0,FADD -- IL1B -- MAPK8 -- MAPK14 -- BCL2 -- MAPK3 -- E2F1 -- PAK2 -- RB1 -- MYC -- NFKBIA -- IL23A -- AKT1 -- RXRB -- SP1 -- RIPK1 -- EIF2AK2 -- BIRC3 -- MAP4K4 -- TNFRSF1B -- TRAF2 -- ZFP36 -- BIRC2 -- ATM -- IL4 -- HSPB1 -- TERT -- MAP2K7 -- RIPK2 -- PPM1A -- SMURF2 -- FASLG -- NGF -- MAP3K14 -- FGF7 -- SHC1 -- TNFRSF10B -- KRT18 -- TNFRSF14 -- DAB2IP -- IRF1 -- RPAIN -- HIP1 -- BAD -- BCL2L1 -- SMPD1 -- CASP1 -- MTOR -- PEA15 -- FAF1 -- PRNP -- BAX -- CYCS
1,FADD -- MYD88 -- IL2 -- CASP3 -- NFATC2 -- BCL2 -- CHUK -- NFKB1 -- MAPK3 -- PAK2 -- MYC -- AKT1 -- TNFRSF1A -- TNFAIP3 -- SP1 -- ADAM17 -- TP53 -- TRADD -- EIF2AK2 -- BIRC3 -- IRAK1 -- TNFRSF1B -- TRAF2 -- TRAF1 -- ZFP36 -- ATM -- IL4 -- CSF2 -- TERT -- CDKN2A -- CCND1 -- PPM1A -- SMURF2 -- FASLG -- SOCS3 -- FGF14 -- MAP3K14 -- FGF7 -- SHC1 -- KRT18 -- IRF1 -- RPAIN -- OTUD7B -- XIAP -- SMPD1 -- PEA15 -- FAF1 -- BID -- CYCS -- HIF1A -- RPS6KA1 -- UBE2D3
2,FADD -- MAPK14 -- CHUK -- NFKB1 -- MAPK1 -- E2F1 -- PAK2 -- RB1 -- JUN -- TNF -- IL23A -- AKT1 -- RXRB -- TNFAIP3 -- SP1 -- TP53 -- TGFB1 -- RIPK1 -- BIRC3 -- MAP4K4 -- TNFRSF1B -- TRAF2 -- CYLD -- MAP3K1 -- ZFP36 -- AR -- CFLAR -- HSPB1 -- STAT1 -- CDKN2A -- FASLG -- RHOA -- SOCS3 -- NGF -- FGF14 -- MAP3K14 -- SHC1 -- DAB2IP -- IRF1 -- RPAIN -- HIP1 -- XIAP -- BAD -- CASP7 -- MTOR -- PEA15 -- PRNP -- CYCS -- IL16 -- HIF1A -- UBE2D3
3,FADD -- IL2 -- E2F1 -- RELA -- PAK2 -- RB1 -- NFKBIA -- AKT1 -- RXRB -- TNFRSF1A -- SP1 -- TGFB1 -- BIRC3 -- TNFRSF1B -- TRAF2 -- CYLD -- ZFP36 -- BIRC2 -- ATM -- CFLAR -- IL4 -- CSF2 -- HSPB1 -- IKBKB -- STAT1 -- FBXO31 -- CCND1 -- RIPK2 -- PPM1A -- PRKCE -- FASLG -- SOCS3 -- NGF -- FGF14 -- FGF7 -- IFNB1 -- IRF1 -- HIP1 -- OTUD7B -- BAD -- BCL2L1 -- ERBB2 -- BID -- NFE2L2 -- IL16 -- HIF1A -- TP63 -- UBE2D3
4,MYD88 -- IL2 -- MAPK8 -- MAPK14 -- NFATC2 -- NFKB1 -- MAPK1 -- E2F1 -- RB1 -- JUN -- MYC -- TNF -- IL23A -- AKT1 -- RXRB -- TNFRSF1A -- SP1 -- ADAM17 -- TP53 -- TGFB1 -- RIPK1 -- CASP2 -- BIRC3 -- IRAK1 -- MAP4K4 -- TNFRSF1B -- TRAF2 -- BIRC2 -- IL4 -- CSF2 -- HSPB1 -- IKBKB -- TERT -- FBXO31 -- MAP2K7 -- PPM1A -- SMURF2 -- PRKCE -- FASLG -- RHOA -- SOCS3 -- NGF -- FGF7 -- TNFRSF10B -- TNFRSF14 -- IFNB1 -- PIAS2 -- CASP8 -- OTUD7B -- XIAP -- BCL2L1 -- PEA15 -- IL16 -- TP63 -- RPS6KA1 -- UBE2D3
5,FADD -- IL1B -- MYD88 -- IL2 -- CASP3 -- MAPK8 -- NFATC2 -- BCL2 -- CHUK -- NFKB1 -- MAPK1 -- E2F1 -- JUN -- MYC -- NFKBIA -- IL23A -- RXRB -- TNFRSF1A -- SP1 -- VEGFA -- TP53 -- TRADD -- RIPK1 -- TNFRSF1B -- TRAF1 -- BIRC2 -- ATM -- HSPB1 -- TERT -- CDKN2A -- RHOA -- NGF -- FGF14 -- FGF7 -- TNFRSF14 -- DAB2IP -- IFNB1 -- PIAS2 -- RPAIN -- CASP8 -- OTUD7B -- BAD -- BCL2L1 -- SMPD1 -- CASP1 -- PEA15 -- PRNP -- CYCS -- NFE2L2 -- IL16 -- HIF1A -- TP63
6,IL1B -- MAPK8 -- BCL2 -- CHUK -- MAPK3 -- E2F1 -- RELA -- PAK2 -- JUN -- TNF -- AKT1 -- RXRB -- TNFRSF1A -- TNFAIP3 -- SP1 -- VEGFA -- TP53 -- EIF2AK2 -- BIRC3 -- IRAK1 -- MAP4K4 -- CYLD -- ZFP36 -- AR -- BIRC2 -- IL4 -- IKBKB -- CDKN2A -- FBXO31 -- MAP2K7 -- PRKCE -- FASLG -- RHOA -- SOCS3 -- FGF14 -- MAP3K14 -- FGF7 -- KRT18 -- TNFRSF14 -- PIAS2 -- CASP8 -- OTUD7B -- BAD -- CASP1 -- ERBB2 -- MTOR -- PEA15 -- FAF1 -- BID -- BAX -- CYCS -- IL16 -- HIF1A -- TP63
7,MYD88 -- NFATC2 -- BCL2 -- CHUK -- RELA -- PAK2 -- NFKBIA -- TNFRSF1A -- ADAM17 -- TP53 -- TGFB1 -- TRADD -- RIPK1 -- BIRC3 -- IRAK1 -- MAP4K4 -- TNFRSF1B -- TRAF2 -- CYLD -- AR -- ATM -- CFLAR -- IL4 -- HSPB1 -- IKBKB -- TERT -- MAP2K7 -- RIPK2 -- FASLG -- RHOA -- SOCS3 -- NGF -- TNFRSF10B -- KRT18 -- TNFRSF14 -- SQSTM1 -- IFNB1 -- IRF1 -- XIAP -- CASP7 -- CASP1 -- ERBB2 -- MTOR -- FAF1 -- BID -- NFE2L2
8,IL1B -- CASP3 -- NFATC2 -- BCL2 -- MAPK1 -- E2F1 -- PAK2 -- IL23A -- AKT1 -- TNFAIP3 -- SP1 -- VEGFA -- TRADD -- RIPK1 -- EIF2AK2 -- CASP2 -- IRAK1 -- MAP4K4 -- TNFRSF1B -- TRAF2 -- TRAF1 -- MAP3K1 -- ZFP36 -- CSF2 -- IKBKB -- STAT1 -- CDKN2A -- CCND1 -- MAP2K7 -- PPM1A -- SMURF2 -- FASLG -- NGF -- MAP3K14 -- TNFRSF10B -- SQSTM1 -- IFNB1 -- PIAS2 -- IRF1 -- RPAIN -- HIP1 -- CASP8 -- OTUD7B -- BAD -- BCL2L1 -- CASP7 -- SMPD1 -- CASP1 -- PEA15 -- PRNP -- TP63
9,FADD -- IL1B -- MAPK8 -- CHUK -- NFKB1 -- MAPK3 -- PAK2 -- RB1 -- JUN -- TNF -- AKT1 -- TNFRSF1A -- TNFAIP3 -- TP53 -- TGFB1 -- TRADD -- RIPK1 -- EIF2AK2 -- BIRC3 -- TRAF2 -- TRAF1 -- MAP3K1 -- ZFP36 -- AR -- IKBKB -- STAT1 -- PPM1A -- FGF14 -- SHC1 -- IFNB1 -- IRF1 -- HIP1 -- OTUD7B -- XIAP -- BAD -- BCL2L1 -- PEA15 -- NFE2L2 -- HIF1A -- RPS6KA1
10,FADD -- MYD88 -- MAPK14 -- BCL2 -- MAPK1 -- MAPK3 -- E2F1 -- JUN -- TNF -- IL23A -- AKT1 -- TNFRSF1A -- TGFB1 -- TRADD -- RIPK1 -- CASP2 -- MAP4K4 -- TRAF1 -- MAP3K1 -- ZFP36 -- AR -- ATM -- IL4 -- CSF2 -- HSPB1 -- IKBKB -- CDKN2A -- RIPK2 -- SMURF2 -- PRKCE -- FASLG -- SOCS3 -- NGF -- FGF14 -- SHC1 -- DAB2IP -- IFNB1 -- PIAS2 -- IRF1 -- HIP1 -- OTUD7B -- BAD -- BCL2L1 -- SMPD1 -- CASP1 -- MTOR -- FAF1 -- BID -- RPS6KA1 -- UBE2D3
11,FADD -- IL1B -- MYD88 -- MAPK8 -- NFKB1 -- MAPK3 -- RELA -- JUN -- MYC -- TNF -- IL23A -- TNFRSF1A -- TNFAIP3 -- SP1 -- VEGFA -- TP53 -- TRADD -- RIPK1 -- EIF2AK2 -- CYLD -- TRAF1 -- ATM -- CFLAR -- IL4 -- IKBKB -- CDKN2A -- FBXO31 -- CCND1 -- MAP2K7 -- RIPK2 -- PPM1A -- FASLG -- SOCS3 -- NGF -- FGF14 -- TNFRSF10B -- KRT18 -- TNFRSF14 -- DAB2IP -- IFNB1 -- PIAS2 -- IRF1 -- HIP1 -- XIAP -- SMPD1 -- MTOR -- PEA15 -- PRNP -- BID -- BAX -- IL16 -- HIF1A
12,IL1B -- MYD88 -- IL2 -- MAPK14 -- NFATC2 -- NFKB1 -- MAPK1 -- MAPK3 -- E2F1 -- RELA -- PAK2 -- TNF -- VEGFA -- ADAM17 -- TP53 -- TGFB1 -- RIPK1 -- IRAK1 -- MAP4K4 -- TRAF1 -- MAP3K1 -- TERT -- MAP2K7 -- RIPK2 -- FASLG -- NGF -- FGF14 -- FGF7 -- TNFRSF10B -- SQSTM1 -- DAB2IP -- IRF1 -- HIP1 -- XIAP -- BCL2L1 -- ERBB2 -- PRNP -- BID -- CYCS -- NFE2L2 -- IL16 -- TP63 -- UBE2D3
13,FADD -- IL2 -- CASP3 -- MAPK8 -- NFATC2 -- CHUK -- MAPK3 -- RB1 -- JUN -- MYC -- AKT1 -- TNFRSF1A -- TNFAIP3 -- TP53 -- TRADD -- CASP2 -- BIRC3 -- IRAK1 -- TRAF2 -- CYLD -- ZFP36 -- BIRC2 -- ATM -- IL4 -- CSF2 -- TERT -- STAT1 -- FBXO31 -- CCND1 -- MAP2K7 -- RIPK2 -- SMURF2 -- PRKCE -- NGF -- MAP3K14 -- TNFRSF10B -- DAB2IP -- IFNB1 -- IRF1 -- HIP1 -- CASP8 -- OTUD7B -- XIAP -- BAD -- BCL2L1 -- CASP7 -- CASP1 -- ERBB2 -- MTOR -- PEA15 -- BAX -- CYCS -- IL16 -- RPS6KA1 -- UBE2D3
14,FADD -- IL1B -- MYD88 -- MAPK8 -- MAPK14 -- NFATC2 -- PAK2 -- MYC -- IL23A -- AKT1 -- RXRB -- TNFRSF1A -- TNFAIP3 -- SP1 -- VEGFA -- TGFB1 -- TRADD -- RIPK1 -- BIRC3 -- TRAF2 -- ZFP36 -- ATM -- IL4 -- CSF2 -- HSPB1 -- IKBKB -- TERT -- CDKN2A -- FBXO31 -- CCND1 -- MAP2K7 -- RIPK2 -- PPM1A -- PRKCE -- FASLG -- SOCS3 -- FGF7 -- SHC1 -- TNFRSF10B -- KRT18 -- IFNB1 -- PIAS2 -- IRF1 -- RPAIN -- CASP8 -- BAD -- BCL2L1 -- CASP7 -- SMPD1 -- ERBB2 -- PRNP -- BID -- BAX -- CYCS -- NFE2L2 -- IL16 -- HIF1A -- RPS6KA1
15,FADD -- CASP3 -- MAPK8 -- MAPK14 -- NFATC2 -- BCL2 -- E2F1 -- RELA -- RB1 -- AKT1 -- TNFRSF1A -- VEGFA -- ADAM17 -- TP53 -- TGFB1 -- TRADD -- RIPK1 -- EIF2AK2 -- CASP2 -- BIRC3 -- TRAF2 -- ZFP36 -- ATM -- IL4 -- CSF2 -- HSPB1 -- CCND1 -- RIPK2 -- FASLG -- SOCS3 -- NGF -- FGF7 -- TNFRSF10B -- TNFRSF14 -- SQSTM1 -- PIAS2 -- RPAIN -- HIP1 -- OTUD7B -- BCL2L1 -- CASP7 -- CASP1 -- MTOR -- PEA15 -- FAF1 -- PRNP -- BID -- CYCS -- HIF1A -- RPS6KA1 -- UBE2D3
16,IL1B -- MYD88 -- CASP3 -- MAPK14 -- BCL2 -- CHUK -- MAPK1 -- E2F1 -- JUN -- MYC -- NFKBIA -- AKT1 -- TRADD -- RIPK1 -- BIRC3 -- IRAK1 -- TRAF2 -- TRAF1 -- ZFP36 -- BIRC2 -- CFLAR -- IL4 -- STAT1 -- CDKN2A -- CCND1 -- RIPK2 -- PPM1A -- SMURF2 -- RHOA -- FGF14 -- MAP3K14 -- FGF7 -- SHC1 -- TNFRSF10B -- TNFRSF14 -- SQSTM1 -- DAB2IP -- IFNB1 -- IRF1 -- CASP8 -- XIAP -- BCL2L1 -- CASP1 -- MTOR -- FAF1 -- BID -- CYCS -- HIF1A -- TP63 -- UBE2D3
17,CASP3 -- MAPK8 -- CHUK -- MAPK1 -- MAPK3 -- RELA -- PAK2 -- NFKBIA -- AKT1 -- RXRB -- TNFAIP3 -- SP1 -- TP53 -- TRADD -- EIF2AK2 -- CASP2 -- MAP4K4 -- TNFRSF1B -- MAP3K1 -- AR -- ATM -- CFLAR -- IKBKB -- TERT -- CDKN2A -- FBXO31 -- CCND1 -- PPM1A -- FASLG -- MAP3K14 -- FGF7 -- SHC1 -- TNFRSF10B -- KRT18 -- TNFRSF14 -- PIAS2 -- RPAIN -- CASP8 -- OTUD7B -- XIAP -- BAD -- CASP7 -- CASP1 -- MTOR -- PEA15 -- FAF1 -- BID -- CYCS -- IL16
18,FADD -- MYD88 -- NFATC2 -- CHUK -- E2F1 -- PAK2 -- RB1 -- NFKBIA -- TNF -- TNFRSF1A -- VEGFA -- TP53 -- TGFB1 -- RIPK1 -- CASP2 -- BIRC3 -- IRAK1 -- MAP4K4 -- CYLD -- TRAF1 -- ZFP36 -- AR -- ATM -- IL4 -- STAT1 -- CCND1 -- RIPK2 -- SMURF2 -- FASLG -- SOCS3 -- FGF14 -- MAP3K14 -- TNFRSF14 -- DAB2IP -- PIAS2 -- IRF1 -- RPAIN -- ERBB2 -- PEA15 -- BID -- BAX -- CYCS -- NFE2L2 -- IL16 -- UBE2D3
19,FADD -- MAPK14 -- NFATC2 -- BCL2 -- CHUK -- MAPK1 -- PAK2 -- MYC -- NFKBIA -- TNF -- TNFRSF1A -- SP1 -- TP53 -- TGFB1 -- RIPK1 -- EIF2AK2 -- BIRC3 -- TRAF2 -- CYLD -- MAP3K1 -- AR -- ATM -- TERT -- STAT1 -- SMURF2 -- PRKCE -- FASLG -- RHOA -- MAP3K14 -- TNFRSF10B -- DAB2IP -- IFNB1 -- PIAS2 -- IRF1 -- RPAIN -- HIP1 -- XIAP -- BAD -- BCL2L1 -- ERBB2 -- MTOR -- PEA15 -- PRNP -- BID -- BAX -- IL16 -- HIF1A -- TP63 -- RPS6KA1
20,MYD88 -- IL2 -- CASP3 -- MAPK14 -- NFATC2 -- BCL2 -- CHUK -- NFKB1 -- MAPK1 -- RB1 -- JUN -- IL23A -- RXRB -- TNFAIP3 -- SP1 -- VEGFA -- ADAM17 -- TP53 -- TGFB1 -- TRADD -- EIF2AK2 -- BIRC3 -- MAP3K1 -- ZFP36 -- AR -- ATM -- TERT -- CDKN2A -- CCND1 -- MAP2K7 -- RIPK2 -- PPM1A -- SMURF2 -- PRKCE -- FGF14 -- MAP3K14 -- FGF7 -- TNFRSF10B -- DAB2IP -- IFNB1 -- PIAS2 -- HIP1 -- SMPD1 -- CASP1 -- PEA15 -- FAF1 -- PRNP -- BID -- BAX -- CYCS -- NFE2L2 -- TP63 -- RPS6KA1
21,FADD -- IL2 -- CASP3 -- MAPK14 -- NFATC2 -- CHUK -- NFKB1 -- MAPK3 -- E2F1 -- RELA -- PAK2 -- RB1 -- IL23A -- AKT1 -- TNFRSF1A -- SP1 -- VEGFA -- TGFB1 -- RIPK1 -- EIF2AK2 -- CASP2 -- BIRC3 -- CYLD -- MAP3K1 -- ZFP36 -- BIRC2 -- CFLAR -- IKBKB -- CCND1 -- RIPK2 -- PPM1A -- SMURF2 -- RHOA -- NGF -- FGF14 -- MAP3K14 -- FGF7 -- SHC1 -- TNFRSF14 -- SQSTM1 -- DAB2IP -- IFNB1 -- PIAS2 -- RPAIN -- CASP8 -- OTUD7B -- XIAP -- BAD -- SMPD1 -- CASP1 -- ERBB2 -- PEA15 -- FAF1 -- BID -- NFE2L2 -- IL16 -- HIF1A -- TP63 -- UBE2D3
22,FADD -- CASP3 -- MAPK8 -- MAPK14 -- NFATC2 -- NFKB1 -- MAPK1 -- MAPK3 -- RELA -- RB1 -- NFKBIA -- AKT1 -- RXRB -- TNFRSF1A -- TNFAIP3 -- VEGFA -- TP53 -- RIPK1 -- IRAK1 -- TNFRSF1B -- CYLD -- TRAF1 -- MAP3K1 -- ZFP36 -- AR -- BIRC2 -- IKBKB -- TERT -- FBXO31 -- RIPK2 -- PPM1A -- FASLG -- NGF -- FGF14 -- MAP3K14 -- FGF7 -- KRT18 -- SQSTM1 -- PIAS2 -- CASP8 -- BAD -- ERBB2 -- PEA15 -- PRNP -- IL16 -- TP63 -- RPS6KA1
23,FADD -- IL2 -- NFATC2 -- BCL2 -- MAPK3 -- E2F1 -- PAK2 -- RB1 -- MYC -- TNF -- IL23A -- AKT1 -- TNFRSF1A -- TNFAIP3 -- SP1 -- VEGFA -- ADAM17 -- TP53 -- TGFB1 -- RIPK1 -- EIF2AK2 -- BIRC3 -- TNFRSF1B -- TRAF2 -- TRAF1 -- MAP3K1 -- ZFP36 -- CFLAR -- IL4 -- CSF2 -- HSPB1 -- IKBKB -- CDKN2A -- FBXO31 -- CCND1 -- PPM1A -- SMURF2 -- FASLG -- RHOA -- NGF -- MAP3K14 -- KRT18 -- SQSTM1 -- PIAS2 -- XIAP -- BCL2L1 -- SMPD1 -- CASP1 -- ERBB2 -- NFE2L2 -- IL16
24,MYD88 -- CASP3 -- MAPK8 -- MAPK14 -- E2F1 -- PAK2 -- RB1 -- MYC -- NFKBIA -- IL23A -- AKT1 -- TNFRSF1A -- ADAM17 -- TP53 -- TGFB1 -- EIF2AK2 -- CASP2 -- IRAK1 -- MAP4K4 -- TNFRSF1B -- MAP3K1 -- AR -- BIRC2 -- ATM -- HSPB1 -- STAT1 -- CCND1 -- MAP2K7 -- RIPK2 -- PPM1A -- FASLG -- RHOA -- FGF14 -- MAP3K14 -- FGF7 -- KRT18 -- DAB2IP -- IFNB1 -- PIAS2 -- RPAIN -- CASP8 -- OTUD7B -- ERBB2 -- MTOR -- PEA15 -- FAF1 -- BID -- BAX -- NFE2L2 -- UBE2D3
25,IL2 -- CASP3 -- MAPK14 -- NFATC2 -- BCL2 -- CHUK -- NFKB1 -- MAPK3 -- NFKBIA -- TNF -- IL23A -- RXRB -- TNFAIP3 -- SP1 -- VEGFA -- TP53 -- TGFB1 -- EIF2AK2 -- BIRC3 -- IRAK1 -- TNFRSF1B -- MAP3K1 -- AR -- BIRC2 -- IL4 -- HSPB1 -- IKBKB -- CCND1 -- PPM1A -- PRKCE -- FASLG -- RHOA -- SOCS3 -- MAP3K14 -- KRT18 -- SQSTM1 -- PIAS2 -- HIP1 -- CASP8 -- OTUD7B -- XIAP -- SMPD1 -- FAF1 -- PRNP -- BID -- NFE2L2 -- IL16 -- HIF1A
26,FADD -- IL1B -- MYD88 -- CASP3 -- CHUK -- NFKB1 -- MAPK3 -- NFKBIA -- TNF -- IL23A -- TNFRSF1A -- TNFAIP3 -- TP53 -- TGFB1 -- TRADD -- RIPK1 -- EIF2AK2 -- BIRC3 -- MAP4K4 -- CYLD -- BIRC2 -- CFLAR -- TERT -- STAT1 -- CDKN2A -- FBXO31 -- MAP2K7 -- RIPK2 -- PPM1A -- SMURF2 -- FASLG -- NGF -- FGF14 -- FGF7 -- SHC1 -- TNFRSF10B -- KRT18 -- SQSTM1 -- DAB2IP -- PIAS2 -- IRF1 -- RPAIN -- HIP1 -- CASP8 -- SMPD1 -- CASP1 -- MTOR -- PEA15 -- FAF1 -- BAX -- NFE2L2 -- IL16 -- UBE2D3
27,FADD -- IL2 -- MAPK8 -- BCL2 -- MAPK3 -- E2F1 -- RELA -- PAK2 -- RB1 -- JUN -- NFKBIA -- TNF -- TNFRSF1A -- SP1 -- TP53 -- RIPK1 -- EIF2AK2 -- CASP2 -- BIRC3 -- IRAK1 -- MAP4K4 -- TNFRSF1B -- TRAF2 -- TRAF1 -- MAP3K1 -- AR -- BIRC2 -- CFLAR -- IKBKB -- TERT -- STAT1 -- CDKN2A -- FBXO31 -- CCND1 -- RIPK2 -- PPM1A -- PRKCE -- FASLG -- RHOA -- FGF14 -- FGF7 -- TNFRSF10B -- TNFRSF14 -- DAB2IP -- PIAS2 -- IRF1 -- RPAIN -- CASP8 -- OTUD7B -- XIAP -- BAD -- CASP7 -- SMPD1 -- PEA15 -- PRNP -- NFE2L2 -- UBE2D3
28,FADD -- IL2 -- MAPK8 -- MAPK14 -- NFATC2 -- BCL2 -- MAPK1 -- MAPK3 -- RELA -- MYC -- IL23A -- AKT1 -- TNFAIP3 -- SP1 -- VEGFA -- TP53 -- TRADD -- RIPK1 -- CASP2 -- MAP4K4 -- TRAF2 -- CYLD -- MAP3K1 -- AR -- ATM -- CFLAR -- CSF2 -- IKBKB -- STAT1 -- CDKN2A -- FBXO31 -- CCND1 -- SMURF2 -- FASLG -- RHOA -- SOCS3 -- NGF -- FGF14 -- FGF7 -- SHC1 -- TNFRSF10B -- KRT18 -- IRF1 -- HIP1 -- OTUD7B -- XIAP -- CASP7 -- SMPD1 -- BID -- BAX -- IL16 -- HIF1A -- TP63 -- RPS6KA1 -- UBE2D3
29,MYD88 -- IL2 -- CASP3 -- CHUK -- TNF -- IL23A -- AKT1 -- TNFRSF1A -- TP53 -- TGFB1 -- TRADD -- RIPK1 -- EIF2AK2 -- BIRC3 -- IRAK1 -- MAP4K4 -- TNFRSF1B -- MAP3K1 -- AR -- ATM -- CFLAR -- IL4 -- HSPB1 -- IKBKB -- CDKN2A -- RIPK2 -- PPM1A -- SMURF2 -- FASLG -- RHOA -- SOCS3 -- FGF14 -- MAP3K14 -- SHC1 -- TNFRSF10B -- KRT18 -- TNFRSF14 -- SQSTM1 -- DAB2IP -- IFNB1 -- PIAS2 -- IRF1 -- RPAIN -- HIP1 -- CASP7 -- MTOR -- BID -- CYCS -- IL16 -- HIF1A -- TP63 -- RPS6KA1 -- UBE2D3
30,IL2 -- CASP3 -- MAPK14 -- BCL2 -- CHUK -- MAPK1 -- E2F1 -- RELA -- PAK2 -- JUN -- NFKBIA -- AKT1 -- TNFRSF1A -- TNFAIP3 -- ADAM17 -- TGFB1 -- RIPK1 -- EIF2AK2 -- TNFRSF1B -- TRAF1 -- ATM -- CFLAR -- IL4 -- CSF2 -- HSPB1 -- CDKN2A -- MAP2K7 -- PPM1A -- SMURF2 -- RHOA -- FGF14 -- MAP3K14 -- SHC1 -- KRT18 -- SQSTM1 -- IRF1 -- CASP8 -- XIAP -- BAD -- BCL2L1 -- CASP7 -- SMPD1 -- BID -- BAX -- IL16 -- HIF1A -- UBE2D3
31,IL1B -- MYD88 -- CASP3 -- MAPK8 -- MAPK14 -- CHUK -- MAPK1 -- MAPK3 -- E2F1 -- RELA -- MYC -- NFKBIA -- TNF -- AKT1 -- TNFRSF1A -- SP1 -- VEGFA -- TP53 -- RIPK1 -- EIF2AK2 -- CASP2 -- BIRC3 -- MAP4K4 -- TNFRSF1B -- CYLD -- TRAF1 -- ATM -- IL4 -- CSF2 -- TERT -- CDKN2A -- FBXO31 -- CCND1 -- MAP2K7 -- RIPK2 -- PPM1A -- RHOA -- SOCS3 -- FGF7 -- SHC1 -- TNFRSF10B -- TNFRSF14 -- IFNB1 -- PIAS2 -- RPAIN -- OTUD7B -- SMPD1 -- ERBB2 -- MTOR -- PEA15 -- PRNP -- BAX -- IL16 -- HIF1A -- RPS6KA1 -- UBE2D3
32,FADD -- IL1B -- MYD88 -- CASP3 -- MAPK8 -- MAPK14 -- NFATC2 -- BCL2 -- CHUK -- NFKB1 -- MAPK3 -- E2F1 -- JUN -- NFKBIA -- TNF -- TNFRSF1A -- TNFAIP3 -- ADAM17 -- TRADD -- CASP2 -- IRAK1 -- MAP4K4 -- TRAF2 -- CYLD -- ZFP36 -- BIRC2 -- IL4 -- STAT1 -- CDKN2A -- FBXO31 -- CCND1 -- MAP2K7 -- RIPK2 -- RHOA -- NGF -- FGF14 -- FGF7 -- SHC1 -- TNFRSF10B -- TNFRSF14 -- IFNB1 -- PIAS2 -- IRF1 -- RPAIN -- CASP8 -- XIAP -- CASP1 -- FAF1 -- BID -- BAX -- NFE2L2 -- IL16 -- UBE2D3
33,FADD -- MYD88 -- IL2 -- CASP3 -- MAPK8 -- MAPK14 -- NFATC2 -- BCL2 -- CHUK -- MAPK3 -- RB1 -- JUN -- MYC -- TNF -- IL23A -- AKT1 -- TNFRSF1A -- VEGFA -- ADAM17 -- TP53 -- TGFB1 -- TRADD -- EIF2AK2 -- CASP2 -- BIRC3 -- IRAK1 -- MAP4K4 -- TNFRSF1B -- MAP3K1 -- ZFP36 -- ATM -- CFLAR -- IL4 -- CSF2 -- HSPB1 -- IKBKB -- TERT -- STAT1 -- CDKN2A -- FBXO31 -- RIPK2 -- PPM1A -- SMURF2 -- PRKCE -- FASLG -- RHOA -- NGF -- FGF14 -- FGF7 -- SHC1 -- TNFRSF10B -- SQSTM1 -- DAB2IP -- PIAS2 -- IRF1 -- RPAIN -- CASP8 -- XIAP -- BAD -- BCL2L1 -- SMPD1 -- CASP1 -- MTOR -- PEA15 -- PRNP -- BAX -- CYCS -- TP63
34,FADD -- MYD88 -- IL2 -- MAPK8 -- NFATC2 -- BCL2 -- CHUK -- NFKB1 -- E2F1 -- RELA -- PAK2 -- RB1 -- JUN -- NFKBIA -- IL23A -- AKT1 -- SP1 -- VEGFA -- TP53 -- TGFB1 -- TRADD -- EIF2AK2 -- CASP2 -- BIRC3 -- MAP4K4 -- TNFRSF1B -- TRAF1 -- ZFP36 -- AR -- IL4 -- CSF2 -- HSPB1 -- TERT -- STAT1 -- CCND1 -- MAP2K7 -- PPM1A -- SMURF2 -- SOCS3 -- FGF7 -- SHC1 -- TNFRSF10B -- SQSTM1 -- DAB2IP -- IFNB1 -- XIAP -- BCL2L1 -- CASP7 -- MTOR -- BAX -- CYCS -- HIF1A -- UBE2D3
35,FADD -- CASP3 -- MAPK8 -- BCL2 -- NFKB1 -- MAPK1 -- E2F1 -- RELA -- RB1 -- AKT1 -- TNFAIP3 -- SP1 -- VEGFA -- RIPK1 -- MAP4K4 -- TNFRSF1B -- CYLD -- TRAF1 -- MAP3K1 -- ZFP36 -- AR -- BIRC2 -- ATM -- IL4 -- HSPB1 -- IKBKB -- TERT -- FBXO31 -- CCND1 -- MAP2K7 -- RIPK2 -- SMURF2 -- RHOA -- FGF14 -- MAP3K14 -- FGF7 -- SHC1 -- TNFRSF10B -- KRT18 -- TNFRSF14 -- SQSTM1 -- DAB2IP -- IFNB1 -- PIAS2 -- IRF1 -- RPAIN -- OTUD7B -- XIAP -- BAD -- BCL2L1 -- CASP1 -- ERBB2 -- MTOR -- PRNP -- BAX -- CYCS -- NFE2L2 -- IL16 -- TP63 -- RPS6KA1
36,FADD -- MAPK8 -- NFATC2 -- NFKB1 -- MAPK3 -- E2F1 -- RELA -- RB1 -- JUN -- MYC -- NFKBIA -- RXRB -- VEGFA -- ADAM17 -- TP53 -- TGFB1 -- TRADD -- CASP2 -- IRAK1 -- TNFRSF1B -- AR -- BIRC2 -- ATM -- CFLAR -- IL4 -- TERT -- STAT1 -- CDKN2A -- CCND1 -- NGF -- FGF14 -- TNFRSF10B -- SQSTM1 -- PIAS2 -- IRF1 -- RPAIN -- CASP8 -- OTUD7B -- XIAP -- BCL2L1 -- SMPD1 -- CASP1 -- PEA15 -- PRNP -- BID -- CYCS -- RPS6KA1 -- UBE2D3
37,IL1B -- IL2 -- CASP3 -- BCL2 -- CHUK -- MAPK1 -- E2F1 -- RB1 -- JUN -- NFKBIA -- TNF -- AKT1 -- TNFAIP3 -- SP1 -- ADAM17 -- TP53 -- RIPK1 -- CASP2 -- BIRC3 -- MAP4K4 -- TNFRSF1B -- TRAF2 -- TRAF1 -- MAP3K1 -- AR -- BIRC2 -- IL4 -- CSF2 -- IKBKB -- STAT1 -- CDKN2A -- MAP2K7 -- RIPK2 -- PPM1A -- SMURF2 -- PRKCE -- SOCS3 -- NGF -- FGF7 -- SHC1 -- KRT18 -- SQSTM1 -- DAB2IP -- IFNB1 -- IRF1 -- RPAIN -- CASP8 -- OTUD7B -- XIAP -- BCL2L1 -- CASP7 -- SMPD1 -- ERBB2 -- PEA15 -- PRNP -- CYCS -- HIF1A -- TP63 -- UBE2D3
38,IL2 -- CASP3 -- NFATC2 -- CHUK -- MAPK1 -- MAPK3 -- E2F1 -- RELA -- PAK2 -- NFKBIA -- TNF -- AKT1 -- RXRB -- VEGFA -- ADAM17 -- RIPK1 -- CASP2 -- IRAK1 -- MAP4K4 -- TRAF1 -- MAP3K1 -- AR -- ATM -- CFLAR -- CSF2 -- HSPB1 -- CDKN2A -- FBXO31 -- FASLG -- RHOA -- FGF14 -- MAP3K14 -- FGF7 -- SHC1 -- KRT18 -- PIAS2 -- IRF1 -- RPAIN -- HIP1 -- CASP8 -- BCL2L1 -- CASP7 -- MTOR -- PRNP -- BID -- BAX -- IL16 -- HIF1A -- RPS6KA1 -- UBE2D3
39,FADD -- MYD88 -- MAPK8 -- NFATC2 -- NFKB1 -- MAPK1 -- MAPK3 -- E2F1 -- RELA -- PAK2 -- AKT1 -- RXRB -- TNFRSF1A -- VEGFA -- ADAM17 -- TP53 -- TGFB1 -- RIPK1 -- BIRC3 -- MAP4K4 -- TNFRSF1B -- TRAF2 -- CYLD -- ZFP36 -- AR -- BIRC2 -- ATM -- CFLAR -- IKBKB -- TERT -- FBXO31 -- MAP2K7 -- RIPK2 -- PPM1A -- FASLG -- FGF14 -- PIAS2 -- IRF1 -- RPAIN -- CASP8 -- XIAP -- CASP1 -- MTOR -- PEA15 -- NFE2L2 -- IL16 -- TP63
40,FADD -- IL1B -- IL2 -- MAPK8 -- MAPK14 -- MAPK3 -- E2F1 -- RELA -- PAK2 -- RB1 -- JUN -- TNF -- TNFRSF1A -- SP1 -- ADAM17 -- TP53 -- TGFB1 -- TRADD -- BIRC3 -- IRAK1 -- TNFRSF1B -- TRAF2 -- MAP3K1 -- BIRC2 -- CSF2 -- HSPB1 -- IKBKB -- TERT -- STAT1 -- CDKN2A -- FBXO31 -- MAP2K7 -- SMURF2 -- FASLG -- FGF14 -- MAP3K14 -- SHC1 -- IFNB1 -- PIAS2 -- CASP7 -- SMPD1 -- CASP1 -- ERBB2 -- MTOR -- PEA15 -- BAX -- CYCS -- IL16 -- HIF1A
41,MYD88 -- IL2 -- CASP3 -- MAPK8 -- BCL2 -- CHUK -- NFKB1 -- MAPK1 -- MAPK3 -- RB1 -- JUN -- MYC -- NFKBIA -- AKT1 -- RXRB -- TNFRSF1A -- TNFAIP3 -- TGFB1 -- RIPK1 -- CASP2 -- MAP3K1 -- ZFP36 -- ATM -- HSPB1 -- IKBKB -- TERT -- FBXO31 -- CCND1 -- MAP2K7 -- SMURF2 -- FASLG -- MAP3K14 -- KRT18 -- TNFRSF14 -- SQSTM1 -- DAB2IP -- PIAS2 -- IRF1 -- OTUD7B -- XIAP -- BAD -- BCL2L1 -- SMPD1 -- CASP1 -- ERBB2 -- MTOR -- PEA15 -- BAX -- CYCS -- NFE2L2 -- UBE2D3
42,FADD -- CASP3 -- MAPK8 -- NFKB1 -- MAPK1 -- E2F1 -- RELA -- PAK2 -- MYC -- TNF -- IL23A -- AKT1 -- RXRB -- TNFRSF1A -- TNFAIP3 -- SP1 -- ADAM17 -- TRADD -- RIPK1 -- EIF2AK2 -- MAP4K4 -- TNFRSF1B -- MAP3K1 -- CFLAR -- IL4 -- CSF2 -- TERT -- STAT1 -- CDKN2A -- MAP2K7 -- RIPK2 -- SMURF2 -- PRKCE -- SOCS3 -- NGF -- MAP3K14 -- FGF7 -- SHC1 -- TNFRSF10B -- SQSTM1 -- DAB2IP -- PIAS2 -- CASP8 -- OTUD7B -- XIAP -- BAD -- CASP1 -- BAX -- CYCS -- IL16 -- HIF1A -- TP63
43,FADD -- IL1B -- MYD88 -- IL2 -- MAPK14 -- NFATC2 -- BCL2 -- CHUK -- MAPK1 -- MYC -- TNFRSF1A -- TNFAIP3 -- VEGFA -- ADAM17 -- TP53 -- TGFB1 -- TRADD -- IRAK1 -- TRAF2 -- CYLD -- TRAF1 -- AR -- BIRC2 -- CSF2 -- IKBKB -- TERT -- STAT1 -- FBXO31 -- CCND1 -- MAP2K7 -- SMURF2 -- RHOA -- SOCS3 -- SHC1 -- DAB2IP -- IFNB1 -- RPAIN -- HIP1 -- OTUD7B -- XIAP -- BAD -- BCL2L1 -- CASP7 -- CASP1 -- ERBB2 -- FAF1 -- PRNP -- CYCS -- NFE2L2 -- IL16 -- UBE2D3
44,IL1B -- MAPK8 -- MAPK14 -- NFATC2 -- CHUK -- NFKB1 -- E2F1 -- RB1 -- NFKBIA -- TNF -- AKT1 -- ADAM17 -- RIPK1 -- EIF2AK2 -- TNFRSF1B -- CYLD -- TRAF1 -- MAP3K1 -- ZFP36 -- BIRC2 -- CFLAR -- IL4 -- CSF2 -- TERT -- CCND1 -- PPM1A -- SMURF2 -- SOCS3 -- NGF -- FGF14 -- TNFRSF14 -- DAB2IP -- IFNB1 -- OTUD7B -- BCL2L1 -- CASP7 -- SMPD1 -- CASP1 -- ERBB2 -- PEA15 -- BID -- BAX -- CYCS -- NFE2L2 -- HIF1A -- UBE2D3
45,MYD88 -- MAPK8 -- MAPK14 -- NFKB1 -- E2F1 -- RELA -- PAK2 -- JUN -- AKT1 -- RXRB -- SP1 -- TP53 -- RIPK1 -- BIRC3 -- MAP4K4 -- TNFRSF1B -- TRAF2 -- TRAF1 -- AR -- BIRC2 -- HSPB1 -- TERT -- CDKN2A -- FBXO31 -- RIPK2 -- SMURF2 -- PRKCE -- RHOA -- NGF -- FGF14 -- SQSTM1 -- DAB2IP -- IFNB1 -- PIAS2 -- RPAIN -- HIP1 -- BAD -- BCL2L1 -- MTOR -- PEA15 -- FAF1 -- BID -- BAX -- CYCS -- NFE2L2 -- HIF1A -- TP63 -- UBE2D3
46,FADD -- IL1B -- MYD88 -- MAPK8 -- CHUK -- MAPK1 -- RELA -- PAK2 -- JUN -- MYC -- NFKBIA -- IL23A -- AKT1 -- TNFRSF1A -- TNFAIP3 -- TP53 -- TGFB1 -- EIF2AK2 -- TRAF2 -- CYLD -- CFLAR -- IKBKB -- TERT -- STAT1 -- PPM1A -- SMURF2 -- NGF -- MAP3K14 -- FGF7 -- SHC1 -- TNFRSF10B -- KRT18 -- SQSTM1 -- DAB2IP -- IFNB1 -- IRF1 -- OTUD7B -- BCL2L1 -- CASP7 -- ERBB2 -- PEA15 -- FAF1 -- PRNP -- BID -- NFE2L2 -- RPS6KA1
47,IL2 -- MAPK14 -- NFATC2 -- BCL2 -- MAPK3 -- E2F1 -- RELA -- JUN -- NFKBIA -- IL23A -- TNFRSF1A -- TGFB1 -- MAP4K4 -- TRAF2 -- BIRC2 -- ATM -- CFLAR -- IL4 -- CSF2 -- HSPB1 -- STAT1 -- CDKN2A -- FBXO31 -- CCND1 -- RIPK2 -- NGF -- FGF14 -- FGF7 -- TNFRSF14 -- SQSTM1 -- PIAS2 -- RPAIN -- SMPD1 -- CASP1 -- ERBB2 -- MTOR -- PEA15 -- CYCS -- NFE2L2 -- HIF1A -- TP63 -- RPS6KA1
48,FADD -- CASP3 -- MAPK14 -- NFKB1 -- MAPK1 -- MAPK3 -- E2F1 -- RELA -- NFKBIA -- IL23A -- AKT1 -- ADAM17 -- TP53 -- TRADD -- CASP2 -- BIRC3 -- IRAK1 -- TNFRSF1B -- CYLD -- TRAF1 -- ZFP36 -- IL4 -- CSF2 -- IKBKB -- TERT -- STAT1 -- CDKN2A -- FBXO31 -- MAP2K7 -- PPM1A -- SOCS3 -- FGF14 -- FGF7 -- TNFRSF10B -- KRT18 -- SQSTM1 -- DAB2IP -- IFNB1 -- PIAS2 -- IRF1 -- RPAIN -- XIAP -- CASP7 -- CASP1 -- ERBB2 -- PEA15 -- CYCS -- NFE2L2 -- HIF1A -- TP63
49,FADD -- IL1B -- MYD88 -- MAPK8 -- MAPK14 -- NFATC2 -- CHUK -- NFKB1 -- MAPK1 -- MAPK3 -- E2F1 -- RELA -- PAK2 -- RB1 -- NFKBIA -- AKT1 -- TNFRSF1A -- TNFAIP3 -- VEGFA -- TP53 -- TGFB1 -- TRADD -- EIF2AK2 -- IRAK1 -- MAP4K4 -- TNFRSF1B -- TRAF2 -- CFLAR -- CSF2 -- TERT -- STAT1 -- CCND1 -- MAP2K7 -- RIPK2 -- PPM1A -- RHOA -- SOCS3 -- MAP3K14 -- FGF7 -- TNFRSF10B -- KRT18 -- PIAS2 -- RPAIN -- XIAP -- BAD -- BCL2L1 -- CASP7 -- SMPD1 -- CASP1 -- MTOR -- PEA15 -- FAF1 -- BID -- BAX -- CYCS -- RPS6KA1 -- UBE2D3
50,IL1B -- MAPK8 -- NFATC2 -- CHUK -- NFKB1 -- MAPK3 -- E2F1 -- RELA -- RB1 -- IL23A -- AKT1 -- RXRB -- TNFRSF1A -- TNFAIP3 -- SP1 -- ADAM17 -- TGFB1 -- TRADD -- RIPK1 -- EIF2AK2 -- BIRC3 -- TRAF2 -- CYLD -- TRAF1 -- AR -- ATM -- CFLAR -- HSPB1 -- TERT -- CDKN2A -- FBXO31 -- RIPK2 -- PPM1A -- PRKCE -- FASLG -- SOCS3 -- NGF -- FGF14 -- TNFRSF14 -- SQSTM1 -- DAB2IP -- IFNB1 -- RPAIN -- XIAP -- SMPD1 -- CASP1 -- MTOR -- FAF1 -- BID -- IL16 -- HIF1A
51,FADD -- IL1B -- IL2 -- CASP3 -- CHUK -- NFKB1 -- MAPK1 -- MAPK3 -- E2F1 -- PAK2 -- JUN -- MYC -- TNF -- IL23A -- AKT1 -- TNFRSF1A -- TNFAIP3 -- RIPK1 -- BIRC3 -- MAP4K4 -- TRAF2 -- ZFP36 -- AR -- CFLAR -- IL4 -- HSPB1 -- TERT -- CDKN2A -- RIPK2 -- PRKCE -- SOCS3 -- FGF14 -- MAP3K14 -- SHC1 -- SQSTM1 -- DAB2IP -- PIAS2 -- IRF1 -- OTUD7B -- XIAP -- BAD -- BCL2L1 -- CASP1 -- FAF1 -- BID -- NFE2L2 -- IL16 -- HIF1A -- TP63 -- RPS6KA1 -- UBE2D3
52,FADD -- IL1B -- MYD88 -- CASP3 -- MAPK8 -- MAPK1 -- E2F1 -- RELA -- RB1 -- AKT1 -- RXRB -- SP1 -- ADAM17 -- TP53 -- TRADD -- IRAK1 -- MAP4K4 -- TRAF2 -- CYLD -- ZFP36 -- BIRC2 -- IL4 -- STAT1 -- CDKN2A -- CCND1 -- MAP2K7 -- FASLG -- RHOA -- SOCS3 -- MAP3K14 -- TNFRSF10B -- KRT18 -- TNFRSF14 -- SQSTM1 -- DAB2IP -- RPAIN -- CASP8 -- OTUD7B -- XIAP -- BCL2L1 -- ERBB2 -- MTOR -- FAF1 -- BID -- BAX -- CYCS -- IL16 -- UBE2D3
53,FADD -- IL2 -- MAPK14 -- NFATC2 -- CHUK -- MAPK1 -- MAPK3 -- E2F1 -- JUN -- MYC -- NFKBIA -- TNFRSF1A -- TNFAIP3 -- SP1 -- VEGFA -- RIPK1 -- EIF2AK2 -- IRAK1 -- CYLD -- TRAF1 -- MAP3K1 -- CSF2 -- IKBKB -- TERT -- FBXO31 -- RIPK2 -- RHOA -- SHC1 -- TNFRSF10B -- TNFRSF14 -- PIAS2 -- RPAIN -- CASP8 -- OTUD7B -- XIAP -- BCL2L1 -- CASP7 -- CASP1 -- ERBB2 -- PEA15 -- FAF1 -- PRNP -- BID -- BAX -- CYCS -- NFE2L2 -- IL16 -- HIF1A -- TP63 -- RPS6KA1
54,IL1B -- IL2 -- CASP3 -- MAPK8 -- MAPK14 -- NFATC2 -- BCL2 -- NFKB1 -- E2F1 -- RELA -- PAK2 -- RB1 -- MYC -- IL23A -- AKT1 -- RXRB -- TNFRSF1A -- TP53 -- TGFB1 -- RIPK1 -- EIF2AK2 -- CASP2 -- BIRC3 -- IRAK1 -- MAP3K1 -- AR -- ATM -- CFLAR -- IL4 -- CSF2 -- HSPB1 -- TERT -- STAT1 -- CDKN2A -- RIPK2 -- PPM1A -- PRKCE -- RHOA -- SOCS3 -- NGF -- FGF14 -- MAP3K14 -- SHC1 -- TNFRSF14 -- DAB2IP -- IFNB1 -- PIAS2 -- RPAIN -- CASP8 -- OTUD7B -- XIAP -- SMPD1 -- ERBB2 -- BID -- CYCS -- NFE2L2 -- HIF1A -- RPS6KA1 -- UBE2D3
55,CASP3 -- MAPK14 -- BCL2 -- NFKB1 -- MAPK1 -- MAPK3 -- PAK2 -- RB1 -- JUN -- MYC -- TNFRSF1A -- VEGFA -- ADAM17 -- RIPK1 -- EIF2AK2 -- BIRC3 -- MAP4K4 -- TRAF1 -- MAP3K1 -- ZFP36 -- BIRC2 -- IL4 -- TERT -- SMURF2 -- FASLG -- FGF14 -- SHC1 -- TNFRSF10B -- KRT18 -- TNFRSF14 -- PIAS2 -- IRF1 -- RPAIN -- HIP1 -- CASP8 -- OTUD7B -- XIAP -- BCL2L1 -- SMPD1 -- CASP1 -- PRNP -- BID -- CYCS -- IL16 -- TP63 -- RPS6KA1 -- UBE2D3
56,FADD -- MYD88 -- IL2 -- CASP3 -- MAPK8 -- CHUK -- NFKB1 -- RELA -- RB1 -- JUN -- MYC -- NFKBIA -- TNFAIP3 -- ADAM17 -- TRADD -- EIF2AK2 -- BIRC3 -- IRAK1 -- TRAF2 -- CYLD -- AR -- ATM -- IL4 -- HSPB1 -- STAT1 -- FBXO31 -- PRKCE -- FASLG -- FGF14 -- MAP3K14 -- FGF7 -- SQSTM1 -- IFNB1 -- PIAS2 -- RPAIN -- HIP1 -- XIAP -- BAD -- BCL2L1 -- CASP1 -- ERBB2 -- MTOR -- BID -- IL16 -- HIF1A -- TP63 -- UBE2D3
57,MYD88 -- IL2 -- CASP3 -- MAPK8 -- CHUK -- NFKB1 -- E2F1 -- PAK2 -- NFKBIA -- IL23A -- TNFAIP3 -- SP1 -- TP53 -- TRADD -- RIPK1 -- EIF2AK2 -- CASP2 -- BIRC3 -- IRAK1 -- TNFRSF1B -- TRAF2 -- TRAF1 -- AR -- CFLAR -- IKBKB -- TERT -- FBXO31 -- CCND1 -- MAP2K7 -- RIPK2 -- PPM1A -- SOCS3 -- NGF -- FGF14 -- MAP3K14 -- SHC1 -- TNFRSF14 -- PIAS2 -- IRF1 -- RPAIN -- CASP8 -- OTUD7B -- BCL2L1 -- CASP1 -- ERBB2 -- MTOR -- PEA15 -- FAF1 -- PRNP -- BAX -- CYCS -- HIF1A -- RPS6KA1 -- UBE2D3
58,FADD -- CASP3 -- MAPK8 -- MAPK14 -- NFATC2 -- NFKB1 -- MAPK1 -- E2F1 -- PAK2 -- NFKBIA -- AKT1 -- RXRB -- TNFRSF1A -- TNFAIP3 -- SP1 -- ADAM17 -- TRADD -- RIPK1 -- EIF2AK2 -- CASP2 -- BIRC3 -- IRAK1 -- TNFRSF1B -- TRAF2 -- CYLD -- MAP3K1 -- ZFP36 -- BIRC2 -- ATM -- CFLAR -- IL4 -- IKBKB -- STAT1 -- CDKN2A -- RIPK2 -- PPM1A -- SMURF2 -- PRKCE -- RHOA -- SOCS3 -- NGF -- FGF14 -- KRT18 -- SQSTM1 -- HIP1 -- CASP8 -- BCL2L1 -- SMPD1 -- MTOR -- FAF1 -- BID -- NFE2L2 -- HIF1A
59,FADD -- IL2 -- MAPK14 -- NFATC2 -- CHUK -- NFKB1 -- MAPK1 -- MAPK3 -- RELA -- PAK2 -- MYC -- NFKBIA -- TP53 -- TGFB1 -- RIPK1 -- BIRC3 -- TNFRSF1B -- TRAF2 -- CYLD -- MAP3K1 -- ATM -- IL4 -- CSF2 -- STAT1 -- CCND1 -- MAP2K7 -- SMURF2 -- RHOA -- SOCS3 -- FGF7 -- TNFRSF10B -- KRT18 -- DAB2IP -- PIAS2 -- IRF1 -- HIP1 -- CASP8 -- XIAP -- BCL2L1 -- SMPD1 -- CASP1 -- BAX -- CYCS -- HIF1A -- TP63 -- RPS6KA1
60,MYD88 -- IL2 -- MAPK8 -- MAPK14 -- NFATC2 -- CHUK -- NFKB1 -- MAPK1 -- MAPK3 -- E2F1 -- RELA -- RB1 -- JUN -- NFKBIA -- TNF -- AKT1 -- SP1 -- VEGFA -- TP53 -- TGFB1 -- TRADD -- EIF2AK2 -- CASP2 -- BIRC3 -- TRAF2 -- CYLD -- AR -- ATM -- CFLAR -- IKBKB -- STAT1 -- FBXO31 -- CCND1 -- PRKCE -- FASLG -- RHOA -- NGF -- FGF14 -- FGF7 -- TNFRSF14 -- SQSTM1 -- IFNB1 -- IRF1 -- RPAIN -- CASP8 -- BCL2L1 -- CASP7 -- ERBB2 -- MTOR -- PEA15 -- PRNP -- BAX -- IL16 -- RPS6KA1
61,FADD -- IL1B -- BCL2 -- NFKB1 -- MAPK3 -- RELA -- PAK2 -- RB1 -- MYC -- AKT1 -- SP1 -- TGFB1 -- TRADD -- RIPK1 -- CASP2 -- IRAK1 -- TRAF2 -- TRAF1 -- MAP3K1 -- BIRC2 -- ATM -- CFLAR -- TERT -- CDKN2A -- CCND1 -- RIPK2 -- FASLG -- SOCS3 -- NGF -- MAP3K14 -- FGF7 -- DAB2IP -- IFNB1 -- IRF1 -- HIP1 -- XIAP -- BAD -- CASP7 -- PEA15 -- BID -- BAX -- NFE2L2 -- HIF1A -- TP63 -- RPS6KA1
62,IL1B -- MYD88 -- IL2 -- CASP3 -- MAPK8 -- MAPK14 -- NFATC2 -- CHUK -- NFKB1 -- PAK2 -- JUN -- IL23A -- RXRB -- TNFRSF1A -- TP53 -- CASP2 -- BIRC3 -- TNFRSF1B -- TRAF2 -- CYLD -- TRAF1 -- BIRC2 -- ATM -- CSF2 -- HSPB1 -- STAT1 -- CDKN2A -- PPM1A -- SMURF2 -- PRKCE -- FASLG -- RHOA -- SOCS3 -- NGF -- MAP3K14 -- SHC1 -- TNFRSF10B -- KRT18 -- TNFRSF14 -- DAB2IP -- PIAS2 -- IRF1 -- RPAIN -- HIP1 -- CASP8 -- OTUD7B -- CASP7 -- ERBB2 -- MTOR -- PEA15 -- PRNP -- BID -- NFE2L2 -- HIF1A
63,FADD -- IL1B -- MYD88 -- IL2 -- MAPK8 -- MAPK14 -- BCL2 -- CHUK -- MAPK1 -- E2F1 -- RELA -- NFKBIA -- TNFRSF1A -- SP1 -- ADAM17 -- TRADD -- RIPK1 -- EIF2AK2 -- CASP2 -- BIRC3 -- IRAK1 -- MAP4K4 -- MAP3K1 -- AR -- ATM -- CFLAR -- IL4 -- HSPB1 -- IKBKB -- STAT1 -- FBXO31 -- PPM1A -- SMURF2 -- PRKCE -- FGF14 -- FGF7 -- KRT18 -- TNFRSF14 -- DAB2IP -- PIAS2 -- RPAIN -- HIP1 -- XIAP -- BCL2L1 -- CASP7 -- SMPD1 -- ERBB2 -- PEA15 -- FAF1 -- IL16 -- HIF1A -- TP63 -- RPS6KA1
64,FADD -- IL1B -- MAPK8 -- NFATC2 -- BCL2 -- CHUK -- NFKB1 -- MAPK1 -- JUN -- IL23A -- AKT1 -- RXRB -- TNFRSF1A -- SP1 -- TP53 -- TRADD -- EIF2AK2 -- CASP2 -- IRAK1 -- TNFRSF1B -- TRAF2 -- CYLD -- TRAF1 -- AR -- ATM -- CSF2 -- STAT1 -- CDKN2A -- CCND1 -- MAP2K7 -- SMURF2 -- FASLG -- RHOA -- NGF -- FGF14 -- TNFRSF14 -- IFNB1 -- PIAS2 -- OTUD7B -- BAD -- SMPD1 -- CASP1 -- BID -- CYCS -- RPS6KA1 -- UBE2D3
65,IL1B -- IL2 -- MAPK8 -- MAPK14 -- NFATC2 -- BCL2 -- NFKB1 -- MAPK3 -- PAK2 -- TNF -- AKT1 -- RXRB -- TNFRSF1A -- TNFAIP3 -- SP1 -- ADAM17 -- TP53 -- TRADD -- EIF2AK2 -- CASP2 -- BIRC3 -- MAP4K4 -- AR -- BIRC2 -- ATM -- CFLAR -- CDKN2A -- FBXO31 -- CCND1 -- PPM1A -- PRKCE -- FGF14 -- MAP3K14 -- FGF7 -- SQSTM1 -- DAB2IP -- IRF1 -- HIP1 -- CASP8 -- BAD -- BCL2L1 -- CASP7 -- SMPD1 -- CASP1 -- PEA15 -- PRNP -- BID -- BAX -- NFE2L2
66,FADD -- CASP3 -- MAPK14 -- CHUK -- NFKB1 -- MAPK1 -- RELA -- PAK2 -- NFKBIA -- IL23A -- AKT1 -- TNFRSF1A -- TNFAIP3 -- VEGFA -- ADAM17 -- TGFB1 -- CASP2 -- BIRC3 -- IRAK1 -- CYLD -- TRAF1 -- CFLAR -- IL4 -- CSF2 -- HSPB1 -- TERT -- STAT1 -- CCND1 -- MAP2K7 -- FASLG -- FGF14 -- FGF7 -- TNFRSF14 -- SQSTM1 -- IFNB1 -- IRF1 -- HIP1 -- CASP8 -- OTUD7B -- BAD -- BCL2L1 -- CASP7 -- CASP1 -- PEA15 -- FAF1 -- PRNP -- CYCS -- IL16 -- HIF1A -- TP63 -- RPS6KA1
67,FADD -- IL1B -- CASP3 -- MAPK8 -- MAPK14 -- CHUK -- MAPK1 -- MAPK3 -- RELA -- RB1 -- NFKBIA -- IL23A -- RXRB -- TNFRSF1A -- TNFAIP3 -- SP1 -- ADAM17 -- TGFB1 -- RIPK1 -- CASP2 -- IRAK1 -- MAP4K4 -- TNFRSF1B -- CYLD -- AR -- IL4 -- CSF2 -- IKBKB -- TERT -- STAT1 -- MAP2K7 -- FASLG -- RHOA -- NGF -- FGF7 -- TNFRSF10B -- KRT18 -- IFNB1 -- HIP1 -- OTUD7B -- XIAP -- BAD -- CASP7 -- SMPD1 -- MTOR -- PEA15 -- FAF1 -- PRNP -- CYCS
68,FADD -- IL1B -- IL2 -- CASP3 -- MAPK14 -- BCL2 -- CHUK -- MAPK1 -- PAK2 -- RB1 -- MYC -- NFKBIA -- AKT1 -- TNFAIP3 -- SP1 -- ADAM17 -- TP53 -- TGFB1 -- RIPK1 -- BIRC3 -- IRAK1 -- TNFRSF1B -- MAP3K1 -- CFLAR -- IL4 -- CSF2 -- TERT -- STAT1 -- CDKN2A -- FBXO31 -- RIPK2 -- RHOA -- SOCS3 -- NGF -- FGF14 -- SHC1 -- TNFRSF14 -- DAB2IP -- IRF1 -- RPAIN -- HIP1 -- OTUD7B -- BCL2L1 -- SMPD1 -- CASP1 -- ERBB2 -- PRNP -- BID -- BAX -- CYCS -- NFE2L2 -- IL16 -- HIF1A -- TP63 -- RPS6KA1
69,IL1B -- MYD88 -- IL2 -- NFATC2 -- CHUK -- NFKB1 -- MAPK3 -- RB1 -- JUN -- TNF -- AKT1 -- SP1 -- ADAM17 -- TP53 -- TGFB1 -- TRADD -- RIPK1 -- CASP2 -- MAP4K4 -- TRAF2 -- CYLD -- MAP3K1 -- AR -- ATM -- HSPB1 -- TERT -- STAT1 -- CDKN2A -- FBXO31 -- MAP2K7 -- RIPK2 -- PPM1A -- SMURF2 -- PRKCE -- FASLG -- SOCS3 -- NGF -- SHC1 -- KRT18 -- DAB2IP -- IRF1 -- RPAIN -- XIAP -- BCL2L1 -- CASP1 -- MTOR -- PEA15 -- BAX -- NFE2L2 -- RPS6KA1 -- UBE2D3
70,FADD -- IL2 -- CASP3 -- MAPK8 -- MAPK14 -- NFATC2 -- BCL2 -- CHUK -- NFKB1 -- RELA -- RB1 -- JUN -- MYC -- NFKBIA -- TNF -- AKT1 -- RXRB -- TNFRSF1A -- TNFAIP3 -- SP1 -- TP53 -- TGFB1 -- EIF2AK2 -- CASP2 -- BIRC3 -- IRAK1 -- ZFP36 -- BIRC2 -- ATM -- IKBKB -- TERT -- STAT1 -- FBXO31 -- CCND1 -- MAP2K7 -- NGF -- MAP3K14 -- TNFRSF10B -- KRT18 -- TNFRSF14 -- SQSTM1 -- DAB2IP -- IFNB1 -- PIAS2 -- IRF1 -- RPAIN -- HIP1 -- CASP8 -- BAD -- CASP7 -- SMPD1 -- CASP1 -- ERBB2 -- PEA15 -- PRNP -- BID -- BAX -- CYCS -- NFE2L2 -- RPS6KA1 -- UBE2D3
71,IL1B -- MYD88 -- IL2 -- MAPK8 -- NFATC2 -- CHUK -- NFKB1 -- RELA -- NFKBIA -- TNF -- RXRB -- TNFRSF1A -- SP1 -- ADAM17 -- BIRC3 -- IRAK1 -- MAP4K4 -- CYLD -- TRAF1 -- MAP3K1 -- ZFP36 -- ATM -- IL4 -- IKBKB -- TERT -- STAT1 -- FBXO31 -- CCND1 -- SMURF2 -- FASLG -- SOCS3 -- FGF14 -- MAP3K14 -- SHC1 -- TNFRSF10B -- DAB2IP -- PIAS2 -- RPAIN -- XIAP -- CASP7 -- CASP1 -- ERBB2 -- MTOR -- PEA15 -- PRNP -- BAX -- RPS6KA1 -- UBE2D3
72,MYD88 -- CASP3 -- MAPK8 -- MAPK14 -- NFATC2 -- BCL2 -- MAPK1 -- RELA -- TNF -- IL23A -- ADAM17 -- TP53 -- TGFB1 -- RIPK1 -- EIF2AK2 -- CASP2 -- BIRC3 -- MAP4K4 -- TRAF2 -- CYLD -- ZFP36 -- AR -- TERT -- STAT1 -- CDKN2A -- MAP2K7 -- PRKCE -- RHOA -- NGF -- FGF14 -- SHC1 -- TNFRSF10B -- DAB2IP -- IFNB1 -- RPAIN -- CASP8 -- OTUD7B -- BAD -- CASP1 -- ERBB2 -- PEA15 -- FAF1 -- PRNP -- RPS6KA1
73,FADD -- IL1B -- MYD88 -- IL2 -- MAPK14 -- NFATC2 -- CHUK -- NFKB1 -- MAPK1 -- MAPK3 -- E2F1 -- RB1 -- JUN -- MYC -- SP1 -- ADAM17 -- TRADD -- RIPK1 -- CASP2 -- IRAK1 -- TNFRSF1B -- TRAF2 -- TRAF1 -- MAP3K1 -- ZFP36 -- AR -- BIRC2 -- ATM -- IL4 -- CSF2 -- HSPB1 -- TERT -- CCND1 -- MAP2K7 -- RIPK2 -- SMURF2 -- PRKCE -- FASLG -- RHOA -- FGF7 -- SHC1 -- KRT18 -- SQSTM1 -- DAB2IP -- IRF1 -- RPAIN -- HIP1 -- CASP8 -- OTUD7B -- XIAP -- SMPD1 -- MTOR -- PRNP -- BID -- CYCS -- IL16 -- HIF1A -- TP63 -- UBE2D3
74,FADD -- IL1B -- CASP3 -- NFATC2 -- BCL2 -- CHUK -- E2F1 -- RELA -- TNF -- IL23A -- AKT1 -- RXRB -- SP1 -- VEGFA -- TP53 -- TGFB1 -- RIPK1 -- EIF2AK2 -- MAP4K4 -- TNFRSF1B -- TRAF2 -- CYLD -- TRAF1 -- MAP3K1 -- ZFP36 -- CFLAR -- IL4 -- HSPB1 -- TERT -- MAP2K7 -- PPM1A -- SMURF2 -- PRKCE -- FASLG -- RHOA -- SOCS3 -- NGF -- FGF14 -- FGF7 -- TNFRSF10B -- KRT18 -- SQSTM1 -- IFNB1 -- PIAS2 -- RPAIN -- HIP1 -- CASP8 -- XIAP -- BCL2L1 -- CASP7 -- SMPD1 -- ERBB2 -- MTOR -- PEA15 -- PRNP -- BID -- BAX -- NFE2L2 -- HIF1A -- TP63 -- UBE2D3
75,IL1B -- IL2 -- CASP3 -- MAPK8 -- BCL2 -- CHUK -- MAPK1 -- PAK2 -- RB1 -- JUN -- TNF -- AKT1 -- TNFAIP3 -- SP1 -- ADAM17 -- RIPK1 -- EIF2AK2 -- CASP2 -- BIRC3 -- MAP4K4 -- TRAF2 -- CYLD -- ZFP36 -- AR -- BIRC2 -- CFLAR -- CSF2 -- TERT -- STAT1 -- CDKN2A -- FBXO31 -- CCND1 -- MAP2K7 -- PPM1A -- SMURF2 -- PRKCE -- RHOA -- SOCS3 -- FGF14 -- MAP3K14 -- SHC1 -- KRT18 -- SQSTM1 -- PIAS2 -- IRF1 -- RPAIN -- HIP1 -- XIAP -- BAD -- ERBB2 -- MTOR -- PEA15 -- FAF1 -- BID -- BAX -- CYCS -- NFE2L2 -- HIF1A -- RPS6KA1 -- UBE2D3
76,IL1B -- IL2 -- MAPK8 -- MAPK14 -- NFATC2 -- MAPK1 -- E2F1 -- RELA -- JUN -- MYC -- NFKBIA -- TNF -- IL23A -- AKT1 -- TNFRSF1A -- ADAM17 -- TRADD -- RIPK1 -- IRAK1 -- TNFRSF1B -- TRAF2 -- ZFP36 -- BIRC2 -- ATM -- CFLAR -- IL4 -- TERT -- FBXO31 -- CCND1 -- MAP2K7 -- RIPK2 -- PPM1A -- FASLG -- RHOA -- NGF -- MAP3K14 -- FGF7 -- SHC1 -- KRT18 -- SQSTM1 -- DAB2IP -- IFNB1 -- PIAS2 -- RPAIN -- BAD -- BCL2L1 -- CASP1 -- ERBB2 -- MTOR -- PEA15 -- PRNP -- BAX -- TP63
77,IL1B -- MAPK8 -- MAPK14 -- NFATC2 -- BCL2 -- MAPK1 -- MAPK3 -- PAK2 -- NFKBIA -- TNF -- IL23A -- RXRB -- TNFRSF1A -- SP1 -- ADAM17 -- RIPK1 -- EIF2AK2 -- CASP2 -- TRAF2 -- CYLD -- TRAF1 -- MAP3K1 -- ZFP36 -- BIRC2 -- IKBKB -- TERT -- STAT1 -- CCND1 -- RIPK2 -- FASLG -- NGF -- FGF14 -- TNFRSF10B -- TNFRSF14 -- SQSTM1 -- DAB2IP -- HIP1 -- CASP8 -- XIAP -- BAD -- CASP1 -- ERBB2 -- MTOR -- PEA15 -- FAF1 -- BAX -- NFE2L2 -- IL16 -- HIF1A -- RPS6KA1
78,FADD -- IL1B -- MYD88 -- IL2 -- CASP3 -- MAPK14 -- CHUK -- NFKB1 -- MAPK1 -- E2F1 -- RELA -- PAK2 -- JUN -- TNF -- TNFRSF1A -- TNFAIP3 -- VEGFA -- TP53 -- EIF2AK2 -- BIRC3 -- TRAF2 -- TRAF1 -- MAP3K1 -- AR -- BIRC2 -- CFLAR -- IL4 -- CSF2 -- HSPB1 -- CDKN2A -- FBXO31 -- RIPK2 -- PRKCE -- FGF7 -- TNFRSF10B -- TNFRSF14 -- DAB2IP -- PIAS2 -- HIP1 -- CASP8 -- XIAP -- SMPD1 -- CASP1 -- MTOR -- PRNP -- BAX -- NFE2L2 -- HIF1A -- UBE2D3
79,MYD88 -- IL2 -- CASP3 -- BCL2 -- MAPK1 -- MAPK3 -- E2F1 -- PAK2 -- RB1 -- JUN -- TNF -- RXRB -- TNFRSF1A -- TNFAIP3 -- SP1 -- VEGFA -- TP53 -- TRADD -- IRAK1 -- TRAF2 -- CYLD -- ZFP36 -- CSF2 -- MAP2K7 -- PPM1A -- SMURF2 -- FASLG -- SOCS3 -- FGF14 -- SHC1 -- TNFRSF10B -- KRT18 -- IFNB1 -- PIAS2 -- RPAIN -- HIP1 -- CASP8 -- OTUD7B -- XIAP -- BAD -- CASP7 -- SMPD1 -- ERBB2 -- PEA15 -- BID -- NFE2L2 -- IL16 -- HIF1A
80,IL1B -- MYD88 -- IL2 -- CASP3 -- MAPK8 -- NFATC2 -- CHUK -- NFKB1 -- MAPK1 -- RB1 -- MYC -- NFKBIA -- AKT1 -- TNFRSF1A -- TNFAIP3 -- SP1 -- VEGFA -- ADAM17 -- TRADD -- RIPK1 -- EIF2AK2 -- IRAK1 -- MAP4K4 -- CYLD -- TRAF1 -- MAP3K1 -- AR -- ATM -- CFLAR -- IL4 -- CSF2 -- IKBKB -- TERT -- CCND1 -- MAP2K7 -- RIPK2 -- SMURF2 -- PRKCE -- FASLG -- RHOA -- SOCS3 -- FGF14 -- SHC1 -- KRT18 -- DAB2IP -- IFNB1 -- PIAS2 -- IRF1 -- RPAIN -- HIP1 -- CASP8 -- CASP7 -- SMPD1 -- PRNP -- BAX -- CYCS -- HIF1A -- TP63 -- RPS6KA1
81,IL1B -- MAPK8 -- BCL2 -- CHUK -- RELA -- PAK2 -- RB1 -- NFKBIA -- TNF -- IL23A -- AKT1 -- TNFAIP3 -- ADAM17 -- TGFB1 -- RIPK1 -- CASP2 -- BIRC3 -- IRAK1 -- MAP4K4 -- TRAF1 -- MAP3K1 -- ATM -- CFLAR -- CSF2 -- HSPB1 -- IKBKB -- FBXO31 -- CCND1 -- PPM1A -- PRKCE -- SOCS3 -- NGF -- FGF7 -- DAB2IP -- IRF1 -- RPAIN -- CASP8 -- XIAP -- BAD -- CASP7 -- MTOR -- PEA15 -- PRNP -- CYCS -- TP63 -- RPS6KA1 -- UBE2D3
82,IL2 -- MAPK14 -- NFATC2 -- BCL2 -- CHUK -- NFKB1 -- MAPK3 -- E2F1 -- JUN -- MYC -- NFKBIA -- TNF -- AKT1 -- RXRB -- TNFAIP3 -- SP1 -- ADAM17 -- RIPK1 -- BIRC3 -- IRAK1 -- TNFRSF1B -- TRAF2 -- MAP3K1 -- ATM -- CFLAR -- IL4 -- CSF2 -- HSPB1 -- STAT1 -- CDKN2A -- MAP2K7 -- RIPK2 -- PPM1A -- PRKCE -- RHOA -- FGF14 -- MAP3K14 -- FGF7 -- SHC1 -- TNFRSF10B -- SQSTM1 -- IRF1 -- HIP1 -- OTUD7B -- CASP7 -- SMPD1 -- ERBB2 -- FAF1 -- BAX -- IL16 -- HIF1A
83,CASP3 -- MAPK14 -- CHUK -- NFKB1 -- E2F1 -- RB1 -- MYC -- TNF -- RXRB -- VEGFA -- ADAM17 -- TP53 -- CASP2 -- BIRC3 -- MAP4K4 -- TNFRSF1B -- CYLD -- ZFP36 -- AR -- BIRC2 -- CFLAR -- CSF2 -- HSPB1 -- IKBKB -- TERT -- CDKN2A -- FBXO31 -- MAP2K7 -- RIPK2 -- SMURF2 -- PRKCE -- FASLG -- NGF -- SHC1 -- TNFRSF10B -- TNFRSF14 -- DAB2IP -- IFNB1 -- RPAIN -- HIP1 -- BCL2L1 -- CASP7 -- SMPD1 -- CYCS -- TP63
84,MYD88 -- CASP3 -- MAPK14 -- CHUK -- NFKB1 -- MAPK3 -- RELA -- MYC -- IL23A -- AKT1 -- TNFRSF1A -- TNFAIP3 -- VEGFA -- ADAM17 -- TP53 -- EIF2AK2 -- IRAK1 -- TNFRSF1B -- TRAF2 -- ZFP36 -- IL4 -- IKBKB -- TERT -- STAT1 -- CDKN2A -- FBXO31 -- CCND1 -- FASLG -- NGF -- MAP3K14 -- TNFRSF10B -- KRT18 -- TNFRSF14 -- BCL2L1 -- CASP7 -- ERBB2 -- MTOR -- PEA15 -- FAF1 -- PRNP -- BID -- BAX -- HIF1A -- RPS6KA1 -- UBE2D3
85,IL1B -- MYD88 -- IL2 -- NFATC2 -- BCL2 -- E2F1 -- JUN -- TNF -- IL23A -- TNFAIP3 -- SP1 -- VEGFA -- ADAM17 -- TP53 -- TRADD -- RIPK1 -- BIRC3 -- IRAK1 -- MAP4K4 -- CYLD -- TRAF1 -- MAP3K1 -- AR -- BIRC2 -- ATM -- CFLAR -- CSF2 -- HSPB1 -- CDKN2A -- FBXO31 -- MAP2K7 -- RIPK2 -- PPM1A -- SMURF2 -- PRKCE -- NGF -- FGF14 -- MAP3K14 -- SHC1 -- TNFRSF10B -- TNFRSF14 -- DAB2IP -- IFNB1 -- PIAS2 -- IRF1 -- HIP1 -- OTUD7B -- XIAP -- CASP7 -- SMPD1 -- CASP1 -- MTOR -- PEA15 -- FAF1 -- NFE2L2 -- UBE2D3
86,MYD88 -- CASP3 -- MAPK8 -- MAPK14 -- NFATC2 -- CHUK -- E2F1 -- PAK2 -- RB1 -- MYC -- TNF -- IL23A -- SP1 -- VEGFA -- TGFB1 -- RIPK1 -- EIF2AK2 -- MAP4K4 -- TRAF2 -- CYLD -- ZFP36 -- CFLAR -- IL4 -- IKBKB -- TERT -- STAT1 -- FBXO31 -- RIPK2 -- PRKCE -- SOCS3 -- MAP3K14 -- SHC1 -- KRT18 -- IRF1 -- RPAIN -- HIP1 -- MTOR -- CYCS
87,FADD -- IL1B -- NFATC2 -- E2F1 -- RELA -- PAK2 -- JUN -- MYC -- NFKBIA -- TNFRSF1A -- TNFAIP3 -- SP1 -- VEGFA -- TGFB1 -- EIF2AK2 -- IRAK1 -- TNFRSF1B -- TRAF2 -- ZFP36 -- ATM -- CFLAR -- IKBKB -- TERT -- STAT1 -- RIPK2 -- PPM1A -- PRKCE -- RHOA -- SOCS3 -- FGF14 -- SHC1 -- TNFRSF10B -- PIAS2 -- RPAIN -- HIP1 -- CASP8 -- XIAP -- BAD -- BCL2L1 -- SMPD1 -- MTOR -- PEA15 -- PRNP -- BID -- BAX -- NFE2L2 -- RPS6KA1 -- UBE2D3
88,FADD -- IL1B -- BCL2 -- CHUK -- MAPK3 -- RELA -- PAK2 -- RB1 -- JUN -- NFKBIA -- TNF -- IL23A -- AKT1 -- RXRB -- ADAM17 -- TP53 -- RIPK1 -- EIF2AK2 -- BIRC3 -- MAP4K4 -- CYLD -- TRAF1 -- MAP3K1 -- ZFP36 -- ATM -- CFLAR -- HSPB1 -- IKBKB -- CDKN2A -- PPM1A -- PRKCE -- FASLG -- RHOA -- NGF -- MAP3K14 -- SHC1 -- TNFRSF10B -- KRT18 -- PIAS2 -- IRF1 -- CASP8 -- XIAP -- MTOR -- PRNP -- BAX -- CYCS -- IL16 -- HIF1A
89,FADD -- MYD88 -- CHUK -- E2F1 -- RELA -- PAK2 -- JUN -- MYC -- NFKBIA -- TNF -- IL23A -- TNFRSF1A -- SP1 -- VEGFA -- TGFB1 -- TRADD -- RIPK1 -- EIF2AK2 -- CASP2 -- BIRC3 -- MAP4K4 -- TNFRSF1B -- CYLD -- AR -- ATM -- IL4 -- HSPB1 -- IKBKB -- TERT -- CDKN2A -- FBXO31 -- SMURF2 -- SOCS3 -- FGF7 -- SQSTM1 -- DAB2IP -- IFNB1 -- IRF1 -- CASP8 -- BAD -- SMPD1 -- MTOR -- FAF1 -- PRNP -- BID -- CYCS -- TP63 -- RPS6KA1 -- UBE2D3
90,FADD -- CASP3 -- MAPK8 -- MAPK14 -- NFATC2 -- BCL2 -- CHUK -- E2F1 -- RB1 -- MYC -- RXRB -- TNFRSF1A -- SP1 -- ADAM17 -- TRADD -- BIRC3 -- IRAK1 -- MAP4K4 -- TNFRSF1B -- ZFP36 -- BIRC2 -- CFLAR -- CSF2 -- HSPB1 -- STAT1 -- CCND1 -- MAP2K7 -- PPM1A -- TNFRSF14 -- SQSTM1 -- DAB2IP -- IFNB1 -- PIAS2 -- RPAIN -- HIP1 -- OTUD7B -- BAD -- BCL2L1 -- CASP7 -- SMPD1 -- MTOR -- PRNP -- BID -- BAX -- NFE2L2 -- IL16 -- UBE2D3
91,FADD -- MYD88 -- CASP3 -- MAPK14 -- NFATC2 -- BCL2 -- NFKB1 -- MAPK1 -- RB1 -- MYC -- IL23A -- RXRB -- TNFRSF1A -- TNFAIP3 -- TGFB1 -- BIRC3 -- MAP4K4 -- TNFRSF1B -- TRAF1 -- MAP3K1 -- ZFP36 -- BIRC2 -- ATM -- CFLAR -- IL4 -- CSF2 -- IKBKB -- STAT1 -- CDKN2A -- FBXO31 -- CCND1 -- MAP2K7 -- RIPK2 -- PPM1A -- FGF14 -- TNFRSF14 -- PIAS2 -- IRF1 -- RPAIN -- HIP1 -- CASP8 -- OTUD7B -- CASP1 -- PEA15 -- PRNP -- BAX -- HIF1A -- UBE2D3
92,FADD -- MYD88 -- CASP3 -- MAPK8 -- NFATC2 -- CHUK -- NFKB1 -- MAPK1 -- MAPK3 -- JUN -- NFKBIA -- AKT1 -- RXRB -- SP1 -- VEGFA -- ADAM17 -- TP53 -- TRADD -- BIRC3 -- CYLD -- TRAF1 -- MAP3K1 -- AR -- ATM -- CFLAR -- IL4 -- HSPB1 -- IKBKB -- STAT1 -- CCND1 -- SMURF2 -- RHOA -- SOCS3 -- FGF7 -- TNFRSF10B -- TNFRSF14 -- DAB2IP -- IFNB1 -- PIAS2 -- IRF1 -- RPAIN -- XIAP -- BAD -- SMPD1 -- CASP1 -- ERBB2 -- PEA15 -- PRNP -- BID -- BAX -- CYCS -- NFE2L2 -- IL16
93,IL2 -- CASP3 -- BCL2 -- CHUK -- NFKB1 -- MAPK1 -- MAPK3 -- E2F1 -- RELA -- RB1 -- MYC -- NFKBIA -- AKT1 -- RXRB -- SP1 -- VEGFA -- ADAM17 -- TP53 -- MAP4K4 -- TRAF2 -- CYLD -- BIRC2 -- STAT1 -- CDKN2A -- PRKCE -- FASLG -- SOCS3 -- NGF -- MAP3K14 -- KRT18 -- SQSTM1 -- DAB2IP -- XIAP -- SMPD1 -- ERBB2 -- MTOR -- PEA15 -- BAX -- IL16 -- HIF1A -- TP63
94,IL1B -- CASP3 -- NFATC2 -- BCL2 -- CHUK -- NFKB1 -- MAPK3 -- RELA -- TNF -- IL23A -- RXRB -- VEGFA -- TP53 -- TRADD -- EIF2AK2 -- CASP2 -- BIRC3 -- IRAK1 -- AR -- STAT1 -- CCND1 -- RIPK2 -- PPM1A -- SMURF2 -- PRKCE -- FGF14 -- SHC1 -- TNFRSF10B -- KRT18 -- SQSTM1 -- IFNB1 -- PIAS2 -- HIP1 -- XIAP -- BAD -- BCL2L1 -- SMPD1 -- CASP1 -- ERBB2 -- PEA15 -- BID -- BAX -- CYCS -- NFE2L2
95,FADD -- IL1B -- IL2 -- CASP3 -- MAPK8 -- NFATC2 -- CHUK -- MAPK1 -- MAPK3 -- RELA -- PAK2 -- JUN -- TNF -- RXRB -- TNFRSF1A -- TNFAIP3 -- SP1 -- VEGFA -- ADAM17 -- TGFB1 -- RIPK1 -- CASP2 -- BIRC3 -- TRAF2 -- CYLD -- MAP3K1 -- ZFP36 -- AR -- BIRC2 -- IL4 -- HSPB1 -- IKBKB -- RIPK2 -- SMURF2 -- PRKCE -- MAP3K14 -- SHC1 -- KRT18 -- TNFRSF14 -- SQSTM1 -- IFNB1 -- PIAS2 -- CASP8 -- OTUD7B -- BAD -- BCL2L1 -- ERBB2 -- MTOR -- BAX -- CYCS -- IL16 -- HIF1A -- TP63
96,FADD -- IL1B -- MYD88 -- IL2 -- MAPK8 -- BCL2 -- NFKB1 -- MAPK1 -- RELA -- JUN -- MYC -- TNF -- RXRB -- SP1 -- VEGFA -- ADAM17 -- TP53 -- TRADD -- BIRC3 -- IRAK1 -- MAP4K4 -- TNFRSF1B -- CYLD -- TRAF1 -- AR -- BIRC2 -- CSF2 -- IKBKB -- CDKN2A -- FBXO31 -- MAP2K7 -- RIPK2 -- SOCS3 -- NGF -- FGF14 -- FGF7 -- SHC1 -- KRT18 -- IFNB1 -- HIP1 -- CASP8 -- BAD -- CASP7 -- CASP1 -- FAF1 -- PRNP -- BAX -- NFE2L2 -- IL16 -- HIF1A -- RPS6KA1 -- UBE2D3
97,FADD -- MYD88 -- IL2 -- CASP3 -- E2F1 -- NFKBIA -- TNF -- IL23A -- TNFRSF1A -- VEGFA -- ADAM17 -- RIPK1 -- CASP2 -- BIRC3 -- IRAK1 -- MAP4K4 -- TNFRSF1B -- TRAF2 -- CYLD -- ZFP36 -- BIRC2 -- ATM -- CSF2 -- HSPB1 -- IKBKB -- STAT1 -- MAP2K7 -- PPM1A -- PRKCE -- FASLG -- RHOA -- SOCS3 -- FGF14 -- SQSTM1 -- IFNB1 -- PIAS2 -- IRF1 -- RPAIN -- HIP1 -- XIAP -- MTOR -- FAF1 -- PRNP -- BID -- CYCS -- IL16 -- RPS6KA1
98,IL1B -- IL2 -- MAPK14 -- NFATC2 -- BCL2 -- MAPK1 -- E2F1 -- RELA -- RB1 -- JUN -- TNF -- RXRB -- TNFRSF1A -- TNFAIP3 -- VEGFA -- TP53 -- TGFB1 -- MAP4K4 -- TNFRSF1B -- CYLD -- ZFP36 -- AR -- IL4 -- CSF2 -- TERT -- STAT1 -- CDKN2A -- MAP2K7 -- FASLG -- RHOA -- SOCS3 -- MAP3K14 -- FGF7 -- TNFRSF10B -- TNFRSF14 -- DAB2IP -- IFNB1 -- HIP1 -- XIAP -- BAD -- BCL2L1 -- CASP7 -- SMPD1 -- ERBB2 -- BID -- BAX -- CYCS -- NFE2L2 -- HIF1A -- RPS6KA1
99,MYD88 -- MAPK14 -- NFATC2 -- BCL2 -- CHUK -- RB1 -- JUN -- MYC -- RXRB -- TNFRSF1A -- SP1 -- VEGFA -- ADAM17 -- TP53 -- RIPK1 -- IRAK1 -- TNFRSF1B -- MAP3K1 -- ZFP36 -- BIRC2 -- HSPB1 -- IKBKB -- STAT1 -- CDKN2A -- MAP2K7 -- RIPK2 -- PPM1A -- RHOA -- NGF -- MAP3K14 -- SHC1 -- TNFRSF14 -- SQSTM1 -- DAB2IP -- IFNB1 -- RPAIN -- HIP1 -- CASP8 -- CASP7 -- FAF1 -- PRNP -- BID -- BAX -- CYCS -- NFE2L2 -- IL16 -- TP63 -- RPS6KA1 -- UBE2D3
100,IL1B -- MAPK8 -- NFATC2 -- CHUK -- NFKB1 -- MAPK1 -- RB1 -- JUN -- MYC -- NFKBIA -- IL23A -- RXRB -- TNFAIP3 -- ADAM17 -- RIPK1 -- EIF2AK2 -- IRAK1 -- MAP4K4 -- TRAF2 -- CYLD -- MAP3K1 -- ZFP36 -- AR -- ATM -- CFLAR -- IL4 -- TERT -- SMURF2 -- PRKCE -- FASLG -- MAP3K14 -- KRT18 -- IRF1 -- RPAIN -- CASP8 -- OTUD7B -- XIAP -- BAD -- SMPD1 -- CASP1 -- ERBB2 -- MTOR -- PEA15 -- BAX -- NFE2L2 -- IL16 -- HIF1A -- RPS6KA1
101,FADD -- IL1B -- CASP3 -- MAPK8 -- BCL2 -- CHUK -- NFKB1 -- RELA -- PAK2 -- RB1 -- JUN -- MYC -- NFKBIA -- IL23A -- RXRB -- TNFRSF1A -- VEGFA -- TRADD -- CASP2 -- IRAK1 -- TRAF2 -- ZFP36 -- BIRC2 -- ATM -- CFLAR -- HSPB1 -- TERT -- FBXO31 -- CCND1 -- MAP2K7 -- RIPK2 -- SMURF2 -- PRKCE -- FASLG -- RHOA -- NGF -- MAP3K14 -- FGF7 -- TNFRSF14 -- DAB2IP -- PIAS2 -- IRF1 -- RPAIN -- BCL2L1 -- CASP7 -- SMPD1 -- CASP1 -- ERBB2 -- PRNP -- BAX -- CYCS -- NFE2L2 -- HIF1A -- RPS6KA1
102,FADD -- IL1B -- IL2 -- MAPK8 -- MAPK14 -- NFATC2 -- BCL2 -- E2F1 -- RB1 -- JUN -- TNF -- RXRB -- TNFRSF1A -- TNFAIP3 -- ADAM17 -- TGFB1 -- TRADD -- EIF2AK2 -- IRAK1 -- MAP4K4 -- TNFRSF1B -- TRAF2 -- CYLD -- TRAF1 -- BIRC2 -- IKBKB -- STAT1 -- CCND1 -- RIPK2 -- FASLG -- RHOA -- NGF -- FGF7 -- TNFRSF10B -- KRT18 -- DAB2IP -- CASP8 -- XIAP -- BAD -- BCL2L1 -- SMPD1 -- MTOR -- PEA15 -- FAF1 -- BID -- NFE2L2 -- HIF1A -- RPS6KA1
103,FADD -- CASP3 -- MAPK14 -- BCL2 -- MAPK1 -- MAPK3 -- RELA -- NFKBIA -- AKT1 -- RXRB -- TNFRSF1A -- SP1 -- VEGFA -- ADAM17 -- TP53 -- TRADD -- CASP2 -- BIRC3 -- CYLD -- AR -- BIRC2 -- ATM -- CFLAR -- IL4 -- CSF2 -- HSPB1 -- TERT -- CCND1 -- MAP2K7 -- RIPK2 -- SMURF2 -- FASLG -- NGF -- FGF14 -- FGF7 -- TNFRSF10B -- KRT18 -- TNFRSF14 -- IFNB1 -- PIAS2 -- RPAIN -- BAD -- CASP1 -- ERBB2 -- MTOR -- PRNP -- BAX -- CYCS -- HIF1A -- RPS6KA1 -- UBE2D3
104,FADD -- IL2 -- MAPK8 -- MAPK14 -- BCL2 -- MAPK1 -- E2F1 -- JUN -- NFKBIA -- IL23A -- AKT1 -- RXRB -- TNFRSF1A -- TP53 -- TGFB1 -- RIPK1 -- EIF2AK2 -- CASP2 -- BIRC3 -- IRAK1 -- MAP4K4 -- TRAF2 -- TRAF1 -- ZFP36 -- AR -- CFLAR -- HSPB1 -- IKBKB -- TERT -- FBXO31 -- CCND1 -- RHOA -- NGF -- FGF14 -- FGF7 -- SHC1 -- TNFRSF10B -- KRT18 -- IFNB1 -- IRF1 -- RPAIN -- HIP1 -- OTUD7B -- BAD -- BCL2L1 -- CASP7 -- ERBB2 -- PEA15 -- PRNP -- BID -- CYCS -- TP63 -- RPS6KA1 -- UBE2D3
105,FADD -- IL1B -- MYD88 -- MAPK14 -- BCL2 -- MAPK1 -- MAPK3 -- E2F1 -- RELA -- PAK2 -- MYC -- TNF -- IL23A -- AKT1 -- RXRB -- SP1 -- ADAM17 -- TP53 -- TGFB1 -- RIPK1 -- CASP2 -- IRAK1 -- MAP4K4 -- TNFRSF1B -- TRAF2 -- MAP3K1 -- AR -- BIRC2 -- HSPB1 -- IKBKB -- CDKN2A -- MAP2K7 -- RIPK2 -- SMURF2 -- NGF -- FGF7 -- SHC1 -- TNFRSF10B -- TNFRSF14 -- SQSTM1 -- PIAS2 -- IRF1 -- RPAIN -- HIP1 -- CASP8 -- BCL2L1 -- CASP7 -- ERBB2 -- PRNP -- BID -- BAX -- CYCS -- NFE2L2 -- IL16 -- HIF1A
106,IL1B -- MYD88 -- CASP3 -- MAPK8 -- MAPK14 -- NFATC2 -- CHUK -- E2F1 -- PAK2 -- MYC -- TNF -- IL23A -- TNFRSF1A -- TNFAIP3 -- VEGFA -- TP53 -- TGFB1 -- TRADD -- RIPK1 -- EIF2AK2 -- BIRC3 -- MAP4K4 -- TNFRSF1B -- TRAF2 -- AR -- CSF2 -- HSPB1 -- STAT1 -- FBXO31 -- SMURF2 -- PRKCE -- SOCS3 -- FGF14 -- FGF7 -- IFNB1 -- PIAS2 -- IRF1 -- RPAIN -- CASP8 -- OTUD7B -- XIAP -- BAD -- BCL2L1 -- CASP7 -- SMPD1 -- MTOR -- PRNP -- CYCS -- IL16 -- HIF1A
107,IL2 -- MAPK8 -- NFATC2 -- CHUK -- NFKB1 -- MAPK3 -- E2F1 -- RELA -- PAK2 -- JUN -- MYC -- NFKBIA -- TNF -- AKT1 -- TNFRSF1A -- TNFAIP3 -- SP1 -- VEGFA -- CASP2 -- IRAK1 -- TRAF2 -- TRAF1 -- ATM -- STAT1 -- CDKN2A -- FBXO31 -- CCND1 -- MAP2K7 -- RIPK2 -- PPM1A -- SMURF2 -- RHOA -- NGF -- SQSTM1 -- DAB2IP -- PIAS2 -- HIP1 -- BAD -- CASP7 -- CASP1 -- MTOR -- FAF1 -- PRNP -- BID -- BAX -- HIF1A -- RPS6KA1 -- UBE2D3
108,FADD -- MYD88 -- CASP3 -- MAPK8 -- MAPK14 -- NFATC2 -- BCL2 -- CHUK -- RB1 -- JUN -- MYC -- IL23A -- TNFAIP3 -- VEGFA -- ADAM17 -- RIPK1 -- CASP2 -- TRAF2 -- ZFP36 -- BIRC2 -- CFLAR -- IL4 -- TERT -- CDKN2A -- FBXO31 -- CCND1 -- RIPK2 -- SMURF2 -- FASLG -- SOCS3 -- FGF14 -- SHC1 -- KRT18 -- TNFRSF14 -- IFNB1 -- PIAS2 -- RPAIN -- BCL2L1 -- CASP7 -- CASP1 -- FAF1 -- PRNP -- CYCS -- NFE2L2 -- IL16 -- HIF1A -- TP63
109,CASP3 -- MAPK8 -- MAPK14 -- NFATC2 -- BCL2 -- CHUK -- E2F1 -- RB1 -- NFKBIA -- SP1 -- TP53 -- TGFB1 -- TRADD -- EIF2AK2 -- BIRC3 -- MAP4K4 -- CYLD -- TRAF1 -- MAP3K1 -- BIRC2 -- ATM -- IL4 -- CSF2 -- HSPB1 -- IKBKB -- FBXO31 -- CCND1 -- MAP2K7 -- RIPK2 -- SMURF2 -- PRKCE -- SOCS3 -- MAP3K14 -- FGF7 -- KRT18 -- DAB2IP -- RPAIN -- HIP1 -- CASP8 -- OTUD7B -- XIAP -- BAD -- BCL2L1 -- CASP1 -- MTOR -- BID -- CYCS -- NFE2L2 -- HIF1A -- RPS6KA1
110,MYD88 -- CASP3 -- MAPK14 -- MAPK3 -- RB1 -- JUN -- MYC -- NFKBIA -- TNF -- AKT1 -- TNFAIP3 -- SP1 -- VEGFA -- ADAM17 -- TP53 -- TGFB1 -- EIF2AK2 -- CASP2 -- BIRC3 -- IRAK1 -- MAP3K1 -- ATM -- IL4 -- IKBKB -- TERT -- MAP2K7 -- PPM1A -- PRKCE -- FASLG -- FGF14 -- MAP3K14 -- FGF7 -- SHC1 -- KRT18 -- TNFRSF14 -- PIAS2 -- HIP1 -- CASP7 -- ERBB2 -- PEA15 -- PRNP -- BAX -- IL16 -- HIF1A
111,FADD -- MYD88 -- MAPK8 -- BCL2 -- CHUK -- NFKB1 -- MAPK3 -- RELA -- RB1 -- JUN -- NFKBIA -- IL23A -- AKT1 -- RXRB -- TNFAIP3 -- VEGFA -- TP53 -- EIF2AK2 -- CASP2 -- BIRC3 -- IRAK1 -- MAP4K4 -- TNFRSF1B -- CYLD -- TRAF1 -- MAP3K1 -- AR -- ATM -- IKBKB -- STAT1 -- PRKCE -- FASLG -- SOCS3 -- NGF -- MAP3K14 -- SHC1 -- TNFRSF14 -- SQSTM1 -- DAB2IP -- IFNB1 -- RPAIN -- OTUD7B -- ERBB2 -- MTOR -- PEA15 -- PRNP -- BID -- BAX -- TP63 -- RPS6KA1 -- UBE2D3
112,IL1B -- IL2 -- MAPK8 -- BCL2 -- NFKB1 -- MAPK3 -- PAK2 -- NFKBIA -- IL23A -- SP1 -- VEGFA -- ADAM17 -- TGFB1 -- TRADD -- EIF2AK2 -- CASP2 -- BIRC3 -- IRAK1 -- MAP4K4 -- MAP3K1 -- BIRC2 -- IL4 -- HSPB1 -- PPM1A -- SMURF2 -- RHOA -- NGF -- FGF14 -- MAP3K14 -- IFNB1 -- PIAS2 -- IRF1 -- RPAIN -- HIP1 -- CASP8 -- OTUD7B -- XIAP -- BAD -- SMPD1 -- CASP1 -- ERBB2 -- PEA15 -- FAF1 -- PRNP -- CYCS -- HIF1A
113,FADD -- IL2 -- CASP3 -- MAPK8 -- MAPK14 -- BCL2 -- CHUK -- NFKB1 -- E2F1 -- MYC -- NFKBIA -- TNF -- TNFAIP3 -- SP1 -- VEGFA -- ADAM17 -- TGFB1 -- RIPK1 -- CASP2 -- BIRC3 -- IRAK1 -- TRAF2 -- ZFP36 -- AR -- IL4 -- IKBKB -- STAT1 -- SMURF2 -- SOCS3 -- SHC1 -- TNFRSF10B -- SQSTM1 -- IFNB1 -- IRF1 -- HIP1 -- CASP8 -- OTUD7B -- SMPD1 -- CASP1 -- ERBB2 -- PEA15 -- FAF1 -- PRNP -- NFE2L2 -- HIF1A
114,IL1B -- IL2 -- MAPK14 -- BCL2 -- CHUK -- NFKB1 -- MAPK1 -- MAPK3 -- PAK2 -- NFKBIA -- AKT1 -- RXRB -- TNFRSF1A -- VEGFA -- TGFB1 -- CASP2 -- BIRC3 -- MAP4K4 -- TNFRSF1B -- CYLD -- TRAF1 -- AR -- ATM -- CSF2 -- IKBKB -- FBXO31 -- CCND1 -- MAP2K7 -- RIPK2 -- PRKCE -- FASLG -- MAP3K14 -- SHC1 -- KRT18 -- SQSTM1 -- DAB2IP -- PIAS2 -- HIP1 -- CASP7 -- SMPD1 -- MTOR -- PEA15 -- BAX -- CYCS -- NFE2L2 -- IL16 -- HIF1A -- UBE2D3
115,MAPK8 -- NFATC2 -- BCL2 -- NFKB1 -- MAPK1 -- RELA -- PAK2 -- RB1 -- JUN -- MYC -- TNF -- RXRB -- TNFRSF1A -- TNFAIP3 -- SP1 -- VEGFA -- TGFB1 -- TRADD -- RIPK1 -- CASP2 -- IRAK1 -- MAP4K4 -- TRAF2 -- CYLD -- IL4 -- HSPB1 -- IKBKB -- TERT -- MAP2K7 -- RIPK2 -- PPM1A -- SMURF2 -- PRKCE -- RHOA -- NGF -- MAP3K14 -- TNFRSF10B -- TNFRSF14 -- SQSTM1 -- DAB2IP -- PIAS2 -- IRF1 -- RPAIN -- CASP8 -- OTUD7B -- CASP7 -- SMPD1 -- MTOR -- PRNP -- IL16 -- HIF1A -- TP63 -- RPS6KA1
116,FADD -- MAPK8 -- MAPK14 -- NFATC2 -- NFKB1 -- MAPK1 -- MAPK3 -- E2F1 -- PAK2 -- RB1 -- TNF -- RXRB -- VEGFA -- TP53 -- TGFB1 -- EIF2AK2 -- BIRC3 -- IRAK1 -- CYLD -- AR -- BIRC2 -- IL4 -- CSF2 -- FBXO31 -- RIPK2 -- PPM1A -- FASLG -- SOCS3 -- FGF14 -- MAP3K14 -- FGF7 -- DAB2IP -- IFNB1 -- IRF1 -- CASP8 -- OTUD7B -- XIAP -- ERBB2 -- PRNP -- BID -- CYCS -- HIF1A -- TP63
117,FADD -- MYD88 -- CASP3 -- NFATC2 -- BCL2 -- CHUK -- NFKB1 -- MAPK1 -- E2F1 -- RELA -- IL23A -- AKT1 -- TNFAIP3 -- SP1 -- VEGFA -- ADAM17 -- TGFB1 -- RIPK1 -- CASP2 -- BIRC3 -- IRAK1 -- TNFRSF1B -- TRAF1 -- MAP3K1 -- AR -- BIRC2 -- CFLAR -- HSPB1 -- STAT1 -- CCND1 -- MAP2K7 -- RIPK2 -- PPM1A -- SMURF2 -- NGF -- TNFRSF14 -- SQSTM1 -- PIAS2 -- RPAIN -- OTUD7B -- CASP7 -- CASP1 -- FAF1 -- BAX -- CYCS -- IL16 -- HIF1A -- TP63 -- RPS6KA1
118,FADD -- IL1B -- IL2 -- MAPK14 -- CHUK -- MAPK1 -- PAK2 -- NFKBIA -- IL23A -- RXRB -- TNFAIP3 -- TGFB1 -- RIPK1 -- EIF2AK2 -- MAP4K4 -- CYLD -- MAP3K1 -- AR -- BIRC2 -- ATM -- IL4 -- CSF2 -- HSPB1 -- STAT1 -- CDKN2A -- FBXO31 -- MAP2K7 -- RIPK2 -- PPM1A -- FASLG -- RHOA -- NGF -- TNFRSF10B -- KRT18 -- TNFRSF14 -- SQSTM1 -- PIAS2 -- IRF1 -- RPAIN -- HIP1 -- OTUD7B -- BCL2L1 -- CASP7 -- SMPD1 -- ERBB2 -- PEA15 -- FAF1 -- PRNP -- BAX -- CYCS -- HIF1A
119,MYD88 -- IL2 -- CHUK -- NFKB1 -- RELA -- PAK2 -- RB1 -- MYC -- RXRB -- TNFRSF1A -- TNFAIP3 -- VEGFA -- TP53 -- TGFB1 -- CASP2 -- IRAK1 -- MAP4K4 -- TNFRSF1B -- CYLD -- TRAF1 -- MAP3K1 -- AR -- BIRC2 -- CFLAR -- HSPB1 -- CDKN2A -- FBXO31 -- RIPK2 -- FASLG -- RHOA -- NGF -- SHC1 -- TNFRSF10B -- KRT18 -- SQSTM1 -- DAB2IP -- PIAS2 -- IRF1 -- HIP1 -- CASP8 -- XIAP -- CASP7 -- SMPD1 -- MTOR -- IL16 -- HIF1A -- TP63 -- RPS6KA1 -- UBE2D3
120,IL1B -- MYD88 -- MAPK8 -- MAPK14 -- NFATC2 -- NFKB1 -- MAPK1 -- MAPK3 -- E2F1 -- PAK2 -- MYC -- NFKBIA -- TNF -- AKT1 -- RXRB -- TNFRSF1A -- TNFAIP3 -- SP1 -- TGFB1 -- TRADD -- RIPK1 -- EIF2AK2 -- BIRC3 -- TNFRSF1B -- TRAF2 -- TRAF1 -- MAP3K1 -- ZFP36 -- AR -- BIRC2 -- CFLAR -- IL4 -- CSF2 -- HSPB1 -- STAT1 -- FBXO31 -- CCND1 -- RIPK2 -- SMURF2 -- PRKCE -- RHOA -- SOCS3 -- NGF -- FGF14 -- MAP3K14 -- FGF7 -- SHC1 -- SQSTM1 -- IRF1 -- HIP1 -- OTUD7B -- BAD -- BCL2L1 -- CASP7 -- CASP1 -- PRNP -- BAX -- IL16 -- HIF1A -- TP63 -- UBE2D3
121,FADD -- IL2 -- CASP3 -- CHUK -- NFKB1 -- MAPK1 -- RB1 -- TNF -- TNFAIP3 -- VEGFA -- TRADD -- EIF2AK2 -- CASP2 -- BIRC3 -- CYLD -- TRAF1 -- AR -- BIRC2 -- ATM -- HSPB1 -- IKBKB -- TERT -- STAT1 -- RIPK2 -- PPM1A -- SMURF2 -- SOCS3 -- NGF -- FGF14 -- MAP3K14 -- FGF7 -- SHC1 -- TNFRSF14 -- DAB2IP -- PIAS2 -- RPAIN -- HIP1 -- CASP8 -- BAD -- BCL2L1 -- CASP1 -- MTOR -- PEA15 -- PRNP -- CYCS -- IL16 -- HIF1A -- TP63 -- UBE2D3
122,MYD88 -- NFATC2 -- CHUK -- NFKB1 -- MAPK3 -- RELA -- JUN -- MYC -- TNF -- RXRB -- ADAM17 -- TGFB1 -- EIF2AK2 -- BIRC3 -- TNFRSF1B -- CYLD -- TRAF1 -- ZFP36 -- CSF2 -- HSPB1 -- FBXO31 -- CCND1 -- MAP2K7 -- PRKCE -- RHOA -- SOCS3 -- NGF -- FGF14 -- FGF7 -- SHC1 -- TNFRSF10B -- TNFRSF14 -- SQSTM1 -- DAB2IP -- IFNB1 -- PIAS2 -- IRF1 -- XIAP -- BCL2L1 -- CASP1 -- MTOR -- PEA15 -- FAF1 -- PRNP -- CYCS -- NFE2L2 -- TP63
123,IL1B -- IL2 -- MAPK14 -- BCL2 -- MAPK1 -- MAPK3 -- JUN -- MYC -- NFKBIA -- TNF -- IL23A -- RXRB -- TNFRSF1A -- TNFAIP3 -- SP1 -- ADAM17 -- CASP2 -- BIRC3 -- TNFRSF1B -- TRAF2 -- ZFP36 -- IL4 -- CSF2 -- STAT1 -- CDKN2A -- FBXO31 -- RIPK2 -- SOCS3 -- FGF14 -- FGF7 -- KRT18 -- TNFRSF14 -- DAB2IP -- IRF1 -- RPAIN -- CASP8 -- OTUD7B -- XIAP -- BAD -- SMPD1 -- CASP1 -- ERBB2 -- FAF1 -- BAX -- IL16 -- TP63
124,FADD -- MYD88 -- IL2 -- CASP3 -- BCL2 -- CHUK -- NFKB1 -- MAPK1 -- MAPK3 -- PAK2 -- RB1 -- JUN -- NFKBIA -- TNF -- IL23A -- AKT1 -- RXRB -- TGFB1 -- TRADD -- TNFRSF1B -- TRAF2 -- TRAF1 -- CFLAR -- IL4 -- HSPB1 -- CDKN2A -- FASLG -- SOCS3 -- FGF14 -- FGF7 -- SHC1 -- TNFRSF10B -- KRT18 -- IFNB1 -- IRF1 -- RPAIN -- HIP1 -- XIAP -- SMPD1 -- CASP1 -- PEA15 -- PRNP -- BAX -- NFE2L2 -- IL16 -- HIF1A -- TP63 -- UBE2D3
125,IL2 -- MAPK14 -- BCL2 -- CHUK -- NFKB1 -- MAPK1 -- JUN -- MYC -- NFKBIA -- IL23A -- AKT1 -- TNFRSF1A -- ADAM17 -- TP53 -- TRADD -- EIF2AK2 -- CASP2 -- IRAK1 -- TRAF2 -- CYLD -- BIRC2 -- ATM -- HSPB1 -- IKBKB -- FBXO31 -- CCND1 -- RIPK2 -- PPM1A -- SMURF2 -- RHOA -- SOCS3 -- FGF14 -- SHC1 -- TNFRSF14 -- SQSTM1 -- DAB2IP -- PIAS2 -- IRF1 -- RPAIN -- HIP1 -- CASP8 -- XIAP -- BAD -- BCL2L1 -- CASP7 -- ERBB2 -- PEA15 -- FAF1 -- PRNP -- BID -- CYCS -- NFE2L2 -- IL16 -- HIF1A -- TP63 -- RPS6KA1
126,IL2 -- CASP3 -- MAPK8 -- MAPK14 -- NFATC2 -- BCL2 -- CHUK -- NFKB1 -- MAPK1 -- MAPK3 -- PAK2 -- RB1 -- RXRB -- TNFRSF1A -- SP1 -- TP53 -- TRADD -- IRAK1 -- TNFRSF1B -- MAP3K1 -- BIRC2 -- ATM -- IL4 -- CSF2 -- IKBKB -- STAT1 -- FBXO31 -- PPM1A -- PRKCE -- FASLG -- RHOA -- SOCS3 -- SHC1 -- KRT18 -- TNFRSF14 -- SQSTM1 -- HIP1 -- CASP8 -- OTUD7B -- XIAP -- MTOR -- FAF1 -- PRNP -- BID -- BAX -- CYCS -- NFE2L2 -- IL16 -- TP63 -- RPS6KA1 -- UBE2D3
127,FADD -- CASP3 -- MAPK14 -- E2F1 -- PAK2 -- RB1 -- TNF -- IL23A -- RXRB -- TNFRSF1A -- SP1 -- ADAM17 -- TP53 -- TRADD -- RIPK1 -- EIF2AK2 -- BIRC3 -- IRAK1 -- MAP4K4 -- TNFRSF1B -- CYLD -- MAP3K1 -- ZFP36 -- AR -- BIRC2 -- STAT1 -- PPM1A -- SMURF2 -- FASLG -- SOCS3 -- FGF14 -- FGF7 -- PIAS2 -- OTUD7B -- XIAP -- BCL2L1 -- SMPD1 -- PEA15 -- PRNP -- NFE2L2 -- HIF1A
128,FADD -- IL1B -- IL2 -- NFATC2 -- NFKB1 -- MAPK1 -- MAPK3 -- E2F1 -- PAK2 -- MYC -- TNFRSF1A -- TNFAIP3 -- SP1 -- TRADD -- EIF2AK2 -- IRAK1 -- MAP4K4 -- TNFRSF1B -- TRAF1 -- AR -- BIRC2 -- ATM -- CFLAR -- IL4 -- HSPB1 -- IKBKB -- TERT -- CCND1 -- PRKCE -- FASLG -- NGF -- MAP3K14 -- FGF7 -- SHC1 -- TNFRSF10B -- DAB2IP -- PIAS2 -- OTUD7B -- CASP7 -- SMPD1 -- FAF1 -- BAX -- CYCS -- NFE2L2 -- IL16 -- HIF1A -- TP63 -- RPS6KA1
129,IL1B -- MYD88 -- IL2 -- CASP3 -- MAPK8 -- NFATC2 -- BCL2 -- MAPK3 -- E2F1 -- RB1 -- JUN -- MYC -- TNF -- AKT1 -- TNFRSF1A -- ADAM17 -- TP53 -- EIF2AK2 -- BIRC3 -- MAP4K4 -- TNFRSF1B -- CYLD -- TRAF1 -- CFLAR -- IL4 -- HSPB1 -- IKBKB -- STAT1 -- CDKN2A -- FBXO31 -- CCND1 -- MAP2K7 -- RIPK2 -- RHOA -- SOCS3 -- FGF14 -- FGF7 -- SHC1 -- SQSTM1 -- PIAS2 -- IRF1 -- RPAIN -- HIP1 -- XIAP -- CASP7 -- SMPD1 -- CASP1 -- PEA15 -- NFE2L2 -- IL16 -- RPS6KA1 -- UBE2D3
130,IL1B -- MYD88 -- IL2 -- MAPK8 -- MAPK14 -- NFKB1 -- MAPK3 -- NFKBIA -- IL23A -- AKT1 -- TNFAIP3 -- TP53 -- RIPK1 -- CASP2 -- BIRC3 -- IRAK1 -- MAP4K4 -- TNFRSF1B -- CYLD -- AR -- BIRC2 -- ATM -- IKBKB -- TERT -- STAT1 -- MAP2K7 -- RIPK2 -- PPM1A -- SMURF2 -- PRKCE -- RHOA -- NGF -- MAP3K14 -- FGF7 -- SHC1 -- IFNB1 -- PIAS2 -- HIP1 -- OTUD7B -- CASP7 -- SMPD1 -- CASP1 -- PEA15 -- BAX -- UBE2D3
131,FADD -- IL1B -- IL2 -- NFATC2 -- MAPK1 -- RELA -- JUN -- TNF -- AKT1 -- RXRB -- TNFAIP3 -- SP1 -- ADAM17 -- RIPK1 -- BIRC3 -- TNFRSF1B -- TRAF2 -- AR -- BIRC2 -- ATM -- IL4 -- HSPB1 -- IKBKB -- CDKN2A -- FBXO31 -- PPM1A -- SMURF2 -- PRKCE -- FASLG -- RHOA -- NGF -- FGF14 -- MAP3K14 -- TNFRSF10B -- TNFRSF14 -- IFNB1 -- IRF1 -- RPAIN -- CASP8 -- OTUD7B -- XIAP -- BAD -- CASP7 -- CASP1 -- MTOR -- PEA15 -- FAF1 -- BAX -- CYCS -- HIF1A -- RPS6KA1
132,MYD88 -- MAPK8 -- NFATC2 -- BCL2 -- MAPK1 -- E2F1 -- MYC -- TNF -- IL23A -- TNFAIP3 -- ADAM17 -- TP53 -- TRADD -- RIPK1 -- EIF2AK2 -- CASP2 -- BIRC3 -- IRAK1 -- TNFRSF1B -- TRAF1 -- MAP3K1 -- CFLAR -- IL4 -- IKBKB -- TERT -- STAT1 -- CDKN2A -- CCND1 -- MAP2K7 -- PRKCE -- SOCS3 -- NGF -- MAP3K14 -- FGF7 -- SHC1 -- KRT18 -- SQSTM1 -- IFNB1 -- RPAIN -- HIP1 -- OTUD7B -- XIAP -- BCL2L1 -- CASP1 -- PEA15 -- BAX -- NFE2L2 -- IL16 -- RPS6KA1 -- UBE2D3
133,FADD -- MAPK8 -- MAPK14 -- NFKB1 -- PAK2 -- RB1 -- RXRB -- SP1 -- TP53 -- TGFB1 -- TRADD -- RIPK1 -- CASP2 -- MAP4K4 -- TNFRSF1B -- TRAF1 -- BIRC2 -- ATM -- IL4 -- CSF2 -- CDKN2A -- FBXO31 -- CCND1 -- RIPK2 -- PPM1A -- SMURF2 -- SOCS3 -- FGF14 -- FGF7 -- SHC1 -- TNFRSF10B -- KRT18 -- TNFRSF14 -- SQSTM1 -- DAB2IP -- IFNB1 -- PIAS2 -- IRF1 -- XIAP -- BAD -- CASP7 -- SMPD1 -- ERBB2 -- PEA15 -- PRNP -- BID -- NFE2L2 -- IL16 -- HIF1A
134,IL1B -- MYD88 -- CASP3 -- MAPK8 -- MAPK14 -- BCL2 -- NFKB1 -- RELA -- PAK2 -- AKT1 -- RXRB -- TNFAIP3 -- ADAM17 -- RIPK1 -- CASP2 -- BIRC3 -- MAP4K4 -- TNFRSF1B -- MAP3K1 -- CFLAR -- CSF2 -- FBXO31 -- CCND1 -- RIPK2 -- SMURF2 -- RHOA -- FGF14 -- MAP3K14 -- SHC1 -- TNFRSF10B -- TNFRSF14 -- SQSTM1 -- DAB2IP -- IFNB1 -- PIAS2 -- RPAIN -- BCL2L1 -- CASP7 -- CASP1 -- BAX -- CYCS -- IL16
135,MYD88 -- IL2 -- BCL2 -- CHUK -- MAPK1 -- E2F1 -- MYC -- IL23A -- TNFRSF1A -- SP1 -- VEGFA -- TGFB1 -- EIF2AK2 -- CASP2 -- BIRC3 -- IRAK1 -- TRAF2 -- TRAF1 -- AR -- BIRC2 -- ATM -- CFLAR -- CSF2 -- TERT -- STAT1 -- CDKN2A -- MAP2K7 -- RIPK2 -- SMURF2 -- PRKCE -- NGF -- MAP3K14 -- SHC1 -- TNFRSF10B -- SQSTM1 -- DAB2IP -- PIAS2 -- HIP1 -- BAD -- CASP7 -- MTOR -- FAF1 -- PRNP -- BID -- BAX -- CYCS -- NFE2L2 -- IL16 -- UBE2D3
136,MYD88 -- IL2 -- CASP3 -- MAPK8 -- NFATC2 -- CHUK -- E2F1 -- PAK2 -- MYC -- IL23A -- RXRB -- TNFAIP3 -- VEGFA -- TRADD -- RIPK1 -- EIF2AK2 -- CASP2 -- MAP4K4 -- TNFRSF1B -- MAP3K1 -- ZFP36 -- AR -- IL4 -- IKBKB -- TERT -- STAT1 -- MAP2K7 -- RIPK2 -- PRKCE -- FASLG -- FGF14 -- MAP3K14 -- SHC1 -- KRT18 -- TNFRSF14 -- SQSTM1 -- RPAIN -- OTUD7B -- XIAP -- BAD -- CASP7 -- SMPD1 -- CASP1 -- ERBB2 -- PEA15 -- PRNP -- BAX -- HIF1A -- TP63 -- UBE2D3
137,FADD -- IL1B -- CASP3 -- MAPK8 -- NFATC2 -- BCL2 -- CHUK -- NFKB1 -- MAPK3 -- E2F1 -- RB1 -- JUN -- MYC -- NFKBIA -- TNF -- AKT1 -- RXRB -- SP1 -- ADAM17 -- TP53 -- TGFB1 -- RIPK1 -- CASP2 -- IRAK1 -- TNFRSF1B -- CYLD -- TRAF1 -- ZFP36 -- AR -- IL4 -- IKBKB -- CDKN2A -- CCND1 -- PPM1A -- PRKCE -- RHOA -- FGF14 -- TNFRSF10B -- KRT18 -- SQSTM1 -- DAB2IP -- PIAS2 -- RPAIN -- CASP8 -- OTUD7B -- XIAP -- SMPD1 -- CASP1 -- ERBB2 -- FAF1 -- BID -- NFE2L2 -- TP63 -- RPS6KA1 -- UBE2D3
138,IL2 -- CASP3 -- MAPK14 -- NFATC2 -- BCL2 -- CHUK -- NFKB1 -- RELA -- PAK2 -- RB1 -- JUN -- NFKBIA -- TNF -- IL23A -- RXRB -- TNFAIP3 -- SP1 -- VEGFA -- ADAM17 -- TP53 -- TRADD -- EIF2AK2 -- IRAK1 -- TRAF1 -- ZFP36 -- AR -- BIRC2 -- IL4 -- CSF2 -- IKBKB -- TERT -- STAT1 -- MAP2K7 -- RHOA -- MAP3K14 -- FGF7 -- TNFRSF10B -- DAB2IP -- RPAIN -- HIP1 -- CASP8 -- OTUD7B -- XIAP -- BAD -- ERBB2 -- PEA15 -- FAF1 -- CYCS -- HIF1A -- TP63
139,FADD -- CASP3 -- MAPK8 -- E2F1 -- RELA -- RB1 -- MYC -- IL23A -- RXRB -- TNFRSF1A -- TNFAIP3 -- VEGFA -- ADAM17 -- TP53 -- TGFB1 -- TRADD -- RIPK1 -- IRAK1 -- MAP4K4 -- CYLD -- TRAF1 -- IL4 -- HSPB1 -- TERT -- STAT1 -- CDKN2A -- CCND1 -- PPM1A -- SMURF2 -- FASLG -- RHOA -- SOCS3 -- NGF -- FGF7 -- TNFRSF10B -- KRT18 -- SQSTM1 -- IRF1 -- HIP1 -- BAD -- BCL2L1 -- CASP7 -- SMPD1 -- ERBB2 -- MTOR -- PEA15 -- PRNP -- BID -- IL16 -- HIF1A -- TP63
140,FADD -- MYD88 -- MAPK14 -- NFATC2 -- E2F1 -- RELA -- PAK2 -- JUN -- NFKBIA -- TNF -- AKT1 -- TNFRSF1A -- TNFAIP3 -- SP1 -- VEGFA -- TGFB1 -- TRADD -- EIF2AK2 -- CASP2 -- IRAK1 -- TNFRSF1B -- CYLD -- MAP3K1 -- ZFP36 -- BIRC2 -- IL4 -- CSF2 -- IKBKB -- CDKN2A -- FBXO31 -- RIPK2 -- SMURF2 -- FASLG -- FGF7 -- KRT18 -- DAB2IP -- IFNB1 -- PIAS2 -- IRF1 -- RPAIN -- OTUD7B -- XIAP -- CASP7 -- SMPD1 -- ERBB2 -- PEA15 -- FAF1 -- BID -- CYCS -- IL16 -- HIF1A -- RPS6KA1 -- UBE2D3
141,MAPK8 -- MAPK14 -- MAPK1 -- MAPK3 -- RELA -- PAK2 -- RB1 -- NFKBIA -- TNFRSF1A -- TNFAIP3 -- SP1 -- VEGFA -- ADAM17 -- TP53 -- TRADD -- RIPK1 -- EIF2AK2 -- BIRC3 -- CYLD -- AR -- BIRC2 -- ATM -- IL4 -- HSPB1 -- TERT -- CDKN2A -- FBXO31 -- CCND1 -- MAP2K7 -- PPM1A -- SMURF2 -- FASLG -- TNFRSF10B -- DAB2IP -- IFNB1 -- IRF1 -- HIP1 -- CASP8 -- OTUD7B -- XIAP -- BCL2L1 -- SMPD1 -- CASP1 -- BID -- NFE2L2 -- TP63 -- RPS6KA1 -- UBE2D3
142,MYD88 -- IL2 -- CASP3 -- RELA -- PAK2 -- MYC -- NFKBIA -- AKT1 -- RXRB -- SP1 -- VEGFA -- TP53 -- EIF2AK2 -- CASP2 -- IRAK1 -- MAP4K4 -- TNFRSF1B -- TRAF2 -- CYLD -- TRAF1 -- AR -- BIRC2 -- ATM -- CFLAR -- IKBKB -- TERT -- STAT1 -- CDKN2A -- CCND1 -- RIPK2 -- PPM1A -- SMURF2 -- FASLG -- FGF14 -- SHC1 -- TNFRSF10B -- KRT18 -- SQSTM1 -- DAB2IP -- IFNB1 -- PIAS2 -- XIAP -- SMPD1 -- CASP1 -- ERBB2 -- PEA15 -- FAF1 -- BAX -- CYCS -- HIF1A -- TP63 -- RPS6KA1
143,FADD -- IL1B -- IL2 -- CASP3 -- MAPK8 -- MAPK1 -- RELA -- PAK2 -- JUN -- MYC -- TP53 -- TRADD -- RIPK1 -- EIF2AK2 -- CASP2 -- IRAK1 -- MAP4K4 -- TNFRSF1B -- TRAF2 -- TRAF1 -- MAP3K1 -- ZFP36 -- ATM -- CFLAR -- IL4 -- CSF2 -- IKBKB -- CDKN2A -- FBXO31 -- MAP2K7 -- RIPK2 -- PPM1A -- SMURF2 -- PRKCE -- RHOA -- NGF -- FGF7 -- SHC1 -- TNFRSF10B -- SQSTM1 -- DAB2IP -- IFNB1 -- PIAS2 -- RPAIN -- CASP8 -- OTUD7B -- BCL2L1 -- CASP7 -- SMPD1 -- CASP1 -- ERBB2 -- MTOR -- PEA15 -- FAF1 -- BID -- BAX -- CYCS -- HIF1A
144,IL1B -- CASP3 -- NFATC2 -- NFKB1 -- RELA -- RB1 -- JUN -- IL23A -- AKT1 -- RXRB -- TNFRSF1A -- TNFAIP3 -- SP1 -- ADAM17 -- TGFB1 -- TRADD -- RIPK1 -- CASP2 -- BIRC3 -- MAP4K4 -- ZFP36 -- AR -- BIRC2 -- CFLAR -- CSF2 -- IKBKB -- RIPK2 -- SMURF2 -- PRKCE -- FASLG -- RHOA -- SOCS3 -- NGF -- FGF7 -- TNFRSF14 -- SQSTM1 -- DAB2IP -- BAD -- BCL2L1 -- CASP7 -- SMPD1 -- CASP1 -- MTOR -- BID -- BAX -- IL16 -- HIF1A -- UBE2D3
145,FADD -- IL2 -- MAPK8 -- NFKB1 -- MAPK3 -- RELA -- PAK2 -- JUN -- MYC -- AKT1 -- VEGFA -- ADAM17 -- TRADD -- RIPK1 -- EIF2AK2 -- BIRC3 -- IRAK1 -- MAP4K4 -- TRAF1 -- MAP3K1 -- AR -- ATM -- CFLAR -- IL4 -- CSF2 -- TERT -- STAT1 -- CDKN2A -- FBXO31 -- CCND1 -- MAP2K7 -- SMURF2 -- PRKCE -- FASLG -- NGF -- FGF7 -- SHC1 -- TNFRSF10B -- KRT18 -- TNFRSF14 -- SQSTM1 -- HIP1 -- CASP8 -- XIAP -- BCL2L1 -- SMPD1 -- ERBB2 -- MTOR -- PEA15 -- PRNP -- CYCS -- NFE2L2 -- HIF1A -- TP63
146,MYD88 -- MAPK8 -- BCL2 -- NFKB1 -- MAPK3 -- RELA -- PAK2 -- RB1 -- JUN -- MYC -- RXRB -- TNFRSF1A -- ADAM17 -- TP53 -- TGFB1 -- CASP2 -- IRAK1 -- TNFRSF1B -- TRAF2 -- CYLD -- TRAF1 -- ZFP36 -- AR -- ATM -- IL4 -- CSF2 -- HSPB1 -- IKBKB -- MAP2K7 -- RIPK2 -- PPM1A -- PRKCE -- FASLG -- SOCS3 -- NGF -- FGF14 -- SHC1 -- TNFRSF10B -- TNFRSF14 -- IFNB1 -- RPAIN -- CASP8 -- XIAP -- SMPD1 -- ERBB2 -- PEA15 -- PRNP -- BAX -- CYCS -- HIF1A -- TP63 -- RPS6KA1
147,IL2 -- CASP3 -- MAPK8 -- NFATC2 -- BCL2 -- CHUK -- MAPK3 -- E2F1 -- RELA -- PAK2 -- RB1 -- MYC -- NFKBIA -- IL23A -- SP1 -- ADAM17 -- TP53 -- TGFB1 -- EIF2AK2 -- BIRC3 -- IRAK1 -- MAP4K4 -- TNFRSF1B -- TRAF2 -- TRAF1 -- AR -- CFLAR -- CSF2 -- IKBKB -- STAT1 -- PRKCE -- FASLG -- RHOA -- NGF -- FGF14 -- SHC1 -- SQSTM1 -- DAB2IP -- IFNB1 -- PIAS2 -- RPAIN -- HIP1 -- CASP8 -- OTUD7B -- XIAP -- BAD -- SMPD1 -- CASP1 -- ERBB2 -- MTOR -- PEA15 -- FAF1 -- CYCS -- NFE2L2 -- IL16 -- HIF1A -- TP63 -- RPS6KA1
148,MAPK8 -- NFATC2 -- MAPK1 -- MAPK3 -- JUN -- NFKBIA -- AKT1 -- TNFAIP3 -- ADAM17 -- TP53 -- TGFB1 -- TRADD -- CASP2 -- BIRC3 -- TNFRSF1B -- TRAF2 -- MAP3K1 -- AR -- BIRC2 -- ATM -- CSF2 -- HSPB1 -- IKBKB -- TERT -- STAT1 -- CDKN2A -- FBXO31 -- MAP2K7 -- PPM1A -- PRKCE -- FASLG -- RHOA -- SOCS3 -- SHC1 -- TNFRSF10B -- KRT18 -- TNFRSF14 -- SQSTM1 -- IFNB1 -- PIAS2 -- IRF1 -- RPAIN -- HIP1 -- XIAP -- BCL2L1 -- PEA15 -- FAF1 -- PRNP -- NFE2L2 -- IL16 -- RPS6KA1
149,IL1B -- IL2 -- MAPK14 -- NFATC2 -- CHUK -- NFKB1 -- E2F1 -- RELA -- PAK2 -- RB1 -- MYC -- TNFRSF1A -- TNFAIP3 -- SP1 -- VEGFA -- ADAM17 -- TP53 -- TGFB1 -- TRADD -- IRAK1 -- MAP3K1 -- ZFP36 -- HSPB1 -- STAT1 -- CDKN2A -- FBXO31 -- CCND1 -- SMURF2 -- PRKCE -- RHOA -- FGF7 -- SHC1 -- TNFRSF10B -- KRT18 -- TNFRSF14 -- IFNB1 -- PIAS2 -- RPAIN -- BAD -- BCL2L1 -- ERBB2 -- PEA15 -- BID -- BAX -- HIF1A -- TP63
150,FADD -- IL1B -- MYD88 -- IL2 -- MAPK14 -- NFATC2 -- CHUK -- E2F1 -- JUN -- MYC -- TNF -- IL23A -- RXRB -- SP1 -- VEGFA -- TP53 -- RIPK1 -- IRAK1 -- TNFRSF1B -- AR -- BIRC2 -- ATM -- CFLAR -- IL4 -- CSF2 -- IKBKB -- TERT -- STAT1 -- MAP2K7 -- RIPK2 -- PRKCE -- RHOA -- SOCS3 -- NGF -- FGF14 -- MAP3K14 -- TNFRSF14 -- PIAS2 -- OTUD7B -- XIAP -- BAD -- CASP7 -- CASP1 -- PRNP -- BID -- BAX -- NFE2L2 -- TP63 -- RPS6KA1 -- UBE2D3
151,FADD -- MYD88 -- CASP3 -- MAPK14 -- NFKB1 -- MAPK3 -- E2F1 -- RELA -- PAK2 -- JUN -- MYC -- NFKBIA -- IL23A -- RXRB -- TNFAIP3 -- SP1 -- VEGFA -- TGFB1 -- TRADD -- CASP2 -- IRAK1 -- TNFRSF1B -- CYLD -- MAP3K1 -- BIRC2 -- ATM -- IL4 -- HSPB1 -- IKBKB -- CDKN2A -- FBXO31 -- MAP2K7 -- RIPK2 -- PPM1A -- SMURF2 -- PRKCE -- FASLG -- RHOA -- SOCS3 -- NGF -- MAP3K14 -- FGF7 -- KRT18 -- TNFRSF14 -- SQSTM1 -- PIAS2 -- IRF1 -- BAD -- BCL2L1 -- SMPD1 -- CASP1 -- ERBB2 -- MTOR -- PEA15 -- PRNP -- BID -- CYCS -- NFE2L2 -- HIF1A -- TP63 -- UBE2D3
152,FADD -- IL1B -- MYD88 -- MAPK8 -- BCL2 -- CHUK -- NFKB1 -- MAPK1 -- RB1 -- JUN -- MYC -- NFKBIA -- IL23A -- AKT1 -- RXRB -- TNFAIP3 -- CASP2 -- BIRC3 -- MAP4K4 -- TNFRSF1B -- MAP3K1 -- ZFP36 -- AR -- ATM -- TERT -- SMURF2 -- RHOA -- FGF14 -- FGF7 -- TNFRSF10B -- KRT18 -- TNFRSF14 -- SQSTM1 -- IRF1 -- HIP1 -- CASP8 -- BAD -- CASP7 -- SMPD1 -- CASP1 -- ERBB2 -- FAF1 -- BID -- BAX -- NFE2L2 -- TP63 -- RPS6KA1
153,CASP3 -- MAPK8 -- BCL2 -- CHUK -- NFKB1 -- MAPK1 -- E2F1 -- PAK2 -- MYC -- TNF -- IL23A -- SP1 -- VEGFA -- TP53 -- TRADD -- TRAF2 -- CYLD -- MAP3K1 -- ZFP36 -- AR -- CSF2 -- TERT -- CDKN2A -- FBXO31 -- MAP2K7 -- PPM1A -- SMURF2 -- FASLG -- RHOA -- FGF14 -- TNFRSF10B -- TNFRSF14 -- SQSTM1 -- DAB2IP -- PIAS2 -- RPAIN -- XIAP -- BAD -- BCL2L1 -- CASP7 -- SMPD1 -- CASP1 -- ERBB2 -- MTOR -- BID -- NFE2L2 -- TP63 -- UBE2D3
154,CASP3 -- MAPK8 -- NFATC2 -- BCL2 -- CHUK -- RELA -- PAK2 -- RB1 -- JUN -- MYC -- TNF -- IL23A -- TNFAIP3 -- SP1 -- VEGFA -- ADAM17 -- TRADD -- CASP2 -- BIRC3 -- MAP4K4 -- TRAF2 -- ZFP36 -- BIRC2 -- ATM -- IL4 -- HSPB1 -- TERT -- RIPK2 -- PPM1A -- PRKCE -- FASLG -- SOCS3 -- FGF14 -- SHC1 -- TNFRSF10B -- KRT18 -- TNFRSF14 -- DAB2IP -- IFNB1 -- IRF1 -- RPAIN -- HIP1 -- XIAP -- BAD -- CASP7 -- CASP1 -- FAF1 -- PRNP -- BID -- BAX -- CYCS -- NFE2L2 -- IL16
155,FADD -- MYD88 -- CASP3 -- MAPK8 -- MAPK14 -- NFATC2 -- NFKB1 -- E2F1 -- MYC -- AKT1 -- RXRB -- TNFRSF1A -- TP53 -- IRAK1 -- MAP4K4 -- IL4 -- CSF2 -- IKBKB -- STAT1 -- CDKN2A -- PPM1A -- PRKCE -- NGF -- FGF14 -- MAP3K14 -- SHC1 -- TNFRSF10B -- DAB2IP -- RPAIN -- CASP8 -- OTUD7B -- XIAP -- CASP1 -- ERBB2 -- MTOR -- PRNP -- BID -- BAX -- IL16 -- TP63 -- UBE2D3
156,FADD -- MYD88 -- IL2 -- MAPK14 -- NFKB1 -- MAPK3 -- RELA -- JUN -- NFKBIA -- AKT1 -- RXRB -- SP1 -- VEGFA -- ADAM17 -- TP53 -- TGFB1 -- CASP2 -- BIRC3 -- IRAK1 -- TRAF1 -- MAP3K1 -- BIRC2 -- CSF2 -- CDKN2A -- RIPK2 -- SMURF2 -- RHOA -- SOCS3 -- NGF -- FGF14 -- MAP3K14 -- SHC1 -- TNFRSF14 -- SQSTM1 -- PIAS2 -- XIAP -- BAD -- BCL2L1 -- CASP7 -- SMPD1 -- ERBB2 -- MTOR -- PEA15 -- BAX -- CYCS -- NFE2L2 -- HIF1A -- TP63 -- RPS6KA1
157,FADD -- IL2 -- CASP3 -- NFATC2 -- CHUK -- MAPK3 -- RELA -- JUN -- MYC -- NFKBIA -- TNF -- AKT1 -- RXRB -- VEGFA -- TGFB1 -- TRADD -- RIPK1 -- EIF2AK2 -- CASP2 -- BIRC3 -- IRAK1 -- MAP4K4 -- TNFRSF1B -- TRAF2 -- CYLD -- TRAF1 -- ZFP36 -- AR -- BIRC2 -- ATM -- CFLAR -- IL4 -- CSF2 -- HSPB1 -- IKBKB -- CDKN2A -- FBXO31 -- CCND1 -- PPM1A -- PRKCE -- FASLG -- NGF -- FGF14 -- MAP3K14 -- TNFRSF10B -- TNFRSF14 -- SQSTM1 -- IFNB1 -- PIAS2 -- IRF1 -- CASP8 -- OTUD7B -- XIAP -- BCL2L1 -- CASP1 -- ERBB2 -- FAF1 -- PRNP -- BAX -- HIF1A -- TP63 -- RPS6KA1
158,IL1B -- MYD88 -- IL2 -- CASP3 -- BCL2 -- CHUK -- MAPK1 -- MAPK3 -- E2F1 -- RB1 -- MYC -- TNF -- IL23A -- AKT1 -- TNFRSF1A -- SP1 -- TP53 -- TGFB1 -- TRADD -- RIPK1 -- EIF2AK2 -- CASP2 -- IRAK1 -- MAP4K4 -- TRAF2 -- CYLD -- ZFP36 -- ATM -- CFLAR -- FBXO31 -- CCND1 -- MAP2K7 -- SMURF2 -- PRKCE -- FASLG -- TNFRSF14 -- DAB2IP -- IFNB1 -- PIAS2 -- XIAP -- BAD -- CASP7 -- SMPD1 -- CASP1 -- MTOR -- IL16 -- TP63 -- RPS6KA1 -- UBE2D3
159,FADD -- IL1B -- MYD88 -- IL2 -- CASP3 -- MAPK8 -- NFATC2 -- CHUK -- NFKB1 -- E2F1 -- RB1 -- MYC -- NFKBIA -- AKT1 -- RXRB -- SP1 -- VEGFA -- ADAM17 -- TP53 -- TGFB1 -- IRAK1 -- MAP4K4 -- TRAF2 -- CYLD -- AR -- BIRC2 -- IL4 -- CSF2 -- IKBKB -- TERT -- STAT1 -- FBXO31 -- PPM1A -- SMURF2 -- PRKCE -- NGF -- FGF7 -- SHC1 -- TNFRSF10B -- SQSTM1 -- DAB2IP -- IFNB1 -- PIAS2 -- IRF1 -- RPAIN -- HIP1 -- CASP8 -- OTUD7B -- CASP7 -- CASP1 -- ERBB2 -- PEA15 -- FAF1 -- BAX -- CYCS -- HIF1A
160,IL1B -- MYD88 -- IL2 -- MAPK8 -- MAPK14 -- CHUK -- NFKB1 -- MAPK1 -- RELA -- PAK2 -- RB1 -- MYC -- NFKBIA -- TNF -- AKT1 -- RXRB -- TNFRSF1A -- TNFAIP3 -- SP1 -- TGFB1 -- TRADD -- BIRC3 -- IRAK1 -- CYLD -- ZFP36 -- AR -- ATM -- CFLAR -- IL4 -- CSF2 -- HSPB1 -- IKBKB -- TERT -- FBXO31 -- MAP2K7 -- PRKCE -- SOCS3 -- FGF14 -- TNFRSF10B -- KRT18 -- TNFRSF14 -- SQSTM1 -- IFNB1 -- PIAS2 -- RPAIN -- HIP1 -- CASP1 -- ERBB2 -- BAX -- NFE2L2 -- IL16 -- HIF1A -- TP63 -- RPS6KA1 -- UBE2D3
161,IL1B -- MYD88 -- NFATC2 -- MAPK3 -- E2F1 -- RELA -- JUN -- TNF -- RXRB -- VEGFA -- ADAM17 -- TGFB1 -- RIPK1 -- EIF2AK2 -- MAP4K4 -- MAP3K1 -- ZFP36 -- BIRC2 -- CFLAR -- CSF2 -- IKBKB -- STAT1 -- FBXO31 -- CCND1 -- MAP2K7 -- RIPK2 -- SMURF2 -- FASLG -- NGF -- FGF14 -- MAP3K14 -- SHC1 -- KRT18 -- SQSTM1 -- DAB2IP -- IFNB1 -- IRF1 -- RPAIN -- HIP1 -- CASP8 -- OTUD7B -- XIAP -- BAD -- BCL2L1 -- CASP7 -- ERBB2 -- MTOR -- PEA15 -- PRNP -- BAX -- IL16 -- HIF1A
162,MAPK8 -- RELA -- PAK2 -- MYC -- TNF -- AKT1 -- RXRB -- TNFRSF1A -- TNFAIP3 -- SP1 -- VEGFA -- ADAM17 -- CASP2 -- BIRC3 -- IRAK1 -- TRAF2 -- ZFP36 -- BIRC2 -- ATM -- IL4 -- IKBKB -- FBXO31 -- PPM1A -- PRKCE -- FASLG -- RHOA -- NGF -- FGF7 -- SHC1 -- SQSTM1 -- DAB2IP -- IFNB1 -- PIAS2 -- XIAP -- BAD -- SMPD1 -- ERBB2 -- MTOR -- PEA15 -- BID -- NFE2L2 -- IL16 -- TP63 -- RPS6KA1 -- UBE2D3
163,IL1B -- MYD88 -- IL2 -- CASP3 -- MAPK14 -- NFATC2 -- BCL2 -- E2F1 -- RELA -- MYC -- NFKBIA -- IL23A -- AKT1 -- TNFRSF1A -- SP1 -- VEGFA -- ADAM17 -- TP53 -- TGFB1 -- RIPK1 -- EIF2AK2 -- BIRC3 -- IRAK1 -- MAP4K4 -- CYLD -- TRAF1 -- MAP3K1 -- ZFP36 -- AR -- IL4 -- CSF2 -- IKBKB -- TERT -- STAT1 -- CCND1 -- PPM1A -- NGF -- SHC1 -- TNFRSF10B -- KRT18 -- DAB2IP -- PIAS2 -- IRF1 -- OTUD7B -- SMPD1 -- CASP1 -- ERBB2 -- FAF1 -- PRNP -- BID -- CYCS -- NFE2L2 -- IL16
164,MYD88 -- IL2 -- CASP3 -- MAPK8 -- MAPK14 -- NFKB1 -- PAK2 -- MYC -- IL23A -- TNFAIP3 -- VEGFA -- TP53 -- TGFB1 -- TRADD -- EIF2AK2 -- IRAK1 -- TNFRSF1B -- TRAF2 -- TRAF1 -- MAP3K1 -- ZFP36 -- BIRC2 -- ATM -- CFLAR -- CSF2 -- HSPB1 -- STAT1 -- MAP2K7 -- PPM1A -- SMURF2 -- PRKCE -- RHOA -- NGF -- FGF14 -- SHC1 -- TNFRSF10B -- TNFRSF14 -- IFNB1 -- IRF1 -- HIP1 -- CASP8 -- BAD -- BCL2L1 -- CASP7 -- SMPD1 -- ERBB2 -- PEA15 -- PRNP -- BAX -- TP63
165,IL1B -- CASP3 -- MAPK8 -- MAPK14 -- BCL2 -- NFKB1 -- MAPK3 -- E2F1 -- RELA -- JUN -- MYC -- TNF -- IL23A -- AKT1 -- TNFRSF1A -- SP1 -- VEGFA -- TP53 -- TGFB1 -- TRADD -- RIPK1 -- BIRC3 -- IRAK1 -- TRAF2 -- CYLD -- TRAF1 -- AR -- CFLAR -- CSF2 -- HSPB1 -- TERT -- STAT1 -- FBXO31 -- CCND1 -- RIPK2 -- PPM1A -- PRKCE -- FASLG -- SOCS3 -- NGF -- TNFRSF10B -- TNFRSF14 -- SQSTM1 -- PIAS2 -- ERBB2 -- PEA15 -- FAF1 -- PRNP -- BID -- CYCS -- IL16 -- HIF1A -- RPS6KA1
166,FADD -- IL1B -- IL2 -- CASP3 -- MAPK1 -- RELA -- NFKBIA -- RXRB -- SP1 -- ADAM17 -- RIPK1 -- CASP2 -- TNFRSF1B -- CYLD -- TRAF1 -- MAP3K1 -- AR -- BIRC2 -- ATM -- IL4 -- CSF2 -- STAT1 -- RIPK2 -- PPM1A -- SMURF2 -- FASLG -- RHOA -- FGF14 -- FGF7 -- SHC1 -- TNFRSF10B -- TNFRSF14 -- DAB2IP -- IFNB1 -- PIAS2 -- IRF1 -- HIP1 -- CASP8 -- BAD -- BCL2L1 -- SMPD1 -- MTOR -- BID -- CYCS -- IL16 -- RPS6KA1
167,FADD -- IL1B -- MYD88 -- IL2 -- MAPK8 -- MAPK3 -- RELA -- JUN -- MYC -- NFKBIA -- AKT1 -- TP53 -- RIPK1 -- EIF2AK2 -- IRAK1 -- CYLD -- TRAF1 -- ZFP36 -- ATM -- CFLAR -- IL4 -- HSPB1 -- FBXO31 -- RIPK2 -- PRKCE -- FASLG -- RHOA -- SOCS3 -- NGF -- FGF14 -- SHC1 -- TNFRSF14 -- IFNB1 -- RPAIN -- CASP8 -- XIAP -- BCL2L1 -- SMPD1 -- MTOR -- PRNP -- BID -- CYCS -- NFE2L2 -- HIF1A -- TP63 -- UBE2D3
168,MAPK8 -- BCL2 -- CHUK -- NFKB1 -- E2F1 -- PAK2 -- RB1 -- JUN -- MYC -- NFKBIA -- AKT1 -- TNFAIP3 -- SP1 -- ADAM17 -- TP53 -- TGFB1 -- TRADD -- EIF2AK2 -- BIRC3 -- MAP4K4 -- TRAF2 -- CYLD -- AR -- FBXO31 -- RIPK2 -- PRKCE -- FGF14 -- SHC1 -- TNFRSF10B -- TNFRSF14 -- SQSTM1 -- RPAIN -- CASP8 -- OTUD7B -- BAD -- BCL2L1 -- CASP7 -- ERBB2 -- PRNP -- BID -- CYCS -- NFE2L2 -- TP63 -- UBE2D3
169,MYD88 -- BCL2 -- MAPK1 -- E2F1 -- RB1 -- NFKBIA -- IL23A -- RXRB -- TNFAIP3 -- SP1 -- ADAM17 -- TP53 -- EIF2AK2 -- TNFRSF1B -- TRAF2 -- TRAF1 -- BIRC2 -- CFLAR -- CSF2 -- STAT1 -- CDKN2A -- MAP2K7 -- SMURF2 -- FASLG -- RHOA -- NGF -- FGF7 -- TNFRSF10B -- TNFRSF14 -- SQSTM1 -- DAB2IP -- IFNB1 -- IRF1 -- HIP1 -- XIAP -- CASP7 -- CASP1 -- ERBB2 -- PEA15 -- FAF1 -- BID -- NFE2L2 -- IL16 -- HIF1A
170,FADD -- IL1B -- IL2 -- CASP3 -- NFATC2 -- CHUK -- MAPK1 -- E2F1 -- RELA -- PAK2 -- RB1 -- JUN -- MYC -- TNF -- SP1 -- ADAM17 -- TGFB1 -- TRADD -- CASP2 -- MAP4K4 -- TNFRSF1B -- TRAF2 -- TRAF1 -- ZFP36 -- AR -- CFLAR -- HSPB1 -- STAT1 -- CDKN2A -- FBXO31 -- CCND1 -- MAP2K7 -- SMURF2 -- PRKCE -- FASLG -- RHOA -- SOCS3 -- NGF -- FGF14 -- MAP3K14 -- SHC1 -- KRT18 -- TNFRSF14 -- SQSTM1 -- PIAS2 -- RPAIN -- CASP7 -- CASP1 -- FAF1 -- PRNP -- BID -- BAX -- CYCS -- NFE2L2 -- IL16 -- RPS6KA1 -- UBE2D3
171,IL1B -- CASP3 -- MAPK14 -- BCL2 -- CHUK -- MAPK1 -- E2F1 -- RELA -- PAK2 -- NFKBIA -- TNF -- IL23A -- RXRB -- TNFAIP3 -- TP53 -- TGFB1 -- EIF2AK2 -- MAP4K4 -- CYLD -- ZFP36 -- BIRC2 -- ATM -- IL4 -- STAT1 -- MAP2K7 -- PPM1A -- PRKCE -- RHOA -- SOCS3 -- NGF -- SHC1 -- TNFRSF10B -- KRT18 -- SQSTM1 -- DAB2IP -- IFNB1 -- IRF1 -- RPAIN -- HIP1 -- CASP8 -- XIAP -- SMPD1 -- CASP1 -- ERBB2 -- PEA15 -- BID -- BAX -- CYCS -- NFE2L2 -- HIF1A -- RPS6KA1
172,IL2 -- CASP3 -- MAPK8 -- BCL2 -- MAPK3 -- E2F1 -- JUN -- MYC -- NFKBIA -- TNF -- RXRB -- TRADD -- CASP2 -- IRAK1 -- TNFRSF1B -- TRAF2 -- CYLD -- ZFP36 -- AR -- BIRC2 -- CFLAR -- IL4 -- CSF2 -- HSPB1 -- TERT -- STAT1 -- FBXO31 -- CCND1 -- MAP2K7 -- PRKCE -- RHOA -- SOCS3 -- NGF -- MAP3K14 -- FGF7 -- TNFRSF10B -- TNFRSF14 -- SQSTM1 -- PIAS2 -- CASP8 -- OTUD7B -- BCL2L1 -- SMPD1 -- CASP1 -- ERBB2 -- MTOR -- PEA15 -- FAF1 -- PRNP -- BID -- BAX -- TP63 -- RPS6KA1 -- UBE2D3
173,IL1B -- MAPK8 -- MAPK14 -- NFATC2 -- BCL2 -- NFKB1 -- MAPK3 -- PAK2 -- RXRB -- TNFRSF1A -- SP1 -- VEGFA -- TGFB1 -- TRADD -- EIF2AK2 -- BIRC3 -- TRAF1 -- MAP3K1 -- AR -- BIRC2 -- CSF2 -- IKBKB -- STAT1 -- MAP2K7 -- PPM1A -- SMURF2 -- RHOA -- FGF14 -- FGF7 -- TNFRSF10B -- SQSTM1 -- IRF1 -- HIP1 -- CASP7 -- SMPD1 -- ERBB2 -- PEA15 -- PRNP -- BAX -- HIF1A -- RPS6KA1
174,FADD -- IL1B -- MYD88 -- IL2 -- NFATC2 -- BCL2 -- MAPK3 -- E2F1 -- RB1 -- JUN -- MYC -- NFKBIA -- TNF -- IL23A -- AKT1 -- RXRB -- VEGFA -- TRADD -- RIPK1 -- IRAK1 -- TNFRSF1B -- CYLD -- MAP3K1 -- AR -- ATM -- IL4 -- CSF2 -- IKBKB -- TERT -- STAT1 -- CCND1 -- MAP2K7 -- RIPK2 -- SMURF2 -- PRKCE -- FASLG -- RHOA -- SOCS3 -- FGF14 -- MAP3K14 -- FGF7 -- SHC1 -- IRF1 -- CASP8 -- OTUD7B -- BCL2L1 -- CASP7 -- SMPD1 -- ERBB2 -- MTOR -- PEA15 -- FAF1 -- PRNP -- BID -- IL16 -- RPS6KA1
175,CASP3 -- MAPK8 -- NFATC2 -- MAPK3 -- RB1 -- JUN -- IL23A -- RXRB -- TNFAIP3 -- VEGFA -- TP53 -- TGFB1 -- TRADD -- EIF2AK2 -- CASP2 -- MAP4K4 -- TNFRSF1B -- TRAF2 -- CYLD -- ZFP36 -- BIRC2 -- ATM -- CFLAR -- IL4 -- CSF2 -- HSPB1 -- TERT -- STAT1 -- CDKN2A -- CCND1 -- MAP2K7 -- SMURF2 -- NGF -- FGF7 -- KRT18 -- TNFRSF14 -- PIAS2 -- OTUD7B -- XIAP -- BAD -- CASP7 -- SMPD1 -- ERBB2 -- FAF1 -- BAX -- CYCS -- NFE2L2 -- IL16 -- HIF1A -- RPS6KA1 -- UBE2D3
176,FADD -- MYD88 -- MAPK8 -- BCL2 -- MAPK1 -- MAPK3 -- MYC -- NFKBIA -- TNF -- IL23A -- AKT1 -- RXRB -- TNFRSF1A -- SP1 -- VEGFA -- ADAM17 -- TP53 -- TRADD -- RIPK1 -- EIF2AK2 -- CASP2 -- TRAF2 -- CYLD -- TRAF1 -- MAP3K1 -- BIRC2 -- ATM -- IL4 -- CSF2 -- IKBKB -- TERT -- CDKN2A -- MAP2K7 -- PPM1A -- SMURF2 -- PRKCE -- FASLG -- RHOA -- TNFRSF10B -- KRT18 -- TNFRSF14 -- IRF1 -- RPAIN -- OTUD7B -- XIAP -- BAD -- SMPD1 -- CASP1 -- MTOR -- PEA15 -- PRNP -- BID -- IL16 -- HIF1A -- TP63
177,IL1B -- MYD88 -- IL2 -- CASP3 -- MAPK8 -- NFATC2 -- BCL2 -- CHUK -- MAPK3 -- JUN -- IL23A -- RXRB -- TNFRSF1A -- ADAM17 -- RIPK1 -- EIF2AK2 -- CASP2 -- IRAK1 -- MAP4K4 -- TNFRSF1B -- TRAF2 -- ZFP36 -- AR -- BIRC2 -- ATM -- IKBKB -- TERT -- CDKN2A -- RIPK2 -- PPM1A -- PRKCE -- RHOA -- SOCS3 -- MAP3K14 -- SHC1 -- TNFRSF14 -- SQSTM1 -- DAB2IP -- RPAIN -- HIP1 -- CASP8 -- BCL2L1 -- CASP1 -- PRNP -- NFE2L2 -- IL16 -- HIF1A -- RPS6KA1 -- UBE2D3
178,IL1B -- IL2 -- MAPK14 -- BCL2 -- CHUK -- NFKB1 -- MAPK3 -- E2F1 -- RELA -- PAK2 -- TNF -- IL23A -- AKT1 -- RXRB -- TNFRSF1A -- SP1 -- VEGFA -- ADAM17 -- TP53 -- TGFB1 -- TRADD -- CASP2 -- BIRC3 -- IRAK1 -- MAP4K4 -- TNFRSF1B -- TRAF2 -- CYLD -- TRAF1 -- ZFP36 -- BIRC2 -- ATM -- IL4 -- CSF2 -- HSPB1 -- TERT -- CDKN2A -- FBXO31 -- CCND1 -- RIPK2 -- NGF -- FGF7 -- SHC1 -- KRT18 -- TNFRSF14 -- IRF1 -- RPAIN -- SMPD1 -- ERBB2 -- MTOR -- PRNP -- NFE2L2 -- RPS6KA1
179,IL1B -- MAPK14 -- NFATC2 -- CHUK -- MAPK1 -- RELA -- PAK2 -- JUN -- NFKBIA -- TNF -- IL23A -- AKT1 -- TNFRSF1A -- SP1 -- VEGFA -- TP53 -- TRADD -- EIF2AK2 -- IRAK1 -- TNFRSF1B -- MAP3K1 -- AR -- BIRC2 -- ATM -- TERT -- CDKN2A -- CCND1 -- MAP2K7 -- RIPK2 -- RHOA -- FGF14 -- MAP3K14 -- SHC1 -- SQSTM1 -- DAB2IP -- IFNB1 -- PIAS2 -- IRF1 -- RPAIN -- HIP1 -- CASP8 -- OTUD7B -- XIAP -- CASP1 -- PEA15 -- FAF1 -- BID -- BAX -- CYCS -- NFE2L2 -- IL16 -- HIF1A -- RPS6KA1 -- UBE2D3
180,MYD88 -- CASP3 -- MAPK8 -- MAPK14 -- NFATC2 -- BCL2 -- CHUK -- NFKB1 -- MAPK1 -- MAPK3 -- NFKBIA -- RXRB -- TNFRSF1A -- TNFAIP3 -- VEGFA -- ADAM17 -- TP53 -- TGFB1 -- EIF2AK2 -- CASP2 -- BIRC3 -- TNFRSF1B -- TRAF2 -- CYLD -- ZFP36 -- AR -- BIRC2 -- ATM -- CFLAR -- CSF2 -- HSPB1 -- TERT -- CDKN2A -- RIPK2 -- PPM1A -- PRKCE -- FASLG -- SOCS3 -- NGF -- FGF14 -- SHC1 -- TNFRSF10B -- KRT18 -- DAB2IP -- IFNB1 -- IRF1 -- OTUD7B -- XIAP -- SMPD1 -- MTOR -- PEA15 -- BID -- BAX -- NFE2L2 -- IL16 -- HIF1A -- TP63
181,IL2 -- CASP3 -- MAPK14 -- BCL2 -- CHUK -- MAPK3 -- E2F1 -- RB1 -- JUN -- MYC -- TNF -- IL23A -- AKT1 -- TNFAIP3 -- RIPK1 -- IRAK1 -- TRAF2 -- TRAF1 -- ZFP36 -- BIRC2 -- ATM -- IKBKB -- TERT -- CDKN2A -- MAP2K7 -- RIPK2 -- PPM1A -- SMURF2 -- PRKCE -- RHOA -- NGF -- TNFRSF10B -- TNFRSF14 -- SQSTM1 -- IFNB1 -- PIAS2 -- IRF1 -- HIP1 -- CASP8 -- OTUD7B -- XIAP -- BAD -- BCL2L1 -- CASP7 -- SMPD1 -- CASP1 -- PEA15 -- FAF1 -- CYCS -- NFE2L2 -- IL16 -- RPS6KA1
182,IL1B -- NFATC2 -- CHUK -- NFKB1 -- RELA -- MYC -- TNF -- RXRB -- VEGFA -- ADAM17 -- TP53 -- TRADD -- RIPK1 -- CASP2 -- IRAK1 -- MAP4K4 -- TNFRSF1B -- TRAF2 -- MAP3K1 -- ZFP36 -- CFLAR -- IKBKB -- CDKN2A -- CCND1 -- RIPK2 -- PPM1A -- RHOA -- SOCS3 -- SHC1 -- KRT18 -- SQSTM1 -- IFNB1 -- PIAS2 -- RPAIN -- XIAP -- BAD -- BCL2L1 -- CASP7 -- CASP1 -- MTOR -- PEA15 -- PRNP -- CYCS -- IL16
183,IL1B -- MAPK8 -- MAPK14 -- CHUK -- MAPK3 -- E2F1 -- MYC -- TNF -- IL23A -- SP1 -- VEGFA -- TP53 -- TRADD -- RIPK1 -- EIF2AK2 -- IRAK1 -- TNFRSF1B -- CYLD -- TRAF1 -- BIRC2 -- CSF2 -- IKBKB -- TERT -- STAT1 -- CDKN2A -- FBXO31 -- CCND1 -- MAP2K7 -- RIPK2 -- PPM1A -- SMURF2 -- PRKCE -- NGF -- FGF7 -- SHC1 -- TNFRSF10B -- KRT18 -- PIAS2 -- IRF1 -- HIP1 -- CASP8 -- BAD -- BCL2L1 -- CASP7 -- SMPD1 -- CASP1 -- FAF1 -- NFE2L2 -- IL16 -- HIF1A -- TP63 -- RPS6KA1
184,FADD -- IL1B -- MYD88 -- MAPK14 -- BCL2 -- CHUK -- PAK2 -- MYC -- TNF -- IL23A -- RXRB -- TNFRSF1A -- TNFAIP3 -- SP1 -- VEGFA -- TGFB1 -- RIPK1 -- EIF2AK2 -- CASP2 -- MAP4K4 -- TRAF2 -- ZFP36 -- AR -- ATM -- CFLAR -- IL4 -- CDKN2A -- FBXO31 -- CCND1 -- MAP2K7 -- PPM1A -- FASLG -- SOCS3 -- NGF -- FGF14 -- MAP3K14 -- SHC1 -- KRT18 -- TNFRSF14 -- IFNB1 -- PIAS2 -- IRF1 -- RPAIN -- CASP8 -- XIAP -- SMPD1 -- PEA15 -- NFE2L2 -- TP63
185,FADD -- IL1B -- MYD88 -- MAPK8 -- BCL2 -- NFKB1 -- MAPK1 -- RELA -- RB1 -- JUN -- NFKBIA -- TNF -- TNFRSF1A -- TNFAIP3 -- ADAM17 -- TP53 -- RIPK1 -- EIF2AK2 -- BIRC3 -- MAP4K4 -- TRAF2 -- TRAF1 -- MAP3K1 -- ZFP36 -- AR -- BIRC2 -- CFLAR -- CSF2 -- HSPB1 -- CDKN2A -- FBXO31 -- MAP2K7 -- PPM1A -- SMURF2 -- PRKCE -- FASLG -- RHOA -- SOCS3 -- NGF -- FGF14 -- MAP3K14 -- TNFRSF14 -- DAB2IP -- IRF1 -- CASP8 -- OTUD7B -- XIAP -- BAD -- CASP7 -- SMPD1 -- CASP1 -- MTOR -- PEA15 -- BID -- CYCS -- NFE2L2 -- IL16 -- HIF1A -- UBE2D3
186,FADD -- IL2 -- CASP3 -- NFATC2 -- BCL2 -- MAPK1 -- RB1 -- JUN -- MYC -- NFKBIA -- IL23A -- AKT1 -- RXRB -- TNFRSF1A -- ADAM17 -- TP53 -- RIPK1 -- EIF2AK2 -- CASP2 -- BIRC3 -- IRAK1 -- MAP4K4 -- CYLD -- MAP3K1 -- ZFP36 -- AR -- CFLAR -- CSF2 -- HSPB1 -- IKBKB -- TERT -- STAT1 -- CDKN2A -- FBXO31 -- CCND1 -- MAP2K7 -- PRKCE -- FASLG -- SOCS3 -- KRT18 -- TNFRSF14 -- DAB2IP -- CASP8 -- BCL2L1 -- CASP7 -- ERBB2 -- PRNP -- BID -- BAX -- IL16 -- RPS6KA1
187,IL1B -- MYD88 -- IL2 -- CASP3 -- MAPK14 -- NFATC2 -- CHUK -- MAPK3 -- E2F1 -- RELA -- PAK2 -- RB1 -- JUN -- MYC -- NFKBIA -- AKT1 -- TNFRSF1A -- TNFAIP3 -- SP1 -- VEGFA -- ADAM17 -- TP53 -- TGFB1 -- TRADD -- RIPK1 -- CASP2 -- BIRC3 -- MAP4K4 -- TRAF2 -- CYLD -- ATM -- CFLAR -- CSF2 -- HSPB1 -- TERT -- FBXO31 -- RIPK2 -- PPM1A -- SMURF2 -- RHOA -- SOCS3 -- MAP3K14 -- SQSTM1 -- IRF1 -- CASP8 -- BAD -- BCL2L1 -- CASP7 -- CASP1 -- ERBB2 -- FAF1 -- PRNP -- BID -- HIF1A -- TP63 -- RPS6KA1 -- UBE2D3
188,IL1B -- IL2 -- CASP3 -- MAPK14 -- BCL2 -- NFKB1 -- MAPK1 -- E2F1 -- PAK2 -- JUN -- MYC -- NFKBIA -- TNF -- AKT1 -- RXRB -- TNFRSF1A -- VEGFA -- ADAM17 -- TP53 -- TGFB1 -- RIPK1 -- EIF2AK2 -- IRAK1 -- TNFRSF1B -- CYLD -- MAP3K1 -- AR -- CFLAR -- IKBKB -- TERT -- FBXO31 -- CCND1 -- SMURF2 -- PRKCE -- FASLG -- RHOA -- NGF -- FGF14 -- FGF7 -- SHC1 -- TNFRSF14 -- SQSTM1 -- RPAIN -- HIP1 -- OTUD7B -- BCL2L1 -- SMPD1 -- MTOR -- PEA15 -- PRNP -- BID -- BAX -- HIF1A
189,FADD -- IL1B -- MAPK8 -- CHUK -- MAPK3 -- RB1 -- MYC -- NFKBIA -- TNF -- IL23A -- AKT1 -- VEGFA -- TP53 -- TGFB1 -- TRADD -- RIPK1 -- BIRC3 -- IRAK1 -- TNFRSF1B -- TRAF2 -- ZFP36 -- AR -- IL4 -- CSF2 -- HSPB1 -- IKBKB -- CCND1 -- RIPK2 -- PRKCE -- SOCS3 -- MAP3K14 -- SHC1 -- TNFRSF10B -- KRT18 -- TNFRSF14 -- DAB2IP -- BCL2L1 -- ERBB2 -- MTOR -- FAF1 -- PRNP -- BID -- NFE2L2 -- IL16 -- TP63 -- UBE2D3
190,MYD88 -- CASP3 -- MAPK14 -- NFATC2 -- BCL2 -- CHUK -- NFKB1 -- MAPK1 -- E2F1 -- RELA -- PAK2 -- RB1 -- TNF -- IL23A -- RXRB -- TNFRSF1A -- TNFAIP3 -- ADAM17 -- TP53 -- TGFB1 -- TRADD -- CASP2 -- BIRC3 -- CYLD -- MAP3K1 -- AR -- BIRC2 -- CFLAR -- IL4 -- CSF2 -- HSPB1 -- STAT1 -- CDKN2A -- CCND1 -- PPM1A -- SMURF2 -- PRKCE -- FASLG -- RHOA -- SOCS3 -- NGF -- FGF14 -- TNFRSF14 -- SQSTM1 -- PIAS2 -- CASP8 -- CASP7 -- SMPD1 -- CASP1 -- PEA15 -- BAX -- CYCS -- IL16 -- TP63 -- RPS6KA1
191,FADD -- IL1B -- CASP3 -- MAPK8 -- MAPK14 -- NFATC2 -- NFKB1 -- MAPK1 -- JUN -- MYC -- IL23A -- AKT1 -- RXRB -- TNFRSF1A -- TNFAIP3 -- SP1 -- VEGFA -- TGFB1 -- BIRC3 -- IRAK1 -- TRAF2 -- MAP3K1 -- AR -- BIRC2 -- ATM -- CSF2 -- HSPB1 -- TERT -- CDKN2A -- CCND1 -- MAP2K7 -- FASLG -- RHOA -- SOCS3 -- FGF14 -- MAP3K14 -- KRT18 -- SQSTM1 -- IFNB1 -- RPAIN -- OTUD7B -- XIAP -- BAD -- CASP7 -- SMPD1 -- CASP1 -- PEA15 -- BID -- BAX -- HIF1A -- UBE2D3
192,IL1B -- IL2 -- MAPK8 -- MAPK14 -- NFATC2 -- CHUK -- MAPK3 -- E2F1 -- PAK2 -- RB1 -- TNF -- IL23A -- AKT1 -- TNFAIP3 -- SP1 -- VEGFA -- TGFB1 -- BIRC3 -- IRAK1 -- TRAF2 -- MAP3K1 -- ZFP36 -- AR -- BIRC2 -- CSF2 -- TERT -- CDKN2A -- FBXO31 -- CCND1 -- RIPK2 -- PPM1A -- PRKCE -- SOCS3 -- FGF14 -- KRT18 -- TNFRSF14 -- SQSTM1 -- DAB2IP -- IRF1 -- HIP1 -- CASP8 -- OTUD7B -- XIAP -- BCL2L1 -- CASP7 -- FAF1 -- PRNP -- BAX -- CYCS -- NFE2L2 -- IL16 -- TP63
193,MYD88 -- IL2 -- MAPK8 -- MAPK14 -- E2F1 -- PAK2 -- JUN -- MYC -- IL23A -- TNFAIP3 -- SP1 -- VEGFA -- ADAM17 -- TP53 -- TGFB1 -- RIPK1 -- TRAF2 -- MAP3K1 -- ZFP36 -- CFLAR -- CSF2 -- IKBKB -- TERT -- STAT1 -- PPM1A -- SMURF2 -- PRKCE -- FASLG -- SOCS3 -- NGF -- DAB2IP -- IRF1 -- RPAIN -- OTUD7B -- XIAP -- BAD -- CASP7 -- SMPD1 -- CASP1 -- ERBB2 -- PEA15 -- FAF1 -- PRNP -- BID -- HIF1A -- TP63
194,IL1B -- MAPK8 -- BCL2 -- CHUK -- MAPK3 -- E2F1 -- JUN -- MYC -- NFKBIA -- AKT1 -- RXRB -- TNFRSF1A -- TNFAIP3 -- SP1 -- VEGFA -- ADAM17 -- CASP2 -- BIRC3 -- MAP4K4 -- TNFRSF1B -- TRAF2 -- CYLD -- BIRC2 -- ATM -- CSF2 -- HSPB1 -- IKBKB -- TERT -- FBXO31 -- CCND1 -- PPM1A -- SMURF2 -- FASLG -- RHOA -- NGF -- FGF14 -- MAP3K14 -- FGF7 -- TNFRSF10B -- KRT18 -- DAB2IP -- PIAS2 -- IRF1 -- RPAIN -- HIP1 -- XIAP -- BCL2L1 -- CASP1 -- BID -- CYCS -- IL16 -- RPS6KA1
195,FADD -- MYD88 -- CASP3 -- NFATC2 -- BCL2 -- CHUK -- NFKB1 -- MAPK1 -- JUN -- NFKBIA -- TNF -- IL23A -- AKT1 -- TNFAIP3 -- VEGFA -- ADAM17 -- TP53 -- TGFB1 -- RIPK1 -- EIF2AK2 -- MAP4K4 -- ZFP36 -- BIRC2 -- ATM -- CFLAR -- CSF2 -- HSPB1 -- TERT -- CCND1 -- MAP2K7 -- RIPK2 -- PPM1A -- RHOA -- SOCS3 -- NGF -- FGF14 -- FGF7 -- SQSTM1 -- IRF1 -- HIP1 -- CASP8 -- XIAP -- BCL2L1 -- CASP7 -- SMPD1 -- FAF1 -- PRNP -- BID -- CYCS -- NFE2L2 -- HIF1A -- TP63
196,IL2 -- MAPK8 -- BCL2 -- NFKB1 -- MAPK1 -- E2F1 -- PAK2 -- RB1 -- MYC -- IL23A -- TNFAIP3 -- TP53 -- RIPK1 -- EIF2AK2 -- BIRC3 -- IRAK1 -- MAP4K4 -- TRAF2 -- TRAF1 -- MAP3K1 -- AR -- BIRC2 -- ATM -- CFLAR -- IL4 -- CSF2 -- IKBKB -- STAT1 -- FBXO31 -- RIPK2 -- PPM1A -- PRKCE -- FASLG -- RHOA -- SOCS3 -- SHC1 -- KRT18 -- SQSTM1 -- IFNB1 -- PIAS2 -- HIP1 -- CASP8 -- XIAP -- BCL2L1 -- CASP7 -- SMPD1 -- CASP1 -- ERBB2 -- FAF1 -- PRNP -- NFE2L2 -- TP63 -- RPS6KA1
197,IL1B -- MYD88 -- IL2 -- CASP3 -- MAPK1 -- RELA -- PAK2 -- JUN -- MYC -- NFKBIA -- IL23A -- RXRB -- TNFAIP3 -- ADAM17 -- TP53 -- TGFB1 -- EIF2AK2 -- BIRC3 -- TNFRSF1B -- CYLD -- TRAF1 -- MAP3K1 -- ZFP36 -- IL4 -- TERT -- STAT1 -- FBXO31 -- CCND1 -- SMURF2 -- PRKCE -- RHOA -- SOCS3 -- MAP3K14 -- SHC1 -- TNFRSF10B -- DAB2IP -- PIAS2 -- HIP1 -- CASP7 -- SMPD1 -- CASP1 -- ERBB2 -- MTOR -- FAF1 -- NFE2L2 -- IL16 -- RPS6KA1
198,IL1B -- MYD88 -- CASP3 -- MAPK8 -- NFKB1 -- MAPK3 -- PAK2 -- MYC -- IL23A -- SP1 -- VEGFA -- ADAM17 -- TP53 -- TGFB1 -- EIF2AK2 -- CASP2 -- MAP4K4 -- TNFRSF1B -- CYLD -- TRAF1 -- AR -- ATM -- CFLAR -- IL4 -- CSF2 -- HSPB1 -- TERT -- STAT1 -- RIPK2 -- PPM1A -- PRKCE -- FASLG -- RHOA -- NGF -- MAP3K14 -- TNFRSF10B -- TNFRSF14 -- DAB2IP -- IFNB1 -- PIAS2 -- IRF1 -- RPAIN -- CASP8 -- OTUD7B -- PEA15 -- PRNP -- BID -- CYCS -- IL16 -- HIF1A
199,IL1B -- MYD88 -- CASP3 -- NFATC2 -- CHUK -- MAPK1 -- MAPK3 -- E2F1 -- RB1 -- MYC -- TNFRSF1A -- SP1 -- VEGFA -- TP53 -- TGFB1 -- TRADD -- RIPK1 -- CASP2 -- BIRC2 -- CSF2 -- HSPB1 -- IKBKB -- STAT1 -- CDKN2A -- PRKCE -- FASLG -- RHOA -- NGF -- SHC1 -- TNFRSF10B -- KRT18 -- SQSTM1 -- DAB2IP -- IFNB1 -- PIAS2 -- IRF1 -- HIP1 -- CASP8 -- BCL2L1 -- CASP7 -- SMPD1 -- MTOR -- BID -- BAX -- CYCS -- IL16 -- TP63
200,FADD -- MAPK8 -- NFATC2 -- BCL2 -- NFKB1 -- MAPK1 -- MAPK3 -- RB1 -- JUN -- NFKBIA -- TNF -- AKT1 -- TNFRSF1A -- TNFAIP3 -- SP1 -- VEGFA -- TGFB1 -- RIPK1 -- CASP2 -- BIRC3 -- IRAK1 -- MAP4K4 -- TNFRSF1B -- AR -- ATM -- CFLAR -- IL4 -- CSF2 -- CDKN2A -- FBXO31 -- CCND1 -- MAP2K7 -- PPM1A -- SMURF2 -- FASLG -- RHOA -- NGF -- TNFRSF10B -- KRT18 -- TNFRSF14 -- SQSTM1 -- DAB2IP -- RPAIN -- OTUD7B -- XIAP -- BCL2L1 -- CASP1 -- PEA15 -- BID -- NFE2L2 -- IL16 -- HIF1A -- RPS6KA1 -- UBE2D3
201,IL1B -- MAPK14 -- NFATC2 -- BCL2 -- NFKB1 -- MAPK1 -- MAPK3 -- TNF -- RXRB -- TNFRSF1A -- VEGFA -- TP53 -- TRADD -- RIPK1 -- EIF2AK2 -- BIRC3 -- IRAK1 -- MAP4K4 -- CYLD -- MAP3K1 -- ZFP36 -- AR -- HSPB1 -- CDKN2A -- CCND1 -- MAP2K7 -- PPM1A -- SMURF2 -- RHOA -- MAP3K14 -- FGF7 -- SHC1 -- TNFRSF10B -- IFNB1 -- IRF1 -- OTUD7B -- BAD -- CASP1 -- ERBB2 -- PEA15 -- FAF1 -- BID -- NFE2L2 -- IL16 -- HIF1A -- TP63 -- RPS6KA1
202,FADD -- IL1B -- MAPK8 -- MAPK14 -- E2F1 -- RELA -- JUN -- NFKBIA -- TNF -- AKT1 -- RXRB -- SP1 -- VEGFA -- RIPK1 -- EIF2AK2 -- CASP2 -- BIRC3 -- MAP4K4 -- TNFRSF1B -- TRAF2 -- CYLD -- TRAF1 -- IL4 -- HSPB1 -- IKBKB -- STAT1 -- FBXO31 -- CCND1 -- MAP2K7 -- RIPK2 -- SMURF2 -- FASLG -- SOCS3 -- FGF14 -- SHC1 -- TNFRSF10B -- KRT18 -- TNFRSF14 -- SQSTM1 -- DAB2IP -- IFNB1 -- PIAS2 -- RPAIN -- HIP1 -- OTUD7B -- XIAP -- BAD -- CASP7 -- SMPD1 -- MTOR -- PEA15 -- PRNP -- CYCS -- IL16 -- HIF1A -- TP63 -- UBE2D3
203,IL2 -- CASP3 -- NFATC2 -- CHUK -- NFKB1 -- RELA -- PAK2 -- RB1 -- JUN -- MYC -- NFKBIA -- TNF -- RXRB -- TNFRSF1A -- SP1 -- ADAM17 -- TP53 -- CASP2 -- BIRC3 -- TNFRSF1B -- TRAF2 -- CFLAR -- IL4 -- CSF2 -- IKBKB -- TERT -- CDKN2A -- FBXO31 -- PPM1A -- SMURF2 -- SOCS3 -- NGF -- MAP3K14 -- SHC1 -- KRT18 -- TNFRSF14 -- SQSTM1 -- DAB2IP -- XIAP -- BAD -- CASP7 -- CASP1 -- ERBB2 -- MTOR -- PEA15 -- FAF1 -- PRNP -- BID -- IL16 -- HIF1A -- RPS6KA1 -- UBE2D3
204,IL1B -- CASP3 -- MAPK8 -- MAPK14 -- CHUK -- NFKB1 -- MAPK3 -- RELA -- JUN -- NFKBIA -- TNFRSF1A -- TNFAIP3 -- SP1 -- VEGFA -- ADAM17 -- BIRC3 -- IRAK1 -- TNFRSF1B -- CYLD -- MAP3K1 -- ZFP36 -- ATM -- CFLAR -- IL4 -- CSF2 -- IKBKB -- STAT1 -- FBXO31 -- RIPK2 -- SMURF2 -- FASLG -- NGF -- FGF14 -- FGF7 -- SHC1 -- TNFRSF10B -- TNFRSF14 -- DAB2IP -- IFNB1 -- HIP1 -- OTUD7B -- XIAP -- CASP7 -- SMPD1 -- MTOR -- BID -- BAX -- NFE2L2 -- IL16 -- HIF1A -- RPS6KA1 -- UBE2D3
205,MAPK8 -- BCL2 -- CHUK -- MAPK1 -- JUN -- MYC -- TNF -- IL23A -- RXRB -- TNFRSF1A -- VEGFA -- ADAM17 -- TRADD -- EIF2AK2 -- CASP2 -- IRAK1 -- MAP4K4 -- TNFRSF1B -- TRAF2 -- CYLD -- TRAF1 -- ZFP36 -- BIRC2 -- CFLAR -- CSF2 -- IKBKB -- TERT -- STAT1 -- FBXO31 -- CCND1 -- MAP2K7 -- PPM1A -- PRKCE -- FASLG -- FGF14 -- SHC1 -- DAB2IP -- PIAS2 -- IRF1 -- CASP8 -- OTUD7B -- BAD -- BCL2L1 -- CASP7 -- SMPD1 -- CASP1 -- PEA15 -- FAF1 -- BID -- BAX -- NFE2L2 -- RPS6KA1
206,FADD -- MYD88 -- CASP3 -- BCL2 -- CHUK -- NFKB1 -- MAPK1 -- PAK2 -- RB1 -- MYC -- TNF -- TNFRSF1A -- TNFAIP3 -- VEGFA -- TRADD -- BIRC3 -- IRAK1 -- MAP4K4 -- TNFRSF1B -- TRAF1 -- MAP3K1 -- ZFP36 -- AR -- BIRC2 -- ATM -- CFLAR -- CSF2 -- HSPB1 -- IKBKB -- TERT -- STAT1 -- CCND1 -- MAP2K7 -- PPM1A -- PRKCE -- SHC1 -- KRT18 -- TNFRSF14 -- DAB2IP -- RPAIN -- BAD -- BCL2L1 -- CASP7 -- ERBB2 -- MTOR -- PRNP -- BAX -- IL16 -- HIF1A -- TP63 -- RPS6KA1
207,CASP3 -- MAPK14 -- NFATC2 -- BCL2 -- NFKB1 -- MAPK3 -- E2F1 -- RELA -- RB1 -- JUN -- MYC -- RXRB -- TNFAIP3 -- VEGFA -- ADAM17 -- TRADD -- RIPK1 -- BIRC3 -- MAP4K4 -- TRAF2 -- CYLD -- ZFP36 -- AR -- BIRC2 -- FBXO31 -- CCND1 -- MAP2K7 -- PPM1A -- SMURF2 -- RHOA -- FGF14 -- MAP3K14 -- FGF7 -- SHC1 -- TNFRSF10B -- KRT18 -- TNFRSF14 -- DAB2IP -- PIAS2 -- HIP1 -- CASP1 -- ERBB2 -- PEA15 -- PRNP -- HIF1A -- RPS6KA1
208,MYD88 -- NFATC2 -- BCL2 -- CHUK -- NFKB1 -- MAPK3 -- E2F1 -- RELA -- PAK2 -- RB1 -- JUN -- TNF -- TNFRSF1A -- VEGFA -- ADAM17 -- EIF2AK2 -- BIRC3 -- MAP4K4 -- TNFRSF1B -- TRAF2 -- CYLD -- ATM -- CFLAR -- IL4 -- HSPB1 -- IKBKB -- CCND1 -- RIPK2 -- SMURF2 -- RHOA -- FGF7 -- TNFRSF10B -- TNFRSF14 -- DAB2IP -- IFNB1 -- PIAS2 -- RPAIN -- CASP8 -- OTUD7B -- BAD -- CASP7 -- SMPD1 -- CASP1 -- PEA15 -- FAF1 -- PRNP -- CYCS -- IL16 -- RPS6KA1
209,MAPK14 -- NFATC2 -- NFKB1 -- MAPK1 -- E2F1 -- RELA -- MYC -- NFKBIA -- IL23A -- RXRB -- TNFAIP3 -- VEGFA -- TP53 -- TGFB1 -- TRADD -- EIF2AK2 -- CASP2 -- IRAK1 -- TNFRSF1B -- TRAF1 -- MAP3K1 -- ZFP36 -- AR -- BIRC2 -- CFLAR -- CSF2 -- HSPB1 -- CDKN2A -- RIPK2 -- PPM1A -- PRKCE -- RHOA -- NGF -- MAP3K14 -- SHC1 -- TNFRSF10B -- KRT18 -- SQSTM1 -- IFNB1 -- PIAS2 -- IRF1 -- OTUD7B -- SMPD1 -- CASP1 -- MTOR -- PRNP -- BID -- BAX -- CYCS -- NFE2L2 -- TP63 -- RPS6KA1 -- UBE2D3
210,FADD -- MYD88 -- IL2 -- CASP3 -- MAPK8 -- NFATC2 -- CHUK -- NFKB1 -- MAPK1 -- E2F1 -- PAK2 -- NFKBIA -- TNF -- IL23A -- AKT1 -- TNFRSF1A -- TNFAIP3 -- SP1 -- VEGFA -- TRADD -- EIF2AK2 -- BIRC3 -- MAP4K4 -- TNFRSF1B -- TRAF2 -- CYLD -- ZFP36 -- AR -- BIRC2 -- CFLAR -- IL4 -- HSPB1 -- IKBKB -- STAT1 -- CDKN2A -- RIPK2 -- FASLG -- RHOA -- SHC1 -- KRT18 -- SQSTM1 -- DAB2IP -- RPAIN -- CASP7 -- MTOR -- PEA15 -- PRNP -- BID -- BAX -- IL16 -- HIF1A -- TP63 -- RPS6KA1 -- UBE2D3
211,FADD -- IL1B -- IL2 -- CASP3 -- CHUK -- NFKB1 -- MAPK3 -- E2F1 -- RELA -- PAK2 -- JUN -- NFKBIA -- IL23A -- AKT1 -- RXRB -- TNFAIP3 -- SP1 -- TP53 -- TGFB1 -- CASP2 -- BIRC3 -- TNFRSF1B -- TRAF2 -- MAP3K1 -- ZFP36 -- AR -- ATM -- IL4 -- HSPB1 -- FBXO31 -- CCND1 -- MAP2K7 -- PRKCE -- FASLG -- NGF -- FGF14 -- IFNB1 -- RPAIN -- OTUD7B -- BAD -- SMPD1 -- CASP1 -- ERBB2 -- MTOR -- PRNP -- BID -- CYCS -- HIF1A -- TP63 -- RPS6KA1 -- UBE2D3
212,FADD -- IL1B -- MAPK8 -- MAPK14 -- NFATC2 -- CHUK -- NFKB1 -- E2F1 -- MYC -- TNF -- IL23A -- AKT1 -- RXRB -- TNFAIP3 -- VEGFA -- ADAM17 -- TP53 -- RIPK1 -- EIF2AK2 -- BIRC3 -- MAP4K4 -- TRAF2 -- TRAF1 -- MAP3K1 -- AR -- BIRC2 -- ATM -- CFLAR -- CSF2 -- IKBKB -- CDKN2A -- FBXO31 -- FASLG -- FGF14 -- FGF7 -- SHC1 -- TNFRSF10B -- SQSTM1 -- IFNB1 -- PIAS2 -- HIP1 -- OTUD7B -- XIAP -- BAD -- BCL2L1 -- SMPD1 -- CASP1 -- MTOR -- FAF1 -- HIF1A -- TP63 -- UBE2D3
213,FADD -- MYD88 -- CASP3 -- BCL2 -- RELA -- JUN -- NFKBIA -- TNF -- TNFAIP3 -- SP1 -- VEGFA -- TRADD -- RIPK1 -- IRAK1 -- TRAF2 -- CYLD -- BIRC2 -- ATM -- CFLAR -- CSF2 -- STAT1 -- FBXO31 -- CCND1 -- RIPK2 -- PRKCE -- RHOA -- SOCS3 -- NGF -- FGF14 -- MAP3K14 -- FGF7 -- SHC1 -- TNFRSF10B -- DAB2IP -- OTUD7B -- BAD -- BCL2L1 -- CASP7 -- CASP1 -- FAF1 -- PRNP -- BAX -- CYCS -- IL16 -- UBE2D3
214,FADD -- IL1B -- MYD88 -- IL2 -- MAPK8 -- MAPK14 -- CHUK -- NFKB1 -- MAPK1 -- E2F1 -- RELA -- NFKBIA -- IL23A -- RXRB -- TNFAIP3 -- ADAM17 -- TGFB1 -- RIPK1 -- EIF2AK2 -- BIRC3 -- IRAK1 -- TNFRSF1B -- TRAF2 -- AR -- BIRC2 -- CFLAR -- CSF2 -- HSPB1 -- IKBKB -- CDKN2A -- FBXO31 -- CCND1 -- MAP2K7 -- RIPK2 -- PPM1A -- SMURF2 -- PRKCE -- FASLG -- RHOA -- SOCS3 -- NGF -- FGF14 -- FGF7 -- TNFRSF10B -- KRT18 -- SQSTM1 -- DAB2IP -- IFNB1 -- IRF1 -- RPAIN -- CASP8 -- OTUD7B -- BAD -- SMPD1 -- CASP1 -- MTOR -- PEA15 -- FAF1 -- BAX -- NFE2L2 -- RPS6KA1 -- UBE2D3
215,FADD -- IL1B -- MYD88 -- IL2 -- CASP3 -- NFATC2 -- BCL2 -- CHUK -- MAPK1 -- RELA -- NFKBIA -- TNF -- AKT1 -- RXRB -- TNFRSF1A -- SP1 -- VEGFA -- TP53 -- TGFB1 -- CASP2 -- BIRC3 -- MAP4K4 -- TRAF2 -- MAP3K1 -- ZFP36 -- AR -- IL4 -- IKBKB -- TERT -- FBXO31 -- CCND1 -- FASLG -- RHOA -- SOCS3 -- MAP3K14 -- FGF7 -- SHC1 -- TNFRSF10B -- KRT18 -- TNFRSF14 -- DAB2IP -- PIAS2 -- HIP1 -- OTUD7B -- XIAP -- CASP7 -- FAF1 -- PRNP -- BAX -- CYCS -- IL16 -- HIF1A -- RPS6KA1
216,MYD88 -- IL2 -- CASP3 -- NFATC2 -- BCL2 -- RELA -- JUN -- NFKBIA -- TNF -- AKT1 -- RXRB -- TNFRSF1A -- TNFAIP3 -- SP1 -- VEGFA -- ADAM17 -- RIPK1 -- IRAK1 -- MAP4K4 -- TNFRSF1B -- TRAF2 -- CYLD -- ZFP36 -- ATM -- CFLAR -- IL4 -- CSF2 -- HSPB1 -- IKBKB -- TERT -- STAT1 -- CDKN2A -- FBXO31 -- CCND1 -- MAP2K7 -- PPM1A -- SMURF2 -- PRKCE -- FASLG -- RHOA -- SOCS3 -- FGF14 -- TNFRSF10B -- TNFRSF14 -- SQSTM1 -- PIAS2 -- IRF1 -- OTUD7B -- BAD -- CASP7 -- MTOR -- PRNP -- BAX -- NFE2L2 -- IL16 -- HIF1A -- TP63 -- RPS6KA1 -- UBE2D3
217,FADD -- IL1B -- NFATC2 -- BCL2 -- CHUK -- MAPK1 -- MAPK3 -- E2F1 -- RELA -- PAK2 -- RB1 -- JUN -- NFKBIA -- IL23A -- AKT1 -- TNFAIP3 -- SP1 -- ADAM17 -- TRADD -- RIPK1 -- EIF2AK2 -- BIRC3 -- MAP4K4 -- MAP3K1 -- BIRC2 -- CFLAR -- CSF2 -- HSPB1 -- IKBKB -- TERT -- STAT1 -- CDKN2A -- FBXO31 -- CCND1 -- MAP2K7 -- FASLG -- RHOA -- SOCS3 -- FGF14 -- MAP3K14 -- FGF7 -- KRT18 -- SQSTM1 -- PIAS2 -- HIP1 -- OTUD7B -- XIAP -- BAD -- ERBB2 -- PRNP -- CYCS -- IL16 -- HIF1A -- TP63 -- UBE2D3
218,MYD88 -- CASP3 -- MAPK8 -- E2F1 -- RELA -- PAK2 -- JUN -- MYC -- AKT1 -- RXRB -- TNFAIP3 -- ADAM17 -- TP53 -- TGFB1 -- RIPK1 -- EIF2AK2 -- CASP2 -- BIRC3 -- IRAK1 -- CYLD -- MAP3K1 -- ZFP36 -- AR -- CSF2 -- IKBKB -- STAT1 -- CCND1 -- MAP2K7 -- RIPK2 -- PRKCE -- FASLG -- FGF14 -- KRT18 -- TNFRSF14 -- SQSTM1 -- IFNB1 -- IRF1 -- OTUD7B -- BCL2L1 -- CASP7 -- CASP1 -- ERBB2 -- FAF1 -- PRNP -- BAX -- HIF1A
219,FADD -- IL1B -- CASP3 -- BCL2 -- NFKB1 -- MAPK3 -- E2F1 -- RELA -- RB1 -- JUN -- AKT1 -- RXRB -- TNFRSF1A -- TNFAIP3 -- SP1 -- ADAM17 -- TP53 -- CASP2 -- IRAK1 -- MAP4K4 -- CYLD -- TRAF1 -- CFLAR -- HSPB1 -- IKBKB -- CDKN2A -- FBXO31 -- CCND1 -- MAP2K7 -- RIPK2 -- SMURF2 -- PRKCE -- FASLG -- RHOA -- NGF -- MAP3K14 -- FGF7 -- TNFRSF10B -- KRT18 -- PIAS2 -- IRF1 -- RPAIN -- CASP7 -- SMPD1 -- CASP1 -- ERBB2 -- MTOR -- PEA15 -- PRNP -- NFE2L2 -- IL16 -- HIF1A -- TP63
220,IL2 -- MAPK14 -- MAPK1 -- E2F1 -- RELA -- MYC -- NFKBIA -- TNF -- IL23A -- AKT1 -- RXRB -- TNFRSF1A -- VEGFA -- ADAM17 -- TP53 -- TGFB1 -- TRADD -- RIPK1 -- CASP2 -- BIRC3 -- IRAK1 -- TNFRSF1B -- CYLD -- ZFP36 -- AR -- BIRC2 -- CFLAR -- IL4 -- STAT1 -- CDKN2A -- FBXO31 -- RIPK2 -- PRKCE -- FASLG -- RHOA -- NGF -- TNFRSF10B -- KRT18 -- IFNB1 -- IRF1 -- RPAIN -- OTUD7B -- XIAP -- CASP7 -- CASP1 -- ERBB2 -- FAF1 -- PRNP -- BAX -- CYCS -- NFE2L2 -- RPS6KA1 -- UBE2D3
221,FADD -- IL1B -- IL2 -- CASP3 -- MAPK8 -- MAPK14 -- CHUK -- MAPK1 -- MAPK3 -- E2F1 -- RELA -- NFKBIA -- TNF -- AKT1 -- RXRB -- TNFRSF1A -- TNFAIP3 -- TRADD -- RIPK1 -- EIF2AK2 -- CASP2 -- TNFRSF1B -- AR -- BIRC2 -- CSF2 -- IKBKB -- STAT1 -- PPM1A -- SMURF2 -- PRKCE -- FASLG -- SOCS3 -- FGF14 -- MAP3K14 -- FGF7 -- TNFRSF10B -- KRT18 -- TNFRSF14 -- SQSTM1 -- IFNB1 -- PIAS2 -- IRF1 -- OTUD7B -- BCL2L1 -- CASP7 -- ERBB2 -- MTOR -- BAX -- CYCS -- NFE2L2 -- TP63
222,IL2 -- NFATC2 -- BCL2 -- E2F1 -- RELA -- RB1 -- JUN -- MYC -- RXRB -- TNFRSF1A -- TNFAIP3 -- VEGFA -- ADAM17 -- TGFB1 -- RIPK1 -- EIF2AK2 -- BIRC3 -- IRAK1 -- TNFRSF1B -- TRAF2 -- MAP3K1 -- ZFP36 -- ATM -- CFLAR -- FBXO31 -- MAP2K7 -- RIPK2 -- PPM1A -- RHOA -- SOCS3 -- NGF -- MAP3K14 -- FGF7 -- SHC1 -- TNFRSF14 -- PIAS2 -- HIP1 -- CASP8 -- XIAP -- BCL2L1 -- CASP7 -- CASP1 -- ERBB2 -- MTOR -- FAF1 -- BID -- IL16 -- TP63 -- RPS6KA1 -- UBE2D3
223,FADD -- IL2 -- CASP3 -- MAPK14 -- CHUK -- E2F1 -- RELA -- RB1 -- JUN -- TNF -- AKT1 -- SP1 -- VEGFA -- TP53 -- TGFB1 -- TRADD -- EIF2AK2 -- MAP4K4 -- TNFRSF1B -- TRAF2 -- MAP3K1 -- ZFP36 -- AR -- CFLAR -- CSF2 -- IKBKB -- CCND1 -- SMURF2 -- PRKCE -- RHOA -- SOCS3 -- NGF -- FGF7 -- SHC1 -- TNFRSF14 -- SQSTM1 -- DAB2IP -- IFNB1 -- PIAS2 -- XIAP -- BAD -- CASP7 -- CASP1 -- ERBB2 -- FAF1 -- CYCS -- NFE2L2 -- HIF1A -- TP63
224,MYD88 -- IL2 -- MAPK8 -- NFATC2 -- BCL2 -- RELA -- NFKBIA -- TNFRSF1A -- TNFAIP3 -- SP1 -- VEGFA -- TP53 -- TRADD -- RIPK1 -- CASP2 -- BIRC3 -- MAP4K4 -- CYLD -- TRAF1 -- ZFP36 -- AR -- ATM -- CSF2 -- STAT1 -- CDKN2A -- FBXO31 -- CCND1 -- MAP2K7 -- RIPK2 -- PPM1A -- SMURF2 -- FASLG -- NGF -- SHC1 -- DAB2IP -- IFNB1 -- PIAS2 -- IRF1 -- CASP8 -- XIAP -- SMPD1 -- FAF1 -- BID -- BAX -- CYCS -- NFE2L2 -- TP63 -- RPS6KA1
225,FADD -- IL2 -- MAPK14 -- NFATC2 -- CHUK -- NFKB1 -- MAPK3 -- RELA -- PAK2 -- JUN -- MYC -- NFKBIA -- TNF -- TNFAIP3 -- TGFB1 -- RIPK1 -- CASP2 -- BIRC3 -- TRAF1 -- ZFP36 -- AR -- BIRC2 -- ATM -- CSF2 -- IKBKB -- STAT1 -- CDKN2A -- FBXO31 -- CCND1 -- MAP2K7 -- PPM1A -- FASLG -- FGF14 -- SHC1 -- KRT18 -- TNFRSF14 -- SQSTM1 -- DAB2IP -- PIAS2 -- RPAIN -- HIP1 -- CASP8 -- BCL2L1 -- CASP1 -- FAF1 -- PRNP -- BAX -- CYCS -- NFE2L2 -- IL16 -- TP63 -- RPS6KA1 -- UBE2D3
226,FADD -- IL2 -- MAPK8 -- CHUK -- MAPK1 -- MAPK3 -- RB1 -- JUN -- MYC -- TNF -- TNFRSF1A -- TNFAIP3 -- SP1 -- ADAM17 -- TGFB1 -- TRADD -- EIF2AK2 -- MAP4K4 -- TRAF1 -- ZFP36 -- AR -- BIRC2 -- ATM -- IL4 -- CSF2 -- TERT -- CCND1 -- RIPK2 -- SMURF2 -- PRKCE -- FASLG -- RHOA -- SOCS3 -- NGF -- FGF7 -- SHC1 -- TNFRSF10B -- KRT18 -- SQSTM1 -- DAB2IP -- IFNB1 -- HIP1 -- CASP8 -- BCL2L1 -- MTOR -- PEA15 -- PRNP -- BID -- BAX -- CYCS -- NFE2L2 -- IL16 -- RPS6KA1 -- UBE2D3
227,IL1B -- MAPK14 -- NFATC2 -- MAPK1 -- E2F1 -- PAK2 -- NFKBIA -- TNF -- AKT1 -- RXRB -- TNFRSF1A -- TNFAIP3 -- SP1 -- ADAM17 -- RIPK1 -- CASP2 -- IRAK1 -- ZFP36 -- BIRC2 -- ATM -- IL4 -- CSF2 -- TERT -- STAT1 -- CCND1 -- MAP2K7 -- RIPK2 -- PPM1A -- SMURF2 -- PRKCE -- FASLG -- RHOA -- MAP3K14 -- FGF7 -- SHC1 -- KRT18 -- TNFRSF14 -- IFNB1 -- PIAS2 -- IRF1 -- RPAIN -- HIP1 -- CASP8 -- OTUD7B -- XIAP -- BAD -- BCL2L1 -- CASP7 -- CASP1 -- ERBB2 -- MTOR -- PEA15 -- PRNP -- BAX -- CYCS -- NFE2L2 -- HIF1A -- RPS6KA1 -- UBE2D3
228,IL1B -- MYD88 -- MAPK8 -- BCL2 -- CHUK -- PAK2 -- RB1 -- JUN -- TNF -- IL23A -- AKT1 -- TNFAIP3 -- ADAM17 -- TP53 -- TRADD -- RIPK1 -- CASP2 -- BIRC3 -- MAP4K4 -- TNFRSF1B -- TRAF1 -- MAP3K1 -- ZFP36 -- CFLAR -- CSF2 -- IKBKB -- TERT -- STAT1 -- FBXO31 -- PPM1A -- PRKCE -- NGF -- FGF14 -- TNFRSF14 -- DAB2IP -- IRF1 -- RPAIN -- HIP1 -- OTUD7B -- BAD -- BCL2L1 -- SMPD1 -- CASP1 -- PEA15 -- FAF1 -- PRNP -- BID -- BAX -- NFE2L2 -- IL16 -- RPS6KA1
229,MYD88 -- IL2 -- NFATC2 -- NFKB1 -- MAPK1 -- MAPK3 -- RELA -- PAK2 -- NFKBIA -- TNF -- IL23A -- TNFAIP3 -- SP1 -- ADAM17 -- TGFB1 -- TRADD -- EIF2AK2 -- IRAK1 -- TNFRSF1B -- TRAF2 -- CYLD -- TRAF1 -- ZFP36 -- AR -- CFLAR -- IL4 -- CSF2 -- IKBKB -- TERT -- FBXO31 -- CCND1 -- MAP2K7 -- SMURF2 -- PRKCE -- NGF -- MAP3K14 -- DAB2IP -- IFNB1 -- IRF1 -- BAD -- BCL2L1 -- CASP7 -- CASP1 -- ERBB2 -- MTOR -- BID -- BAX -- IL16 -- UBE2D3
230,FADD -- IL1B -- MAPK1 -- MAPK3 -- PAK2 -- JUN -- TNF -- IL23A -- RXRB -- TNFRSF1A -- TNFAIP3 -- SP1 -- TP53 -- TGFB1 -- TRADD -- BIRC3 -- IRAK1 -- MAP4K4 -- TNFRSF1B -- CYLD -- MAP3K1 -- AR -- ATM -- IL4 -- HSPB1 -- TERT -- CCND1 -- RIPK2 -- PRKCE -- RHOA -- SOCS3 -- NGF -- DAB2IP -- IFNB1 -- XIAP -- BAD -- CASP7 -- CASP1 -- MTOR -- PEA15 -- BID -- BAX -- NFE2L2 -- IL16
231,FADD -- MYD88 -- IL2 -- CASP3 -- NFATC2 -- NFKB1 -- MAPK1 -- RB1 -- NFKBIA -- IL23A -- AKT1 -- TNFRSF1A -- TNFAIP3 -- ADAM17 -- TGFB1 -- RIPK1 -- IRAK1 -- TNFRSF1B -- TRAF2 -- CYLD -- MAP3K1 -- ZFP36 -- AR -- BIRC2 -- CFLAR -- IL4 -- CSF2 -- HSPB1 -- IKBKB -- TERT -- STAT1 -- FBXO31 -- CCND1 -- SMURF2 -- FASLG -- SOCS3 -- FGF14 -- TNFRSF10B -- KRT18 -- DAB2IP -- PIAS2 -- BAD -- PEA15 -- PRNP -- CYCS -- RPS6KA1
232,IL1B -- IL2 -- MAPK8 -- CHUK -- NFKB1 -- MAPK1 -- MAPK3 -- RELA -- RB1 -- JUN -- TNF -- AKT1 -- TNFRSF1A -- VEGFA -- ADAM17 -- TP53 -- RIPK1 -- CASP2 -- MAP4K4 -- TNFRSF1B -- CYLD -- TRAF1 -- HSPB1 -- STAT1 -- CDKN2A -- FBXO31 -- MAP2K7 -- FASLG -- RHOA -- NGF -- FGF14 -- FGF7 -- SHC1 -- KRT18 -- SQSTM1 -- IFNB1 -- IRF1 -- RPAIN -- CASP8 -- BCL2L1 -- SMPD1 -- CASP1 -- PEA15 -- NFE2L2 -- HIF1A -- RPS6KA1
233,FADD -- IL2 -- MAPK8 -- MAPK14 -- NFATC2 -- BCL2 -- CHUK -- NFKB1 -- MAPK1 -- E2F1 -- PAK2 -- MYC -- NFKBIA -- TNFRSF1A -- ADAM17 -- TRADD -- EIF2AK2 -- CASP2 -- BIRC3 -- IRAK1 -- TRAF2 -- CYLD -- TRAF1 -- MAP3K1 -- AR -- BIRC2 -- IL4 -- CSF2 -- TERT -- STAT1 -- CCND1 -- MAP2K7 -- PPM1A -- SMURF2 -- PRKCE -- MAP3K14 -- FGF7 -- TNFRSF10B -- KRT18 -- SQSTM1 -- DAB2IP -- PIAS2 -- RPAIN -- HIP1 -- CASP8 -- XIAP -- BAD -- BCL2L1 -- CASP7 -- SMPD1 -- FAF1 -- PRNP -- BAX -- CYCS -- NFE2L2 -- IL16 -- HIF1A -- TP63 -- RPS6KA1 -- UBE2D3
234,CASP3 -- MAPK8 -- MAPK14 -- NFATC2 -- CHUK -- NFKB1 -- MAPK1 -- RELA -- RB1 -- NFKBIA -- IL23A -- AKT1 -- TNFRSF1A -- VEGFA -- TRADD -- BIRC3 -- TNFRSF1B -- CYLD -- BIRC2 -- ATM -- CFLAR -- IL4 -- CSF2 -- HSPB1 -- CDKN2A -- MAP2K7 -- RIPK2 -- NGF -- MAP3K14 -- FGF7 -- KRT18 -- SQSTM1 -- DAB2IP -- IFNB1 -- PIAS2 -- HIP1 -- CASP8 -- OTUD7B -- XIAP -- BCL2L1 -- SMPD1 -- ERBB2 -- MTOR -- FAF1 -- BAX -- CYCS -- NFE2L2 -- RPS6KA1 -- UBE2D3
235,IL1B -- CASP3 -- MAPK8 -- MAPK14 -- NFATC2 -- BCL2 -- CHUK -- NFKB1 -- E2F1 -- JUN -- MYC -- AKT1 -- TNFAIP3 -- VEGFA -- ADAM17 -- TP53 -- CASP2 -- BIRC3 -- IRAK1 -- TNFRSF1B -- TRAF2 -- TRAF1 -- MAP3K1 -- BIRC2 -- ATM -- CFLAR -- IKBKB -- STAT1 -- CDKN2A -- RIPK2 -- SMURF2 -- PRKCE -- FASLG -- FGF7 -- TNFRSF10B -- KRT18 -- SQSTM1 -- IRF1 -- RPAIN -- HIP1 -- CASP8 -- XIAP -- BAD -- BCL2L1 -- SMPD1 -- CASP1 -- ERBB2 -- PEA15 -- FAF1 -- BID -- CYCS -- NFE2L2 -- TP63 -- UBE2D3
236,FADD -- IL2 -- MAPK14 -- MAPK1 -- MAPK3 -- E2F1 -- PAK2 -- RB1 -- JUN -- MYC -- TNF -- IL23A -- TNFRSF1A -- VEGFA -- TP53 -- TGFB1 -- TRADD -- RIPK1 -- CASP2 -- BIRC3 -- IRAK1 -- MAP4K4 -- TRAF2 -- ZFP36 -- AR -- BIRC2 -- ATM -- CFLAR -- TERT -- RIPK2 -- SMURF2 -- FASLG -- RHOA -- SOCS3 -- NGF -- FGF14 -- MAP3K14 -- FGF7 -- KRT18 -- TNFRSF14 -- SQSTM1 -- IRF1 -- RPAIN -- HIP1 -- CASP7 -- ERBB2 -- MTOR -- FAF1 -- PRNP -- BID -- BAX -- IL16 -- HIF1A -- TP63 -- UBE2D3
237,FADD -- IL2 -- BCL2 -- NFKB1 -- JUN -- TNF -- AKT1 -- RXRB -- TNFAIP3 -- SP1 -- TP53 -- TGFB1 -- EIF2AK2 -- CASP2 -- TNFRSF1B -- TRAF2 -- CYLD -- TRAF1 -- MAP3K1 -- CFLAR -- STAT1 -- CDKN2A -- FBXO31 -- CCND1 -- PPM1A -- PRKCE -- RHOA -- FGF14 -- FGF7 -- SHC1 -- SQSTM1 -- DAB2IP -- IRF1 -- HIP1 -- CASP8 -- OTUD7B -- XIAP -- BCL2L1 -- CASP7 -- CASP1 -- ERBB2 -- MTOR -- PEA15 -- FAF1 -- PRNP -- BID -- NFE2L2 -- IL16 -- HIF1A -- TP63 -- RPS6KA1
238,FADD -- MYD88 -- IL2 -- CASP3 -- MAPK8 -- MAPK14 -- NFATC2 -- BCL2 -- CHUK -- MAPK1 -- MAPK3 -- E2F1 -- PAK2 -- RB1 -- RXRB -- TNFAIP3 -- SP1 -- CASP2 -- BIRC3 -- TNFRSF1B -- CYLD -- MAP3K1 -- AR -- ATM -- CFLAR -- IL4 -- CSF2 -- HSPB1 -- FBXO31 -- CCND1 -- PPM1A -- FASLG -- TNFRSF10B -- KRT18 -- TNFRSF14 -- SQSTM1 -- DAB2IP -- IRF1 -- RPAIN -- HIP1 -- CASP8 -- OTUD7B -- BAD -- BCL2L1 -- CASP1 -- ERBB2 -- MTOR -- BAX -- CYCS -- RPS6KA1 -- UBE2D3
239,FADD -- MYD88 -- IL2 -- CASP3 -- MAPK14 -- BCL2 -- CHUK -- MAPK1 -- MAPK3 -- E2F1 -- RELA -- PAK2 -- RB1 -- JUN -- TNF -- RXRB -- TNFRSF1A -- SP1 -- ADAM17 -- TP53 -- TGFB1 -- RIPK1 -- EIF2AK2 -- BIRC3 -- IRAK1 -- TNFRSF1B -- TRAF2 -- CYLD -- ZFP36 -- ATM -- IL4 -- IKBKB -- CDKN2A -- CCND1 -- RIPK2 -- SMURF2 -- FASLG -- RHOA -- MAP3K14 -- SHC1 -- TNFRSF10B -- KRT18 -- TNFRSF14 -- SQSTM1 -- DAB2IP -- XIAP -- BAD -- CASP7 -- SMPD1 -- CASP1 -- PEA15 -- PRNP -- RPS6KA1 -- UBE2D3
240,FADD -- IL1B -- IL2 -- MAPK8 -- NFATC2 -- CHUK -- MAPK1 -- MAPK3 -- E2F1 -- PAK2 -- RB1 -- JUN -- AKT1 -- TNFAIP3 -- SP1 -- VEGFA -- TGFB1 -- TRADD -- EIF2AK2 -- CASP2 -- IRAK1 -- TNFRSF1B -- CYLD -- MAP3K1 -- ZFP36 -- BIRC2 -- ATM -- CFLAR -- IL4 -- IKBKB -- TERT -- STAT1 -- CDKN2A -- CCND1 -- MAP2K7 -- PPM1A -- FASLG -- SOCS3 -- FGF7 -- SHC1 -- TNFRSF14 -- IRF1 -- HIP1 -- CASP8 -- SMPD1 -- CASP1 -- ERBB2 -- MTOR -- FAF1 -- PRNP -- BID -- BAX -- CYCS -- HIF1A -- UBE2D3
241,IL1B -- MYD88 -- CASP3 -- MAPK14 -- NFATC2 -- BCL2 -- CHUK -- NFKB1 -- MAPK1 -- PAK2 -- JUN -- IL23A -- AKT1 -- SP1 -- VEGFA -- ADAM17 -- TGFB1 -- IRAK1 -- MAP4K4 -- TRAF2 -- CYLD -- TRAF1 -- ZFP36 -- AR -- ATM -- CFLAR -- IL4 -- CSF2 -- IKBKB -- STAT1 -- CDKN2A -- CCND1 -- PPM1A -- SMURF2 -- RHOA -- NGF -- FGF14 -- MAP3K14 -- FGF7 -- SQSTM1 -- IFNB1 -- IRF1 -- HIP1 -- CASP8 -- OTUD7B -- XIAP -- BCL2L1 -- CASP7 -- CASP1 -- PEA15 -- PRNP -- BID -- NFE2L2 -- TP63 -- UBE2D3
242,IL1B -- MYD88 -- CASP3 -- MAPK8 -- MAPK14 -- NFATC2 -- CHUK -- NFKB1 -- MAPK3 -- E2F1 -- NFKBIA -- AKT1 -- TNFAIP3 -- ADAM17 -- TGFB1 -- RIPK1 -- EIF2AK2 -- BIRC3 -- MAP4K4 -- TRAF2 -- TRAF1 -- MAP3K1 -- ZFP36 -- AR -- BIRC2 -- ATM -- CFLAR -- IL4 -- CSF2 -- HSPB1 -- IKBKB -- TERT -- STAT1 -- CDKN2A -- CCND1 -- RIPK2 -- PPM1A -- SMURF2 -- PRKCE -- FASLG -- RHOA -- FGF14 -- FGF7 -- KRT18 -- IRF1 -- CASP8 -- XIAP -- BAD -- BCL2L1 -- MTOR -- FAF1 -- CYCS -- NFE2L2 -- IL16 -- TP63 -- RPS6KA1 -- UBE2D3
243,IL2 -- MAPK8 -- NFKB1 -- RB1 -- JUN -- TNF -- TNFRSF1A -- VEGFA -- ADAM17 -- TP53 -- TRADD -- BIRC3 -- IRAK1 -- MAP4K4 -- TNFRSF1B -- TRAF2 -- MAP3K1 -- ZFP36 -- BIRC2 -- IL4 -- CSF2 -- TERT -- STAT1 -- CCND1 -- MAP2K7 -- RIPK2 -- PPM1A -- RHOA -- SOCS3 -- MAP3K14 -- FGF7 -- TNFRSF10B -- TNFRSF14 -- SQSTM1 -- DAB2IP -- IFNB1 -- PIAS2 -- IRF1 -- CASP8 -- XIAP -- BAD -- SMPD1 -- MTOR -- FAF1 -- PRNP -- CYCS -- NFE2L2 -- IL16 -- TP63
244,FADD -- IL1B -- IL2 -- CASP3 -- MAPK14 -- NFATC2 -- BCL2 -- NFKB1 -- MAPK1 -- JUN -- MYC -- IL23A -- AKT1 -- RXRB -- ADAM17 -- TP53 -- TRADD -- EIF2AK2 -- CASP2 -- CYLD -- MAP3K1 -- ZFP36 -- ATM -- CFLAR -- CSF2 -- TERT -- STAT1 -- CDKN2A -- FBXO31 -- CCND1 -- MAP2K7 -- RIPK2 -- PPM1A -- SMURF2 -- RHOA -- NGF -- FGF14 -- MAP3K14 -- FGF7 -- SHC1 -- KRT18 -- IFNB1 -- IRF1 -- CASP8 -- BAD -- BCL2L1 -- CASP7 -- CASP1 -- ERBB2 -- PEA15 -- BID -- HIF1A -- RPS6KA1 -- UBE2D3
245,FADD -- IL1B -- IL2 -- CASP3 -- BCL2 -- CHUK -- NFKB1 -- MAPK1 -- PAK2 -- RB1 -- JUN -- MYC -- TNF -- IL23A -- AKT1 -- ADAM17 -- TGFB1 -- TRADD -- RIPK1 -- TRAF2 -- MAP3K1 -- ZFP36 -- CFLAR -- IKBKB -- FBXO31 -- SMURF2 -- PRKCE -- FASLG -- SOCS3 -- FGF14 -- MAP3K14 -- SHC1 -- KRT18 -- DAB2IP -- IFNB1 -- IRF1 -- HIP1 -- CASP8 -- OTUD7B -- BAD -- BCL2L1 -- CASP7 -- ERBB2 -- PEA15 -- FAF1 -- PRNP -- CYCS -- IL16 -- HIF1A -- TP63
246,IL2 -- CASP3 -- MAPK8 -- BCL2 -- MAPK1 -- E2F1 -- PAK2 -- RB1 -- MYC -- NFKBIA -- IL23A -- RXRB -- TNFRSF1A -- TNFAIP3 -- SP1 -- VEGFA -- ADAM17 -- TP53 -- TGFB1 -- RIPK1 -- CASP2 -- IRAK1 -- MAP4K4 -- CYLD -- TRAF1 -- BIRC2 -- ATM -- CFLAR -- TERT -- CDKN2A -- CCND1 -- MAP2K7 -- RIPK2 -- PPM1A -- PRKCE -- NGF -- FGF14 -- TNFRSF10B -- TNFRSF14 -- SQSTM1 -- DAB2IP -- IFNB1 -- HIP1 -- CASP8 -- OTUD7B -- BAD -- CASP7 -- CASP1 -- ERBB2 -- PEA15 -- FAF1 -- BAX -- CYCS -- NFE2L2 -- IL16 -- HIF1A -- RPS6KA1 -- UBE2D3
247,FADD -- IL1B -- MYD88 -- NFATC2 -- BCL2 -- CHUK -- MAPK1 -- MAPK3 -- E2F1 -- PAK2 -- MYC -- TNF -- RXRB -- TNFRSF1A -- TNFAIP3 -- ADAM17 -- TP53 -- TGFB1 -- TRADD -- RIPK1 -- EIF2AK2 -- CASP2 -- BIRC3 -- IRAK1 -- MAP4K4 -- AR -- BIRC2 -- ATM -- CSF2 -- HSPB1 -- TERT -- STAT1 -- CDKN2A -- CCND1 -- MAP2K7 -- SMURF2 -- PRKCE -- RHOA -- FGF14 -- MAP3K14 -- TNFRSF10B -- KRT18 -- SQSTM1 -- DAB2IP -- PIAS2 -- RPAIN -- HIP1 -- OTUD7B -- CASP7 -- ERBB2 -- PEA15 -- BID -- NFE2L2 -- HIF1A -- RPS6KA1
248,IL1B -- MYD88 -- MAPK14 -- MAPK1 -- MAPK3 -- E2F1 -- RELA -- RB1 -- JUN -- MYC -- TNF -- IL23A -- RXRB -- TNFAIP3 -- VEGFA -- ADAM17 -- TRADD -- CASP2 -- MAP4K4 -- TRAF1 -- MAP3K1 -- ZFP36 -- ATM -- CFLAR -- HSPB1 -- CDKN2A -- CCND1 -- RIPK2 -- PPM1A -- RHOA -- NGF -- SHC1 -- SQSTM1 -- PIAS2 -- RPAIN -- HIP1 -- CASP8 -- XIAP -- BAD -- BCL2L1 -- CASP7 -- CASP1 -- FAF1 -- BAX -- NFE2L2 -- TP63
249,MYD88 -- CASP3 -- MAPK8 -- MAPK14 -- NFATC2 -- BCL2 -- MAPK3 -- RELA -- PAK2 -- JUN -- IL23A -- AKT1 -- RXRB -- TNFRSF1A -- TNFAIP3 -- RIPK1 -- EIF2AK2 -- CASP2 -- MAP4K4 -- TNFRSF1B -- CYLD -- TRAF1 -- MAP3K1 -- ZFP36 -- ATM -- CFLAR -- IL4 -- HSPB1 -- STAT1 -- CDKN2A -- CCND1 -- MAP2K7 -- RIPK2 -- SMURF2 -- RHOA -- SOCS3 -- FGF14 -- MAP3K14 -- FGF7 -- TNFRSF14 -- DAB2IP -- IFNB1 -- RPAIN -- HIP1 -- CASP8 -- XIAP -- BAD -- BCL2L1 -- CASP7 -- SMPD1 -- CASP1 -- PEA15 -- BID -- NFE2L2 -- HIF1A -- TP63 -- UBE2D3
250,IL1B -- MYD88 -- IL2 -- CASP3 -- MAPK8 -- CHUK -- NFKB1 -- RELA -- PAK2 -- NFKBIA -- TNFRSF1A -- TNFAIP3 -- SP1 -- VEGFA -- TRADD -- IRAK1 -- MAP4K4 -- TRAF1 -- MAP3K1 -- AR -- BIRC2 -- ATM -- CFLAR -- CSF2 -- TERT -- CDKN2A -- MAP2K7 -- PPM1A -- PRKCE -- SOCS3 -- NGF -- FGF7 -- SHC1 -- KRT18 -- TNFRSF14 -- PIAS2 -- IRF1 -- RPAIN -- HIP1 -- OTUD7B -- XIAP -- FAF1 -- PRNP -- NFE2L2 -- HIF1A -- TP63 -- RPS6KA1
251,FADD -- IL1B -- CASP3 -- MAPK8 -- MAPK14 -- CHUK -- NFKB1 -- MAPK3 -- RB1 -- MYC -- NFKBIA -- TNFAIP3 -- SP1 -- ADAM17 -- EIF2AK2 -- BIRC3 -- IRAK1 -- TRAF2 -- TRAF1 -- MAP3K1 -- ATM -- HSPB1 -- STAT1 -- CCND1 -- MAP2K7 -- RIPK2 -- PPM1A -- SMURF2 -- FASLG -- RHOA -- SOCS3 -- NGF -- FGF14 -- MAP3K14 -- FGF7 -- KRT18 -- TNFRSF14 -- RPAIN -- CASP8 -- BCL2L1 -- SMPD1 -- CASP1 -- PRNP -- CYCS -- IL16 -- HIF1A -- TP63 -- RPS6KA1 -- UBE2D3
252,FADD -- CHUK -- NFKB1 -- MAPK3 -- E2F1 -- RELA -- PAK2 -- RB1 -- JUN -- MYC -- NFKBIA -- SP1 -- ADAM17 -- TP53 -- TGFB1 -- RIPK1 -- EIF2AK2 -- MAP4K4 -- TRAF2 -- TRAF1 -- AR -- BIRC2 -- ATM -- CFLAR -- IL4 -- STAT1 -- FBXO31 -- RIPK2 -- PRKCE -- SOCS3 -- MAP3K14 -- KRT18 -- DAB2IP -- IFNB1 -- RPAIN -- HIP1 -- CASP8 -- OTUD7B -- XIAP -- BAD -- CASP7 -- SMPD1 -- CASP1 -- CYCS -- NFE2L2 -- TP63 -- RPS6KA1
253,FADD -- IL1B -- MYD88 -- MAPK8 -- MAPK14 -- BCL2 -- CHUK -- MAPK3 -- E2F1 -- PAK2 -- RB1 -- JUN -- NFKBIA -- IL23A -- AKT1 -- SP1 -- VEGFA -- ADAM17 -- TP53 -- RIPK1 -- IRAK1 -- TRAF2 -- MAP3K1 -- ATM -- CSF2 -- IKBKB -- TERT -- CDKN2A -- MAP2K7 -- SMURF2 -- PRKCE -- SHC1 -- TNFRSF10B -- TNFRSF14 -- SQSTM1 -- DAB2IP -- IFNB1 -- PIAS2 -- IRF1 -- RPAIN -- HIP1 -- CASP8 -- CASP7 -- SMPD1 -- ERBB2 -- PEA15 -- FAF1 -- BAX -- CYCS
254,MYD88 -- CASP3 -- MAPK8 -- NFATC2 -- NFKB1 -- MAPK3 -- JUN -- NFKBIA -- TNF -- RXRB -- TNFRSF1A -- TNFAIP3 -- SP1 -- VEGFA -- TP53 -- TGFB1 -- TRADD -- TNFRSF1B -- TRAF1 -- MAP3K1 -- ATM -- CFLAR -- IL4 -- IKBKB -- FBXO31 -- SMURF2 -- FASLG -- NGF -- FGF14 -- SHC1 -- TNFRSF10B -- SQSTM1 -- DAB2IP -- IFNB1 -- PIAS2 -- HIP1 -- CASP8 -- BAD -- SMPD1 -- ERBB2 -- FAF1 -- PRNP -- BID -- BAX -- CYCS -- IL16 -- HIF1A -- TP63 -- RPS6KA1 -- UBE2D3
255,IL1B -- MYD88 -- MAPK14 -- BCL2 -- NFKB1 -- RELA -- PAK2 -- RB1 -- NFKBIA -- IL23A -- TNFRSF1A -- TNFAIP3 -- VEGFA -- RIPK1 -- EIF2AK2 -- CASP2 -- BIRC3 -- IRAK1 -- MAP4K4 -- CYLD -- TRAF1 -- MAP3K1 -- AR -- ATM -- CSF2 -- HSPB1 -- TERT -- MAP2K7 -- PPM1A -- SMURF2 -- PRKCE -- FGF14 -- MAP3K14 -- FGF7 -- SHC1 -- TNFRSF10B -- KRT18 -- TNFRSF14 -- DAB2IP -- IFNB1 -- XIAP -- BCL2L1 -- SMPD1 -- MTOR -- PEA15 -- PRNP -- BID -- CYCS -- IL16
256,FADD -- IL2 -- CASP3 -- MAPK8 -- MAPK14 -- NFATC2 -- BCL2 -- CHUK -- MAPK3 -- E2F1 -- RELA -- PAK2 -- RB1 -- IL23A -- RXRB -- TNFRSF1A -- TNFAIP3 -- ADAM17 -- TGFB1 -- EIF2AK2 -- CASP2 -- IRAK1 -- TNFRSF1B -- CYLD -- TRAF1 -- AR -- ATM -- CSF2 -- FBXO31 -- MAP2K7 -- RIPK2 -- SMURF2 -- RHOA -- NGF -- MAP3K14 -- FGF7 -- SHC1 -- IFNB1 -- HIP1 -- CASP8 -- OTUD7B -- BAD -- CASP7 -- ERBB2 -- PEA15 -- PRNP -- BID -- CYCS -- IL16
257,FADD -- MYD88 -- IL2 -- MAPK8 -- MAPK14 -- CHUK -- NFKB1 -- MAPK1 -- E2F1 -- RB1 -- JUN -- NFKBIA -- IL23A -- AKT1 -- RXRB -- SP1 -- VEGFA -- TRADD -- RIPK1 -- EIF2AK2 -- CASP2 -- TNFRSF1B -- CYLD -- MAP3K1 -- AR -- HSPB1 -- STAT1 -- FBXO31 -- CCND1 -- SMURF2 -- RHOA -- SOCS3 -- NGF -- FGF14 -- TNFRSF10B -- KRT18 -- TNFRSF14 -- DAB2IP -- PIAS2 -- CASP7 -- ERBB2 -- MTOR -- FAF1 -- PRNP -- BID -- BAX -- CYCS -- TP63 -- RPS6KA1 -- UBE2D3
258,MYD88 -- MAPK1 -- PAK2 -- RB1 -- JUN -- NFKBIA -- IL23A -- SP1 -- ADAM17 -- RIPK1 -- EIF2AK2 -- CASP2 -- IRAK1 -- TRAF1 -- ZFP36 -- BIRC2 -- ATM -- CFLAR -- IL4 -- CSF2 -- HSPB1 -- IKBKB -- STAT1 -- FBXO31 -- SMURF2 -- SOCS3 -- NGF -- FGF7 -- SHC1 -- TNFRSF10B -- KRT18 -- IFNB1 -- PIAS2 -- RPAIN -- HIP1 -- CASP8 -- XIAP -- CASP1 -- MTOR -- PEA15 -- FAF1 -- BID -- CYCS -- NFE2L2 -- UBE2D3
259,FADD -- MAPK8 -- NFATC2 -- BCL2 -- NFKB1 -- MAPK3 -- E2F1 -- RELA -- NFKBIA -- AKT1 -- VEGFA -- TGFB1 -- TRADD -- RIPK1 -- EIF2AK2 -- CASP2 -- BIRC3 -- IRAK1 -- MAP4K4 -- CYLD -- TRAF1 -- BIRC2 -- CSF2 -- CCND1 -- MAP2K7 -- RIPK2 -- PPM1A -- SMURF2 -- PRKCE -- FASLG -- RHOA -- NGF -- FGF14 -- FGF7 -- KRT18 -- DAB2IP -- HIP1 -- OTUD7B -- XIAP -- BCL2L1 -- ERBB2 -- FAF1 -- BAX -- NFE2L2 -- TP63 -- RPS6KA1
260,FADD -- MYD88 -- CASP3 -- MAPK8 -- BCL2 -- E2F1 -- PAK2 -- JUN -- NFKBIA -- TNF -- AKT1 -- RXRB -- TNFRSF1A -- TNFAIP3 -- SP1 -- VEGFA -- ADAM17 -- TGFB1 -- TRADD -- CASP2 -- IRAK1 -- MAP4K4 -- TNFRSF1B -- CYLD -- MAP3K1 -- BIRC2 -- CSF2 -- IKBKB -- STAT1 -- CCND1 -- RIPK2 -- PPM1A -- SMURF2 -- FASLG -- RHOA -- SOCS3 -- NGF -- MAP3K14 -- FGF7 -- TNFRSF10B -- KRT18 -- SQSTM1 -- DAB2IP -- IFNB1 -- PIAS2 -- IRF1 -- CASP8 -- OTUD7B -- BAD -- BCL2L1 -- CASP7 -- SMPD1 -- ERBB2 -- PEA15 -- BID -- BAX -- CYCS -- NFE2L2 -- HIF1A -- TP63
261,FADD -- CHUK -- NFKB1 -- MAPK1 -- MAPK3 -- E2F1 -- RELA -- PAK2 -- JUN -- TNF -- IL23A -- AKT1 -- TNFRSF1A -- TRADD -- CASP2 -- MAP4K4 -- TRAF2 -- AR -- CSF2 -- TERT -- CDKN2A -- SMURF2 -- PRKCE -- RHOA -- NGF -- FGF14 -- TNFRSF10B -- IRF1 -- HIP1 -- XIAP -- BAD -- BCL2L1 -- SMPD1 -- CASP1 -- FAF1 -- PRNP -- BID -- BAX -- NFE2L2 -- IL16 -- HIF1A -- RPS6KA1 -- UBE2D3
262,MYD88 -- CASP3 -- MAPK8 -- MAPK14 -- NFATC2 -- NFKB1 -- MAPK1 -- MAPK3 -- PAK2 -- MYC -- AKT1 -- VEGFA -- TP53 -- TRADD -- RIPK1 -- IRAK1 -- MAP4K4 -- TNFRSF1B -- TRAF2 -- CYLD -- TRAF1 -- AR -- BIRC2 -- HSPB1 -- IKBKB -- MAP2K7 -- PRKCE -- FASLG -- FGF14 -- MAP3K14 -- SHC1 -- KRT18 -- SQSTM1 -- DAB2IP -- PIAS2 -- IRF1 -- RPAIN -- OTUD7B -- SMPD1 -- CASP1 -- MTOR -- PEA15 -- FAF1 -- PRNP -- BID -- BAX -- CYCS -- IL16
263,FADD -- CASP3 -- MAPK14 -- NFATC2 -- BCL2 -- MAPK1 -- MAPK3 -- E2F1 -- RELA -- PAK2 -- MYC -- TNF -- IL23A -- RXRB -- TNFRSF1A -- TNFAIP3 -- VEGFA -- TP53 -- TGFB1 -- TRADD -- IRAK1 -- TNFRSF1B -- CYLD -- TRAF1 -- ZFP36 -- AR -- ATM -- CFLAR -- HSPB1 -- TERT -- CDKN2A -- CCND1 -- MAP2K7 -- PPM1A -- RHOA -- SOCS3 -- NGF -- FGF14 -- MAP3K14 -- SHC1 -- TNFRSF10B -- KRT18 -- TNFRSF14 -- PIAS2 -- CASP8 -- OTUD7B -- XIAP -- BAD -- CASP7 -- CASP1 -- ERBB2 -- PEA15 -- BID -- CYCS -- NFE2L2 -- IL16 -- TP63 -- RPS6KA1
264,FADD -- IL2 -- MAPK8 -- MAPK14 -- NFKB1 -- MAPK1 -- RELA -- JUN -- NFKBIA -- TNF -- TNFAIP3 -- ADAM17 -- TP53 -- RIPK1 -- EIF2AK2 -- CASP2 -- BIRC3 -- TRAF1 -- ATM -- CFLAR -- IKBKB -- STAT1 -- CDKN2A -- CCND1 -- SMURF2 -- PRKCE -- NGF -- MAP3K14 -- TNFRSF10B -- SQSTM1 -- PIAS2 -- HIP1 -- CASP8 -- OTUD7B -- XIAP -- BAD -- CASP7 -- SMPD1 -- ERBB2 -- MTOR -- PEA15 -- FAF1 -- BID -- IL16 -- UBE2D3
265,FADD -- IL2 -- CASP3 -- BCL2 -- CHUK -- NFKB1 -- E2F1 -- RELA -- TNF -- RXRB -- TNFRSF1A -- TNFAIP3 -- SP1 -- VEGFA -- ADAM17 -- TP53 -- TRADD -- CASP2 -- IRAK1 -- MAP4K4 -- TRAF2 -- CYLD -- TRAF1 -- BIRC2 -- CFLAR -- TERT -- CDKN2A -- CCND1 -- SMURF2 -- PRKCE -- RHOA -- SOCS3 -- FGF7 -- SHC1 -- TNFRSF10B -- TNFRSF14 -- SQSTM1 -- IFNB1 -- RPAIN -- CASP8 -- OTUD7B -- XIAP -- BAD -- CASP7 -- SMPD1 -- CASP1 -- MTOR -- PEA15 -- NFE2L2 -- IL16 -- TP63
266,FADD -- MYD88 -- IL2 -- CASP3 -- NFATC2 -- BCL2 -- NFKB1 -- MAPK3 -- E2F1 -- RB1 -- JUN -- MYC -- NFKBIA -- TNF -- IL23A -- RXRB -- TNFAIP3 -- SP1 -- ADAM17 -- EIF2AK2 -- CASP2 -- IRAK1 -- BIRC2 -- ATM -- CFLAR -- HSPB1 -- IKBKB -- TERT -- STAT1 -- MAP2K7 -- RIPK2 -- PPM1A -- SMURF2 -- PRKCE -- RHOA -- SOCS3 -- NGF -- MAP3K14 -- TNFRSF10B -- TNFRSF14 -- DAB2IP -- IFNB1 -- PIAS2 -- CASP8 -- XIAP -- BAD -- SMPD1 -- ERBB2 -- MTOR -- PRNP -- BAX -- NFE2L2 -- HIF1A -- UBE2D3
267,FADD -- IL1B -- IL2 -- CASP3 -- MAPK8 -- MAPK14 -- CHUK -- NFKB1 -- RB1 -- JUN -- MYC -- TNFAIP3 -- VEGFA -- ADAM17 -- TRADD -- EIF2AK2 -- CASP2 -- TNFRSF1B -- TRAF2 -- CYLD -- TRAF1 -- AR -- CFLAR -- IL4 -- CSF2 -- MAP2K7 -- RIPK2 -- PPM1A -- RHOA -- FGF14 -- SHC1 -- TNFRSF10B -- KRT18 -- DAB2IP -- IFNB1 -- RPAIN -- OTUD7B -- XIAP -- BCL2L1 -- MTOR -- PEA15 -- PRNP -- BAX -- CYCS -- HIF1A -- TP63 -- RPS6KA1
268,IL1B -- MYD88 -- CASP3 -- MAPK8 -- MAPK14 -- NFATC2 -- BCL2 -- MAPK3 -- RB1 -- MYC -- TNF -- AKT1 -- RXRB -- TNFAIP3 -- CASP2 -- BIRC3 -- MAP4K4 -- TNFRSF1B -- CYLD -- TRAF1 -- CFLAR -- IL4 -- IKBKB -- TERT -- STAT1 -- FBXO31 -- CCND1 -- MAP2K7 -- SMURF2 -- RHOA -- FGF7 -- KRT18 -- TNFRSF14 -- SQSTM1 -- IFNB1 -- PIAS2 -- IRF1 -- RPAIN -- OTUD7B -- BCL2L1 -- SMPD1 -- PRNP -- BAX -- NFE2L2 -- HIF1A -- TP63 -- RPS6KA1
269,FADD -- IL1B -- MYD88 -- IL2 -- CASP3 -- CHUK -- NFKB1 -- MAPK1 -- E2F1 -- RELA -- PAK2 -- RB1 -- NFKBIA -- TNF -- IL23A -- TNFRSF1A -- SP1 -- VEGFA -- ADAM17 -- TRADD -- BIRC3 -- IRAK1 -- TRAF2 -- MAP3K1 -- AR -- BIRC2 -- ATM -- IL4 -- CSF2 -- HSPB1 -- IKBKB -- CDKN2A -- FBXO31 -- PPM1A -- SMURF2 -- FASLG -- RHOA -- NGF -- FGF14 -- FGF7 -- SHC1 -- KRT18 -- TNFRSF14 -- SQSTM1 -- DAB2IP -- IFNB1 -- PIAS2 -- IRF1 -- CASP8 -- XIAP -- BCL2L1 -- CASP7 -- ERBB2 -- CYCS -- IL16 -- HIF1A -- TP63
270,FADD -- MYD88 -- IL2 -- CASP3 -- MAPK14 -- NFKB1 -- MAPK1 -- MAPK3 -- RELA -- JUN -- NFKBIA -- IL23A -- AKT1 -- TNFRSF1A -- TNFAIP3 -- TP53 -- TGFB1 -- RIPK1 -- EIF2AK2 -- CASP2 -- BIRC3 -- IRAK1 -- TNFRSF1B -- TRAF2 -- TRAF1 -- AR -- BIRC2 -- ATM -- CFLAR -- CSF2 -- CDKN2A -- RIPK2 -- PRKCE -- RHOA -- NGF -- MAP3K14 -- SHC1 -- TNFRSF10B -- KRT18 -- TNFRSF14 -- SQSTM1 -- DAB2IP -- IFNB1 -- IRF1 -- RPAIN -- XIAP -- BAD -- BCL2L1 -- CASP7 -- CASP1 -- FAF1 -- PRNP -- BID -- BAX -- CYCS -- IL16 -- HIF1A -- RPS6KA1 -- UBE2D3
271,FADD -- MYD88 -- MAPK8 -- MAPK1 -- E2F1 -- RELA -- JUN -- NFKBIA -- TNF -- IL23A -- AKT1 -- SP1 -- ADAM17 -- TGFB1 -- CYLD -- TRAF1 -- AR -- CSF2 -- IKBKB -- TERT -- STAT1 -- FBXO31 -- SMURF2 -- PRKCE -- RHOA -- FGF7 -- SHC1 -- TNFRSF10B -- KRT18 -- TNFRSF14 -- DAB2IP -- IFNB1 -- RPAIN -- CASP8 -- OTUD7B -- BAD -- CASP1 -- FAF1 -- BAX -- NFE2L2 -- HIF1A -- TP63 -- UBE2D3
272,FADD -- MYD88 -- CASP3 -- MAPK14 -- NFATC2 -- BCL2 -- MAPK1 -- MAPK3 -- E2F1 -- RELA -- MYC -- NFKBIA -- IL23A -- RXRB -- TNFRSF1A -- VEGFA -- ADAM17 -- TGFB1 -- RIPK1 -- BIRC3 -- IRAK1 -- MAP4K4 -- TNFRSF1B -- CYLD -- MAP3K1 -- AR -- IKBKB -- TERT -- STAT1 -- FBXO31 -- MAP2K7 -- RHOA -- SOCS3 -- FGF14 -- FGF7 -- SHC1 -- TNFRSF10B -- SQSTM1 -- DAB2IP -- PIAS2 -- IRF1 -- RPAIN -- CASP8 -- OTUD7B -- XIAP -- BAD -- BCL2L1 -- SMPD1 -- CASP1 -- MTOR -- FAF1 -- PRNP -- BID -- BAX -- NFE2L2 -- RPS6KA1
273,MAPK8 -- MAPK14 -- BCL2 -- NFKB1 -- MAPK1 -- PAK2 -- MYC -- TNF -- TNFRSF1A -- TNFAIP3 -- VEGFA -- ADAM17 -- TP53 -- TGFB1 -- EIF2AK2 -- CASP2 -- IRAK1 -- MAP4K4 -- TRAF2 -- CYLD -- MAP3K1 -- CFLAR -- CSF2 -- IKBKB -- TERT -- CDKN2A -- FBXO31 -- MAP2K7 -- SMURF2 -- PRKCE -- FASLG -- SOCS3 -- NGF -- SHC1 -- TNFRSF10B -- KRT18 -- DAB2IP -- CASP8 -- OTUD7B -- CASP7 -- CASP1 -- ERBB2 -- FAF1 -- BID -- BAX -- IL16 -- HIF1A -- TP63 -- UBE2D3
274,FADD -- IL2 -- CASP3 -- MAPK8 -- MAPK14 -- NFATC2 -- MAPK1 -- MAPK3 -- RELA -- MYC -- SP1 -- ADAM17 -- TGFB1 -- TRADD -- RIPK1 -- EIF2AK2 -- BIRC3 -- TNFRSF1B -- TRAF2 -- CYLD -- MAP3K1 -- AR -- BIRC2 -- CSF2 -- IKBKB -- TERT -- CDKN2A -- CCND1 -- MAP2K7 -- RIPK2 -- PPM1A -- SOCS3 -- FGF14 -- FGF7 -- KRT18 -- PIAS2 -- IRF1 -- HIP1 -- OTUD7B -- BAD -- SMPD1 -- CASP1 -- BAX -- HIF1A -- TP63 -- UBE2D3
275,MYD88 -- IL2 -- CASP3 -- MAPK14 -- NFATC2 -- CHUK -- E2F1 -- TNF -- RXRB -- TNFAIP3 -- SP1 -- VEGFA -- TRADD -- RIPK1 -- EIF2AK2 -- IRAK1 -- TNFRSF1B -- AR -- ATM -- CFLAR -- IL4 -- CSF2 -- HSPB1 -- TERT -- STAT1 -- FBXO31 -- PPM1A -- SMURF2 -- PRKCE -- FASLG -- RHOA -- SOCS3 -- FGF14 -- TNFRSF10B -- SQSTM1 -- PIAS2 -- RPAIN -- HIP1 -- CASP8 -- XIAP -- BAD -- ERBB2 -- PEA15 -- FAF1 -- BAX -- NFE2L2 -- TP63 -- RPS6KA1 -- UBE2D3
276,MAPK14 -- NFATC2 -- CHUK -- NFKB1 -- E2F1 -- PAK2 -- RB1 -- JUN -- TNF -- IL23A -- RXRB -- SP1 -- ADAM17 -- TGFB1 -- EIF2AK2 -- CASP2 -- MAP4K4 -- TRAF1 -- AR -- ATM -- CFLAR -- CSF2 -- HSPB1 -- STAT1 -- CCND1 -- MAP2K7 -- RIPK2 -- PPM1A -- SMURF2 -- PRKCE -- SOCS3 -- MAP3K14 -- FGF7 -- TNFRSF10B -- KRT18 -- TNFRSF14 -- DAB2IP -- IFNB1 -- IRF1 -- RPAIN -- HIP1 -- OTUD7B -- BAD -- SMPD1 -- MTOR -- PEA15 -- BID -- BAX -- NFE2L2 -- TP63 -- RPS6KA1 -- UBE2D3
277,FADD -- MYD88 -- CASP3 -- NFATC2 -- BCL2 -- RB1 -- JUN -- NFKBIA -- IL23A -- AKT1 -- RXRB -- TNFRSF1A -- ADAM17 -- TRADD -- CASP2 -- BIRC3 -- MAP4K4 -- TNFRSF1B -- MAP3K1 -- ATM -- IKBKB -- STAT1 -- CDKN2A -- MAP2K7 -- PPM1A -- PRKCE -- SOCS3 -- NGF -- MAP3K14 -- SHC1 -- DAB2IP -- IFNB1 -- IRF1 -- RPAIN -- BCL2L1 -- MTOR -- PEA15 -- PRNP -- BID -- BAX -- CYCS -- HIF1A -- TP63 -- RPS6KA1
278,FADD -- IL1B -- CASP3 -- MAPK8 -- MAPK14 -- NFATC2 -- BCL2 -- CHUK -- PAK2 -- RB1 -- JUN -- NFKBIA -- IL23A -- AKT1 -- TGFB1 -- RIPK1 -- IRAK1 -- MAP4K4 -- TRAF2 -- CYLD -- MAP3K1 -- AR -- BIRC2 -- ATM -- CFLAR -- CSF2 -- IKBKB -- TERT -- STAT1 -- CDKN2A -- CCND1 -- MAP2K7 -- SMURF2 -- RHOA -- SOCS3 -- FGF14 -- FGF7 -- KRT18 -- IFNB1 -- PIAS2 -- IRF1 -- RPAIN -- HIP1 -- CASP8 -- OTUD7B -- SMPD1 -- CASP1 -- PRNP -- BID -- NFE2L2 -- IL16 -- RPS6KA1 -- UBE2D3
279,FADD -- IL2 -- NFATC2 -- BCL2 -- CHUK -- MAPK1 -- MAPK3 -- E2F1 -- RB1 -- JUN -- RXRB -- TNFRSF1A -- SP1 -- TP53 -- RIPK1 -- CASP2 -- BIRC3 -- CYLD -- TRAF1 -- MAP3K1 -- ZFP36 -- BIRC2 -- CFLAR -- CSF2 -- STAT1 -- FBXO31 -- RIPK2 -- RHOA -- SOCS3 -- NGF -- MAP3K14 -- FGF7 -- SHC1 -- TNFRSF10B -- KRT18 -- TNFRSF14 -- IFNB1 -- PIAS2 -- RPAIN -- HIP1 -- OTUD7B -- BAD -- CASP7 -- CASP1 -- MTOR -- FAF1 -- NFE2L2 -- IL16 -- TP63 -- UBE2D3
280,FADD -- IL2 -- CASP3 -- CHUK -- NFKB1 -- E2F1 -- PAK2 -- RB1 -- NFKBIA -- TNF -- IL23A -- TNFRSF1A -- TNFAIP3 -- SP1 -- ADAM17 -- TP53 -- TRADD -- EIF2AK2 -- CASP2 -- IRAK1 -- MAP4K4 -- TNFRSF1B -- CYLD -- ATM -- CFLAR -- HSPB1 -- IKBKB -- TERT -- STAT1 -- CDKN2A -- CCND1 -- MAP2K7 -- RIPK2 -- PPM1A -- SMURF2 -- SOCS3 -- NGF -- FGF14 -- MAP3K14 -- TNFRSF10B -- DAB2IP -- IFNB1 -- IRF1 -- HIP1 -- CASP8 -- XIAP -- BAD -- CASP7 -- SMPD1 -- ERBB2 -- PRNP -- BAX -- CYCS -- NFE2L2 -- RPS6KA1
281,FADD -- MYD88 -- IL2 -- MAPK8 -- MAPK14 -- BCL2 -- CHUK -- NFKB1 -- E2F1 -- RB1 -- JUN -- TNFAIP3 -- SP1 -- VEGFA -- TGFB1 -- TRADD -- CASP2 -- IRAK1 -- CYLD -- TRAF1 -- CFLAR -- IL4 -- CSF2 -- HSPB1 -- IKBKB -- CCND1 -- MAP2K7 -- PPM1A -- FASLG -- RHOA -- SOCS3 -- NGF -- FGF14 -- MAP3K14 -- FGF7 -- SHC1 -- KRT18 -- IFNB1 -- HIP1 -- CASP8 -- OTUD7B -- CASP7 -- ERBB2 -- MTOR -- PEA15 -- FAF1 -- PRNP -- BAX -- CYCS -- IL16 -- RPS6KA1 -- UBE2D3
282,MYD88 -- IL2 -- MAPK8 -- MAPK14 -- MAPK3 -- E2F1 -- RELA -- MYC -- TNF -- IL23A -- AKT1 -- RXRB -- TNFRSF1A -- TNFAIP3 -- VEGFA -- ADAM17 -- TP53 -- TGFB1 -- TRADD -- CASP2 -- TNFRSF1B -- TRAF1 -- MAP3K1 -- AR -- CFLAR -- STAT1 -- CCND1 -- RIPK2 -- RHOA -- NGF -- MAP3K14 -- FGF7 -- TNFRSF10B -- TNFRSF14 -- PIAS2 -- BAD -- ERBB2 -- MTOR -- BID -- CYCS -- TP63
283,FADD -- CASP3 -- MAPK3 -- E2F1 -- RELA -- RB1 -- JUN -- MYC -- NFKBIA -- TNF -- AKT1 -- RXRB -- TNFAIP3 -- SP1 -- ADAM17 -- TP53 -- EIF2AK2 -- CASP2 -- MAP4K4 -- TNFRSF1B -- TRAF2 -- CYLD -- MAP3K1 -- ZFP36 -- AR -- ATM -- CSF2 -- IKBKB -- TERT -- CDKN2A -- CCND1 -- RIPK2 -- SMURF2 -- PRKCE -- FASLG -- RHOA -- SOCS3 -- NGF -- FGF14 -- FGF7 -- SHC1 -- TNFRSF10B -- TNFRSF14 -- SQSTM1 -- IFNB1 -- PIAS2 -- IRF1 -- RPAIN -- HIP1 -- CASP7 -- CASP1 -- MTOR -- FAF1 -- CYCS -- IL16 -- HIF1A -- RPS6KA1 -- UBE2D3
284,CASP3 -- MAPK8 -- MAPK14 -- NFATC2 -- E2F1 -- RB1 -- JUN -- MYC -- IL23A -- RXRB -- TNFRSF1A -- SP1 -- VEGFA -- TGFB1 -- TRADD -- RIPK1 -- MAP4K4 -- TNFRSF1B -- TRAF2 -- CYLD -- TRAF1 -- ZFP36 -- AR -- IKBKB -- TERT -- STAT1 -- CDKN2A -- CCND1 -- PPM1A -- PRKCE -- FASLG -- FGF14 -- SHC1 -- TNFRSF14 -- SQSTM1 -- RPAIN -- HIP1 -- BAD -- CASP7 -- CASP1 -- ERBB2 -- PEA15 -- FAF1 -- BID -- BAX -- CYCS -- IL16 -- HIF1A -- RPS6KA1
285,FADD -- IL1B -- MAPK8 -- BCL2 -- NFKB1 -- MAPK3 -- RELA -- PAK2 -- RB1 -- JUN -- MYC -- NFKBIA -- TNF -- RXRB -- TNFAIP3 -- ADAM17 -- TP53 -- EIF2AK2 -- BIRC3 -- MAP4K4 -- AR -- BIRC2 -- ATM -- HSPB1 -- IKBKB -- TERT -- STAT1 -- CDKN2A -- FBXO31 -- CCND1 -- MAP2K7 -- RIPK2 -- PPM1A -- SMURF2 -- PRKCE -- NGF -- FGF14 -- MAP3K14 -- FGF7 -- SHC1 -- TNFRSF14 -- IFNB1 -- HIP1 -- CASP8 -- OTUD7B -- XIAP -- FAF1 -- PRNP -- BAX -- IL16 -- HIF1A
286,FADD -- IL1B -- MYD88 -- MAPK8 -- MAPK14 -- NFATC2 -- MAPK3 -- E2F1 -- PAK2 -- RB1 -- IL23A -- AKT1 -- RXRB -- TNFRSF1A -- TNFAIP3 -- SP1 -- ADAM17 -- TGFB1 -- TRADD -- RIPK1 -- CASP2 -- IRAK1 -- MAP4K4 -- CYLD -- MAP3K1 -- ZFP36 -- ATM -- CFLAR -- IL4 -- HSPB1 -- TERT -- STAT1 -- CDKN2A -- FBXO31 -- CCND1 -- MAP2K7 -- PPM1A -- SMURF2 -- PRKCE -- FASLG -- NGF -- FGF7 -- SHC1 -- TNFRSF10B -- KRT18 -- TNFRSF14 -- DAB2IP -- PIAS2 -- IRF1 -- HIP1 -- CASP8 -- OTUD7B -- BCL2L1 -- SMPD1 -- CASP1 -- ERBB2 -- PEA15 -- FAF1 -- CYCS -- HIF1A -- UBE2D3
287,MYD88 -- IL2 -- CASP3 -- MAPK8 -- NFATC2 -- BCL2 -- CHUK -- NFKB1 -- MAPK1 -- MAPK3 -- E2F1 -- RELA -- RB1 -- JUN -- MYC -- IL23A -- AKT1 -- RXRB -- TNFAIP3 -- TRADD -- RIPK1 -- BIRC3 -- MAP3K1 -- ZFP36 -- AR -- ATM -- IL4 -- HSPB1 -- TERT -- CDKN2A -- CCND1 -- PRKCE -- SOCS3 -- FGF14 -- MAP3K14 -- SHC1 -- TNFRSF14 -- IFNB1 -- RPAIN -- CASP8 -- CASP7 -- SMPD1 -- PEA15 -- BID -- RPS6KA1
288,FADD -- MYD88 -- MAPK8 -- MAPK14 -- NFATC2 -- MAPK1 -- MAPK3 -- PAK2 -- JUN -- IL23A -- AKT1 -- TNFRSF1A -- SP1 -- VEGFA -- TP53 -- RIPK1 -- EIF2AK2 -- CASP2 -- BIRC3 -- MAP3K1 -- ZFP36 -- ATM -- IL4 -- TERT -- FBXO31 -- CCND1 -- MAP2K7 -- RIPK2 -- SMURF2 -- FASLG -- RHOA -- SOCS3 -- NGF -- FGF14 -- SHC1 -- TNFRSF14 -- SQSTM1 -- DAB2IP -- RPAIN -- CASP8 -- OTUD7B -- BAD -- BCL2L1 -- CASP7 -- MTOR -- BAX -- CYCS -- IL16 -- UBE2D3
289,FADD -- IL1B -- CASP3 -- MAPK14 -- NFATC2 -- BCL2 -- NFKB1 -- MAPK1 -- PAK2 -- RB1 -- JUN -- MYC -- TNF -- IL23A -- SP1 -- TGFB1 -- TRADD -- RIPK1 -- CASP2 -- BIRC3 -- MAP4K4 -- CYLD -- TRAF1 -- MAP3K1 -- ZFP36 -- BIRC2 -- CFLAR -- HSPB1 -- IKBKB -- STAT1 -- FBXO31 -- RIPK2 -- PRKCE -- RHOA -- SOCS3 -- NGF -- FGF14 -- TNFRSF10B -- KRT18 -- TNFRSF14 -- SQSTM1 -- IFNB1 -- BAD -- CASP7 -- PEA15 -- FAF1 -- PRNP -- BID -- BAX -- CYCS -- IL16 -- RPS6KA1
290,MAPK8 -- BCL2 -- CHUK -- MAPK1 -- MAPK3 -- E2F1 -- RELA -- PAK2 -- TNF -- AKT1 -- TNFAIP3 -- ADAM17 -- TP53 -- TGFB1 -- RIPK1 -- EIF2AK2 -- BIRC3 -- ZFP36 -- BIRC2 -- ATM -- CFLAR -- IKBKB -- TERT -- STAT1 -- FBXO31 -- RIPK2 -- PPM1A -- PRKCE -- FASLG -- RHOA -- SOCS3 -- NGF -- FGF14 -- MAP3K14 -- KRT18 -- DAB2IP -- IFNB1 -- PIAS2 -- HIP1 -- CASP8 -- OTUD7B -- XIAP -- CASP7 -- CASP1 -- PEA15 -- CYCS -- HIF1A -- TP63
291,FADD -- MYD88 -- IL2 -- MAPK8 -- NFKB1 -- E2F1 -- RELA -- PAK2 -- RB1 -- IL23A -- AKT1 -- TNFAIP3 -- SP1 -- ADAM17 -- TGFB1 -- IRAK1 -- TNFRSF1B -- ZFP36 -- AR -- ATM -- TERT -- CDKN2A -- CCND1 -- MAP2K7 -- SMURF2 -- PRKCE -- FASLG -- SOCS3 -- NGF -- FGF14 -- MAP3K14 -- SHC1 -- TNFRSF14 -- DAB2IP -- PIAS2 -- HIP1 -- XIAP -- BAD -- CASP7 -- SMPD1 -- CASP1 -- MTOR -- PRNP -- BAX -- IL16 -- TP63
292,FADD -- MAPK8 -- MAPK14 -- BCL2 -- MAPK3 -- RELA -- PAK2 -- RB1 -- JUN -- NFKBIA -- TNF -- IL23A -- AKT1 -- RXRB -- TNFRSF1A -- TNFAIP3 -- VEGFA -- ADAM17 -- TGFB1 -- TRADD -- RIPK1 -- EIF2AK2 -- BIRC3 -- TNFRSF1B -- CYLD -- TRAF1 -- MAP3K1 -- ZFP36 -- AR -- ATM -- CSF2 -- HSPB1 -- IKBKB -- CDKN2A -- CCND1 -- RIPK2 -- RHOA -- SOCS3 -- SHC1 -- KRT18 -- SQSTM1 -- IFNB1 -- PIAS2 -- IRF1 -- RPAIN -- HIP1 -- OTUD7B -- BCL2L1 -- CASP7 -- CASP1 -- ERBB2 -- MTOR -- PEA15 -- FAF1 -- IL16 -- HIF1A
293,MYD88 -- CASP3 -- MAPK14 -- NFATC2 -- BCL2 -- CHUK -- MAPK1 -- MAPK3 -- E2F1 -- MYC -- NFKBIA -- TNF -- IL23A -- RXRB -- TNFRSF1A -- TNFAIP3 -- SP1 -- ADAM17 -- TP53 -- TGFB1 -- RIPK1 -- CASP2 -- IRAK1 -- TRAF2 -- MAP3K1 -- ZFP36 -- AR -- ATM -- CFLAR -- HSPB1 -- STAT1 -- FBXO31 -- CCND1 -- RIPK2 -- PPM1A -- SMURF2 -- PRKCE -- FASLG -- FGF14 -- SHC1 -- TNFRSF10B -- SQSTM1 -- RPAIN -- HIP1 -- CASP8 -- XIAP -- ERBB2 -- PEA15 -- FAF1 -- BID -- HIF1A -- RPS6KA1
294,FADD -- IL1B -- MYD88 -- IL2 -- CASP3 -- MAPK8 -- E2F1 -- RELA -- PAK2 -- RB1 -- JUN -- MYC -- IL23A -- TNFAIP3 -- VEGFA -- TP53 -- TGFB1 -- RIPK1 -- EIF2AK2 -- CASP2 -- IRAK1 -- TNFRSF1B -- TRAF1 -- MAP3K1 -- ZFP36 -- AR -- BIRC2 -- CFLAR -- IL4 -- CSF2 -- TERT -- FBXO31 -- CCND1 -- RIPK2 -- SMURF2 -- PRKCE -- FGF14 -- SHC1 -- TNFRSF10B -- SQSTM1 -- PIAS2 -- RPAIN -- CASP8 -- OTUD7B -- XIAP -- BCL2L1 -- CASP1 -- PEA15 -- FAF1 -- PRNP -- BAX -- IL16 -- TP63 -- UBE2D3
295,FADD -- IL1B -- IL2 -- CASP3 -- MAPK8 -- MAPK1 -- E2F1 -- RELA -- RB1 -- JUN -- MYC -- AKT1 -- RXRB -- TNFRSF1A -- SP1 -- VEGFA -- ADAM17 -- TGFB1 -- RIPK1 -- CASP2 -- TNFRSF1B -- AR -- ATM -- IKBKB -- FBXO31 -- CCND1 -- MAP2K7 -- RIPK2 -- SMURF2 -- TNFRSF10B -- TNFRSF14 -- SQSTM1 -- IRF1 -- RPAIN -- HIP1 -- XIAP -- BAD -- BCL2L1 -- CASP1 -- ERBB2 -- PRNP -- CYCS -- NFE2L2 -- IL16 -- RPS6KA1 -- UBE2D3
296,IL1B -- MYD88 -- IL2 -- CASP3 -- MAPK8 -- BCL2 -- CHUK -- NFKB1 -- MAPK1 -- MAPK3 -- PAK2 -- JUN -- MYC -- NFKBIA -- IL23A -- AKT1 -- TNFAIP3 -- VEGFA -- ADAM17 -- TP53 -- TRADD -- RIPK1 -- EIF2AK2 -- BIRC3 -- IRAK1 -- MAP4K4 -- CYLD -- TRAF1 -- AR -- BIRC2 -- CFLAR -- IL4 -- CSF2 -- HSPB1 -- STAT1 -- FBXO31 -- PPM1A -- SMURF2 -- FASLG -- SOCS3 -- FGF14 -- FGF7 -- TNFRSF10B -- KRT18 -- TNFRSF14 -- DAB2IP -- IFNB1 -- PIAS2 -- IRF1 -- OTUD7B -- BAD -- CASP7 -- CASP1 -- MTOR -- FAF1 -- PRNP -- BID -- BAX -- IL16 -- HIF1A -- TP63 -- RPS6KA1
297,MAPK14 -- BCL2 -- NFKB1 -- MAPK3 -- RELA -- PAK2 -- RB1 -- JUN -- MYC -- NFKBIA -- IL23A -- TNFRSF1A -- TNFAIP3 -- SP1 -- TP53 -- TGFB1 -- TRADD -- RIPK1 -- EIF2AK2 -- BIRC3 -- MAP4K4 -- TRAF1 -- ZFP36 -- AR -- BIRC2 -- CFLAR -- HSPB1 -- TERT -- STAT1 -- CDKN2A -- MAP2K7 -- PPM1A -- FASLG -- NGF -- MAP3K14 -- SHC1 -- TNFRSF10B -- KRT18 -- SQSTM1 -- DAB2IP -- PIAS2 -- RPAIN -- CASP8 -- OTUD7B -- XIAP -- BAD -- CASP7 -- CASP1 -- MTOR -- PEA15 -- PRNP -- BID -- HIF1A
298,CASP3 -- MAPK8 -- NFATC2 -- CHUK -- NFKB1 -- E2F1 -- RELA -- PAK2 -- MYC -- NFKBIA -- TNF -- RXRB -- VEGFA -- TGFB1 -- TRADD -- RIPK1 -- EIF2AK2 -- CASP2 -- BIRC3 -- IRAK1 -- TNFRSF1B -- TRAF2 -- CYLD -- TRAF1 -- ZFP36 -- AR -- BIRC2 -- ATM -- CFLAR -- HSPB1 -- FBXO31 -- RIPK2 -- PPM1A -- SMURF2 -- FASLG -- RHOA -- SOCS3 -- MAP3K14 -- SHC1 -- KRT18 -- TNFRSF14 -- SQSTM1 -- DAB2IP -- IRF1 -- XIAP -- BAD -- BCL2L1 -- CASP1 -- ERBB2 -- PRNP -- BAX -- IL16 -- UBE2D3
299,FADD -- MYD88 -- MAPK8 -- MAPK14 -- BCL2 -- CHUK -- MAPK1 -- E2F1 -- RB1 -- JUN -- MYC -- NFKBIA -- TNF -- RXRB -- ADAM17 -- TP53 -- TGFB1 -- CASP2 -- BIRC3 -- MAP4K4 -- TNFRSF1B -- TRAF2 -- CYLD -- ZFP36 -- AR -- BIRC2 -- ATM -- HSPB1 -- IKBKB -- FBXO31 -- MAP2K7 -- PPM1A -- SMURF2 -- PRKCE -- SOCS3 -- NGF -- FGF7 -- SHC1 -- KRT18 -- CASP7 -- SMPD1 -- MTOR -- PEA15 -- PRNP -- CYCS -- NFE2L2 -- RPS6KA1 -- UBE2D3
300,MYD88 -- IL2 -- CASP3 -- MAPK14 -- NFATC2 -- BCL2 -- NFKB1 -- PAK2 -- RXRB -- TNFAIP3 -- SP1 -- VEGFA -- TP53 -- TGFB1 -- TRADD -- EIF2AK2 -- BIRC3 -- IRAK1 -- MAP4K4 -- TNFRSF1B -- CYLD -- MAP3K1 -- ZFP36 -- AR -- BIRC2 -- CFLAR -- TERT -- CDKN2A -- CCND1 -- PPM1A -- PRKCE -- FASLG -- MAP3K14 -- TNFRSF10B -- KRT18 -- SQSTM1 -- IFNB1 -- IRF1 -- CASP7 -- SMPD1 -- CASP1 -- MTOR -- FAF1 -- BID -- BAX -- CYCS -- NFE2L2 -- IL16 -- TP63 -- RPS6KA1
301,FADD -- IL1B -- MYD88 -- NFATC2 -- BCL2 -- MAPK1 -- RELA -- PAK2 -- RB1 -- AKT1 -- SP1 -- VEGFA -- TP53 -- TGFB1 -- EIF2AK2 -- BIRC3 -- IRAK1 -- TNFRSF1B -- TRAF2 -- TRAF1 -- ZFP36 -- AR -- BIRC2 -- ATM -- HSPB1 -- IKBKB -- STAT1 -- FBXO31 -- MAP2K7 -- PPM1A -- RHOA -- NGF -- FGF14 -- MAP3K14 -- FGF7 -- TNFRSF14 -- SQSTM1 -- IFNB1 -- PIAS2 -- IRF1 -- OTUD7B -- XIAP -- BAD -- BCL2L1 -- CASP1 -- ERBB2 -- CYCS -- NFE2L2 -- IL16 -- RPS6KA1 -- UBE2D3
302,FADD -- IL1B -- MYD88 -- MAPK8 -- NFATC2 -- CHUK -- E2F1 -- PAK2 -- RB1 -- MYC -- NFKBIA -- TNF -- RXRB -- VEGFA -- ADAM17 -- TP53 -- TGFB1 -- RIPK1 -- IRAK1 -- TNFRSF1B -- CYLD -- TRAF1 -- MAP3K1 -- ZFP36 -- ATM -- CSF2 -- TERT -- STAT1 -- FBXO31 -- CCND1 -- MAP2K7 -- SMURF2 -- FASLG -- SOCS3 -- NGF -- FGF14 -- MAP3K14 -- TNFRSF10B -- DAB2IP -- IRF1 -- RPAIN -- CASP8 -- BAD -- CASP1 -- ERBB2 -- FAF1 -- PRNP -- BAX -- IL16 -- UBE2D3
303,FADD -- IL1B -- MYD88 -- CASP3 -- MAPK8 -- NFKB1 -- MAPK1 -- MAPK3 -- RELA -- PAK2 -- IL23A -- AKT1 -- RXRB -- SP1 -- TP53 -- TGFB1 -- TRADD -- RIPK1 -- EIF2AK2 -- CASP2 -- TRAF1 -- MAP3K1 -- AR -- BIRC2 -- ATM -- CSF2 -- HSPB1 -- IKBKB -- TERT -- STAT1 -- FBXO31 -- CCND1 -- RIPK2 -- SMURF2 -- FASLG -- RHOA -- NGF -- FGF14 -- FGF7 -- TNFRSF10B -- TNFRSF14 -- SQSTM1 -- DAB2IP -- IFNB1 -- PIAS2 -- RPAIN -- XIAP -- BCL2L1 -- MTOR -- PEA15 -- FAF1 -- PRNP -- TP63 -- UBE2D3
304,CASP3 -- MAPK8 -- MAPK14 -- BCL2 -- CHUK -- NFKB1 -- MAPK1 -- MAPK3 -- RELA -- PAK2 -- RB1 -- NFKBIA -- TNF -- AKT1 -- RXRB -- TNFAIP3 -- TP53 -- TGFB1 -- TRADD -- EIF2AK2 -- ZFP36 -- BIRC2 -- IL4 -- CSF2 -- STAT1 -- FBXO31 -- PPM1A -- SMURF2 -- RHOA -- FGF14 -- MAP3K14 -- SHC1 -- KRT18 -- SQSTM1 -- IFNB1 -- IRF1 -- HIP1 -- CASP8 -- BCL2L1 -- CASP7 -- CASP1 -- ERBB2 -- PEA15 -- PRNP -- CYCS -- NFE2L2 -- HIF1A -- TP63
305,FADD -- IL2 -- CASP3 -- MAPK8 -- MAPK14 -- BCL2 -- NFKB1 -- MAPK1 -- PAK2 -- RB1 -- MYC -- TNF -- TNFRSF1A -- SP1 -- ADAM17 -- TP53 -- EIF2AK2 -- CASP2 -- TNFRSF1B -- MAP3K1 -- ZFP36 -- ATM -- CFLAR -- STAT1 -- CDKN2A -- MAP2K7 -- PRKCE -- NGF -- MAP3K14 -- FGF7 -- SHC1 -- TNFRSF10B -- DAB2IP -- IFNB1 -- PIAS2 -- IRF1 -- HIP1 -- CASP8 -- OTUD7B -- XIAP -- SMPD1 -- CASP1 -- MTOR -- FAF1 -- BID -- IL16 -- RPS6KA1 -- UBE2D3
306,FADD -- IL1B -- MYD88 -- CASP3 -- MAPK14 -- MAPK3 -- E2F1 -- PAK2 -- JUN -- MYC -- NFKBIA -- IL23A -- RXRB -- VEGFA -- ADAM17 -- RIPK1 -- CASP2 -- BIRC3 -- MAP4K4 -- TNFRSF1B -- TRAF2 -- CYLD -- MAP3K1 -- ZFP36 -- AR -- IKBKB -- TERT -- STAT1 -- CDKN2A -- PPM1A -- SMURF2 -- FASLG -- NGF -- MAP3K14 -- FGF7 -- KRT18 -- SQSTM1 -- DAB2IP -- IRF1 -- RPAIN -- HIP1 -- CASP8 -- XIAP -- SMPD1 -- CASP1 -- MTOR -- FAF1 -- BID -- BAX -- NFE2L2 -- IL16
307,FADD -- MAPK14 -- BCL2 -- MAPK3 -- RELA -- PAK2 -- RB1 -- MYC -- NFKBIA -- AKT1 -- TNFRSF1A -- TNFAIP3 -- SP1 -- ADAM17 -- TP53 -- TGFB1 -- TRADD -- EIF2AK2 -- CASP2 -- BIRC3 -- TNFRSF1B -- TRAF2 -- ZFP36 -- BIRC2 -- CSF2 -- HSPB1 -- IKBKB -- TERT -- FBXO31 -- PPM1A -- PRKCE -- FASLG -- RHOA -- SOCS3 -- NGF -- FGF14 -- FGF7 -- KRT18 -- TNFRSF14 -- SQSTM1 -- DAB2IP -- IFNB1 -- IRF1 -- HIP1 -- CASP8 -- XIAP -- SMPD1 -- MTOR -- FAF1 -- PRNP -- BAX -- CYCS -- HIF1A -- TP63 -- UBE2D3
308,FADD -- IL1B -- CASP3 -- MAPK8 -- MAPK14 -- NFATC2 -- MAPK1 -- MAPK3 -- RB1 -- JUN -- TNF -- TNFAIP3 -- ADAM17 -- TP53 -- RIPK1 -- EIF2AK2 -- IRAK1 -- MAP4K4 -- TNFRSF1B -- MAP3K1 -- AR -- BIRC2 -- ATM -- CFLAR -- IL4 -- HSPB1 -- IKBKB -- TERT -- STAT1 -- FBXO31 -- RIPK2 -- SMURF2 -- PRKCE -- RHOA -- MAP3K14 -- FGF7 -- SQSTM1 -- IFNB1 -- OTUD7B -- XIAP -- BAD -- BCL2L1 -- SMPD1 -- CASP1 -- ERBB2 -- MTOR -- PRNP -- BID -- BAX -- HIF1A -- UBE2D3
309,IL1B -- MYD88 -- IL2 -- NFATC2 -- CHUK -- MAPK3 -- E2F1 -- PAK2 -- RB1 -- JUN -- MYC -- NFKBIA -- AKT1 -- TNFRSF1A -- VEGFA -- ADAM17 -- TGFB1 -- TRADD -- RIPK1 -- CASP2 -- TRAF2 -- MAP3K1 -- ZFP36 -- AR -- CFLAR -- CSF2 -- STAT1 -- RIPK2 -- SMURF2 -- PRKCE -- FASLG -- RHOA -- SOCS3 -- FGF7 -- SHC1 -- TNFRSF10B -- KRT18 -- SQSTM1 -- PIAS2 -- IRF1 -- XIAP -- BAD -- CASP7 -- SMPD1 -- CASP1 -- ERBB2 -- PEA15 -- FAF1 -- BAX -- CYCS -- UBE2D3
310,IL2 -- MAPK8 -- MAPK14 -- NFATC2 -- BCL2 -- NFKB1 -- MAPK1 -- RELA -- RB1 -- JUN -- NFKBIA -- AKT1 -- TNFRSF1A -- VEGFA -- ADAM17 -- TGFB1 -- BIRC3 -- TNFRSF1B -- TRAF2 -- CYLD -- MAP3K1 -- BIRC2 -- IL4 -- CSF2 -- HSPB1 -- MAP2K7 -- RIPK2 -- SMURF2 -- RHOA -- NGF -- MAP3K14 -- FGF7 -- TNFRSF10B -- TNFRSF14 -- SQSTM1 -- DAB2IP -- IFNB1 -- PIAS2 -- BAD -- CASP1 -- ERBB2 -- MTOR -- BID -- BAX -- HIF1A -- RPS6KA1
311,IL1B -- MAPK8 -- BCL2 -- MAPK1 -- RB1 -- JUN -- MYC -- TNF -- IL23A -- SP1 -- ADAM17 -- TP53 -- EIF2AK2 -- CASP2 -- TNFRSF1B -- CYLD -- TRAF1 -- MAP3K1 -- AR -- CSF2 -- CDKN2A -- FBXO31 -- CCND1 -- MAP2K7 -- RIPK2 -- PPM1A -- SMURF2 -- PRKCE -- FASLG -- FGF14 -- MAP3K14 -- FGF7 -- SHC1 -- TNFRSF10B -- KRT18 -- DAB2IP -- RPAIN -- HIP1 -- CASP8 -- OTUD7B -- XIAP -- BAD -- BCL2L1 -- SMPD1 -- ERBB2 -- MTOR -- TP63 -- UBE2D3
312,MYD88 -- IL2 -- MAPK8 -- MAPK14 -- NFATC2 -- CHUK -- NFKB1 -- MAPK3 -- E2F1 -- RELA -- RB1 -- TNF -- IL23A -- AKT1 -- TNFRSF1A -- TNFAIP3 -- SP1 -- VEGFA -- TP53 -- EIF2AK2 -- CASP2 -- BIRC3 -- IRAK1 -- TNFRSF1B -- CYLD -- TRAF1 -- AR -- BIRC2 -- HSPB1 -- STAT1 -- CDKN2A -- CCND1 -- RIPK2 -- PPM1A -- RHOA -- SOCS3 -- MAP3K14 -- FGF7 -- SHC1 -- TNFRSF10B -- SQSTM1 -- IFNB1 -- PIAS2 -- RPAIN -- OTUD7B -- XIAP -- BCL2L1 -- PRNP -- BAX -- CYCS -- NFE2L2 -- RPS6KA1
313,FADD -- IL1B -- MYD88 -- IL2 -- CASP3 -- NFKB1 -- E2F1 -- RELA -- RB1 -- MYC -- TNF -- TNFRSF1A -- TGFB1 -- IRAK1 -- TNFRSF1B -- TRAF2 -- CYLD -- TRAF1 -- ZFP36 -- AR -- ATM -- HSPB1 -- TERT -- CDKN2A -- FBXO31 -- CCND1 -- MAP2K7 -- RIPK2 -- PPM1A -- RHOA -- SHC1 -- TNFRSF10B -- KRT18 -- SQSTM1 -- DAB2IP -- IFNB1 -- PIAS2 -- XIAP -- FAF1 -- NFE2L2 -- HIF1A -- TP63
314,FADD -- IL1B -- CASP3 -- CHUK -- NFKB1 -- MAPK1 -- MAPK3 -- E2F1 -- RELA -- PAK2 -- RB1 -- NFKBIA -- AKT1 -- TNFAIP3 -- SP1 -- ADAM17 -- TP53 -- TRADD -- RIPK1 -- EIF2AK2 -- BIRC3 -- MAP4K4 -- TNFRSF1B -- TRAF2 -- CYLD -- TRAF1 -- BIRC2 -- ATM -- HSPB1 -- STAT1 -- CDKN2A -- MAP2K7 -- RIPK2 -- PPM1A -- SMURF2 -- FASLG -- SOCS3 -- NGF -- FGF14 -- MAP3K14 -- FGF7 -- TNFRSF10B -- TNFRSF14 -- SQSTM1 -- IFNB1 -- HIP1 -- OTUD7B -- XIAP -- BCL2L1 -- CASP7 -- BID -- BAX -- TP63 -- UBE2D3
315,FADD -- MYD88 -- IL2 -- CASP3 -- MAPK14 -- NFKB1 -- MAPK1 -- PAK2 -- IL23A -- RXRB -- TNFAIP3 -- VEGFA -- TGFB1 -- TRADD -- RIPK1 -- CASP2 -- MAP3K1 -- ZFP36 -- AR -- ATM -- CFLAR -- HSPB1 -- IKBKB -- STAT1 -- CCND1 -- MAP2K7 -- FASLG -- RHOA -- NGF -- FGF14 -- MAP3K14 -- TNFRSF14 -- SQSTM1 -- IRF1 -- HIP1 -- OTUD7B -- BCL2L1 -- SMPD1 -- ERBB2 -- PEA15 -- BID -- BAX -- CYCS -- NFE2L2 -- HIF1A -- RPS6KA1
316,FADD -- IL2 -- MAPK14 -- BCL2 -- MAPK3 -- RB1 -- JUN -- MYC -- NFKBIA -- IL23A -- AKT1 -- RXRB -- TNFAIP3 -- VEGFA -- RIPK1 -- CASP2 -- BIRC3 -- IRAK1 -- TNFRSF1B -- CYLD -- TRAF1 -- ZFP36 -- BIRC2 -- CSF2 -- HSPB1 -- CDKN2A -- RIPK2 -- PPM1A -- SMURF2 -- FASLG -- RHOA -- SOCS3 -- NGF -- FGF7 -- TNFRSF10B -- TNFRSF14 -- DAB2IP -- IFNB1 -- PIAS2 -- IRF1 -- RPAIN -- HIP1 -- BAD -- CASP7 -- SMPD1 -- CASP1 -- ERBB2 -- MTOR -- PRNP -- BAX -- NFE2L2 -- IL16 -- HIF1A
317,IL2 -- CASP3 -- MAPK14 -- BCL2 -- CHUK -- MAPK1 -- E2F1 -- PAK2 -- RB1 -- JUN -- AKT1 -- TNFAIP3 -- ADAM17 -- TRADD -- EIF2AK2 -- IRAK1 -- MAP4K4 -- MAP3K1 -- AR -- ATM -- IL4 -- CSF2 -- IKBKB -- TERT -- STAT1 -- CCND1 -- MAP2K7 -- RIPK2 -- PPM1A -- RHOA -- SOCS3 -- NGF -- MAP3K14 -- SHC1 -- PIAS2 -- IRF1 -- HIP1 -- OTUD7B -- XIAP -- BAD -- BCL2L1 -- SMPD1 -- MTOR -- PEA15 -- FAF1 -- PRNP -- BID -- CYCS -- IL16 -- HIF1A -- RPS6KA1 -- UBE2D3
318,FADD -- IL1B -- NFATC2 -- BCL2 -- CHUK -- E2F1 -- RELA -- PAK2 -- RB1 -- NFKBIA -- TNF -- IL23A -- RXRB -- TNFRSF1A -- SP1 -- VEGFA -- TP53 -- CASP2 -- IRAK1 -- MAP4K4 -- TNFRSF1B -- CYLD -- MAP3K1 -- ZFP36 -- AR -- ATM -- IKBKB -- CDKN2A -- FBXO31 -- RIPK2 -- PPM1A -- SMURF2 -- SOCS3 -- MAP3K14 -- FGF7 -- SHC1 -- TNFRSF10B -- TNFRSF14 -- SQSTM1 -- IFNB1 -- PIAS2 -- IRF1 -- RPAIN -- CASP8 -- OTUD7B -- BAD -- BCL2L1 -- SMPD1 -- MTOR -- PEA15 -- PRNP -- BAX -- CYCS -- RPS6KA1 -- UBE2D3
319,FADD -- IL1B -- MYD88 -- MAPK8 -- MAPK14 -- BCL2 -- NFKB1 -- MAPK1 -- MAPK3 -- E2F1 -- MYC -- NFKBIA -- TNF -- IL23A -- AKT1 -- TNFAIP3 -- VEGFA -- TRADD -- RIPK1 -- BIRC3 -- TRAF2 -- TRAF1 -- ZFP36 -- BIRC2 -- IL4 -- CSF2 -- IKBKB -- TERT -- STAT1 -- FBXO31 -- PPM1A -- SMURF2 -- RHOA -- NGF -- MAP3K14 -- FGF7 -- KRT18 -- TNFRSF14 -- SQSTM1 -- PIAS2 -- RPAIN -- HIP1 -- CASP8 -- XIAP -- CASP7 -- ERBB2 -- FAF1 -- BAX -- CYCS -- NFE2L2 -- IL16 -- HIF1A -- TP63 -- RPS6KA1
320,FADD -- IL2 -- CASP3 -- MAPK8 -- BCL2 -- NFKB1 -- MAPK1 -- MAPK3 -- RELA -- MYC -- NFKBIA -- AKT1 -- TNFRSF1A -- TNFAIP3 -- SP1 -- VEGFA -- TP53 -- RIPK1 -- EIF2AK2 -- CASP2 -- BIRC3 -- IRAK1 -- MAP4K4 -- TNFRSF1B -- TRAF2 -- CYLD -- TRAF1 -- ZFP36 -- AR -- ATM -- CFLAR -- STAT1 -- CDKN2A -- FBXO31 -- MAP2K7 -- RHOA -- SOCS3 -- NGF -- FGF14 -- MAP3K14 -- SHC1 -- KRT18 -- PIAS2 -- HIP1 -- CASP8 -- XIAP -- BAD -- BCL2L1 -- SMPD1 -- CASP1 -- ERBB2 -- PRNP
321,FADD -- MYD88 -- IL2 -- CASP3 -- MAPK14 -- BCL2 -- NFKB1 -- MAPK3 -- RELA -- RB1 -- TNF -- RXRB -- TNFAIP3 -- VEGFA -- TGFB1 -- TRADD -- RIPK1 -- IRAK1 -- MAP4K4 -- TNFRSF1B -- ATM -- CFLAR -- IL4 -- CSF2 -- HSPB1 -- IKBKB -- TERT -- CDKN2A -- FBXO31 -- MAP2K7 -- PPM1A -- SMURF2 -- FASLG -- FGF7 -- SHC1 -- KRT18 -- DAB2IP -- OTUD7B -- XIAP -- BAD -- CASP7 -- MTOR -- PEA15 -- PRNP -- BID -- CYCS -- RPS6KA1
322,FADD -- IL1B -- MYD88 -- IL2 -- MAPK14 -- BCL2 -- MAPK3 -- RELA -- RB1 -- MYC -- NFKBIA -- IL23A -- RXRB -- SP1 -- ADAM17 -- TP53 -- TRADD -- IRAK1 -- MAP4K4 -- TNFRSF1B -- TRAF2 -- CYLD -- MAP3K1 -- BIRC2 -- CFLAR -- HSPB1 -- IKBKB -- CCND1 -- MAP2K7 -- PPM1A -- RHOA -- FGF14 -- MAP3K14 -- TNFRSF10B -- TNFRSF14 -- DAB2IP -- IFNB1 -- IRF1 -- RPAIN -- BCL2L1 -- CASP7 -- CASP1 -- ERBB2 -- MTOR -- PEA15 -- BAX -- IL16 -- HIF1A
323,IL2 -- NFKB1 -- MAPK1 -- RELA -- RB1 -- JUN -- TNF -- SP1 -- ADAM17 -- TGFB1 -- TRADD -- RIPK1 -- EIF2AK2 -- BIRC3 -- IRAK1 -- TRAF1 -- MAP3K1 -- ZFP36 -- AR -- BIRC2 -- ATM -- CFLAR -- IL4 -- HSPB1 -- IKBKB -- CCND1 -- MAP2K7 -- RIPK2 -- PRKCE -- FASLG -- SOCS3 -- FGF7 -- TNFRSF10B -- KRT18 -- IRF1 -- HIP1 -- BAD -- BCL2L1 -- SMPD1 -- ERBB2 -- PEA15 -- BID -- NFE2L2 -- HIF1A -- RPS6KA1
324,FADD -- MYD88 -- CASP3 -- MAPK8 -- NFATC2 -- BCL2 -- CHUK -- E2F1 -- RB1 -- NFKBIA -- IL23A -- AKT1 -- RXRB -- TNFRSF1A -- TNFAIP3 -- SP1 -- TGFB1 -- RIPK1 -- EIF2AK2 -- BIRC3 -- IRAK1 -- MAP4K4 -- TNFRSF1B -- CYLD -- MAP3K1 -- ZFP36 -- AR -- ATM -- CFLAR -- FBXO31 -- CCND1 -- PPM1A -- SMURF2 -- FASLG -- SOCS3 -- FGF7 -- TNFRSF10B -- KRT18 -- TNFRSF14 -- IRF1 -- OTUD7B -- XIAP -- CASP7 -- PEA15 -- BAX -- CYCS -- IL16 -- RPS6KA1 -- UBE2D3
325,MAPK8 -- NFKB1 -- MAPK1 -- MAPK3 -- RELA -- JUN -- TNF -- RXRB -- SP1 -- VEGFA -- EIF2AK2 -- BIRC3 -- MAP4K4 -- ZFP36 -- AR -- BIRC2 -- CSF2 -- HSPB1 -- IKBKB -- STAT1 -- CDKN2A -- FBXO31 -- SMURF2 -- PRKCE -- FASLG -- RHOA -- SOCS3 -- FGF14 -- FGF7 -- SHC1 -- KRT18 -- TNFRSF14 -- SQSTM1 -- DAB2IP -- IFNB1 -- PIAS2 -- IRF1 -- HIP1 -- CASP8 -- XIAP -- BAD -- BCL2L1 -- CASP1 -- ERBB2 -- MTOR -- NFE2L2 -- IL16 -- TP63 -- RPS6KA1
326,FADD -- IL1B -- IL2 -- MAPK8 -- NFATC2 -- BCL2 -- NFKB1 -- MAPK3 -- E2F1 -- PAK2 -- RB1 -- JUN -- MYC -- NFKBIA -- TNF -- IL23A -- AKT1 -- TNFRSF1A -- TNFAIP3 -- VEGFA -- ADAM17 -- TP53 -- TGFB1 -- EIF2AK2 -- MAP4K4 -- TNFRSF1B -- MAP3K1 -- AR -- CFLAR -- CSF2 -- IKBKB -- STAT1 -- CDKN2A -- CCND1 -- MAP2K7 -- RIPK2 -- PPM1A -- FGF14 -- MAP3K14 -- FGF7 -- SHC1 -- KRT18 -- TNFRSF14 -- SQSTM1 -- RPAIN -- OTUD7B -- XIAP -- BAD -- CASP7 -- ERBB2 -- FAF1 -- CYCS -- HIF1A -- TP63 -- UBE2D3
327,FADD -- MYD88 -- MAPK8 -- NFATC2 -- BCL2 -- MAPK1 -- MAPK3 -- E2F1 -- JUN -- TNF -- SP1 -- TGFB1 -- RIPK1 -- TNFRSF1B -- TRAF2 -- CYLD -- MAP3K1 -- BIRC2 -- CFLAR -- IL4 -- HSPB1 -- TERT -- RIPK2 -- SMURF2 -- PRKCE -- FASLG -- RHOA -- NGF -- FGF14 -- FGF7 -- KRT18 -- SQSTM1 -- DAB2IP -- PIAS2 -- HIP1 -- XIAP -- CASP7 -- CASP1 -- ERBB2 -- MTOR -- PEA15 -- BID -- BAX -- CYCS -- NFE2L2 -- IL16 -- HIF1A -- UBE2D3
328,FADD -- MYD88 -- IL2 -- CASP3 -- BCL2 -- NFKB1 -- RELA -- MYC -- TNF -- IL23A -- AKT1 -- VEGFA -- ADAM17 -- TP53 -- TRADD -- BIRC3 -- IRAK1 -- MAP4K4 -- TNFRSF1B -- TRAF2 -- MAP3K1 -- ZFP36 -- BIRC2 -- ATM -- CFLAR -- IL4 -- IKBKB -- CDKN2A -- PPM1A -- FASLG -- RHOA -- FGF14 -- MAP3K14 -- FGF7 -- KRT18 -- PIAS2 -- RPAIN -- HIP1 -- XIAP -- BAD -- SMPD1 -- CASP1 -- ERBB2 -- PEA15 -- FAF1 -- BID -- CYCS -- IL16 -- HIF1A
329,IL2 -- MAPK8 -- MAPK14 -- NFATC2 -- BCL2 -- MAPK3 -- E2F1 -- RELA -- RB1 -- JUN -- TNF -- IL23A -- AKT1 -- TNFRSF1A -- TNFAIP3 -- VEGFA -- TP53 -- TRADD -- RIPK1 -- BIRC3 -- MAP4K4 -- TNFRSF1B -- TRAF2 -- CYLD -- TRAF1 -- ZFP36 -- BIRC2 -- ATM -- CFLAR -- IKBKB -- TERT -- CDKN2A -- FBXO31 -- MAP2K7 -- RIPK2 -- RHOA -- SOCS3 -- FGF7 -- TNFRSF10B -- IFNB1 -- IRF1 -- HIP1 -- CASP8 -- OTUD7B -- BCL2L1 -- CASP7 -- SMPD1 -- ERBB2 -- FAF1 -- BID -- CYCS -- NFE2L2 -- RPS6KA1 -- UBE2D3
330,FADD -- MYD88 -- IL2 -- MAPK8 -- NFATC2 -- BCL2 -- NFKB1 -- MAPK3 -- RB1 -- JUN -- MYC -- NFKBIA -- AKT1 -- TNFRSF1A -- TNFAIP3 -- ADAM17 -- TP53 -- CASP2 -- TNFRSF1B -- CYLD -- TRAF1 -- MAP3K1 -- CFLAR -- IL4 -- CDKN2A -- FBXO31 -- MAP2K7 -- SMURF2 -- PRKCE -- FASLG -- SOCS3 -- MAP3K14 -- DAB2IP -- IFNB1 -- PIAS2 -- IRF1 -- RPAIN -- HIP1 -- CASP8 -- OTUD7B -- BAD -- SMPD1 -- CASP1 -- PEA15 -- FAF1 -- BAX -- CYCS -- HIF1A -- TP63
331,FADD -- IL2 -- MAPK8 -- MAPK14 -- NFATC2 -- CHUK -- NFKB1 -- MAPK1 -- MAPK3 -- E2F1 -- RELA -- PAK2 -- RB1 -- NFKBIA -- TNF -- RXRB -- TNFRSF1A -- SP1 -- ADAM17 -- EIF2AK2 -- CASP2 -- MAP4K4 -- TNFRSF1B -- TRAF2 -- ZFP36 -- AR -- IL4 -- IKBKB -- TERT -- CDKN2A -- FBXO31 -- MAP2K7 -- PPM1A -- SOCS3 -- NGF -- FGF14 -- FGF7 -- TNFRSF14 -- SQSTM1 -- IFNB1 -- IRF1 -- RPAIN -- HIP1 -- CASP8 -- OTUD7B -- XIAP -- SMPD1 -- CASP1 -- ERBB2 -- MTOR -- PEA15 -- FAF1 -- PRNP -- BID -- HIF1A -- RPS6KA1 -- UBE2D3
332,FADD -- IL1B -- IL2 -- MAPK8 -- MAPK14 -- MAPK1 -- MAPK3 -- E2F1 -- JUN -- MYC -- NFKBIA -- TNF -- AKT1 -- RXRB -- TNFRSF1A -- ADAM17 -- TGFB1 -- RIPK1 -- EIF2AK2 -- CASP2 -- BIRC3 -- TNFRSF1B -- TRAF2 -- CYLD -- AR -- BIRC2 -- ATM -- CFLAR -- IKBKB -- STAT1 -- FBXO31 -- CCND1 -- RIPK2 -- PRKCE -- RHOA -- SHC1 -- TNFRSF10B -- TNFRSF14 -- DAB2IP -- CASP8 -- OTUD7B -- SMPD1 -- CASP1 -- BAX -- CYCS -- IL16 -- HIF1A -- TP63 -- RPS6KA1
333,MYD88 -- IL2 -- CASP3 -- MAPK14 -- NFATC2 -- NFKB1 -- MAPK1 -- E2F1 -- RELA -- PAK2 -- RB1 -- MYC -- NFKBIA -- TNF -- IL23A -- RXRB -- TNFAIP3 -- VEGFA -- ADAM17 -- TP53 -- TGFB1 -- TRADD -- IRAK1 -- MAP4K4 -- TNFRSF1B -- TRAF1 -- ZFP36 -- AR -- HSPB1 -- CDKN2A -- CCND1 -- MAP2K7 -- SOCS3 -- FGF7 -- TNFRSF10B -- KRT18 -- SQSTM1 -- DAB2IP -- IFNB1 -- PIAS2 -- IRF1 -- OTUD7B -- BAD -- SMPD1 -- BID -- CYCS -- NFE2L2
334,FADD -- IL1B -- CASP3 -- MAPK8 -- NFATC2 -- BCL2 -- MAPK1 -- MAPK3 -- E2F1 -- RELA -- PAK2 -- MYC -- TNF -- RXRB -- TNFRSF1A -- TNFAIP3 -- SP1 -- VEGFA -- ADAM17 -- TGFB1 -- TRADD -- BIRC3 -- IRAK1 -- TRAF2 -- CYLD -- MAP3K1 -- ZFP36 -- AR -- ATM -- CFLAR -- CSF2 -- HSPB1 -- IKBKB -- TERT -- STAT1 -- CDKN2A -- PPM1A -- MAP3K14 -- FGF7 -- SHC1 -- TNFRSF14 -- SQSTM1 -- IRF1 -- HIP1 -- CASP8 -- BAD -- BCL2L1 -- CASP1 -- MTOR -- PEA15 -- FAF1 -- PRNP -- CYCS -- HIF1A -- RPS6KA1 -- UBE2D3
335,IL1B -- CASP3 -- MAPK8 -- MAPK14 -- BCL2 -- CHUK -- MAPK1 -- RELA -- PAK2 -- RB1 -- MYC -- AKT1 -- TNFRSF1A -- TNFAIP3 -- VEGFA -- TP53 -- TRADD -- RIPK1 -- EIF2AK2 -- CASP2 -- TRAF2 -- CYLD -- MAP3K1 -- AR -- BIRC2 -- CFLAR -- IL4 -- STAT1 -- CDKN2A -- CCND1 -- MAP2K7 -- RIPK2 -- PPM1A -- PRKCE -- SOCS3 -- NGF -- TNFRSF10B -- KRT18 -- SQSTM1 -- OTUD7B -- BAD -- CASP7 -- BID -- NFE2L2 -- HIF1A -- RPS6KA1 -- UBE2D3
336,IL2 -- CASP3 -- MAPK8 -- BCL2 -- MAPK1 -- MAPK3 -- RELA -- MYC -- TNF -- AKT1 -- RXRB -- TNFAIP3 -- SP1 -- VEGFA -- ADAM17 -- EIF2AK2 -- BIRC3 -- IRAK1 -- CYLD -- TRAF1 -- MAP3K1 -- ZFP36 -- AR -- BIRC2 -- ATM -- CFLAR -- IL4 -- CSF2 -- HSPB1 -- CDKN2A -- MAP2K7 -- PPM1A -- PRKCE -- FASLG -- FGF14 -- KRT18 -- TNFRSF14 -- DAB2IP -- PIAS2 -- HIP1 -- CASP8 -- XIAP -- BAD -- CASP7 -- SMPD1 -- PEA15 -- BID -- BAX -- CYCS -- NFE2L2 -- IL16
337,IL2 -- MAPK14 -- CHUK -- NFKB1 -- MAPK1 -- E2F1 -- RELA -- PAK2 -- RB1 -- NFKBIA -- TNF -- IL23A -- AKT1 -- TNFRSF1A -- SP1 -- VEGFA -- TRADD -- EIF2AK2 -- CASP2 -- TRAF2 -- TRAF1 -- MAP3K1 -- IL4 -- CSF2 -- HSPB1 -- CDKN2A -- CCND1 -- RIPK2 -- FASLG -- RHOA -- SOCS3 -- NGF -- FGF14 -- TNFRSF10B -- KRT18 -- TNFRSF14 -- RPAIN -- XIAP -- BCL2L1 -- SMPD1 -- ERBB2 -- MTOR -- PEA15 -- FAF1 -- PRNP -- BAX -- IL16 -- HIF1A -- TP63 -- UBE2D3
338,IL2 -- MAPK14 -- CHUK -- MAPK1 -- RELA -- PAK2 -- JUN -- TNF -- IL23A -- TP53 -- TGFB1 -- RIPK1 -- IRAK1 -- TRAF2 -- CYLD -- MAP3K1 -- AR -- CSF2 -- HSPB1 -- IKBKB -- CDKN2A -- RIPK2 -- PPM1A -- SMURF2 -- RHOA -- MAP3K14 -- TNFRSF10B -- KRT18 -- TNFRSF14 -- IFNB1 -- PIAS2 -- IRF1 -- OTUD7B -- XIAP -- SMPD1 -- ERBB2 -- PEA15 -- FAF1 -- BAX -- HIF1A -- UBE2D3
339,MYD88 -- CASP3 -- MAPK8 -- MAPK14 -- CHUK -- NFKB1 -- E2F1 -- RB1 -- JUN -- MYC -- VEGFA -- ADAM17 -- TP53 -- TGFB1 -- EIF2AK2 -- IRAK1 -- MAP4K4 -- TRAF2 -- CYLD -- ZFP36 -- ATM -- IL4 -- CSF2 -- HSPB1 -- IKBKB -- STAT1 -- CDKN2A -- FBXO31 -- CCND1 -- RIPK2 -- PPM1A -- SMURF2 -- PRKCE -- FASLG -- SOCS3 -- FGF14 -- MAP3K14 -- FGF7 -- TNFRSF14 -- PIAS2 -- IRF1 -- RPAIN -- HIP1 -- BAD -- BCL2L1 -- SMPD1 -- PEA15 -- FAF1 -- PRNP -- CYCS -- HIF1A -- RPS6KA1
340,MYD88 -- IL2 -- MAPK14 -- CHUK -- MAPK1 -- MAPK3 -- RB1 -- NFKBIA -- IL23A -- AKT1 -- RXRB -- TNFRSF1A -- TNFAIP3 -- SP1 -- TP53 -- TGFB1 -- RIPK1 -- MAP4K4 -- TNFRSF1B -- CYLD -- TRAF1 -- MAP3K1 -- ZFP36 -- IL4 -- CSF2 -- HSPB1 -- TERT -- STAT1 -- CCND1 -- MAP2K7 -- RIPK2 -- PPM1A -- SMURF2 -- FASLG -- RHOA -- SOCS3 -- FGF14 -- MAP3K14 -- SHC1 -- KRT18 -- SQSTM1 -- DAB2IP -- IRF1 -- RPAIN -- HIP1 -- BCL2L1 -- CASP7 -- SMPD1 -- CASP1 -- MTOR -- PRNP -- BAX -- CYCS -- NFE2L2 -- HIF1A -- RPS6KA1 -- UBE2D3
341,FADD -- IL1B -- CASP3 -- MAPK8 -- NFATC2 -- BCL2 -- MAPK3 -- RELA -- PAK2 -- JUN -- NFKBIA -- IL23A -- RXRB -- TNFAIP3 -- SP1 -- VEGFA -- TGFB1 -- TRADD -- RIPK1 -- CASP2 -- BIRC3 -- MAP4K4 -- TRAF1 -- MAP3K1 -- ZFP36 -- AR -- ATM -- CSF2 -- TERT -- STAT1 -- CDKN2A -- FBXO31 -- MAP2K7 -- RIPK2 -- PPM1A -- SMURF2 -- PRKCE -- FASLG -- RHOA -- SOCS3 -- FGF14 -- TNFRSF10B -- KRT18 -- SQSTM1 -- IFNB1 -- PIAS2 -- RPAIN -- CASP8 -- BCL2L1 -- CASP7 -- ERBB2 -- MTOR -- FAF1 -- PRNP -- CYCS -- NFE2L2 -- RPS6KA1 -- UBE2D3
342,IL2 -- MAPK8 -- NFATC2 -- BCL2 -- CHUK -- MAPK1 -- MAPK3 -- E2F1 -- RELA -- PAK2 -- RB1 -- MYC -- NFKBIA -- TNF -- IL23A -- AKT1 -- RXRB -- TNFAIP3 -- MAP4K4 -- TNFRSF1B -- AR -- ATM -- CFLAR -- IL4 -- CDKN2A -- MAP2K7 -- PPM1A -- SMURF2 -- FASLG -- RHOA -- SOCS3 -- NGF -- FGF14 -- MAP3K14 -- SHC1 -- TNFRSF14 -- IRF1 -- RPAIN -- CASP8 -- XIAP -- BCL2L1 -- SMPD1 -- FAF1 -- BID -- BAX -- CYCS -- NFE2L2 -- IL16 -- UBE2D3
343,IL1B -- MYD88 -- CASP3 -- MAPK8 -- NFATC2 -- CHUK -- MAPK3 -- RELA -- NFKBIA -- TNF -- IL23A -- RXRB -- TNFRSF1A -- SP1 -- ADAM17 -- TP53 -- TGFB1 -- TRADD -- RIPK1 -- EIF2AK2 -- BIRC3 -- IRAK1 -- TRAF2 -- CYLD -- TRAF1 -- AR -- CFLAR -- IL4 -- CSF2 -- STAT1 -- MAP2K7 -- RIPK2 -- SMURF2 -- SOCS3 -- FGF14 -- FGF7 -- SHC1 -- IFNB1 -- IRF1 -- RPAIN -- HIP1 -- OTUD7B -- BAD -- SMPD1 -- CASP1 -- ERBB2 -- PRNP -- BID -- CYCS -- TP63
344,FADD -- IL1B -- MYD88 -- IL2 -- MAPK14 -- NFATC2 -- BCL2 -- CHUK -- NFKB1 -- MAPK1 -- RELA -- JUN -- MYC -- RXRB -- TNFRSF1A -- TNFAIP3 -- VEGFA -- ADAM17 -- TRADD -- RIPK1 -- EIF2AK2 -- IRAK1 -- MAP4K4 -- TRAF1 -- MAP3K1 -- AR -- ATM -- CFLAR -- CSF2 -- HSPB1 -- IKBKB -- CDKN2A -- CCND1 -- MAP2K7 -- RIPK2 -- PPM1A -- SMURF2 -- SOCS3 -- MAP3K14 -- FGF7 -- KRT18 -- SQSTM1 -- IFNB1 -- CASP8 -- XIAP -- CASP7 -- SMPD1 -- ERBB2 -- MTOR -- FAF1 -- BID -- NFE2L2 -- TP63
345,MYD88 -- CASP3 -- CHUK -- MAPK3 -- E2F1 -- RB1 -- JUN -- MYC -- NFKBIA -- IL23A -- AKT1 -- RXRB -- TNFAIP3 -- ADAM17 -- RIPK1 -- CASP2 -- BIRC3 -- MAP4K4 -- CYLD -- TRAF1 -- ZFP36 -- AR -- BIRC2 -- IL4 -- TERT -- STAT1 -- CCND1 -- RIPK2 -- SMURF2 -- PRKCE -- RHOA -- NGF -- FGF14 -- MAP3K14 -- SHC1 -- TNFRSF10B -- TNFRSF14 -- SQSTM1 -- DAB2IP -- PIAS2 -- RPAIN -- XIAP -- BCL2L1 -- ERBB2 -- MTOR -- PRNP -- BID -- BAX -- CYCS -- IL16 -- HIF1A -- TP63 -- RPS6KA1 -- UBE2D3
346,FADD -- CASP3 -- MAPK14 -- NFATC2 -- BCL2 -- CHUK -- NFKB1 -- MAPK1 -- E2F1 -- RELA -- PAK2 -- RB1 -- JUN -- NFKBIA -- TNFRSF1A -- SP1 -- ADAM17 -- TGFB1 -- RIPK1 -- EIF2AK2 -- BIRC3 -- IRAK1 -- TNFRSF1B -- TRAF2 -- MAP3K1 -- AR -- BIRC2 -- CFLAR -- HSPB1 -- TERT -- CDKN2A -- CCND1 -- MAP2K7 -- PPM1A -- PRKCE -- FASLG -- NGF -- FGF14 -- TNFRSF10B -- TNFRSF14 -- PIAS2 -- IRF1 -- BAD -- CASP7 -- SMPD1 -- CASP1 -- ERBB2 -- MTOR -- IL16 -- HIF1A -- TP63
347,FADD -- IL1B -- IL2 -- CASP3 -- NFATC2 -- BCL2 -- NFKB1 -- MAPK3 -- E2F1 -- PAK2 -- JUN -- MYC -- NFKBIA -- AKT1 -- RXRB -- SP1 -- ADAM17 -- BIRC3 -- IRAK1 -- MAP4K4 -- ZFP36 -- BIRC2 -- ATM -- CFLAR -- HSPB1 -- STAT1 -- RIPK2 -- FASLG -- RHOA -- NGF -- FGF14 -- FGF7 -- KRT18 -- DAB2IP -- PIAS2 -- IRF1 -- OTUD7B -- BCL2L1 -- CASP1 -- ERBB2 -- MTOR -- PEA15 -- FAF1 -- BAX -- IL16 -- TP63 -- RPS6KA1
348,FADD -- IL1B -- MYD88 -- CASP3 -- MAPK14 -- CHUK -- E2F1 -- RELA -- PAK2 -- JUN -- MYC -- NFKBIA -- IL23A -- AKT1 -- RXRB -- ADAM17 -- TP53 -- TGFB1 -- RIPK1 -- EIF2AK2 -- BIRC3 -- MAP4K4 -- CYLD -- CSF2 -- FBXO31 -- MAP2K7 -- RIPK2 -- PPM1A -- PRKCE -- SOCS3 -- MAP3K14 -- FGF7 -- TNFRSF10B -- TNFRSF14 -- SQSTM1 -- DAB2IP -- PIAS2 -- IRF1 -- RPAIN -- HIP1 -- OTUD7B -- XIAP -- BAD -- BCL2L1 -- SMPD1 -- BID -- BAX -- CYCS -- IL16 -- HIF1A -- TP63 -- RPS6KA1 -- UBE2D3
349,FADD -- MYD88 -- CASP3 -- MAPK8 -- MAPK14 -- BCL2 -- CHUK -- MAPK1 -- MAPK3 -- E2F1 -- RELA -- PAK2 -- JUN -- NFKBIA -- TNF -- EIF2AK2 -- TRAF2 -- TRAF1 -- MAP3K1 -- ZFP36 -- AR -- BIRC2 -- CFLAR -- CSF2 -- HSPB1 -- IKBKB -- CCND1 -- MAP2K7 -- PPM1A -- SOCS3 -- NGF -- FGF14 -- FGF7 -- TNFRSF14 -- IFNB1 -- PIAS2 -- OTUD7B -- XIAP -- BAD -- SMPD1 -- CASP1 -- ERBB2 -- MTOR -- BID -- CYCS -- NFE2L2 -- HIF1A -- TP63 -- RPS6KA1 -- UBE2D3
350,IL1B -- MAPK14 -- NFATC2 -- CHUK -- NFKB1 -- E2F1 -- RELA -- PAK2 -- JUN -- NFKBIA -- RXRB -- TNFRSF1A -- VEGFA -- ADAM17 -- TP53 -- TGFB1 -- TRADD -- RIPK1 -- MAP4K4 -- TRAF2 -- MAP3K1 -- AR -- ATM -- CFLAR -- HSPB1 -- RIPK2 -- SMURF2 -- PRKCE -- FASLG -- SOCS3 -- MAP3K14 -- FGF7 -- KRT18 -- SQSTM1 -- DAB2IP -- IFNB1 -- PIAS2 -- IRF1 -- CASP8 -- OTUD7B -- CASP7 -- ERBB2 -- BID -- BAX -- CYCS -- NFE2L2 -- HIF1A -- UBE2D3
351,IL1B -- CASP3 -- MAPK14 -- CHUK -- RELA -- PAK2 -- RB1 -- MYC -- NFKBIA -- TNF -- IL23A -- AKT1 -- RXRB -- SP1 -- ADAM17 -- EIF2AK2 -- BIRC3 -- MAP4K4 -- TNFRSF1B -- CYLD -- ATM -- IL4 -- CSF2 -- HSPB1 -- IKBKB -- TERT -- STAT1 -- CDKN2A -- PPM1A -- SMURF2 -- RHOA -- SOCS3 -- SQSTM1 -- IFNB1 -- PIAS2 -- IRF1 -- OTUD7B -- BAD -- BCL2L1 -- CASP7 -- CASP1 -- ERBB2 -- PEA15 -- FAF1 -- PRNP -- BID -- BAX -- CYCS -- HIF1A -- TP63
352,MYD88 -- NFATC2 -- BCL2 -- CHUK -- NFKB1 -- E2F1 -- PAK2 -- RB1 -- JUN -- MYC -- IL23A -- AKT1 -- RXRB -- SP1 -- VEGFA -- ADAM17 -- TGFB1 -- TRADD -- BIRC3 -- IRAK1 -- TNFRSF1B -- TRAF2 -- TRAF1 -- CFLAR -- IKBKB -- TERT -- STAT1 -- CDKN2A -- FBXO31 -- RIPK2 -- SMURF2 -- RHOA -- SOCS3 -- NGF -- FGF14 -- MAP3K14 -- FGF7 -- SHC1 -- TNFRSF14 -- DAB2IP -- IFNB1 -- IRF1 -- HIP1 -- CASP8 -- SMPD1 -- CASP1 -- ERBB2 -- MTOR -- BID -- CYCS -- NFE2L2 -- HIF1A -- TP63 -- RPS6KA1 -- UBE2D3
353,MAPK14 -- BCL2 -- E2F1 -- PAK2 -- MYC -- NFKBIA -- TNF -- IL23A -- AKT1 -- VEGFA -- ADAM17 -- TRADD -- RIPK1 -- EIF2AK2 -- CASP2 -- IRAK1 -- TNFRSF1B -- TRAF2 -- ZFP36 -- AR -- CFLAR -- IL4 -- CSF2 -- HSPB1 -- STAT1 -- CDKN2A -- CCND1 -- MAP2K7 -- PPM1A -- SMURF2 -- PRKCE -- FASLG -- RHOA -- NGF -- FGF14 -- FGF7 -- TNFRSF10B -- KRT18 -- DAB2IP -- IFNB1 -- PIAS2 -- IRF1 -- OTUD7B -- XIAP -- BAD -- PEA15 -- BID -- CYCS -- NFE2L2 -- UBE2D3
354,FADD -- IL1B -- IL2 -- BCL2 -- NFKB1 -- MAPK3 -- E2F1 -- RB1 -- JUN -- NFKBIA -- IL23A -- RXRB -- VEGFA -- TGFB1 -- TRADD -- EIF2AK2 -- BIRC3 -- IRAK1 -- MAP4K4 -- TNFRSF1B -- TRAF2 -- TRAF1 -- MAP3K1 -- AR -- CSF2 -- HSPB1 -- CDKN2A -- FBXO31 -- MAP2K7 -- RIPK2 -- SMURF2 -- RHOA -- SOCS3 -- NGF -- SHC1 -- KRT18 -- SQSTM1 -- DAB2IP -- IFNB1 -- PIAS2 -- IRF1 -- CASP8 -- BAD -- CASP7 -- CASP1 -- PEA15 -- FAF1 -- BID -- CYCS -- IL16 -- HIF1A -- TP63
355,FADD -- MAPK8 -- NFATC2 -- BCL2 -- MAPK1 -- MAPK3 -- E2F1 -- PAK2 -- JUN -- NFKBIA -- TNF -- IL23A -- AKT1 -- SP1 -- VEGFA -- ADAM17 -- TP53 -- TGFB1 -- CASP2 -- BIRC3 -- MAP4K4 -- TRAF2 -- MAP3K1 -- AR -- IL4 -- HSPB1 -- FBXO31 -- CCND1 -- PPM1A -- FASLG -- RHOA -- SOCS3 -- FGF14 -- FGF7 -- SHC1 -- DAB2IP -- IFNB1 -- PIAS2 -- RPAIN -- HIP1 -- BAD -- FAF1 -- NFE2L2 -- IL16 -- RPS6KA1 -- UBE2D3
356,IL1B -- MYD88 -- CASP3 -- MAPK8 -- MAPK14 -- NFATC2 -- CHUK -- MAPK1 -- MAPK3 -- E2F1 -- PAK2 -- RB1 -- JUN -- MYC -- TNF -- AKT1 -- TNFAIP3 -- ADAM17 -- TRADD -- MAP4K4 -- TNFRSF1B -- TRAF2 -- CYLD -- MAP3K1 -- ZFP36 -- AR -- BIRC2 -- CFLAR -- IL4 -- CSF2 -- IKBKB -- TERT -- CDKN2A -- MAP2K7 -- RIPK2 -- FASLG -- NGF -- MAP3K14 -- SHC1 -- DAB2IP -- IFNB1 -- PIAS2 -- CASP8 -- XIAP -- BCL2L1 -- CASP7 -- SMPD1 -- MTOR -- PEA15 -- PRNP -- NFE2L2 -- IL16 -- HIF1A -- RPS6KA1 -- UBE2D3
357,MYD88 -- MAPK8 -- NFKB1 -- MAPK1 -- MAPK3 -- JUN -- IL23A -- TNFRSF1A -- SP1 -- VEGFA -- TGFB1 -- EIF2AK2 -- BIRC3 -- IRAK1 -- TNFRSF1B -- TRAF2 -- ZFP36 -- BIRC2 -- CFLAR -- IL4 -- CSF2 -- STAT1 -- FBXO31 -- CCND1 -- MAP2K7 -- RIPK2 -- PPM1A -- SMURF2 -- FASLG -- FGF7 -- SQSTM1 -- PIAS2 -- IRF1 -- RPAIN -- BAD -- BCL2L1 -- CASP7 -- SMPD1 -- CASP1 -- PEA15 -- BAX -- CYCS -- IL16 -- HIF1A -- RPS6KA1 -- UBE2D3
358,FADD -- MYD88 -- MAPK14 -- BCL2 -- MAPK3 -- E2F1 -- RB1 -- JUN -- MYC -- NFKBIA -- TNFRSF1A -- TNFAIP3 -- SP1 -- VEGFA -- ADAM17 -- TP53 -- TRADD -- RIPK1 -- EIF2AK2 -- CASP2 -- CYLD -- ZFP36 -- AR -- BIRC2 -- ATM -- CFLAR -- CSF2 -- HSPB1 -- IKBKB -- TERT -- STAT1 -- CDKN2A -- FBXO31 -- RIPK2 -- PRKCE -- RHOA -- SOCS3 -- FGF14 -- MAP3K14 -- SHC1 -- SQSTM1 -- IRF1 -- CASP8 -- OTUD7B -- XIAP -- CASP7 -- SMPD1 -- FAF1 -- NFE2L2 -- IL16 -- TP63 -- RPS6KA1 -- UBE2D3
359,FADD -- IL1B -- CASP3 -- NFATC2 -- BCL2 -- NFKB1 -- MAPK3 -- E2F1 -- PAK2 -- RB1 -- TNF -- AKT1 -- SP1 -- ADAM17 -- TRADD -- EIF2AK2 -- CASP2 -- BIRC3 -- TRAF2 -- CYLD -- TRAF1 -- MAP3K1 -- ZFP36 -- AR -- BIRC2 -- CFLAR -- CSF2 -- IKBKB -- TERT -- STAT1 -- FBXO31 -- CCND1 -- MAP2K7 -- PPM1A -- FASLG -- RHOA -- SOCS3 -- NGF -- MAP3K14 -- SHC1 -- KRT18 -- PIAS2 -- RPAIN -- HIP1 -- OTUD7B -- CASP7 -- SMPD1 -- FAF1 -- PRNP -- BAX -- NFE2L2 -- TP63 -- UBE2D3
360,FADD -- IL1B -- MAPK8 -- NFATC2 -- CHUK -- NFKB1 -- E2F1 -- PAK2 -- TNF -- RXRB -- TNFRSF1A -- SP1 -- TP53 -- TRADD -- CASP2 -- MAP4K4 -- TNFRSF1B -- CYLD -- TRAF1 -- AR -- BIRC2 -- IL4 -- CSF2 -- TERT -- STAT1 -- FBXO31 -- CCND1 -- PRKCE -- FASLG -- NGF -- SQSTM1 -- RPAIN -- HIP1 -- CASP8 -- OTUD7B -- BAD -- CASP7 -- PEA15 -- PRNP -- CYCS -- NFE2L2 -- TP63
361,IL1B -- IL2 -- MAPK8 -- MAPK14 -- BCL2 -- CHUK -- NFKB1 -- MAPK1 -- RELA -- RB1 -- JUN -- NFKBIA -- RXRB -- SP1 -- ADAM17 -- TGFB1 -- TRADD -- EIF2AK2 -- CASP2 -- BIRC3 -- IRAK1 -- TNFRSF1B -- TRAF2 -- MAP3K1 -- AR -- ATM -- CSF2 -- HSPB1 -- CDKN2A -- MAP2K7 -- RIPK2 -- PRKCE -- SOCS3 -- MAP3K14 -- SHC1 -- KRT18 -- TNFRSF14 -- IFNB1 -- PIAS2 -- RPAIN -- CASP8 -- OTUD7B -- XIAP -- BCL2L1 -- CASP1 -- ERBB2 -- MTOR -- BID -- BAX -- NFE2L2 -- HIF1A -- UBE2D3
362,MYD88 -- IL2 -- NFATC2 -- MAPK1 -- MAPK3 -- E2F1 -- RELA -- NFKBIA -- TNF -- AKT1 -- RXRB -- ADAM17 -- TP53 -- RIPK1 -- EIF2AK2 -- CASP2 -- MAP4K4 -- TNFRSF1B -- CYLD -- MAP3K1 -- ZFP36 -- AR -- BIRC2 -- CSF2 -- IKBKB -- STAT1 -- FBXO31 -- CCND1 -- PRKCE -- FASLG -- RHOA -- SOCS3 -- NGF -- FGF14 -- FGF7 -- IFNB1 -- RPAIN -- HIP1 -- CASP8 -- OTUD7B -- CASP7 -- SMPD1 -- CASP1 -- FAF1 -- CYCS -- NFE2L2 -- IL16 -- RPS6KA1
363,FADD -- IL1B -- MYD88 -- MAPK8 -- MAPK14 -- BCL2 -- CHUK -- MAPK1 -- PAK2 -- JUN -- MYC -- NFKBIA -- IL23A -- TNFRSF1A -- SP1 -- VEGFA -- TP53 -- TGFB1 -- TRADD -- RIPK1 -- BIRC3 -- TRAF2 -- CYLD -- TRAF1 -- BIRC2 -- IL4 -- CDKN2A -- FBXO31 -- RIPK2 -- RHOA -- FGF14 -- FGF7 -- SHC1 -- KRT18 -- IFNB1 -- PIAS2 -- CASP8 -- XIAP -- SMPD1 -- CASP1 -- IL16 -- HIF1A
364,IL1B -- MYD88 -- MAPK8 -- NFATC2 -- MAPK1 -- RELA -- TNF -- IL23A -- RXRB -- SP1 -- VEGFA -- EIF2AK2 -- CASP2 -- BIRC3 -- TRAF2 -- CYLD -- TRAF1 -- MAP3K1 -- ZFP36 -- AR -- ATM -- CFLAR -- IL4 -- IKBKB -- TERT -- STAT1 -- CDKN2A -- CCND1 -- RIPK2 -- SMURF2 -- PRKCE -- FASLG -- RHOA -- SOCS3 -- FGF14 -- MAP3K14 -- TNFRSF10B -- KRT18 -- TNFRSF14 -- SQSTM1 -- IRF1 -- RPAIN -- HIP1 -- XIAP -- BAD -- BCL2L1 -- CASP7 -- ERBB2 -- MTOR -- PEA15 -- BID -- CYCS -- IL16 -- RPS6KA1 -- UBE2D3
365,MYD88 -- MAPK8 -- NFKB1 -- E2F1 -- PAK2 -- RB1 -- JUN -- NFKBIA -- TNF -- AKT1 -- TNFRSF1A -- TNFAIP3 -- SP1 -- VEGFA -- TGFB1 -- RIPK1 -- EIF2AK2 -- BIRC3 -- IRAK1 -- TNFRSF1B -- TRAF1 -- BIRC2 -- CFLAR -- HSPB1 -- TERT -- PPM1A -- SMURF2 -- PRKCE -- RHOA -- SOCS3 -- MAP3K14 -- SHC1 -- TNFRSF10B -- KRT18 -- DAB2IP -- IFNB1 -- IRF1 -- CASP8 -- BAD -- BCL2L1 -- CASP7 -- SMPD1 -- MTOR -- PEA15 -- PRNP -- BAX -- IL16
366,FADD -- IL2 -- CASP3 -- MAPK14 -- NFATC2 -- BCL2 -- CHUK -- MAPK3 -- JUN -- NFKBIA -- TNFRSF1A -- SP1 -- TGFB1 -- TRADD -- RIPK1 -- EIF2AK2 -- BIRC3 -- IRAK1 -- MAP4K4 -- CYLD -- ZFP36 -- BIRC2 -- ATM -- CFLAR -- IL4 -- CSF2 -- HSPB1 -- IKBKB -- TERT -- STAT1 -- CDKN2A -- FBXO31 -- CCND1 -- RIPK2 -- PRKCE -- SOCS3 -- FGF14 -- FGF7 -- SHC1 -- TNFRSF10B -- KRT18 -- IFNB1 -- PIAS2 -- IRF1 -- RPAIN -- HIP1 -- CASP8 -- OTUD7B -- SMPD1 -- ERBB2 -- MTOR -- BID -- NFE2L2
367,FADD -- MYD88 -- IL2 -- MAPK8 -- NFATC2 -- CHUK -- MAPK1 -- E2F1 -- JUN -- IL23A -- AKT1 -- RXRB -- TNFAIP3 -- SP1 -- VEGFA -- RIPK1 -- EIF2AK2 -- CASP2 -- BIRC3 -- IRAK1 -- TRAF1 -- MAP3K1 -- ATM -- CFLAR -- CSF2 -- TERT -- FBXO31 -- CCND1 -- MAP2K7 -- PPM1A -- PRKCE -- MAP3K14 -- FGF7 -- SHC1 -- TNFRSF10B -- IFNB1 -- PIAS2 -- HIP1 -- CASP8 -- OTUD7B -- XIAP -- CASP1 -- FAF1 -- PRNP -- BAX -- CYCS -- NFE2L2 -- HIF1A -- RPS6KA1
368,FADD -- IL1B -- MYD88 -- MAPK8 -- MAPK14 -- CHUK -- MAPK3 -- E2F1 -- RELA -- RB1 -- JUN -- MYC -- NFKBIA -- IL23A -- AKT1 -- RXRB -- TNFRSF1A -- SP1 -- VEGFA -- ADAM17 -- TGFB1 -- CASP2 -- BIRC3 -- IRAK1 -- TNFRSF1B -- TRAF2 -- TRAF1 -- MAP3K1 -- ZFP36 -- CSF2 -- HSPB1 -- IKBKB -- TERT -- STAT1 -- FBXO31 -- PPM1A -- PRKCE -- FASLG -- MAP3K14 -- FGF7 -- TNFRSF10B -- KRT18 -- SQSTM1 -- IFNB1 -- PIAS2 -- CASP8 -- CASP7 -- CASP1 -- PEA15 -- BID -- IL16 -- UBE2D3
369,IL1B -- MYD88 -- IL2 -- MAPK8 -- NFATC2 -- MAPK1 -- PAK2 -- NFKBIA -- VEGFA -- TP53 -- TGFB1 -- RIPK1 -- CASP2 -- IRAK1 -- MAP3K1 -- AR -- TERT -- CCND1 -- MAP2K7 -- NGF -- FGF14 -- MAP3K14 -- FGF7 -- SHC1 -- IFNB1 -- PIAS2 -- HIP1 -- CASP8 -- OTUD7B -- XIAP -- BCL2L1 -- CASP7 -- SMPD1 -- CASP1 -- PEA15 -- PRNP -- BID -- NFE2L2 -- IL16 -- UBE2D3
370,IL1B -- MYD88 -- IL2 -- CASP3 -- MAPK8 -- NFATC2 -- CHUK -- MAPK1 -- MAPK3 -- RB1 -- JUN -- NFKBIA -- AKT1 -- RXRB -- SP1 -- ADAM17 -- TP53 -- TGFB1 -- TRADD -- BIRC3 -- MAP4K4 -- TNFRSF1B -- TRAF2 -- TRAF1 -- MAP3K1 -- ZFP36 -- AR -- BIRC2 -- IKBKB -- FBXO31 -- CCND1 -- MAP2K7 -- RIPK2 -- PPM1A -- FASLG -- NGF -- FGF14 -- MAP3K14 -- SHC1 -- KRT18 -- TNFRSF14 -- DAB2IP -- PIAS2 -- RPAIN -- HIP1 -- OTUD7B -- BCL2L1 -- CASP7 -- SMPD1 -- MTOR -- PEA15 -- PRNP -- CYCS -- IL16 -- HIF1A -- TP63 -- UBE2D3
371,FADD -- IL2 -- MAPK8 -- MAPK14 -- NFATC2 -- BCL2 -- CHUK -- MAPK1 -- MAPK3 -- E2F1 -- JUN -- MYC -- IL23A -- RXRB -- TNFRSF1A -- TNFAIP3 -- SP1 -- TP53 -- TGFB1 -- TRADD -- RIPK1 -- EIF2AK2 -- CASP2 -- BIRC3 -- MAP4K4 -- TNFRSF1B -- TRAF2 -- CYLD -- AR -- BIRC2 -- CFLAR -- IL4 -- IKBKB -- TERT -- STAT1 -- RIPK2 -- PPM1A -- PRKCE -- FASLG -- NGF -- SHC1 -- TNFRSF10B -- TNFRSF14 -- DAB2IP -- IFNB1 -- IRF1 -- OTUD7B -- XIAP -- CASP7 -- ERBB2 -- PEA15 -- BID -- CYCS -- IL16 -- RPS6KA1
372,FADD -- IL1B -- IL2 -- BCL2 -- CHUK -- NFKB1 -- RELA -- RB1 -- JUN -- NFKBIA -- IL23A -- RXRB -- TNFRSF1A -- VEGFA -- TP53 -- EIF2AK2 -- MAP4K4 -- TRAF2 -- CYLD -- AR -- BIRC2 -- CFLAR -- HSPB1 -- STAT1 -- CDKN2A -- FBXO31 -- CCND1 -- MAP2K7 -- RIPK2 -- PPM1A -- SMURF2 -- FASLG -- MAP3K14 -- FGF7 -- TNFRSF10B -- DAB2IP -- IFNB1 -- PIAS2 -- IRF1 -- RPAIN -- CASP8 -- OTUD7B -- BCL2L1 -- SMPD1 -- MTOR -- FAF1 -- BID -- BAX -- CYCS -- IL16 -- HIF1A
373,FADD -- IL1B -- MYD88 -- IL2 -- CASP3 -- MAPK8 -- MAPK14 -- NFKB1 -- MAPK3 -- RELA -- JUN -- NFKBIA -- TNF -- IL23A -- RXRB -- TNFRSF1A -- TNFAIP3 -- VEGFA -- CASP2 -- TRAF2 -- MAP3K1 -- AR -- BIRC2 -- CFLAR -- IL4 -- HSPB1 -- STAT1 -- MAP2K7 -- FASLG -- SOCS3 -- NGF -- FGF7 -- TNFRSF14 -- SQSTM1 -- DAB2IP -- IFNB1 -- PIAS2 -- IRF1 -- RPAIN -- HIP1 -- CASP8 -- OTUD7B -- XIAP -- CASP7 -- CASP1 -- ERBB2 -- PRNP -- CYCS -- NFE2L2 -- UBE2D3
374,FADD -- MYD88 -- MAPK8 -- BCL2 -- CHUK -- NFKB1 -- MAPK1 -- E2F1 -- NFKBIA -- TNFRSF1A -- TNFAIP3 -- TP53 -- EIF2AK2 -- BIRC3 -- TNFRSF1B -- CYLD -- TRAF1 -- BIRC2 -- CFLAR -- IL4 -- CSF2 -- IKBKB -- STAT1 -- CDKN2A -- FBXO31 -- RIPK2 -- SMURF2 -- PRKCE -- SOCS3 -- MAP3K14 -- FGF7 -- TNFRSF14 -- DAB2IP -- IFNB1 -- IRF1 -- RPAIN -- CASP8 -- XIAP -- BAD -- CASP7 -- SMPD1 -- CASP1 -- FAF1 -- PRNP -- IL16
375,FADD -- IL1B -- CASP3 -- MAPK8 -- MAPK14 -- NFATC2 -- BCL2 -- NFKB1 -- RB1 -- JUN -- MYC -- SP1 -- VEGFA -- ADAM17 -- TP53 -- TGFB1 -- RIPK1 -- EIF2AK2 -- IRAK1 -- TNFRSF1B -- CYLD -- TRAF1 -- MAP3K1 -- ZFP36 -- AR -- ATM -- HSPB1 -- IKBKB -- TERT -- FBXO31 -- MAP2K7 -- PPM1A -- FGF14 -- MAP3K14 -- FGF7 -- TNFRSF10B -- DAB2IP -- PIAS2 -- IRF1 -- OTUD7B -- BAD -- BCL2L1 -- CASP7 -- MTOR -- PEA15 -- FAF1 -- BAX -- CYCS -- NFE2L2 -- HIF1A -- TP63 -- UBE2D3
376,IL2 -- CASP3 -- MAPK8 -- BCL2 -- MAPK3 -- PAK2 -- RB1 -- JUN -- MYC -- NFKBIA -- TNF -- IL23A -- ADAM17 -- TGFB1 -- EIF2AK2 -- CASP2 -- BIRC2 -- ATM -- IL4 -- HSPB1 -- IKBKB -- FBXO31 -- CCND1 -- MAP2K7 -- PPM1A -- SMURF2 -- PRKCE -- FASLG -- RHOA -- NGF -- FGF14 -- MAP3K14 -- FGF7 -- SHC1 -- KRT18 -- IFNB1 -- PIAS2 -- IRF1 -- RPAIN -- HIP1 -- CASP8 -- OTUD7B -- CASP7 -- SMPD1 -- CASP1 -- ERBB2 -- MTOR -- PEA15 -- PRNP -- BID -- CYCS -- IL16 -- HIF1A
377,IL1B -- IL2 -- NFATC2 -- NFKB1 -- MAPK1 -- MAPK3 -- RELA -- JUN -- NFKBIA -- AKT1 -- TNFAIP3 -- VEGFA -- ADAM17 -- TP53 -- RIPK1 -- BIRC3 -- IRAK1 -- TNFRSF1B -- TRAF2 -- CYLD -- AR -- CSF2 -- HSPB1 -- IKBKB -- TERT -- FBXO31 -- PPM1A -- FASLG -- SOCS3 -- NGF -- TNFRSF10B -- KRT18 -- TNFRSF14 -- RPAIN -- HIP1 -- XIAP -- BAD -- CASP7 -- PEA15 -- PRNP -- NFE2L2 -- HIF1A -- TP63
378,MYD88 -- IL2 -- CASP3 -- NFATC2 -- BCL2 -- NFKB1 -- MAPK1 -- MYC -- TNF -- IL23A -- TNFAIP3 -- VEGFA -- TGFB1 -- RIPK1 -- CASP2 -- BIRC3 -- IRAK1 -- CYLD -- MAP3K1 -- ZFP36 -- CFLAR -- CSF2 -- TERT -- STAT1 -- CCND1 -- MAP2K7 -- RIPK2 -- PPM1A -- FASLG -- RHOA -- FGF14 -- FGF7 -- SHC1 -- TNFRSF14 -- DAB2IP -- IFNB1 -- PIAS2 -- RPAIN -- HIP1 -- XIAP -- BAD -- CASP7 -- MTOR -- FAF1 -- PRNP -- BID -- BAX -- NFE2L2 -- IL16 -- HIF1A
379,CASP3 -- MAPK8 -- NFKB1 -- MAPK1 -- MAPK3 -- E2F1 -- RELA -- NFKBIA -- TNF -- IL23A -- AKT1 -- SP1 -- ADAM17 -- TP53 -- TNFRSF1B -- TRAF2 -- TRAF1 -- AR -- BIRC2 -- ATM -- IL4 -- IKBKB -- TERT -- CDKN2A -- CCND1 -- MAP2K7 -- PRKCE -- FASLG -- RHOA -- MAP3K14 -- DAB2IP -- IFNB1 -- PIAS2 -- XIAP -- SMPD1 -- PEA15 -- FAF1 -- BID -- CYCS -- TP63 -- RPS6KA1 -- UBE2D3
380,NFATC2 -- BCL2 -- CHUK -- MAPK1 -- MAPK3 -- E2F1 -- RELA -- PAK2 -- RB1 -- JUN -- TNF -- IL23A -- AKT1 -- RXRB -- TNFRSF1A -- SP1 -- ADAM17 -- EIF2AK2 -- CASP2 -- BIRC3 -- IRAK1 -- MAP4K4 -- TNFRSF1B -- TRAF2 -- CYLD -- TRAF1 -- MAP3K1 -- AR -- BIRC2 -- ATM -- CCND1 -- SMURF2 -- PRKCE -- FASLG -- NGF -- FGF14 -- KRT18 -- SQSTM1 -- DAB2IP -- IRF1 -- HIP1 -- BAD -- BCL2L1 -- SMPD1 -- CASP1 -- FAF1 -- PRNP -- BID -- BAX -- CYCS -- NFE2L2 -- IL16 -- RPS6KA1
381,MYD88 -- MAPK8 -- NFATC2 -- RELA -- RB1 -- MYC -- NFKBIA -- TNF -- IL23A -- AKT1 -- TNFRSF1A -- TP53 -- TRADD -- EIF2AK2 -- CASP2 -- BIRC3 -- MAP4K4 -- TRAF2 -- TRAF1 -- MAP3K1 -- ZFP36 -- BIRC2 -- CSF2 -- HSPB1 -- IKBKB -- TERT -- STAT1 -- CDKN2A -- FBXO31 -- PPM1A -- SMURF2 -- PRKCE -- FASLG -- SOCS3 -- NGF -- FGF14 -- FGF7 -- SHC1 -- TNFRSF10B -- KRT18 -- HIP1 -- CASP8 -- CASP7 -- ERBB2 -- MTOR -- PEA15 -- FAF1 -- BAX -- CYCS -- IL16 -- TP63 -- UBE2D3
382,MAPK8 -- NFATC2 -- MAPK1 -- MAPK3 -- RELA -- PAK2 -- NFKBIA -- AKT1 -- RXRB -- TNFRSF1A -- ADAM17 -- TGFB1 -- RIPK1 -- EIF2AK2 -- TRAF1 -- AR -- BIRC2 -- ATM -- CFLAR -- IL4 -- CSF2 -- HSPB1 -- IKBKB -- CDKN2A -- MAP2K7 -- RIPK2 -- PRKCE -- NGF -- SQSTM1 -- DAB2IP -- PIAS2 -- RPAIN -- CASP8 -- OTUD7B -- BCL2L1 -- SMPD1 -- MTOR -- PEA15 -- FAF1 -- PRNP -- BID -- BAX -- IL16 -- HIF1A -- TP63 -- RPS6KA1 -- UBE2D3
383,IL1B -- MYD88 -- IL2 -- CASP3 -- NFATC2 -- NFKB1 -- MAPK1 -- MAPK3 -- RB1 -- NFKBIA -- TNF -- IL23A -- AKT1 -- TNFRSF1A -- TNFAIP3 -- TRADD -- RIPK1 -- EIF2AK2 -- CASP2 -- IRAK1 -- MAP4K4 -- TRAF2 -- CYLD -- ZFP36 -- HSPB1 -- TERT -- STAT1 -- CDKN2A -- NGF -- FGF14 -- MAP3K14 -- FGF7 -- TNFRSF10B -- TNFRSF14 -- IFNB1 -- PIAS2 -- IRF1 -- RPAIN -- OTUD7B -- BAD -- BCL2L1 -- CASP7 -- SMPD1 -- CASP1 -- ERBB2 -- MTOR -- PRNP -- BAX -- NFE2L2 -- HIF1A -- TP63 -- RPS6KA1
384,IL1B -- MYD88 -- IL2 -- NFATC2 -- BCL2 -- CHUK -- MAPK1 -- MAPK3 -- E2F1 -- RELA -- JUN -- TNF -- IL23A -- AKT1 -- TNFRSF1A -- TNFAIP3 -- TGFB1 -- BIRC3 -- TRAF1 -- BIRC2 -- ATM -- CSF2 -- TERT -- FBXO31 -- MAP2K7 -- RIPK2 -- SMURF2 -- PRKCE -- FASLG -- RHOA -- IFNB1 -- PIAS2 -- HIP1 -- CASP8 -- OTUD7B -- XIAP -- BAD -- CASP7 -- CASP1 -- FAF1 -- PRNP -- BID
385,FADD -- IL1B -- MYD88 -- MAPK8 -- NFATC2 -- CHUK -- MAPK1 -- MAPK3 -- E2F1 -- RELA -- PAK2 -- JUN -- MYC -- AKT1 -- TNFRSF1A -- TNFAIP3 -- SP1 -- VEGFA -- TGFB1 -- TRADD -- BIRC3 -- IRAK1 -- TRAF2 -- HSPB1 -- IKBKB -- TERT -- STAT1 -- CCND1 -- RIPK2 -- PPM1A -- SMURF2 -- SOCS3 -- NGF -- MAP3K14 -- FGF7 -- SHC1 -- TNFRSF10B -- KRT18 -- PIAS2 -- IRF1 -- HIP1 -- CASP8 -- CASP7 -- SMPD1 -- CASP1 -- ERBB2 -- MTOR -- PEA15 -- PRNP -- BID -- BAX -- NFE2L2 -- TP63 -- RPS6KA1
386,FADD -- MYD88 -- MAPK8 -- BCL2 -- CHUK -- MAPK1 -- MAPK3 -- NFKBIA -- IL23A -- AKT1 -- VEGFA -- ADAM17 -- TP53 -- TRADD -- MAP4K4 -- TNFRSF1B -- ZFP36 -- AR -- IL4 -- CSF2 -- HSPB1 -- TERT -- STAT1 -- CDKN2A -- FBXO31 -- CCND1 -- MAP2K7 -- RIPK2 -- PPM1A -- RHOA -- MAP3K14 -- TNFRSF10B -- KRT18 -- TNFRSF14 -- DAB2IP -- IFNB1 -- RPAIN -- HIP1 -- OTUD7B -- BCL2L1 -- CASP7 -- ERBB2 -- MTOR -- PEA15 -- PRNP -- BAX -- CYCS -- TP63 -- UBE2D3
387,IL1B -- MYD88 -- MAPK14 -- NFATC2 -- NFKB1 -- MAPK1 -- MAPK3 -- E2F1 -- RELA -- PAK2 -- JUN -- NFKBIA -- TNF -- IL23A -- RXRB -- SP1 -- TP53 -- TRADD -- EIF2AK2 -- CASP2 -- BIRC3 -- MAP4K4 -- TNFRSF1B -- TRAF2 -- CYLD -- ATM -- CFLAR -- IL4 -- CSF2 -- TERT -- MAP2K7 -- SMURF2 -- PRKCE -- KRT18 -- SQSTM1 -- DAB2IP -- IFNB1 -- HIP1 -- OTUD7B -- BAD -- CASP7 -- SMPD1 -- CASP1 -- ERBB2 -- PEA15 -- BID -- BAX -- HIF1A -- RPS6KA1
388,FADD -- IL1B -- IL2 -- MAPK8 -- MAPK14 -- BCL2 -- CHUK -- E2F1 -- RELA -- JUN -- AKT1 -- TNFRSF1A -- TNFAIP3 -- SP1 -- TRADD -- EIF2AK2 -- CASP2 -- MAP4K4 -- TNFRSF1B -- MAP3K1 -- BIRC2 -- IL4 -- IKBKB -- TERT -- STAT1 -- PRKCE -- RHOA -- SOCS3 -- TNFRSF14 -- IFNB1 -- PIAS2 -- RPAIN -- HIP1 -- CASP8 -- OTUD7B -- BAD -- CYCS -- NFE2L2 -- TP63
389,IL1B -- MYD88 -- CASP3 -- MAPK8 -- MAPK14 -- BCL2 -- MAPK3 -- PAK2 -- RB1 -- JUN -- MYC -- NFKBIA -- TNF -- IL23A -- RXRB -- SP1 -- TP53 -- TGFB1 -- TRADD -- RIPK1 -- EIF2AK2 -- BIRC3 -- MAP4K4 -- TRAF2 -- TRAF1 -- BIRC2 -- ATM -- IL4 -- CSF2 -- IKBKB -- STAT1 -- CDKN2A -- PPM1A -- FGF14 -- MAP3K14 -- FGF7 -- TNFRSF10B -- KRT18 -- TNFRSF14 -- DAB2IP -- IRF1 -- RPAIN -- HIP1 -- CASP8 -- OTUD7B -- BAD -- BCL2L1 -- CASP1 -- PEA15 -- FAF1 -- IL16 -- TP63 -- UBE2D3
390,MYD88 -- MAPK14 -- NFATC2 -- BCL2 -- CHUK -- NFKB1 -- MAPK1 -- MAPK3 -- RB1 -- JUN -- TNF -- RXRB -- ADAM17 -- TP53 -- TGFB1 -- TRADD -- RIPK1 -- CASP2 -- IRAK1 -- MAP4K4 -- TRAF1 -- AR -- ATM -- CFLAR -- IL4 -- IKBKB -- STAT1 -- CDKN2A -- CCND1 -- PRKCE -- FASLG -- NGF -- FGF14 -- SHC1 -- KRT18 -- SQSTM1 -- IRF1 -- RPAIN -- CASP8 -- XIAP -- CASP7 -- ERBB2 -- MTOR -- PEA15 -- BAX -- RPS6KA1
391,IL1B -- MYD88 -- CASP3 -- NFATC2 -- CHUK -- NFKB1 -- MAPK1 -- MAPK3 -- E2F1 -- RB1 -- NFKBIA -- RXRB -- SP1 -- VEGFA -- TRADD -- EIF2AK2 -- CASP2 -- IRAK1 -- MAP4K4 -- TRAF2 -- CYLD -- MAP3K1 -- AR -- BIRC2 -- HSPB1 -- STAT1 -- FBXO31 -- MAP2K7 -- RIPK2 -- SMURF2 -- FASLG -- RHOA -- NGF -- FGF14 -- TNFRSF10B -- KRT18 -- SQSTM1 -- DAB2IP -- IFNB1 -- RPAIN -- CASP8 -- OTUD7B -- BAD -- CASP7 -- PEA15 -- FAF1 -- BAX -- CYCS -- NFE2L2 -- IL16 -- RPS6KA1 -- UBE2D3
392,FADD -- IL2 -- CASP3 -- NFATC2 -- BCL2 -- NFKB1 -- MAPK3 -- E2F1 -- MYC -- IL23A -- RXRB -- TNFAIP3 -- VEGFA -- ADAM17 -- TGFB1 -- RIPK1 -- EIF2AK2 -- IRAK1 -- MAP4K4 -- TNFRSF1B -- TRAF2 -- TRAF1 -- ZFP36 -- AR -- CSF2 -- HSPB1 -- IKBKB -- TERT -- CCND1 -- MAP2K7 -- RIPK2 -- PPM1A -- SMURF2 -- PRKCE -- FASLG -- RHOA -- SOCS3 -- NGF -- MAP3K14 -- SHC1 -- TNFRSF10B -- KRT18 -- TNFRSF14 -- IFNB1 -- IRF1 -- CASP8 -- OTUD7B -- BAD -- BCL2L1 -- CASP1 -- PEA15 -- IL16 -- HIF1A -- RPS6KA1 -- UBE2D3
393,FADD -- IL1B -- CASP3 -- MAPK8 -- MAPK14 -- BCL2 -- MAPK1 -- E2F1 -- RELA -- PAK2 -- TNF -- RXRB -- SP1 -- VEGFA -- ADAM17 -- TP53 -- TGFB1 -- TRADD -- RIPK1 -- CYLD -- ZFP36 -- CFLAR -- HSPB1 -- STAT1 -- CCND1 -- RIPK2 -- RHOA -- NGF -- MAP3K14 -- FGF7 -- SHC1 -- DAB2IP -- IFNB1 -- PIAS2 -- IRF1 -- CASP8 -- BAD -- BCL2L1 -- CASP7 -- SMPD1 -- ERBB2 -- MTOR -- PEA15 -- FAF1 -- BAX -- NFE2L2 -- HIF1A -- UBE2D3
394,FADD -- IL2 -- MAPK8 -- MAPK14 -- NFATC2 -- CHUK -- RB1 -- JUN -- NFKBIA -- IL23A -- AKT1 -- VEGFA -- TP53 -- TGFB1 -- TRADD -- RIPK1 -- CASP2 -- BIRC3 -- IRAK1 -- TRAF1 -- ZFP36 -- AR -- ATM -- CFLAR -- IL4 -- STAT1 -- CDKN2A -- FBXO31 -- MAP2K7 -- RIPK2 -- FASLG -- RHOA -- FGF7 -- KRT18 -- TNFRSF14 -- DAB2IP -- IFNB1 -- PIAS2 -- RPAIN -- HIP1 -- CASP8 -- OTUD7B -- BAD -- CASP7 -- CASP1 -- MTOR -- FAF1 -- PRNP -- HIF1A -- TP63
395,IL1B -- MYD88 -- IL2 -- MAPK8 -- NFATC2 -- BCL2 -- NFKB1 -- MAPK1 -- E2F1 -- PAK2 -- RB1 -- MYC -- TNF -- IL23A -- RXRB -- SP1 -- ADAM17 -- TP53 -- TGFB1 -- BIRC3 -- CYLD -- STAT1 -- CCND1 -- MAP2K7 -- RIPK2 -- PPM1A -- SMURF2 -- FASLG -- RHOA -- FGF14 -- SHC1 -- KRT18 -- TNFRSF14 -- SQSTM1 -- PIAS2 -- IRF1 -- HIP1 -- XIAP -- BAD -- BCL2L1 -- CASP1 -- ERBB2 -- MTOR -- FAF1 -- PRNP -- BID -- CYCS -- NFE2L2 -- IL16
396,IL1B -- MYD88 -- CASP3 -- MAPK14 -- NFKB1 -- MAPK3 -- PAK2 -- MYC -- IL23A -- AKT1 -- IRAK1 -- MAP4K4 -- CYLD -- MAP3K1 -- ZFP36 -- ATM -- CFLAR -- IL4 -- STAT1 -- FBXO31 -- CCND1 -- PPM1A -- PRKCE -- FASLG -- RHOA -- NGF -- SHC1 -- TNFRSF10B -- SQSTM1 -- DAB2IP -- PIAS2 -- IRF1 -- HIP1 -- CASP8 -- OTUD7B -- XIAP -- BAD -- CASP7 -- CASP1 -- ERBB2 -- PEA15 -- FAF1 -- PRNP -- BAX -- IL16 -- HIF1A
397,MYD88 -- IL2 -- CASP3 -- MAPK1 -- E2F1 -- JUN -- IL23A -- TNFRSF1A -- TNFAIP3 -- TGFB1 -- TRADD -- RIPK1 -- CASP2 -- IRAK1 -- MAP4K4 -- TRAF2 -- CYLD -- AR -- ATM -- HSPB1 -- IKBKB -- STAT1 -- FBXO31 -- CCND1 -- RIPK2 -- PPM1A -- FASLG -- RHOA -- SOCS3 -- TNFRSF10B -- TNFRSF14 -- DAB2IP -- PIAS2 -- IRF1 -- HIP1 -- OTUD7B -- XIAP -- BAD -- BCL2L1 -- CASP7 -- CASP1 -- BAX -- NFE2L2 -- HIF1A
398,IL1B -- MYD88 -- MAPK14 -- NFATC2 -- BCL2 -- CHUK -- MAPK1 -- MAPK3 -- RELA -- PAK2 -- RB1 -- TNF -- IL23A -- AKT1 -- RXRB -- TNFAIP3 -- VEGFA -- TP53 -- TRADD -- CASP2 -- TNFRSF1B -- TRAF2 -- AR -- BIRC2 -- ATM -- CFLAR -- IL4 -- CSF2 -- IKBKB -- STAT1 -- CDKN2A -- PPM1A -- SMURF2 -- PRKCE -- FASLG -- SOCS3 -- MAP3K14 -- SQSTM1 -- DAB2IP -- PIAS2 -- IRF1 -- CASP8 -- OTUD7B -- XIAP -- BAD -- CASP7 -- CASP1 -- ERBB2 -- MTOR -- PRNP -- CYCS -- HIF1A -- RPS6KA1
399,MYD88 -- IL2 -- MAPK14 -- NFATC2 -- NFKB1 -- MAPK3 -- E2F1 -- RELA -- PAK2 -- RB1 -- JUN -- TNF -- IL23A -- AKT1 -- SP1 -- TGFB1 -- RIPK1 -- EIF2AK2 -- CASP2 -- BIRC3 -- IRAK1 -- MAP4K4 -- TRAF1 -- MAP3K1 -- BIRC2 -- ATM -- CFLAR -- CSF2 -- HSPB1 -- IKBKB -- CDKN2A -- FBXO31 -- PPM1A -- SMURF2 -- PRKCE -- SOCS3 -- FGF14 -- MAP3K14 -- TNFRSF10B -- IFNB1 -- PIAS2 -- IRF1 -- CASP8 -- XIAP -- BAD -- BCL2L1 -- ERBB2 -- PEA15 -- PRNP -- NFE2L2 -- IL16 -- TP63 -- UBE2D3
400,IL1B -- MYD88 -- CASP3 -- MAPK8 -- MAPK14 -- NFATC2 -- BCL2 -- RB1 -- TNF -- IL23A -- TNFRSF1A -- TNFAIP3 -- SP1 -- TP53 -- TRADD -- CYLD -- MAP3K1 -- AR -- BIRC2 -- IKBKB -- STAT1 -- MAP2K7 -- SMURF2 -- FASLG -- RHOA -- NGF -- FGF14 -- MAP3K14 -- TNFRSF14 -- SQSTM1 -- RPAIN -- HIP1 -- OTUD7B -- BAD -- BCL2L1 -- SMPD1 -- CASP1 -- ERBB2 -- MTOR -- PEA15 -- FAF1 -- BID -- BAX -- CYCS -- HIF1A
401,FADD -- IL2 -- MAPK8 -- NFATC2 -- CHUK -- NFKB1 -- MAPK1 -- MAPK3 -- RELA -- PAK2 -- TNF -- IL23A -- TNFRSF1A -- TNFAIP3 -- VEGFA -- TP53 -- TRADD -- RIPK1 -- TRAF2 -- ZFP36 -- CSF2 -- HSPB1 -- IKBKB -- STAT1 -- CDKN2A -- FBXO31 -- CCND1 -- MAP2K7 -- PPM1A -- PRKCE -- FASLG -- RHOA -- MAP3K14 -- TNFRSF10B -- IFNB1 -- PIAS2 -- XIAP -- BAD -- CASP7 -- ERBB2 -- MTOR -- FAF1 -- BID -- NFE2L2 -- IL16 -- HIF1A -- TP63 -- UBE2D3
402,FADD -- IL1B -- MAPK14 -- MAPK1 -- E2F1 -- NFKBIA -- IL23A -- RXRB -- TNFAIP3 -- SP1 -- TGFB1 -- TRADD -- RIPK1 -- EIF2AK2 -- BIRC3 -- IRAK1 -- MAP4K4 -- MAP3K1 -- ZFP36 -- ATM -- CFLAR -- CSF2 -- HSPB1 -- CCND1 -- MAP2K7 -- RIPK2 -- PPM1A -- PRKCE -- FASLG -- SOCS3 -- FGF14 -- MAP3K14 -- SHC1 -- TNFRSF10B -- KRT18 -- TNFRSF14 -- SQSTM1 -- IFNB1 -- OTUD7B -- XIAP -- BCL2L1 -- CASP7 -- PEA15 -- BID -- IL16 -- HIF1A -- RPS6KA1 -- UBE2D3
403,FADD -- IL2 -- CASP3 -- NFATC2 -- CHUK -- PAK2 -- JUN -- MYC -- NFKBIA -- TNF -- IL23A -- AKT1 -- RXRB -- TNFAIP3 -- VEGFA -- CASP2 -- IRAK1 -- TRAF2 -- CYLD -- TRAF1 -- BIRC2 -- CSF2 -- FBXO31 -- MAP2K7 -- NGF -- FGF7 -- SHC1 -- KRT18 -- TNFRSF14 -- SQSTM1 -- PIAS2 -- RPAIN -- HIP1 -- OTUD7B -- BCL2L1 -- SMPD1 -- MTOR -- FAF1 -- CYCS -- NFE2L2 -- RPS6KA1 -- UBE2D3
404,IL1B -- IL2 -- NFATC2 -- BCL2 -- CHUK -- NFKB1 -- MAPK1 -- MAPK3 -- RELA -- PAK2 -- MYC -- TNF -- AKT1 -- RXRB -- TNFRSF1A -- SP1 -- VEGFA -- ADAM17 -- TP53 -- TGFB1 -- TRADD -- EIF2AK2 -- BIRC3 -- IRAK1 -- MAP3K1 -- AR -- ATM -- TERT -- FBXO31 -- RIPK2 -- PRKCE -- RHOA -- SOCS3 -- NGF -- MAP3K14 -- FGF7 -- TNFRSF10B -- TNFRSF14 -- IRF1 -- CASP8 -- OTUD7B -- XIAP -- BAD -- BCL2L1 -- CASP7 -- ERBB2 -- MTOR -- PEA15 -- FAF1 -- BID -- BAX -- NFE2L2 -- IL16 -- TP63
405,IL2 -- CASP3 -- MAPK8 -- NFATC2 -- NFKB1 -- MAPK1 -- MAPK3 -- E2F1 -- RB1 -- NFKBIA -- IL23A -- AKT1 -- SP1 -- VEGFA -- TGFB1 -- EIF2AK2 -- CYLD -- TRAF1 -- MAP3K1 -- ZFP36 -- BIRC2 -- CFLAR -- CSF2 -- IKBKB -- TERT -- STAT1 -- CDKN2A -- FBXO31 -- PPM1A -- FASLG -- RHOA -- FGF14 -- SHC1 -- KRT18 -- TNFRSF14 -- SQSTM1 -- PIAS2 -- RPAIN -- HIP1 -- CASP8 -- BCL2L1 -- CASP7 -- ERBB2 -- MTOR -- FAF1 -- IL16 -- HIF1A -- TP63
406,MYD88 -- IL2 -- NFKB1 -- E2F1 -- RELA -- PAK2 -- RB1 -- JUN -- RXRB -- SP1 -- VEGFA -- TP53 -- RIPK1 -- TNFRSF1B -- ATM -- CFLAR -- TERT -- CDKN2A -- CCND1 -- MAP2K7 -- PRKCE -- FASLG -- FGF14 -- FGF7 -- SHC1 -- TNFRSF10B -- TNFRSF14 -- SQSTM1 -- DAB2IP -- IFNB1 -- PIAS2 -- IRF1 -- OTUD7B -- XIAP -- BAD -- CASP7 -- SMPD1 -- PEA15 -- BID -- CYCS -- NFE2L2 -- HIF1A
407,FADD -- CASP3 -- MAPK8 -- MAPK14 -- NFKB1 -- MAPK1 -- MAPK3 -- JUN -- NFKBIA -- AKT1 -- TNFRSF1A -- SP1 -- TGFB1 -- RIPK1 -- EIF2AK2 -- MAP4K4 -- TNFRSF1B -- TRAF1 -- ZFP36 -- BIRC2 -- CFLAR -- CSF2 -- HSPB1 -- IKBKB -- STAT1 -- CDKN2A -- RIPK2 -- PPM1A -- PRKCE -- RHOA -- SOCS3 -- NGF -- MAP3K14 -- FGF7 -- SHC1 -- TNFRSF10B -- KRT18 -- IFNB1 -- PIAS2 -- HIP1 -- OTUD7B -- BAD -- CASP1 -- PEA15 -- FAF1 -- RPS6KA1
408,MAPK8 -- MAPK14 -- NFATC2 -- BCL2 -- CHUK -- NFKB1 -- MAPK1 -- E2F1 -- RELA -- JUN -- MYC -- IL23A -- RXRB -- VEGFA -- TP53 -- TRADD -- BIRC3 -- TRAF2 -- TRAF1 -- AR -- IL4 -- CSF2 -- HSPB1 -- IKBKB -- TERT -- STAT1 -- FBXO31 -- PPM1A -- FGF14 -- SHC1 -- SQSTM1 -- DAB2IP -- IFNB1 -- CASP8 -- BCL2L1 -- SMPD1 -- CASP1 -- ERBB2 -- MTOR -- FAF1 -- BAX -- CYCS -- NFE2L2 -- HIF1A -- TP63 -- UBE2D3
409,IL2 -- CHUK -- MAPK1 -- PAK2 -- RB1 -- MYC -- NFKBIA -- IL23A -- RXRB -- TNFRSF1A -- TNFAIP3 -- VEGFA -- ADAM17 -- EIF2AK2 -- CASP2 -- IRAK1 -- TNFRSF1B -- TRAF1 -- MAP3K1 -- ZFP36 -- ATM -- CFLAR -- HSPB1 -- CCND1 -- RIPK2 -- PPM1A -- SMURF2 -- PRKCE -- SOCS3 -- MAP3K14 -- FGF7 -- TNFRSF10B -- SQSTM1 -- DAB2IP -- IFNB1 -- PIAS2 -- IRF1 -- CASP8 -- BAD -- SMPD1 -- ERBB2 -- MTOR -- PEA15 -- PRNP -- BAX -- NFE2L2 -- HIF1A -- RPS6KA1
410,IL1B -- MAPK8 -- MAPK14 -- BCL2 -- NFKB1 -- PAK2 -- RB1 -- IL23A -- AKT1 -- RXRB -- TNFAIP3 -- ADAM17 -- TGFB1 -- TRADD -- CASP2 -- IRAK1 -- MAP4K4 -- CYLD -- ZFP36 -- AR -- BIRC2 -- ATM -- CSF2 -- HSPB1 -- IKBKB -- FBXO31 -- MAP2K7 -- PPM1A -- MAP3K14 -- FGF7 -- TNFRSF10B -- TNFRSF14 -- SQSTM1 -- DAB2IP -- IFNB1 -- CASP8 -- OTUD7B -- XIAP -- BAD -- ERBB2 -- MTOR -- PRNP -- BAX -- TP63 -- RPS6KA1
411,FADD -- IL1B -- MYD88 -- MAPK8 -- NFATC2 -- MAPK1 -- PAK2 -- MYC -- TNF -- TNFRSF1A -- TNFAIP3 -- SP1 -- TGFB1 -- RIPK1 -- EIF2AK2 -- CASP2 -- TRAF2 -- MAP3K1 -- ZFP36 -- ATM -- CFLAR -- IL4 -- TERT -- CDKN2A -- MAP2K7 -- PPM1A -- FASLG -- FGF14 -- SHC1 -- TNFRSF10B -- SQSTM1 -- DAB2IP -- PIAS2 -- IRF1 -- HIP1 -- CASP8 -- OTUD7B -- BAD -- BCL2L1 -- CASP7 -- SMPD1 -- MTOR -- FAF1 -- BAX -- IL16 -- HIF1A -- RPS6KA1
412,IL1B -- MYD88 -- CASP3 -- MAPK8 -- CHUK -- NFKB1 -- MAPK1 -- MAPK3 -- PAK2 -- JUN -- AKT1 -- TP53 -- TGFB1 -- BIRC3 -- IRAK1 -- TRAF1 -- MAP3K1 -- ZFP36 -- ATM -- IL4 -- CSF2 -- HSPB1 -- IKBKB -- STAT1 -- FBXO31 -- MAP2K7 -- FASLG -- SOCS3 -- NGF -- FGF14 -- MAP3K14 -- SHC1 -- TNFRSF14 -- IFNB1 -- IRF1 -- HIP1 -- CASP8 -- XIAP -- BAD -- SMPD1 -- ERBB2 -- PEA15 -- FAF1 -- PRNP -- BID -- CYCS -- NFE2L2 -- IL16 -- HIF1A -- TP63 -- RPS6KA1
413,FADD -- CASP3 -- MAPK8 -- NFATC2 -- BCL2 -- NFKB1 -- MAPK3 -- RELA -- JUN -- NFKBIA -- TNF -- IL23A -- TNFRSF1A -- SP1 -- VEGFA -- TP53 -- TGFB1 -- TRADD -- RIPK1 -- EIF2AK2 -- IRAK1 -- TRAF1 -- ZFP36 -- ATM -- IL4 -- HSPB1 -- IKBKB -- CDKN2A -- PPM1A -- FASLG -- RHOA -- NGF -- FGF14 -- FGF7 -- SHC1 -- IRF1 -- CASP8 -- XIAP -- BCL2L1 -- CASP1 -- ERBB2 -- BID -- CYCS -- NFE2L2 -- RPS6KA1
414,FADD -- IL1B -- MYD88 -- MAPK14 -- NFATC2 -- BCL2 -- NFKB1 -- MAPK1 -- MAPK3 -- RELA -- AKT1 -- RXRB -- TNFAIP3 -- ADAM17 -- TP53 -- TGFB1 -- EIF2AK2 -- BIRC3 -- TRAF2 -- AR -- BIRC2 -- ATM -- CFLAR -- IL4 -- CSF2 -- HSPB1 -- IKBKB -- FBXO31 -- CCND1 -- MAP2K7 -- RIPK2 -- PPM1A -- SMURF2 -- PRKCE -- NGF -- FGF14 -- MAP3K14 -- FGF7 -- KRT18 -- TNFRSF14 -- DAB2IP -- IRF1 -- RPAIN -- HIP1 -- CASP8 -- XIAP -- BCL2L1 -- CASP1 -- ERBB2 -- MTOR -- PRNP -- BID -- CYCS -- NFE2L2 -- IL16 -- HIF1A -- TP63 -- UBE2D3
415,IL1B -- MYD88 -- IL2 -- MAPK8 -- MAPK14 -- CHUK -- NFKB1 -- MAPK1 -- MAPK3 -- RELA -- PAK2 -- MYC -- TNF -- RXRB -- TNFRSF1A -- TNFAIP3 -- SP1 -- ADAM17 -- TP53 -- TRADD -- RIPK1 -- CASP2 -- BIRC3 -- IRAK1 -- MAP4K4 -- TRAF2 -- CYLD -- MAP3K1 -- AR -- ATM -- IL4 -- CSF2 -- HSPB1 -- TERT -- STAT1 -- CDKN2A -- CCND1 -- MAP2K7 -- RIPK2 -- PPM1A -- FASLG -- RHOA -- SOCS3 -- FGF14 -- KRT18 -- DAB2IP -- IFNB1 -- PIAS2 -- CASP8 -- BAD -- CASP7 -- MTOR -- PEA15 -- FAF1 -- CYCS -- NFE2L2 -- TP63
416,IL1B -- CASP3 -- MAPK14 -- CHUK -- E2F1 -- PAK2 -- RB1 -- JUN -- MYC -- TNF -- IL23A -- AKT1 -- RXRB -- TNFRSF1A -- ADAM17 -- TP53 -- TRADD -- RIPK1 -- CASP2 -- TNFRSF1B -- TRAF2 -- TRAF1 -- BIRC2 -- ATM -- HSPB1 -- IKBKB -- STAT1 -- FBXO31 -- RIPK2 -- PPM1A -- FASLG -- SOCS3 -- NGF -- FGF7 -- KRT18 -- TNFRSF14 -- IFNB1 -- PIAS2 -- RPAIN -- CASP8 -- OTUD7B -- XIAP -- SMPD1 -- CASP1 -- ERBB2 -- PEA15 -- BID -- CYCS -- HIF1A -- RPS6KA1
417,FADD -- IL1B -- MYD88 -- MAPK14 -- NFATC2 -- MAPK3 -- JUN -- NFKBIA -- TNF -- IL23A -- AKT1 -- SP1 -- VEGFA -- ADAM17 -- TP53 -- TGFB1 -- EIF2AK2 -- CASP2 -- BIRC3 -- IRAK1 -- TRAF1 -- MAP3K1 -- AR -- BIRC2 -- ATM -- CSF2 -- TERT -- STAT1 -- FBXO31 -- RIPK2 -- PPM1A -- SMURF2 -- PRKCE -- FASLG -- RHOA -- SOCS3 -- FGF7 -- SHC1 -- TNFRSF10B -- KRT18 -- TNFRSF14 -- SQSTM1 -- DAB2IP -- IRF1 -- HIP1 -- BAD -- CASP7 -- CASP1 -- ERBB2 -- MTOR -- PEA15 -- PRNP -- BID -- HIF1A -- TP63 -- RPS6KA1 -- UBE2D3
418,FADD -- IL1B -- CASP3 -- MAPK14 -- CHUK -- E2F1 -- PAK2 -- RB1 -- JUN -- IL23A -- AKT1 -- TNFRSF1A -- VEGFA -- TGFB1 -- TRADD -- EIF2AK2 -- CASP2 -- BIRC3 -- IRAK1 -- TNFRSF1B -- TRAF1 -- ZFP36 -- ATM -- CFLAR -- CSF2 -- HSPB1 -- IKBKB -- CDKN2A -- CCND1 -- MAP2K7 -- RIPK2 -- PPM1A -- SMURF2 -- PRKCE -- SOCS3 -- NGF -- MAP3K14 -- SHC1 -- TNFRSF10B -- KRT18 -- DAB2IP -- PIAS2 -- IRF1 -- RPAIN -- CASP8 -- BCL2L1 -- CASP7 -- SMPD1 -- CASP1 -- ERBB2 -- MTOR -- PEA15 -- BAX -- CYCS -- NFE2L2 -- IL16 -- TP63
419,IL1B -- IL2 -- MAPK8 -- BCL2 -- CHUK -- MAPK3 -- PAK2 -- RB1 -- NFKBIA -- IL23A -- RXRB -- TNFRSF1A -- ADAM17 -- TRADD -- IRAK1 -- MAP4K4 -- TNFRSF1B -- TRAF1 -- MAP3K1 -- ZFP36 -- AR -- BIRC2 -- ATM -- CFLAR -- STAT1 -- FBXO31 -- CCND1 -- MAP2K7 -- RIPK2 -- SMURF2 -- PRKCE -- FASLG -- SOCS3 -- MAP3K14 -- FGF7 -- SHC1 -- TNFRSF14 -- DAB2IP -- IFNB1 -- PIAS2 -- IRF1 -- OTUD7B -- XIAP -- BAD -- BCL2L1 -- SMPD1 -- CASP1 -- BID -- IL16 -- HIF1A -- TP63 -- RPS6KA1 -- UBE2D3
420,IL1B -- CASP3 -- MAPK14 -- NFATC2 -- CHUK -- MAPK1 -- MAPK3 -- RB1 -- JUN -- NFKBIA -- IL23A -- RXRB -- TNFRSF1A -- TNFAIP3 -- VEGFA -- TP53 -- RIPK1 -- CASP2 -- BIRC3 -- IRAK1 -- MAP4K4 -- TRAF1 -- AR -- BIRC2 -- TERT -- FBXO31 -- MAP2K7 -- PRKCE -- FASLG -- RHOA -- SOCS3 -- MAP3K14 -- FGF7 -- TNFRSF10B -- KRT18 -- TNFRSF14 -- IFNB1 -- RPAIN -- HIP1 -- CASP8 -- OTUD7B -- BAD -- CASP1 -- PEA15 -- PRNP -- BID -- TP63 -- RPS6KA1 -- UBE2D3
421,FADD -- MYD88 -- IL2 -- CASP3 -- BCL2 -- CHUK -- NFKB1 -- MAPK1 -- E2F1 -- RELA -- PAK2 -- JUN -- TNF -- TNFRSF1A -- VEGFA -- ADAM17 -- TGFB1 -- RIPK1 -- EIF2AK2 -- TNFRSF1B -- TRAF2 -- AR -- BIRC2 -- ATM -- CFLAR -- CSF2 -- IKBKB -- STAT1 -- CDKN2A -- MAP2K7 -- RIPK2 -- FASLG -- FGF14 -- MAP3K14 -- TNFRSF10B -- KRT18 -- IFNB1 -- CASP8 -- BCL2L1 -- CASP7 -- CASP1 -- BID -- CYCS -- IL16 -- HIF1A -- TP63 -- RPS6KA1 -- UBE2D3
422,IL1B -- MYD88 -- IL2 -- MAPK14 -- NFATC2 -- BCL2 -- NFKB1 -- MAPK3 -- E2F1 -- RELA -- NFKBIA -- TNFRSF1A -- SP1 -- TGFB1 -- TRADD -- CASP2 -- TNFRSF1B -- MAP3K1 -- CFLAR -- CSF2 -- STAT1 -- FBXO31 -- CCND1 -- PPM1A -- SMURF2 -- PRKCE -- SOCS3 -- NGF -- FGF7 -- SHC1 -- TNFRSF10B -- KRT18 -- SQSTM1 -- PIAS2 -- HIP1 -- CASP8 -- OTUD7B -- XIAP -- CASP1 -- ERBB2 -- PEA15 -- FAF1 -- PRNP -- CYCS -- NFE2L2 -- IL16 -- RPS6KA1 -- UBE2D3
423,FADD -- CASP3 -- NFKB1 -- MAPK1 -- PAK2 -- IL23A -- RXRB -- SP1 -- EIF2AK2 -- CASP2 -- BIRC3 -- IRAK1 -- MAP4K4 -- TNFRSF1B -- ZFP36 -- AR -- BIRC2 -- ATM -- CFLAR -- CSF2 -- STAT1 -- FBXO31 -- CCND1 -- RIPK2 -- FASLG -- RHOA -- SOCS3 -- FGF14 -- MAP3K14 -- KRT18 -- SQSTM1 -- IFNB1 -- HIP1 -- CASP8 -- XIAP -- BAD -- BCL2L1 -- CASP7 -- SMPD1 -- MTOR -- FAF1 -- PRNP -- BAX -- CYCS -- IL16 -- HIF1A -- TP63 -- RPS6KA1 -- UBE2D3
424,MYD88 -- IL2 -- CASP3 -- MAPK14 -- BCL2 -- RELA -- RB1 -- JUN -- MYC -- AKT1 -- RXRB -- TNFAIP3 -- TP53 -- TGFB1 -- EIF2AK2 -- BIRC3 -- MAP3K1 -- AR -- BIRC2 -- ATM -- IL4 -- CSF2 -- HSPB1 -- IKBKB -- TERT -- CDKN2A -- FBXO31 -- MAP2K7 -- PPM1A -- RHOA -- SOCS3 -- FGF14 -- FGF7 -- IFNB1 -- OTUD7B -- XIAP -- CASP7 -- BAX -- CYCS -- NFE2L2 -- HIF1A
425,FADD -- IL1B -- IL2 -- NFATC2 -- NFKB1 -- MAPK1 -- MAPK3 -- RELA -- JUN -- MYC -- TNF -- IL23A -- RXRB -- TNFAIP3 -- ADAM17 -- TP53 -- EIF2AK2 -- CASP2 -- BIRC3 -- IRAK1 -- TNFRSF1B -- ZFP36 -- AR -- BIRC2 -- ATM -- CSF2 -- CDKN2A -- FBXO31 -- CCND1 -- PPM1A -- PRKCE -- FASLG -- MAP3K14 -- SHC1 -- KRT18 -- TNFRSF14 -- SQSTM1 -- IRF1 -- RPAIN -- XIAP -- SMPD1 -- CASP1 -- MTOR -- PEA15 -- FAF1 -- PRNP -- CYCS -- TP63 -- RPS6KA1
426,FADD -- IL1B -- IL2 -- BCL2 -- CHUK -- NFKB1 -- MAPK1 -- E2F1 -- RB1 -- JUN -- MYC -- NFKBIA -- TNF -- IL23A -- AKT1 -- RXRB -- TNFRSF1A -- ADAM17 -- TP53 -- TRADD -- BIRC3 -- IRAK1 -- MAP4K4 -- TRAF1 -- AR -- BIRC2 -- CFLAR -- HSPB1 -- CDKN2A -- MAP2K7 -- RIPK2 -- SMURF2 -- PRKCE -- RHOA -- FGF7 -- SHC1 -- TNFRSF10B -- DAB2IP -- IFNB1 -- RPAIN -- HIP1 -- CASP8 -- XIAP -- BAD -- CASP1 -- FAF1 -- BAX -- NFE2L2 -- HIF1A -- UBE2D3
427,FADD -- MAPK8 -- MAPK14 -- BCL2 -- NFKB1 -- MAPK3 -- RELA -- PAK2 -- TNFRSF1A -- VEGFA -- TP53 -- BIRC3 -- MAP4K4 -- CYLD -- AR -- BIRC2 -- CFLAR -- IL4 -- HSPB1 -- TERT -- STAT1 -- FBXO31 -- PPM1A -- SMURF2 -- PRKCE -- RHOA -- FGF14 -- FGF7 -- SHC1 -- KRT18 -- IFNB1 -- RPAIN -- HIP1 -- CASP8 -- XIAP -- BAD -- BCL2L1 -- PEA15 -- NFE2L2 -- IL16 -- TP63 -- RPS6KA1
428,IL1B -- IL2 -- MAPK14 -- BCL2 -- NFKB1 -- MAPK1 -- RELA -- RB1 -- JUN -- RXRB -- TNFRSF1A -- TNFAIP3 -- SP1 -- VEGFA -- TP53 -- TGFB1 -- RIPK1 -- EIF2AK2 -- CASP2 -- TNFRSF1B -- TRAF2 -- TRAF1 -- ATM -- CFLAR -- CSF2 -- IKBKB -- STAT1 -- CDKN2A -- FBXO31 -- RIPK2 -- SMURF2 -- SOCS3 -- NGF -- FGF14 -- FGF7 -- SHC1 -- KRT18 -- TNFRSF14 -- SQSTM1 -- PIAS2 -- IRF1 -- RPAIN -- XIAP -- BAD -- CASP7 -- SMPD1 -- MTOR -- FAF1 -- BID -- BAX -- IL16 -- HIF1A -- TP63 -- RPS6KA1
429,MAPK3 -- E2F1 -- JUN -- NFKBIA -- TNF -- AKT1 -- RXRB -- TNFRSF1A -- SP1 -- ADAM17 -- TP53 -- TGFB1 -- RIPK1 -- BIRC3 -- IRAK1 -- TNFRSF1B -- TRAF2 -- TRAF1 -- MAP3K1 -- ZFP36 -- BIRC2 -- CSF2 -- IKBKB -- TERT -- STAT1 -- FBXO31 -- CCND1 -- MAP2K7 -- RIPK2 -- PPM1A -- FASLG -- RHOA -- FGF14 -- MAP3K14 -- TNFRSF10B -- KRT18 -- TNFRSF14 -- IRF1 -- CASP8 -- OTUD7B -- BAD -- SMPD1 -- PEA15 -- FAF1 -- CYCS -- NFE2L2 -- IL16 -- HIF1A -- TP63
430,FADD -- IL2 -- CASP3 -- MAPK8 -- NFATC2 -- BCL2 -- CHUK -- E2F1 -- RB1 -- MYC -- NFKBIA -- TNF -- AKT1 -- TNFAIP3 -- SP1 -- VEGFA -- TP53 -- TGFB1 -- TRADD -- EIF2AK2 -- CASP2 -- BIRC3 -- IRAK1 -- MAP4K4 -- CYLD -- MAP3K1 -- BIRC2 -- CFLAR -- CSF2 -- IKBKB -- STAT1 -- CDKN2A -- FBXO31 -- MAP2K7 -- PPM1A -- RHOA -- NGF -- SHC1 -- TNFRSF10B -- TNFRSF14 -- IFNB1 -- PIAS2 -- CASP8 -- BCL2L1 -- CASP7 -- CASP1 -- ERBB2 -- MTOR -- PRNP -- BID -- BAX -- CYCS -- NFE2L2
431,IL2 -- CASP3 -- MAPK14 -- NFKB1 -- E2F1 -- RELA -- PAK2 -- MYC -- NFKBIA -- TNF -- SP1 -- VEGFA -- RIPK1 -- EIF2AK2 -- IRAK1 -- MAP4K4 -- TNFRSF1B -- CYLD -- TRAF1 -- ZFP36 -- AR -- CFLAR -- IKBKB -- TERT -- CDKN2A -- FBXO31 -- MAP2K7 -- RIPK2 -- PPM1A -- PRKCE -- FASLG -- RHOA -- SOCS3 -- FGF14 -- FGF7 -- SHC1 -- KRT18 -- DAB2IP -- PIAS2 -- IRF1 -- RPAIN -- HIP1 -- CASP8 -- OTUD7B -- CASP7 -- SMPD1 -- CASP1 -- ERBB2 -- PEA15 -- FAF1 -- BID -- BAX -- CYCS -- IL16 -- TP63
432,IL1B -- MYD88 -- IL2 -- CASP3 -- MAPK8 -- MAPK14 -- NFATC2 -- BCL2 -- NFKB1 -- MAPK1 -- E2F1 -- JUN -- IL23A -- TNFAIP3 -- SP1 -- ADAM17 -- TGFB1 -- EIF2AK2 -- CASP2 -- CYLD -- MAP3K1 -- ZFP36 -- AR -- IL4 -- CSF2 -- IKBKB -- TERT -- MAP2K7 -- RIPK2 -- RHOA -- FGF14 -- MAP3K14 -- FGF7 -- SHC1 -- TNFRSF14 -- SQSTM1 -- PIAS2 -- IRF1 -- RPAIN -- HIP1 -- CASP8 -- OTUD7B -- CASP1 -- ERBB2 -- PEA15 -- FAF1 -- PRNP -- BAX -- CYCS -- NFE2L2
433,IL1B -- CASP3 -- NFKB1 -- MAPK1 -- MAPK3 -- E2F1 -- PAK2 -- RB1 -- JUN -- NFKBIA -- IL23A -- AKT1 -- RXRB -- TNFRSF1A -- SP1 -- ADAM17 -- TP53 -- TGFB1 -- RIPK1 -- IRAK1 -- TRAF2 -- CYLD -- TRAF1 -- MAP3K1 -- AR -- BIRC2 -- HSPB1 -- IKBKB -- TERT -- CCND1 -- FASLG -- SOCS3 -- NGF -- MAP3K14 -- TNFRSF10B -- SQSTM1 -- CASP8 -- XIAP -- BAD -- BCL2L1 -- CASP1 -- ERBB2 -- PEA15 -- FAF1 -- BID -- CYCS -- NFE2L2 -- IL16 -- HIF1A -- TP63
434,IL1B -- CASP3 -- MAPK8 -- MAPK14 -- PAK2 -- MYC -- NFKBIA -- AKT1 -- RXRB -- TNFAIP3 -- TP53 -- TRADD -- RIPK1 -- IRAK1 -- TNFRSF1B -- MAP3K1 -- AR -- BIRC2 -- CFLAR -- CSF2 -- HSPB1 -- TERT -- STAT1 -- CDKN2A -- FBXO31 -- MAP2K7 -- PPM1A -- PRKCE -- FASLG -- SOCS3 -- NGF -- MAP3K14 -- SHC1 -- TNFRSF14 -- SQSTM1 -- DAB2IP -- CASP8 -- OTUD7B -- XIAP -- BAD -- BCL2L1 -- ERBB2 -- MTOR -- PEA15 -- PRNP -- BAX -- CYCS -- IL16 -- UBE2D3
435,IL1B -- MYD88 -- MAPK14 -- NFATC2 -- NFKB1 -- MAPK1 -- RELA -- PAK2 -- RB1 -- JUN -- TNF -- AKT1 -- TP53 -- TRADD -- EIF2AK2 -- CASP2 -- TRAF2 -- TRAF1 -- ATM -- CFLAR -- IL4 -- HSPB1 -- IKBKB -- STAT1 -- CDKN2A -- FBXO31 -- PPM1A -- FASLG -- RHOA -- NGF -- FGF14 -- FGF7 -- SHC1 -- KRT18 -- IFNB1 -- IRF1 -- XIAP -- BCL2L1 -- CASP7 -- SMPD1 -- CASP1 -- ERBB2 -- PEA15 -- FAF1 -- CYCS -- NFE2L2 -- TP63 -- RPS6KA1
436,IL1B -- MYD88 -- CASP3 -- MAPK8 -- MAPK14 -- NFATC2 -- BCL2 -- CHUK -- MAPK1 -- MAPK3 -- RB1 -- NFKBIA -- TNF -- AKT1 -- TNFRSF1A -- TNFAIP3 -- VEGFA -- TGFB1 -- TRADD -- RIPK1 -- CASP2 -- BIRC3 -- CYLD -- TRAF1 -- AR -- ATM -- HSPB1 -- TERT -- STAT1 -- CDKN2A -- MAP2K7 -- RIPK2 -- PPM1A -- SMURF2 -- PRKCE -- FASLG -- FGF7 -- TNFRSF10B -- IFNB1 -- HIP1 -- CASP8 -- OTUD7B -- BAD -- BCL2L1 -- SMPD1 -- CASP1 -- PEA15 -- FAF1 -- NFE2L2 -- TP63
437,IL2 -- CASP3 -- MAPK8 -- MAPK14 -- BCL2 -- CHUK -- MAPK1 -- PAK2 -- MYC -- NFKBIA -- RXRB -- TNFRSF1A -- ADAM17 -- TP53 -- TGFB1 -- RIPK1 -- CASP2 -- MAP4K4 -- TNFRSF1B -- TRAF2 -- CYLD -- ZFP36 -- BIRC2 -- IL4 -- CSF2 -- HSPB1 -- TERT -- STAT1 -- CDKN2A -- CCND1 -- RIPK2 -- PPM1A -- SMURF2 -- FASLG -- RHOA -- FGF14 -- MAP3K14 -- KRT18 -- DAB2IP -- RPAIN -- HIP1 -- BAD -- CASP7 -- CASP1 -- PRNP -- CYCS -- NFE2L2 -- HIF1A -- RPS6KA1 -- UBE2D3
438,FADD -- MYD88 -- MAPK14 -- NFATC2 -- BCL2 -- NFKB1 -- MAPK3 -- RELA -- PAK2 -- JUN -- MYC -- AKT1 -- TNFRSF1A -- TNFAIP3 -- SP1 -- TP53 -- TGFB1 -- TRADD -- EIF2AK2 -- MAP4K4 -- TNFRSF1B -- TRAF1 -- MAP3K1 -- AR -- CSF2 -- HSPB1 -- IKBKB -- STAT1 -- CDKN2A -- CCND1 -- MAP2K7 -- RIPK2 -- PPM1A -- PRKCE -- FASLG -- RHOA -- NGF -- FGF14 -- SHC1 -- KRT18 -- TNFRSF14 -- DAB2IP -- IRF1 -- BAD -- SMPD1 -- BAX -- NFE2L2 -- IL16 -- TP63
439,FADD -- IL2 -- CASP3 -- MAPK8 -- BCL2 -- CHUK -- NFKB1 -- MAPK1 -- E2F1 -- RELA -- JUN -- MYC -- NFKBIA -- TNF -- RXRB -- SP1 -- VEGFA -- ADAM17 -- TP53 -- TGFB1 -- TRADD -- RIPK1 -- EIF2AK2 -- CASP2 -- IRAK1 -- TNFRSF1B -- MAP3K1 -- AR -- CFLAR -- IKBKB -- STAT1 -- CCND1 -- RIPK2 -- PPM1A -- SMURF2 -- FASLG -- NGF -- FGF14 -- FGF7 -- SHC1 -- TNFRSF10B -- TNFRSF14 -- PIAS2 -- RPAIN -- CASP8 -- XIAP -- BAD -- BCL2L1 -- CASP7 -- ERBB2 -- MTOR -- PEA15 -- FAF1 -- BAX -- NFE2L2 -- IL16 -- RPS6KA1 -- UBE2D3
440,MAPK8 -- MAPK14 -- NFATC2 -- BCL2 -- MAPK1 -- PAK2 -- RB1 -- NFKBIA -- IL23A -- AKT1 -- TNFAIP3 -- SP1 -- TGFB1 -- TRADD -- EIF2AK2 -- CASP2 -- BIRC3 -- IRAK1 -- MAP4K4 -- TNFRSF1B -- TRAF2 -- TRAF1 -- MAP3K1 -- ZFP36 -- BIRC2 -- CFLAR -- HSPB1 -- IKBKB -- SMURF2 -- PRKCE -- SOCS3 -- NGF -- FGF14 -- MAP3K14 -- FGF7 -- SHC1 -- TNFRSF10B -- KRT18 -- TNFRSF14 -- SQSTM1 -- RPAIN -- CASP8 -- XIAP -- BCL2L1 -- SMPD1 -- ERBB2 -- MTOR -- FAF1 -- PRNP -- BID -- BAX -- CYCS
441,FADD -- IL2 -- CASP3 -- MAPK8 -- BCL2 -- CHUK -- NFKB1 -- MAPK3 -- E2F1 -- RELA -- PAK2 -- JUN -- MYC -- NFKBIA -- TNF -- AKT1 -- RXRB -- TNFRSF1A -- SP1 -- VEGFA -- TGFB1 -- RIPK1 -- BIRC3 -- MAP4K4 -- TNFRSF1B -- TRAF2 -- CYLD -- MAP3K1 -- BIRC2 -- CFLAR -- HSPB1 -- IKBKB -- TERT -- FBXO31 -- CCND1 -- PPM1A -- SMURF2 -- RHOA -- SOCS3 -- MAP3K14 -- SHC1 -- KRT18 -- SQSTM1 -- IFNB1 -- IRF1 -- RPAIN -- HIP1 -- BAD -- BCL2L1 -- SMPD1 -- CASP1 -- ERBB2 -- MTOR -- PEA15 -- BID -- HIF1A -- UBE2D3
442,FADD -- MYD88 -- IL2 -- CASP3 -- MAPK14 -- NFATC2 -- NFKB1 -- MAPK1 -- MAPK3 -- PAK2 -- RB1 -- JUN -- MYC -- NFKBIA -- AKT1 -- VEGFA -- TP53 -- TGFB1 -- RIPK1 -- EIF2AK2 -- IRAK1 -- MAP4K4 -- TRAF1 -- BIRC2 -- IL4 -- CSF2 -- HSPB1 -- TERT -- CDKN2A -- FBXO31 -- CCND1 -- MAP2K7 -- PPM1A -- SMURF2 -- FASLG -- RHOA -- SOCS3 -- NGF -- SHC1 -- TNFRSF10B -- KRT18 -- SQSTM1 -- PIAS2 -- HIP1 -- OTUD7B -- XIAP -- CASP7 -- CASP1 -- ERBB2 -- PRNP -- BID -- BAX -- CYCS -- NFE2L2 -- IL16 -- RPS6KA1 -- UBE2D3
443,FADD -- IL2 -- CASP3 -- MAPK14 -- BCL2 -- CHUK -- NFKB1 -- MAPK3 -- E2F1 -- RELA -- PAK2 -- JUN -- MYC -- NFKBIA -- TNF -- AKT1 -- TNFRSF1A -- TNFAIP3 -- SP1 -- ADAM17 -- EIF2AK2 -- BIRC3 -- IRAK1 -- MAP4K4 -- TNFRSF1B -- CYLD -- TRAF1 -- MAP3K1 -- IL4 -- CSF2 -- IKBKB -- FBXO31 -- PPM1A -- SMURF2 -- FASLG -- RHOA -- FGF14 -- MAP3K14 -- TNFRSF10B -- TNFRSF14 -- IFNB1 -- PIAS2 -- RPAIN -- BAD -- CASP7 -- CASP1 -- ERBB2 -- MTOR -- PEA15 -- BAX -- CYCS -- NFE2L2 -- IL16 -- TP63
444,FADD -- IL1B -- IL2 -- MAPK8 -- MAPK14 -- CHUK -- NFKB1 -- MAPK1 -- RELA -- PAK2 -- RB1 -- JUN -- IL23A -- AKT1 -- TNFRSF1A -- TNFAIP3 -- SP1 -- VEGFA -- TRADD -- RIPK1 -- EIF2AK2 -- CASP2 -- BIRC3 -- IRAK1 -- TRAF1 -- ZFP36 -- CFLAR -- IL4 -- CSF2 -- IKBKB -- TERT -- STAT1 -- RIPK2 -- FASLG -- FGF14 -- FGF7 -- KRT18 -- SQSTM1 -- DAB2IP -- PIAS2 -- HIP1 -- ERBB2 -- PEA15 -- CYCS -- IL16 -- TP63 -- UBE2D3
445,FADD -- IL1B -- IL2 -- MAPK14 -- NFATC2 -- NFKB1 -- MAPK1 -- E2F1 -- RELA -- PAK2 -- RB1 -- TNFRSF1A -- VEGFA -- TP53 -- TGFB1 -- CASP2 -- MAP4K4 -- TNFRSF1B -- TRAF2 -- TRAF1 -- MAP3K1 -- ZFP36 -- ATM -- HSPB1 -- IKBKB -- TERT -- STAT1 -- CDKN2A -- FBXO31 -- RHOA -- TNFRSF10B -- KRT18 -- SQSTM1 -- IFNB1 -- PIAS2 -- IRF1 -- CASP8 -- OTUD7B -- XIAP -- BAD -- ERBB2 -- MTOR -- PEA15 -- FAF1 -- PRNP -- IL16 -- TP63 -- UBE2D3
446,IL1B -- CASP3 -- MAPK14 -- NFATC2 -- MAPK1 -- RELA -- JUN -- MYC -- TNF -- AKT1 -- TNFRSF1A -- TNFAIP3 -- SP1 -- ADAM17 -- TGFB1 -- TRADD -- EIF2AK2 -- BIRC3 -- IRAK1 -- TNFRSF1B -- TRAF2 -- CYLD -- BIRC2 -- ATM -- CFLAR -- IL4 -- CSF2 -- TERT -- CDKN2A -- FBXO31 -- CCND1 -- SMURF2 -- PRKCE -- FASLG -- FGF14 -- MAP3K14 -- SQSTM1 -- IFNB1 -- PIAS2 -- RPAIN -- HIP1 -- OTUD7B -- XIAP -- BCL2L1 -- CASP7 -- SMPD1 -- CASP1 -- ERBB2 -- PEA15 -- CYCS -- NFE2L2 -- TP63 -- RPS6KA1
447,MYD88 -- IL2 -- CASP3 -- MAPK8 -- MAPK14 -- CHUK -- PAK2 -- MYC -- TNF -- AKT1 -- RXRB -- TNFAIP3 -- ADAM17 -- TP53 -- RIPK1 -- IRAK1 -- MAP4K4 -- TRAF2 -- TRAF1 -- AR -- ATM -- CFLAR -- IL4 -- CSF2 -- HSPB1 -- TERT -- STAT1 -- CCND1 -- SMURF2 -- PRKCE -- SOCS3 -- FGF14 -- MAP3K14 -- FGF7 -- TNFRSF10B -- KRT18 -- TNFRSF14 -- SQSTM1 -- PIAS2 -- XIAP -- BCL2L1 -- CASP1 -- ERBB2 -- PEA15 -- PRNP -- BID -- BAX -- NFE2L2 -- HIF1A -- TP63
448,IL1B -- MYD88 -- MAPK8 -- MAPK14 -- NFKB1 -- MAPK1 -- RB1 -- MYC -- NFKBIA -- TNF -- IL23A -- RXRB -- SP1 -- TP53 -- EIF2AK2 -- BIRC3 -- IRAK1 -- MAP4K4 -- TRAF2 -- TRAF1 -- MAP3K1 -- AR -- BIRC2 -- CFLAR -- IL4 -- CDKN2A -- FBXO31 -- CCND1 -- RIPK2 -- SMURF2 -- PRKCE -- SOCS3 -- NGF -- FGF14 -- MAP3K14 -- SHC1 -- TNFRSF10B -- DAB2IP -- RPAIN -- CASP8 -- XIAP -- CASP1 -- PEA15 -- BID -- BAX -- HIF1A -- RPS6KA1
449,IL1B -- MYD88 -- IL2 -- CASP3 -- MAPK14 -- BCL2 -- CHUK -- NFKB1 -- MAPK1 -- MAPK3 -- E2F1 -- RB1 -- JUN -- NFKBIA -- TNF -- AKT1 -- TNFAIP3 -- VEGFA -- TP53 -- TRADD -- EIF2AK2 -- CASP2 -- BIRC3 -- MAP4K4 -- TNFRSF1B -- MAP3K1 -- AR -- BIRC2 -- ATM -- CFLAR -- IL4 -- CSF2 -- HSPB1 -- TERT -- FBXO31 -- MAP2K7 -- SMURF2 -- PRKCE -- FASLG -- SOCS3 -- NGF -- MAP3K14 -- FGF7 -- SQSTM1 -- IFNB1 -- OTUD7B -- XIAP -- MTOR -- FAF1 -- PRNP -- CYCS -- NFE2L2 -- HIF1A
450,CASP3 -- MAPK8 -- MAPK14 -- NFATC2 -- BCL2 -- MAPK1 -- E2F1 -- RELA -- RB1 -- NFKBIA -- SP1 -- ADAM17 -- RIPK1 -- BIRC3 -- TNFRSF1B -- TRAF2 -- MAP3K1 -- AR -- CFLAR -- HSPB1 -- IKBKB -- CCND1 -- RIPK2 -- PRKCE -- FASLG -- SOCS3 -- NGF -- KRT18 -- TNFRSF14 -- DAB2IP -- PIAS2 -- RPAIN -- CASP8 -- BAD -- CASP7 -- SMPD1 -- CASP1 -- ERBB2 -- FAF1 -- PRNP -- NFE2L2 -- IL16 -- HIF1A -- RPS6KA1
451,FADD -- MYD88 -- IL2 -- CASP3 -- MAPK8 -- MAPK14 -- BCL2 -- NFKB1 -- MAPK1 -- MAPK3 -- E2F1 -- RB1 -- MYC -- NFKBIA -- IL23A -- RXRB -- TNFAIP3 -- SP1 -- TP53 -- CASP2 -- BIRC3 -- MAP4K4 -- TRAF1 -- MAP3K1 -- AR -- ATM -- CSF2 -- IKBKB -- STAT1 -- CDKN2A -- FBXO31 -- CCND1 -- RIPK2 -- FASLG -- FGF7 -- TNFRSF14 -- DAB2IP -- IFNB1 -- IRF1 -- HIP1 -- OTUD7B -- XIAP -- BAD -- BCL2L1 -- SMPD1 -- BID -- BAX -- CYCS -- NFE2L2 -- IL16 -- HIF1A -- TP63
452,FADD -- IL1B -- IL2 -- CASP3 -- MAPK8 -- MAPK14 -- CHUK -- MAPK3 -- E2F1 -- RELA -- RB1 -- NFKBIA -- TNF -- IL23A -- RXRB -- TNFAIP3 -- SP1 -- TGFB1 -- TRADD -- RIPK1 -- CASP2 -- TNFRSF1B -- TRAF2 -- CYLD -- ZFP36 -- AR -- ATM -- IL4 -- HSPB1 -- IKBKB -- TERT -- STAT1 -- FBXO31 -- CCND1 -- PPM1A -- PRKCE -- SOCS3 -- NGF -- FGF14 -- MAP3K14 -- FGF7 -- TNFRSF14 -- SQSTM1 -- IFNB1 -- PIAS2 -- RPAIN -- XIAP -- CASP7 -- SMPD1 -- MTOR -- PEA15 -- FAF1 -- PRNP -- BAX -- CYCS -- IL16 -- HIF1A -- RPS6KA1 -- UBE2D3
453,FADD -- CHUK -- NFKB1 -- MAPK1 -- MAPK3 -- E2F1 -- RELA -- MYC -- RXRB -- TRADD -- IRAK1 -- MAP4K4 -- TNFRSF1B -- TRAF1 -- MAP3K1 -- ZFP36 -- ATM -- CFLAR -- IL4 -- CSF2 -- HSPB1 -- TERT -- STAT1 -- CDKN2A -- CCND1 -- MAP2K7 -- SMURF2 -- SOCS3 -- NGF -- FGF14 -- SHC1 -- KRT18 -- SQSTM1 -- DAB2IP -- IRF1 -- RPAIN -- CASP8 -- OTUD7B -- XIAP -- BAD -- CASP7 -- ERBB2 -- PRNP -- BID -- CYCS -- IL16 -- HIF1A -- RPS6KA1 -- UBE2D3
454,IL2 -- CASP3 -- MAPK8 -- MAPK14 -- NFATC2 -- BCL2 -- MAPK3 -- E2F1 -- RELA -- PAK2 -- RB1 -- MYC -- AKT1 -- RXRB -- TRADD -- EIF2AK2 -- TNFRSF1B -- CYLD -- MAP3K1 -- ZFP36 -- AR -- ATM -- CFLAR -- IL4 -- IKBKB -- STAT1 -- CDKN2A -- CCND1 -- MAP2K7 -- RIPK2 -- SMURF2 -- RHOA -- NGF -- FGF7 -- SHC1 -- TNFRSF10B -- DAB2IP -- PIAS2 -- IRF1 -- RPAIN -- XIAP -- BCL2L1 -- CASP7 -- CASP1 -- ERBB2 -- BAX -- CYCS -- NFE2L2 -- IL16 -- RPS6KA1
455,MYD88 -- IL2 -- MAPK8 -- NFATC2 -- NFKB1 -- MAPK1 -- MAPK3 -- RELA -- PAK2 -- RB1 -- NFKBIA -- AKT1 -- TNFRSF1A -- SP1 -- VEGFA -- ADAM17 -- TGFB1 -- RIPK1 -- EIF2AK2 -- IRAK1 -- MAP4K4 -- TRAF2 -- CYLD -- TRAF1 -- MAP3K1 -- ZFP36 -- BIRC2 -- ATM -- CFLAR -- IL4 -- HSPB1 -- TERT -- STAT1 -- CDKN2A -- FBXO31 -- MAP2K7 -- RIPK2 -- PPM1A -- SMURF2 -- RHOA -- SOCS3 -- SHC1 -- TNFRSF14 -- DAB2IP -- IFNB1 -- PIAS2 -- IRF1 -- RPAIN -- CASP8 -- BCL2L1 -- SMPD1 -- BID -- CYCS -- NFE2L2 -- HIF1A -- TP63 -- RPS6KA1 -- UBE2D3
456,FADD -- IL2 -- CASP3 -- MAPK8 -- MAPK14 -- NFATC2 -- NFKB1 -- MAPK1 -- E2F1 -- RELA -- RB1 -- JUN -- MYC -- NFKBIA -- VEGFA -- ADAM17 -- TGFB1 -- CASP2 -- BIRC3 -- TRAF2 -- ATM -- CFLAR -- STAT1 -- CDKN2A -- RIPK2 -- FASLG -- FGF7 -- SHC1 -- TNFRSF10B -- KRT18 -- PIAS2 -- HIP1 -- OTUD7B -- XIAP -- BAD -- CASP7 -- SMPD1 -- CASP1 -- FAF1 -- BAX -- CYCS -- NFE2L2 -- HIF1A -- TP63 -- RPS6KA1 -- UBE2D3
457,MYD88 -- IL2 -- CASP3 -- MAPK14 -- NFATC2 -- BCL2 -- CHUK -- NFKB1 -- MAPK1 -- MAPK3 -- E2F1 -- RELA -- RB1 -- MYC -- RXRB -- TNFAIP3 -- SP1 -- VEGFA -- ADAM17 -- TP53 -- TGFB1 -- TRADD -- RIPK1 -- EIF2AK2 -- BIRC3 -- IRAK1 -- TRAF2 -- TRAF1 -- ZFP36 -- BIRC2 -- ATM -- CFLAR -- IL4 -- CSF2 -- IKBKB -- CCND1 -- MAP2K7 -- RIPK2 -- SMURF2 -- PRKCE -- FASLG -- SOCS3 -- NGF -- MAP3K14 -- FGF7 -- KRT18 -- TNFRSF14 -- SQSTM1 -- IFNB1 -- IRF1 -- RPAIN -- CASP8 -- OTUD7B -- BCL2L1 -- SMPD1 -- CASP1 -- MTOR -- PEA15 -- FAF1 -- CYCS -- TP63 -- RPS6KA1
458,MYD88 -- IL2 -- MAPK14 -- NFATC2 -- CHUK -- NFKB1 -- E2F1 -- RELA -- PAK2 -- RB1 -- JUN -- MYC -- RXRB -- ADAM17 -- TP53 -- TRADD -- EIF2AK2 -- CASP2 -- IRAK1 -- TNFRSF1B -- TRAF2 -- CYLD -- MAP3K1 -- ZFP36 -- ATM -- IL4 -- HSPB1 -- STAT1 -- CDKN2A -- FBXO31 -- PPM1A -- FASLG -- SOCS3 -- FGF7 -- SHC1 -- IFNB1 -- PIAS2 -- IRF1 -- HIP1 -- CASP8 -- OTUD7B -- XIAP -- BAD -- MTOR -- PEA15 -- PRNP -- BAX -- IL16 -- TP63 -- UBE2D3
459,MYD88 -- IL2 -- CASP3 -- MAPK8 -- BCL2 -- NFKB1 -- E2F1 -- PAK2 -- RB1 -- JUN -- MYC -- NFKBIA -- IL23A -- TNFRSF1A -- TP53 -- TRADD -- RIPK1 -- EIF2AK2 -- MAP4K4 -- TNFRSF1B -- CYLD -- MAP3K1 -- ZFP36 -- ATM -- CFLAR -- HSPB1 -- IKBKB -- STAT1 -- CDKN2A -- FBXO31 -- RIPK2 -- SMURF2 -- PRKCE -- FASLG -- FGF14 -- MAP3K14 -- FGF7 -- IFNB1 -- PIAS2 -- IRF1 -- RPAIN -- HIP1 -- CASP8 -- XIAP -- BAD -- CASP1 -- ERBB2 -- MTOR -- PEA15 -- BAX -- NFE2L2 -- IL16 -- HIF1A -- TP63 -- RPS6KA1 -- UBE2D3
460,FADD -- MYD88 -- IL2 -- CASP3 -- MAPK8 -- NFATC2 -- BCL2 -- CHUK -- NFKB1 -- MAPK3 -- RELA -- JUN -- MYC -- NFKBIA -- TNF -- IL23A -- AKT1 -- RXRB -- TNFAIP3 -- ADAM17 -- TGFB1 -- TRADD -- RIPK1 -- IRAK1 -- MAP4K4 -- TNFRSF1B -- TRAF2 -- CYLD -- TRAF1 -- MAP3K1 -- ATM -- CFLAR -- CSF2 -- HSPB1 -- IKBKB -- TERT -- STAT1 -- CDKN2A -- FBXO31 -- CCND1 -- MAP2K7 -- RIPK2 -- PRKCE -- FASLG -- RHOA -- SOCS3 -- FGF14 -- FGF7 -- SHC1 -- KRT18 -- TNFRSF14 -- SQSTM1 -- DAB2IP -- PIAS2 -- IRF1 -- RPAIN -- CASP8 -- OTUD7B -- XIAP -- BCL2L1 -- SMPD1 -- CASP1 -- ERBB2 -- FAF1 -- PRNP -- BAX -- IL16 -- TP63
461,FADD -- CASP3 -- NFATC2 -- BCL2 -- CHUK -- NFKB1 -- E2F1 -- RB1 -- NFKBIA -- AKT1 -- RXRB -- TNFRSF1A -- SP1 -- VEGFA -- ADAM17 -- TP53 -- TGFB1 -- TRADD -- EIF2AK2 -- MAP4K4 -- AR -- BIRC2 -- CFLAR -- HSPB1 -- IKBKB -- STAT1 -- CCND1 -- RIPK2 -- FASLG -- RHOA -- NGF -- MAP3K14 -- FGF7 -- TNFRSF10B -- TNFRSF14 -- DAB2IP -- IFNB1 -- IRF1 -- RPAIN -- CASP8 -- OTUD7B -- SMPD1 -- CASP1 -- PEA15 -- PRNP -- BID -- IL16 -- HIF1A -- TP63 -- UBE2D3
462,FADD -- IL1B -- MYD88 -- CASP3 -- NFATC2 -- BCL2 -- MAPK1 -- MAPK3 -- PAK2 -- RB1 -- JUN -- NFKBIA -- TNF -- SP1 -- VEGFA -- ADAM17 -- TGFB1 -- TRADD -- EIF2AK2 -- IRAK1 -- TRAF2 -- TRAF1 -- MAP3K1 -- ZFP36 -- BIRC2 -- IL4 -- CSF2 -- IKBKB -- MAP2K7 -- SMURF2 -- PRKCE -- SOCS3 -- MAP3K14 -- FGF7 -- SHC1 -- TNFRSF10B -- IFNB1 -- PIAS2 -- HIP1 -- CASP8 -- OTUD7B -- SMPD1 -- CASP1 -- ERBB2 -- BID -- BAX -- IL16 -- HIF1A -- TP63
463,FADD -- IL1B -- IL2 -- MAPK8 -- MAPK14 -- NFATC2 -- BCL2 -- NFKB1 -- MAPK3 -- E2F1 -- PAK2 -- MYC -- NFKBIA -- TNFRSF1A -- SP1 -- VEGFA -- TP53 -- TGFB1 -- TRADD -- RIPK1 -- MAP4K4 -- TNFRSF1B -- TRAF2 -- CYLD -- AR -- BIRC2 -- ATM -- CSF2 -- HSPB1 -- TERT -- CDKN2A -- FBXO31 -- MAP2K7 -- FASLG -- SOCS3 -- NGF -- FGF14 -- SHC1 -- TNFRSF14 -- SQSTM1 -- DAB2IP -- IFNB1 -- PIAS2 -- IRF1 -- HIP1 -- CASP8 -- OTUD7B -- BAD -- SMPD1 -- CASP1 -- MTOR -- BID -- CYCS -- NFE2L2 -- IL16 -- UBE2D3
464,FADD -- IL1B -- MAPK14 -- BCL2 -- CHUK -- MAPK3 -- E2F1 -- MYC -- NFKBIA -- RXRB -- TNFRSF1A -- VEGFA -- TP53 -- TRADD -- RIPK1 -- EIF2AK2 -- CASP2 -- IRAK1 -- TNFRSF1B -- TRAF2 -- CYLD -- ZFP36 -- CFLAR -- IL4 -- IKBKB -- TERT -- FBXO31 -- SMURF2 -- NGF -- SHC1 -- KRT18 -- TNFRSF14 -- SQSTM1 -- DAB2IP -- PIAS2 -- BCL2L1 -- CASP7 -- MTOR -- FAF1 -- PRNP -- BAX -- NFE2L2 -- IL16 -- HIF1A -- TP63 -- RPS6KA1 -- UBE2D3
465,FADD -- IL1B -- MYD88 -- IL2 -- MAPK8 -- NFATC2 -- CHUK -- MAPK1 -- MAPK3 -- RELA -- PAK2 -- JUN -- NFKBIA -- RXRB -- TNFRSF1A -- CASP2 -- IRAK1 -- MAP4K4 -- CYLD -- TRAF1 -- MAP3K1 -- ATM -- CFLAR -- IL4 -- HSPB1 -- IKBKB -- TERT -- STAT1 -- CDKN2A -- CCND1 -- MAP2K7 -- FASLG -- SOCS3 -- FGF14 -- MAP3K14 -- FGF7 -- KRT18 -- IFNB1 -- PIAS2 -- XIAP -- BAD -- BCL2L1 -- SMPD1 -- CASP1 -- MTOR -- PEA15 -- PRNP -- BID -- IL16 -- TP63
466,FADD -- MYD88 -- MAPK8 -- MAPK14 -- BCL2 -- CHUK -- MAPK1 -- E2F1 -- RELA -- MYC -- TNF -- AKT1 -- RXRB -- TRADD -- RIPK1 -- CASP2 -- IRAK1 -- MAP4K4 -- TNFRSF1B -- TRAF2 -- MAP3K1 -- ATM -- IKBKB -- MAP2K7 -- RIPK2 -- PRKCE -- NGF -- SHC1 -- TNFRSF14 -- IFNB1 -- PIAS2 -- BAD -- SMPD1 -- CASP1 -- ERBB2 -- MTOR -- PEA15 -- PRNP -- BID -- CYCS -- NFE2L2 -- HIF1A -- TP63 -- RPS6KA1 -- UBE2D3
467,FADD -- IL2 -- MAPK8 -- BCL2 -- PAK2 -- MYC -- TNF -- IL23A -- RXRB -- TNFAIP3 -- ADAM17 -- TP53 -- RIPK1 -- BIRC3 -- IRAK1 -- ZFP36 -- BIRC2 -- IL4 -- IKBKB -- MAP2K7 -- RIPK2 -- PRKCE -- TNFRSF10B -- KRT18 -- DAB2IP -- IFNB1 -- RPAIN -- CASP8 -- OTUD7B -- CASP7 -- MTOR -- PEA15 -- FAF1 -- BID -- CYCS -- IL16 -- HIF1A -- TP63
468,FADD -- IL1B -- IL2 -- CASP3 -- MAPK8 -- NFATC2 -- NFKB1 -- MAPK1 -- MAPK3 -- E2F1 -- RELA -- RB1 -- MYC -- NFKBIA -- AKT1 -- RXRB -- VEGFA -- TP53 -- TRADD -- RIPK1 -- CASP2 -- MAP4K4 -- TNFRSF1B -- TRAF2 -- CYLD -- BIRC2 -- IL4 -- CSF2 -- HSPB1 -- IKBKB -- STAT1 -- FBXO31 -- CCND1 -- SOCS3 -- MAP3K14 -- FGF7 -- TNFRSF10B -- TNFRSF14 -- DAB2IP -- IFNB1 -- PIAS2 -- RPAIN -- HIP1 -- CASP8 -- BAD -- BCL2L1 -- PEA15 -- FAF1 -- PRNP -- BAX -- NFE2L2 -- IL16 -- HIF1A -- TP63
469,FADD -- MYD88 -- IL2 -- CASP3 -- NFATC2 -- NFKB1 -- MAPK1 -- E2F1 -- RELA -- PAK2 -- RB1 -- JUN -- MYC -- NFKBIA -- TNFRSF1A -- TNFAIP3 -- TP53 -- RIPK1 -- EIF2AK2 -- CASP2 -- IRAK1 -- MAP4K4 -- CYLD -- TRAF1 -- AR -- CFLAR -- CSF2 -- HSPB1 -- IKBKB -- TERT -- STAT1 -- CCND1 -- MAP2K7 -- SMURF2 -- PRKCE -- FASLG -- SOCS3 -- NGF -- MAP3K14 -- FGF7 -- SHC1 -- TNFRSF10B -- TNFRSF14 -- PIAS2 -- HIP1 -- OTUD7B -- XIAP -- BAD -- BCL2L1 -- CASP7 -- SMPD1 -- ERBB2 -- PEA15 -- BID -- BAX -- NFE2L2 -- IL16 -- RPS6KA1 -- UBE2D3
470,FADD -- IL1B -- IL2 -- MAPK14 -- NFATC2 -- CHUK -- MAPK1 -- E2F1 -- MYC -- RXRB -- ADAM17 -- TGFB1 -- RIPK1 -- EIF2AK2 -- TNFRSF1B -- CYLD -- ZFP36 -- AR -- IL4 -- CSF2 -- HSPB1 -- IKBKB -- TERT -- CCND1 -- RIPK2 -- SMURF2 -- FASLG -- RHOA -- SOCS3 -- NGF -- MAP3K14 -- FGF7 -- SHC1 -- TNFRSF10B -- KRT18 -- TNFRSF14 -- IFNB1 -- PIAS2 -- HIP1 -- OTUD7B -- XIAP -- BAD -- SMPD1 -- MTOR -- FAF1 -- BAX -- TP63
471,MYD88 -- IL2 -- CASP3 -- MAPK14 -- BCL2 -- RELA -- PAK2 -- RB1 -- JUN -- MYC -- NFKBIA -- TNF -- IL23A -- TNFRSF1A -- TP53 -- TGFB1 -- TRADD -- RIPK1 -- BIRC3 -- MAP4K4 -- TRAF2 -- AR -- ATM -- CFLAR -- HSPB1 -- STAT1 -- CCND1 -- RIPK2 -- PPM1A -- SMURF2 -- RHOA -- SOCS3 -- NGF -- FGF14 -- MAP3K14 -- FGF7 -- SHC1 -- TNFRSF10B -- KRT18 -- IFNB1 -- IRF1 -- RPAIN -- HIP1 -- CASP8 -- XIAP -- BAD -- BCL2L1 -- CASP7 -- CASP1 -- ERBB2 -- MTOR -- PEA15 -- PRNP -- CYCS -- IL16 -- HIF1A -- TP63 -- UBE2D3
472,FADD -- MYD88 -- CASP3 -- MAPK14 -- CHUK -- NFKB1 -- MAPK1 -- E2F1 -- RELA -- JUN -- TNF -- IL23A -- TNFRSF1A -- SP1 -- ADAM17 -- TRADD -- CASP2 -- BIRC3 -- MAP4K4 -- TNFRSF1B -- MAP3K1 -- ZFP36 -- BIRC2 -- ATM -- IL4 -- IKBKB -- STAT1 -- CDKN2A -- MAP2K7 -- SMURF2 -- RHOA -- SOCS3 -- MAP3K14 -- SHC1 -- TNFRSF10B -- RPAIN -- HIP1 -- CASP8 -- OTUD7B -- CASP7 -- CASP1 -- ERBB2 -- MTOR -- BAX -- CYCS -- NFE2L2 -- IL16 -- TP63 -- RPS6KA1
473,FADD -- IL1B -- CASP3 -- MAPK8 -- CHUK -- NFKBIA -- TNF -- IL23A -- AKT1 -- TNFAIP3 -- TP53 -- TGFB1 -- CASP2 -- BIRC3 -- IRAK1 -- TRAF1 -- BIRC2 -- ATM -- IKBKB -- TERT -- STAT1 -- MAP2K7 -- RIPK2 -- PPM1A -- SMURF2 -- SOCS3 -- NGF -- FGF14 -- MAP3K14 -- FGF7 -- SHC1 -- SQSTM1 -- DAB2IP -- IFNB1 -- PIAS2 -- RPAIN -- CASP8 -- OTUD7B -- SMPD1 -- ERBB2 -- MTOR -- PEA15 -- PRNP -- CYCS -- IL16 -- HIF1A -- UBE2D3
474,FADD -- MYD88 -- CASP3 -- MAPK8 -- CHUK -- MAPK1 -- MAPK3 -- RB1 -- MYC -- NFKBIA -- AKT1 -- TNFAIP3 -- SP1 -- VEGFA -- ADAM17 -- TP53 -- EIF2AK2 -- CASP2 -- BIRC3 -- MAP4K4 -- TNFRSF1B -- TRAF2 -- CYLD -- MAP3K1 -- BIRC2 -- ATM -- CFLAR -- HSPB1 -- TERT -- CCND1 -- MAP2K7 -- PPM1A -- FASLG -- RHOA -- MAP3K14 -- FGF7 -- TNFRSF10B -- KRT18 -- DAB2IP -- HIP1 -- OTUD7B -- BCL2L1 -- SMPD1 -- ERBB2 -- MTOR -- PRNP -- BID -- BAX -- CYCS -- TP63
475,MYD88 -- IL2 -- CASP3 -- NFATC2 -- BCL2 -- NFKB1 -- MAPK1 -- E2F1 -- PAK2 -- JUN -- NFKBIA -- AKT1 -- SP1 -- TP53 -- TGFB1 -- BIRC3 -- IRAK1 -- MAP4K4 -- TNFRSF1B -- TRAF2 -- MAP3K1 -- AR -- CFLAR -- IKBKB -- TERT -- STAT1 -- CDKN2A -- FBXO31 -- RIPK2 -- PPM1A -- PRKCE -- FASLG -- RHOA -- SOCS3 -- NGF -- FGF14 -- TNFRSF14 -- SQSTM1 -- PIAS2 -- HIP1 -- CASP8 -- OTUD7B -- XIAP -- BCL2L1 -- CASP7 -- SMPD1 -- CASP1 -- MTOR -- PEA15 -- FAF1 -- BAX -- NFE2L2 -- IL16 -- UBE2D3
476,FADD -- IL1B -- MYD88 -- MAPK14 -- NFATC2 -- BCL2 -- MAPK1 -- MAPK3 -- E2F1 -- RB1 -- MYC -- NFKBIA -- TNF -- IL23A -- AKT1 -- RXRB -- TNFAIP3 -- SP1 -- VEGFA -- ADAM17 -- TP53 -- TGFB1 -- EIF2AK2 -- CASP2 -- TNFRSF1B -- TRAF2 -- MAP3K1 -- ZFP36 -- AR -- CFLAR -- STAT1 -- CDKN2A -- FBXO31 -- CCND1 -- MAP2K7 -- RIPK2 -- PPM1A -- PRKCE -- RHOA -- FGF14 -- MAP3K14 -- SHC1 -- TNFRSF10B -- KRT18 -- TNFRSF14 -- SQSTM1 -- PIAS2 -- IRF1 -- RPAIN -- HIP1 -- BCL2L1 -- CASP7 -- ERBB2 -- MTOR -- PRNP -- BAX -- CYCS -- NFE2L2 -- IL16 -- TP63
477,FADD -- IL1B -- IL2 -- MAPK8 -- MAPK14 -- NFATC2 -- BCL2 -- NFKB1 -- E2F1 -- RELA -- PAK2 -- RB1 -- JUN -- MYC -- TNF -- IL23A -- AKT1 -- TNFAIP3 -- VEGFA -- ADAM17 -- RIPK1 -- EIF2AK2 -- CASP2 -- BIRC3 -- IRAK1 -- CYLD -- TRAF1 -- ZFP36 -- BIRC2 -- IL4 -- CSF2 -- IKBKB -- TERT -- STAT1 -- FBXO31 -- CCND1 -- MAP2K7 -- RIPK2 -- PPM1A -- SMURF2 -- PRKCE -- RHOA -- SOCS3 -- NGF -- FGF14 -- MAP3K14 -- FGF7 -- KRT18 -- TNFRSF14 -- DAB2IP -- IFNB1 -- PIAS2 -- HIP1 -- CASP8 -- OTUD7B -- XIAP -- CASP7 -- CASP1 -- ERBB2 -- PEA15 -- PRNP -- BID -- NFE2L2
478,FADD -- MYD88 -- CASP3 -- MAPK14 -- BCL2 -- CHUK -- NFKB1 -- MAPK3 -- E2F1 -- RELA -- MYC -- NFKBIA -- IL23A -- RXRB -- TNFRSF1A -- TNFAIP3 -- TGFB1 -- RIPK1 -- EIF2AK2 -- CASP2 -- IRAK1 -- MAP4K4 -- CYLD -- TRAF1 -- MAP3K1 -- ZFP36 -- BIRC2 -- ATM -- CFLAR -- STAT1 -- CCND1 -- MAP2K7 -- RIPK2 -- PPM1A -- RHOA -- FGF14 -- FGF7 -- SHC1 -- TNFRSF14 -- SQSTM1 -- IFNB1 -- PIAS2 -- IRF1 -- HIP1 -- CASP8 -- XIAP -- BAD -- BCL2L1 -- CASP7 -- PRNP -- CYCS -- IL16 -- TP63 -- RPS6KA1
479,FADD -- IL2 -- CASP3 -- MAPK8 -- MAPK14 -- NFATC2 -- BCL2 -- E2F1 -- PAK2 -- RB1 -- NFKBIA -- TNF -- IL23A -- RXRB -- TNFRSF1A -- TNFAIP3 -- VEGFA -- TRADD -- RIPK1 -- EIF2AK2 -- IRAK1 -- MAP3K1 -- AR -- BIRC2 -- CFLAR -- CSF2 -- TERT -- STAT1 -- CDKN2A -- CCND1 -- MAP2K7 -- RIPK2 -- PPM1A -- SMURF2 -- PRKCE -- FASLG -- SOCS3 -- MAP3K14 -- SHC1 -- TNFRSF10B -- TNFRSF14 -- DAB2IP -- IFNB1 -- PIAS2 -- IRF1 -- RPAIN -- CASP8 -- OTUD7B -- CASP7 -- CASP1 -- ERBB2 -- FAF1 -- BAX -- CYCS -- IL16 -- HIF1A -- TP63 -- UBE2D3
480,FADD -- IL2 -- CASP3 -- MAPK8 -- BCL2 -- MAPK1 -- RB1 -- IL23A -- RXRB -- SP1 -- VEGFA -- RIPK1 -- BIRC3 -- MAP4K4 -- CYLD -- TRAF1 -- AR -- BIRC2 -- CFLAR -- CSF2 -- TERT -- STAT1 -- FBXO31 -- MAP2K7 -- RIPK2 -- PPM1A -- RHOA -- FGF14 -- MAP3K14 -- FGF7 -- TNFRSF10B -- SQSTM1 -- DAB2IP -- IFNB1 -- IRF1 -- RPAIN -- CASP8 -- OTUD7B -- BAD -- BCL2L1 -- CASP1 -- ERBB2 -- MTOR -- PEA15 -- BID -- BAX -- CYCS -- IL16 -- TP63 -- RPS6KA1
481,MYD88 -- IL2 -- NFKB1 -- E2F1 -- PAK2 -- RB1 -- MYC -- TNF -- AKT1 -- TNFAIP3 -- TP53 -- TRADD -- CASP2 -- BIRC3 -- MAP4K4 -- TNFRSF1B -- TRAF2 -- ZFP36 -- CSF2 -- HSPB1 -- IKBKB -- CDKN2A -- PPM1A -- FASLG -- RHOA -- SOCS3 -- NGF -- FGF14 -- FGF7 -- SHC1 -- TNFRSF10B -- KRT18 -- TNFRSF14 -- SQSTM1 -- DAB2IP -- PIAS2 -- RPAIN -- OTUD7B -- BAD -- BCL2L1 -- SMPD1 -- CASP1 -- ERBB2 -- MTOR -- FAF1 -- NFE2L2 -- IL16 -- HIF1A -- RPS6KA1 -- UBE2D3
482,IL1B -- MYD88 -- MAPK8 -- NFATC2 -- BCL2 -- PAK2 -- MYC -- NFKBIA -- AKT1 -- RXRB -- TNFRSF1A -- ADAM17 -- TRADD -- RIPK1 -- CYLD -- MAP3K1 -- ZFP36 -- CSF2 -- HSPB1 -- IKBKB -- TERT -- FBXO31 -- SOCS3 -- MAP3K14 -- FGF7 -- SHC1 -- KRT18 -- SQSTM1 -- DAB2IP -- OTUD7B -- XIAP -- CASP1 -- MTOR -- BAX -- IL16 -- HIF1A -- TP63 -- RPS6KA1
483,IL1B -- MYD88 -- IL2 -- CASP3 -- MAPK8 -- CHUK -- NFKB1 -- MAPK1 -- MAPK3 -- E2F1 -- RELA -- PAK2 -- RB1 -- JUN -- TNF -- IL23A -- AKT1 -- RXRB -- TNFRSF1A -- SP1 -- ADAM17 -- TRADD -- TNFRSF1B -- TRAF2 -- CYLD -- MAP3K1 -- AR -- ATM -- CFLAR -- IKBKB -- TERT -- FBXO31 -- CCND1 -- RIPK2 -- PPM1A -- SMURF2 -- PRKCE -- FGF14 -- MAP3K14 -- SHC1 -- TNFRSF10B -- KRT18 -- TNFRSF14 -- PIAS2 -- IRF1 -- HIP1 -- OTUD7B -- XIAP -- BAD -- BCL2L1 -- SMPD1 -- ERBB2 -- MTOR -- PEA15 -- PRNP -- NFE2L2 -- IL16
484,FADD -- IL1B -- MYD88 -- MAPK14 -- NFATC2 -- BCL2 -- CHUK -- NFKB1 -- E2F1 -- PAK2 -- RB1 -- JUN -- MYC -- NFKBIA -- TNF -- RXRB -- TNFRSF1A -- TNFAIP3 -- VEGFA -- ADAM17 -- TP53 -- EIF2AK2 -- BIRC3 -- IRAK1 -- MAP4K4 -- TRAF2 -- CYLD -- ZFP36 -- BIRC2 -- CFLAR -- HSPB1 -- CCND1 -- MAP2K7 -- RIPK2 -- PRKCE -- RHOA -- SOCS3 -- NGF -- FGF14 -- KRT18 -- TNFRSF14 -- DAB2IP -- PIAS2 -- IRF1 -- BCL2L1 -- CASP7 -- CASP1 -- PEA15 -- FAF1 -- PRNP -- BAX -- NFE2L2 -- HIF1A -- RPS6KA1
485,FADD -- IL1B -- NFATC2 -- CHUK -- NFKB1 -- MAPK1 -- MAPK3 -- PAK2 -- MYC -- NFKBIA -- IL23A -- AKT1 -- RXRB -- TNFRSF1A -- SP1 -- VEGFA -- IRAK1 -- AR -- IL4 -- HSPB1 -- IKBKB -- CDKN2A -- RIPK2 -- PPM1A -- MAP3K14 -- KRT18 -- DAB2IP -- IFNB1 -- RPAIN -- CASP8 -- BAD -- CASP7 -- CASP1 -- FAF1 -- BAX -- HIF1A -- TP63
486,FADD -- IL1B -- MYD88 -- IL2 -- MAPK8 -- MAPK14 -- NFATC2 -- MAPK1 -- E2F1 -- RB1 -- MYC -- TNF -- AKT1 -- RXRB -- TNFRSF1A -- TNFAIP3 -- SP1 -- RIPK1 -- BIRC3 -- MAP4K4 -- TNFRSF1B -- TRAF1 -- AR -- BIRC2 -- ATM -- CSF2 -- HSPB1 -- IKBKB -- TERT -- STAT1 -- FBXO31 -- CCND1 -- RIPK2 -- PPM1A -- RHOA -- FGF14 -- SHC1 -- TNFRSF14 -- SQSTM1 -- DAB2IP -- IFNB1 -- PIAS2 -- IRF1 -- RPAIN -- CASP8 -- XIAP -- CASP1 -- BID -- BAX -- CYCS -- IL16 -- HIF1A -- TP63
487,MYD88 -- BCL2 -- CHUK -- NFKB1 -- MAPK1 -- MAPK3 -- E2F1 -- RELA -- MYC -- RXRB -- TNFAIP3 -- VEGFA -- ADAM17 -- TP53 -- TGFB1 -- EIF2AK2 -- MAP4K4 -- CYLD -- MAP3K1 -- ATM -- CFLAR -- IL4 -- IKBKB -- TERT -- CDKN2A -- FBXO31 -- CCND1 -- FASLG -- MAP3K14 -- FGF7 -- KRT18 -- SQSTM1 -- DAB2IP -- IRF1 -- RPAIN -- CASP8 -- XIAP -- BAD -- BCL2L1 -- SMPD1 -- ERBB2 -- CYCS -- HIF1A
488,MYD88 -- IL2 -- MAPK8 -- NFATC2 -- BCL2 -- NFKB1 -- E2F1 -- RELA -- PAK2 -- RB1 -- JUN -- MYC -- NFKBIA -- IL23A -- AKT1 -- TNFRSF1A -- TNFAIP3 -- SP1 -- TRADD -- RIPK1 -- CASP2 -- BIRC3 -- IRAK1 -- MAP4K4 -- TNFRSF1B -- TRAF2 -- CYLD -- MAP3K1 -- BIRC2 -- ATM -- CFLAR -- TERT -- STAT1 -- PPM1A -- SMURF2 -- RHOA -- SOCS3 -- FGF14 -- TNFRSF10B -- KRT18 -- IRF1 -- RPAIN -- OTUD7B -- BAD -- BCL2L1 -- CASP7 -- SMPD1 -- CASP1 -- ERBB2 -- MTOR -- BID -- BAX -- CYCS
489,IL2 -- NFATC2 -- BCL2 -- NFKB1 -- MAPK3 -- MYC -- AKT1 -- RXRB -- TNFAIP3 -- VEGFA -- TRADD -- RIPK1 -- EIF2AK2 -- BIRC3 -- MAP4K4 -- TNFRSF1B -- TRAF2 -- CYLD -- TRAF1 -- ZFP36 -- BIRC2 -- ATM -- IL4 -- TERT -- STAT1 -- FBXO31 -- RIPK2 -- SMURF2 -- PRKCE -- RHOA -- MAP3K14 -- TNFRSF14 -- IFNB1 -- IRF1 -- RPAIN -- HIP1 -- CASP8 -- OTUD7B -- XIAP -- SMPD1 -- MTOR -- BID -- RPS6KA1 -- UBE2D3
490,IL1B -- IL2 -- CASP3 -- MAPK8 -- MAPK14 -- BCL2 -- NFKB1 -- MAPK1 -- MAPK3 -- RELA -- PAK2 -- RB1 -- MYC -- TNF -- IL23A -- AKT1 -- TNFRSF1A -- TNFAIP3 -- TP53 -- TGFB1 -- RIPK1 -- EIF2AK2 -- CASP2 -- BIRC3 -- IRAK1 -- TNFRSF1B -- TRAF2 -- CYLD -- TRAF1 -- MAP3K1 -- ZFP36 -- BIRC2 -- ATM -- IL4 -- IKBKB -- FBXO31 -- CCND1 -- MAP2K7 -- RIPK2 -- SMURF2 -- RHOA -- MAP3K14 -- TNFRSF14 -- SQSTM1 -- RPAIN -- HIP1 -- BAD -- BCL2L1 -- BID -- BAX -- NFE2L2 -- TP63 -- RPS6KA1 -- UBE2D3
491,FADD -- IL1B -- IL2 -- MAPK14 -- BCL2 -- MAPK1 -- MAPK3 -- E2F1 -- PAK2 -- RB1 -- MYC -- NFKBIA -- IL23A -- RXRB -- TNFRSF1A -- TGFB1 -- TRADD -- RIPK1 -- MAP4K4 -- TNFRSF1B -- MAP3K1 -- AR -- BIRC2 -- ATM -- CSF2 -- HSPB1 -- STAT1 -- FBXO31 -- CCND1 -- PPM1A -- SMURF2 -- FASLG -- RHOA -- SOCS3 -- FGF14 -- SHC1 -- TNFRSF10B -- SQSTM1 -- DAB2IP -- IRF1 -- RPAIN -- HIP1 -- OTUD7B -- XIAP -- BAD -- CASP7 -- ERBB2 -- PEA15 -- FAF1 -- IL16 -- TP63 -- RPS6KA1
492,FADD -- IL1B -- IL2 -- MAPK8 -- MAPK14 -- NFATC2 -- BCL2 -- CHUK -- NFKB1 -- MAPK3 -- RELA -- PAK2 -- RB1 -- TNF -- TNFAIP3 -- SP1 -- VEGFA -- TRADD -- EIF2AK2 -- TNFRSF1B -- CYLD -- ZFP36 -- ATM -- IL4 -- STAT1 -- CDKN2A -- CCND1 -- RIPK2 -- PPM1A -- FASLG -- RHOA -- SOCS3 -- NGF -- MAP3K14 -- FGF7 -- KRT18 -- TNFRSF14 -- DAB2IP -- IRF1 -- HIP1 -- CASP8 -- OTUD7B -- XIAP -- CASP7 -- SMPD1 -- CASP1 -- ERBB2 -- FAF1 -- PRNP -- BAX -- HIF1A -- TP63 -- RPS6KA1 -- UBE2D3
493,FADD -- IL1B -- IL2 -- NFATC2 -- BCL2 -- CHUK -- NFKB1 -- RELA -- MYC -- NFKBIA -- IL23A -- AKT1 -- RXRB -- TNFRSF1A -- TNFAIP3 -- SP1 -- TGFB1 -- RIPK1 -- EIF2AK2 -- CASP2 -- BIRC3 -- MAP4K4 -- TRAF1 -- AR -- BIRC2 -- ATM -- CFLAR -- IKBKB -- CDKN2A -- RIPK2 -- FGF14 -- FGF7 -- TNFRSF14 -- PIAS2 -- HIP1 -- BAD -- CASP7 -- ERBB2 -- MTOR -- FAF1 -- BAX -- NFE2L2 -- IL16 -- TP63 -- RPS6KA1 -- UBE2D3
494,FADD -- CASP3 -- MAPK14 -- BCL2 -- NFKB1 -- MAPK1 -- E2F1 -- PAK2 -- RB1 -- JUN -- MYC -- NFKBIA -- TNF -- IL23A -- TNFRSF1A -- TNFAIP3 -- SP1 -- TP53 -- TGFB1 -- TRADD -- RIPK1 -- BIRC3 -- IRAK1 -- MAP4K4 -- TNFRSF1B -- ZFP36 -- BIRC2 -- ATM -- IL4 -- CSF2 -- HSPB1 -- PPM1A -- SMURF2 -- PRKCE -- FASLG -- RHOA -- SOCS3 -- NGF -- MAP3K14 -- FGF7 -- TNFRSF10B -- SQSTM1 -- DAB2IP -- IFNB1 -- RPAIN -- OTUD7B -- XIAP -- CASP7 -- ERBB2 -- PEA15 -- FAF1 -- BID -- IL16 -- RPS6KA1 -- UBE2D3
495,IL1B -- MYD88 -- CASP3 -- MAPK14 -- NFATC2 -- CHUK -- NFKB1 -- MAPK1 -- MAPK3 -- RELA -- PAK2 -- JUN -- MYC -- NFKBIA -- TNF -- AKT1 -- TNFRSF1A -- ADAM17 -- TP53 -- TRADD -- RIPK1 -- AR -- BIRC2 -- ATM -- CFLAR -- IKBKB -- STAT1 -- FBXO31 -- CCND1 -- MAP2K7 -- RIPK2 -- SMURF2 -- RHOA -- SOCS3 -- NGF -- MAP3K14 -- SHC1 -- TNFRSF10B -- KRT18 -- TNFRSF14 -- DAB2IP -- PIAS2 -- HIP1 -- XIAP -- CASP1 -- IL16 -- HIF1A -- TP63 -- RPS6KA1 -- UBE2D3
496,IL2 -- CASP3 -- MAPK8 -- MAPK14 -- NFATC2 -- CHUK -- MAPK1 -- E2F1 -- TNF -- TNFAIP3 -- SP1 -- VEGFA -- TP53 -- TRADD -- RIPK1 -- BIRC3 -- MAP4K4 -- TNFRSF1B -- CYLD -- ZFP36 -- CFLAR -- CSF2 -- HSPB1 -- TERT -- STAT1 -- PPM1A -- SMURF2 -- PRKCE -- RHOA -- FGF14 -- MAP3K14 -- SHC1 -- KRT18 -- DAB2IP -- IFNB1 -- PIAS2 -- IRF1 -- RPAIN -- OTUD7B -- XIAP -- CASP1 -- BAX -- IL16 -- HIF1A -- RPS6KA1 -- UBE2D3
497,MYD88 -- CASP3 -- MAPK14 -- NFATC2 -- CHUK -- NFKB1 -- MAPK3 -- E2F1 -- RELA -- PAK2 -- RB1 -- JUN -- MYC -- TNF -- TNFRSF1A -- TNFAIP3 -- SP1 -- VEGFA -- TP53 -- TGFB1 -- RIPK1 -- CASP2 -- CYLD -- MAP3K1 -- ZFP36 -- AR -- ATM -- CFLAR -- CSF2 -- HSPB1 -- IKBKB -- CDKN2A -- FBXO31 -- SMURF2 -- PRKCE -- FASLG -- RHOA -- NGF -- FGF14 -- FGF7 -- SHC1 -- TNFRSF10B -- KRT18 -- DAB2IP -- IRF1 -- HIP1 -- OTUD7B -- BCL2L1 -- SMPD1 -- CASP1 -- ERBB2 -- MTOR -- HIF1A
498,IL1B -- MYD88 -- CASP3 -- MAPK8 -- MAPK14 -- RB1 -- JUN -- NFKBIA -- TNF -- IL23A -- TNFRSF1A -- TNFAIP3 -- VEGFA -- TRADD -- BIRC3 -- IRAK1 -- TNFRSF1B -- TRAF2 -- ZFP36 -- AR -- BIRC2 -- ATM -- CFLAR -- CSF2 -- FBXO31 -- CCND1 -- MAP2K7 -- PRKCE -- RHOA -- NGF -- FGF7 -- SHC1 -- TNFRSF10B -- KRT18 -- TNFRSF14 -- SQSTM1 -- IFNB1 -- RPAIN -- CASP8 -- OTUD7B -- BAD -- BCL2L1 -- SMPD1 -- CASP1 -- PEA15 -- PRNP -- BAX -- IL16 -- HIF1A -- TP63 -- RPS6KA1 -- UBE2D3
499,CASP3 -- NFATC2 -- NFKB1 -- E2F1 -- RB1 -- JUN -- MYC -- AKT1 -- TNFRSF1A -- RIPK1 -- CASP2 -- BIRC3 -- IRAK1 -- TNFRSF1B -- ZFP36 -- AR -- BIRC2 -- CFLAR -- CSF2 -- IKBKB -- STAT1 -- CDKN2A -- CCND1 -- SMURF2 -- FASLG -- NGF -- TNFRSF10B -- DAB2IP -- IFNB1 -- PIAS2 -- IRF1 -- HIP1 -- CASP8 -- OTUD7B -- XIAP -- BCL2L1 -- CASP7 -- CASP1 -- ERBB2 -- PEA15 -- CYCS -- NFE2L2 -- HIF1A -- UBE2D3
500,FADD -- MYD88 -- IL2 -- CASP3 -- NFATC2 -- CHUK -- MAPK3 -- RELA -- PAK2 -- MYC -- IL23A -- AKT1 -- RXRB -- TNFAIP3 -- SP1 -- TP53 -- CASP2 -- MAP3K1 -- BIRC2 -- IL4 -- CSF2 -- HSPB1 -- TERT -- FBXO31 -- CCND1 -- RIPK2 -- SMURF2 -- FASLG -- RHOA -- SOCS3 -- FGF14 -- FGF7 -- SHC1 -- TNFRSF10B -- KRT18 -- TNFRSF14 -- PIAS2 -- HIP1 -- CASP8 -- BAD -- BCL2L1 -- SMPD1 -- CASP1 -- ERBB2 -- FAF1 -- PRNP -- BAX -- CYCS -- IL16 -- HIF1A
501,FADD -- IL1B -- IL2 -- CASP3 -- MAPK14 -- CHUK -- E2F1 -- RELA -- PAK2 -- JUN -- NFKBIA -- AKT1 -- SP1 -- ADAM17 -- TP53 -- TGFB1 -- RIPK1 -- IRAK1 -- CFLAR -- IL4 -- HSPB1 -- TERT -- STAT1 -- FBXO31 -- MAP2K7 -- SMURF2 -- FASLG -- SOCS3 -- NGF -- MAP3K14 -- FGF7 -- SHC1 -- TNFRSF10B -- KRT18 -- TNFRSF14 -- SQSTM1 -- DAB2IP -- IFNB1 -- IRF1 -- CASP8 -- BAD -- BCL2L1 -- CASP7 -- SMPD1 -- CASP1 -- ERBB2 -- CYCS -- HIF1A
502,IL1B -- IL2 -- CASP3 -- MAPK14 -- NFATC2 -- BCL2 -- CHUK -- MAPK3 -- E2F1 -- RELA -- PAK2 -- RB1 -- JUN -- MYC -- NFKBIA -- IL23A -- TNFRSF1A -- TNFAIP3 -- ADAM17 -- TP53 -- TGFB1 -- TRADD -- CASP2 -- IRAK1 -- MAP4K4 -- TRAF1 -- ZFP36 -- AR -- IL4 -- CSF2 -- HSPB1 -- IKBKB -- TERT -- CDKN2A -- FBXO31 -- RIPK2 -- PPM1A -- PRKCE -- RHOA -- SOCS3 -- NGF -- FGF14 -- MAP3K14 -- SHC1 -- TNFRSF10B -- TNFRSF14 -- SQSTM1 -- DAB2IP -- IFNB1 -- RPAIN -- HIP1 -- CASP8 -- BAD -- BCL2L1 -- CASP7 -- SMPD1 -- CASP1 -- FAF1 -- PRNP -- BID -- IL16 -- RPS6KA1
503,MYD88 -- IL2 -- CASP3 -- MAPK8 -- NFATC2 -- CHUK -- MAPK3 -- RB1 -- JUN -- NFKBIA -- TNF -- IL23A -- RXRB -- TNFRSF1A -- TNFAIP3 -- VEGFA -- ADAM17 -- TP53 -- TGFB1 -- RIPK1 -- EIF2AK2 -- BIRC3 -- IRAK1 -- TRAF1 -- AR -- BIRC2 -- CSF2 -- IKBKB -- STAT1 -- FBXO31 -- CCND1 -- MAP2K7 -- PPM1A -- RHOA -- FGF14 -- TNFRSF14 -- IFNB1 -- IRF1 -- RPAIN -- HIP1 -- CASP8 -- OTUD7B -- XIAP -- BAD -- BCL2L1 -- CASP7 -- SMPD1 -- ERBB2 -- FAF1 -- CYCS -- NFE2L2 -- TP63 -- RPS6KA1
504,FADD -- IL1B -- MYD88 -- MAPK8 -- MAPK14 -- NFATC2 -- BCL2 -- NFKB1 -- MAPK1 -- MAPK3 -- E2F1 -- RELA -- PAK2 -- JUN -- MYC -- NFKBIA -- TNF -- IL23A -- AKT1 -- VEGFA -- ADAM17 -- TRADD -- RIPK1 -- EIF2AK2 -- TNFRSF1B -- TRAF1 -- MAP3K1 -- ZFP36 -- AR -- BIRC2 -- ATM -- TERT -- CCND1 -- MAP2K7 -- RIPK2 -- SMURF2 -- FASLG -- RHOA -- NGF -- FGF14 -- MAP3K14 -- FGF7 -- TNFRSF10B -- TNFRSF14 -- SQSTM1 -- IFNB1 -- PIAS2 -- RPAIN -- CASP8 -- CASP1 -- MTOR -- PEA15 -- FAF1 -- BAX -- NFE2L2 -- IL16 -- TP63
505,IL1B -- IL2 -- MAPK14 -- BCL2 -- CHUK -- MAPK1 -- MYC -- TNF -- IL23A -- AKT1 -- RXRB -- TNFAIP3 -- SP1 -- VEGFA -- TP53 -- IRAK1 -- MAP4K4 -- TRAF1 -- MAP3K1 -- AR -- BIRC2 -- ATM -- IKBKB -- TERT -- CDKN2A -- FBXO31 -- MAP2K7 -- RIPK2 -- PPM1A -- SMURF2 -- PRKCE -- FASLG -- MAP3K14 -- FGF7 -- SHC1 -- KRT18 -- SQSTM1 -- DAB2IP -- IFNB1 -- IRF1 -- RPAIN -- CASP8 -- XIAP -- BCL2L1 -- SMPD1 -- MTOR -- FAF1 -- BID -- NFE2L2 -- HIF1A
506,CASP3 -- MAPK8 -- MAPK1 -- MAPK3 -- E2F1 -- RB1 -- TNF -- IL23A -- AKT1 -- TNFAIP3 -- TP53 -- TGFB1 -- EIF2AK2 -- IRAK1 -- TNFRSF1B -- AR -- BIRC2 -- CSF2 -- HSPB1 -- IKBKB -- MAP2K7 -- FASLG -- SOCS3 -- FGF14 -- SHC1 -- TNFRSF10B -- KRT18 -- IRF1 -- RPAIN -- HIP1 -- CASP8 -- OTUD7B -- BAD -- CASP7 -- ERBB2 -- MTOR -- FAF1 -- BAX -- CYCS -- NFE2L2 -- IL16 -- RPS6KA1 -- UBE2D3
507,FADD -- MYD88 -- IL2 -- CASP3 -- NFKB1 -- PAK2 -- RB1 -- RXRB -- VEGFA -- TGFB1 -- TRADD -- RIPK1 -- IRAK1 -- TRAF2 -- CYLD -- TRAF1 -- MAP3K1 -- ZFP36 -- AR -- CSF2 -- STAT1 -- MAP2K7 -- PRKCE -- SOCS3 -- NGF -- FGF14 -- MAP3K14 -- TNFRSF14 -- SQSTM1 -- IFNB1 -- PIAS2 -- RPAIN -- CASP8 -- OTUD7B -- XIAP -- CASP7 -- ERBB2 -- PEA15 -- BID -- NFE2L2 -- TP63 -- RPS6KA1 -- UBE2D3
508,FADD -- MYD88 -- IL2 -- MAPK8 -- MAPK1 -- RB1 -- MYC -- NFKBIA -- TNF -- AKT1 -- RXRB -- TNFAIP3 -- SP1 -- ADAM17 -- RIPK1 -- EIF2AK2 -- BIRC3 -- TRAF1 -- MAP3K1 -- ZFP36 -- ATM -- IL4 -- STAT1 -- RHOA -- NGF -- FGF14 -- MAP3K14 -- SHC1 -- TNFRSF14 -- SQSTM1 -- DAB2IP -- IFNB1 -- RPAIN -- CASP8 -- XIAP -- CASP7 -- ERBB2 -- MTOR -- PEA15 -- PRNP -- BAX -- IL16 -- HIF1A -- TP63 -- RPS6KA1
509,FADD -- IL2 -- MAPK14 -- MAPK1 -- E2F1 -- PAK2 -- MYC -- IL23A -- TNFAIP3 -- VEGFA -- EIF2AK2 -- BIRC3 -- IRAK1 -- MAP4K4 -- TRAF2 -- CYLD -- MAP3K1 -- AR -- BIRC2 -- ATM -- CFLAR -- IL4 -- CSF2 -- HSPB1 -- IKBKB -- CDKN2A -- MAP2K7 -- SOCS3 -- NGF -- FGF14 -- SQSTM1 -- DAB2IP -- IRF1 -- OTUD7B -- CASP7 -- SMPD1 -- ERBB2 -- MTOR -- FAF1 -- PRNP -- CYCS -- IL16 -- HIF1A
510,FADD -- IL2 -- CASP3 -- BCL2 -- MAPK3 -- RELA -- RB1 -- MYC -- NFKBIA -- TNF -- IL23A -- AKT1 -- RXRB -- TNFRSF1A -- TNFAIP3 -- SP1 -- TP53 -- TGFB1 -- TRADD -- EIF2AK2 -- BIRC3 -- IRAK1 -- TNFRSF1B -- TRAF2 -- TRAF1 -- MAP3K1 -- ATM -- CFLAR -- TERT -- CDKN2A -- MAP2K7 -- RIPK2 -- SMURF2 -- PRKCE -- RHOA -- NGF -- FGF14 -- TNFRSF10B -- TNFRSF14 -- DAB2IP -- IFNB1 -- PIAS2 -- RPAIN -- OTUD7B -- XIAP -- BAD -- BCL2L1 -- CASP7 -- ERBB2 -- MTOR -- PEA15 -- FAF1 -- PRNP -- BID -- BAX -- NFE2L2 -- TP63 -- RPS6KA1 -- UBE2D3
511,MYD88 -- CASP3 -- MAPK8 -- MAPK14 -- NFATC2 -- BCL2 -- CHUK -- RELA -- PAK2 -- RB1 -- MYC -- TNF -- IL23A -- TNFRSF1A -- SP1 -- VEGFA -- ADAM17 -- TP53 -- TGFB1 -- BIRC3 -- TNFRSF1B -- CYLD -- TRAF1 -- MAP3K1 -- BIRC2 -- ATM -- IL4 -- CSF2 -- HSPB1 -- STAT1 -- CDKN2A -- CCND1 -- SMURF2 -- PRKCE -- NGF -- FGF14 -- MAP3K14 -- FGF7 -- SHC1 -- TNFRSF10B -- DAB2IP -- IFNB1 -- PIAS2 -- OTUD7B -- XIAP -- BAD -- SMPD1 -- CASP1 -- ERBB2 -- PEA15 -- PRNP -- BAX -- NFE2L2 -- IL16 -- RPS6KA1
512,FADD -- MYD88 -- MAPK8 -- MAPK14 -- CHUK -- MAPK1 -- E2F1 -- RELA -- JUN -- TNF -- IL23A -- AKT1 -- RXRB -- TNFAIP3 -- VEGFA -- ADAM17 -- TRADD -- EIF2AK2 -- IRAK1 -- MAP4K4 -- TNFRSF1B -- CYLD -- TRAF1 -- MAP3K1 -- ZFP36 -- AR -- CFLAR -- IL4 -- HSPB1 -- TERT -- STAT1 -- FBXO31 -- CCND1 -- MAP2K7 -- PRKCE -- FASLG -- FGF7 -- TNFRSF10B -- KRT18 -- DAB2IP -- PIAS2 -- RPAIN -- HIP1 -- CASP8 -- XIAP -- BCL2L1 -- SMPD1 -- CASP1 -- PEA15 -- PRNP -- BID -- BAX -- CYCS -- IL16 -- TP63 -- RPS6KA1 -- UBE2D3
513,FADD -- MYD88 -- IL2 -- MAPK14 -- BCL2 -- MAPK1 -- MAPK3 -- RELA -- RB1 -- JUN -- TNF -- RXRB -- TGFB1 -- TRADD -- RIPK1 -- EIF2AK2 -- BIRC3 -- IRAK1 -- MAP4K4 -- TNFRSF1B -- TRAF2 -- CYLD -- MAP3K1 -- ZFP36 -- CFLAR -- IL4 -- HSPB1 -- TERT -- FBXO31 -- CCND1 -- RIPK2 -- PRKCE -- FASLG -- FGF7 -- SHC1 -- KRT18 -- SQSTM1 -- IFNB1 -- IRF1 -- RPAIN -- HIP1 -- OTUD7B -- BAD -- BCL2L1 -- SMPD1 -- CASP1 -- ERBB2 -- MTOR -- PEA15 -- IL16 -- HIF1A -- RPS6KA1 -- UBE2D3
514,FADD -- IL1B -- NFATC2 -- NFKB1 -- MAPK3 -- PAK2 -- NFKBIA -- TNF -- IL23A -- AKT1 -- TNFRSF1A -- VEGFA -- ADAM17 -- TP53 -- TRADD -- RIPK1 -- TNFRSF1B -- TRAF2 -- CYLD -- MAP3K1 -- ZFP36 -- AR -- ATM -- CFLAR -- IL4 -- HSPB1 -- CCND1 -- MAP2K7 -- PPM1A -- SMURF2 -- FASLG -- RHOA -- SOCS3 -- NGF -- TNFRSF10B -- TNFRSF14 -- SQSTM1 -- DAB2IP -- IFNB1 -- PIAS2 -- IRF1 -- RPAIN -- HIP1 -- CASP8 -- OTUD7B -- XIAP -- BCL2L1 -- SMPD1 -- CASP1 -- BAX -- NFE2L2 -- HIF1A
515,FADD -- IL1B -- MYD88 -- IL2 -- NFATC2 -- NFKB1 -- MAPK3 -- E2F1 -- JUN -- AKT1 -- TNFRSF1A -- TP53 -- TGFB1 -- RIPK1 -- EIF2AK2 -- BIRC3 -- TNFRSF1B -- CYLD -- MAP3K1 -- IL4 -- HSPB1 -- CDKN2A -- FBXO31 -- MAP2K7 -- RIPK2 -- SMURF2 -- PRKCE -- SOCS3 -- NGF -- FGF14 -- MAP3K14 -- SHC1 -- SQSTM1 -- DAB2IP -- PIAS2 -- IRF1 -- RPAIN -- HIP1 -- CASP8 -- XIAP -- BAD -- BCL2L1 -- SMPD1 -- ERBB2 -- PEA15 -- BID -- CYCS -- NFE2L2 -- IL16 -- HIF1A -- TP63 -- UBE2D3
516,IL2 -- CASP3 -- MAPK8 -- MAPK14 -- NFATC2 -- NFKB1 -- MAPK1 -- RELA -- JUN -- MYC -- IL23A -- RXRB -- TNFAIP3 -- SP1 -- CASP2 -- TNFRSF1B -- TRAF2 -- ZFP36 -- ATM -- CSF2 -- HSPB1 -- TERT -- STAT1 -- CDKN2A -- CCND1 -- PPM1A -- SMURF2 -- PRKCE -- RHOA -- SOCS3 -- TNFRSF10B -- TNFRSF14 -- SQSTM1 -- IFNB1 -- PIAS2 -- HIP1 -- CASP8 -- OTUD7B -- BAD -- CASP7 -- SMPD1 -- CASP1 -- ERBB2 -- CYCS -- NFE2L2 -- IL16 -- HIF1A -- TP63 -- RPS6KA1 -- UBE2D3
517,FADD -- IL1B -- MYD88 -- IL2 -- MAPK14 -- NFATC2 -- CHUK -- E2F1 -- RB1 -- MYC -- NFKBIA -- TNF -- IL23A -- AKT1 -- SP1 -- ADAM17 -- EIF2AK2 -- BIRC3 -- TRAF2 -- CYLD -- TRAF1 -- IL4 -- CSF2 -- HSPB1 -- TERT -- STAT1 -- CDKN2A -- FBXO31 -- RIPK2 -- SMURF2 -- PRKCE -- FASLG -- RHOA -- NGF -- FGF14 -- MAP3K14 -- TNFRSF10B -- KRT18 -- RPAIN -- OTUD7B -- BAD -- CASP7 -- MTOR -- FAF1 -- BAX -- CYCS -- IL16 -- HIF1A -- TP63 -- RPS6KA1 -- UBE2D3
518,IL1B -- MYD88 -- IL2 -- CASP3 -- MAPK14 -- NFATC2 -- BCL2 -- CHUK -- MAPK3 -- E2F1 -- RELA -- PAK2 -- NFKBIA -- TNF -- ADAM17 -- TP53 -- TRADD -- CASP2 -- BIRC3 -- IRAK1 -- MAP4K4 -- TNFRSF1B -- TRAF1 -- MAP3K1 -- ZFP36 -- AR -- ATM -- CFLAR -- STAT1 -- FBXO31 -- CCND1 -- PRKCE -- NGF -- TNFRSF10B -- KRT18 -- SQSTM1 -- DAB2IP -- BAD -- BCL2L1 -- CASP7 -- MTOR -- FAF1 -- BID -- CYCS -- TP63
519,IL1B -- IL2 -- MAPK14 -- BCL2 -- NFKB1 -- MAPK1 -- MAPK3 -- E2F1 -- JUN -- NFKBIA -- TNF -- IL23A -- AKT1 -- TNFRSF1A -- SP1 -- TP53 -- CASP2 -- BIRC3 -- IRAK1 -- BIRC2 -- CDKN2A -- FBXO31 -- CCND1 -- RIPK2 -- SMURF2 -- PRKCE -- FASLG -- NGF -- FGF14 -- TNFRSF10B -- KRT18 -- DAB2IP -- IFNB1 -- PIAS2 -- IRF1 -- RPAIN -- HIP1 -- CASP8 -- OTUD7B -- BCL2L1 -- SMPD1 -- FAF1 -- PRNP -- BAX -- CYCS -- NFE2L2 -- HIF1A -- TP63 -- UBE2D3
520,FADD -- IL1B -- IL2 -- BCL2 -- CHUK -- NFKB1 -- MAPK1 -- MAPK3 -- IL23A -- AKT1 -- RXRB -- TNFRSF1A -- VEGFA -- TP53 -- RIPK1 -- EIF2AK2 -- IRAK1 -- TNFRSF1B -- AR -- BIRC2 -- ATM -- CFLAR -- IL4 -- HSPB1 -- IKBKB -- CDKN2A -- FBXO31 -- CCND1 -- MAP2K7 -- RIPK2 -- PPM1A -- PRKCE -- FASLG -- FGF14 -- TNFRSF14 -- DAB2IP -- IFNB1 -- PIAS2 -- IRF1 -- RPAIN -- OTUD7B -- BAD -- CASP7 -- ERBB2 -- PEA15 -- PRNP -- BID -- BAX -- HIF1A -- TP63
521,IL2 -- MAPK14 -- MAPK3 -- E2F1 -- PAK2 -- MYC -- TNF -- RXRB -- SP1 -- VEGFA -- EIF2AK2 -- BIRC3 -- IRAK1 -- TRAF1 -- MAP3K1 -- AR -- BIRC2 -- CFLAR -- TERT -- STAT1 -- FBXO31 -- CCND1 -- MAP2K7 -- PRKCE -- NGF -- MAP3K14 -- KRT18 -- TNFRSF14 -- SQSTM1 -- IFNB1 -- HIP1 -- CASP8 -- XIAP -- BAD -- SMPD1 -- CASP1 -- BAX -- CYCS -- NFE2L2 -- TP63 -- UBE2D3
522,FADD -- IL2 -- MAPK8 -- MAPK14 -- NFATC2 -- BCL2 -- NFKB1 -- MAPK1 -- MAPK3 -- E2F1 -- NFKBIA -- TNF -- AKT1 -- RXRB -- TNFRSF1A -- TNFAIP3 -- SP1 -- VEGFA -- TGFB1 -- IRAK1 -- MAP4K4 -- TNFRSF1B -- AR -- IL4 -- TERT -- STAT1 -- MAP2K7 -- RIPK2 -- PPM1A -- FASLG -- RHOA -- SOCS3 -- NGF -- MAP3K14 -- FGF7 -- SHC1 -- TNFRSF10B -- KRT18 -- DAB2IP -- IFNB1 -- RPAIN -- HIP1 -- CASP8 -- CASP7 -- CASP1 -- MTOR -- PRNP -- HIF1A
523,FADD -- MYD88 -- NFATC2 -- BCL2 -- CHUK -- NFKB1 -- MAPK1 -- MAPK3 -- E2F1 -- PAK2 -- JUN -- NFKBIA -- TNF -- TNFRSF1A -- ADAM17 -- TP53 -- RIPK1 -- EIF2AK2 -- MAP4K4 -- TNFRSF1B -- ZFP36 -- AR -- BIRC2 -- CFLAR -- IL4 -- CSF2 -- IKBKB -- FBXO31 -- CCND1 -- RIPK2 -- PRKCE -- FASLG -- SOCS3 -- NGF -- FGF14 -- DAB2IP -- XIAP -- SMPD1 -- MTOR -- PEA15 -- FAF1 -- BID -- CYCS -- IL16 -- TP63 -- UBE2D3
524,IL1B -- MYD88 -- IL2 -- MAPK8 -- NFATC2 -- BCL2 -- CHUK -- NFKB1 -- MAPK1 -- MAPK3 -- E2F1 -- RB1 -- JUN -- MYC -- TNF -- TNFAIP3 -- SP1 -- TGFB1 -- TRADD -- RIPK1 -- CASP2 -- MAP4K4 -- CYLD -- TRAF1 -- MAP3K1 -- AR -- ATM -- IL4 -- CSF2 -- STAT1 -- MAP2K7 -- SMURF2 -- PRKCE -- FASLG -- RHOA -- NGF -- FGF7 -- TNFRSF10B -- TNFRSF14 -- PIAS2 -- IRF1 -- XIAP -- BAD -- SMPD1 -- CASP1 -- PEA15 -- FAF1 -- PRNP -- BAX -- CYCS -- IL16 -- RPS6KA1 -- UBE2D3
525,FADD -- IL2 -- BCL2 -- CHUK -- PAK2 -- JUN -- NFKBIA -- TNF -- IL23A -- ADAM17 -- TP53 -- TRADD -- RIPK1 -- MAP4K4 -- MAP3K1 -- ATM -- IL4 -- HSPB1 -- TERT -- STAT1 -- PPM1A -- SMURF2 -- PRKCE -- FASLG -- SOCS3 -- FGF7 -- TNFRSF10B -- TNFRSF14 -- SQSTM1 -- IFNB1 -- IRF1 -- CASP8 -- BCL2L1 -- CASP1 -- ERBB2 -- FAF1 -- BAX -- CYCS -- NFE2L2
526,MYD88 -- MAPK8 -- BCL2 -- CHUK -- NFKB1 -- MAPK3 -- RELA -- PAK2 -- IL23A -- RXRB -- TNFAIP3 -- SP1 -- CASP2 -- MAP4K4 -- TNFRSF1B -- TRAF2 -- CYLD -- AR -- BIRC2 -- ATM -- CFLAR -- IL4 -- HSPB1 -- IKBKB -- TERT -- STAT1 -- CDKN2A -- MAP2K7 -- NGF -- MAP3K14 -- FGF7 -- SHC1 -- TNFRSF10B -- KRT18 -- PIAS2 -- RPAIN -- HIP1 -- CASP8 -- XIAP -- BAD -- ERBB2 -- MTOR -- NFE2L2 -- IL16
527,FADD -- IL1B -- MYD88 -- NFATC2 -- MAPK1 -- E2F1 -- RELA -- RB1 -- TNF -- IL23A -- RXRB -- TNFRSF1A -- TNFAIP3 -- VEGFA -- ADAM17 -- TP53 -- TGFB1 -- RIPK1 -- TRAF1 -- MAP3K1 -- AR -- ATM -- CFLAR -- HSPB1 -- STAT1 -- CDKN2A -- CCND1 -- MAP2K7 -- RIPK2 -- SMURF2 -- NGF -- MAP3K14 -- TNFRSF14 -- DAB2IP -- PIAS2 -- OTUD7B -- BAD -- SMPD1 -- CASP1 -- ERBB2 -- MTOR -- FAF1 -- BID -- IL16 -- HIF1A -- TP63
528,MYD88 -- MAPK8 -- MAPK14 -- NFATC2 -- BCL2 -- CHUK -- MAPK1 -- MAPK3 -- E2F1 -- RELA -- PAK2 -- RB1 -- JUN -- IL23A -- AKT1 -- RXRB -- TNFRSF1A -- ADAM17 -- TP53 -- TGFB1 -- RIPK1 -- BIRC3 -- IRAK1 -- MAP4K4 -- TNFRSF1B -- MAP3K1 -- AR -- ATM -- CFLAR -- IL4 -- IKBKB -- MAP2K7 -- SMURF2 -- RHOA -- SOCS3 -- FGF7 -- SHC1 -- TNFRSF10B -- KRT18 -- SQSTM1 -- DAB2IP -- PIAS2 -- RPAIN -- HIP1 -- CASP8 -- XIAP -- BCL2L1 -- CASP1 -- ERBB2 -- PEA15 -- FAF1 -- BID -- CYCS -- HIF1A
529,FADD -- IL1B -- MYD88 -- IL2 -- MAPK8 -- NFATC2 -- CHUK -- NFKB1 -- E2F1 -- PAK2 -- RB1 -- JUN -- MYC -- IL23A -- AKT1 -- RXRB -- TNFRSF1A -- SP1 -- VEGFA -- TP53 -- TGFB1 -- TRADD -- RIPK1 -- CASP2 -- BIRC3 -- MAP4K4 -- TNFRSF1B -- MAP3K1 -- ZFP36 -- AR -- BIRC2 -- ATM -- CFLAR -- HSPB1 -- STAT1 -- CDKN2A -- CCND1 -- MAP2K7 -- RIPK2 -- RHOA -- SOCS3 -- MAP3K14 -- TNFRSF10B -- SQSTM1 -- IFNB1 -- PIAS2 -- IRF1 -- HIP1 -- OTUD7B -- BCL2L1 -- SMPD1 -- MTOR -- PEA15 -- BID -- BAX -- CYCS -- NFE2L2 -- HIF1A
530,FADD -- IL1B -- MYD88 -- IL2 -- MAPK14 -- MAPK3 -- E2F1 -- RB1 -- JUN -- MYC -- AKT1 -- TNFRSF1A -- VEGFA -- ADAM17 -- TP53 -- TGFB1 -- TRADD -- RIPK1 -- EIF2AK2 -- MAP4K4 -- TNFRSF1B -- TRAF2 -- CYLD -- BIRC2 -- ATM -- CFLAR -- IL4 -- CSF2 -- FBXO31 -- RIPK2 -- SMURF2 -- PRKCE -- RHOA -- SOCS3 -- NGF -- MAP3K14 -- SHC1 -- TNFRSF10B -- KRT18 -- SQSTM1 -- PIAS2 -- RPAIN -- HIP1 -- CASP8 -- OTUD7B -- CASP1 -- ERBB2 -- FAF1 -- PRNP -- CYCS -- HIF1A -- RPS6KA1
531,FADD -- IL1B -- MYD88 -- BCL2 -- CHUK -- MAPK1 -- MAPK3 -- RELA -- MYC -- IL23A -- TNFAIP3 -- VEGFA -- ADAM17 -- RIPK1 -- CASP2 -- BIRC3 -- IRAK1 -- CYLD -- MAP3K1 -- AR -- ATM -- CFLAR -- IL4 -- IKBKB -- CDKN2A -- FBXO31 -- CCND1 -- MAP2K7 -- PPM1A -- SMURF2 -- SOCS3 -- FGF14 -- MAP3K14 -- FGF7 -- TNFRSF14 -- DAB2IP -- IFNB1 -- IRF1 -- HIP1 -- OTUD7B -- SMPD1 -- PRNP -- BAX -- IL16 -- TP63
532,IL1B -- CASP3 -- MAPK8 -- MAPK14 -- BCL2 -- NFKB1 -- RELA -- RB1 -- MYC -- NFKBIA -- IL23A -- AKT1 -- TNFRSF1A -- SP1 -- TP53 -- EIF2AK2 -- CASP2 -- TNFRSF1B -- CYLD -- MAP3K1 -- ZFP36 -- AR -- BIRC2 -- CSF2 -- CDKN2A -- PPM1A -- PRKCE -- RHOA -- SOCS3 -- FGF7 -- TNFRSF10B -- HIP1 -- CASP8 -- BCL2L1 -- SMPD1 -- CASP1 -- ERBB2 -- MTOR -- FAF1 -- PRNP -- BID -- BAX -- NFE2L2 -- HIF1A -- RPS6KA1 -- UBE2D3
533,IL1B -- MYD88 -- MAPK8 -- MAPK14 -- BCL2 -- NFKB1 -- MAPK1 -- PAK2 -- JUN -- MYC -- TNFRSF1A -- VEGFA -- ADAM17 -- TGFB1 -- EIF2AK2 -- CASP2 -- BIRC3 -- MAP4K4 -- TRAF2 -- CYLD -- TRAF1 -- MAP3K1 -- CFLAR -- IL4 -- CSF2 -- IKBKB -- TERT -- MAP2K7 -- RIPK2 -- PRKCE -- FASLG -- RHOA -- SOCS3 -- FGF14 -- MAP3K14 -- FGF7 -- KRT18 -- TNFRSF14 -- IFNB1 -- HIP1 -- XIAP -- BAD -- BCL2L1 -- SMPD1 -- CASP1 -- PEA15 -- PRNP -- BID -- CYCS -- IL16 -- HIF1A -- TP63 -- RPS6KA1 -- UBE2D3
534,FADD -- MYD88 -- CASP3 -- MAPK8 -- CHUK -- NFKB1 -- E2F1 -- RELA -- JUN -- NFKBIA -- TNF -- IL23A -- AKT1 -- TNFAIP3 -- ADAM17 -- TRADD -- EIF2AK2 -- MAP4K4 -- TNFRSF1B -- TRAF2 -- TRAF1 -- ZFP36 -- ATM -- TERT -- STAT1 -- CDKN2A -- RIPK2 -- FGF14 -- FGF7 -- TNFRSF10B -- DAB2IP -- PIAS2 -- IRF1 -- HIP1 -- CASP8 -- XIAP -- SMPD1 -- ERBB2 -- MTOR -- PRNP -- CYCS -- IL16 -- HIF1A -- TP63 -- UBE2D3
535,FADD -- IL1B -- CASP3 -- MAPK14 -- NFATC2 -- MAPK1 -- E2F1 -- RELA -- RB1 -- JUN -- IL23A -- TNFAIP3 -- TP53 -- TGFB1 -- RIPK1 -- BIRC3 -- IRAK1 -- MAP4K4 -- TNFRSF1B -- TRAF2 -- CYLD -- MAP3K1 -- ZFP36 -- ATM -- CFLAR -- IL4 -- HSPB1 -- TERT -- FBXO31 -- PPM1A -- SMURF2 -- PRKCE -- RHOA -- SOCS3 -- FGF14 -- MAP3K14 -- FGF7 -- TNFRSF10B -- TNFRSF14 -- SQSTM1 -- IFNB1 -- PIAS2 -- IRF1 -- RPAIN -- CASP8 -- BAD -- BCL2L1 -- CASP7 -- ERBB2 -- CYCS -- NFE2L2 -- TP63 -- RPS6KA1 -- UBE2D3
536,FADD -- MYD88 -- IL2 -- CASP3 -- MAPK8 -- CHUK -- NFKB1 -- MAPK1 -- PAK2 -- JUN -- IL23A -- RXRB -- TNFRSF1A -- SP1 -- VEGFA -- ADAM17 -- TP53 -- TRADD -- RIPK1 -- CASP2 -- IRAK1 -- TNFRSF1B -- TRAF1 -- MAP3K1 -- AR -- IKBKB -- TERT -- CDKN2A -- FBXO31 -- CCND1 -- RIPK2 -- SMURF2 -- FASLG -- SOCS3 -- FGF14 -- FGF7 -- SHC1 -- KRT18 -- TNFRSF14 -- DAB2IP -- IRF1 -- OTUD7B -- CASP7 -- SMPD1 -- ERBB2 -- MTOR -- FAF1 -- BID -- BAX -- CYCS -- NFE2L2 -- TP63
537,FADD -- IL1B -- MYD88 -- IL2 -- CASP3 -- MAPK14 -- BCL2 -- CHUK -- NFKB1 -- MAPK3 -- RB1 -- MYC -- NFKBIA -- AKT1 -- TGFB1 -- TRADD -- RIPK1 -- EIF2AK2 -- TNFRSF1B -- TRAF2 -- MAP3K1 -- ZFP36 -- BIRC2 -- ATM -- IL4 -- CSF2 -- CDKN2A -- FBXO31 -- PPM1A -- PRKCE -- FASLG -- RHOA -- SOCS3 -- FGF14 -- MAP3K14 -- FGF7 -- KRT18 -- TNFRSF14 -- HIP1 -- XIAP -- BCL2L1 -- CASP7 -- SMPD1 -- ERBB2 -- MTOR -- FAF1 -- BID -- BAX -- CYCS -- IL16 -- HIF1A
538,FADD -- IL1B -- IL2 -- CASP3 -- MAPK14 -- NFATC2 -- NFKB1 -- MAPK1 -- E2F1 -- RELA -- PAK2 -- RB1 -- JUN -- IL23A -- AKT1 -- SP1 -- TP53 -- TGFB1 -- TRADD -- RIPK1 -- EIF2AK2 -- TNFRSF1B -- TRAF2 -- TRAF1 -- ZFP36 -- AR -- ATM -- CFLAR -- CSF2 -- HSPB1 -- TERT -- CDKN2A -- FBXO31 -- CCND1 -- RIPK2 -- PPM1A -- PRKCE -- FASLG -- MAP3K14 -- FGF7 -- TNFRSF14 -- SQSTM1 -- PIAS2 -- HIP1 -- CASP8 -- XIAP -- BAD -- BCL2L1 -- ERBB2 -- MTOR -- PEA15 -- FAF1 -- PRNP -- BAX -- TP63 -- RPS6KA1
539,MYD88 -- CASP3 -- MAPK14 -- BCL2 -- NFKB1 -- RELA -- PAK2 -- RB1 -- JUN -- AKT1 -- TNFRSF1A -- SP1 -- VEGFA -- TRADD -- CASP2 -- MAP4K4 -- TNFRSF1B -- CYLD -- AR -- IL4 -- CSF2 -- HSPB1 -- TERT -- STAT1 -- CCND1 -- MAP2K7 -- SMURF2 -- PRKCE -- SOCS3 -- MAP3K14 -- SHC1 -- TNFRSF14 -- SQSTM1 -- DAB2IP -- IFNB1 -- RPAIN -- HIP1 -- OTUD7B -- XIAP -- BAD -- SMPD1 -- CASP1 -- MTOR -- PEA15 -- CYCS -- HIF1A -- UBE2D3
540,FADD -- IL1B -- CASP3 -- MAPK14 -- NFATC2 -- BCL2 -- CHUK -- NFKB1 -- MAPK1 -- MAPK3 -- RELA -- RB1 -- JUN -- NFKBIA -- IL23A -- AKT1 -- VEGFA -- TP53 -- TGFB1 -- TRADD -- BIRC3 -- IRAK1 -- MAP4K4 -- TNFRSF1B -- TRAF2 -- TRAF1 -- ZFP36 -- AR -- BIRC2 -- CFLAR -- HSPB1 -- STAT1 -- CDKN2A -- CCND1 -- MAP2K7 -- RIPK2 -- PPM1A -- RHOA -- SOCS3 -- FGF14 -- MAP3K14 -- FGF7 -- TNFRSF10B -- KRT18 -- DAB2IP -- CASP8 -- XIAP -- BCL2L1 -- CASP1 -- ERBB2 -- MTOR -- PEA15 -- FAF1 -- PRNP -- IL16 -- TP63 -- RPS6KA1 -- UBE2D3
541,FADD -- IL2 -- MAPK14 -- NFKB1 -- RELA -- JUN -- MYC -- NFKBIA -- RXRB -- VEGFA -- TP53 -- RIPK1 -- CASP2 -- BIRC3 -- TRAF2 -- AR -- CSF2 -- STAT1 -- CDKN2A -- FBXO31 -- CCND1 -- MAP2K7 -- PPM1A -- SMURF2 -- FASLG -- RHOA -- NGF -- FGF14 -- FGF7 -- SHC1 -- KRT18 -- DAB2IP -- IFNB1 -- RPAIN -- HIP1 -- OTUD7B -- CASP7 -- CASP1 -- ERBB2 -- PEA15 -- BID -- BAX -- CYCS -- IL16
542,FADD -- IL2 -- CASP3 -- MAPK8 -- NFATC2 -- CHUK -- MAPK1 -- MAPK3 -- RB1 -- JUN -- IL23A -- AKT1 -- TNFAIP3 -- VEGFA -- ADAM17 -- TP53 -- TGFB1 -- RIPK1 -- IRAK1 -- MAP4K4 -- TNFRSF1B -- ZFP36 -- CFLAR -- CSF2 -- HSPB1 -- IKBKB -- FBXO31 -- MAP2K7 -- FGF14 -- TNFRSF10B -- SQSTM1 -- DAB2IP -- IFNB1 -- RPAIN -- HIP1 -- CASP8 -- OTUD7B -- XIAP -- BCL2L1 -- ERBB2 -- BID -- BAX -- IL16 -- HIF1A -- TP63 -- RPS6KA1
543,FADD -- CASP3 -- MAPK8 -- MAPK14 -- NFATC2 -- CHUK -- NFKB1 -- MAPK3 -- JUN -- TNF -- IL23A -- TNFAIP3 -- VEGFA -- TGFB1 -- EIF2AK2 -- BIRC3 -- IRAK1 -- MAP4K4 -- TNFRSF1B -- TRAF2 -- CYLD -- TRAF1 -- MAP3K1 -- ZFP36 -- AR -- ATM -- CFLAR -- CSF2 -- HSPB1 -- FBXO31 -- RIPK2 -- FASLG -- FGF14 -- FGF7 -- SHC1 -- TNFRSF10B -- IRF1 -- RPAIN -- CASP8 -- OTUD7B -- XIAP -- BCL2L1 -- CASP7 -- SMPD1 -- MTOR -- PEA15 -- PRNP -- BID -- CYCS -- IL16 -- HIF1A -- TP63
544,IL1B -- MYD88 -- NFATC2 -- BCL2 -- CHUK -- NFKB1 -- MAPK1 -- MAPK3 -- E2F1 -- RB1 -- JUN -- TNF -- RXRB -- ADAM17 -- TGFB1 -- TRADD -- EIF2AK2 -- BIRC3 -- CYLD -- MAP3K1 -- BIRC2 -- ATM -- CFLAR -- IL4 -- HSPB1 -- TERT -- STAT1 -- CCND1 -- MAP2K7 -- PRKCE -- FASLG -- SOCS3 -- NGF -- MAP3K14 -- SHC1 -- TNFRSF14 -- SQSTM1 -- IFNB1 -- IRF1 -- HIP1 -- OTUD7B -- BAD -- CASP1 -- ERBB2 -- MTOR -- PEA15 -- FAF1 -- BID -- BAX -- CYCS -- HIF1A -- TP63 -- RPS6KA1
545,FADD -- MAPK14 -- BCL2 -- CHUK -- NFKB1 -- MAPK1 -- MAPK3 -- RELA -- RB1 -- JUN -- NFKBIA -- IL23A -- AKT1 -- TNFAIP3 -- SP1 -- VEGFA -- ADAM17 -- TP53 -- TGFB1 -- TRADD -- BIRC3 -- IRAK1 -- MAP4K4 -- TRAF2 -- CYLD -- TRAF1 -- BIRC2 -- ATM -- CFLAR -- IL4 -- CSF2 -- HSPB1 -- TERT -- FBXO31 -- MAP2K7 -- PPM1A -- SMURF2 -- FASLG -- RHOA -- TNFRSF10B -- KRT18 -- SQSTM1 -- DAB2IP -- RPAIN -- HIP1 -- XIAP -- BAD -- CASP7 -- SMPD1 -- CASP1 -- FAF1 -- PRNP -- BID -- BAX -- CYCS -- IL16 -- TP63
546,FADD -- MYD88 -- CASP3 -- NFATC2 -- BCL2 -- CHUK -- NFKB1 -- MAPK1 -- MAPK3 -- JUN -- MYC -- TNF -- IL23A -- AKT1 -- TNFRSF1A -- SP1 -- VEGFA -- TP53 -- TGFB1 -- CASP2 -- BIRC3 -- TRAF2 -- MAP3K1 -- ZFP36 -- AR -- BIRC2 -- ATM -- IL4 -- STAT1 -- CCND1 -- RIPK2 -- PPM1A -- SMURF2 -- MAP3K14 -- FGF7 -- KRT18 -- SQSTM1 -- DAB2IP -- IFNB1 -- IRF1 -- RPAIN -- CASP8 -- OTUD7B -- XIAP -- BCL2L1 -- CASP7 -- SMPD1 -- CASP1 -- ERBB2 -- PEA15 -- CYCS -- IL16 -- HIF1A -- TP63
547,IL2 -- MAPK14 -- BCL2 -- NFKB1 -- MAPK1 -- MAPK3 -- PAK2 -- RB1 -- MYC -- NFKBIA -- AKT1 -- RXRB -- TNFRSF1A -- VEGFA -- ADAM17 -- TP53 -- TRADD -- RIPK1 -- IRAK1 -- MAP4K4 -- MAP3K1 -- ZFP36 -- BIRC2 -- ATM -- CFLAR -- IL4 -- FBXO31 -- RIPK2 -- SOCS3 -- FGF14 -- SQSTM1 -- PIAS2 -- IRF1 -- RPAIN -- CASP8 -- XIAP -- BAD -- SMPD1 -- CASP1 -- MTOR -- PRNP -- CYCS -- NFE2L2 -- HIF1A -- TP63 -- UBE2D3
548,IL1B -- MYD88 -- MAPK14 -- NFATC2 -- BCL2 -- NFKB1 -- MAPK1 -- MAPK3 -- E2F1 -- RELA -- RB1 -- JUN -- MYC -- IL23A -- TNFAIP3 -- EIF2AK2 -- CASP2 -- IRAK1 -- TNFRSF1B -- MAP3K1 -- AR -- BIRC2 -- ATM -- CFLAR -- IL4 -- HSPB1 -- IKBKB -- CDKN2A -- CCND1 -- PPM1A -- SMURF2 -- RHOA -- FGF14 -- FGF7 -- KRT18 -- TNFRSF14 -- DAB2IP -- PIAS2 -- RPAIN -- HIP1 -- CASP8 -- OTUD7B -- CASP7 -- MTOR -- PRNP -- BAX -- NFE2L2 -- TP63
549,IL1B -- MYD88 -- CASP3 -- MAPK8 -- MAPK14 -- NFATC2 -- BCL2 -- NFKB1 -- MAPK1 -- E2F1 -- RELA -- PAK2 -- RB1 -- NFKBIA -- SP1 -- VEGFA -- TP53 -- TRADD -- RIPK1 -- EIF2AK2 -- MAP4K4 -- CYLD -- TRAF1 -- AR -- CFLAR -- CSF2 -- HSPB1 -- IKBKB -- STAT1 -- CDKN2A -- FBXO31 -- RIPK2 -- PPM1A -- PRKCE -- MAP3K14 -- FGF7 -- SHC1 -- KRT18 -- SQSTM1 -- IFNB1 -- IRF1 -- RPAIN -- HIP1 -- XIAP -- BAD -- BCL2L1 -- CASP7 -- SMPD1 -- ERBB2 -- PEA15 -- FAF1 -- BAX -- CYCS -- HIF1A -- TP63 -- RPS6KA1
550,IL1B -- MYD88 -- CASP3 -- NFATC2 -- BCL2 -- PAK2 -- RB1 -- MYC -- NFKBIA -- TNF -- IL23A -- TNFRSF1A -- SP1 -- VEGFA -- TGFB1 -- TRADD -- EIF2AK2 -- BIRC3 -- IRAK1 -- TRAF2 -- TRAF1 -- MAP3K1 -- ZFP36 -- CFLAR -- CSF2 -- HSPB1 -- IKBKB -- CDKN2A -- FBXO31 -- CCND1 -- PPM1A -- FASLG -- FGF7 -- KRT18 -- SQSTM1 -- PIAS2 -- IRF1 -- RPAIN -- HIP1 -- CASP8 -- BAD -- BCL2L1 -- CASP1 -- MTOR -- PEA15 -- FAF1 -- BID -- BAX -- CYCS -- NFE2L2 -- UBE2D3
551,FADD -- IL2 -- CASP3 -- MAPK8 -- PAK2 -- RB1 -- JUN -- MYC -- AKT1 -- ADAM17 -- TP53 -- TRADD -- RIPK1 -- EIF2AK2 -- BIRC3 -- MAP4K4 -- TRAF2 -- CYLD -- TRAF1 -- AR -- IL4 -- HSPB1 -- TERT -- FBXO31 -- CCND1 -- PPM1A -- SMURF2 -- PRKCE -- FASLG -- FGF14 -- MAP3K14 -- SHC1 -- TNFRSF10B -- KRT18 -- IFNB1 -- RPAIN -- HIP1 -- OTUD7B -- BCL2L1 -- ERBB2 -- MTOR -- FAF1 -- PRNP -- CYCS -- TP63 -- UBE2D3
552,FADD -- IL1B -- MYD88 -- IL2 -- NFATC2 -- CHUK -- RELA -- PAK2 -- RB1 -- JUN -- NFKBIA -- IL23A -- TNFRSF1A -- TNFAIP3 -- SP1 -- VEGFA -- ADAM17 -- TRADD -- RIPK1 -- EIF2AK2 -- TNFRSF1B -- TRAF2 -- CYLD -- BIRC2 -- CFLAR -- IL4 -- IKBKB -- TERT -- STAT1 -- CDKN2A -- FBXO31 -- CCND1 -- MAP2K7 -- PPM1A -- PRKCE -- RHOA -- FGF14 -- SHC1 -- TNFRSF10B -- KRT18 -- TNFRSF14 -- IFNB1 -- PIAS2 -- IRF1 -- RPAIN -- HIP1 -- CASP8 -- OTUD7B -- XIAP -- BAD -- ERBB2 -- PEA15 -- FAF1 -- BID -- CYCS -- NFE2L2 -- TP63 -- RPS6KA1 -- UBE2D3
553,MYD88 -- IL2 -- CASP3 -- BCL2 -- MAPK3 -- PAK2 -- MYC -- TNFRSF1A -- TNFAIP3 -- SP1 -- VEGFA -- TGFB1 -- TRADD -- EIF2AK2 -- IRAK1 -- MAP4K4 -- TNFRSF1B -- TRAF2 -- TRAF1 -- MAP3K1 -- BIRC2 -- CFLAR -- IL4 -- TERT -- STAT1 -- CDKN2A -- FBXO31 -- CCND1 -- RIPK2 -- RHOA -- SOCS3 -- MAP3K14 -- SHC1 -- TNFRSF10B -- SQSTM1 -- IFNB1 -- PIAS2 -- IRF1 -- RPAIN -- OTUD7B -- CASP7 -- FAF1 -- PRNP -- IL16 -- HIF1A -- TP63 -- RPS6KA1 -- UBE2D3
554,FADD -- CASP3 -- MAPK14 -- NFATC2 -- CHUK -- MAPK1 -- MAPK3 -- E2F1 -- RB1 -- JUN -- TNF -- IL23A -- TNFRSF1A -- VEGFA -- TP53 -- TGFB1 -- RIPK1 -- EIF2AK2 -- TNFRSF1B -- TRAF2 -- CYLD -- TRAF1 -- AR -- HSPB1 -- TERT -- FBXO31 -- CCND1 -- MAP2K7 -- PPM1A -- PRKCE -- FASLG -- RHOA -- SOCS3 -- MAP3K14 -- IFNB1 -- IRF1 -- CASP8 -- OTUD7B -- XIAP -- BCL2L1 -- CASP1 -- ERBB2 -- MTOR -- PRNP -- BID -- CYCS -- NFE2L2 -- IL16 -- HIF1A -- TP63
555,FADD -- IL1B -- IL2 -- CASP3 -- MAPK14 -- CHUK -- MAPK1 -- MAPK3 -- RB1 -- NFKBIA -- AKT1 -- SP1 -- TGFB1 -- TRADD -- RIPK1 -- MAP4K4 -- TNFRSF1B -- TRAF2 -- CYLD -- TRAF1 -- ZFP36 -- AR -- IL4 -- HSPB1 -- IKBKB -- TERT -- STAT1 -- FBXO31 -- CCND1 -- MAP2K7 -- PRKCE -- FASLG -- SOCS3 -- FGF14 -- SHC1 -- KRT18 -- TNFRSF14 -- SQSTM1 -- RPAIN -- HIP1 -- CASP8 -- OTUD7B -- BAD -- CASP7 -- ERBB2 -- FAF1 -- CYCS -- NFE2L2 -- TP63 -- UBE2D3
556,FADD -- CASP3 -- MAPK8 -- MAPK14 -- NFATC2 -- BCL2 -- CHUK -- MAPK3 -- RELA -- RB1 -- JUN -- AKT1 -- TNFAIP3 -- VEGFA -- ADAM17 -- TP53 -- CASP2 -- MAP4K4 -- TNFRSF1B -- TRAF2 -- CYLD -- MAP3K1 -- ZFP36 -- ATM -- IL4 -- CSF2 -- IKBKB -- TERT -- STAT1 -- CDKN2A -- RIPK2 -- SOCS3 -- FGF7 -- TNFRSF10B -- KRT18 -- TNFRSF14 -- DAB2IP -- IFNB1 -- IRF1 -- CASP8 -- OTUD7B -- BAD -- CASP7 -- CASP1 -- PEA15 -- FAF1 -- CYCS -- HIF1A -- RPS6KA1
557,FADD -- IL1B -- MYD88 -- CASP3 -- BCL2 -- NFKB1 -- MAPK1 -- MAPK3 -- RELA -- PAK2 -- RB1 -- MYC -- NFKBIA -- AKT1 -- TNFRSF1A -- TNFAIP3 -- TGFB1 -- RIPK1 -- CASP2 -- BIRC3 -- CYLD -- ATM -- IL4 -- IKBKB -- TERT -- STAT1 -- CDKN2A -- CCND1 -- MAP2K7 -- PPM1A -- SMURF2 -- PRKCE -- TNFRSF10B -- KRT18 -- RPAIN -- HIP1 -- CASP8 -- OTUD7B -- XIAP -- CASP7 -- ERBB2 -- MTOR -- PRNP -- CYCS -- IL16 -- HIF1A -- TP63
558,IL1B -- IL2 -- BCL2 -- CHUK -- MAPK3 -- RB1 -- TNF -- IL23A -- TNFRSF1A -- TNFAIP3 -- VEGFA -- TRADD -- CASP2 -- TNFRSF1B -- TRAF2 -- CYLD -- TRAF1 -- AR -- ATM -- CFLAR -- IL4 -- IKBKB -- STAT1 -- FBXO31 -- CCND1 -- MAP2K7 -- PPM1A -- PRKCE -- SOCS3 -- FGF14 -- FGF7 -- TNFRSF10B -- TNFRSF14 -- SQSTM1 -- IFNB1 -- IRF1 -- XIAP -- BAD -- BCL2L1 -- CASP1 -- PEA15 -- PRNP -- BID -- BAX -- CYCS -- IL16 -- HIF1A -- RPS6KA1 -- UBE2D3
559,IL1B -- IL2 -- CASP3 -- MAPK14 -- NFATC2 -- BCL2 -- CHUK -- MAPK3 -- E2F1 -- PAK2 -- RB1 -- MYC -- NFKBIA -- TNF -- IL23A -- RXRB -- TNFRSF1A -- SP1 -- VEGFA -- TGFB1 -- CASP2 -- IRAK1 -- TRAF1 -- MAP3K1 -- ATM -- IL4 -- CSF2 -- HSPB1 -- IKBKB -- STAT1 -- FBXO31 -- MAP2K7 -- SMURF2 -- PRKCE -- FASLG -- RHOA -- FGF7 -- TNFRSF10B -- KRT18 -- TNFRSF14 -- DAB2IP -- IFNB1 -- IRF1 -- HIP1 -- CASP8 -- BAD -- CASP7 -- SMPD1 -- CASP1 -- MTOR -- PEA15 -- FAF1 -- CYCS -- NFE2L2 -- IL16 -- TP63
560,IL1B -- MYD88 -- NFATC2 -- BCL2 -- CHUK -- MAPK3 -- RELA -- RB1 -- JUN -- MYC -- NFKBIA -- IL23A -- AKT1 -- TNFRSF1A -- TNFAIP3 -- ADAM17 -- TRADD -- RIPK1 -- CASP2 -- BIRC3 -- TRAF2 -- MAP3K1 -- AR -- CFLAR -- IL4 -- IKBKB -- TERT -- STAT1 -- CCND1 -- MAP2K7 -- RIPK2 -- PRKCE -- FASLG -- RHOA -- NGF -- MAP3K14 -- SHC1 -- KRT18 -- TNFRSF14 -- SQSTM1 -- IFNB1 -- PIAS2 -- RPAIN -- OTUD7B -- BAD -- BCL2L1 -- CASP1 -- ERBB2 -- MTOR -- PEA15 -- FAF1 -- PRNP -- BID -- HIF1A -- UBE2D3
561,FADD -- IL2 -- MAPK8 -- BCL2 -- NFKB1 -- MAPK1 -- MAPK3 -- JUN -- MYC -- IL23A -- RXRB -- TNFRSF1A -- TNFAIP3 -- ADAM17 -- RIPK1 -- EIF2AK2 -- BIRC3 -- IRAK1 -- TNFRSF1B -- TRAF2 -- TRAF1 -- MAP3K1 -- AR -- BIRC2 -- IKBKB -- TERT -- CDKN2A -- FBXO31 -- MAP2K7 -- RIPK2 -- PPM1A -- PRKCE -- FASLG -- SOCS3 -- NGF -- MAP3K14 -- KRT18 -- TNFRSF14 -- SQSTM1 -- DAB2IP -- RPAIN -- HIP1 -- XIAP -- MTOR -- FAF1 -- BID -- BAX -- CYCS -- NFE2L2 -- IL16 -- UBE2D3
562,FADD -- IL1B -- MYD88 -- IL2 -- CASP3 -- MAPK8 -- BCL2 -- CHUK -- MAPK3 -- E2F1 -- RELA -- JUN -- NFKBIA -- TNF -- AKT1 -- RXRB -- TNFRSF1A -- TNFAIP3 -- ADAM17 -- TGFB1 -- CASP2 -- MAP4K4 -- TNFRSF1B -- TRAF2 -- TRAF1 -- ZFP36 -- IL4 -- HSPB1 -- IKBKB -- CCND1 -- MAP2K7 -- RIPK2 -- SMURF2 -- FASLG -- RHOA -- SOCS3 -- FGF14 -- MAP3K14 -- FGF7 -- SHC1 -- KRT18 -- TNFRSF14 -- SQSTM1 -- IFNB1 -- PIAS2 -- RPAIN -- HIP1 -- CASP8 -- XIAP -- CASP1 -- MTOR -- FAF1 -- BAX -- CYCS -- NFE2L2 -- IL16 -- HIF1A -- TP63 -- UBE2D3
563,IL1B -- MYD88 -- IL2 -- NFATC2 -- BCL2 -- MAPK1 -- E2F1 -- RELA -- JUN -- NFKBIA -- AKT1 -- TNFRSF1A -- TNFAIP3 -- SP1 -- CASP2 -- BIRC3 -- IRAK1 -- MAP4K4 -- TNFRSF1B -- MAP3K1 -- AR -- BIRC2 -- ATM -- CFLAR -- IKBKB -- CCND1 -- MAP2K7 -- PPM1A -- PRKCE -- FASLG -- NGF -- SHC1 -- TNFRSF10B -- TNFRSF14 -- SQSTM1 -- DAB2IP -- PIAS2 -- IRF1 -- RPAIN -- HIP1 -- OTUD7B -- BAD -- CASP7 -- SMPD1 -- CASP1 -- ERBB2 -- MTOR -- PRNP -- BAX -- NFE2L2 -- HIF1A -- UBE2D3
564,IL1B -- CASP3 -- MAPK8 -- CHUK -- MAPK1 -- MAPK3 -- E2F1 -- RELA -- PAK2 -- RB1 -- JUN -- IL23A -- TNFRSF1A -- VEGFA -- ADAM17 -- TGFB1 -- CASP2 -- TRAF2 -- MAP3K1 -- AR -- ATM -- CFLAR -- IL4 -- CSF2 -- HSPB1 -- IKBKB -- CDKN2A -- RIPK2 -- PRKCE -- FASLG -- RHOA -- SOCS3 -- FGF14 -- SHC1 -- TNFRSF14 -- IFNB1 -- PIAS2 -- IRF1 -- RPAIN -- HIP1 -- CASP8 -- OTUD7B -- BAD -- CASP7 -- SMPD1 -- MTOR -- PEA15 -- FAF1 -- PRNP -- BID -- NFE2L2 -- TP63 -- UBE2D3
565,MYD88 -- CASP3 -- MAPK8 -- MAPK1 -- RELA -- PAK2 -- MYC -- NFKBIA -- TNF -- IL23A -- AKT1 -- RXRB -- TNFRSF1A -- VEGFA -- TGFB1 -- RIPK1 -- CASP2 -- BIRC3 -- MAP4K4 -- TNFRSF1B -- AR -- BIRC2 -- CFLAR -- HSPB1 -- IKBKB -- CDKN2A -- MAP2K7 -- RIPK2 -- PRKCE -- FASLG -- RHOA -- FGF7 -- KRT18 -- IFNB1 -- PIAS2 -- IRF1 -- RPAIN -- CASP8 -- BAD -- BCL2L1 -- CASP7 -- CASP1 -- ERBB2 -- MTOR -- PEA15 -- BID -- CYCS -- NFE2L2 -- UBE2D3
566,CASP3 -- MAPK8 -- MAPK14 -- NFATC2 -- BCL2 -- CHUK -- NFKB1 -- MAPK1 -- RELA -- NFKBIA -- SP1 -- ADAM17 -- TP53 -- RIPK1 -- CASP2 -- IRAK1 -- MAP4K4 -- TNFRSF1B -- CYLD -- TRAF1 -- ATM -- CFLAR -- IL4 -- CSF2 -- HSPB1 -- STAT1 -- CCND1 -- MAP2K7 -- PPM1A -- SMURF2 -- SOCS3 -- NGF -- SHC1 -- TNFRSF10B -- TNFRSF14 -- DAB2IP -- HIP1 -- OTUD7B -- BAD -- PRNP -- BID -- BAX -- CYCS -- HIF1A -- TP63 -- UBE2D3
567,FADD -- IL1B -- MYD88 -- IL2 -- CASP3 -- MAPK8 -- NFATC2 -- BCL2 -- CHUK -- MAPK1 -- E2F1 -- RELA -- PAK2 -- JUN -- TNF -- RXRB -- TNFAIP3 -- TP53 -- TRADD -- EIF2AK2 -- IRAK1 -- TNFRSF1B -- CYLD -- AR -- BIRC2 -- ATM -- HSPB1 -- IKBKB -- STAT1 -- FBXO31 -- CCND1 -- PRKCE -- FASLG -- RHOA -- FGF14 -- TNFRSF10B -- KRT18 -- HIP1 -- CASP8 -- OTUD7B -- CASP7 -- CASP1 -- PEA15 -- BAX -- CYCS -- HIF1A -- UBE2D3
568,FADD -- MYD88 -- CASP3 -- MAPK8 -- NFKB1 -- MAPK1 -- MAPK3 -- RELA -- RB1 -- NFKBIA -- IL23A -- AKT1 -- RXRB -- TNFAIP3 -- SP1 -- VEGFA -- TP53 -- TGFB1 -- TNFRSF1B -- TRAF2 -- CYLD -- MAP3K1 -- AR -- ATM -- CFLAR -- HSPB1 -- IKBKB -- STAT1 -- FBXO31 -- MAP2K7 -- RIPK2 -- PPM1A -- SMURF2 -- FASLG -- SOCS3 -- SHC1 -- KRT18 -- TNFRSF14 -- SQSTM1 -- IFNB1 -- PIAS2 -- HIP1 -- XIAP -- BCL2L1 -- SMPD1 -- CASP1 -- ERBB2 -- FAF1 -- PRNP -- BAX -- CYCS -- IL16 -- HIF1A -- TP63
569,FADD -- MYD88 -- IL2 -- CASP3 -- MAPK8 -- MAPK14 -- BCL2 -- CHUK -- NFKB1 -- MAPK1 -- MAPK3 -- E2F1 -- RELA -- MYC -- TNF -- IL23A -- AKT1 -- TNFRSF1A -- TNFAIP3 -- ADAM17 -- TRADD -- RIPK1 -- MAP4K4 -- TNFRSF1B -- TRAF1 -- MAP3K1 -- IL4 -- HSPB1 -- STAT1 -- CDKN2A -- FBXO31 -- RIPK2 -- SMURF2 -- PRKCE -- FASLG -- NGF -- IRF1 -- RPAIN -- CASP8 -- CASP1 -- ERBB2 -- PRNP -- BAX -- NFE2L2 -- TP63 -- RPS6KA1
570,MYD88 -- IL2 -- CASP3 -- MAPK8 -- MAPK14 -- NFKB1 -- MAPK3 -- E2F1 -- RELA -- PAK2 -- RB1 -- NFKBIA -- TNF -- IL23A -- RXRB -- TNFAIP3 -- SP1 -- VEGFA -- TGFB1 -- CASP2 -- MAP4K4 -- TNFRSF1B -- ZFP36 -- CFLAR -- CSF2 -- IKBKB -- TERT -- STAT1 -- PPM1A -- FGF14 -- MAP3K14 -- FGF7 -- SQSTM1 -- IRF1 -- CASP8 -- XIAP -- SMPD1 -- MTOR -- BID -- NFE2L2 -- IL16 -- HIF1A
571,FADD -- IL1B -- IL2 -- MAPK8 -- NFATC2 -- NFKB1 -- MAPK3 -- RB1 -- MYC -- TNF -- IL23A -- AKT1 -- RXRB -- TNFRSF1A -- VEGFA -- ADAM17 -- TGFB1 -- RIPK1 -- CASP2 -- BIRC3 -- MAP4K4 -- TNFRSF1B -- TRAF1 -- MAP3K1 -- ZFP36 -- CFLAR -- IL4 -- CSF2 -- TERT -- STAT1 -- CCND1 -- RIPK2 -- PPM1A -- PRKCE -- FASLG -- RHOA -- NGF -- FGF14 -- FGF7 -- SHC1 -- TNFRSF14 -- PIAS2 -- RPAIN -- HIP1 -- CASP8 -- OTUD7B -- XIAP -- MTOR -- FAF1 -- PRNP -- CYCS -- NFE2L2 -- TP63
572,FADD -- IL1B -- MYD88 -- CASP3 -- MAPK8 -- BCL2 -- CHUK -- NFKB1 -- MAPK1 -- MAPK3 -- E2F1 -- PAK2 -- RB1 -- JUN -- MYC -- IL23A -- RXRB -- TNFRSF1A -- VEGFA -- TP53 -- TGFB1 -- CASP2 -- MAP4K4 -- TNFRSF1B -- TRAF2 -- ZFP36 -- BIRC2 -- ATM -- IL4 -- HSPB1 -- TERT -- STAT1 -- CDKN2A -- FBXO31 -- CCND1 -- MAP2K7 -- FASLG -- SOCS3 -- NGF -- FGF14 -- DAB2IP -- IFNB1 -- PIAS2 -- IRF1 -- HIP1 -- CASP8 -- CASP7 -- ERBB2 -- FAF1 -- PRNP -- NFE2L2 -- RPS6KA1
573,CASP3 -- MAPK14 -- CHUK -- MAPK3 -- E2F1 -- JUN -- MYC -- IL23A -- RXRB -- SP1 -- VEGFA -- ADAM17 -- TP53 -- TGFB1 -- EIF2AK2 -- CASP2 -- IRAK1 -- TRAF2 -- MAP3K1 -- ZFP36 -- ATM -- CFLAR -- IL4 -- HSPB1 -- IKBKB -- STAT1 -- CCND1 -- RIPK2 -- SMURF2 -- FASLG -- FGF14 -- MAP3K14 -- FGF7 -- TNFRSF14 -- SQSTM1 -- DAB2IP -- IFNB1 -- IRF1 -- CASP8 -- OTUD7B -- XIAP -- BAD -- BCL2L1 -- SMPD1 -- CASP1 -- ERBB2 -- FAF1 -- PRNP -- BID -- CYCS -- HIF1A -- RPS6KA1
574,MAPK8 -- BCL2 -- MAPK3 -- E2F1 -- RB1 -- NFKBIA -- TNF -- RXRB -- TNFAIP3 -- VEGFA -- TP53 -- TGFB1 -- EIF2AK2 -- TNFRSF1B -- AR -- CFLAR -- IKBKB -- TERT -- STAT1 -- CCND1 -- MAP2K7 -- PPM1A -- PRKCE -- FASLG -- RHOA -- FGF14 -- MAP3K14 -- FGF7 -- TNFRSF10B -- DAB2IP -- PIAS2 -- IRF1 -- RPAIN -- HIP1 -- OTUD7B -- XIAP -- BCL2L1 -- CASP7 -- SMPD1 -- ERBB2 -- PRNP -- CYCS -- IL16 -- HIF1A -- UBE2D3
575,FADD -- MYD88 -- CASP3 -- MAPK8 -- BCL2 -- CHUK -- MAPK1 -- E2F1 -- RELA -- RB1 -- MYC -- TNF -- IL23A -- SP1 -- ADAM17 -- TGFB1 -- TRAF2 -- CYLD -- TRAF1 -- MAP3K1 -- ZFP36 -- AR -- ATM -- CFLAR -- CDKN2A -- FBXO31 -- CCND1 -- MAP2K7 -- RIPK2 -- FASLG -- RHOA -- SOCS3 -- FGF14 -- FGF7 -- SHC1 -- KRT18 -- IFNB1 -- HIP1 -- CASP8 -- XIAP -- BCL2L1 -- CASP7 -- ERBB2 -- MTOR -- PEA15 -- BAX -- HIF1A -- RPS6KA1
576,IL1B -- MYD88 -- IL2 -- CASP3 -- CHUK -- NFKB1 -- JUN -- MYC -- IL23A -- RXRB -- TNFAIP3 -- SP1 -- ADAM17 -- TP53 -- TGFB1 -- TRADD -- EIF2AK2 -- BIRC3 -- IRAK1 -- MAP4K4 -- TRAF2 -- CYLD -- ZFP36 -- CFLAR -- RIPK2 -- PPM1A -- PRKCE -- FASLG -- RHOA -- MAP3K14 -- TNFRSF10B -- TNFRSF14 -- PIAS2 -- IRF1 -- XIAP -- BAD -- BCL2L1 -- SMPD1 -- PEA15 -- PRNP -- BID -- BAX -- NFE2L2 -- IL16 -- RPS6KA1 -- UBE2D3
577,IL2 -- MAPK8 -- NFATC2 -- CHUK -- MAPK3 -- RELA -- JUN -- TNF -- IL23A -- VEGFA -- TP53 -- TGFB1 -- TRADD -- RIPK1 -- EIF2AK2 -- CASP2 -- IRAK1 -- MAP4K4 -- TRAF1 -- MAP3K1 -- AR -- ATM -- CFLAR -- CSF2 -- IKBKB -- TERT -- STAT1 -- FBXO31 -- RIPK2 -- SMURF2 -- PRKCE -- FASLG -- RHOA -- NGF -- FGF14 -- FGF7 -- TNFRSF10B -- TNFRSF14 -- PIAS2 -- RPAIN -- CASP8 -- OTUD7B -- XIAP -- BAD -- BCL2L1 -- CASP7 -- SMPD1 -- MTOR -- PEA15 -- FAF1 -- PRNP -- RPS6KA1
578,CASP3 -- CHUK -- MAPK1 -- MAPK3 -- RB1 -- TNF -- RXRB -- TGFB1 -- TRADD -- CASP2 -- IRAK1 -- MAP4K4 -- TRAF2 -- CYLD -- ZFP36 -- AR -- BIRC2 -- ATM -- IL4 -- HSPB1 -- IKBKB -- STAT1 -- CDKN2A -- FBXO31 -- MAP2K7 -- RIPK2 -- PPM1A -- SMURF2 -- FASLG -- NGF -- TNFRSF10B -- SQSTM1 -- DAB2IP -- IFNB1 -- IRF1 -- OTUD7B -- XIAP -- CASP7 -- SMPD1 -- CASP1 -- ERBB2 -- MTOR -- FAF1 -- PRNP -- BID -- BAX -- TP63
579,FADD -- IL1B -- IL2 -- MAPK14 -- NFATC2 -- CHUK -- NFKB1 -- MAPK1 -- MAPK3 -- E2F1 -- PAK2 -- JUN -- TNF -- IL23A -- RXRB -- TNFAIP3 -- SP1 -- VEGFA -- ADAM17 -- RIPK1 -- EIF2AK2 -- BIRC3 -- IRAK1 -- TRAF2 -- CYLD -- AR -- IL4 -- CSF2 -- HSPB1 -- TERT -- STAT1 -- FBXO31 -- RIPK2 -- FASLG -- NGF -- TNFRSF10B -- KRT18 -- TNFRSF14 -- SQSTM1 -- IRF1 -- OTUD7B -- SMPD1 -- MTOR -- PEA15 -- FAF1 -- CYCS -- NFE2L2 -- IL16 -- TP63 -- UBE2D3
580,FADD -- IL1B -- IL2 -- MAPK8 -- MAPK14 -- NFATC2 -- BCL2 -- NFKB1 -- MAPK1 -- MAPK3 -- E2F1 -- NFKBIA -- IL23A -- RXRB -- SP1 -- VEGFA -- ADAM17 -- RIPK1 -- CASP2 -- TNFRSF1B -- TRAF2 -- TRAF1 -- ZFP36 -- AR -- BIRC2 -- CFLAR -- HSPB1 -- RIPK2 -- PPM1A -- SMURF2 -- FASLG -- FGF14 -- MAP3K14 -- TNFRSF10B -- KRT18 -- TNFRSF14 -- SQSTM1 -- IFNB1 -- IRF1 -- RPAIN -- OTUD7B -- BCL2L1 -- CASP7 -- SMPD1 -- FAF1 -- PRNP -- CYCS -- RPS6KA1
581,FADD -- IL1B -- IL2 -- MAPK14 -- NFATC2 -- BCL2 -- E2F1 -- RELA -- RB1 -- JUN -- MYC -- NFKBIA -- RXRB -- RIPK1 -- CASP2 -- BIRC3 -- MAP4K4 -- TRAF2 -- ZFP36 -- CFLAR -- IL4 -- HSPB1 -- IKBKB -- TERT -- STAT1 -- CDKN2A -- FBXO31 -- CCND1 -- MAP2K7 -- PPM1A -- PRKCE -- NGF -- FGF14 -- SHC1 -- SQSTM1 -- DAB2IP -- IFNB1 -- CASP7 -- PEA15 -- BAX -- NFE2L2 -- IL16 -- HIF1A
582,MYD88 -- NFATC2 -- BCL2 -- CHUK -- MAPK1 -- RELA -- PAK2 -- IL23A -- TNFRSF1A -- TNFAIP3 -- SP1 -- VEGFA -- ADAM17 -- TP53 -- TGFB1 -- CASP2 -- BIRC3 -- TRAF2 -- CYLD -- BIRC2 -- ATM -- IL4 -- CSF2 -- HSPB1 -- TERT -- STAT1 -- CDKN2A -- FBXO31 -- MAP2K7 -- PPM1A -- RHOA -- FGF14 -- MAP3K14 -- TNFRSF10B -- TNFRSF14 -- SQSTM1 -- DAB2IP -- PIAS2 -- OTUD7B -- XIAP -- BCL2L1 -- CASP7 -- SMPD1 -- ERBB2 -- BAX -- CYCS -- TP63 -- UBE2D3
583,IL1B -- MYD88 -- IL2 -- MAPK14 -- NFATC2 -- BCL2 -- CHUK -- RELA -- PAK2 -- MYC -- TNF -- IL23A -- AKT1 -- RXRB -- VEGFA -- ADAM17 -- RIPK1 -- EIF2AK2 -- TRAF2 -- TRAF1 -- MAP3K1 -- ZFP36 -- AR -- CFLAR -- HSPB1 -- STAT1 -- FBXO31 -- RIPK2 -- PPM1A -- RHOA -- NGF -- MAP3K14 -- FGF7 -- SHC1 -- DAB2IP -- IFNB1 -- PIAS2 -- IRF1 -- OTUD7B -- BAD -- ERBB2 -- MTOR -- FAF1 -- BAX -- UBE2D3
584,MYD88 -- IL2 -- CASP3 -- BCL2 -- CHUK -- MAPK3 -- RELA -- PAK2 -- RB1 -- MYC -- RXRB -- TNFRSF1A -- VEGFA -- TRADD -- EIF2AK2 -- BIRC3 -- MAP4K4 -- TNFRSF1B -- TRAF2 -- CYLD -- IKBKB -- STAT1 -- CCND1 -- RIPK2 -- PPM1A -- SMURF2 -- FASLG -- SOCS3 -- NGF -- SHC1 -- TNFRSF10B -- KRT18 -- TNFRSF14 -- DAB2IP -- RPAIN -- CASP8 -- OTUD7B -- BAD -- BCL2L1 -- CASP7 -- MTOR -- PEA15 -- FAF1 -- PRNP -- BAX -- CYCS -- NFE2L2 -- HIF1A
585,MYD88 -- IL2 -- NFATC2 -- BCL2 -- CHUK -- NFKB1 -- MAPK1 -- E2F1 -- PAK2 -- MYC -- TNF -- IL23A -- AKT1 -- TNFRSF1A -- TNFAIP3 -- SP1 -- TP53 -- TGFB1 -- TRADD -- RIPK1 -- CASP2 -- IRAK1 -- MAP4K4 -- TNFRSF1B -- CYLD -- TRAF1 -- MAP3K1 -- CFLAR -- CSF2 -- HSPB1 -- MAP2K7 -- RIPK2 -- PPM1A -- PRKCE -- FASLG -- RHOA -- SOCS3 -- NGF -- FGF14 -- MAP3K14 -- FGF7 -- SQSTM1 -- DAB2IP -- IFNB1 -- RPAIN -- HIP1 -- CASP8 -- SMPD1 -- MTOR -- PEA15 -- FAF1 -- PRNP -- BID -- CYCS -- IL16 -- TP63 -- RPS6KA1
586,IL1B -- MYD88 -- MAPK14 -- NFATC2 -- MAPK1 -- PAK2 -- RB1 -- TNF -- IL23A -- TNFAIP3 -- VEGFA -- TP53 -- EIF2AK2 -- CASP2 -- IRAK1 -- AR -- CFLAR -- IL4 -- CSF2 -- HSPB1 -- STAT1 -- CCND1 -- MAP2K7 -- RIPK2 -- SMURF2 -- RHOA -- FGF14 -- FGF7 -- SHC1 -- TNFRSF10B -- TNFRSF14 -- SQSTM1 -- DAB2IP -- IFNB1 -- RPAIN -- HIP1 -- CASP8 -- OTUD7B -- BAD -- CASP7 -- CASP1 -- ERBB2 -- PEA15 -- BID -- BAX -- NFE2L2 -- IL16 -- HIF1A -- TP63
587,IL2 -- MAPK14 -- NFATC2 -- BCL2 -- NFKB1 -- E2F1 -- PAK2 -- RB1 -- JUN -- NFKBIA -- IL23A -- AKT1 -- TNFRSF1A -- ADAM17 -- TP53 -- TGFB1 -- CASP2 -- BIRC3 -- CYLD -- TRAF1 -- MAP3K1 -- ATM -- CFLAR -- IL4 -- HSPB1 -- TERT -- FBXO31 -- RIPK2 -- PRKCE -- FASLG -- RHOA -- SOCS3 -- NGF -- FGF7 -- TNFRSF10B -- TNFRSF14 -- SQSTM1 -- IFNB1 -- IRF1 -- RPAIN -- BCL2L1 -- SMPD1 -- CASP1 -- ERBB2 -- BAX -- CYCS -- NFE2L2 -- IL16 -- HIF1A -- UBE2D3
588,FADD -- IL1B -- IL2 -- MAPK8 -- BCL2 -- NFKB1 -- RELA -- PAK2 -- JUN -- NFKBIA -- TNF -- IL23A -- RXRB -- TNFRSF1A -- TP53 -- TGFB1 -- RIPK1 -- EIF2AK2 -- BIRC3 -- MAP4K4 -- CYLD -- ZFP36 -- AR -- BIRC2 -- ATM -- IL4 -- TERT -- STAT1 -- CDKN2A -- RIPK2 -- SMURF2 -- FASLG -- RHOA -- NGF -- FGF14 -- TNFRSF14 -- IFNB1 -- PIAS2 -- IRF1 -- RPAIN -- HIP1 -- OTUD7B -- XIAP -- CASP7 -- CASP1 -- ERBB2 -- PEA15 -- FAF1 -- PRNP -- BID -- BAX -- CYCS -- NFE2L2 -- IL16 -- RPS6KA1 -- UBE2D3
589,CASP3 -- MAPK14 -- MAPK1 -- PAK2 -- RB1 -- NFKBIA -- TNFRSF1A -- TNFAIP3 -- SP1 -- TP53 -- EIF2AK2 -- CASP2 -- BIRC3 -- TNFRSF1B -- CYLD -- MAP3K1 -- AR -- ATM -- CSF2 -- HSPB1 -- IKBKB -- FBXO31 -- RIPK2 -- PPM1A -- PRKCE -- RHOA -- FGF7 -- SHC1 -- DAB2IP -- IRF1 -- RPAIN -- XIAP -- BAD -- SMPD1 -- MTOR -- PEA15 -- IL16 -- TP63 -- UBE2D3
590,FADD -- IL1B -- IL2 -- CASP3 -- MAPK8 -- NFATC2 -- BCL2 -- NFKB1 -- MAPK1 -- RB1 -- JUN -- MYC -- NFKBIA -- AKT1 -- RXRB -- SP1 -- TGFB1 -- CASP2 -- IRAK1 -- TNFRSF1B -- CYLD -- TRAF1 -- BIRC2 -- ATM -- CFLAR -- CSF2 -- HSPB1 -- IKBKB -- TERT -- STAT1 -- FBXO31 -- PRKCE -- SOCS3 -- SHC1 -- TNFRSF10B -- KRT18 -- TNFRSF14 -- SQSTM1 -- IFNB1 -- PIAS2 -- OTUD7B -- XIAP -- BCL2L1 -- SMPD1 -- ERBB2 -- MTOR -- PEA15 -- PRNP -- BID -- CYCS -- RPS6KA1 -- UBE2D3
591,FADD -- IL1B -- MYD88 -- MAPK8 -- NFATC2 -- MAPK1 -- RELA -- RB1 -- MYC -- NFKBIA -- RXRB -- TNFRSF1A -- VEGFA -- TP53 -- TRADD -- RIPK1 -- EIF2AK2 -- BIRC3 -- MAP4K4 -- TNFRSF1B -- TRAF2 -- MAP3K1 -- BIRC2 -- CFLAR -- IL4 -- TERT -- STAT1 -- CDKN2A -- CCND1 -- SMURF2 -- RHOA -- SOCS3 -- NGF -- MAP3K14 -- SHC1 -- KRT18 -- SQSTM1 -- IFNB1 -- IRF1 -- CASP8 -- XIAP -- BAD -- BCL2L1 -- CASP7 -- ERBB2 -- NFE2L2 -- IL16 -- TP63 -- UBE2D3
592,FADD -- IL1B -- CASP3 -- BCL2 -- NFKB1 -- MAPK1 -- E2F1 -- RB1 -- MYC -- TNF -- SP1 -- ADAM17 -- TP53 -- EIF2AK2 -- CASP2 -- IRAK1 -- TNFRSF1B -- TRAF2 -- CYLD -- TRAF1 -- MAP3K1 -- ATM -- CFLAR -- IL4 -- IKBKB -- TERT -- STAT1 -- FBXO31 -- RIPK2 -- PRKCE -- SOCS3 -- NGF -- FGF14 -- SHC1 -- TNFRSF10B -- SQSTM1 -- DAB2IP -- PIAS2 -- IRF1 -- CASP8 -- OTUD7B -- XIAP -- BAD -- MTOR -- PEA15 -- FAF1 -- NFE2L2 -- IL16 -- TP63 -- RPS6KA1
593,FADD -- IL2 -- NFATC2 -- CHUK -- MAPK1 -- RELA -- JUN -- IL23A -- AKT1 -- TNFRSF1A -- VEGFA -- TP53 -- IRAK1 -- MAP4K4 -- TRAF2 -- CYLD -- MAP3K1 -- ZFP36 -- AR -- BIRC2 -- ATM -- CFLAR -- IL4 -- IKBKB -- CDKN2A -- FBXO31 -- PPM1A -- PRKCE -- SOCS3 -- MAP3K14 -- FGF7 -- SHC1 -- TNFRSF10B -- TNFRSF14 -- SQSTM1 -- RPAIN -- HIP1 -- CASP8 -- XIAP -- BCL2L1 -- SMPD1 -- CASP1 -- ERBB2 -- MTOR -- PEA15 -- PRNP -- CYCS -- NFE2L2 -- IL16 -- HIF1A -- TP63 -- UBE2D3
594,IL1B -- IL2 -- MAPK8 -- NFATC2 -- CHUK -- MAPK3 -- E2F1 -- RELA -- JUN -- MYC -- TNF -- IL23A -- AKT1 -- TNFRSF1A -- TP53 -- TGFB1 -- TRADD -- IRAK1 -- MAP3K1 -- ZFP36 -- BIRC2 -- ATM -- CFLAR -- CSF2 -- HSPB1 -- STAT1 -- MAP2K7 -- PRKCE -- FASLG -- RHOA -- SOCS3 -- MAP3K14 -- TNFRSF10B -- TNFRSF14 -- SQSTM1 -- IFNB1 -- PIAS2 -- RPAIN -- CASP8 -- OTUD7B -- BCL2L1 -- CASP7 -- SMPD1 -- CASP1 -- MTOR -- PRNP -- IL16 -- HIF1A -- TP63 -- UBE2D3
595,IL1B -- MAPK8 -- NFATC2 -- BCL2 -- NFKB1 -- MAPK1 -- MAPK3 -- E2F1 -- RELA -- RB1 -- JUN -- MYC -- NFKBIA -- IL23A -- TNFRSF1A -- TNFAIP3 -- SP1 -- VEGFA -- ADAM17 -- TRADD -- RIPK1 -- BIRC3 -- IRAK1 -- MAP4K4 -- CYLD -- MAP3K1 -- CFLAR -- IL4 -- CSF2 -- HSPB1 -- TERT -- STAT1 -- CCND1 -- MAP2K7 -- RIPK2 -- PPM1A -- SMURF2 -- FASLG -- RHOA -- SOCS3 -- FGF14 -- MAP3K14 -- KRT18 -- SQSTM1 -- IFNB1 -- IRF1 -- OTUD7B -- BAD -- BCL2L1 -- CASP7 -- SMPD1 -- CASP1 -- ERBB2 -- MTOR -- PEA15 -- FAF1 -- IL16 -- TP63 -- RPS6KA1 -- UBE2D3
596,FADD -- IL1B -- MAPK8 -- CHUK -- NFKB1 -- RELA -- PAK2 -- RB1 -- MYC -- NFKBIA -- IL23A -- RXRB -- TNFAIP3 -- VEGFA -- ADAM17 -- TP53 -- RIPK1 -- BIRC3 -- IRAK1 -- TRAF2 -- AR -- BIRC2 -- ATM -- IL4 -- CSF2 -- IKBKB -- TERT -- STAT1 -- FBXO31 -- SMURF2 -- FGF14 -- FGF7 -- TNFRSF10B -- KRT18 -- TNFRSF14 -- PIAS2 -- CASP7 -- CASP1 -- PEA15 -- PRNP -- HIF1A -- TP63 -- RPS6KA1
597,IL1B -- CASP3 -- MAPK8 -- MAPK14 -- NFKB1 -- E2F1 -- PAK2 -- RB1 -- JUN -- MYC -- NFKBIA -- TNF -- IL23A -- TNFRSF1A -- SP1 -- VEGFA -- TRADD -- BIRC3 -- MAP4K4 -- TNFRSF1B -- TRAF2 -- TRAF1 -- ZFP36 -- BIRC2 -- CFLAR -- TERT -- CDKN2A -- FBXO31 -- MAP2K7 -- RIPK2 -- PPM1A -- PRKCE -- RHOA -- SOCS3 -- FGF14 -- FGF7 -- SHC1 -- TNFRSF10B -- KRT18 -- IRF1 -- CASP8 -- BAD -- PEA15 -- PRNP -- BID -- BAX -- NFE2L2 -- RPS6KA1 -- UBE2D3
598,FADD -- MYD88 -- MAPK8 -- NFATC2 -- BCL2 -- CHUK -- MAPK1 -- RELA -- PAK2 -- RB1 -- JUN -- NFKBIA -- TNF -- IL23A -- SP1 -- VEGFA -- ADAM17 -- RIPK1 -- EIF2AK2 -- BIRC3 -- MAP4K4 -- TNFRSF1B -- TRAF2 -- CYLD -- MAP3K1 -- ZFP36 -- AR -- BIRC2 -- HSPB1 -- CCND1 -- MAP2K7 -- RIPK2 -- PPM1A -- SMURF2 -- PRKCE -- RHOA -- SOCS3 -- NGF -- FGF7 -- TNFRSF10B -- SQSTM1 -- PIAS2 -- RPAIN -- XIAP -- CASP7 -- ERBB2 -- FAF1 -- PRNP -- BID -- BAX -- NFE2L2 -- HIF1A -- TP63 -- UBE2D3
599,IL1B -- MYD88 -- MAPK14 -- BCL2 -- NFKB1 -- MAPK1 -- MAPK3 -- RELA -- JUN -- NFKBIA -- TNF -- SP1 -- ADAM17 -- TGFB1 -- TRADD -- BIRC3 -- TNFRSF1B -- TRAF2 -- ZFP36 -- AR -- BIRC2 -- IL4 -- CSF2 -- HSPB1 -- TERT -- STAT1 -- CDKN2A -- CCND1 -- MAP2K7 -- RIPK2 -- PPM1A -- SMURF2 -- RHOA -- SOCS3 -- FGF7 -- SHC1 -- TNFRSF10B -- IRF1 -- RPAIN -- CASP8 -- OTUD7B -- XIAP -- BAD -- BCL2L1 -- CASP7 -- SMPD1 -- MTOR -- PEA15 -- FAF1 -- CYCS -- TP63
600,FADD -- MYD88 -- IL2 -- CASP3 -- MAPK14 -- NFATC2 -- BCL2 -- NFKB1 -- MAPK1 -- MAPK3 -- RELA -- RB1 -- JUN -- MYC -- NFKBIA -- RXRB -- TNFAIP3 -- SP1 -- TP53 -- TGFB1 -- TRADD -- EIF2AK2 -- BIRC3 -- IRAK1 -- CYLD -- TRAF1 -- ZFP36 -- AR -- CFLAR -- CSF2 -- IKBKB -- FBXO31 -- MAP2K7 -- RIPK2 -- PPM1A -- SMURF2 -- PRKCE -- SOCS3 -- FGF14 -- MAP3K14 -- FGF7 -- TNFRSF10B -- KRT18 -- SQSTM1 -- DAB2IP -- PIAS2 -- IRF1 -- RPAIN -- HIP1 -- CASP8 -- CASP7 -- CASP1 -- PRNP -- BID -- CYCS -- IL16 -- HIF1A -- TP63
601,MYD88 -- BCL2 -- CHUK -- MAPK3 -- E2F1 -- RELA -- PAK2 -- NFKBIA -- IL23A -- SP1 -- VEGFA -- TGFB1 -- TRADD -- EIF2AK2 -- BIRC3 -- IRAK1 -- CYLD -- TRAF1 -- BIRC2 -- CFLAR -- IL4 -- STAT1 -- CDKN2A -- FBXO31 -- MAP2K7 -- SMURF2 -- FASLG -- RHOA -- SOCS3 -- MAP3K14 -- FGF7 -- SQSTM1 -- IRF1 -- RPAIN -- HIP1 -- OTUD7B -- XIAP -- BCL2L1 -- CASP7 -- SMPD1 -- CASP1 -- MTOR -- PEA15 -- PRNP -- IL16 -- TP63 -- RPS6KA1
602,FADD -- IL1B -- CHUK -- NFKB1 -- E2F1 -- RELA -- RB1 -- JUN -- MYC -- IL23A -- AKT1 -- RXRB -- TNFAIP3 -- SP1 -- VEGFA -- ADAM17 -- TP53 -- TGFB1 -- TRADD -- RIPK1 -- EIF2AK2 -- CASP2 -- BIRC3 -- MAP4K4 -- TNFRSF1B -- CYLD -- ZFP36 -- BIRC2 -- ATM -- IL4 -- HSPB1 -- IKBKB -- TERT -- CDKN2A -- FBXO31 -- MAP2K7 -- RIPK2 -- PRKCE -- RHOA -- SOCS3 -- NGF -- MAP3K14 -- SHC1 -- TNFRSF10B -- KRT18 -- TNFRSF14 -- DAB2IP -- OTUD7B -- XIAP -- BAD -- BCL2L1 -- CASP7 -- MTOR -- PEA15 -- BID -- BAX -- CYCS -- IL16 -- HIF1A -- TP63 -- RPS6KA1
603,FADD -- MAPK8 -- NFATC2 -- BCL2 -- CHUK -- E2F1 -- PAK2 -- RB1 -- JUN -- MYC -- AKT1 -- RXRB -- TNFRSF1A -- TNFAIP3 -- RIPK1 -- BIRC3 -- MAP4K4 -- TNFRSF1B -- ZFP36 -- BIRC2 -- IL4 -- CSF2 -- TERT -- CDKN2A -- FBXO31 -- CCND1 -- MAP2K7 -- RIPK2 -- SMURF2 -- NGF -- MAP3K14 -- FGF7 -- SHC1 -- TNFRSF10B -- SQSTM1 -- IFNB1 -- IRF1 -- OTUD7B -- BAD -- BCL2L1 -- SMPD1 -- CASP1 -- ERBB2 -- MTOR -- FAF1 -- PRNP -- BID -- IL16 -- HIF1A -- TP63 -- RPS6KA1
604,IL1B -- MYD88 -- IL2 -- CASP3 -- NFATC2 -- CHUK -- MAPK3 -- E2F1 -- RELA -- PAK2 -- MYC -- NFKBIA -- IL23A -- AKT1 -- RXRB -- TNFAIP3 -- SP1 -- VEGFA -- TP53 -- TGFB1 -- TRADD -- RIPK1 -- CASP2 -- MAP4K4 -- TRAF2 -- CYLD -- TRAF1 -- BIRC2 -- ATM -- IL4 -- CSF2 -- HSPB1 -- MAP2K7 -- RIPK2 -- PPM1A -- SMURF2 -- PRKCE -- RHOA -- NGF -- FGF14 -- SHC1 -- KRT18 -- TNFRSF14 -- DAB2IP -- IFNB1 -- IRF1 -- CASP8 -- OTUD7B -- XIAP -- BAD -- CASP7 -- SMPD1 -- CASP1 -- ERBB2 -- MTOR -- PRNP -- CYCS -- HIF1A -- TP63 -- RPS6KA1
605,MYD88 -- IL2 -- MAPK8 -- NFKB1 -- MAPK3 -- E2F1 -- PAK2 -- NFKBIA -- TNF -- IL23A -- TNFRSF1A -- TNFAIP3 -- TP53 -- TGFB1 -- TRADD -- CASP2 -- TNFRSF1B -- CYLD -- MAP3K1 -- AR -- IL4 -- CSF2 -- HSPB1 -- TERT -- PPM1A -- SMURF2 -- FASLG -- NGF -- MAP3K14 -- FGF7 -- SHC1 -- KRT18 -- SQSTM1 -- DAB2IP -- IRF1 -- HIP1 -- XIAP -- ERBB2 -- MTOR -- PEA15 -- NFE2L2 -- HIF1A -- TP63
606,FADD -- IL1B -- IL2 -- CASP3 -- MAPK8 -- MAPK14 -- NFATC2 -- NFKB1 -- MAPK3 -- E2F1 -- PAK2 -- MYC -- IL23A -- RXRB -- TNFAIP3 -- SP1 -- VEGFA -- ADAM17 -- TP53 -- TGFB1 -- TRADD -- BIRC3 -- MAP4K4 -- TNFRSF1B -- MAP3K1 -- ZFP36 -- BIRC2 -- ATM -- CFLAR -- CSF2 -- STAT1 -- RIPK2 -- PPM1A -- SMURF2 -- PRKCE -- FASLG -- RHOA -- NGF -- FGF14 -- FGF7 -- TNFRSF10B -- TNFRSF14 -- SQSTM1 -- DAB2IP -- PIAS2 -- HIP1 -- CASP8 -- OTUD7B -- BCL2L1 -- CASP7 -- SMPD1 -- ERBB2 -- PEA15 -- BAX -- CYCS -- NFE2L2 -- IL16 -- HIF1A
607,FADD -- IL1B -- MAPK14 -- NFATC2 -- CHUK -- NFKB1 -- MAPK1 -- E2F1 -- RELA -- PAK2 -- RB1 -- JUN -- MYC -- AKT1 -- RXRB -- TNFAIP3 -- SP1 -- ADAM17 -- TP53 -- TRADD -- RIPK1 -- EIF2AK2 -- BIRC3 -- IRAK1 -- TRAF1 -- ZFP36 -- AR -- BIRC2 -- IL4 -- CSF2 -- HSPB1 -- STAT1 -- MAP2K7 -- RIPK2 -- SMURF2 -- PRKCE -- FASLG -- SOCS3 -- FGF14 -- MAP3K14 -- FGF7 -- SHC1 -- TNFRSF10B -- IFNB1 -- IRF1 -- RPAIN -- OTUD7B -- XIAP -- CASP1 -- ERBB2 -- MTOR -- FAF1 -- NFE2L2 -- IL16 -- TP63
608,MAPK14 -- NFATC2 -- CHUK -- MYC -- NFKBIA -- IL23A -- TNFRSF1A -- VEGFA -- TGFB1 -- EIF2AK2 -- BIRC3 -- TNFRSF1B -- MAP3K1 -- IL4 -- CSF2 -- TERT -- STAT1 -- CCND1 -- PRKCE -- FASLG -- RHOA -- FGF14 -- TNFRSF10B -- SQSTM1 -- PIAS2 -- RPAIN -- HIP1 -- BAD -- BCL2L1 -- CASP1 -- ERBB2 -- PEA15 -- PRNP -- CYCS -- HIF1A -- TP63
609,IL1B -- IL2 -- MAPK14 -- NFATC2 -- CHUK -- NFKB1 -- MAPK1 -- MAPK3 -- PAK2 -- MYC -- NFKBIA -- RXRB -- SP1 -- ADAM17 -- TGFB1 -- EIF2AK2 -- CASP2 -- TNFRSF1B -- TRAF2 -- CYLD -- TRAF1 -- BIRC2 -- ATM -- CFLAR -- HSPB1 -- IKBKB -- CCND1 -- MAP2K7 -- SMURF2 -- PRKCE -- FGF14 -- MAP3K14 -- TNFRSF10B -- KRT18 -- DAB2IP -- IFNB1 -- PIAS2 -- IRF1 -- RPAIN -- HIP1 -- BCL2L1 -- CASP7 -- SMPD1 -- CASP1 -- ERBB2 -- PEA15 -- BID -- NFE2L2 -- RPS6KA1 -- UBE2D3
610,IL2 -- CASP3 -- MAPK14 -- NFKB1 -- E2F1 -- RELA -- PAK2 -- JUN -- MYC -- TNF -- IL23A -- AKT1 -- RXRB -- SP1 -- VEGFA -- ADAM17 -- TGFB1 -- TRADD -- CASP2 -- BIRC3 -- MAP4K4 -- TRAF2 -- CYLD -- MAP3K1 -- AR -- BIRC2 -- CSF2 -- TERT -- STAT1 -- FBXO31 -- CCND1 -- SMURF2 -- PRKCE -- FASLG -- RHOA -- SOCS3 -- NGF -- FGF14 -- MAP3K14 -- TNFRSF10B -- TNFRSF14 -- SQSTM1 -- DAB2IP -- IFNB1 -- PIAS2 -- IRF1 -- CASP8 -- XIAP -- CASP7 -- SMPD1 -- ERBB2 -- MTOR -- PEA15 -- FAF1 -- BAX -- CYCS -- TP63 -- UBE2D3
611,FADD -- CASP3 -- MAPK14 -- NFATC2 -- BCL2 -- RB1 -- MYC -- NFKBIA -- TNF -- AKT1 -- SP1 -- ADAM17 -- TP53 -- TGFB1 -- TRADD -- RIPK1 -- IRAK1 -- MAP4K4 -- CYLD -- TRAF1 -- MAP3K1 -- CFLAR -- IL4 -- TERT -- STAT1 -- CCND1 -- RIPK2 -- SMURF2 -- RHOA -- FGF14 -- FGF7 -- SHC1 -- TNFRSF10B -- DAB2IP -- PIAS2 -- HIP1 -- BAD -- CASP7 -- CASP1 -- PEA15 -- CYCS -- IL16 -- UBE2D3
612,IL2 -- CASP3 -- NFATC2 -- BCL2 -- MAPK1 -- MAPK3 -- E2F1 -- RELA -- PAK2 -- RB1 -- JUN -- TNF -- IL23A -- AKT1 -- RXRB -- TNFRSF1A -- SP1 -- VEGFA -- ADAM17 -- TGFB1 -- TRADD -- RIPK1 -- EIF2AK2 -- TNFRSF1B -- CYLD -- TRAF1 -- MAP3K1 -- ZFP36 -- BIRC2 -- CFLAR -- HSPB1 -- IKBKB -- CCND1 -- RIPK2 -- SMURF2 -- RHOA -- SOCS3 -- NGF -- TNFRSF10B -- KRT18 -- TNFRSF14 -- SQSTM1 -- IRF1 -- CASP8 -- XIAP -- BAD -- CASP7 -- CASP1 -- PRNP -- IL16 -- HIF1A -- RPS6KA1 -- UBE2D3
613,FADD -- IL1B -- IL2 -- MAPK14 -- NFATC2 -- BCL2 -- CHUK -- MAPK1 -- E2F1 -- JUN -- NFKBIA -- AKT1 -- TNFRSF1A -- TNFAIP3 -- SP1 -- VEGFA -- TP53 -- RIPK1 -- IRAK1 -- TNFRSF1B -- TRAF2 -- TRAF1 -- MAP3K1 -- ZFP36 -- BIRC2 -- CFLAR -- IL4 -- CSF2 -- HSPB1 -- IKBKB -- CDKN2A -- FBXO31 -- CCND1 -- MAP2K7 -- PPM1A -- MAP3K14 -- SHC1 -- PIAS2 -- IRF1 -- RPAIN -- HIP1 -- CASP8 -- OTUD7B -- BAD -- BCL2L1 -- CASP7 -- SMPD1 -- CASP1 -- MTOR -- TP63 -- UBE2D3
614,MYD88 -- IL2 -- CASP3 -- MAPK14 -- MAPK1 -- E2F1 -- RELA -- JUN -- NFKBIA -- IL23A -- VEGFA -- TP53 -- TRADD -- EIF2AK2 -- CASP2 -- TNFRSF1B -- CYLD -- ZFP36 -- HSPB1 -- TERT -- STAT1 -- CDKN2A -- PPM1A -- SMURF2 -- PRKCE -- FASLG -- RHOA -- NGF -- FGF14 -- SHC1 -- KRT18 -- TNFRSF14 -- DAB2IP -- HIP1 -- CASP8 -- BCL2L1 -- SMPD1 -- CASP1 -- ERBB2 -- PEA15 -- BID -- CYCS -- HIF1A -- TP63 -- UBE2D3
615,CASP3 -- MAPK14 -- NFATC2 -- BCL2 -- NFKB1 -- MAPK1 -- MAPK3 -- E2F1 -- RB1 -- MYC -- NFKBIA -- TNF -- IL23A -- RXRB -- TNFRSF1A -- TNFAIP3 -- SP1 -- VEGFA -- ADAM17 -- TP53 -- TGFB1 -- CASP2 -- BIRC3 -- IRAK1 -- TNFRSF1B -- CYLD -- ZFP36 -- AR -- BIRC2 -- ATM -- CSF2 -- HSPB1 -- IKBKB -- TERT -- STAT1 -- FBXO31 -- CCND1 -- RIPK2 -- SMURF2 -- SOCS3 -- MAP3K14 -- FGF7 -- TNFRSF10B -- TNFRSF14 -- SQSTM1 -- DAB2IP -- PIAS2 -- IRF1 -- RPAIN -- HIP1 -- CASP8 -- XIAP -- CASP7 -- SMPD1 -- MTOR -- PEA15 -- BID -- CYCS -- NFE2L2 -- IL16 -- TP63 -- RPS6KA1
616,IL1B -- MYD88 -- CASP3 -- MAPK3 -- E2F1 -- RELA -- RB1 -- JUN -- NFKBIA -- AKT1 -- TNFRSF1A -- TNFAIP3 -- SP1 -- EIF2AK2 -- CASP2 -- IRAK1 -- TNFRSF1B -- TRAF2 -- CYLD -- ZFP36 -- ATM -- IKBKB -- TERT -- CDKN2A -- CCND1 -- RHOA -- SOCS3 -- NGF -- FGF14 -- MAP3K14 -- FGF7 -- TNFRSF10B -- TNFRSF14 -- DAB2IP -- PIAS2 -- IRF1 -- OTUD7B -- BAD -- BCL2L1 -- CASP7 -- CASP1 -- PEA15 -- PRNP -- BID -- HIF1A -- TP63 -- UBE2D3
617,FADD -- MAPK14 -- BCL2 -- MAPK3 -- E2F1 -- RELA -- JUN -- TNF -- TNFAIP3 -- SP1 -- BIRC3 -- MAP4K4 -- TNFRSF1B -- MAP3K1 -- ZFP36 -- AR -- BIRC2 -- ATM -- CFLAR -- IL4 -- HSPB1 -- TERT -- CDKN2A -- MAP2K7 -- PRKCE -- SOCS3 -- NGF -- FGF14 -- SQSTM1 -- IFNB1 -- IRF1 -- RPAIN -- OTUD7B -- XIAP -- BAD -- BCL2L1 -- CASP7 -- SMPD1 -- CASP1 -- FAF1 -- PRNP -- BAX -- CYCS -- NFE2L2
618,FADD -- MYD88 -- CASP3 -- MAPK8 -- BCL2 -- CHUK -- MAPK1 -- RELA -- RB1 -- JUN -- MYC -- TNF -- IL23A -- TNFRSF1A -- TP53 -- TRADD -- RIPK1 -- CASP2 -- IRAK1 -- TNFRSF1B -- TRAF2 -- CYLD -- MAP3K1 -- AR -- BIRC2 -- IL4 -- CSF2 -- HSPB1 -- IKBKB -- STAT1 -- CCND1 -- MAP2K7 -- PPM1A -- SMURF2 -- FASLG -- RHOA -- FGF7 -- SHC1 -- TNFRSF14 -- SQSTM1 -- PIAS2 -- CASP8 -- OTUD7B -- BAD -- CASP7 -- SMPD1 -- MTOR -- PEA15 -- FAF1 -- PRNP -- IL16 -- HIF1A
619,FADD -- MYD88 -- IL2 -- CASP3 -- MAPK8 -- NFATC2 -- BCL2 -- NFKB1 -- PAK2 -- MYC -- TNF -- AKT1 -- RXRB -- TNFRSF1A -- VEGFA -- ADAM17 -- TGFB1 -- BIRC3 -- MAP4K4 -- BIRC2 -- CSF2 -- IKBKB -- STAT1 -- CCND1 -- SMURF2 -- PRKCE -- FASLG -- SOCS3 -- NGF -- FGF14 -- MAP3K14 -- SHC1 -- KRT18 -- SQSTM1 -- IFNB1 -- XIAP -- CASP7 -- SMPD1 -- CASP1 -- MTOR -- FAF1 -- NFE2L2 -- IL16 -- HIF1A
620,NFKB1 -- RELA -- JUN -- MYC -- AKT1 -- RXRB -- TNFAIP3 -- VEGFA -- ADAM17 -- TRADD -- RIPK1 -- BIRC3 -- IRAK1 -- MAP4K4 -- TRAF2 -- TRAF1 -- AR -- BIRC2 -- CFLAR -- IL4 -- CSF2 -- TERT -- CDKN2A -- MAP2K7 -- PPM1A -- SMURF2 -- NGF -- MAP3K14 -- FGF7 -- KRT18 -- DAB2IP -- IFNB1 -- IRF1 -- RPAIN -- CASP8 -- BCL2L1 -- CASP7 -- SMPD1 -- ERBB2 -- MTOR -- PRNP -- CYCS -- IL16 -- HIF1A -- RPS6KA1 -- UBE2D3
621,IL1B -- IL2 -- MAPK14 -- CHUK -- NFKB1 -- MAPK1 -- E2F1 -- PAK2 -- RB1 -- JUN -- NFKBIA -- TNF -- IL23A -- TNFAIP3 -- SP1 -- VEGFA -- ADAM17 -- TP53 -- TGFB1 -- CASP2 -- BIRC3 -- MAP3K1 -- ZFP36 -- AR -- BIRC2 -- ATM -- CFLAR -- IL4 -- CSF2 -- STAT1 -- CCND1 -- MAP2K7 -- RIPK2 -- PPM1A -- PRKCE -- FASLG -- FGF14 -- SHC1 -- TNFRSF10B -- KRT18 -- SQSTM1 -- DAB2IP -- IFNB1 -- RPAIN -- HIP1 -- CASP8 -- OTUD7B -- SMPD1 -- ERBB2 -- MTOR -- PEA15 -- PRNP -- BAX -- CYCS -- NFE2L2 -- IL16 -- TP63
622,FADD -- IL2 -- MAPK14 -- NFATC2 -- BCL2 -- NFKB1 -- MAPK3 -- E2F1 -- RELA -- JUN -- MYC -- IL23A -- AKT1 -- TNFAIP3 -- ADAM17 -- TP53 -- TGFB1 -- CASP2 -- MAP4K4 -- TNFRSF1B -- TRAF2 -- CYLD -- TRAF1 -- ATM -- CFLAR -- IL4 -- TERT -- FBXO31 -- CCND1 -- FASLG -- RHOA -- NGF -- FGF14 -- SHC1 -- KRT18 -- TNFRSF14 -- DAB2IP -- IRF1 -- RPAIN -- CASP8 -- BAD -- ERBB2 -- CYCS -- TP63
623,FADD -- IL2 -- MAPK14 -- CHUK -- NFKB1 -- MAPK1 -- MAPK3 -- RELA -- PAK2 -- RB1 -- TNF -- RXRB -- TNFRSF1A -- SP1 -- VEGFA -- ADAM17 -- TGFB1 -- EIF2AK2 -- IRAK1 -- MAP4K4 -- TRAF2 -- BIRC2 -- ATM -- IL4 -- CSF2 -- TERT -- FBXO31 -- CCND1 -- MAP2K7 -- PPM1A -- PRKCE -- FASLG -- RHOA -- FGF14 -- MAP3K14 -- SHC1 -- TNFRSF10B -- KRT18 -- IFNB1 -- PIAS2 -- OTUD7B -- BCL2L1 -- CASP7 -- CASP1 -- ERBB2 -- MTOR -- PEA15 -- PRNP -- IL16 -- HIF1A -- TP63 -- RPS6KA1 -- UBE2D3
624,FADD -- IL2 -- MAPK14 -- NFATC2 -- BCL2 -- NFKB1 -- MAPK1 -- E2F1 -- RELA -- PAK2 -- RB1 -- JUN -- TNF -- IL23A -- TNFAIP3 -- SP1 -- VEGFA -- TP53 -- TGFB1 -- TRADD -- EIF2AK2 -- TNFRSF1B -- CYLD -- TRAF1 -- ZFP36 -- BIRC2 -- ATM -- CFLAR -- IL4 -- CSF2 -- HSPB1 -- STAT1 -- FBXO31 -- PPM1A -- SMURF2 -- PRKCE -- RHOA -- SOCS3 -- FGF14 -- MAP3K14 -- FGF7 -- SHC1 -- TNFRSF10B -- KRT18 -- IRF1 -- HIP1 -- CASP8 -- OTUD7B -- XIAP -- BAD -- CASP7 -- SMPD1 -- ERBB2 -- MTOR -- PEA15 -- FAF1 -- PRNP -- BAX -- NFE2L2 -- IL16 -- TP63 -- RPS6KA1 -- UBE2D3
625,IL2 -- MAPK14 -- NFATC2 -- CHUK -- NFKB1 -- MAPK3 -- E2F1 -- NFKBIA -- AKT1 -- TNFRSF1A -- TNFAIP3 -- ADAM17 -- TP53 -- TGFB1 -- TRADD -- EIF2AK2 -- CASP2 -- TNFRSF1B -- CYLD -- MAP3K1 -- AR -- ATM -- HSPB1 -- TERT -- STAT1 -- CDKN2A -- FBXO31 -- RIPK2 -- SMURF2 -- RHOA -- FGF14 -- FGF7 -- RPAIN -- CASP8 -- OTUD7B -- BAD -- BCL2L1 -- CASP7 -- CASP1 -- MTOR -- FAF1 -- PRNP -- BAX -- CYCS -- TP63 -- RPS6KA1 -- UBE2D3
626,IL1B -- MYD88 -- IL2 -- MAPK8 -- NFKB1 -- MAPK1 -- E2F1 -- PAK2 -- IL23A -- AKT1 -- SP1 -- TP53 -- TGFB1 -- RIPK1 -- EIF2AK2 -- BIRC3 -- TRAF2 -- CYLD -- AR -- ATM -- CFLAR -- HSPB1 -- IKBKB -- CDKN2A -- FBXO31 -- RIPK2 -- PPM1A -- SMURF2 -- PRKCE -- FASLG -- SOCS3 -- MAP3K14 -- FGF7 -- SHC1 -- TNFRSF10B -- TNFRSF14 -- SQSTM1 -- PIAS2 -- RPAIN -- CASP8 -- BCL2L1 -- CASP7 -- CASP1 -- ERBB2 -- MTOR -- PEA15 -- BAX -- CYCS -- IL16 -- HIF1A -- RPS6KA1 -- UBE2D3
627,MAPK14 -- CHUK -- E2F1 -- RELA -- PAK2 -- RB1 -- JUN -- MYC -- TNF -- AKT1 -- TNFAIP3 -- ADAM17 -- RIPK1 -- CASP2 -- BIRC3 -- IRAK1 -- MAP4K4 -- TRAF2 -- CYLD -- ZFP36 -- CFLAR -- CSF2 -- HSPB1 -- IKBKB -- STAT1 -- FBXO31 -- RHOA -- NGF -- FGF14 -- MAP3K14 -- FGF7 -- SHC1 -- KRT18 -- TNFRSF14 -- SQSTM1 -- IFNB1 -- PIAS2 -- IRF1 -- CASP8 -- BAD -- SMPD1 -- CASP1 -- MTOR -- FAF1 -- PRNP -- BAX -- CYCS -- NFE2L2 -- HIF1A -- TP63 -- RPS6KA1
628,IL1B -- IL2 -- CHUK -- NFKB1 -- MAPK1 -- MAPK3 -- E2F1 -- RELA -- JUN -- MYC -- IL23A -- AKT1 -- RXRB -- TNFAIP3 -- ADAM17 -- TGFB1 -- TRADD -- BIRC3 -- MAP4K4 -- TRAF2 -- CYLD -- MAP3K1 -- AR -- ATM -- CFLAR -- IL4 -- HSPB1 -- IKBKB -- CDKN2A -- FBXO31 -- CCND1 -- PPM1A -- PRKCE -- SOCS3 -- FGF14 -- MAP3K14 -- FGF7 -- SHC1 -- PIAS2 -- IRF1 -- RPAIN -- HIP1 -- CASP8 -- OTUD7B -- SMPD1 -- ERBB2 -- MTOR -- FAF1 -- PRNP -- TP63 -- RPS6KA1
629,MYD88 -- IL2 -- NFATC2 -- NFKB1 -- MAPK1 -- E2F1 -- PAK2 -- NFKBIA -- VEGFA -- ADAM17 -- TP53 -- EIF2AK2 -- CASP2 -- IRAK1 -- TRAF2 -- CYLD -- MAP3K1 -- BIRC2 -- CSF2 -- HSPB1 -- IKBKB -- TERT -- STAT1 -- CCND1 -- MAP2K7 -- PRKCE -- SOCS3 -- NGF -- MAP3K14 -- SHC1 -- TNFRSF10B -- TNFRSF14 -- SQSTM1 -- IFNB1 -- PIAS2 -- BAD -- MTOR -- PEA15 -- PRNP -- BID -- CYCS -- IL16 -- HIF1A
630,FADD -- MYD88 -- IL2 -- CASP3 -- MAPK14 -- NFATC2 -- BCL2 -- MAPK1 -- RELA -- PAK2 -- MYC -- RXRB -- SP1 -- VEGFA -- ADAM17 -- TGFB1 -- RIPK1 -- EIF2AK2 -- BIRC3 -- TRAF2 -- TRAF1 -- MAP3K1 -- ZFP36 -- ATM -- IL4 -- CSF2 -- IKBKB -- CDKN2A -- MAP2K7 -- PPM1A -- SMURF2 -- PRKCE -- FASLG -- FGF14 -- FGF7 -- SHC1 -- TNFRSF10B -- TNFRSF14 -- SQSTM1 -- PIAS2 -- HIP1 -- XIAP -- BAD -- CASP7 -- SMPD1 -- ERBB2 -- MTOR -- FAF1 -- PRNP -- HIF1A -- TP63
631,IL1B -- MYD88 -- CASP3 -- MAPK8 -- MAPK14 -- NFATC2 -- NFKB1 -- E2F1 -- RB1 -- JUN -- NFKBIA -- TNFRSF1A -- SP1 -- ADAM17 -- TP53 -- TRADD -- BIRC3 -- MAP4K4 -- CYLD -- TRAF1 -- ZFP36 -- AR -- BIRC2 -- CFLAR -- CSF2 -- HSPB1 -- IKBKB -- STAT1 -- CCND1 -- PPM1A -- PRKCE -- FASLG -- RHOA -- SOCS3 -- FGF14 -- SHC1 -- KRT18 -- SQSTM1 -- DAB2IP -- IFNB1 -- PIAS2 -- RPAIN -- HIP1 -- OTUD7B -- BCL2L1 -- CASP1 -- ERBB2 -- PEA15 -- PRNP -- BID -- IL16 -- RPS6KA1 -- UBE2D3
632,FADD -- IL1B -- IL2 -- MAPK8 -- MAPK14 -- E2F1 -- RELA -- PAK2 -- RB1 -- JUN -- NFKBIA -- IL23A -- RXRB -- TNFRSF1A -- SP1 -- VEGFA -- ADAM17 -- TP53 -- EIF2AK2 -- BIRC3 -- MAP4K4 -- TRAF2 -- TRAF1 -- ZFP36 -- BIRC2 -- ATM -- IL4 -- HSPB1 -- IKBKB -- TERT -- STAT1 -- CDKN2A -- FBXO31 -- CCND1 -- RIPK2 -- PPM1A -- PRKCE -- RHOA -- SOCS3 -- FGF14 -- MAP3K14 -- SHC1 -- TNFRSF14 -- SQSTM1 -- IFNB1 -- PIAS2 -- RPAIN -- CASP7 -- SMPD1 -- CASP1 -- PEA15 -- FAF1 -- PRNP -- BID -- CYCS -- RPS6KA1
633,IL2 -- CASP3 -- MAPK8 -- MAPK14 -- CHUK -- NFKB1 -- E2F1 -- RELA -- PAK2 -- JUN -- MYC -- NFKBIA -- IL23A -- RXRB -- SP1 -- VEGFA -- TGFB1 -- TRADD -- RIPK1 -- IRAK1 -- TNFRSF1B -- TRAF1 -- ZFP36 -- BIRC2 -- CFLAR -- IL4 -- HSPB1 -- IKBKB -- CDKN2A -- MAP2K7 -- PPM1A -- PRKCE -- SOCS3 -- NGF -- SHC1 -- TNFRSF10B -- TNFRSF14 -- SQSTM1 -- IFNB1 -- PIAS2 -- IRF1 -- RPAIN -- HIP1 -- CASP8 -- XIAP -- BAD -- BCL2L1 -- SMPD1 -- MTOR -- PRNP -- BID -- BAX -- CYCS -- RPS6KA1 -- UBE2D3
634,IL1B -- IL2 -- CASP3 -- MAPK8 -- CHUK -- MAPK1 -- MAPK3 -- E2F1 -- RELA -- PAK2 -- JUN -- MYC -- TNF -- AKT1 -- SP1 -- ADAM17 -- TP53 -- TRADD -- RIPK1 -- IRAK1 -- MAP4K4 -- TRAF2 -- ZFP36 -- AR -- CFLAR -- IL4 -- CSF2 -- IKBKB -- FBXO31 -- CCND1 -- MAP2K7 -- SMURF2 -- PRKCE -- FASLG -- SOCS3 -- FGF14 -- MAP3K14 -- SHC1 -- TNFRSF10B -- TNFRSF14 -- SQSTM1 -- PIAS2 -- RPAIN -- HIP1 -- OTUD7B -- BAD -- BCL2L1 -- CASP7 -- CASP1 -- ERBB2 -- PEA15 -- FAF1 -- BID -- HIF1A -- TP63 -- RPS6KA1
635,IL1B -- MYD88 -- IL2 -- MAPK8 -- NFKB1 -- MAPK1 -- MAPK3 -- RELA -- RB1 -- NFKBIA -- TNF -- IL23A -- TNFAIP3 -- SP1 -- VEGFA -- ADAM17 -- TGFB1 -- TRADD -- RIPK1 -- IRAK1 -- TNFRSF1B -- TRAF2 -- CYLD -- TRAF1 -- IL4 -- CSF2 -- IKBKB -- TERT -- STAT1 -- CDKN2A -- FBXO31 -- MAP2K7 -- SMURF2 -- PRKCE -- NGF -- FGF7 -- SHC1 -- TNFRSF10B -- KRT18 -- IFNB1 -- CASP8 -- OTUD7B -- SMPD1 -- MTOR -- FAF1 -- PRNP -- BID -- TP63 -- UBE2D3
636,FADD -- MYD88 -- IL2 -- MAPK8 -- MAPK14 -- BCL2 -- RELA -- NFKBIA -- TNF -- IL23A -- TNFAIP3 -- SP1 -- VEGFA -- TP53 -- TGFB1 -- TRADD -- EIF2AK2 -- CASP2 -- IRAK1 -- MAP4K4 -- TNFRSF1B -- TRAF1 -- MAP3K1 -- ZFP36 -- ATM -- CFLAR -- CSF2 -- HSPB1 -- TERT -- CDKN2A -- CCND1 -- PPM1A -- SMURF2 -- PRKCE -- FASLG -- NGF -- FGF14 -- FGF7 -- TNFRSF14 -- SQSTM1 -- PIAS2 -- IRF1 -- RPAIN -- HIP1 -- CASP8 -- OTUD7B -- BAD -- CASP7 -- SMPD1 -- MTOR -- PEA15 -- FAF1 -- BID -- NFE2L2 -- HIF1A -- TP63 -- RPS6KA1 -- UBE2D3
637,MYD88 -- CASP3 -- NFKB1 -- E2F1 -- RELA -- RB1 -- JUN -- NFKBIA -- TNF -- IL23A -- RXRB -- TNFRSF1A -- TNFAIP3 -- RIPK1 -- CASP2 -- MAP4K4 -- TRAF2 -- TRAF1 -- MAP3K1 -- ZFP36 -- AR -- BIRC2 -- IL4 -- HSPB1 -- IKBKB -- TERT -- FBXO31 -- CCND1 -- MAP2K7 -- RIPK2 -- PRKCE -- FASLG -- RHOA -- NGF -- TNFRSF10B -- SQSTM1 -- PIAS2 -- CASP8 -- XIAP -- CASP7 -- SMPD1 -- CASP1 -- MTOR -- PRNP -- BID -- BAX -- CYCS -- NFE2L2 -- IL16 -- HIF1A -- TP63 -- RPS6KA1
638,FADD -- MYD88 -- CASP3 -- MAPK14 -- NFATC2 -- BCL2 -- CHUK -- NFKB1 -- MAPK3 -- PAK2 -- RB1 -- MYC -- TNF -- TP53 -- TGFB1 -- BIRC3 -- IRAK1 -- CYLD -- MAP3K1 -- BIRC2 -- ATM -- IL4 -- TERT -- STAT1 -- CCND1 -- MAP2K7 -- RIPK2 -- PRKCE -- RHOA -- SOCS3 -- FGF14 -- FGF7 -- SHC1 -- SQSTM1 -- IRF1 -- HIP1 -- XIAP -- BCL2L1 -- SMPD1 -- CASP1 -- PEA15 -- FAF1 -- PRNP -- NFE2L2 -- IL16 -- HIF1A
639,CASP3 -- MAPK8 -- BCL2 -- CHUK -- MAPK3 -- MYC -- NFKBIA -- TNF -- TNFRSF1A -- TNFAIP3 -- ADAM17 -- TRADD -- RIPK1 -- BIRC3 -- TRAF1 -- IL4 -- CSF2 -- HSPB1 -- TERT -- STAT1 -- CDKN2A -- RIPK2 -- PPM1A -- PRKCE -- SOCS3 -- FGF14 -- FGF7 -- SHC1 -- KRT18 -- SQSTM1 -- DAB2IP -- IFNB1 -- PIAS2 -- CASP8 -- OTUD7B -- XIAP -- BAD -- BCL2L1 -- CASP7 -- SMPD1 -- CASP1 -- FAF1 -- PRNP -- BID -- NFE2L2 -- HIF1A -- TP63 -- UBE2D3
640,IL1B -- MYD88 -- MAPK8 -- BCL2 -- CHUK -- NFKB1 -- MAPK3 -- E2F1 -- PAK2 -- RB1 -- IL23A -- AKT1 -- TNFAIP3 -- SP1 -- ADAM17 -- TP53 -- TGFB1 -- EIF2AK2 -- MAP4K4 -- CYLD -- TRAF1 -- MAP3K1 -- BIRC2 -- ATM -- HSPB1 -- TERT -- MAP2K7 -- RIPK2 -- PPM1A -- SMURF2 -- FASLG -- SOCS3 -- FGF14 -- MAP3K14 -- KRT18 -- TNFRSF14 -- IFNB1 -- PIAS2 -- IRF1 -- XIAP -- BAD -- BCL2L1 -- MTOR -- PRNP -- BAX -- IL16 -- HIF1A -- TP63 -- RPS6KA1
641,IL1B -- MYD88 -- IL2 -- MAPK8 -- MAPK14 -- NFATC2 -- MAPK3 -- E2F1 -- PAK2 -- JUN -- IL23A -- RXRB -- TNFRSF1A -- VEGFA -- ADAM17 -- TP53 -- TGFB1 -- EIF2AK2 -- CASP2 -- MAP4K4 -- TNFRSF1B -- CYLD -- MAP3K1 -- ZFP36 -- BIRC2 -- ATM -- CSF2 -- STAT1 -- FBXO31 -- CCND1 -- MAP2K7 -- SMURF2 -- PRKCE -- MAP3K14 -- FGF7 -- SHC1 -- TNFRSF10B -- TNFRSF14 -- SQSTM1 -- PIAS2 -- IRF1 -- RPAIN -- HIP1 -- OTUD7B -- BAD -- BCL2L1 -- CASP7 -- SMPD1 -- ERBB2 -- MTOR -- PEA15 -- FAF1 -- PRNP -- BAX -- NFE2L2 -- RPS6KA1 -- UBE2D3
642,FADD -- IL1B -- MYD88 -- IL2 -- CASP3 -- MAPK8 -- MAPK14 -- CHUK -- NFKB1 -- MAPK1 -- E2F1 -- PAK2 -- MYC -- NFKBIA -- AKT1 -- TNFRSF1A -- TNFAIP3 -- ADAM17 -- TP53 -- TRADD -- IRAK1 -- TNFRSF1B -- CYLD -- MAP3K1 -- AR -- BIRC2 -- ATM -- CSF2 -- IKBKB -- STAT1 -- RIPK2 -- PPM1A -- SMURF2 -- FASLG -- SOCS3 -- MAP3K14 -- TNFRSF10B -- KRT18 -- SQSTM1 -- DAB2IP -- IFNB1 -- RPAIN -- HIP1 -- CASP8 -- OTUD7B -- XIAP -- BCL2L1 -- SMPD1 -- ERBB2 -- FAF1 -- CYCS -- NFE2L2 -- IL16 -- TP63 -- RPS6KA1
643,FADD -- CASP3 -- BCL2 -- CHUK -- NFKB1 -- RELA -- MYC -- TNF -- IL23A -- RXRB -- TNFRSF1A -- TRADD -- BIRC3 -- MAP4K4 -- TNFRSF1B -- TRAF1 -- MAP3K1 -- ATM -- CFLAR -- CSF2 -- STAT1 -- FBXO31 -- CCND1 -- MAP2K7 -- PPM1A -- FASLG -- RHOA -- SOCS3 -- NGF -- FGF14 -- MAP3K14 -- SHC1 -- TNFRSF10B -- KRT18 -- TNFRSF14 -- IFNB1 -- PIAS2 -- HIP1 -- OTUD7B -- XIAP -- CASP7 -- SMPD1 -- ERBB2 -- FAF1 -- BID -- BAX -- CYCS -- NFE2L2 -- HIF1A -- TP63 -- RPS6KA1 -- UBE2D3
644,MYD88 -- CASP3 -- MAPK14 -- NFATC2 -- BCL2 -- CHUK -- MAPK1 -- MAPK3 -- E2F1 -- RELA -- PAK2 -- JUN -- TNF -- AKT1 -- RXRB -- TNFRSF1A -- SP1 -- ADAM17 -- TGFB1 -- TRADD -- RIPK1 -- CASP2 -- IRAK1 -- TRAF2 -- CYLD -- TRAF1 -- MAP3K1 -- CFLAR -- CSF2 -- CDKN2A -- CCND1 -- RIPK2 -- PPM1A -- PRKCE -- FASLG -- FGF7 -- SQSTM1 -- IFNB1 -- PIAS2 -- IRF1 -- RPAIN -- HIP1 -- CASP8 -- OTUD7B -- XIAP -- BAD -- SMPD1 -- MTOR -- PEA15 -- FAF1 -- BID -- CYCS -- NFE2L2
645,FADD -- IL1B -- IL2 -- CASP3 -- MAPK3 -- E2F1 -- PAK2 -- MYC -- IL23A -- RXRB -- TNFAIP3 -- SP1 -- VEGFA -- ADAM17 -- TP53 -- TRADD -- EIF2AK2 -- CASP2 -- BIRC3 -- MAP4K4 -- TRAF2 -- TRAF1 -- MAP3K1 -- ZFP36 -- CFLAR -- IKBKB -- STAT1 -- CDKN2A -- RIPK2 -- FASLG -- RHOA -- FGF7 -- SHC1 -- TNFRSF14 -- IFNB1 -- PIAS2 -- IRF1 -- CASP8 -- BAD -- CASP7 -- ERBB2 -- MTOR -- PEA15 -- FAF1 -- BID -- BAX -- CYCS -- NFE2L2 -- HIF1A -- RPS6KA1 -- UBE2D3
646,IL1B -- IL2 -- CASP3 -- MAPK14 -- NFATC2 -- MAPK1 -- IL23A -- AKT1 -- RXRB -- TNFRSF1A -- TNFAIP3 -- VEGFA -- TGFB1 -- BIRC3 -- IRAK1 -- MAP4K4 -- TNFRSF1B -- TRAF2 -- CYLD -- TRAF1 -- MAP3K1 -- ZFP36 -- BIRC2 -- CSF2 -- TERT -- STAT1 -- CDKN2A -- MAP2K7 -- RIPK2 -- FASLG -- NGF -- MAP3K14 -- TNFRSF10B -- SQSTM1 -- DAB2IP -- PIAS2 -- IRF1 -- RPAIN -- XIAP -- BAD -- CASP1 -- PEA15 -- PRNP -- BID -- CYCS -- UBE2D3
647,IL1B -- CASP3 -- MAPK14 -- NFATC2 -- BCL2 -- CHUK -- NFKB1 -- MAPK1 -- MAPK3 -- E2F1 -- PAK2 -- RB1 -- MYC -- NFKBIA -- TNF -- IL23A -- TNFRSF1A -- VEGFA -- ADAM17 -- TGFB1 -- RIPK1 -- EIF2AK2 -- CASP2 -- BIRC3 -- MAP4K4 -- TNFRSF1B -- CYLD -- IL4 -- CSF2 -- TERT -- STAT1 -- CDKN2A -- CCND1 -- RIPK2 -- PPM1A -- PRKCE -- FASLG -- SOCS3 -- FGF14 -- FGF7 -- TNFRSF10B -- TNFRSF14 -- SQSTM1 -- RPAIN -- HIP1 -- OTUD7B -- BAD -- ERBB2 -- PEA15 -- FAF1 -- PRNP -- BID -- NFE2L2 -- TP63
648,IL2 -- MAPK8 -- MAPK14 -- TNF -- IL23A -- AKT1 -- RXRB -- TNFRSF1A -- TGFB1 -- TRADD -- EIF2AK2 -- TNFRSF1B -- TRAF1 -- ATM -- TERT -- STAT1 -- FBXO31 -- CCND1 -- PPM1A -- PRKCE -- RHOA -- NGF -- TNFRSF10B -- KRT18 -- TNFRSF14 -- SQSTM1 -- DAB2IP -- IFNB1 -- PIAS2 -- RPAIN -- BAD -- BCL2L1 -- CASP7 -- SMPD1 -- CASP1 -- MTOR -- PEA15 -- BID -- BAX -- IL16 -- HIF1A -- TP63
649,IL1B -- BCL2 -- MAPK3 -- RELA -- RB1 -- JUN -- RXRB -- TNFAIP3 -- SP1 -- VEGFA -- ADAM17 -- TP53 -- TGFB1 -- TRADD -- EIF2AK2 -- IRAK1 -- MAP4K4 -- TRAF2 -- CYLD -- TRAF1 -- MAP3K1 -- ZFP36 -- ATM -- CFLAR -- IL4 -- HSPB1 -- TERT -- CDKN2A -- PPM1A -- SMURF2 -- FASLG -- RHOA -- FGF14 -- FGF7 -- TNFRSF10B -- KRT18 -- IFNB1 -- PIAS2 -- IRF1 -- HIP1 -- CASP8 -- OTUD7B -- BAD -- ERBB2 -- MTOR -- PRNP -- BAX -- CYCS -- TP63 -- RPS6KA1 -- UBE2D3
650,IL1B -- MYD88 -- IL2 -- MAPK8 -- MAPK14 -- BCL2 -- CHUK -- NFKB1 -- MAPK3 -- RELA -- PAK2 -- RB1 -- JUN -- MYC -- IL23A -- RIPK1 -- CASP2 -- BIRC3 -- MAP4K4 -- BIRC2 -- IL4 -- HSPB1 -- TERT -- CDKN2A -- FBXO31 -- MAP2K7 -- RIPK2 -- PPM1A -- SMURF2 -- PRKCE -- SOCS3 -- NGF -- DAB2IP -- HIP1 -- BAD -- CASP7 -- MTOR -- PEA15 -- PRNP -- CYCS -- IL16 -- TP63 -- RPS6KA1
651,IL2 -- CASP3 -- MAPK8 -- NFATC2 -- CHUK -- MAPK1 -- PAK2 -- RB1 -- NFKBIA -- AKT1 -- TNFRSF1A -- ADAM17 -- TP53 -- TGFB1 -- CASP2 -- BIRC3 -- MAP4K4 -- TRAF1 -- MAP3K1 -- AR -- ATM -- CFLAR -- IL4 -- HSPB1 -- IKBKB -- STAT1 -- CDKN2A -- CCND1 -- MAP2K7 -- SMURF2 -- NGF -- MAP3K14 -- KRT18 -- TNFRSF14 -- PIAS2 -- IRF1 -- RPAIN -- CASP8 -- XIAP -- BCL2L1 -- MTOR -- PEA15 -- PRNP -- BID -- IL16
652,FADD -- IL2 -- CASP3 -- MAPK8 -- MAPK14 -- NFATC2 -- BCL2 -- MAPK3 -- E2F1 -- PAK2 -- MYC -- NFKBIA -- TNF -- IL23A -- AKT1 -- TNFAIP3 -- VEGFA -- ADAM17 -- TP53 -- TRADD -- ZFP36 -- AR -- IL4 -- CSF2 -- IKBKB -- CDKN2A -- CCND1 -- FGF14 -- MAP3K14 -- SHC1 -- TNFRSF10B -- KRT18 -- TNFRSF14 -- SQSTM1 -- IFNB1 -- IRF1 -- RPAIN -- CASP8 -- XIAP -- BCL2L1 -- CASP1 -- PRNP -- BID -- BAX -- HIF1A -- TP63
653,IL1B -- IL2 -- MAPK8 -- NFATC2 -- BCL2 -- MAPK1 -- MAPK3 -- RELA -- PAK2 -- RB1 -- MYC -- TNFRSF1A -- TP53 -- TRADD -- EIF2AK2 -- CASP2 -- BIRC3 -- IRAK1 -- CYLD -- TRAF1 -- ZFP36 -- AR -- ATM -- IKBKB -- TERT -- STAT1 -- CDKN2A -- PPM1A -- SMURF2 -- FASLG -- RHOA -- FGF14 -- FGF7 -- TNFRSF10B -- KRT18 -- TNFRSF14 -- DAB2IP -- PIAS2 -- IRF1 -- RPAIN -- HIP1 -- OTUD7B -- BAD -- CASP7 -- SMPD1 -- BAX -- IL16 -- HIF1A -- TP63 -- RPS6KA1
654,MYD88 -- IL2 -- CASP3 -- MAPK8 -- BCL2 -- CHUK -- NFKB1 -- MAPK1 -- MAPK3 -- E2F1 -- RB1 -- IL23A -- SP1 -- TRADD -- RIPK1 -- CASP2 -- MAP4K4 -- TNFRSF1B -- CYLD -- MAP3K1 -- ZFP36 -- AR -- BIRC2 -- ATM -- CFLAR -- IKBKB -- TERT -- MAP2K7 -- SMURF2 -- FASLG -- NGF -- SHC1 -- IFNB1 -- CASP8 -- OTUD7B -- SMPD1 -- CASP1 -- PRNP -- BID -- HIF1A -- RPS6KA1 -- UBE2D3
655,FADD -- IL1B -- MYD88 -- IL2 -- MAPK8 -- BCL2 -- NFKB1 -- MAPK3 -- RB1 -- MYC -- IL23A -- RXRB -- TNFAIP3 -- SP1 -- VEGFA -- ADAM17 -- TP53 -- TGFB1 -- EIF2AK2 -- CASP2 -- BIRC3 -- MAP4K4 -- TNFRSF1B -- TRAF2 -- ATM -- CSF2 -- TERT -- FBXO31 -- MAP2K7 -- RIPK2 -- SMURF2 -- RHOA -- NGF -- FGF14 -- MAP3K14 -- FGF7 -- DAB2IP -- IFNB1 -- IRF1 -- HIP1 -- OTUD7B -- XIAP -- BAD -- CASP7 -- SMPD1 -- CASP1 -- ERBB2 -- PEA15 -- FAF1 -- PRNP -- BID -- BAX -- CYCS -- NFE2L2 -- TP63 -- RPS6KA1 -- UBE2D3
656,FADD -- CASP3 -- MAPK8 -- BCL2 -- CHUK -- NFKB1 -- MAPK1 -- MAPK3 -- E2F1 -- RB1 -- NFKBIA -- TNF -- IL23A -- AKT1 -- RXRB -- TNFAIP3 -- SP1 -- VEGFA -- ADAM17 -- TRADD -- CASP2 -- TNFRSF1B -- TRAF2 -- BIRC2 -- ATM -- IL4 -- CSF2 -- HSPB1 -- IKBKB -- STAT1 -- CDKN2A -- MAP2K7 -- FASLG -- FGF14 -- SHC1 -- TNFRSF10B -- SQSTM1 -- DAB2IP -- PIAS2 -- XIAP -- BAD -- BCL2L1 -- CASP7 -- CASP1 -- ERBB2 -- PEA15 -- FAF1 -- BID -- CYCS -- IL16 -- HIF1A -- RPS6KA1
657,FADD -- MYD88 -- IL2 -- NFATC2 -- BCL2 -- CHUK -- NFKB1 -- MAPK1 -- RELA -- PAK2 -- JUN -- TNF -- IL23A -- RXRB -- TNFAIP3 -- SP1 -- VEGFA -- TRADD -- CASP2 -- IRAK1 -- MAP4K4 -- TNFRSF1B -- TRAF2 -- TRAF1 -- MAP3K1 -- ZFP36 -- AR -- BIRC2 -- CSF2 -- HSPB1 -- IKBKB -- TERT -- CDKN2A -- FBXO31 -- CCND1 -- RIPK2 -- PRKCE -- SOCS3 -- NGF -- FGF7 -- KRT18 -- SQSTM1 -- DAB2IP -- IFNB1 -- PIAS2 -- IRF1 -- RPAIN -- HIP1 -- CASP8 -- OTUD7B -- BAD -- CASP7 -- ERBB2 -- MTOR -- PEA15 -- FAF1 -- BID -- BAX -- NFE2L2 -- RPS6KA1
658,MYD88 -- MAPK8 -- MAPK14 -- BCL2 -- NFKB1 -- MAPK1 -- RELA -- RB1 -- JUN -- VEGFA -- TGFB1 -- TRADD -- EIF2AK2 -- IRAK1 -- ATM -- CFLAR -- IL4 -- CDKN2A -- CCND1 -- MAP2K7 -- SMURF2 -- FASLG -- NGF -- FGF14 -- MAP3K14 -- SHC1 -- TNFRSF10B -- KRT18 -- IFNB1 -- PIAS2 -- HIP1 -- CASP7 -- SMPD1 -- CASP1 -- PEA15 -- FAF1 -- PRNP -- BAX -- HIF1A -- RPS6KA1 -- UBE2D3
659,MYD88 -- IL2 -- CASP3 -- MAPK8 -- NFKB1 -- NFKBIA -- TNF -- IL23A -- AKT1 -- VEGFA -- TRADD -- MAP4K4 -- TNFRSF1B -- CYLD -- TRAF1 -- MAP3K1 -- ATM -- CSF2 -- IKBKB -- STAT1 -- CDKN2A -- FBXO31 -- CCND1 -- RIPK2 -- SMURF2 -- FASLG -- SOCS3 -- NGF -- TNFRSF14 -- SQSTM1 -- IFNB1 -- PIAS2 -- OTUD7B -- BAD -- SMPD1 -- CASP1 -- MTOR -- FAF1 -- BID -- NFE2L2 -- IL16 -- RPS6KA1 -- UBE2D3
660,FADD -- IL2 -- CASP3 -- NFATC2 -- NFKB1 -- MAPK1 -- MAPK3 -- E2F1 -- PAK2 -- NFKBIA -- TNF -- AKT1 -- SP1 -- ADAM17 -- EIF2AK2 -- CYLD -- TRAF1 -- MAP3K1 -- AR -- ATM -- IL4 -- CSF2 -- TERT -- FBXO31 -- RIPK2 -- PPM1A -- SMURF2 -- FASLG -- SOCS3 -- NGF -- FGF7 -- SHC1 -- TNFRSF10B -- KRT18 -- DAB2IP -- PIAS2 -- IRF1 -- RPAIN -- OTUD7B -- XIAP -- SMPD1 -- CASP1 -- ERBB2 -- MTOR -- FAF1 -- BID -- BAX -- NFE2L2 -- TP63 -- UBE2D3
661,FADD -- IL1B -- IL2 -- CASP3 -- MAPK14 -- CHUK -- NFKB1 -- MAPK1 -- E2F1 -- RB1 -- JUN -- TNF -- IL23A -- AKT1 -- RXRB -- ADAM17 -- TRADD -- EIF2AK2 -- BIRC3 -- IRAK1 -- MAP3K1 -- ZFP36 -- AR -- CFLAR -- IL4 -- CSF2 -- HSPB1 -- STAT1 -- CDKN2A -- FBXO31 -- CCND1 -- MAP2K7 -- SMURF2 -- RHOA -- SOCS3 -- NGF -- MAP3K14 -- SHC1 -- DAB2IP -- IRF1 -- OTUD7B -- XIAP -- SMPD1 -- CASP1 -- MTOR -- PEA15 -- PRNP -- CYCS -- NFE2L2 -- TP63 -- UBE2D3
662,FADD -- MYD88 -- IL2 -- CASP3 -- MAPK8 -- MAPK14 -- MAPK1 -- MAPK3 -- E2F1 -- RELA -- RB1 -- JUN -- MYC -- NFKBIA -- TNF -- TNFRSF1A -- SP1 -- ADAM17 -- TP53 -- TGFB1 -- TRADD -- RIPK1 -- EIF2AK2 -- CASP2 -- MAP4K4 -- TRAF1 -- AR -- BIRC2 -- IL4 -- HSPB1 -- IKBKB -- TERT -- STAT1 -- CDKN2A -- CCND1 -- RIPK2 -- PPM1A -- SMURF2 -- PRKCE -- FASLG -- SOCS3 -- NGF -- FGF14 -- MAP3K14 -- FGF7 -- SHC1 -- PIAS2 -- RPAIN -- HIP1 -- CASP8 -- OTUD7B -- CASP7 -- CASP1 -- FAF1 -- RPS6KA1
663,MYD88 -- BCL2 -- NFKB1 -- RELA -- PAK2 -- JUN -- MYC -- NFKBIA -- TNF -- IL23A -- TNFAIP3 -- ADAM17 -- TP53 -- TGFB1 -- TRADD -- RIPK1 -- CASP2 -- CYLD -- TRAF1 -- MAP3K1 -- ATM -- HSPB1 -- IKBKB -- STAT1 -- CDKN2A -- FBXO31 -- MAP2K7 -- PPM1A -- PRKCE -- NGF -- FGF7 -- TNFRSF10B -- KRT18 -- TNFRSF14 -- DAB2IP -- IFNB1 -- PIAS2 -- RPAIN -- OTUD7B -- XIAP -- CASP7 -- FAF1 -- CYCS -- HIF1A -- TP63 -- RPS6KA1
664,FADD -- IL1B -- MYD88 -- IL2 -- CASP3 -- BCL2 -- CHUK -- E2F1 -- RB1 -- JUN -- MYC -- NFKBIA -- TNFAIP3 -- SP1 -- VEGFA -- TGFB1 -- TRADD -- RIPK1 -- EIF2AK2 -- CASP2 -- IRAK1 -- MAP4K4 -- TNFRSF1B -- TRAF2 -- TRAF1 -- ZFP36 -- AR -- BIRC2 -- ATM -- CFLAR -- IL4 -- CSF2 -- IKBKB -- CDKN2A -- CCND1 -- MAP2K7 -- SMURF2 -- FGF14 -- MAP3K14 -- FGF7 -- TNFRSF10B -- PIAS2 -- IRF1 -- RPAIN -- HIP1 -- CASP8 -- XIAP -- BAD -- SMPD1 -- ERBB2 -- MTOR -- CYCS -- NFE2L2 -- IL16 -- HIF1A -- TP63
665,IL1B -- MYD88 -- IL2 -- NFATC2 -- BCL2 -- NFKB1 -- MAPK1 -- MAPK3 -- E2F1 -- RELA -- RB1 -- JUN -- NFKBIA -- TNF -- TNFAIP3 -- SP1 -- TGFB1 -- CASP2 -- BIRC3 -- IRAK1 -- TRAF2 -- CYLD -- TRAF1 -- BIRC2 -- ATM -- IL4 -- IKBKB -- TERT -- CDKN2A -- FBXO31 -- CCND1 -- PPM1A -- SMURF2 -- FASLG -- SOCS3 -- NGF -- FGF14 -- SHC1 -- TNFRSF10B -- KRT18 -- DAB2IP -- PIAS2 -- IRF1 -- RPAIN -- OTUD7B -- BAD -- PEA15 -- FAF1 -- PRNP -- CYCS -- HIF1A -- TP63 -- UBE2D3
666,FADD -- IL1B -- MYD88 -- IL2 -- CASP3 -- MAPK8 -- BCL2 -- NFKB1 -- MAPK1 -- PAK2 -- JUN -- MYC -- TNF -- IL23A -- RXRB -- TNFAIP3 -- SP1 -- VEGFA -- ADAM17 -- EIF2AK2 -- IRAK1 -- MAP4K4 -- TNFRSF1B -- CYLD -- TRAF1 -- ZFP36 -- AR -- BIRC2 -- CFLAR -- IL4 -- IKBKB -- RHOA -- NGF -- MAP3K14 -- SHC1 -- KRT18 -- DAB2IP -- PIAS2 -- HIP1 -- CASP8 -- XIAP -- BAD -- BCL2L1 -- SMPD1 -- ERBB2 -- PEA15 -- FAF1 -- BAX -- CYCS -- NFE2L2 -- TP63 -- RPS6KA1 -- UBE2D3
667,FADD -- IL2 -- MAPK8 -- MAPK14 -- BCL2 -- CHUK -- MAPK1 -- MAPK3 -- PAK2 -- MYC -- TNF -- IL23A -- AKT1 -- RXRB -- TNFRSF1A -- TNFAIP3 -- VEGFA -- TP53 -- TRADD -- BIRC3 -- IRAK1 -- TNFRSF1B -- MAP3K1 -- ZFP36 -- CSF2 -- HSPB1 -- TERT -- CDKN2A -- FBXO31 -- CCND1 -- MAP2K7 -- SOCS3 -- MAP3K14 -- KRT18 -- SQSTM1 -- IFNB1 -- IRF1 -- RPAIN -- HIP1 -- CASP8 -- BAD -- SMPD1 -- CASP1 -- ERBB2 -- MTOR -- PEA15 -- BAX -- CYCS -- IL16 -- HIF1A -- RPS6KA1
668,FADD -- MYD88 -- IL2 -- CASP3 -- MAPK8 -- NFATC2 -- MAPK1 -- MAPK3 -- E2F1 -- RELA -- JUN -- MYC -- TNF -- IL23A -- RXRB -- TNFRSF1A -- TNFAIP3 -- SP1 -- ADAM17 -- TP53 -- TGFB1 -- RIPK1 -- BIRC3 -- TNFRSF1B -- TRAF2 -- MAP3K1 -- AR -- BIRC2 -- CFLAR -- IL4 -- CSF2 -- TERT -- STAT1 -- CDKN2A -- RIPK2 -- PRKCE -- SOCS3 -- MAP3K14 -- FGF7 -- TNFRSF10B -- KRT18 -- TNFRSF14 -- DAB2IP -- IFNB1 -- PIAS2 -- IRF1 -- RPAIN -- HIP1 -- CASP8 -- XIAP -- BAD -- BCL2L1 -- CASP7 -- SMPD1 -- PEA15 -- IL16 -- RPS6KA1 -- UBE2D3
669,IL1B -- MYD88 -- IL2 -- CASP3 -- MAPK8 -- MAPK14 -- NFATC2 -- BCL2 -- CHUK -- MAPK1 -- MAPK3 -- E2F1 -- RELA -- RB1 -- JUN -- MYC -- TNF -- RXRB -- TNFAIP3 -- SP1 -- VEGFA -- ADAM17 -- RIPK1 -- BIRC3 -- IRAK1 -- CYLD -- TRAF1 -- MAP3K1 -- AR -- CFLAR -- CDKN2A -- MAP2K7 -- SMURF2 -- PRKCE -- FASLG -- SOCS3 -- NGF -- MAP3K14 -- TNFRSF10B -- SQSTM1 -- IFNB1 -- PIAS2 -- IRF1 -- OTUD7B -- BCL2L1 -- CASP1 -- ERBB2 -- PEA15 -- PRNP -- BID -- CYCS -- NFE2L2 -- HIF1A -- TP63 -- RPS6KA1 -- UBE2D3
670,MYD88 -- MAPK14 -- NFATC2 -- BCL2 -- NFKB1 -- MAPK3 -- RELA -- JUN -- MYC -- NFKBIA -- IL23A -- AKT1 -- TNFAIP3 -- SP1 -- TGFB1 -- EIF2AK2 -- MAP4K4 -- TNFRSF1B -- TRAF2 -- TRAF1 -- ZFP36 -- AR -- BIRC2 -- ATM -- IL4 -- CSF2 -- HSPB1 -- IKBKB -- STAT1 -- CDKN2A -- SMURF2 -- PRKCE -- FASLG -- RHOA -- FGF14 -- MAP3K14 -- SHC1 -- KRT18 -- TNFRSF14 -- SQSTM1 -- DAB2IP -- PIAS2 -- IRF1 -- HIP1 -- CASP8 -- OTUD7B -- BAD -- CASP7 -- SMPD1 -- MTOR -- PEA15 -- BID -- BAX -- CYCS -- IL16 -- HIF1A
671,FADD -- IL1B -- NFATC2 -- CHUK -- MAPK3 -- E2F1 -- RELA -- PAK2 -- RB1 -- MYC -- AKT1 -- TNFAIP3 -- SP1 -- ADAM17 -- RIPK1 -- BIRC3 -- IRAK1 -- MAP4K4 -- CYLD -- TRAF1 -- MAP3K1 -- ZFP36 -- ATM -- IL4 -- STAT1 -- CDKN2A -- FBXO31 -- MAP2K7 -- RIPK2 -- SMURF2 -- FASLG -- RHOA -- MAP3K14 -- FGF7 -- TNFRSF10B -- KRT18 -- SQSTM1 -- DAB2IP -- IFNB1 -- XIAP -- BCL2L1 -- CASP1 -- CYCS -- NFE2L2 -- IL16 -- HIF1A -- UBE2D3
672,FADD -- IL1B -- MYD88 -- MAPK8 -- MAPK14 -- NFATC2 -- BCL2 -- MAPK1 -- PAK2 -- RB1 -- NFKBIA -- TNFAIP3 -- VEGFA -- ADAM17 -- TP53 -- EIF2AK2 -- CASP2 -- MAP4K4 -- CYLD -- ZFP36 -- AR -- BIRC2 -- IL4 -- CSF2 -- HSPB1 -- IKBKB -- TERT -- CDKN2A -- RIPK2 -- FASLG -- RHOA -- SOCS3 -- NGF -- MAP3K14 -- FGF7 -- SHC1 -- TNFRSF10B -- KRT18 -- SQSTM1 -- IFNB1 -- PIAS2 -- RPAIN -- CASP8 -- BAD -- CASP7 -- CASP1 -- ERBB2 -- MTOR -- PRNP -- BID -- BAX -- HIF1A -- TP63 -- UBE2D3
673,FADD -- IL1B -- MYD88 -- CASP3 -- MAPK8 -- BCL2 -- CHUK -- NFKB1 -- RELA -- RB1 -- TNF -- TP53 -- EIF2AK2 -- CASP2 -- BIRC3 -- TRAF2 -- TRAF1 -- MAP3K1 -- AR -- BIRC2 -- ATM -- CFLAR -- HSPB1 -- IKBKB -- TERT -- STAT1 -- FBXO31 -- PPM1A -- SMURF2 -- PRKCE -- FASLG -- RHOA -- SOCS3 -- NGF -- MAP3K14 -- FGF7 -- TNFRSF10B -- KRT18 -- SQSTM1 -- RPAIN -- CASP8 -- XIAP -- BAD -- CASP7 -- ERBB2 -- MTOR -- FAF1 -- BID -- BAX -- CYCS -- NFE2L2 -- HIF1A -- RPS6KA1
674,FADD -- IL1B -- IL2 -- CASP3 -- MAPK8 -- MAPK14 -- NFKB1 -- MAPK3 -- E2F1 -- PAK2 -- JUN -- IL23A -- AKT1 -- RXRB -- TNFAIP3 -- SP1 -- VEGFA -- ADAM17 -- TGFB1 -- RIPK1 -- EIF2AK2 -- BIRC3 -- MAP4K4 -- TRAF2 -- CYLD -- TRAF1 -- MAP3K1 -- ZFP36 -- IL4 -- CSF2 -- IKBKB -- TERT -- STAT1 -- CCND1 -- MAP2K7 -- RIPK2 -- PPM1A -- SMURF2 -- PRKCE -- FASLG -- RHOA -- SOCS3 -- FGF14 -- KRT18 -- TNFRSF14 -- SQSTM1 -- DAB2IP -- IRF1 -- HIP1 -- OTUD7B -- BAD -- BCL2L1 -- CASP7 -- SMPD1 -- CASP1 -- MTOR -- FAF1 -- PRNP -- BID -- BAX -- HIF1A -- TP63 -- RPS6KA1
675,FADD -- IL2 -- CASP3 -- MAPK8 -- PAK2 -- MYC -- TNF -- AKT1 -- TNFAIP3 -- SP1 -- VEGFA -- TGFB1 -- TRADD -- IRAK1 -- TNFRSF1B -- TRAF2 -- AR -- BIRC2 -- IL4 -- HSPB1 -- IKBKB -- CDKN2A -- CCND1 -- PPM1A -- RHOA -- SOCS3 -- NGF -- SHC1 -- TNFRSF10B -- KRT18 -- SQSTM1 -- HIP1 -- CASP8 -- OTUD7B -- XIAP -- BCL2L1 -- CASP1 -- PEA15 -- FAF1 -- BAX -- CYCS -- NFE2L2 -- IL16 -- RPS6KA1
676,FADD -- IL1B -- IL2 -- CASP3 -- MAPK8 -- MAPK14 -- BCL2 -- CHUK -- NFKB1 -- MAPK1 -- MAPK3 -- E2F1 -- RELA -- RB1 -- JUN -- MYC -- TNF -- TNFRSF1A -- VEGFA -- ADAM17 -- TP53 -- TGFB1 -- TRADD -- CASP2 -- MAP4K4 -- TRAF1 -- MAP3K1 -- BIRC2 -- IL4 -- IKBKB -- TERT -- STAT1 -- FBXO31 -- CCND1 -- MAP2K7 -- NGF -- FGF14 -- MAP3K14 -- TNFRSF10B -- KRT18 -- TNFRSF14 -- SQSTM1 -- PIAS2 -- CASP8 -- BCL2L1 -- CASP1 -- MTOR -- PEA15 -- PRNP -- BID -- BAX -- CYCS -- TP63 -- RPS6KA1 -- UBE2D3
677,IL1B -- MYD88 -- IL2 -- MAPK8 -- CHUK -- NFKB1 -- MAPK3 -- RELA -- PAK2 -- NFKBIA -- TNF -- IL23A -- RXRB -- TNFAIP3 -- SP1 -- VEGFA -- TGFB1 -- TRADD -- RIPK1 -- EIF2AK2 -- BIRC3 -- IRAK1 -- TRAF2 -- CYLD -- TRAF1 -- MAP3K1 -- ZFP36 -- AR -- ATM -- CFLAR -- HSPB1 -- IKBKB -- TERT -- STAT1 -- MAP2K7 -- PPM1A -- NGF -- MAP3K14 -- FGF7 -- KRT18 -- SQSTM1 -- DAB2IP -- IRF1 -- RPAIN -- MTOR -- PEA15 -- PRNP -- BID -- BAX -- CYCS -- NFE2L2 -- HIF1A -- TP63 -- UBE2D3
678,FADD -- MYD88 -- IL2 -- MAPK14 -- MAPK1 -- MAPK3 -- RELA -- RB1 -- IL23A -- RXRB -- TNFRSF1A -- SP1 -- VEGFA -- TP53 -- TGFB1 -- EIF2AK2 -- BIRC3 -- IRAK1 -- CYLD -- MAP3K1 -- ATM -- HSPB1 -- TERT -- MAP2K7 -- RIPK2 -- SMURF2 -- PRKCE -- MAP3K14 -- TNFRSF10B -- KRT18 -- SQSTM1 -- IFNB1 -- PIAS2 -- IRF1 -- RPAIN -- OTUD7B -- BCL2L1 -- SMPD1 -- MTOR -- FAF1 -- PRNP -- CYCS -- IL16 -- HIF1A -- RPS6KA1 -- UBE2D3
679,FADD -- IL2 -- NFATC2 -- BCL2 -- NFKB1 -- MAPK1 -- MAPK3 -- PAK2 -- JUN -- TNFRSF1A -- TNFAIP3 -- ADAM17 -- TGFB1 -- EIF2AK2 -- BIRC3 -- IRAK1 -- TNFRSF1B -- BIRC2 -- CFLAR -- CSF2 -- HSPB1 -- STAT1 -- CDKN2A -- FBXO31 -- SMURF2 -- NGF -- MAP3K14 -- FGF7 -- TNFRSF10B -- KRT18 -- PIAS2 -- IRF1 -- HIP1 -- XIAP -- BCL2L1 -- CASP7 -- SMPD1 -- CASP1 -- MTOR -- PEA15 -- BID -- CYCS -- HIF1A -- TP63 -- RPS6KA1
680,FADD -- IL1B -- MYD88 -- IL2 -- BCL2 -- RB1 -- JUN -- MYC -- NFKBIA -- IL23A -- AKT1 -- RXRB -- VEGFA -- TP53 -- TGFB1 -- RIPK1 -- EIF2AK2 -- CASP2 -- TRAF2 -- TRAF1 -- ZFP36 -- AR -- ATM -- CFLAR -- CSF2 -- HSPB1 -- IKBKB -- CDKN2A -- SMURF2 -- FASLG -- RHOA -- NGF -- FGF7 -- KRT18 -- DAB2IP -- IFNB1 -- PIAS2 -- RPAIN -- CASP8 -- XIAP -- BAD -- BCL2L1 -- CASP1 -- MTOR -- PEA15 -- FAF1 -- BAX -- HIF1A -- TP63
681,FADD -- IL1B -- CASP3 -- MAPK8 -- NFATC2 -- BCL2 -- NFKB1 -- MAPK1 -- RELA -- PAK2 -- RB1 -- JUN -- TNF -- IL23A -- TNFRSF1A -- VEGFA -- RIPK1 -- CASP2 -- MAP4K4 -- TRAF2 -- MAP3K1 -- ZFP36 -- IKBKB -- TERT -- STAT1 -- CDKN2A -- FBXO31 -- CCND1 -- PPM1A -- SMURF2 -- FASLG -- RHOA -- SOCS3 -- NGF -- MAP3K14 -- SHC1 -- TNFRSF10B -- KRT18 -- TNFRSF14 -- SQSTM1 -- PIAS2 -- IRF1 -- HIP1 -- CASP8 -- OTUD7B -- BCL2L1 -- CASP7 -- SMPD1 -- ERBB2 -- PEA15 -- FAF1 -- PRNP -- BID -- UBE2D3
682,CASP3 -- NFATC2 -- NFKB1 -- MAPK1 -- MAPK3 -- E2F1 -- MYC -- NFKBIA -- IL23A -- AKT1 -- TNFRSF1A -- TNFAIP3 -- ADAM17 -- TP53 -- TGFB1 -- TRADD -- RIPK1 -- EIF2AK2 -- CASP2 -- TRAF2 -- CYLD -- ZFP36 -- AR -- CSF2 -- CDKN2A -- FBXO31 -- CCND1 -- MAP2K7 -- RIPK2 -- SMURF2 -- PRKCE -- SOCS3 -- TNFRSF10B -- KRT18 -- IFNB1 -- HIP1 -- CASP8 -- OTUD7B -- XIAP -- BAD -- SMPD1 -- CASP1 -- ERBB2 -- MTOR -- FAF1 -- BAX -- CYCS -- NFE2L2 -- HIF1A -- TP63 -- RPS6KA1 -- UBE2D3
683,IL1B -- CASP3 -- MAPK14 -- NFKB1 -- PAK2 -- RB1 -- JUN -- NFKBIA -- IL23A -- AKT1 -- RXRB -- TNFRSF1A -- TNFAIP3 -- SP1 -- TRADD -- RIPK1 -- EIF2AK2 -- IRAK1 -- MAP4K4 -- TRAF2 -- CYLD -- TRAF1 -- MAP3K1 -- AR -- BIRC2 -- ATM -- CFLAR -- IL4 -- IKBKB -- STAT1 -- FBXO31 -- PPM1A -- PRKCE -- SOCS3 -- FGF14 -- MAP3K14 -- FGF7 -- SHC1 -- KRT18 -- HIP1 -- XIAP -- BAD -- BCL2L1 -- CASP7 -- SMPD1 -- MTOR -- PEA15 -- FAF1 -- BID -- IL16 -- TP63 -- UBE2D3
684,FADD -- CASP3 -- CHUK -- NFKBIA -- AKT1 -- RXRB -- TNFRSF1A -- TNFAIP3 -- VEGFA -- ADAM17 -- TP53 -- TGFB1 -- TRADD -- RIPK1 -- EIF2AK2 -- CASP2 -- ZFP36 -- ATM -- CFLAR -- IL4 -- CSF2 -- HSPB1 -- IKBKB -- TERT -- STAT1 -- FBXO31 -- CCND1 -- MAP2K7 -- SMURF2 -- PRKCE -- SOCS3 -- FGF7 -- SHC1 -- TNFRSF10B -- DAB2IP -- PIAS2 -- RPAIN -- HIP1 -- XIAP -- SMPD1 -- MTOR -- PEA15 -- PRNP -- CYCS -- IL16 -- UBE2D3
685,FADD -- MYD88 -- IL2 -- MAPK8 -- BCL2 -- CHUK -- NFKB1 -- MAPK3 -- PAK2 -- JUN -- NFKBIA -- TNF -- IL23A -- TNFRSF1A -- TNFAIP3 -- ADAM17 -- TP53 -- RIPK1 -- EIF2AK2 -- BIRC3 -- CYLD -- TRAF1 -- MAP3K1 -- ZFP36 -- CFLAR -- IL4 -- CDKN2A -- MAP2K7 -- RIPK2 -- SMURF2 -- FASLG -- RHOA -- FGF14 -- MAP3K14 -- SHC1 -- TNFRSF10B -- DAB2IP -- IRF1 -- HIP1 -- OTUD7B -- BCL2L1 -- SMPD1 -- ERBB2 -- MTOR -- PRNP -- BID -- BAX -- CYCS -- IL16 -- TP63 -- UBE2D3
686,FADD -- IL1B -- IL2 -- CASP3 -- MAPK8 -- MAPK14 -- BCL2 -- MAPK1 -- MAPK3 -- E2F1 -- PAK2 -- JUN -- MYC -- TNF -- IL23A -- AKT1 -- RXRB -- SP1 -- VEGFA -- ADAM17 -- TGFB1 -- TRADD -- RIPK1 -- EIF2AK2 -- CASP2 -- BIRC3 -- MAP4K4 -- TRAF2 -- TRAF1 -- AR -- BIRC2 -- ATM -- STAT1 -- FBXO31 -- CCND1 -- RIPK2 -- SMURF2 -- FASLG -- SOCS3 -- FGF14 -- FGF7 -- KRT18 -- TNFRSF14 -- DAB2IP -- PIAS2 -- IRF1 -- BAD -- SMPD1 -- CASP1 -- BID -- BAX -- CYCS -- IL16 -- HIF1A -- RPS6KA1 -- UBE2D3
687,IL1B -- MYD88 -- NFATC2 -- CHUK -- MAPK3 -- RELA -- PAK2 -- JUN -- MYC -- TNF -- RXRB -- TNFRSF1A -- ADAM17 -- TGFB1 -- RIPK1 -- CASP2 -- IRAK1 -- CYLD -- MAP3K1 -- AR -- ATM -- HSPB1 -- IKBKB -- TERT -- STAT1 -- CDKN2A -- CCND1 -- MAP2K7 -- RHOA -- NGF -- FGF14 -- SHC1 -- KRT18 -- SQSTM1 -- IRF1 -- RPAIN -- CASP8 -- CASP7 -- SMPD1 -- CASP1 -- PRNP -- NFE2L2
688,FADD -- IL1B -- IL2 -- CHUK -- MAPK1 -- RELA -- PAK2 -- MYC -- TNF -- IL23A -- TNFRSF1A -- SP1 -- ADAM17 -- TP53 -- TGFB1 -- RIPK1 -- EIF2AK2 -- CASP2 -- IRAK1 -- TNFRSF1B -- CYLD -- TRAF1 -- ZFP36 -- AR -- BIRC2 -- CFLAR -- IL4 -- CSF2 -- HSPB1 -- FBXO31 -- CCND1 -- RIPK2 -- PRKCE -- FASLG -- NGF -- FGF14 -- SHC1 -- KRT18 -- TNFRSF14 -- SQSTM1 -- DAB2IP -- IFNB1 -- IRF1 -- RPAIN -- HIP1 -- CASP8 -- OTUD7B -- XIAP -- BAD -- BCL2L1 -- CASP7 -- SMPD1 -- CASP1 -- PEA15 -- FAF1 -- BAX -- CYCS -- IL16 -- HIF1A
689,FADD -- IL1B -- IL2 -- CASP3 -- MAPK14 -- NFATC2 -- BCL2 -- CHUK -- NFKB1 -- MAPK1 -- E2F1 -- RELA -- PAK2 -- JUN -- TNF -- RXRB -- TNFRSF1A -- TNFAIP3 -- SP1 -- ADAM17 -- TRADD -- CASP2 -- TNFRSF1B -- MAP3K1 -- ZFP36 -- AR -- BIRC2 -- CFLAR -- HSPB1 -- TERT -- RIPK2 -- PPM1A -- PRKCE -- RHOA -- SOCS3 -- NGF -- MAP3K14 -- TNFRSF10B -- SQSTM1 -- DAB2IP -- PIAS2 -- IRF1 -- OTUD7B -- BAD -- SMPD1 -- ERBB2 -- PEA15 -- PRNP -- BID -- BAX -- NFE2L2 -- TP63 -- UBE2D3
690,IL1B -- IL2 -- MAPK8 -- NFKB1 -- MAPK3 -- E2F1 -- RELA -- PAK2 -- JUN -- NFKBIA -- TNF -- IL23A -- ADAM17 -- TP53 -- TRADD -- RIPK1 -- EIF2AK2 -- BIRC3 -- MAP4K4 -- TNFRSF1B -- CYLD -- TRAF1 -- ZFP36 -- CFLAR -- IL4 -- CSF2 -- HSPB1 -- TERT -- CDKN2A -- FBXO31 -- RIPK2 -- PPM1A -- SMURF2 -- PRKCE -- RHOA -- FGF14 -- FGF7 -- KRT18 -- PIAS2 -- IRF1 -- CASP8 -- OTUD7B -- XIAP -- BCL2L1 -- CASP1 -- ERBB2 -- PRNP -- BAX -- IL16 -- HIF1A -- UBE2D3
691,MYD88 -- IL2 -- MAPK8 -- MAPK14 -- BCL2 -- CHUK -- MAPK1 -- RB1 -- JUN -- NFKBIA -- TNF -- IL23A -- TNFRSF1A -- SP1 -- ADAM17 -- TGFB1 -- RIPK1 -- IRAK1 -- MAP4K4 -- TNFRSF1B -- TRAF2 -- TRAF1 -- BIRC2 -- IL4 -- TERT -- STAT1 -- FBXO31 -- CCND1 -- RIPK2 -- FASLG -- NGF -- FGF14 -- MAP3K14 -- FGF7 -- TNFRSF10B -- KRT18 -- SQSTM1 -- IFNB1 -- PIAS2 -- IRF1 -- RPAIN -- HIP1 -- CASP8 -- XIAP -- CASP7 -- SMPD1 -- PEA15 -- BID -- BAX -- NFE2L2 -- HIF1A
692,FADD -- IL1B -- NFATC2 -- BCL2 -- CHUK -- MAPK3 -- RB1 -- JUN -- MYC -- NFKBIA -- TNF -- IL23A -- TNFRSF1A -- SP1 -- TGFB1 -- TRADD -- CASP2 -- BIRC3 -- CYLD -- MAP3K1 -- ZFP36 -- CFLAR -- IL4 -- CSF2 -- STAT1 -- PPM1A -- SMURF2 -- PRKCE -- FASLG -- SOCS3 -- NGF -- FGF14 -- MAP3K14 -- FGF7 -- TNFRSF10B -- SQSTM1 -- DAB2IP -- IRF1 -- RPAIN -- OTUD7B -- XIAP -- CASP7 -- SMPD1 -- CASP1 -- ERBB2 -- PRNP -- NFE2L2 -- IL16 -- HIF1A -- TP63 -- RPS6KA1 -- UBE2D3
693,IL1B -- MYD88 -- IL2 -- CASP3 -- MAPK14 -- NFATC2 -- BCL2 -- CHUK -- NFKB1 -- MAPK1 -- E2F1 -- RELA -- PAK2 -- JUN -- MYC -- NFKBIA -- IL23A -- TNFRSF1A -- SP1 -- VEGFA -- TP53 -- TGFB1 -- BIRC3 -- IRAK1 -- TRAF2 -- AR -- BIRC2 -- CFLAR -- IL4 -- FBXO31 -- SMURF2 -- PRKCE -- RHOA -- SOCS3 -- NGF -- FGF14 -- MAP3K14 -- FGF7 -- SHC1 -- TNFRSF10B -- KRT18 -- TNFRSF14 -- IRF1 -- HIP1 -- CASP8 -- BAD -- BCL2L1 -- CASP7 -- ERBB2 -- MTOR -- PEA15 -- BAX -- CYCS -- NFE2L2 -- IL16 -- TP63 -- RPS6KA1 -- UBE2D3
694,MYD88 -- IL2 -- CASP3 -- MAPK14 -- CHUK -- NFKB1 -- E2F1 -- RB1 -- JUN -- NFKBIA -- TNFRSF1A -- SP1 -- VEGFA -- ADAM17 -- TRADD -- RIPK1 -- EIF2AK2 -- BIRC3 -- MAP4K4 -- TNFRSF1B -- TRAF1 -- ZFP36 -- BIRC2 -- CFLAR -- IL4 -- CSF2 -- MAP2K7 -- SMURF2 -- PRKCE -- RHOA -- SOCS3 -- FGF7 -- TNFRSF10B -- SQSTM1 -- DAB2IP -- PIAS2 -- XIAP -- BCL2L1 -- MTOR -- FAF1 -- BID -- BAX -- CYCS -- HIF1A -- RPS6KA1 -- UBE2D3
695,FADD -- IL1B -- MAPK14 -- NFATC2 -- NFKB1 -- MAPK1 -- E2F1 -- RB1 -- JUN -- MYC -- TNF -- AKT1 -- RXRB -- TNFAIP3 -- VEGFA -- ADAM17 -- TP53 -- IRAK1 -- MAP4K4 -- TNFRSF1B -- CYLD -- TRAF1 -- ZFP36 -- IL4 -- STAT1 -- CDKN2A -- CCND1 -- RIPK2 -- SMURF2 -- NGF -- FGF14 -- MAP3K14 -- FGF7 -- TNFRSF14 -- DAB2IP -- RPAIN -- HIP1 -- CASP8 -- OTUD7B -- BAD -- BCL2L1 -- SMPD1 -- ERBB2 -- MTOR -- BAX -- CYCS -- NFE2L2 -- IL16 -- HIF1A -- TP63
696,FADD -- MAPK8 -- MAPK14 -- NFKB1 -- E2F1 -- RELA -- JUN -- MYC -- TNF -- AKT1 -- RXRB -- TNFRSF1A -- TNFAIP3 -- TGFB1 -- TRADD -- EIF2AK2 -- CASP2 -- BIRC3 -- MAP4K4 -- TNFRSF1B -- CYLD -- MAP3K1 -- ATM -- CFLAR -- IL4 -- CSF2 -- HSPB1 -- CDKN2A -- FBXO31 -- CCND1 -- SMURF2 -- SOCS3 -- FGF14 -- SHC1 -- TNFRSF10B -- TNFRSF14 -- IRF1 -- HIP1 -- CASP8 -- OTUD7B -- CASP7 -- SMPD1 -- ERBB2 -- BID -- CYCS -- IL16 -- HIF1A -- TP63 -- RPS6KA1 -- UBE2D3
697,FADD -- MYD88 -- IL2 -- MAPK8 -- BCL2 -- MAPK1 -- MAPK3 -- PAK2 -- MYC -- TNF -- IL23A -- AKT1 -- RXRB -- VEGFA -- TGFB1 -- TRADD -- EIF2AK2 -- BIRC3 -- TNFRSF1B -- CYLD -- MAP3K1 -- ZFP36 -- BIRC2 -- ATM -- IKBKB -- FBXO31 -- CCND1 -- PPM1A -- SMURF2 -- PRKCE -- FASLG -- RHOA -- SOCS3 -- NGF -- MAP3K14 -- FGF7 -- SHC1 -- KRT18 -- RPAIN -- OTUD7B -- XIAP -- CASP7 -- SMPD1 -- CASP1 -- ERBB2 -- PRNP -- BAX -- IL16 -- HIF1A -- TP63
698,FADD -- IL1B -- MYD88 -- IL2 -- MAPK14 -- NFKB1 -- MAPK3 -- E2F1 -- RELA -- MYC -- TNF -- IL23A -- AKT1 -- TNFRSF1A -- TNFAIP3 -- SP1 -- VEGFA -- TGFB1 -- RIPK1 -- CASP2 -- BIRC3 -- MAP4K4 -- TNFRSF1B -- TRAF2 -- TRAF1 -- ZFP36 -- AR -- ATM -- IL4 -- IKBKB -- TERT -- CDKN2A -- MAP2K7 -- SMURF2 -- FASLG -- FGF14 -- MAP3K14 -- FGF7 -- TNFRSF14 -- DAB2IP -- IFNB1 -- IRF1 -- CASP8 -- OTUD7B -- XIAP -- BAD -- CASP7 -- CASP1 -- ERBB2 -- BID -- CYCS -- HIF1A -- TP63 -- RPS6KA1
699,IL2 -- CASP3 -- MAPK8 -- BCL2 -- E2F1 -- RB1 -- MYC -- NFKBIA -- TNF -- IL23A -- AKT1 -- RXRB -- TNFRSF1A -- TNFAIP3 -- VEGFA -- TP53 -- TGFB1 -- EIF2AK2 -- CASP2 -- BIRC3 -- IRAK1 -- TNFRSF1B -- TRAF2 -- TRAF1 -- MAP3K1 -- ATM -- CFLAR -- CSF2 -- HSPB1 -- STAT1 -- CDKN2A -- MAP2K7 -- PPM1A -- PRKCE -- RHOA -- SOCS3 -- SHC1 -- KRT18 -- TNFRSF14 -- DAB2IP -- IRF1 -- RPAIN -- HIP1 -- CASP8 -- OTUD7B -- CASP1 -- ERBB2 -- MTOR -- FAF1 -- BID -- BAX -- CYCS -- TP63 -- RPS6KA1 -- UBE2D3
700,FADD -- IL1B -- IL2 -- MAPK8 -- NFATC2 -- BCL2 -- CHUK -- NFKB1 -- MAPK1 -- MAPK3 -- RB1 -- TNF -- AKT1 -- RXRB -- TNFRSF1A -- TNFAIP3 -- ADAM17 -- TP53 -- TGFB1 -- TRADD -- EIF2AK2 -- CASP2 -- BIRC3 -- IRAK1 -- MAP4K4 -- CYLD -- MAP3K1 -- ZFP36 -- AR -- CFLAR -- HSPB1 -- IKBKB -- TERT -- STAT1 -- CDKN2A -- FBXO31 -- CCND1 -- PPM1A -- FASLG -- NGF -- FGF7 -- TNFRSF14 -- HIP1 -- CASP8 -- OTUD7B -- XIAP -- BAD -- BCL2L1 -- ERBB2 -- FAF1 -- PRNP -- CYCS -- NFE2L2 -- IL16 -- HIF1A -- TP63 -- RPS6KA1
701,IL1B -- IL2 -- MAPK8 -- MAPK14 -- CHUK -- RB1 -- JUN -- MYC -- NFKBIA -- TNF -- IL23A -- TNFRSF1A -- SP1 -- VEGFA -- ADAM17 -- TP53 -- CASP2 -- IRAK1 -- TNFRSF1B -- TRAF2 -- CYLD -- TRAF1 -- MAP3K1 -- ZFP36 -- BIRC2 -- ATM -- CFLAR -- IL4 -- TERT -- PPM1A -- SOCS3 -- FGF14 -- TNFRSF10B -- TNFRSF14 -- SQSTM1 -- DAB2IP -- HIP1 -- CASP8 -- BAD -- ERBB2 -- PRNP -- BAX -- NFE2L2 -- HIF1A -- UBE2D3
702,IL2 -- CASP3 -- MAPK8 -- NFATC2 -- CHUK -- AKT1 -- RXRB -- TNFRSF1A -- TNFAIP3 -- VEGFA -- ADAM17 -- TP53 -- TGFB1 -- EIF2AK2 -- CASP2 -- IRAK1 -- MAP4K4 -- TRAF2 -- ZFP36 -- IL4 -- CSF2 -- STAT1 -- PRKCE -- FASLG -- SOCS3 -- NGF -- MAP3K14 -- FGF7 -- SHC1 -- DAB2IP -- PIAS2 -- RPAIN -- OTUD7B -- XIAP -- BCL2L1 -- CASP7 -- CASP1 -- MTOR -- PEA15 -- BAX -- CYCS -- HIF1A -- RPS6KA1 -- UBE2D3
703,MYD88 -- CASP3 -- MAPK14 -- NFATC2 -- NFKB1 -- RELA -- PAK2 -- RB1 -- JUN -- NFKBIA -- TNF -- IL23A -- AKT1 -- RXRB -- TNFRSF1A -- SP1 -- VEGFA -- ADAM17 -- TP53 -- TRADD -- RIPK1 -- MAP3K1 -- AR -- ATM -- CFLAR -- CSF2 -- STAT1 -- CDKN2A -- FBXO31 -- MAP2K7 -- PPM1A -- SOCS3 -- MAP3K14 -- SHC1 -- TNFRSF10B -- SQSTM1 -- IFNB1 -- RPAIN -- HIP1 -- OTUD7B -- BAD -- BCL2L1 -- CASP7 -- CASP1 -- ERBB2 -- PEA15 -- FAF1 -- PRNP -- BID -- BAX -- TP63
704,IL1B -- IL2 -- MAPK8 -- MAPK14 -- BCL2 -- CHUK -- NFKB1 -- MAPK3 -- E2F1 -- MYC -- NFKBIA -- AKT1 -- RXRB -- TNFAIP3 -- ADAM17 -- TRADD -- IRAK1 -- TRAF1 -- ATM -- IL4 -- CSF2 -- HSPB1 -- IKBKB -- CCND1 -- RIPK2 -- PPM1A -- SMURF2 -- PRKCE -- FASLG -- FGF14 -- FGF7 -- TNFRSF10B -- KRT18 -- SQSTM1 -- IFNB1 -- RPAIN -- CASP8 -- OTUD7B -- SMPD1 -- FAF1 -- BID -- CYCS -- NFE2L2 -- IL16 -- HIF1A -- RPS6KA1 -- UBE2D3
705,IL1B -- IL2 -- CASP3 -- MAPK8 -- BCL2 -- MAPK1 -- MAPK3 -- RELA -- PAK2 -- RB1 -- MYC -- TNF -- IL23A -- TNFRSF1A -- SP1 -- VEGFA -- RIPK1 -- CASP2 -- IRAK1 -- MAP4K4 -- TNFRSF1B -- CYLD -- TRAF1 -- ZFP36 -- ATM -- HSPB1 -- IKBKB -- STAT1 -- FBXO31 -- FASLG -- SOCS3 -- NGF -- FGF14 -- FGF7 -- SHC1 -- KRT18 -- IFNB1 -- IRF1 -- OTUD7B -- XIAP -- BCL2L1 -- SMPD1 -- CASP1 -- ERBB2 -- MTOR -- FAF1 -- PRNP -- BAX -- CYCS -- NFE2L2 -- TP63 -- RPS6KA1 -- UBE2D3
706,FADD -- IL1B -- NFATC2 -- BCL2 -- NFKB1 -- MAPK1 -- MAPK3 -- PAK2 -- RB1 -- MYC -- NFKBIA -- IL23A -- TNFRSF1A -- SP1 -- VEGFA -- TP53 -- TGFB1 -- TRADD -- EIF2AK2 -- IRAK1 -- TNFRSF1B -- TRAF2 -- CYLD -- TRAF1 -- MAP3K1 -- ZFP36 -- AR -- BIRC2 -- ATM -- CFLAR -- CSF2 -- HSPB1 -- IKBKB -- TERT -- CDKN2A -- FBXO31 -- RIPK2 -- SMURF2 -- FASLG -- RHOA -- SOCS3 -- TNFRSF14 -- IFNB1 -- CASP8 -- CASP7 -- SMPD1 -- ERBB2 -- MTOR -- PEA15 -- PRNP -- BAX -- CYCS -- NFE2L2 -- IL16 -- HIF1A -- TP63
707,FADD -- CASP3 -- MAPK14 -- BCL2 -- CHUK -- NFKB1 -- MAPK3 -- RELA -- NFKBIA -- IL23A -- RXRB -- TNFAIP3 -- SP1 -- ADAM17 -- TP53 -- CASP2 -- BIRC3 -- IRAK1 -- CYLD -- MAP3K1 -- ZFP36 -- BIRC2 -- ATM -- IL4 -- HSPB1 -- TERT -- STAT1 -- FBXO31 -- MAP2K7 -- RIPK2 -- PPM1A -- RHOA -- SOCS3 -- MAP3K14 -- SHC1 -- TNFRSF14 -- DAB2IP -- PIAS2 -- IRF1 -- RPAIN -- CASP8 -- OTUD7B -- BAD -- CASP7 -- ERBB2 -- PEA15 -- FAF1 -- PRNP -- IL16
708,IL1B -- IL2 -- MAPK8 -- MAPK14 -- NFATC2 -- BCL2 -- MAPK3 -- E2F1 -- RB1 -- MYC -- IL23A -- RXRB -- TNFAIP3 -- TGFB1 -- BIRC3 -- TRAF2 -- TRAF1 -- BIRC2 -- CSF2 -- IKBKB -- FBXO31 -- RIPK2 -- PPM1A -- FASLG -- RHOA -- FGF14 -- MAP3K14 -- FGF7 -- SHC1 -- KRT18 -- TNFRSF14 -- IFNB1 -- PIAS2 -- RPAIN -- HIP1 -- CASP8 -- OTUD7B -- XIAP -- BCL2L1 -- CASP7 -- ERBB2 -- MTOR -- PEA15 -- BID -- RPS6KA1 -- UBE2D3
709,MAPK8 -- MAPK14 -- NFATC2 -- MAPK1 -- MAPK3 -- E2F1 -- RELA -- RB1 -- MYC -- TNF -- AKT1 -- SP1 -- VEGFA -- ADAM17 -- TP53 -- TGFB1 -- TRADD -- RIPK1 -- CASP2 -- CYLD -- MAP3K1 -- AR -- BIRC2 -- CFLAR -- IL4 -- HSPB1 -- STAT1 -- CDKN2A -- CCND1 -- MAP2K7 -- RIPK2 -- PPM1A -- SMURF2 -- RHOA -- SOCS3 -- NGF -- SHC1 -- KRT18 -- SQSTM1 -- DAB2IP -- IFNB1 -- PIAS2 -- IRF1 -- CASP8 -- OTUD7B -- XIAP -- BAD -- CASP7 -- MTOR -- PEA15 -- FAF1 -- BID -- HIF1A -- TP63 -- UBE2D3
710,FADD -- IL2 -- MAPK14 -- MAPK1 -- RELA -- PAK2 -- RB1 -- MYC -- TNF -- TNFRSF1A -- SP1 -- BIRC3 -- IRAK1 -- MAP4K4 -- TNFRSF1B -- TRAF2 -- CYLD -- TRAF1 -- BIRC2 -- ATM -- IL4 -- HSPB1 -- CDKN2A -- FBXO31 -- CCND1 -- RIPK2 -- PRKCE -- RHOA -- SOCS3 -- FGF14 -- FGF7 -- SHC1 -- TNFRSF10B -- KRT18 -- TNFRSF14 -- SQSTM1 -- DAB2IP -- IRF1 -- RPAIN -- HIP1 -- XIAP -- CASP7 -- ERBB2 -- MTOR -- PEA15 -- PRNP -- BAX -- IL16 -- HIF1A -- TP63
711,FADD -- MYD88 -- BCL2 -- MAPK3 -- E2F1 -- PAK2 -- JUN -- IL23A -- TNFRSF1A -- TP53 -- TGFB1 -- RIPK1 -- CASP2 -- BIRC3 -- MAP4K4 -- TNFRSF1B -- TRAF2 -- CYLD -- TRAF1 -- MAP3K1 -- ZFP36 -- AR -- BIRC2 -- ATM -- IL4 -- CSF2 -- IKBKB -- CDKN2A -- FBXO31 -- CCND1 -- MAP2K7 -- RIPK2 -- PRKCE -- RHOA -- SOCS3 -- FGF7 -- TNFRSF10B -- TNFRSF14 -- DAB2IP -- IFNB1 -- RPAIN -- HIP1 -- XIAP -- BAD -- BCL2L1 -- PRNP -- TP63
712,IL1B -- MYD88 -- MAPK8 -- MAPK14 -- BCL2 -- NFKB1 -- MAPK3 -- RELA -- JUN -- MYC -- NFKBIA -- AKT1 -- RXRB -- SP1 -- VEGFA -- ADAM17 -- EIF2AK2 -- TNFRSF1B -- TRAF1 -- ZFP36 -- AR -- BIRC2 -- HSPB1 -- TERT -- MAP2K7 -- PPM1A -- FASLG -- RHOA -- FGF14 -- FGF7 -- SHC1 -- IFNB1 -- IRF1 -- RPAIN -- XIAP -- BAD -- BCL2L1 -- MTOR -- PEA15 -- FAF1 -- PRNP
713,MYD88 -- IL2 -- MAPK14 -- NFATC2 -- BCL2 -- CHUK -- NFKB1 -- MAPK1 -- MAPK3 -- RELA -- RB1 -- JUN -- MYC -- NFKBIA -- TNF -- IL23A -- AKT1 -- RXRB -- ADAM17 -- TGFB1 -- TRADD -- EIF2AK2 -- CASP2 -- IRAK1 -- MAP4K4 -- TNFRSF1B -- TRAF1 -- ZFP36 -- AR -- BIRC2 -- CFLAR -- IL4 -- HSPB1 -- TERT -- CCND1 -- SMURF2 -- RHOA -- NGF -- FGF14 -- MAP3K14 -- FGF7 -- TNFRSF10B -- SQSTM1 -- PIAS2 -- OTUD7B -- BAD -- SMPD1 -- CASP1 -- ERBB2 -- PEA15 -- PRNP -- BAX -- RPS6KA1 -- UBE2D3
714,FADD -- IL2 -- CASP3 -- MAPK8 -- NFKB1 -- MAPK3 -- E2F1 -- RELA -- NFKBIA -- RXRB -- VEGFA -- ADAM17 -- TRADD -- RIPK1 -- CASP2 -- BIRC3 -- IRAK1 -- TRAF1 -- MAP3K1 -- AR -- BIRC2 -- ATM -- CFLAR -- IL4 -- HSPB1 -- TERT -- STAT1 -- CCND1 -- PPM1A -- SMURF2 -- PRKCE -- FASLG -- NGF -- SHC1 -- TNFRSF10B -- TNFRSF14 -- SQSTM1 -- PIAS2 -- IRF1 -- XIAP -- BAD -- SMPD1 -- CASP1 -- ERBB2 -- MTOR -- BID -- CYCS -- NFE2L2 -- IL16 -- RPS6KA1 -- UBE2D3
715,IL1B -- IL2 -- CASP3 -- MAPK14 -- CHUK -- NFKB1 -- MAPK3 -- E2F1 -- RELA -- RB1 -- NFKBIA -- RXRB -- TNFRSF1A -- VEGFA -- TRADD -- BIRC3 -- MAP4K4 -- TNFRSF1B -- TRAF2 -- CYLD -- TRAF1 -- MAP3K1 -- AR -- BIRC2 -- ATM -- CFLAR -- IL4 -- CSF2 -- HSPB1 -- TERT -- STAT1 -- FBXO31 -- PPM1A -- FASLG -- SOCS3 -- MAP3K14 -- FGF7 -- SHC1 -- KRT18 -- DAB2IP -- IFNB1 -- PIAS2 -- IRF1 -- RPAIN -- HIP1 -- CASP8 -- OTUD7B -- XIAP -- BAD -- CASP7 -- SMPD1 -- PEA15 -- FAF1 -- BID -- BAX -- NFE2L2 -- HIF1A -- RPS6KA1 -- UBE2D3
716,FADD -- IL2 -- CASP3 -- MAPK8 -- MAPK14 -- BCL2 -- MAPK1 -- RELA -- JUN -- MYC -- NFKBIA -- IL23A -- RXRB -- TNFAIP3 -- ADAM17 -- TP53 -- TGFB1 -- TRADD -- RIPK1 -- EIF2AK2 -- CASP2 -- TRAF2 -- ATM -- CFLAR -- IL4 -- CSF2 -- IKBKB -- STAT1 -- FBXO31 -- CCND1 -- RIPK2 -- PRKCE -- SOCS3 -- NGF -- FGF14 -- SQSTM1 -- DAB2IP -- PIAS2 -- HIP1 -- OTUD7B -- XIAP -- CASP7 -- ERBB2 -- FAF1 -- BID -- BAX -- CYCS -- NFE2L2 -- RPS6KA1 -- UBE2D3
717,IL1B -- CASP3 -- MAPK8 -- MAPK14 -- NFATC2 -- CHUK -- NFKB1 -- RELA -- PAK2 -- RB1 -- MYC -- NFKBIA -- TNF -- AKT1 -- VEGFA -- ADAM17 -- TP53 -- RIPK1 -- IRAK1 -- MAP4K4 -- TRAF1 -- ATM -- CFLAR -- IL4 -- HSPB1 -- TERT -- CDKN2A -- CCND1 -- MAP2K7 -- PPM1A -- SMURF2 -- PRKCE -- RHOA -- NGF -- FGF14 -- MAP3K14 -- TNFRSF10B -- TNFRSF14 -- RPAIN -- HIP1 -- CASP8 -- OTUD7B -- BAD -- BCL2L1 -- CASP7 -- CASP1 -- FAF1 -- PRNP -- BID -- IL16 -- HIF1A -- TP63 -- UBE2D3
718,MYD88 -- CASP3 -- MAPK14 -- NFATC2 -- BCL2 -- NFKB1 -- MAPK1 -- RB1 -- TNFRSF1A -- TNFAIP3 -- VEGFA -- TP53 -- RIPK1 -- EIF2AK2 -- BIRC3 -- MAP4K4 -- TRAF2 -- TRAF1 -- MAP3K1 -- BIRC2 -- IL4 -- CSF2 -- CDKN2A -- FBXO31 -- MAP2K7 -- FASLG -- NGF -- SHC1 -- SQSTM1 -- DAB2IP -- IFNB1 -- PIAS2 -- CASP8 -- OTUD7B -- BAD -- CASP1 -- ERBB2 -- PEA15 -- FAF1 -- BID -- IL16 -- HIF1A -- TP63 -- RPS6KA1
719,FADD -- IL2 -- MAPK8 -- NFATC2 -- BCL2 -- CHUK -- NFKB1 -- MAPK1 -- MAPK3 -- E2F1 -- RELA -- PAK2 -- JUN -- TNF -- IL23A -- AKT1 -- RXRB -- ADAM17 -- RIPK1 -- EIF2AK2 -- CASP2 -- BIRC3 -- IRAK1 -- TNFRSF1B -- TRAF2 -- TRAF1 -- AR -- ATM -- IL4 -- CSF2 -- HSPB1 -- IKBKB -- CDKN2A -- MAP2K7 -- RIPK2 -- PPM1A -- SMURF2 -- PRKCE -- FASLG -- SOCS3 -- FGF7 -- SHC1 -- TNFRSF10B -- KRT18 -- TNFRSF14 -- IFNB1 -- PIAS2 -- CASP8 -- OTUD7B -- XIAP -- BCL2L1 -- TP63
720,IL1B -- MYD88 -- MAPK8 -- MAPK3 -- RELA -- PAK2 -- JUN -- MYC -- AKT1 -- RXRB -- ADAM17 -- TGFB1 -- TRADD -- EIF2AK2 -- MAP4K4 -- TRAF2 -- TRAF1 -- MAP3K1 -- BIRC2 -- IL4 -- CSF2 -- IKBKB -- TERT -- CDKN2A -- SMURF2 -- RHOA -- MAP3K14 -- FGF7 -- SHC1 -- KRT18 -- SQSTM1 -- DAB2IP -- IFNB1 -- RPAIN -- HIP1 -- OTUD7B -- XIAP -- BCL2L1 -- MTOR -- PRNP -- BAX -- CYCS -- NFE2L2 -- TP63 -- RPS6KA1
721,MYD88 -- IL2 -- MAPK8 -- CHUK -- MAPK3 -- RELA -- PAK2 -- JUN -- MYC -- TNF -- IL23A -- RXRB -- TNFRSF1A -- TNFAIP3 -- SP1 -- ADAM17 -- TGFB1 -- TRADD -- RIPK1 -- BIRC3 -- IRAK1 -- MAP4K4 -- TRAF2 -- TRAF1 -- MAP3K1 -- AR -- ATM -- CFLAR -- IL4 -- CSF2 -- STAT1 -- CDKN2A -- CCND1 -- MAP2K7 -- PPM1A -- PRKCE -- FASLG -- RHOA -- SOCS3 -- NGF -- FGF14 -- FGF7 -- TNFRSF10B -- DAB2IP -- IFNB1 -- IRF1 -- OTUD7B -- XIAP -- BAD -- BCL2L1 -- CASP7 -- MTOR -- CYCS
722,IL2 -- CASP3 -- MAPK8 -- NFKB1 -- MAPK3 -- E2F1 -- RB1 -- JUN -- NFKBIA -- RXRB -- TNFRSF1A -- VEGFA -- TGFB1 -- TRADD -- EIF2AK2 -- CASP2 -- IRAK1 -- MAP4K4 -- TRAF2 -- CYLD -- MAP3K1 -- ZFP36 -- AR -- BIRC2 -- IL4 -- CDKN2A -- FBXO31 -- RIPK2 -- PRKCE -- SOCS3 -- NGF -- MAP3K14 -- TNFRSF10B -- TNFRSF14 -- SQSTM1 -- DAB2IP -- HIP1 -- OTUD7B -- XIAP -- BCL2L1 -- CASP7 -- ERBB2 -- PEA15 -- FAF1 -- PRNP -- BID -- BAX -- CYCS -- IL16
723,IL1B -- MYD88 -- MAPK8 -- BCL2 -- NFKB1 -- MAPK3 -- PAK2 -- JUN -- MYC -- NFKBIA -- RXRB -- TNFAIP3 -- SP1 -- VEGFA -- ADAM17 -- TP53 -- TRADD -- RIPK1 -- CASP2 -- AR -- ATM -- CFLAR -- CSF2 -- HSPB1 -- TERT -- MAP2K7 -- RIPK2 -- PPM1A -- PRKCE -- SOCS3 -- FGF14 -- MAP3K14 -- TNFRSF10B -- DAB2IP -- BAD -- ERBB2 -- MTOR -- PRNP -- CYCS -- NFE2L2 -- HIF1A -- RPS6KA1
724,FADD -- NFATC2 -- MAPK3 -- E2F1 -- RELA -- NFKBIA -- TNF -- IL23A -- AKT1 -- RXRB -- TNFAIP3 -- VEGFA -- TGFB1 -- RIPK1 -- CASP2 -- BIRC3 -- IRAK1 -- CYLD -- TRAF1 -- MAP3K1 -- ZFP36 -- BIRC2 -- ATM -- CFLAR -- IL4 -- TERT -- STAT1 -- CCND1 -- MAP2K7 -- RIPK2 -- SMURF2 -- PRKCE -- RHOA -- MAP3K14 -- KRT18 -- IFNB1 -- PIAS2 -- IRF1 -- CASP8 -- XIAP -- CASP7 -- PEA15 -- IL16 -- TP63 -- RPS6KA1
725,IL1B -- MYD88 -- CASP3 -- MAPK14 -- BCL2 -- NFKB1 -- RELA -- RB1 -- JUN -- MYC -- TNF -- RXRB -- TNFRSF1A -- SP1 -- TP53 -- TGFB1 -- TRADD -- RIPK1 -- EIF2AK2 -- CASP2 -- BIRC3 -- TNFRSF1B -- CYLD -- TRAF1 -- MAP3K1 -- ZFP36 -- AR -- ATM -- CFLAR -- IL4 -- HSPB1 -- CDKN2A -- FBXO31 -- MAP2K7 -- RIPK2 -- SMURF2 -- FASLG -- NGF -- FGF7 -- KRT18 -- TNFRSF14 -- SQSTM1 -- IFNB1 -- PIAS2 -- IRF1 -- HIP1 -- OTUD7B -- BAD -- BCL2L1 -- CASP7 -- SMPD1 -- ERBB2 -- MTOR -- PEA15 -- FAF1 -- PRNP -- BID -- BAX -- CYCS -- TP63 -- UBE2D3
726,FADD -- IL1B -- BCL2 -- NFKB1 -- MAPK1 -- E2F1 -- RELA -- MYC -- TNF -- IL23A -- AKT1 -- TNFRSF1A -- ADAM17 -- CYLD -- MAP3K1 -- ZFP36 -- AR -- ATM -- CFLAR -- IL4 -- CSF2 -- CDKN2A -- FBXO31 -- RIPK2 -- PPM1A -- PRKCE -- SOCS3 -- NGF -- FGF14 -- MAP3K14 -- FGF7 -- TNFRSF14 -- SQSTM1 -- IFNB1 -- PIAS2 -- IRF1 -- RPAIN -- CASP8 -- OTUD7B -- XIAP -- BAD -- CASP7 -- SMPD1 -- ERBB2 -- MTOR -- FAF1 -- BID -- CYCS -- NFE2L2 -- IL16 -- HIF1A
727,FADD -- IL2 -- CASP3 -- MAPK1 -- MAPK3 -- E2F1 -- RELA -- RB1 -- JUN -- MYC -- TNF -- AKT1 -- TNFRSF1A -- SP1 -- VEGFA -- TGFB1 -- TRADD -- EIF2AK2 -- IRAK1 -- TNFRSF1B -- CYLD -- TRAF1 -- MAP3K1 -- ZFP36 -- BIRC2 -- CSF2 -- HSPB1 -- IKBKB -- TERT -- FBXO31 -- CCND1 -- MAP2K7 -- PRKCE -- RHOA -- SOCS3 -- FGF14 -- KRT18 -- TNFRSF14 -- DAB2IP -- PIAS2 -- IRF1 -- RPAIN -- HIP1 -- CASP8 -- OTUD7B -- XIAP -- CASP1 -- ERBB2 -- MTOR -- PEA15 -- PRNP -- BID -- BAX -- CYCS -- NFE2L2 -- IL16 -- TP63
728,MYD88 -- IL2 -- CASP3 -- MAPK8 -- NFATC2 -- BCL2 -- NFKB1 -- E2F1 -- RELA -- JUN -- IL23A -- AKT1 -- VEGFA -- ADAM17 -- TP53 -- TGFB1 -- TRADD -- EIF2AK2 -- CASP2 -- IRAK1 -- TRAF2 -- CYLD -- MAP3K1 -- AR -- BIRC2 -- ATM -- IL4 -- CSF2 -- STAT1 -- CDKN2A -- MAP2K7 -- RIPK2 -- PPM1A -- SMURF2 -- PRKCE -- RHOA -- NGF -- FGF14 -- TNFRSF10B -- KRT18 -- RPAIN -- HIP1 -- CASP8 -- XIAP -- CASP7 -- SMPD1 -- CASP1 -- ERBB2 -- MTOR -- PRNP -- CYCS -- TP63
729,FADD -- IL1B -- MYD88 -- CASP3 -- MAPK8 -- NFATC2 -- NFKB1 -- E2F1 -- JUN -- MYC -- IL23A -- RXRB -- TNFRSF1A -- TNFAIP3 -- SP1 -- VEGFA -- ADAM17 -- TP53 -- TGFB1 -- TRADD -- RIPK1 -- BIRC3 -- IRAK1 -- MAP4K4 -- AR -- ATM -- CFLAR -- HSPB1 -- CDKN2A -- FBXO31 -- FASLG -- SOCS3 -- FGF14 -- FGF7 -- TNFRSF10B -- KRT18 -- SQSTM1 -- DAB2IP -- IFNB1 -- PIAS2 -- IRF1 -- HIP1 -- CASP8 -- OTUD7B -- XIAP -- BAD -- BCL2L1 -- PEA15 -- FAF1 -- BID -- BAX -- HIF1A -- TP63
730,MYD88 -- CASP3 -- MAPK14 -- BCL2 -- MAPK3 -- E2F1 -- RELA -- PAK2 -- MYC -- TNF -- IL23A -- AKT1 -- TNFAIP3 -- SP1 -- VEGFA -- ADAM17 -- TGFB1 -- RIPK1 -- BIRC3 -- IRAK1 -- TNFRSF1B -- TRAF2 -- ZFP36 -- AR -- CSF2 -- STAT1 -- CDKN2A -- FBXO31 -- PPM1A -- PRKCE -- FASLG -- RHOA -- SOCS3 -- NGF -- FGF7 -- SHC1 -- TNFRSF10B -- KRT18 -- DAB2IP -- CASP8 -- OTUD7B -- BAD -- BCL2L1 -- SMPD1 -- MTOR -- PRNP -- BID -- NFE2L2 -- IL16
731,FADD -- MYD88 -- NFATC2 -- NFKB1 -- MAPK1 -- MAPK3 -- RB1 -- JUN -- MYC -- NFKBIA -- TNF -- IL23A -- TNFRSF1A -- SP1 -- VEGFA -- TP53 -- RIPK1 -- EIF2AK2 -- IRAK1 -- TRAF2 -- CYLD -- TRAF1 -- MAP3K1 -- ZFP36 -- AR -- BIRC2 -- ATM -- CFLAR -- IL4 -- HSPB1 -- STAT1 -- CDKN2A -- CCND1 -- SMURF2 -- PRKCE -- FASLG -- FGF14 -- FGF7 -- KRT18 -- TNFRSF14 -- SQSTM1 -- DAB2IP -- IFNB1 -- RPAIN -- HIP1 -- CASP8 -- BAD -- BCL2L1 -- SMPD1 -- MTOR -- PEA15 -- FAF1 -- BID -- CYCS -- HIF1A -- TP63 -- RPS6KA1
732,IL1B -- MYD88 -- CASP3 -- CHUK -- NFKB1 -- MAPK3 -- RELA -- PAK2 -- RB1 -- AKT1 -- RXRB -- TNFRSF1A -- TNFAIP3 -- SP1 -- ADAM17 -- RIPK1 -- EIF2AK2 -- BIRC3 -- IRAK1 -- MAP3K1 -- BIRC2 -- ATM -- CFLAR -- HSPB1 -- MAP2K7 -- RIPK2 -- PPM1A -- SMURF2 -- NGF -- FGF14 -- MAP3K14 -- SHC1 -- TNFRSF14 -- SQSTM1 -- DAB2IP -- XIAP -- BAD -- BCL2L1 -- CASP1 -- MTOR -- FAF1 -- PRNP -- BID -- BAX -- IL16 -- HIF1A -- TP63 -- RPS6KA1
733,IL1B -- CASP3 -- MAPK8 -- BCL2 -- E2F1 -- RELA -- RB1 -- NFKBIA -- RXRB -- SP1 -- VEGFA -- TP53 -- TRADD -- RIPK1 -- CASP2 -- IRAK1 -- MAP4K4 -- TRAF2 -- CYLD -- TRAF1 -- MAP3K1 -- AR -- ATM -- CFLAR -- IL4 -- CSF2 -- HSPB1 -- IKBKB -- TERT -- CDKN2A -- FBXO31 -- CCND1 -- RIPK2 -- PRKCE -- FASLG -- SOCS3 -- FGF7 -- SHC1 -- KRT18 -- SQSTM1 -- DAB2IP -- CASP7 -- CASP1 -- PEA15 -- FAF1 -- BID -- BAX -- CYCS -- HIF1A -- TP63
734,FADD -- IL1B -- MAPK8 -- NFATC2 -- BCL2 -- NFKB1 -- MAPK1 -- MAPK3 -- RB1 -- JUN -- MYC -- TNF -- AKT1 -- RXRB -- TNFRSF1A -- VEGFA -- ADAM17 -- TP53 -- TGFB1 -- CASP2 -- MAP4K4 -- TRAF2 -- CYLD -- ZFP36 -- BIRC2 -- IL4 -- HSPB1 -- STAT1 -- FBXO31 -- CCND1 -- PPM1A -- SMURF2 -- NGF -- FGF14 -- FGF7 -- TNFRSF10B -- DAB2IP -- IFNB1 -- PIAS2 -- HIP1 -- CASP8 -- XIAP -- CASP7 -- SMPD1 -- ERBB2 -- PEA15 -- FAF1 -- BID -- CYCS -- NFE2L2 -- IL16 -- TP63 -- RPS6KA1 -- UBE2D3
735,FADD -- MYD88 -- CASP3 -- NFATC2 -- BCL2 -- CHUK -- MAPK1 -- MAPK3 -- PAK2 -- RB1 -- MYC -- IL23A -- AKT1 -- RXRB -- TNFRSF1A -- SP1 -- VEGFA -- TP53 -- CASP2 -- MAP4K4 -- TNFRSF1B -- CYLD -- TRAF1 -- MAP3K1 -- ZFP36 -- ATM -- HSPB1 -- IKBKB -- TERT -- CDKN2A -- MAP2K7 -- PPM1A -- PRKCE -- FASLG -- RHOA -- SOCS3 -- SHC1 -- TNFRSF14 -- SQSTM1 -- DAB2IP -- IFNB1 -- HIP1 -- XIAP -- BAD -- ERBB2 -- MTOR -- PEA15 -- FAF1 -- BID -- BAX -- CYCS -- IL16 -- HIF1A -- TP63
736,MYD88 -- IL2 -- CASP3 -- BCL2 -- CHUK -- NFKB1 -- MAPK1 -- RB1 -- NFKBIA -- TNF -- RXRB -- TNFRSF1A -- TNFAIP3 -- SP1 -- VEGFA -- TP53 -- TRADD -- MAP4K4 -- CYLD -- MAP3K1 -- ZFP36 -- AR -- ATM -- CFLAR -- CSF2 -- HSPB1 -- TERT -- STAT1 -- CCND1 -- SMURF2 -- PRKCE -- NGF -- MAP3K14 -- TNFRSF10B -- KRT18 -- TNFRSF14 -- DAB2IP -- RPAIN -- HIP1 -- BAD -- BCL2L1 -- CASP7 -- SMPD1 -- CASP1 -- ERBB2 -- FAF1 -- TP63 -- RPS6KA1 -- UBE2D3
737,FADD -- IL1B -- MYD88 -- CASP3 -- MAPK8 -- NFATC2 -- MAPK1 -- E2F1 -- RELA -- JUN -- AKT1 -- RXRB -- TNFRSF1A -- TNFAIP3 -- VEGFA -- ADAM17 -- TGFB1 -- EIF2AK2 -- CASP2 -- BIRC3 -- MAP4K4 -- TNFRSF1B -- TRAF2 -- TRAF1 -- ZFP36 -- ATM -- CFLAR -- IL4 -- CSF2 -- HSPB1 -- IKBKB -- STAT1 -- CDKN2A -- FBXO31 -- CCND1 -- MAP2K7 -- SMURF2 -- PRKCE -- FASLG -- SOCS3 -- FGF14 -- MAP3K14 -- SHC1 -- TNFRSF10B -- TNFRSF14 -- DAB2IP -- IRF1 -- CASP8 -- XIAP -- BAD -- BCL2L1 -- CASP7 -- SMPD1 -- BAX -- IL16 -- RPS6KA1
738,FADD -- IL1B -- MYD88 -- CASP3 -- MAPK8 -- NFATC2 -- BCL2 -- CHUK -- RELA -- JUN -- TNF -- RXRB -- SP1 -- VEGFA -- TGFB1 -- RIPK1 -- TRAF2 -- MAP3K1 -- ZFP36 -- AR -- ATM -- CFLAR -- IKBKB -- TERT -- STAT1 -- CDKN2A -- FBXO31 -- MAP2K7 -- RIPK2 -- SMURF2 -- PRKCE -- FASLG -- RHOA -- SOCS3 -- NGF -- FGF14 -- FGF7 -- SHC1 -- IFNB1 -- PIAS2 -- IRF1 -- RPAIN -- CASP8 -- OTUD7B -- XIAP -- BAD -- CASP1 -- ERBB2 -- PEA15 -- FAF1 -- PRNP -- HIF1A -- RPS6KA1 -- UBE2D3
739,IL1B -- IL2 -- MAPK8 -- MAPK14 -- NFATC2 -- CHUK -- NFKB1 -- MAPK1 -- MAPK3 -- E2F1 -- RELA -- PAK2 -- RXRB -- TNFRSF1A -- TNFAIP3 -- TP53 -- TRADD -- EIF2AK2 -- BIRC3 -- MAP4K4 -- TNFRSF1B -- TRAF2 -- MAP3K1 -- BIRC2 -- CFLAR -- IKBKB -- TERT -- STAT1 -- CDKN2A -- FBXO31 -- CCND1 -- SMURF2 -- FGF14 -- FGF7 -- SHC1 -- TNFRSF10B -- TNFRSF14 -- IFNB1 -- RPAIN -- HIP1 -- CASP8 -- OTUD7B -- XIAP -- BCL2L1 -- CASP1 -- FAF1 -- PRNP -- BID -- BAX -- CYCS -- NFE2L2 -- IL16 -- TP63 -- RPS6KA1
740,FADD -- IL1B -- MYD88 -- NFATC2 -- BCL2 -- MAPK1 -- MAPK3 -- RELA -- MYC -- IL23A -- AKT1 -- TNFRSF1A -- SP1 -- VEGFA -- TP53 -- TGFB1 -- CASP2 -- BIRC3 -- MAP4K4 -- CYLD -- MAP3K1 -- BIRC2 -- ATM -- CFLAR -- IL4 -- HSPB1 -- IKBKB -- CDKN2A -- RIPK2 -- SMURF2 -- PRKCE -- RHOA -- SOCS3 -- NGF -- FGF14 -- MAP3K14 -- TNFRSF10B -- KRT18 -- SQSTM1 -- IFNB1 -- IRF1 -- RPAIN -- HIP1 -- CASP8 -- XIAP -- CASP7 -- CASP1 -- ERBB2 -- MTOR -- BAX -- CYCS -- NFE2L2 -- IL16 -- HIF1A -- RPS6KA1
741,FADD -- IL1B -- MYD88 -- MAPK8 -- MAPK14 -- NFATC2 -- NFKB1 -- MAPK3 -- E2F1 -- PAK2 -- JUN -- MYC -- NFKBIA -- TNF -- AKT1 -- RXRB -- TNFRSF1A -- TNFAIP3 -- SP1 -- ADAM17 -- TP53 -- TRADD -- EIF2AK2 -- CASP2 -- IRAK1 -- MAP4K4 -- TNFRSF1B -- TRAF2 -- CYLD -- TRAF1 -- MAP3K1 -- ZFP36 -- AR -- BIRC2 -- ATM -- IL4 -- CSF2 -- TERT -- CCND1 -- MAP2K7 -- RIPK2 -- PPM1A -- PRKCE -- FASLG -- FGF7 -- SHC1 -- TNFRSF10B -- TNFRSF14 -- IFNB1 -- PIAS2 -- IRF1 -- CASP8 -- OTUD7B -- XIAP -- BAD -- CASP1 -- MTOR -- PEA15 -- BAX -- CYCS -- NFE2L2 -- IL16 -- HIF1A -- UBE2D3
742,FADD -- IL1B -- BCL2 -- MAPK1 -- MAPK3 -- E2F1 -- RELA -- PAK2 -- NFKBIA -- TNF -- RXRB -- TNFRSF1A -- TNFAIP3 -- SP1 -- TRADD -- EIF2AK2 -- CASP2 -- BIRC3 -- MAP4K4 -- TNFRSF1B -- TRAF2 -- TRAF1 -- ZFP36 -- BIRC2 -- CFLAR -- CSF2 -- HSPB1 -- TERT -- CCND1 -- MAP2K7 -- RIPK2 -- PPM1A -- SMURF2 -- FASLG -- SOCS3 -- MAP3K14 -- FGF7 -- TNFRSF14 -- SQSTM1 -- DAB2IP -- IRF1 -- OTUD7B -- XIAP -- CASP7 -- SMPD1 -- CASP1 -- ERBB2 -- MTOR -- PEA15 -- PRNP -- BID -- CYCS -- HIF1A -- TP63 -- UBE2D3
743,MYD88 -- MAPK8 -- MAPK14 -- NFATC2 -- CHUK -- MAPK1 -- E2F1 -- NFKBIA -- AKT1 -- TNFAIP3 -- VEGFA -- TP53 -- TGFB1 -- RIPK1 -- EIF2AK2 -- IRAK1 -- TNFRSF1B -- CYLD -- TRAF1 -- ZFP36 -- AR -- CFLAR -- IL4 -- CSF2 -- IKBKB -- STAT1 -- MAP2K7 -- RIPK2 -- PPM1A -- FASLG -- RHOA -- SOCS3 -- NGF -- MAP3K14 -- FGF7 -- KRT18 -- TNFRSF14 -- SQSTM1 -- DAB2IP -- PIAS2 -- RPAIN -- HIP1 -- CASP8 -- XIAP -- BCL2L1 -- SMPD1 -- ERBB2 -- MTOR -- PEA15 -- PRNP -- NFE2L2 -- UBE2D3
744,FADD -- MAPK8 -- BCL2 -- CHUK -- NFKB1 -- MAPK1 -- MAPK3 -- E2F1 -- RELA -- PAK2 -- JUN -- AKT1 -- SP1 -- TGFB1 -- RIPK1 -- EIF2AK2 -- CASP2 -- BIRC3 -- IRAK1 -- MAP4K4 -- TNFRSF1B -- CYLD -- TRAF1 -- ZFP36 -- BIRC2 -- ATM -- IKBKB -- CCND1 -- PPM1A -- PRKCE -- FASLG -- RHOA -- SOCS3 -- MAP3K14 -- TNFRSF10B -- DAB2IP -- IFNB1 -- IRF1 -- RPAIN -- BCL2L1 -- MTOR -- PEA15 -- FAF1 -- PRNP -- BID -- NFE2L2 -- IL16 -- RPS6KA1 -- UBE2D3
745,FADD -- IL1B -- MYD88 -- CASP3 -- MAPK8 -- MAPK14 -- BCL2 -- MAPK1 -- E2F1 -- MYC -- TNF -- IL23A -- RXRB -- TNFRSF1A -- TNFAIP3 -- ADAM17 -- TP53 -- RIPK1 -- EIF2AK2 -- CASP2 -- IRAK1 -- MAP4K4 -- TNFRSF1B -- CYLD -- MAP3K1 -- ZFP36 -- BIRC2 -- HSPB1 -- TERT -- CDKN2A -- CCND1 -- PPM1A -- PRKCE -- FASLG -- FGF14 -- KRT18 -- SQSTM1 -- DAB2IP -- IFNB1 -- PIAS2 -- CASP8 -- CASP7 -- MTOR -- FAF1 -- BID -- CYCS -- NFE2L2 -- IL16 -- RPS6KA1
746,NFATC2 -- BCL2 -- NFKB1 -- MAPK3 -- E2F1 -- JUN -- MYC -- NFKBIA -- IL23A -- TNFRSF1A -- VEGFA -- TGFB1 -- TRADD -- CASP2 -- IRAK1 -- MAP4K4 -- TRAF2 -- CYLD -- TRAF1 -- MAP3K1 -- AR -- BIRC2 -- ATM -- IL4 -- IKBKB -- CDKN2A -- FBXO31 -- RIPK2 -- PPM1A -- FASLG -- SOCS3 -- NGF -- FGF14 -- SHC1 -- TNFRSF14 -- SQSTM1 -- DAB2IP -- PIAS2 -- IRF1 -- RPAIN -- SMPD1 -- CASP1 -- ERBB2 -- PEA15 -- PRNP -- CYCS -- NFE2L2 -- HIF1A
747,CASP3 -- MAPK8 -- MAPK14 -- NFATC2 -- BCL2 -- PAK2 -- TNF -- AKT1 -- RXRB -- TNFRSF1A -- SP1 -- ADAM17 -- TRADD -- MAP4K4 -- TNFRSF1B -- TRAF2 -- CYLD -- MAP3K1 -- ZFP36 -- AR -- BIRC2 -- ATM -- CFLAR -- IL4 -- CSF2 -- HSPB1 -- IKBKB -- STAT1 -- SMURF2 -- SOCS3 -- FGF14 -- MAP3K14 -- SHC1 -- TNFRSF10B -- KRT18 -- TNFRSF14 -- SQSTM1 -- DAB2IP -- IFNB1 -- IRF1 -- CASP8 -- XIAP -- BAD -- CASP7 -- SMPD1 -- CASP1 -- PEA15 -- FAF1 -- BID -- BAX -- CYCS
748,FADD -- IL1B -- IL2 -- CASP3 -- MAPK14 -- NFATC2 -- BCL2 -- MAPK1 -- RELA -- JUN -- MYC -- TNF -- IL23A -- AKT1 -- RXRB -- TNFRSF1A -- VEGFA -- ADAM17 -- TP53 -- RIPK1 -- CASP2 -- BIRC3 -- MAP4K4 -- TNFRSF1B -- TRAF2 -- CYLD -- MAP3K1 -- ATM -- CFLAR -- IKBKB -- TERT -- STAT1 -- CCND1 -- RIPK2 -- PPM1A -- SMURF2 -- PRKCE -- FASLG -- RHOA -- SOCS3 -- NGF -- FGF14 -- FGF7 -- SHC1 -- KRT18 -- TNFRSF14 -- SQSTM1 -- PIAS2 -- IRF1 -- OTUD7B -- BAD -- BCL2L1 -- CASP7 -- SMPD1 -- CASP1 -- MTOR -- FAF1 -- BAX -- CYCS -- HIF1A -- TP63 -- RPS6KA1 -- UBE2D3
749,IL1B -- MYD88 -- CASP3 -- MAPK8 -- MAPK14 -- NFATC2 -- NFKB1 -- E2F1 -- PAK2 -- IL23A -- RXRB -- TNFRSF1A -- TNFAIP3 -- VEGFA -- TP53 -- TRADD -- CASP2 -- BIRC3 -- IRAK1 -- MAP3K1 -- BIRC2 -- CFLAR -- IL4 -- HSPB1 -- IKBKB -- TERT -- CDKN2A -- CCND1 -- MAP2K7 -- PPM1A -- RHOA -- SOCS3 -- NGF -- FGF14 -- MAP3K14 -- TNFRSF10B -- IRF1 -- HIP1 -- CASP8 -- OTUD7B -- BAD -- BCL2L1 -- CASP1 -- PEA15 -- FAF1 -- PRNP -- BID -- BAX -- CYCS -- TP63
750,FADD -- IL2 -- CASP3 -- MAPK8 -- BCL2 -- NFKB1 -- E2F1 -- RELA -- PAK2 -- JUN -- TNF -- IL23A -- RXRB -- SP1 -- VEGFA -- TP53 -- RIPK1 -- TNFRSF1B -- TRAF2 -- CYLD -- TRAF1 -- MAP3K1 -- AR -- ATM -- CFLAR -- CSF2 -- HSPB1 -- TERT -- STAT1 -- CDKN2A -- RIPK2 -- SMURF2 -- PRKCE -- SOCS3 -- NGF -- FGF14 -- SHC1 -- TNFRSF10B -- TNFRSF14 -- DAB2IP -- PIAS2 -- RPAIN -- CASP8 -- OTUD7B -- XIAP -- BAD -- BCL2L1 -- SMPD1 -- CASP1 -- ERBB2 -- PEA15 -- FAF1 -- BID -- BAX -- TP63 -- RPS6KA1 -- UBE2D3
751,IL1B -- MYD88 -- IL2 -- CASP3 -- BCL2 -- NFKB1 -- MAPK1 -- MAPK3 -- E2F1 -- PAK2 -- RB1 -- MYC -- IL23A -- TNFAIP3 -- SP1 -- ADAM17 -- TGFB1 -- RIPK1 -- EIF2AK2 -- CASP2 -- TRAF1 -- MAP3K1 -- ZFP36 -- AR -- ATM -- CFLAR -- CSF2 -- IKBKB -- MAP2K7 -- RIPK2 -- PPM1A -- PRKCE -- RHOA -- FGF14 -- SHC1 -- KRT18 -- IFNB1 -- RPAIN -- CASP8 -- XIAP -- BAD -- BCL2L1 -- CASP7 -- SMPD1 -- CASP1 -- ERBB2 -- PEA15 -- FAF1 -- BID -- IL16
752,FADD -- IL1B -- MAPK8 -- MAPK14 -- NFATC2 -- BCL2 -- MAPK1 -- MAPK3 -- RELA -- PAK2 -- RB1 -- JUN -- NFKBIA -- TNF -- IL23A -- AKT1 -- TNFRSF1A -- SP1 -- ADAM17 -- TGFB1 -- CASP2 -- IRAK1 -- MAP4K4 -- TNFRSF1B -- TRAF2 -- ZFP36 -- AR -- ATM -- CFLAR -- IL4 -- IKBKB -- TERT -- CDKN2A -- MAP2K7 -- PRKCE -- FGF14 -- SQSTM1 -- IFNB1 -- PIAS2 -- RPAIN -- HIP1 -- XIAP -- CASP7 -- SMPD1 -- MTOR -- PEA15 -- FAF1 -- PRNP -- CYCS -- NFE2L2 -- IL16 -- HIF1A -- TP63 -- RPS6KA1 -- UBE2D3
753,CASP3 -- MAPK14 -- NFATC2 -- BCL2 -- CHUK -- NFKB1 -- MAPK1 -- MAPK3 -- E2F1 -- PAK2 -- NFKBIA -- TNFRSF1A -- TNFAIP3 -- VEGFA -- TP53 -- TGFB1 -- TRADD -- RIPK1 -- EIF2AK2 -- CASP2 -- BIRC3 -- TRAF2 -- MAP3K1 -- AR -- ATM -- CFLAR -- CSF2 -- IKBKB -- FBXO31 -- PPM1A -- SMURF2 -- PRKCE -- FASLG -- SOCS3 -- FGF14 -- MAP3K14 -- SHC1 -- KRT18 -- SQSTM1 -- IRF1 -- RPAIN -- HIP1 -- XIAP -- BAD -- PRNP -- BID -- CYCS -- IL16 -- HIF1A -- UBE2D3
754,IL1B -- MYD88 -- IL2 -- MAPK14 -- NFKB1 -- MAPK1 -- E2F1 -- JUN -- NFKBIA -- TNF -- AKT1 -- TNFAIP3 -- TGFB1 -- TRADD -- RIPK1 -- EIF2AK2 -- CASP2 -- BIRC3 -- MAP4K4 -- TNFRSF1B -- TRAF2 -- TRAF1 -- ZFP36 -- AR -- BIRC2 -- ATM -- CFLAR -- IL4 -- HSPB1 -- STAT1 -- FBXO31 -- SMURF2 -- RHOA -- MAP3K14 -- TNFRSF10B -- TNFRSF14 -- RPAIN -- OTUD7B -- BAD -- BCL2L1 -- ERBB2 -- FAF1 -- PRNP -- BID -- BAX -- RPS6KA1
755,MYD88 -- NFATC2 -- CHUK -- NFKB1 -- MAPK3 -- E2F1 -- RELA -- PAK2 -- RB1 -- JUN -- IL23A -- TNFRSF1A -- VEGFA -- TP53 -- TRADD -- IRAK1 -- TRAF2 -- TRAF1 -- ATM -- CFLAR -- IL4 -- HSPB1 -- IKBKB -- TERT -- CDKN2A -- MAP2K7 -- RIPK2 -- SMURF2 -- PRKCE -- FASLG -- SOCS3 -- FGF14 -- MAP3K14 -- SHC1 -- TNFRSF10B -- KRT18 -- SQSTM1 -- DAB2IP -- HIP1 -- BCL2L1 -- CASP7 -- SMPD1 -- CASP1 -- MTOR -- PRNP -- BID -- RPS6KA1
756,FADD -- IL2 -- NFATC2 -- BCL2 -- MAPK1 -- MAPK3 -- E2F1 -- PAK2 -- JUN -- MYC -- NFKBIA -- TNFRSF1A -- SP1 -- ADAM17 -- EIF2AK2 -- MAP4K4 -- TNFRSF1B -- TRAF2 -- AR -- BIRC2 -- ATM -- CSF2 -- HSPB1 -- IKBKB -- TERT -- CDKN2A -- RIPK2 -- FASLG -- RHOA -- FGF14 -- SHC1 -- KRT18 -- TNFRSF14 -- IFNB1 -- IRF1 -- HIP1 -- XIAP -- CASP7 -- CASP1 -- ERBB2 -- MTOR -- PRNP -- BID -- BAX -- CYCS -- HIF1A -- TP63 -- RPS6KA1
757,IL1B -- CASP3 -- MAPK14 -- CHUK -- NFKB1 -- MAPK1 -- MAPK3 -- MYC -- NFKBIA -- TNFAIP3 -- SP1 -- RIPK1 -- EIF2AK2 -- CASP2 -- MAP4K4 -- TNFRSF1B -- TRAF2 -- TRAF1 -- ZFP36 -- BIRC2 -- CFLAR -- IL4 -- HSPB1 -- IKBKB -- TERT -- STAT1 -- MAP2K7 -- PRKCE -- FASLG -- FGF14 -- MAP3K14 -- FGF7 -- SHC1 -- KRT18 -- TNFRSF14 -- DAB2IP -- PIAS2 -- HIP1 -- OTUD7B -- XIAP -- BAD -- SMPD1 -- CASP1 -- ERBB2 -- PRNP -- BID -- CYCS -- NFE2L2 -- TP63 -- UBE2D3
758,IL1B -- CASP3 -- MAPK14 -- RELA -- PAK2 -- TNF -- IL23A -- RXRB -- SP1 -- TP53 -- TGFB1 -- RIPK1 -- EIF2AK2 -- IRAK1 -- TRAF2 -- CYLD -- MAP3K1 -- ZFP36 -- BIRC2 -- CFLAR -- CSF2 -- HSPB1 -- IKBKB -- STAT1 -- CDKN2A -- CCND1 -- MAP2K7 -- RIPK2 -- SMURF2 -- PRKCE -- SOCS3 -- SHC1 -- TNFRSF10B -- KRT18 -- TNFRSF14 -- DAB2IP -- PIAS2 -- IRF1 -- HIP1 -- OTUD7B -- BCL2L1 -- CASP7 -- SMPD1 -- MTOR -- PEA15 -- FAF1 -- BAX -- CYCS -- NFE2L2 -- IL16 -- TP63 -- RPS6KA1 -- UBE2D3
759,FADD -- MYD88 -- MAPK14 -- BCL2 -- CHUK -- NFKB1 -- MAPK3 -- E2F1 -- RELA -- PAK2 -- MYC -- TNF -- AKT1 -- TNFRSF1A -- SP1 -- VEGFA -- TGFB1 -- TNFRSF1B -- CYLD -- TRAF1 -- MAP3K1 -- ZFP36 -- IL4 -- CSF2 -- IKBKB -- TERT -- STAT1 -- CDKN2A -- FBXO31 -- RIPK2 -- PPM1A -- FASLG -- RHOA -- NGF -- FGF14 -- FGF7 -- TNFRSF10B -- TNFRSF14 -- SQSTM1 -- IFNB1 -- PIAS2 -- HIP1 -- CASP8 -- BAD -- BCL2L1 -- SMPD1 -- MTOR -- PEA15 -- FAF1 -- CYCS -- NFE2L2 -- TP63 -- RPS6KA1
760,IL1B -- MYD88 -- IL2 -- CASP3 -- MAPK8 -- MAPK14 -- BCL2 -- CHUK -- NFKB1 -- MAPK3 -- RELA -- RB1 -- JUN -- MYC -- IL23A -- AKT1 -- SP1 -- RIPK1 -- CASP2 -- CYLD -- TRAF1 -- AR -- CFLAR -- IL4 -- IKBKB -- TERT -- STAT1 -- CDKN2A -- CCND1 -- MAP2K7 -- RIPK2 -- PPM1A -- SMURF2 -- FASLG -- RHOA -- MAP3K14 -- SHC1 -- TNFRSF14 -- DAB2IP -- PIAS2 -- RPAIN -- HIP1 -- CASP8 -- OTUD7B -- BCL2L1 -- CASP1 -- PEA15 -- PRNP -- BID -- BAX -- IL16 -- TP63 -- RPS6KA1 -- UBE2D3
761,FADD -- MYD88 -- IL2 -- CASP3 -- MAPK8 -- MAPK14 -- NFATC2 -- CHUK -- MAPK3 -- E2F1 -- RELA -- PAK2 -- RB1 -- MYC -- NFKBIA -- AKT1 -- ADAM17 -- TGFB1 -- TRADD -- RIPK1 -- CASP2 -- BIRC3 -- TNFRSF1B -- CYLD -- TRAF1 -- MAP3K1 -- AR -- ATM -- CFLAR -- IL4 -- TERT -- MAP2K7 -- PPM1A -- PRKCE -- RHOA -- FGF7 -- TNFRSF10B -- KRT18 -- TNFRSF14 -- SQSTM1 -- DAB2IP -- HIP1 -- XIAP -- BCL2L1 -- MTOR -- FAF1 -- PRNP -- BID -- NFE2L2 -- IL16 -- HIF1A -- RPS6KA1
762,MYD88 -- IL2 -- CASP3 -- MAPK14 -- NFATC2 -- BCL2 -- CHUK -- MAPK1 -- MAPK3 -- E2F1 -- TNF -- IL23A -- TNFRSF1A -- TNFAIP3 -- VEGFA -- TP53 -- TGFB1 -- TRADD -- IRAK1 -- TRAF2 -- CYLD -- MAP3K1 -- ZFP36 -- AR -- ATM -- CFLAR -- CSF2 -- HSPB1 -- IKBKB -- TERT -- CCND1 -- RIPK2 -- PRKCE -- FASLG -- RHOA -- SOCS3 -- NGF -- MAP3K14 -- FGF7 -- SHC1 -- TNFRSF10B -- TNFRSF14 -- DAB2IP -- IFNB1 -- RPAIN -- HIP1 -- CASP8 -- XIAP -- BCL2L1 -- SMPD1 -- ERBB2 -- MTOR -- PRNP -- BAX -- CYCS -- IL16 -- HIF1A -- RPS6KA1 -- UBE2D3
763,CASP3 -- MAPK14 -- NFATC2 -- MAPK1 -- MAPK3 -- PAK2 -- RB1 -- MYC -- TNF -- RXRB -- TNFAIP3 -- SP1 -- TGFB1 -- TRADD -- RIPK1 -- EIF2AK2 -- CASP2 -- IRAK1 -- MAP4K4 -- TRAF2 -- CYLD -- TRAF1 -- MAP3K1 -- AR -- IL4 -- CSF2 -- HSPB1 -- IKBKB -- TERT -- STAT1 -- CCND1 -- PPM1A -- SMURF2 -- PRKCE -- FASLG -- SOCS3 -- FGF14 -- MAP3K14 -- FGF7 -- SHC1 -- TNFRSF10B -- KRT18 -- SQSTM1 -- RPAIN -- HIP1 -- XIAP -- SMPD1 -- MTOR -- PEA15 -- PRNP -- BID -- BAX -- CYCS -- IL16 -- TP63 -- RPS6KA1 -- UBE2D3
764,IL1B -- MYD88 -- IL2 -- MAPK8 -- NFATC2 -- BCL2 -- CHUK -- NFKB1 -- E2F1 -- RELA -- MYC -- TNF -- AKT1 -- RXRB -- TNFRSF1A -- SP1 -- ADAM17 -- TGFB1 -- RIPK1 -- EIF2AK2 -- CASP2 -- TRAF2 -- TRAF1 -- ZFP36 -- AR -- BIRC2 -- ATM -- CFLAR -- IL4 -- TERT -- STAT1 -- FBXO31 -- CCND1 -- MAP2K7 -- RIPK2 -- PPM1A -- SMURF2 -- FASLG -- RHOA -- NGF -- MAP3K14 -- SHC1 -- TNFRSF14 -- IFNB1 -- IRF1 -- RPAIN -- XIAP -- SMPD1 -- CASP1 -- ERBB2 -- FAF1 -- BID -- CYCS -- NFE2L2 -- HIF1A -- TP63 -- UBE2D3
765,IL1B -- MYD88 -- MAPK8 -- CHUK -- MAPK1 -- E2F1 -- RELA -- PAK2 -- RB1 -- JUN -- MYC -- TNF -- IL23A -- RXRB -- TNFRSF1A -- TNFAIP3 -- SP1 -- VEGFA -- ADAM17 -- TP53 -- TGFB1 -- TRADD -- CASP2 -- IRAK1 -- AR -- CFLAR -- IL4 -- TERT -- STAT1 -- CCND1 -- FASLG -- RHOA -- NGF -- FGF14 -- MAP3K14 -- FGF7 -- SHC1 -- KRT18 -- SQSTM1 -- IFNB1 -- XIAP -- BAD -- CASP7 -- CASP1 -- ERBB2 -- FAF1 -- PRNP -- BID -- BAX -- IL16 -- RPS6KA1 -- UBE2D3
766,FADD -- CASP3 -- MAPK8 -- BCL2 -- CHUK -- NFKB1 -- MAPK1 -- MAPK3 -- E2F1 -- RELA -- PAK2 -- JUN -- TNF -- IL23A -- AKT1 -- RXRB -- SP1 -- VEGFA -- TP53 -- TGFB1 -- RIPK1 -- CASP2 -- CYLD -- TRAF1 -- ZFP36 -- BIRC2 -- ATM -- IL4 -- CSF2 -- TERT -- CDKN2A -- FBXO31 -- CCND1 -- PPM1A -- SMURF2 -- FASLG -- RHOA -- NGF -- FGF7 -- SQSTM1 -- DAB2IP -- IFNB1 -- RPAIN -- HIP1 -- OTUD7B -- XIAP -- BCL2L1 -- SMPD1 -- CASP1 -- ERBB2 -- FAF1 -- PRNP -- BAX -- CYCS -- NFE2L2 -- TP63
767,MYD88 -- CASP3 -- MAPK8 -- NFATC2 -- BCL2 -- CHUK -- NFKB1 -- PAK2 -- MYC -- IL23A -- VEGFA -- TRADD -- EIF2AK2 -- TRAF2 -- TRAF1 -- CSF2 -- TERT -- STAT1 -- CCND1 -- SMURF2 -- PRKCE -- RHOA -- SOCS3 -- NGF -- SHC1 -- TNFRSF10B -- KRT18 -- TNFRSF14 -- HIP1 -- CASP8 -- OTUD7B -- CASP1 -- ERBB2 -- MTOR -- PEA15 -- FAF1 -- PRNP -- BID -- BAX -- NFE2L2 -- HIF1A -- TP63
768,IL1B -- MYD88 -- MAPK8 -- MAPK14 -- BCL2 -- NFKB1 -- MAPK1 -- MAPK3 -- RELA -- RB1 -- MYC -- TNF -- TNFAIP3 -- VEGFA -- RIPK1 -- EIF2AK2 -- BIRC3 -- IRAK1 -- MAP4K4 -- TNFRSF1B -- TRAF2 -- AR -- CFLAR -- CSF2 -- HSPB1 -- TERT -- CDKN2A -- CCND1 -- MAP2K7 -- FASLG -- FGF14 -- FGF7 -- KRT18 -- TNFRSF14 -- SQSTM1 -- IFNB1 -- PIAS2 -- IRF1 -- RPAIN -- CASP7 -- SMPD1 -- CASP1 -- ERBB2 -- MTOR -- PRNP -- BAX -- CYCS -- NFE2L2 -- RPS6KA1
769,IL1B -- MYD88 -- IL2 -- CASP3 -- MAPK8 -- MAPK14 -- NFATC2 -- CHUK -- NFKB1 -- MAPK3 -- E2F1 -- RELA -- JUN -- TNF -- RXRB -- TNFAIP3 -- SP1 -- VEGFA -- ADAM17 -- TGFB1 -- TRADD -- RIPK1 -- EIF2AK2 -- BIRC3 -- MAP4K4 -- TNFRSF1B -- CYLD -- TRAF1 -- AR -- BIRC2 -- CFLAR -- CSF2 -- TERT -- STAT1 -- CCND1 -- MAP2K7 -- PPM1A -- PRKCE -- NGF -- FGF7 -- TNFRSF14 -- DAB2IP -- IFNB1 -- IRF1 -- RPAIN -- HIP1 -- CASP8 -- BAD -- CASP1 -- PEA15 -- PRNP -- HIF1A -- RPS6KA1 -- UBE2D3
770,FADD -- NFATC2 -- BCL2 -- NFKB1 -- MAPK3 -- JUN -- IL23A -- AKT1 -- RXRB -- SP1 -- TP53 -- BIRC3 -- IRAK1 -- MAP3K1 -- ATM -- CFLAR -- IL4 -- CSF2 -- HSPB1 -- STAT1 -- FBXO31 -- CCND1 -- RIPK2 -- PRKCE -- FASLG -- NGF -- MAP3K14 -- FGF7 -- SHC1 -- SQSTM1 -- IFNB1 -- PIAS2 -- IRF1 -- RPAIN -- XIAP -- BCL2L1 -- CASP7 -- ERBB2 -- PEA15 -- PRNP -- NFE2L2 -- IL16 -- HIF1A -- TP63 -- UBE2D3
771,IL2 -- CASP3 -- MAPK14 -- NFATC2 -- BCL2 -- CHUK -- PAK2 -- RB1 -- NFKBIA -- AKT1 -- TNFRSF1A -- ADAM17 -- TRADD -- EIF2AK2 -- IRAK1 -- ZFP36 -- AR -- BIRC2 -- ATM -- IL4 -- HSPB1 -- IKBKB -- TERT -- STAT1 -- FBXO31 -- MAP2K7 -- RIPK2 -- PPM1A -- SOCS3 -- NGF -- FGF14 -- TNFRSF10B -- KRT18 -- PIAS2 -- HIP1 -- CASP8 -- XIAP -- BAD -- BCL2L1 -- SMPD1 -- CASP1 -- MTOR -- PEA15 -- FAF1 -- PRNP -- BID -- BAX -- IL16 -- TP63
772,MYD88 -- CASP3 -- MAPK14 -- BCL2 -- CHUK -- RELA -- JUN -- MYC -- TNF -- AKT1 -- RXRB -- TNFRSF1A -- TNFAIP3 -- SP1 -- VEGFA -- ADAM17 -- TP53 -- TGFB1 -- TRADD -- RIPK1 -- IRAK1 -- MAP4K4 -- ZFP36 -- ATM -- CFLAR -- IL4 -- CSF2 -- HSPB1 -- IKBKB -- TERT -- FBXO31 -- RIPK2 -- PPM1A -- FASLG -- SOCS3 -- MAP3K14 -- TNFRSF10B -- KRT18 -- TNFRSF14 -- IFNB1 -- PIAS2 -- IRF1 -- CASP8 -- OTUD7B -- XIAP -- CASP1 -- MTOR -- CYCS -- IL16 -- HIF1A -- RPS6KA1
773,IL2 -- MAPK14 -- NFATC2 -- E2F1 -- JUN -- NFKBIA -- IL23A -- AKT1 -- TNFRSF1A -- ADAM17 -- TP53 -- CASP2 -- BIRC3 -- TNFRSF1B -- CYLD -- MAP3K1 -- AR -- BIRC2 -- CFLAR -- HSPB1 -- IKBKB -- TERT -- STAT1 -- CCND1 -- RIPK2 -- SMURF2 -- SOCS3 -- NGF -- TNFRSF10B -- DAB2IP -- CASP8 -- OTUD7B -- XIAP -- CASP7 -- CASP1 -- ERBB2 -- FAF1 -- HIF1A -- UBE2D3
774,IL1B -- MYD88 -- IL2 -- CASP3 -- MAPK8 -- NFATC2 -- BCL2 -- CHUK -- MAPK3 -- RB1 -- JUN -- IL23A -- RXRB -- TNFRSF1A -- TNFAIP3 -- TP53 -- TGFB1 -- TRADD -- BIRC3 -- IRAK1 -- TNFRSF1B -- TRAF2 -- TRAF1 -- MAP3K1 -- AR -- ATM -- IL4 -- CSF2 -- IKBKB -- FBXO31 -- CCND1 -- MAP2K7 -- PPM1A -- SMURF2 -- PRKCE -- SOCS3 -- MAP3K14 -- SHC1 -- TNFRSF10B -- KRT18 -- IFNB1 -- IRF1 -- HIP1 -- CASP8 -- CASP1 -- MTOR -- FAF1 -- PRNP -- BAX -- CYCS -- NFE2L2 -- IL16 -- HIF1A -- RPS6KA1
775,FADD -- MYD88 -- IL2 -- CASP3 -- MAPK1 -- E2F1 -- RELA -- RB1 -- TNF -- SP1 -- CASP2 -- BIRC3 -- CYLD -- ZFP36 -- BIRC2 -- ATM -- CFLAR -- HSPB1 -- IKBKB -- TERT -- STAT1 -- CDKN2A -- CCND1 -- PPM1A -- PRKCE -- RHOA -- SOCS3 -- MAP3K14 -- SHC1 -- SQSTM1 -- IFNB1 -- PIAS2 -- IRF1 -- HIP1 -- XIAP -- BAD -- CASP7 -- ERBB2 -- PRNP -- HIF1A -- TP63 -- UBE2D3
776,IL1B -- IL2 -- CASP3 -- MAPK14 -- BCL2 -- CHUK -- MAPK3 -- E2F1 -- RELA -- NFKBIA -- TNF -- RXRB -- SP1 -- TP53 -- TGFB1 -- RIPK1 -- EIF2AK2 -- CASP2 -- IRAK1 -- MAP3K1 -- ZFP36 -- AR -- CFLAR -- CSF2 -- HSPB1 -- IKBKB -- TERT -- STAT1 -- CCND1 -- MAP2K7 -- RIPK2 -- RHOA -- SHC1 -- TNFRSF10B -- SQSTM1 -- CASP8 -- BAD -- CASP7 -- CASP1 -- ERBB2 -- MTOR -- PEA15 -- FAF1 -- BID
777,FADD -- IL1B -- IL2 -- CASP3 -- MAPK8 -- MAPK14 -- NFATC2 -- BCL2 -- CHUK -- NFKB1 -- E2F1 -- RELA -- JUN -- MYC -- NFKBIA -- RXRB -- TNFRSF1A -- VEGFA -- TGFB1 -- RIPK1 -- EIF2AK2 -- TNFRSF1B -- TRAF2 -- CYLD -- TRAF1 -- MAP3K1 -- BIRC2 -- CFLAR -- IKBKB -- TERT -- CDKN2A -- CCND1 -- MAP2K7 -- PRKCE -- NGF -- FGF14 -- MAP3K14 -- FGF7 -- TNFRSF10B -- SQSTM1 -- IFNB1 -- IRF1 -- CASP8 -- OTUD7B -- CASP7 -- SMPD1 -- ERBB2 -- MTOR -- PEA15 -- FAF1 -- PRNP -- BAX -- CYCS -- HIF1A -- RPS6KA1
778,MYD88 -- IL2 -- CASP3 -- MAPK8 -- BCL2 -- NFKB1 -- MAPK1 -- MAPK3 -- E2F1 -- RB1 -- JUN -- MYC -- NFKBIA -- IL23A -- TNFAIP3 -- SP1 -- ADAM17 -- TP53 -- TGFB1 -- EIF2AK2 -- CASP2 -- BIRC3 -- TRAF2 -- TRAF1 -- AR -- BIRC2 -- ATM -- CSF2 -- HSPB1 -- TERT -- STAT1 -- MAP2K7 -- PRKCE -- RHOA -- FGF14 -- FGF7 -- KRT18 -- TNFRSF14 -- IFNB1 -- IRF1 -- HIP1 -- XIAP -- BAD -- SMPD1 -- CASP1 -- ERBB2 -- MTOR -- PEA15 -- FAF1 -- BID -- NFE2L2 -- IL16 -- HIF1A -- RPS6KA1 -- UBE2D3
779,MYD88 -- MAPK8 -- NFKB1 -- E2F1 -- PAK2 -- JUN -- MYC -- IL23A -- AKT1 -- TNFRSF1A -- SP1 -- TP53 -- RIPK1 -- EIF2AK2 -- IRAK1 -- TNFRSF1B -- TRAF2 -- CYLD -- TRAF1 -- MAP3K1 -- BIRC2 -- CFLAR -- IL4 -- TERT -- STAT1 -- FBXO31 -- CCND1 -- PPM1A -- FASLG -- RHOA -- NGF -- SHC1 -- KRT18 -- TNFRSF14 -- SQSTM1 -- PIAS2 -- IRF1 -- HIP1 -- CASP8 -- XIAP -- BCL2L1 -- CASP7 -- MTOR -- PEA15 -- PRNP -- BAX -- NFE2L2 -- IL16 -- TP63 -- RPS6KA1
780,MYD88 -- IL2 -- CASP3 -- MAPK8 -- CHUK -- NFKB1 -- MAPK3 -- PAK2 -- JUN -- MYC -- IL23A -- AKT1 -- RXRB -- VEGFA -- TGFB1 -- TRADD -- RIPK1 -- MAP4K4 -- CYLD -- ZFP36 -- BIRC2 -- CFLAR -- IL4 -- HSPB1 -- IKBKB -- CDKN2A -- SMURF2 -- PRKCE -- RHOA -- MAP3K14 -- DAB2IP -- PIAS2 -- IRF1 -- RPAIN -- HIP1 -- XIAP -- BAD -- MTOR -- FAF1 -- BAX -- CYCS -- IL16 -- RPS6KA1 -- UBE2D3
781,FADD -- IL1B -- IL2 -- NFATC2 -- CHUK -- NFKB1 -- MAPK1 -- MAPK3 -- E2F1 -- RELA -- PAK2 -- RB1 -- MYC -- NFKBIA -- RXRB -- TNFRSF1A -- TNFAIP3 -- TRADD -- RIPK1 -- BIRC3 -- IRAK1 -- MAP4K4 -- ATM -- TERT -- STAT1 -- CDKN2A -- FBXO31 -- CCND1 -- RIPK2 -- SOCS3 -- DAB2IP -- RPAIN -- HIP1 -- CASP8 -- XIAP -- BAD -- BCL2L1 -- CASP7 -- SMPD1 -- CASP1 -- ERBB2 -- FAF1 -- CYCS -- NFE2L2 -- IL16 -- HIF1A -- TP63 -- RPS6KA1 -- UBE2D3
782,FADD -- IL1B -- IL2 -- NFATC2 -- MAPK1 -- MAPK3 -- PAK2 -- RB1 -- MYC -- TNF -- IL23A -- AKT1 -- RXRB -- TNFAIP3 -- ADAM17 -- TP53 -- TGFB1 -- TRADD -- RIPK1 -- BIRC3 -- IRAK1 -- MAP4K4 -- TRAF2 -- CYLD -- AR -- BIRC2 -- CFLAR -- IL4 -- STAT1 -- FBXO31 -- CCND1 -- MAP2K7 -- SMURF2 -- PRKCE -- RHOA -- NGF -- FGF14 -- MAP3K14 -- FGF7 -- TNFRSF10B -- TNFRSF14 -- DAB2IP -- IFNB1 -- PIAS2 -- OTUD7B -- ERBB2 -- FAF1 -- BID -- CYCS -- NFE2L2 -- TP63 -- RPS6KA1 -- UBE2D3
783,CASP3 -- MAPK8 -- CHUK -- MAPK1 -- E2F1 -- RELA -- PAK2 -- NFKBIA -- AKT1 -- TNFRSF1A -- SP1 -- ADAM17 -- TRADD -- EIF2AK2 -- BIRC3 -- TNFRSF1B -- CYLD -- MAP3K1 -- ZFP36 -- BIRC2 -- ATM -- CFLAR -- HSPB1 -- TERT -- STAT1 -- CDKN2A -- PPM1A -- SMURF2 -- RHOA -- FGF7 -- SQSTM1 -- DAB2IP -- PIAS2 -- RPAIN -- HIP1 -- CASP8 -- OTUD7B -- XIAP -- BAD -- BCL2L1 -- CASP7 -- SMPD1 -- PEA15 -- FAF1 -- PRNP -- BID -- BAX -- NFE2L2 -- HIF1A -- TP63
784,FADD -- IL1B -- MYD88 -- MAPK8 -- BCL2 -- NFKB1 -- RELA -- JUN -- TNF -- SP1 -- VEGFA -- ADAM17 -- TP53 -- TRADD -- EIF2AK2 -- CASP2 -- MAP4K4 -- CYLD -- ZFP36 -- AR -- ATM -- CFLAR -- IKBKB -- TERT -- STAT1 -- CDKN2A -- FBXO31 -- MAP2K7 -- RIPK2 -- SMURF2 -- PRKCE -- FGF14 -- MAP3K14 -- SHC1 -- TNFRSF14 -- SQSTM1 -- IFNB1 -- IRF1 -- RPAIN -- CASP8 -- OTUD7B -- BCL2L1 -- CASP7 -- ERBB2 -- FAF1 -- PRNP -- BID -- IL16 -- HIF1A -- TP63 -- RPS6KA1 -- UBE2D3
785,MYD88 -- IL2 -- MAPK8 -- BCL2 -- NFKB1 -- E2F1 -- JUN -- MYC -- NFKBIA -- IL23A -- AKT1 -- TNFRSF1A -- SP1 -- VEGFA -- TP53 -- CASP2 -- BIRC3 -- TNFRSF1B -- MAP3K1 -- AR -- ATM -- CSF2 -- HSPB1 -- IKBKB -- FBXO31 -- CCND1 -- MAP2K7 -- RIPK2 -- SMURF2 -- NGF -- FGF14 -- SHC1 -- SQSTM1 -- DAB2IP -- IFNB1 -- RPAIN -- HIP1 -- CASP8 -- XIAP -- BCL2L1 -- CASP7 -- SMPD1 -- CASP1 -- MTOR -- FAF1 -- PRNP -- BAX -- IL16 -- TP63 -- RPS6KA1 -- UBE2D3
786,FADD -- IL1B -- IL2 -- CASP3 -- MAPK14 -- NFKB1 -- E2F1 -- PAK2 -- MYC -- NFKBIA -- TNF -- IL23A -- RXRB -- SP1 -- VEGFA -- ADAM17 -- TP53 -- TGFB1 -- BIRC3 -- MAP4K4 -- TRAF2 -- CYLD -- MAP3K1 -- BIRC2 -- HSPB1 -- IKBKB -- TERT -- STAT1 -- CDKN2A -- MAP2K7 -- PPM1A -- SMURF2 -- PRKCE -- FASLG -- RHOA -- FGF14 -- FGF7 -- SHC1 -- TNFRSF10B -- KRT18 -- TNFRSF14 -- SQSTM1 -- PIAS2 -- IRF1 -- RPAIN -- HIP1 -- BCL2L1 -- SMPD1 -- CASP1 -- MTOR -- FAF1 -- PRNP -- BID -- IL16 -- HIF1A -- RPS6KA1 -- UBE2D3
787,FADD -- CASP3 -- MAPK14 -- NFATC2 -- CHUK -- MAPK1 -- E2F1 -- RELA -- RB1 -- JUN -- MYC -- TNF -- SP1 -- VEGFA -- TP53 -- TGFB1 -- TRADD -- EIF2AK2 -- MAP4K4 -- TNFRSF1B -- CYLD -- TRAF1 -- BIRC2 -- HSPB1 -- IKBKB -- TERT -- STAT1 -- FBXO31 -- CCND1 -- RIPK2 -- SMURF2 -- FASLG -- RHOA -- SOCS3 -- FGF7 -- SHC1 -- KRT18 -- TNFRSF14 -- DAB2IP -- IFNB1 -- PIAS2 -- RPAIN -- HIP1 -- CASP8 -- OTUD7B -- BAD -- SMPD1 -- ERBB2 -- PRNP -- BID -- CYCS -- NFE2L2
788,MYD88 -- CASP3 -- MAPK8 -- MAPK14 -- NFATC2 -- BCL2 -- CHUK -- MAPK3 -- RELA -- PAK2 -- JUN -- MYC -- NFKBIA -- TNF -- AKT1 -- TNFRSF1A -- TNFAIP3 -- SP1 -- VEGFA -- ADAM17 -- TP53 -- RIPK1 -- TNFRSF1B -- TRAF2 -- TRAF1 -- ATM -- IL4 -- TERT -- STAT1 -- CDKN2A -- CCND1 -- MAP2K7 -- PPM1A -- RHOA -- SOCS3 -- FGF14 -- FGF7 -- TNFRSF10B -- TNFRSF14 -- IFNB1 -- IRF1 -- HIP1 -- CASP8 -- OTUD7B -- BAD -- BCL2L1 -- BID -- BAX -- CYCS -- IL16 -- TP63 -- RPS6KA1
789,FADD -- IL1B -- CASP3 -- MAPK8 -- NFATC2 -- CHUK -- MAPK3 -- E2F1 -- RELA -- MYC -- AKT1 -- RXRB -- VEGFA -- ADAM17 -- TGFB1 -- TRADD -- IRAK1 -- MAP4K4 -- TNFRSF1B -- TRAF2 -- TRAF1 -- MAP3K1 -- ZFP36 -- BIRC2 -- IL4 -- HSPB1 -- IKBKB -- FBXO31 -- CCND1 -- PPM1A -- SMURF2 -- PRKCE -- FASLG -- NGF -- MAP3K14 -- SHC1 -- TNFRSF10B -- KRT18 -- TNFRSF14 -- SQSTM1 -- DAB2IP -- IFNB1 -- RPAIN -- HIP1 -- CASP8 -- BAD -- BCL2L1 -- CASP1 -- PRNP -- BID -- CYCS -- IL16 -- HIF1A -- TP63
790,FADD -- IL1B -- MYD88 -- CASP3 -- MAPK8 -- NFATC2 -- MAPK3 -- E2F1 -- PAK2 -- JUN -- MYC -- NFKBIA -- TNFRSF1A -- SP1 -- TGFB1 -- TRADD -- EIF2AK2 -- CASP2 -- BIRC3 -- IRAK1 -- MAP4K4 -- TNFRSF1B -- TRAF2 -- TRAF1 -- ZFP36 -- AR -- BIRC2 -- ATM -- CFLAR -- IL4 -- CSF2 -- IKBKB -- TERT -- STAT1 -- CDKN2A -- FBXO31 -- SMURF2 -- FASLG -- SOCS3 -- FGF14 -- FGF7 -- SHC1 -- TNFRSF10B -- IFNB1 -- IRF1 -- RPAIN -- BAD -- ERBB2 -- FAF1 -- BID -- BAX -- HIF1A -- TP63 -- RPS6KA1
791,FADD -- IL1B -- MYD88 -- CASP3 -- CHUK -- NFKB1 -- E2F1 -- RELA -- MYC -- IL23A -- AKT1 -- RXRB -- TNFRSF1A -- ADAM17 -- TP53 -- RIPK1 -- CASP2 -- IRAK1 -- MAP4K4 -- TRAF2 -- CYLD -- TRAF1 -- MAP3K1 -- BIRC2 -- HSPB1 -- TERT -- CDKN2A -- FBXO31 -- CCND1 -- MAP2K7 -- SMURF2 -- FASLG -- RHOA -- SOCS3 -- FGF14 -- MAP3K14 -- FGF7 -- KRT18 -- TNFRSF14 -- SQSTM1 -- DAB2IP -- IFNB1 -- PIAS2 -- RPAIN -- HIP1 -- CASP8 -- OTUD7B -- XIAP -- BAD -- SMPD1 -- ERBB2 -- PEA15 -- FAF1 -- BAX -- CYCS -- TP63 -- RPS6KA1
792,FADD -- IL1B -- MYD88 -- IL2 -- MAPK8 -- BCL2 -- NFKB1 -- MAPK3 -- RELA -- PAK2 -- RB1 -- MYC -- NFKBIA -- TNF -- IL23A -- AKT1 -- RXRB -- TNFAIP3 -- SP1 -- VEGFA -- ADAM17 -- TP53 -- RIPK1 -- BIRC3 -- IRAK1 -- MAP4K4 -- TNFRSF1B -- MAP3K1 -- ZFP36 -- AR -- CFLAR -- CSF2 -- STAT1 -- CDKN2A -- CCND1 -- MAP2K7 -- RIPK2 -- SMURF2 -- PRKCE -- RHOA -- SOCS3 -- NGF -- FGF14 -- MAP3K14 -- SHC1 -- TNFRSF10B -- TNFRSF14 -- SQSTM1 -- IFNB1 -- IRF1 -- XIAP -- BAD -- CASP7 -- CASP1 -- MTOR -- BID -- CYCS -- IL16 -- HIF1A -- UBE2D3
793,FADD -- IL1B -- IL2 -- NFATC2 -- BCL2 -- MAPK1 -- E2F1 -- RB1 -- MYC -- IL23A -- RXRB -- TNFAIP3 -- ADAM17 -- TRADD -- RIPK1 -- EIF2AK2 -- IRAK1 -- MAP4K4 -- CYLD -- TRAF1 -- ZFP36 -- AR -- ATM -- CFLAR -- CSF2 -- IKBKB -- TERT -- CDKN2A -- CCND1 -- RIPK2 -- PPM1A -- SMURF2 -- PRKCE -- FASLG -- RHOA -- NGF -- FGF14 -- TNFRSF10B -- KRT18 -- TNFRSF14 -- DAB2IP -- IRF1 -- HIP1 -- CASP8 -- XIAP -- CASP7 -- SMPD1 -- CASP1 -- ERBB2 -- MTOR -- FAF1 -- BID -- IL16 -- HIF1A -- RPS6KA1 -- UBE2D3
794,FADD -- MYD88 -- CASP3 -- BCL2 -- CHUK -- NFKB1 -- MAPK1 -- E2F1 -- PAK2 -- RB1 -- MYC -- NFKBIA -- TNF -- AKT1 -- VEGFA -- ADAM17 -- TP53 -- TGFB1 -- TRADD -- CASP2 -- BIRC3 -- IRAK1 -- TNFRSF1B -- CYLD -- BIRC2 -- IKBKB -- FBXO31 -- CCND1 -- RIPK2 -- FASLG -- RHOA -- NGF -- TNFRSF10B -- KRT18 -- SQSTM1 -- DAB2IP -- IFNB1 -- OTUD7B -- CASP7 -- PEA15 -- BID -- CYCS -- NFE2L2 -- HIF1A -- TP63
795,MYD88 -- IL2 -- MAPK14 -- NFATC2 -- MAPK1 -- MAPK3 -- E2F1 -- RELA -- PAK2 -- MYC -- NFKBIA -- RXRB -- TNFAIP3 -- ADAM17 -- TGFB1 -- CASP2 -- IRAK1 -- TNFRSF1B -- TRAF2 -- TRAF1 -- MAP3K1 -- AR -- ATM -- CFLAR -- STAT1 -- FBXO31 -- MAP2K7 -- SMURF2 -- PRKCE -- FASLG -- SOCS3 -- NGF -- MAP3K14 -- TNFRSF10B -- TNFRSF14 -- PIAS2 -- CASP8 -- XIAP -- BAD -- CASP7 -- SMPD1 -- ERBB2 -- MTOR -- PRNP -- BID -- CYCS -- HIF1A -- RPS6KA1
796,FADD -- IL1B -- MYD88 -- CASP3 -- MAPK8 -- MAPK14 -- NFATC2 -- NFKB1 -- MAPK3 -- E2F1 -- RELA -- RB1 -- IL23A -- AKT1 -- TNFRSF1A -- VEGFA -- TP53 -- TRADD -- CASP2 -- IRAK1 -- ZFP36 -- BIRC2 -- CFLAR -- HSPB1 -- TERT -- STAT1 -- CCND1 -- MAP2K7 -- RIPK2 -- PPM1A -- SMURF2 -- PRKCE -- SOCS3 -- NGF -- FGF7 -- SHC1 -- TNFRSF10B -- KRT18 -- DAB2IP -- BAD -- CASP7 -- SMPD1 -- ERBB2 -- FAF1 -- BAX -- NFE2L2 -- HIF1A -- RPS6KA1
797,FADD -- MYD88 -- CASP3 -- MAPK8 -- NFATC2 -- BCL2 -- CHUK -- MAPK3 -- E2F1 -- PAK2 -- RB1 -- MYC -- NFKBIA -- TNF -- IL23A -- RXRB -- TP53 -- RIPK1 -- BIRC3 -- IRAK1 -- MAP4K4 -- TNFRSF1B -- CYLD -- TRAF1 -- MAP3K1 -- ZFP36 -- BIRC2 -- ATM -- CFLAR -- IL4 -- TERT -- STAT1 -- FBXO31 -- RIPK2 -- SMURF2 -- PRKCE -- SOCS3 -- MAP3K14 -- TNFRSF10B -- KRT18 -- TNFRSF14 -- DAB2IP -- IRF1 -- RPAIN -- HIP1 -- OTUD7B -- BAD -- BCL2L1 -- CASP7 -- MTOR -- PRNP -- BAX -- CYCS -- NFE2L2 -- TP63 -- RPS6KA1
798,FADD -- IL2 -- MAPK8 -- CHUK -- MAPK1 -- RELA -- PAK2 -- RB1 -- NFKBIA -- TNF -- IL23A -- RXRB -- SP1 -- ADAM17 -- TP53 -- TGFB1 -- TRADD -- EIF2AK2 -- BIRC3 -- IRAK1 -- ZFP36 -- AR -- BIRC2 -- IL4 -- CSF2 -- IKBKB -- TERT -- PPM1A -- SOCS3 -- FGF14 -- FGF7 -- TNFRSF10B -- TNFRSF14 -- DAB2IP -- PIAS2 -- HIP1 -- CASP8 -- OTUD7B -- XIAP -- BCL2L1 -- SMPD1 -- MTOR -- FAF1 -- BID -- CYCS -- NFE2L2 -- IL16 -- RPS6KA1 -- UBE2D3
799,FADD -- MYD88 -- IL2 -- MAPK8 -- NFATC2 -- BCL2 -- MAPK1 -- MAPK3 -- E2F1 -- RB1 -- MYC -- TNF -- AKT1 -- RXRB -- TNFAIP3 -- ADAM17 -- TP53 -- TGFB1 -- TRADD -- RIPK1 -- CASP2 -- BIRC3 -- MAP4K4 -- TNFRSF1B -- TRAF2 -- TRAF1 -- MAP3K1 -- ZFP36 -- IL4 -- IKBKB -- FBXO31 -- MAP2K7 -- RIPK2 -- FASLG -- FGF14 -- MAP3K14 -- FGF7 -- KRT18 -- TNFRSF14 -- DAB2IP -- IFNB1 -- PIAS2 -- RPAIN -- HIP1 -- OTUD7B -- XIAP -- BCL2L1 -- CASP7 -- SMPD1 -- ERBB2 -- MTOR -- BID -- BAX -- NFE2L2 -- IL16 -- HIF1A
800,IL1B -- MAPK8 -- MAPK14 -- BCL2 -- MAPK1 -- E2F1 -- RELA -- JUN -- MYC -- IL23A -- AKT1 -- TNFRSF1A -- TNFAIP3 -- SP1 -- ADAM17 -- TGFB1 -- RIPK1 -- EIF2AK2 -- CASP2 -- IRAK1 -- MAP4K4 -- TNFRSF1B -- TRAF2 -- CYLD -- TRAF1 -- BIRC2 -- ATM -- IL4 -- HSPB1 -- IKBKB -- FBXO31 -- CCND1 -- RHOA -- SOCS3 -- FGF14 -- FGF7 -- DAB2IP -- PIAS2 -- IRF1 -- HIP1 -- XIAP -- BAD -- BCL2L1 -- ERBB2 -- PEA15 -- FAF1 -- PRNP -- BAX -- CYCS -- UBE2D3
801,FADD -- IL1B -- IL2 -- MAPK14 -- NFATC2 -- NFKB1 -- MAPK1 -- MAPK3 -- RELA -- PAK2 -- RB1 -- JUN -- MYC -- AKT1 -- RXRB -- TNFAIP3 -- ADAM17 -- TP53 -- TGFB1 -- TRADD -- TNFRSF1B -- AR -- BIRC2 -- IL4 -- CSF2 -- IKBKB -- TERT -- FBXO31 -- CCND1 -- MAP2K7 -- RIPK2 -- SMURF2 -- PRKCE -- RHOA -- FGF14 -- FGF7 -- SHC1 -- KRT18 -- TNFRSF14 -- PIAS2 -- HIP1 -- BAD -- BCL2L1 -- FAF1 -- BID -- BAX -- CYCS -- RPS6KA1
