ID,state
0,MYD88 -- CHUK -- MAPK1 -- MAPK3 -- E2F1 -- RELA -- JUN -- RXRB -- TNFAIP3 -- SP1 -- VEGFA -- ADAM17 -- EIF2AK2 -- BIRC3 -- IRAK1 -- MAP4K4 -- TNFRSF1B -- TRAF1 -- MAP3K1 -- ZFP36 -- BIRC2 -- ATM -- IL4 -- HSPB1 -- CDKN2A -- FBXO31 -- PPM1A -- SOCS3 -- NGF -- SHC1 -- IFNB1 -- IRF1 -- RPAIN -- HIP1 -- OTUD7B -- XIAP -- ERBB2 -- MTOR -- PRNP -- IL16 -- HIF1A -- RPS6KA1 -- UBE2D3
1,MYD88 -- CHUK -- MAPK1 -- MAPK3 -- E2F1 -- RELA -- JUN -- RXRB -- TNFAIP3 -- SP1 -- VEGFA -- ADAM17 -- EIF2AK2 -- BIRC3 -- IRAK1 -- MAP4K4 -- TNFRSF1B -- TRAF1 -- MAP3K1 -- ZFP36 -- BIRC2 -- ATM -- IL4 -- HSPB1 -- CDKN2A -- FBXO31 -- PPM1A -- SOCS3 -- NGF -- SHC1 -- IFNB1 -- IRF1 -- RPAIN -- HIP1 -- OTUD7B -- XIAP -- ERBB2 -- MTOR -- PRNP -- IL16 -- HIF1A -- RPS6KA1 -- UBE2D3
2,MYD88 -- CHUK -- MAPK1 -- MAPK3 -- E2F1 -- RELA -- JUN -- RXRB -- TNFAIP3 -- SP1 -- VEGFA -- ADAM17 -- EIF2AK2 -- BIRC3 -- IRAK1 -- MAP4K4 -- TNFRSF1B -- CYLD -- MAP3K1 -- ZFP36 -- BIRC2 -- ATM -- IL4 -- HSPB1 -- CDKN2A -- FBXO31 -- PPM1A -- SOCS3 -- NGF -- SHC1 -- IFNB1 -- IRF1 -- RPAIN -- HIP1 -- OTUD7B -- XIAP -- ERBB2 -- MTOR -- PRNP -- IL16 -- HIF1A -- RPS6KA1 -- UBE2D3
3,MYD88 -- CHUK -- MAPK1 -- MAPK3 -- E2F1 -- RELA -- JUN -- RXRB -- TNFAIP3 -- SP1 -- VEGFA -- ADAM17 -- EIF2AK2 -- BIRC3 -- IRAK1 -- MAP4K4 -- TNFRSF1B -- CYLD -- MAP3K1 -- ZFP36 -- BIRC2 -- ATM -- IL4 -- HSPB1 -- CDKN2A -- FBXO31 -- PPM1A -- SOCS3 -- NGF -- SHC1 -- IFNB1 -- IRF1 -- RPAIN -- HIP1 -- OTUD7B -- XIAP -- ERBB2 -- MTOR -- PRNP -- IL16 -- HIF1A -- RPS6KA1 -- UBE2D3
4,MYD88 -- CHUK -- MAPK1 -- MAPK3 -- E2F1 -- RELA -- JUN -- RXRB -- TNFAIP3 -- SP1 -- VEGFA -- ADAM17 -- EIF2AK2 -- BIRC3 -- IRAK1 -- MAP4K4 -- TNFRSF1B -- TRAF1 -- MAP3K1 -- ZFP36 -- BIRC2 -- ATM -- IL4 -- HSPB1 -- CDKN2A -- FBXO31 -- PPM1A -- SOCS3 -- NGF -- SHC1 -- IFNB1 -- IRF1 -- RPAIN -- HIP1 -- OTUD7B -- XIAP -- ERBB2 -- MTOR -- PRNP -- IL16 -- HIF1A -- RPS6KA1 -- UBE2D3
5,MYD88 -- CHUK -- MAPK1 -- MAPK3 -- E2F1 -- RELA -- JUN -- RXRB -- TNFAIP3 -- SP1 -- VEGFA -- ADAM17 -- EIF2AK2 -- BIRC3 -- IRAK1 -- MAP4K4 -- TNFRSF1B -- TRAF1 -- MAP3K1 -- ZFP36 -- BIRC2 -- ATM -- IL4 -- HSPB1 -- CDKN2A -- FBXO31 -- PPM1A -- SOCS3 -- NGF -- SHC1 -- IFNB1 -- IRF1 -- RPAIN -- HIP1 -- OTUD7B -- XIAP -- ERBB2 -- MTOR -- PRNP -- IL16 -- HIF1A -- RPS6KA1 -- UBE2D3
6,MYD88 -- CHUK -- MAPK1 -- MAPK3 -- E2F1 -- RELA -- JUN -- RXRB -- TNFAIP3 -- SP1 -- VEGFA -- ADAM17 -- EIF2AK2 -- BIRC3 -- IRAK1 -- MAP4K4 -- TNFRSF1B -- CYLD -- MAP3K1 -- ZFP36 -- BIRC2 -- ATM -- IL4 -- HSPB1 -- CDKN2A -- FBXO31 -- PPM1A -- SOCS3 -- NGF -- SHC1 -- IFNB1 -- IRF1 -- RPAIN -- HIP1 -- OTUD7B -- XIAP -- ERBB2 -- MTOR -- PRNP -- IL16 -- HIF1A -- RPS6KA1 -- UBE2D3
7,MYD88 -- CHUK -- MAPK1 -- MAPK3 -- E2F1 -- RELA -- JUN -- RXRB -- TNFAIP3 -- SP1 -- VEGFA -- ADAM17 -- EIF2AK2 -- BIRC3 -- IRAK1 -- MAP4K4 -- TNFRSF1B -- CYLD -- MAP3K1 -- ZFP36 -- BIRC2 -- ATM -- IL4 -- HSPB1 -- CDKN2A -- FBXO31 -- PPM1A -- SOCS3 -- NGF -- SHC1 -- IFNB1 -- IRF1 -- RPAIN -- HIP1 -- OTUD7B -- XIAP -- ERBB2 -- MTOR -- PRNP -- IL16 -- HIF1A -- RPS6KA1 -- UBE2D3
8,MYD88 -- CHUK -- MAPK1 -- MAPK3 -- E2F1 -- RELA -- JUN -- RXRB -- TNFAIP3 -- SP1 -- VEGFA -- ADAM17 -- EIF2AK2 -- BIRC3 -- IRAK1 -- MAP4K4 -- TNFRSF1B -- TRAF1 -- MAP3K1 -- ZFP36 -- BIRC2 -- ATM -- IL4 -- HSPB1 -- CDKN2A -- FBXO31 -- PPM1A -- SOCS3 -- NGF -- SHC1 -- IFNB1 -- IRF1 -- RPAIN -- HIP1 -- OTUD7B -- XIAP -- ERBB2 -- MTOR -- PRNP -- IL16 -- HIF1A -- RPS6KA1 -- UBE2D3
9,MYD88 -- CHUK -- MAPK1 -- MAPK3 -- E2F1 -- RELA -- JUN -- RXRB -- TNFAIP3 -- SP1 -- VEGFA -- ADAM17 -- EIF2AK2 -- BIRC3 -- IRAK1 -- MAP4K4 -- TNFRSF1B -- TRAF1 -- MAP3K1 -- ZFP36 -- BIRC2 -- ATM -- IL4 -- HSPB1 -- CDKN2A -- FBXO31 -- PPM1A -- SOCS3 -- NGF -- SHC1 -- IFNB1 -- IRF1 -- RPAIN -- HIP1 -- OTUD7B -- XIAP -- ERBB2 -- MTOR -- PRNP -- IL16 -- HIF1A -- RPS6KA1 -- UBE2D3
10,MYD88 -- CHUK -- MAPK1 -- MAPK3 -- E2F1 -- RELA -- JUN -- RXRB -- TNFAIP3 -- SP1 -- VEGFA -- ADAM17 -- EIF2AK2 -- BIRC3 -- IRAK1 -- MAP4K4 -- TNFRSF1B -- TRAF1 -- MAP3K1 -- ZFP36 -- BIRC2 -- ATM -- IL4 -- HSPB1 -- CDKN2A -- FBXO31 -- PPM1A -- SOCS3 -- NGF -- SHC1 -- IFNB1 -- IRF1 -- RPAIN -- HIP1 -- OTUD7B -- XIAP -- ERBB2 -- MTOR -- PRNP -- IL16 -- HIF1A -- RPS6KA1 -- UBE2D3
11,MYD88 -- CHUK -- MAPK1 -- MAPK3 -- E2F1 -- RELA -- JUN -- RXRB -- TNFAIP3 -- SP1 -- VEGFA -- ADAM17 -- EIF2AK2 -- BIRC3 -- IRAK1 -- MAP4K4 -- TNFRSF1B -- CYLD -- MAP3K1 -- ZFP36 -- BIRC2 -- ATM -- IL4 -- HSPB1 -- CDKN2A -- FBXO31 -- PPM1A -- SOCS3 -- NGF -- SHC1 -- IFNB1 -- IRF1 -- RPAIN -- HIP1 -- OTUD7B -- XIAP -- ERBB2 -- MTOR -- PRNP -- IL16 -- HIF1A -- RPS6KA1 -- UBE2D3
12,MYD88 -- CHUK -- MAPK1 -- MAPK3 -- E2F1 -- RELA -- JUN -- RXRB -- TNFAIP3 -- SP1 -- VEGFA -- ADAM17 -- EIF2AK2 -- BIRC3 -- IRAK1 -- MAP4K4 -- TNFRSF1B -- TRAF1 -- MAP3K1 -- ZFP36 -- BIRC2 -- ATM -- IL4 -- HSPB1 -- CDKN2A -- FBXO31 -- PPM1A -- SOCS3 -- NGF -- SHC1 -- IFNB1 -- IRF1 -- RPAIN -- HIP1 -- OTUD7B -- XIAP -- ERBB2 -- MTOR -- PRNP -- IL16 -- HIF1A -- RPS6KA1 -- UBE2D3
13,MYD88 -- CHUK -- MAPK1 -- MAPK3 -- E2F1 -- RELA -- JUN -- RXRB -- TNFAIP3 -- SP1 -- VEGFA -- ADAM17 -- EIF2AK2 -- BIRC3 -- IRAK1 -- MAP4K4 -- TNFRSF1B -- CYLD -- MAP3K1 -- ZFP36 -- BIRC2 -- ATM -- IL4 -- HSPB1 -- CDKN2A -- FBXO31 -- PPM1A -- SOCS3 -- NGF -- SHC1 -- IFNB1 -- IRF1 -- RPAIN -- HIP1 -- OTUD7B -- XIAP -- ERBB2 -- MTOR -- PRNP -- IL16 -- HIF1A -- RPS6KA1 -- UBE2D3
14,MYD88 -- CHUK -- MAPK1 -- MAPK3 -- E2F1 -- RELA -- JUN -- RXRB -- TNFAIP3 -- SP1 -- VEGFA -- ADAM17 -- EIF2AK2 -- BIRC3 -- IRAK1 -- MAP4K4 -- TNFRSF1B -- TRAF1 -- MAP3K1 -- ZFP36 -- BIRC2 -- ATM -- IL4 -- HSPB1 -- CDKN2A -- FBXO31 -- PPM1A -- SOCS3 -- NGF -- SHC1 -- IFNB1 -- IRF1 -- RPAIN -- HIP1 -- OTUD7B -- XIAP -- ERBB2 -- MTOR -- PRNP -- IL16 -- HIF1A -- RPS6KA1 -- UBE2D3
15,MYD88 -- CHUK -- MAPK1 -- MAPK3 -- E2F1 -- RELA -- JUN -- RXRB -- TNFAIP3 -- SP1 -- VEGFA -- ADAM17 -- EIF2AK2 -- BIRC3 -- IRAK1 -- MAP4K4 -- TNFRSF1B -- TRAF1 -- MAP3K1 -- ZFP36 -- BIRC2 -- ATM -- IL4 -- HSPB1 -- CDKN2A -- FBXO31 -- PPM1A -- SOCS3 -- NGF -- SHC1 -- IFNB1 -- IRF1 -- RPAIN -- HIP1 -- OTUD7B -- XIAP -- ERBB2 -- MTOR -- PRNP -- IL16 -- HIF1A -- RPS6KA1 -- UBE2D3
16,MYD88 -- CHUK -- MAPK1 -- MAPK3 -- E2F1 -- RELA -- JUN -- RXRB -- TNFAIP3 -- SP1 -- VEGFA -- ADAM17 -- EIF2AK2 -- BIRC3 -- IRAK1 -- MAP4K4 -- TNFRSF1B -- TRAF1 -- MAP3K1 -- ZFP36 -- BIRC2 -- ATM -- IL4 -- HSPB1 -- CDKN2A -- FBXO31 -- PPM1A -- SOCS3 -- NGF -- SHC1 -- IFNB1 -- IRF1 -- RPAIN -- HIP1 -- OTUD7B -- XIAP -- ERBB2 -- MTOR -- PRNP -- IL16 -- HIF1A -- RPS6KA1 -- UBE2D3
17,MYD88 -- CHUK -- MAPK1 -- MAPK3 -- E2F1 -- RELA -- JUN -- RXRB -- TNFAIP3 -- SP1 -- VEGFA -- ADAM17 -- EIF2AK2 -- BIRC3 -- IRAK1 -- MAP4K4 -- TNFRSF1B -- TRAF1 -- MAP3K1 -- ZFP36 -- BIRC2 -- ATM -- IL4 -- HSPB1 -- CDKN2A -- FBXO31 -- PPM1A -- SOCS3 -- NGF -- SHC1 -- IFNB1 -- IRF1 -- RPAIN -- HIP1 -- OTUD7B -- XIAP -- ERBB2 -- MTOR -- PRNP -- IL16 -- HIF1A -- RPS6KA1 -- UBE2D3
18,MYD88 -- CHUK -- MAPK1 -- MAPK3 -- E2F1 -- RELA -- JUN -- RXRB -- TNFAIP3 -- SP1 -- VEGFA -- ADAM17 -- EIF2AK2 -- BIRC3 -- IRAK1 -- MAP4K4 -- TNFRSF1B -- CYLD -- MAP3K1 -- ZFP36 -- BIRC2 -- ATM -- IL4 -- HSPB1 -- CDKN2A -- FBXO31 -- PPM1A -- SOCS3 -- NGF -- SHC1 -- IFNB1 -- IRF1 -- RPAIN -- HIP1 -- OTUD7B -- XIAP -- ERBB2 -- MTOR -- PRNP -- IL16 -- HIF1A -- RPS6KA1 -- UBE2D3
19,MYD88 -- CHUK -- MAPK1 -- MAPK3 -- E2F1 -- RELA -- JUN -- RXRB -- TNFAIP3 -- SP1 -- VEGFA -- ADAM17 -- EIF2AK2 -- BIRC3 -- IRAK1 -- MAP4K4 -- TNFRSF1B -- CYLD -- MAP3K1 -- ZFP36 -- BIRC2 -- ATM -- IL4 -- HSPB1 -- CDKN2A -- FBXO31 -- PPM1A -- SOCS3 -- NGF -- SHC1 -- IFNB1 -- IRF1 -- RPAIN -- HIP1 -- OTUD7B -- XIAP -- ERBB2 -- MTOR -- PRNP -- IL16 -- HIF1A -- RPS6KA1 -- UBE2D3
20,MYD88 -- CHUK -- MAPK1 -- MAPK3 -- E2F1 -- RELA -- JUN -- RXRB -- TNFAIP3 -- SP1 -- VEGFA -- ADAM17 -- EIF2AK2 -- BIRC3 -- IRAK1 -- MAP4K4 -- TNFRSF1B -- TRAF1 -- MAP3K1 -- ZFP36 -- BIRC2 -- ATM -- IL4 -- HSPB1 -- CDKN2A -- FBXO31 -- PPM1A -- SOCS3 -- NGF -- SHC1 -- IFNB1 -- IRF1 -- RPAIN -- HIP1 -- OTUD7B -- XIAP -- ERBB2 -- MTOR -- PRNP -- IL16 -- HIF1A -- RPS6KA1 -- UBE2D3
21,MYD88 -- CHUK -- MAPK1 -- MAPK3 -- E2F1 -- RELA -- JUN -- RXRB -- TNFAIP3 -- SP1 -- VEGFA -- ADAM17 -- EIF2AK2 -- BIRC3 -- IRAK1 -- MAP4K4 -- TNFRSF1B -- CYLD -- MAP3K1 -- ZFP36 -- BIRC2 -- ATM -- IL4 -- HSPB1 -- CDKN2A -- FBXO31 -- PPM1A -- SOCS3 -- NGF -- SHC1 -- IFNB1 -- IRF1 -- RPAIN -- HIP1 -- OTUD7B -- XIAP -- ERBB2 -- MTOR -- PRNP -- IL16 -- HIF1A -- RPS6KA1 -- UBE2D3
22,MYD88 -- CHUK -- MAPK1 -- MAPK3 -- E2F1 -- RELA -- JUN -- RXRB -- TNFAIP3 -- SP1 -- VEGFA -- ADAM17 -- EIF2AK2 -- BIRC3 -- IRAK1 -- MAP4K4 -- TNFRSF1B -- CYLD -- MAP3K1 -- ZFP36 -- BIRC2 -- ATM -- IL4 -- HSPB1 -- CDKN2A -- FBXO31 -- PPM1A -- SOCS3 -- NGF -- SHC1 -- IFNB1 -- IRF1 -- RPAIN -- HIP1 -- OTUD7B -- XIAP -- ERBB2 -- MTOR -- PRNP -- IL16 -- HIF1A -- RPS6KA1 -- UBE2D3
23,MYD88 -- CHUK -- MAPK1 -- MAPK3 -- E2F1 -- RELA -- JUN -- RXRB -- TNFAIP3 -- SP1 -- VEGFA -- ADAM17 -- EIF2AK2 -- BIRC3 -- IRAK1 -- MAP4K4 -- TNFRSF1B -- TRAF1 -- MAP3K1 -- ZFP36 -- BIRC2 -- ATM -- IL4 -- HSPB1 -- CDKN2A -- FBXO31 -- PPM1A -- SOCS3 -- NGF -- SHC1 -- IFNB1 -- IRF1 -- RPAIN -- HIP1 -- OTUD7B -- XIAP -- ERBB2 -- MTOR -- PRNP -- IL16 -- HIF1A -- RPS6KA1 -- UBE2D3
24,MYD88 -- CHUK -- MAPK1 -- MAPK3 -- E2F1 -- RELA -- JUN -- RXRB -- TNFAIP3 -- SP1 -- VEGFA -- ADAM17 -- EIF2AK2 -- BIRC3 -- IRAK1 -- MAP4K4 -- TNFRSF1B -- TRAF1 -- MAP3K1 -- ZFP36 -- BIRC2 -- ATM -- IL4 -- HSPB1 -- CDKN2A -- FBXO31 -- PPM1A -- SOCS3 -- NGF -- SHC1 -- IFNB1 -- IRF1 -- RPAIN -- HIP1 -- OTUD7B -- XIAP -- ERBB2 -- MTOR -- PRNP -- IL16 -- HIF1A -- RPS6KA1 -- UBE2D3
25,MYD88 -- CHUK -- MAPK1 -- MAPK3 -- E2F1 -- RELA -- JUN -- RXRB -- TNFAIP3 -- SP1 -- VEGFA -- ADAM17 -- EIF2AK2 -- BIRC3 -- IRAK1 -- MAP4K4 -- TNFRSF1B -- TRAF1 -- MAP3K1 -- ZFP36 -- BIRC2 -- ATM -- IL4 -- HSPB1 -- CDKN2A -- FBXO31 -- PPM1A -- SOCS3 -- NGF -- SHC1 -- IFNB1 -- IRF1 -- RPAIN -- HIP1 -- OTUD7B -- XIAP -- ERBB2 -- MTOR -- PRNP -- IL16 -- HIF1A -- RPS6KA1 -- UBE2D3
26,MYD88 -- CHUK -- MAPK1 -- MAPK3 -- E2F1 -- RELA -- JUN -- RXRB -- TNFAIP3 -- SP1 -- VEGFA -- ADAM17 -- EIF2AK2 -- BIRC3 -- IRAK1 -- MAP4K4 -- TNFRSF1B -- CYLD -- MAP3K1 -- ZFP36 -- BIRC2 -- ATM -- IL4 -- HSPB1 -- CDKN2A -- FBXO31 -- PPM1A -- SOCS3 -- NGF -- SHC1 -- IFNB1 -- IRF1 -- RPAIN -- HIP1 -- OTUD7B -- XIAP -- ERBB2 -- MTOR -- PRNP -- IL16 -- HIF1A -- RPS6KA1 -- UBE2D3
27,MYD88 -- CHUK -- MAPK1 -- MAPK3 -- E2F1 -- RELA -- JUN -- RXRB -- TNFAIP3 -- SP1 -- VEGFA -- ADAM17 -- EIF2AK2 -- BIRC3 -- IRAK1 -- MAP4K4 -- TNFRSF1B -- TRAF1 -- MAP3K1 -- ZFP36 -- BIRC2 -- ATM -- IL4 -- HSPB1 -- CDKN2A -- FBXO31 -- PPM1A -- SOCS3 -- NGF -- SHC1 -- IFNB1 -- IRF1 -- RPAIN -- HIP1 -- OTUD7B -- XIAP -- ERBB2 -- MTOR -- PRNP -- IL16 -- HIF1A -- RPS6KA1 -- UBE2D3
28,MYD88 -- CHUK -- MAPK1 -- MAPK3 -- E2F1 -- RELA -- JUN -- RXRB -- TNFAIP3 -- SP1 -- VEGFA -- ADAM17 -- EIF2AK2 -- BIRC3 -- IRAK1 -- MAP4K4 -- TNFRSF1B -- CYLD -- MAP3K1 -- ZFP36 -- BIRC2 -- ATM -- IL4 -- HSPB1 -- CDKN2A -- FBXO31 -- PPM1A -- SOCS3 -- NGF -- SHC1 -- IFNB1 -- IRF1 -- RPAIN -- HIP1 -- OTUD7B -- XIAP -- ERBB2 -- MTOR -- PRNP -- IL16 -- HIF1A -- RPS6KA1 -- UBE2D3
29,MYD88 -- CHUK -- MAPK1 -- MAPK3 -- E2F1 -- RELA -- JUN -- RXRB -- TNFAIP3 -- SP1 -- VEGFA -- ADAM17 -- EIF2AK2 -- BIRC3 -- IRAK1 -- MAP4K4 -- TNFRSF1B -- TRAF1 -- MAP3K1 -- ZFP36 -- BIRC2 -- ATM -- IL4 -- HSPB1 -- CDKN2A -- FBXO31 -- PPM1A -- SOCS3 -- NGF -- SHC1 -- IFNB1 -- IRF1 -- RPAIN -- HIP1 -- OTUD7B -- XIAP -- ERBB2 -- MTOR -- PRNP -- IL16 -- HIF1A -- RPS6KA1 -- UBE2D3
30,MYD88 -- CHUK -- MAPK1 -- MAPK3 -- E2F1 -- RELA -- JUN -- RXRB -- TNFAIP3 -- SP1 -- VEGFA -- ADAM17 -- EIF2AK2 -- BIRC3 -- IRAK1 -- MAP4K4 -- TNFRSF1B -- TRAF1 -- MAP3K1 -- ZFP36 -- BIRC2 -- ATM -- IL4 -- HSPB1 -- CDKN2A -- FBXO31 -- PPM1A -- SOCS3 -- NGF -- SHC1 -- IFNB1 -- IRF1 -- RPAIN -- HIP1 -- OTUD7B -- XIAP -- ERBB2 -- MTOR -- PRNP -- IL16 -- HIF1A -- RPS6KA1 -- UBE2D3
31,MYD88 -- CHUK -- MAPK1 -- MAPK3 -- E2F1 -- RELA -- JUN -- RXRB -- TNFAIP3 -- SP1 -- VEGFA -- ADAM17 -- EIF2AK2 -- BIRC3 -- IRAK1 -- MAP4K4 -- TNFRSF1B -- CYLD -- MAP3K1 -- ZFP36 -- BIRC2 -- ATM -- IL4 -- HSPB1 -- CDKN2A -- FBXO31 -- PPM1A -- SOCS3 -- NGF -- SHC1 -- IFNB1 -- IRF1 -- RPAIN -- HIP1 -- OTUD7B -- XIAP -- ERBB2 -- MTOR -- PRNP -- IL16 -- HIF1A -- RPS6KA1 -- UBE2D3
32,MYD88 -- CHUK -- MAPK1 -- MAPK3 -- E2F1 -- RELA -- JUN -- RXRB -- TNFAIP3 -- SP1 -- VEGFA -- ADAM17 -- EIF2AK2 -- BIRC3 -- IRAK1 -- MAP4K4 -- TNFRSF1B -- CYLD -- MAP3K1 -- ZFP36 -- BIRC2 -- ATM -- IL4 -- HSPB1 -- CDKN2A -- FBXO31 -- PPM1A -- SOCS3 -- NGF -- SHC1 -- IFNB1 -- IRF1 -- RPAIN -- HIP1 -- OTUD7B -- XIAP -- ERBB2 -- MTOR -- PRNP -- IL16 -- HIF1A -- RPS6KA1 -- UBE2D3
33,MYD88 -- CHUK -- MAPK1 -- MAPK3 -- E2F1 -- RELA -- JUN -- RXRB -- TNFAIP3 -- SP1 -- VEGFA -- ADAM17 -- EIF2AK2 -- BIRC3 -- IRAK1 -- MAP4K4 -- TNFRSF1B -- TRAF1 -- MAP3K1 -- ZFP36 -- BIRC2 -- ATM -- IL4 -- HSPB1 -- CDKN2A -- FBXO31 -- PPM1A -- SOCS3 -- NGF -- SHC1 -- IFNB1 -- IRF1 -- RPAIN -- HIP1 -- OTUD7B -- XIAP -- ERBB2 -- MTOR -- PRNP -- IL16 -- HIF1A -- RPS6KA1 -- UBE2D3
34,MYD88 -- CHUK -- MAPK1 -- MAPK3 -- E2F1 -- RELA -- JUN -- RXRB -- TNFAIP3 -- SP1 -- VEGFA -- ADAM17 -- EIF2AK2 -- BIRC3 -- IRAK1 -- MAP4K4 -- TNFRSF1B -- TRAF1 -- MAP3K1 -- ZFP36 -- BIRC2 -- ATM -- IL4 -- HSPB1 -- CDKN2A -- FBXO31 -- PPM1A -- SOCS3 -- NGF -- SHC1 -- IFNB1 -- IRF1 -- RPAIN -- HIP1 -- OTUD7B -- XIAP -- ERBB2 -- MTOR -- PRNP -- IL16 -- HIF1A -- RPS6KA1 -- UBE2D3
35,MYD88 -- CHUK -- MAPK1 -- MAPK3 -- E2F1 -- RELA -- JUN -- RXRB -- TNFAIP3 -- SP1 -- VEGFA -- ADAM17 -- EIF2AK2 -- BIRC3 -- IRAK1 -- MAP4K4 -- TNFRSF1B -- CYLD -- MAP3K1 -- ZFP36 -- BIRC2 -- ATM -- IL4 -- HSPB1 -- CDKN2A -- FBXO31 -- PPM1A -- SOCS3 -- NGF -- SHC1 -- IFNB1 -- IRF1 -- RPAIN -- HIP1 -- OTUD7B -- XIAP -- ERBB2 -- MTOR -- PRNP -- IL16 -- HIF1A -- RPS6KA1 -- UBE2D3
36,MYD88 -- CHUK -- MAPK1 -- MAPK3 -- E2F1 -- RELA -- JUN -- RXRB -- TNFAIP3 -- SP1 -- VEGFA -- ADAM17 -- EIF2AK2 -- BIRC3 -- IRAK1 -- MAP4K4 -- TNFRSF1B -- TRAF1 -- MAP3K1 -- ZFP36 -- BIRC2 -- ATM -- IL4 -- HSPB1 -- CDKN2A -- FBXO31 -- PPM1A -- SOCS3 -- NGF -- SHC1 -- IFNB1 -- IRF1 -- RPAIN -- HIP1 -- OTUD7B -- XIAP -- ERBB2 -- MTOR -- PRNP -- IL16 -- HIF1A -- RPS6KA1 -- UBE2D3
37,MYD88 -- CHUK -- MAPK1 -- MAPK3 -- E2F1 -- RELA -- JUN -- RXRB -- TNFAIP3 -- SP1 -- VEGFA -- ADAM17 -- EIF2AK2 -- BIRC3 -- IRAK1 -- MAP4K4 -- TNFRSF1B -- TRAF1 -- MAP3K1 -- ZFP36 -- BIRC2 -- ATM -- IL4 -- HSPB1 -- CDKN2A -- FBXO31 -- PPM1A -- SOCS3 -- NGF -- SHC1 -- IFNB1 -- IRF1 -- RPAIN -- HIP1 -- OTUD7B -- XIAP -- ERBB2 -- MTOR -- PRNP -- IL16 -- HIF1A -- RPS6KA1 -- UBE2D3
38,MYD88 -- CHUK -- MAPK1 -- MAPK3 -- E2F1 -- RELA -- JUN -- RXRB -- TNFAIP3 -- SP1 -- VEGFA -- ADAM17 -- EIF2AK2 -- BIRC3 -- IRAK1 -- MAP4K4 -- TNFRSF1B -- TRAF1 -- MAP3K1 -- ZFP36 -- BIRC2 -- ATM -- IL4 -- HSPB1 -- CDKN2A -- FBXO31 -- PPM1A -- SOCS3 -- NGF -- SHC1 -- IFNB1 -- IRF1 -- RPAIN -- HIP1 -- OTUD7B -- XIAP -- ERBB2 -- MTOR -- PRNP -- IL16 -- HIF1A -- RPS6KA1 -- UBE2D3
39,MYD88 -- CHUK -- MAPK1 -- MAPK3 -- E2F1 -- RELA -- JUN -- RXRB -- TNFAIP3 -- SP1 -- VEGFA -- ADAM17 -- EIF2AK2 -- BIRC3 -- IRAK1 -- MAP4K4 -- TNFRSF1B -- CYLD -- MAP3K1 -- ZFP36 -- BIRC2 -- ATM -- IL4 -- HSPB1 -- CDKN2A -- FBXO31 -- PPM1A -- SOCS3 -- NGF -- SHC1 -- IFNB1 -- IRF1 -- RPAIN -- HIP1 -- OTUD7B -- XIAP -- ERBB2 -- MTOR -- PRNP -- IL16 -- HIF1A -- RPS6KA1 -- UBE2D3
40,MYD88 -- CHUK -- MAPK1 -- MAPK3 -- E2F1 -- RELA -- JUN -- RXRB -- TNFAIP3 -- SP1 -- VEGFA -- ADAM17 -- EIF2AK2 -- BIRC3 -- IRAK1 -- MAP4K4 -- TNFRSF1B -- TRAF1 -- MAP3K1 -- ZFP36 -- BIRC2 -- ATM -- IL4 -- HSPB1 -- CDKN2A -- FBXO31 -- PPM1A -- SOCS3 -- NGF -- SHC1 -- IFNB1 -- IRF1 -- RPAIN -- HIP1 -- OTUD7B -- XIAP -- ERBB2 -- MTOR -- PRNP -- IL16 -- HIF1A -- RPS6KA1 -- UBE2D3
41,MYD88 -- CHUK -- MAPK1 -- MAPK3 -- E2F1 -- RELA -- JUN -- RXRB -- TNFAIP3 -- SP1 -- VEGFA -- ADAM17 -- EIF2AK2 -- BIRC3 -- IRAK1 -- MAP4K4 -- TNFRSF1B -- TRAF1 -- MAP3K1 -- ZFP36 -- BIRC2 -- ATM -- IL4 -- HSPB1 -- CDKN2A -- FBXO31 -- PPM1A -- SOCS3 -- NGF -- SHC1 -- IFNB1 -- IRF1 -- RPAIN -- HIP1 -- OTUD7B -- XIAP -- ERBB2 -- MTOR -- PRNP -- IL16 -- HIF1A -- RPS6KA1 -- UBE2D3
42,MYD88 -- CHUK -- MAPK1 -- MAPK3 -- E2F1 -- RELA -- JUN -- RXRB -- TNFAIP3 -- SP1 -- VEGFA -- ADAM17 -- EIF2AK2 -- BIRC3 -- IRAK1 -- MAP4K4 -- TNFRSF1B -- TRAF1 -- MAP3K1 -- ZFP36 -- BIRC2 -- ATM -- IL4 -- HSPB1 -- CDKN2A -- FBXO31 -- PPM1A -- SOCS3 -- NGF -- SHC1 -- IFNB1 -- IRF1 -- RPAIN -- HIP1 -- OTUD7B -- XIAP -- ERBB2 -- MTOR -- PRNP -- IL16 -- HIF1A -- RPS6KA1 -- UBE2D3
43,MYD88 -- CHUK -- MAPK1 -- MAPK3 -- E2F1 -- RELA -- JUN -- RXRB -- TNFAIP3 -- SP1 -- VEGFA -- ADAM17 -- EIF2AK2 -- BIRC3 -- IRAK1 -- MAP4K4 -- TNFRSF1B -- CYLD -- MAP3K1 -- ZFP36 -- BIRC2 -- ATM -- IL4 -- HSPB1 -- CDKN2A -- FBXO31 -- PPM1A -- SOCS3 -- NGF -- SHC1 -- IFNB1 -- IRF1 -- RPAIN -- HIP1 -- OTUD7B -- XIAP -- ERBB2 -- MTOR -- PRNP -- IL16 -- HIF1A -- RPS6KA1 -- UBE2D3
44,MYD88 -- CHUK -- MAPK1 -- MAPK3 -- E2F1 -- RELA -- JUN -- RXRB -- TNFAIP3 -- SP1 -- VEGFA -- ADAM17 -- EIF2AK2 -- BIRC3 -- IRAK1 -- MAP4K4 -- TNFRSF1B -- CYLD -- MAP3K1 -- ZFP36 -- BIRC2 -- ATM -- IL4 -- HSPB1 -- CDKN2A -- FBXO31 -- PPM1A -- SOCS3 -- NGF -- SHC1 -- IFNB1 -- IRF1 -- RPAIN -- HIP1 -- OTUD7B -- XIAP -- ERBB2 -- MTOR -- PRNP -- IL16 -- HIF1A -- RPS6KA1 -- UBE2D3
45,MYD88 -- CHUK -- MAPK1 -- MAPK3 -- E2F1 -- RELA -- JUN -- RXRB -- TNFAIP3 -- SP1 -- VEGFA -- ADAM17 -- EIF2AK2 -- BIRC3 -- IRAK1 -- MAP4K4 -- TNFRSF1B -- TRAF1 -- MAP3K1 -- ZFP36 -- BIRC2 -- ATM -- IL4 -- HSPB1 -- CDKN2A -- FBXO31 -- PPM1A -- SOCS3 -- NGF -- SHC1 -- IFNB1 -- IRF1 -- RPAIN -- HIP1 -- OTUD7B -- XIAP -- ERBB2 -- MTOR -- PRNP -- IL16 -- HIF1A -- RPS6KA1 -- UBE2D3
46,MYD88 -- CHUK -- MAPK1 -- MAPK3 -- E2F1 -- RELA -- JUN -- RXRB -- TNFAIP3 -- SP1 -- VEGFA -- ADAM17 -- EIF2AK2 -- BIRC3 -- IRAK1 -- MAP4K4 -- TNFRSF1B -- CYLD -- MAP3K1 -- ZFP36 -- BIRC2 -- ATM -- IL4 -- HSPB1 -- CDKN2A -- FBXO31 -- PPM1A -- SOCS3 -- NGF -- SHC1 -- IFNB1 -- IRF1 -- RPAIN -- HIP1 -- OTUD7B -- XIAP -- ERBB2 -- MTOR -- PRNP -- IL16 -- HIF1A -- RPS6KA1 -- UBE2D3
47,MYD88 -- CHUK -- MAPK1 -- MAPK3 -- E2F1 -- RELA -- JUN -- RXRB -- TNFAIP3 -- SP1 -- VEGFA -- ADAM17 -- EIF2AK2 -- BIRC3 -- IRAK1 -- MAP4K4 -- TNFRSF1B -- TRAF1 -- MAP3K1 -- ZFP36 -- BIRC2 -- ATM -- IL4 -- HSPB1 -- CDKN2A -- FBXO31 -- PPM1A -- SOCS3 -- NGF -- SHC1 -- IFNB1 -- IRF1 -- RPAIN -- HIP1 -- OTUD7B -- XIAP -- ERBB2 -- MTOR -- PRNP -- IL16 -- HIF1A -- RPS6KA1 -- UBE2D3
48,MYD88 -- CHUK -- MAPK1 -- MAPK3 -- E2F1 -- RELA -- JUN -- RXRB -- TNFAIP3 -- SP1 -- VEGFA -- ADAM17 -- EIF2AK2 -- BIRC3 -- IRAK1 -- MAP4K4 -- TNFRSF1B -- CYLD -- MAP3K1 -- ZFP36 -- BIRC2 -- ATM -- IL4 -- HSPB1 -- CDKN2A -- FBXO31 -- PPM1A -- SOCS3 -- NGF -- SHC1 -- IFNB1 -- IRF1 -- RPAIN -- HIP1 -- OTUD7B -- XIAP -- ERBB2 -- MTOR -- PRNP -- IL16 -- HIF1A -- RPS6KA1 -- UBE2D3
49,MYD88 -- CHUK -- MAPK1 -- MAPK3 -- E2F1 -- RELA -- JUN -- RXRB -- TNFAIP3 -- SP1 -- VEGFA -- ADAM17 -- EIF2AK2 -- BIRC3 -- IRAK1 -- MAP4K4 -- TNFRSF1B -- TRAF1 -- MAP3K1 -- ZFP36 -- BIRC2 -- ATM -- IL4 -- HSPB1 -- CDKN2A -- FBXO31 -- PPM1A -- SOCS3 -- NGF -- SHC1 -- IFNB1 -- IRF1 -- RPAIN -- HIP1 -- OTUD7B -- XIAP -- ERBB2 -- MTOR -- PRNP -- IL16 -- HIF1A -- RPS6KA1 -- UBE2D3
50,MYD88 -- CHUK -- MAPK1 -- MAPK3 -- E2F1 -- RELA -- JUN -- RXRB -- TNFAIP3 -- SP1 -- VEGFA -- ADAM17 -- EIF2AK2 -- BIRC3 -- IRAK1 -- MAP4K4 -- TNFRSF1B -- CYLD -- MAP3K1 -- ZFP36 -- BIRC2 -- ATM -- IL4 -- HSPB1 -- CDKN2A -- FBXO31 -- PPM1A -- SOCS3 -- NGF -- SHC1 -- IFNB1 -- IRF1 -- RPAIN -- HIP1 -- OTUD7B -- XIAP -- ERBB2 -- MTOR -- PRNP -- NFE2L2 -- IL16 -- HIF1A -- RPS6KA1 -- UBE2D3
51,MYD88 -- CHUK -- MAPK1 -- MAPK3 -- E2F1 -- RELA -- JUN -- RXRB -- TNFAIP3 -- SP1 -- VEGFA -- ADAM17 -- EIF2AK2 -- BIRC3 -- IRAK1 -- MAP4K4 -- TNFRSF1B -- TRAF1 -- MAP3K1 -- ZFP36 -- BIRC2 -- ATM -- IL4 -- HSPB1 -- CDKN2A -- FBXO31 -- PPM1A -- SOCS3 -- NGF -- SHC1 -- IFNB1 -- IRF1 -- RPAIN -- HIP1 -- OTUD7B -- XIAP -- ERBB2 -- MTOR -- PRNP -- IL16 -- HIF1A -- RPS6KA1 -- UBE2D3
52,MYD88 -- CHUK -- MAPK1 -- MAPK3 -- E2F1 -- RELA -- JUN -- RXRB -- TNFAIP3 -- SP1 -- VEGFA -- ADAM17 -- EIF2AK2 -- BIRC3 -- IRAK1 -- MAP4K4 -- TNFRSF1B -- CYLD -- MAP3K1 -- ZFP36 -- BIRC2 -- ATM -- IL4 -- HSPB1 -- CDKN2A -- FBXO31 -- PPM1A -- SOCS3 -- NGF -- SHC1 -- IFNB1 -- IRF1 -- RPAIN -- HIP1 -- OTUD7B -- XIAP -- ERBB2 -- MTOR -- PRNP -- IL16 -- HIF1A -- RPS6KA1 -- UBE2D3
53,MYD88 -- CHUK -- MAPK1 -- MAPK3 -- E2F1 -- RELA -- JUN -- RXRB -- TNFAIP3 -- SP1 -- VEGFA -- ADAM17 -- EIF2AK2 -- BIRC3 -- IRAK1 -- MAP4K4 -- TNFRSF1B -- CYLD -- MAP3K1 -- ZFP36 -- BIRC2 -- ATM -- IL4 -- HSPB1 -- CDKN2A -- FBXO31 -- PPM1A -- SOCS3 -- NGF -- SHC1 -- IFNB1 -- IRF1 -- RPAIN -- HIP1 -- OTUD7B -- XIAP -- ERBB2 -- MTOR -- PRNP -- IL16 -- HIF1A -- RPS6KA1 -- UBE2D3
54,MYD88 -- CHUK -- MAPK1 -- MAPK3 -- E2F1 -- RELA -- JUN -- RXRB -- TNFAIP3 -- SP1 -- VEGFA -- ADAM17 -- EIF2AK2 -- BIRC3 -- IRAK1 -- MAP4K4 -- TNFRSF1B -- TRAF1 -- MAP3K1 -- ZFP36 -- BIRC2 -- ATM -- IL4 -- HSPB1 -- CDKN2A -- FBXO31 -- PPM1A -- SOCS3 -- NGF -- SHC1 -- IFNB1 -- IRF1 -- RPAIN -- HIP1 -- OTUD7B -- XIAP -- ERBB2 -- MTOR -- PRNP -- IL16 -- HIF1A -- RPS6KA1 -- UBE2D3
55,MYD88 -- CHUK -- MAPK1 -- MAPK3 -- E2F1 -- RELA -- JUN -- RXRB -- TNFAIP3 -- SP1 -- VEGFA -- ADAM17 -- EIF2AK2 -- BIRC3 -- IRAK1 -- MAP4K4 -- TNFRSF1B -- TRAF1 -- MAP3K1 -- ZFP36 -- BIRC2 -- ATM -- IL4 -- HSPB1 -- CDKN2A -- FBXO31 -- PPM1A -- SOCS3 -- NGF -- SHC1 -- IFNB1 -- IRF1 -- RPAIN -- HIP1 -- OTUD7B -- XIAP -- ERBB2 -- MTOR -- PRNP -- IL16 -- HIF1A -- RPS6KA1 -- UBE2D3
56,MYD88 -- CHUK -- MAPK1 -- MAPK3 -- E2F1 -- RELA -- JUN -- RXRB -- TNFAIP3 -- SP1 -- VEGFA -- ADAM17 -- EIF2AK2 -- BIRC3 -- IRAK1 -- MAP4K4 -- TNFRSF1B -- CYLD -- MAP3K1 -- ZFP36 -- BIRC2 -- ATM -- IL4 -- HSPB1 -- CDKN2A -- FBXO31 -- PPM1A -- SOCS3 -- NGF -- SHC1 -- IFNB1 -- IRF1 -- RPAIN -- HIP1 -- OTUD7B -- XIAP -- ERBB2 -- MTOR -- PRNP -- NFE2L2 -- IL16 -- HIF1A -- RPS6KA1 -- UBE2D3
57,MYD88 -- CHUK -- MAPK1 -- MAPK3 -- E2F1 -- RELA -- JUN -- RXRB -- TNFAIP3 -- SP1 -- VEGFA -- ADAM17 -- EIF2AK2 -- BIRC3 -- IRAK1 -- MAP4K4 -- TNFRSF1B -- TRAF1 -- MAP3K1 -- ZFP36 -- BIRC2 -- ATM -- IL4 -- HSPB1 -- CDKN2A -- FBXO31 -- PPM1A -- SOCS3 -- NGF -- SHC1 -- IFNB1 -- IRF1 -- RPAIN -- HIP1 -- OTUD7B -- XIAP -- ERBB2 -- MTOR -- PRNP -- IL16 -- HIF1A -- RPS6KA1 -- UBE2D3
58,MYD88 -- CHUK -- MAPK1 -- MAPK3 -- E2F1 -- RELA -- JUN -- RXRB -- TNFAIP3 -- SP1 -- VEGFA -- ADAM17 -- EIF2AK2 -- BIRC3 -- IRAK1 -- MAP4K4 -- TNFRSF1B -- CYLD -- MAP3K1 -- ZFP36 -- BIRC2 -- ATM -- IL4 -- HSPB1 -- CDKN2A -- FBXO31 -- PPM1A -- SOCS3 -- NGF -- SHC1 -- IFNB1 -- IRF1 -- RPAIN -- HIP1 -- OTUD7B -- XIAP -- ERBB2 -- MTOR -- PRNP -- IL16 -- HIF1A -- RPS6KA1 -- UBE2D3
59,MYD88 -- CHUK -- MAPK1 -- MAPK3 -- E2F1 -- RELA -- JUN -- RXRB -- TNFAIP3 -- SP1 -- VEGFA -- ADAM17 -- EIF2AK2 -- BIRC3 -- IRAK1 -- MAP4K4 -- TNFRSF1B -- CYLD -- MAP3K1 -- ZFP36 -- BIRC2 -- ATM -- IL4 -- HSPB1 -- CDKN2A -- FBXO31 -- PPM1A -- SOCS3 -- NGF -- SHC1 -- IFNB1 -- IRF1 -- RPAIN -- HIP1 -- OTUD7B -- XIAP -- ERBB2 -- MTOR -- PRNP -- IL16 -- HIF1A -- RPS6KA1 -- UBE2D3
60,MYD88 -- CHUK -- MAPK1 -- MAPK3 -- E2F1 -- RELA -- JUN -- RXRB -- TNFAIP3 -- SP1 -- VEGFA -- ADAM17 -- EIF2AK2 -- BIRC3 -- IRAK1 -- MAP4K4 -- TNFRSF1B -- CYLD -- MAP3K1 -- ZFP36 -- BIRC2 -- ATM -- IL4 -- HSPB1 -- CDKN2A -- FBXO31 -- PPM1A -- SOCS3 -- NGF -- SHC1 -- IFNB1 -- IRF1 -- RPAIN -- HIP1 -- OTUD7B -- XIAP -- ERBB2 -- MTOR -- PRNP -- IL16 -- HIF1A -- RPS6KA1 -- UBE2D3
61,MYD88 -- CHUK -- MAPK1 -- MAPK3 -- E2F1 -- RELA -- JUN -- RXRB -- TNFAIP3 -- SP1 -- VEGFA -- ADAM17 -- EIF2AK2 -- BIRC3 -- IRAK1 -- MAP4K4 -- TNFRSF1B -- TRAF1 -- MAP3K1 -- ZFP36 -- BIRC2 -- ATM -- IL4 -- HSPB1 -- CDKN2A -- FBXO31 -- PPM1A -- SOCS3 -- NGF -- SHC1 -- IFNB1 -- IRF1 -- RPAIN -- HIP1 -- OTUD7B -- XIAP -- ERBB2 -- MTOR -- PRNP -- IL16 -- HIF1A -- RPS6KA1 -- UBE2D3
62,MYD88 -- CHUK -- MAPK1 -- MAPK3 -- E2F1 -- RELA -- JUN -- RXRB -- TNFAIP3 -- SP1 -- VEGFA -- ADAM17 -- EIF2AK2 -- BIRC3 -- IRAK1 -- MAP4K4 -- TNFRSF1B -- CYLD -- MAP3K1 -- ZFP36 -- BIRC2 -- ATM -- IL4 -- HSPB1 -- CDKN2A -- FBXO31 -- PPM1A -- SOCS3 -- NGF -- SHC1 -- IFNB1 -- IRF1 -- RPAIN -- HIP1 -- OTUD7B -- XIAP -- ERBB2 -- MTOR -- PRNP -- IL16 -- HIF1A -- RPS6KA1 -- UBE2D3
63,MYD88 -- CHUK -- MAPK1 -- MAPK3 -- E2F1 -- RELA -- JUN -- RXRB -- TNFAIP3 -- SP1 -- VEGFA -- ADAM17 -- EIF2AK2 -- BIRC3 -- IRAK1 -- MAP4K4 -- TNFRSF1B -- TRAF1 -- MAP3K1 -- ZFP36 -- BIRC2 -- ATM -- IL4 -- HSPB1 -- CDKN2A -- FBXO31 -- PPM1A -- SOCS3 -- NGF -- SHC1 -- IFNB1 -- IRF1 -- RPAIN -- HIP1 -- OTUD7B -- XIAP -- ERBB2 -- MTOR -- PRNP -- IL16 -- HIF1A -- RPS6KA1 -- UBE2D3
64,MYD88 -- CHUK -- MAPK1 -- MAPK3 -- E2F1 -- RELA -- JUN -- RXRB -- TNFAIP3 -- SP1 -- VEGFA -- ADAM17 -- EIF2AK2 -- BIRC3 -- IRAK1 -- MAP4K4 -- TNFRSF1B -- CYLD -- MAP3K1 -- ZFP36 -- BIRC2 -- ATM -- IL4 -- HSPB1 -- CDKN2A -- FBXO31 -- PPM1A -- SOCS3 -- NGF -- SHC1 -- IFNB1 -- IRF1 -- RPAIN -- HIP1 -- OTUD7B -- XIAP -- ERBB2 -- MTOR -- PRNP -- IL16 -- HIF1A -- RPS6KA1 -- UBE2D3
65,MYD88 -- CHUK -- MAPK1 -- MAPK3 -- E2F1 -- RELA -- JUN -- RXRB -- TNFAIP3 -- SP1 -- VEGFA -- ADAM17 -- EIF2AK2 -- BIRC3 -- IRAK1 -- MAP4K4 -- TNFRSF1B -- TRAF1 -- MAP3K1 -- ZFP36 -- BIRC2 -- ATM -- IL4 -- HSPB1 -- CDKN2A -- FBXO31 -- PPM1A -- SOCS3 -- NGF -- SHC1 -- IFNB1 -- IRF1 -- RPAIN -- HIP1 -- OTUD7B -- XIAP -- ERBB2 -- MTOR -- PRNP -- IL16 -- HIF1A -- RPS6KA1 -- UBE2D3
66,MYD88 -- CHUK -- MAPK1 -- MAPK3 -- E2F1 -- RELA -- JUN -- RXRB -- TNFAIP3 -- SP1 -- VEGFA -- ADAM17 -- EIF2AK2 -- BIRC3 -- IRAK1 -- MAP4K4 -- TNFRSF1B -- CYLD -- MAP3K1 -- ZFP36 -- BIRC2 -- ATM -- IL4 -- HSPB1 -- CDKN2A -- FBXO31 -- PPM1A -- SOCS3 -- NGF -- SHC1 -- IFNB1 -- IRF1 -- RPAIN -- HIP1 -- OTUD7B -- XIAP -- ERBB2 -- MTOR -- PRNP -- IL16 -- HIF1A -- RPS6KA1 -- UBE2D3
67,MYD88 -- CHUK -- MAPK1 -- MAPK3 -- E2F1 -- RELA -- JUN -- RXRB -- TNFAIP3 -- SP1 -- VEGFA -- ADAM17 -- EIF2AK2 -- BIRC3 -- IRAK1 -- MAP4K4 -- TNFRSF1B -- CYLD -- MAP3K1 -- ZFP36 -- BIRC2 -- ATM -- IL4 -- HSPB1 -- CDKN2A -- FBXO31 -- PPM1A -- SOCS3 -- NGF -- SHC1 -- IFNB1 -- IRF1 -- RPAIN -- HIP1 -- OTUD7B -- XIAP -- ERBB2 -- MTOR -- PRNP -- IL16 -- HIF1A -- RPS6KA1 -- UBE2D3
68,MYD88 -- CHUK -- MAPK1 -- MAPK3 -- E2F1 -- RELA -- JUN -- RXRB -- TNFAIP3 -- SP1 -- VEGFA -- ADAM17 -- EIF2AK2 -- BIRC3 -- IRAK1 -- MAP4K4 -- TNFRSF1B -- TRAF1 -- MAP3K1 -- ZFP36 -- BIRC2 -- ATM -- IL4 -- HSPB1 -- CDKN2A -- FBXO31 -- PPM1A -- SOCS3 -- NGF -- SHC1 -- IFNB1 -- IRF1 -- RPAIN -- HIP1 -- OTUD7B -- XIAP -- ERBB2 -- MTOR -- PRNP -- IL16 -- HIF1A -- RPS6KA1 -- UBE2D3
69,MYD88 -- CHUK -- MAPK1 -- MAPK3 -- E2F1 -- RELA -- JUN -- RXRB -- TNFAIP3 -- SP1 -- VEGFA -- ADAM17 -- EIF2AK2 -- BIRC3 -- IRAK1 -- MAP4K4 -- TNFRSF1B -- CYLD -- MAP3K1 -- ZFP36 -- BIRC2 -- ATM -- IL4 -- HSPB1 -- CDKN2A -- FBXO31 -- PPM1A -- SOCS3 -- NGF -- SHC1 -- IFNB1 -- IRF1 -- RPAIN -- HIP1 -- OTUD7B -- XIAP -- ERBB2 -- MTOR -- PRNP -- IL16 -- HIF1A -- RPS6KA1 -- UBE2D3
70,MYD88 -- CHUK -- MAPK1 -- MAPK3 -- E2F1 -- RELA -- JUN -- RXRB -- TNFAIP3 -- SP1 -- VEGFA -- ADAM17 -- EIF2AK2 -- BIRC3 -- IRAK1 -- MAP4K4 -- TNFRSF1B -- TRAF1 -- MAP3K1 -- ZFP36 -- BIRC2 -- ATM -- IL4 -- HSPB1 -- CDKN2A -- FBXO31 -- PPM1A -- SOCS3 -- NGF -- SHC1 -- IFNB1 -- IRF1 -- RPAIN -- HIP1 -- OTUD7B -- XIAP -- ERBB2 -- MTOR -- PRNP -- IL16 -- HIF1A -- RPS6KA1 -- UBE2D3
71,MYD88 -- CHUK -- MAPK1 -- MAPK3 -- E2F1 -- RELA -- JUN -- RXRB -- TNFAIP3 -- SP1 -- VEGFA -- ADAM17 -- EIF2AK2 -- BIRC3 -- IRAK1 -- MAP4K4 -- TNFRSF1B -- CYLD -- MAP3K1 -- ZFP36 -- BIRC2 -- ATM -- IL4 -- HSPB1 -- CDKN2A -- FBXO31 -- PPM1A -- SOCS3 -- NGF -- SHC1 -- IFNB1 -- IRF1 -- RPAIN -- HIP1 -- OTUD7B -- XIAP -- ERBB2 -- MTOR -- PRNP -- IL16 -- HIF1A -- RPS6KA1 -- UBE2D3
72,MYD88 -- CHUK -- MAPK1 -- MAPK3 -- E2F1 -- RELA -- JUN -- RXRB -- TNFAIP3 -- SP1 -- VEGFA -- ADAM17 -- EIF2AK2 -- BIRC3 -- IRAK1 -- MAP4K4 -- TNFRSF1B -- CYLD -- MAP3K1 -- ZFP36 -- BIRC2 -- ATM -- IL4 -- HSPB1 -- CDKN2A -- FBXO31 -- PPM1A -- SOCS3 -- NGF -- SHC1 -- IFNB1 -- IRF1 -- RPAIN -- HIP1 -- OTUD7B -- XIAP -- ERBB2 -- MTOR -- PRNP -- IL16 -- HIF1A -- RPS6KA1 -- UBE2D3
73,MYD88 -- CHUK -- MAPK1 -- MAPK3 -- E2F1 -- RELA -- JUN -- RXRB -- TNFAIP3 -- SP1 -- VEGFA -- ADAM17 -- EIF2AK2 -- BIRC3 -- IRAK1 -- MAP4K4 -- TNFRSF1B -- TRAF1 -- MAP3K1 -- ZFP36 -- BIRC2 -- ATM -- IL4 -- HSPB1 -- CDKN2A -- FBXO31 -- PPM1A -- SOCS3 -- NGF -- SHC1 -- IFNB1 -- IRF1 -- RPAIN -- HIP1 -- OTUD7B -- XIAP -- ERBB2 -- MTOR -- PRNP -- IL16 -- HIF1A -- RPS6KA1 -- UBE2D3
74,MYD88 -- CHUK -- MAPK1 -- MAPK3 -- E2F1 -- RELA -- JUN -- RXRB -- TNFAIP3 -- SP1 -- VEGFA -- ADAM17 -- EIF2AK2 -- BIRC3 -- IRAK1 -- MAP4K4 -- TNFRSF1B -- CYLD -- MAP3K1 -- ZFP36 -- BIRC2 -- ATM -- IL4 -- HSPB1 -- CDKN2A -- FBXO31 -- PPM1A -- SOCS3 -- NGF -- SHC1 -- IFNB1 -- IRF1 -- RPAIN -- HIP1 -- OTUD7B -- XIAP -- ERBB2 -- MTOR -- PRNP -- IL16 -- HIF1A -- RPS6KA1 -- UBE2D3
75,MYD88 -- CHUK -- MAPK1 -- MAPK3 -- E2F1 -- RELA -- JUN -- RXRB -- TNFAIP3 -- SP1 -- VEGFA -- ADAM17 -- EIF2AK2 -- BIRC3 -- IRAK1 -- MAP4K4 -- TNFRSF1B -- CYLD -- MAP3K1 -- ZFP36 -- BIRC2 -- ATM -- IL4 -- HSPB1 -- CDKN2A -- FBXO31 -- PPM1A -- SOCS3 -- NGF -- SHC1 -- IFNB1 -- IRF1 -- RPAIN -- HIP1 -- OTUD7B -- XIAP -- ERBB2 -- MTOR -- PRNP -- IL16 -- HIF1A -- RPS6KA1 -- UBE2D3
76,MYD88 -- CHUK -- MAPK1 -- MAPK3 -- E2F1 -- RELA -- JUN -- RXRB -- TNFAIP3 -- SP1 -- VEGFA -- ADAM17 -- EIF2AK2 -- BIRC3 -- IRAK1 -- MAP4K4 -- TNFRSF1B -- TRAF1 -- MAP3K1 -- ZFP36 -- BIRC2 -- ATM -- IL4 -- HSPB1 -- CDKN2A -- FBXO31 -- PPM1A -- SOCS3 -- NGF -- SHC1 -- IFNB1 -- IRF1 -- RPAIN -- HIP1 -- OTUD7B -- XIAP -- ERBB2 -- MTOR -- PRNP -- IL16 -- HIF1A -- RPS6KA1 -- UBE2D3
77,MYD88 -- CHUK -- MAPK1 -- MAPK3 -- E2F1 -- RELA -- JUN -- RXRB -- TNFAIP3 -- SP1 -- VEGFA -- ADAM17 -- EIF2AK2 -- BIRC3 -- IRAK1 -- MAP4K4 -- TNFRSF1B -- CYLD -- MAP3K1 -- ZFP36 -- BIRC2 -- ATM -- IL4 -- HSPB1 -- CDKN2A -- FBXO31 -- PPM1A -- SOCS3 -- NGF -- SHC1 -- IFNB1 -- IRF1 -- RPAIN -- HIP1 -- OTUD7B -- XIAP -- ERBB2 -- MTOR -- PRNP -- IL16 -- HIF1A -- RPS6KA1 -- UBE2D3
78,MYD88 -- CHUK -- MAPK1 -- MAPK3 -- E2F1 -- RELA -- JUN -- RXRB -- TNFAIP3 -- SP1 -- VEGFA -- ADAM17 -- EIF2AK2 -- BIRC3 -- IRAK1 -- MAP4K4 -- TNFRSF1B -- TRAF1 -- MAP3K1 -- ZFP36 -- BIRC2 -- ATM -- IL4 -- HSPB1 -- CDKN2A -- FBXO31 -- PPM1A -- SOCS3 -- NGF -- SHC1 -- IFNB1 -- IRF1 -- RPAIN -- HIP1 -- OTUD7B -- XIAP -- ERBB2 -- MTOR -- PRNP -- IL16 -- HIF1A -- RPS6KA1 -- UBE2D3
79,MYD88 -- CHUK -- MAPK1 -- MAPK3 -- E2F1 -- RELA -- JUN -- RXRB -- TNFAIP3 -- SP1 -- VEGFA -- ADAM17 -- EIF2AK2 -- BIRC3 -- IRAK1 -- MAP4K4 -- TNFRSF1B -- CYLD -- MAP3K1 -- ZFP36 -- BIRC2 -- ATM -- IL4 -- HSPB1 -- CDKN2A -- FBXO31 -- PPM1A -- SOCS3 -- NGF -- SHC1 -- IFNB1 -- IRF1 -- RPAIN -- HIP1 -- OTUD7B -- XIAP -- ERBB2 -- MTOR -- PRNP -- IL16 -- HIF1A -- RPS6KA1 -- UBE2D3
80,MYD88 -- CHUK -- MAPK1 -- MAPK3 -- E2F1 -- RELA -- JUN -- RXRB -- TNFAIP3 -- SP1 -- VEGFA -- ADAM17 -- EIF2AK2 -- BIRC3 -- IRAK1 -- MAP4K4 -- TNFRSF1B -- CYLD -- MAP3K1 -- ZFP36 -- BIRC2 -- ATM -- IL4 -- HSPB1 -- CDKN2A -- FBXO31 -- PPM1A -- SOCS3 -- NGF -- SHC1 -- IFNB1 -- IRF1 -- RPAIN -- HIP1 -- OTUD7B -- XIAP -- ERBB2 -- MTOR -- PRNP -- IL16 -- HIF1A -- RPS6KA1 -- UBE2D3
81,MYD88 -- CHUK -- MAPK1 -- MAPK3 -- E2F1 -- RELA -- JUN -- RXRB -- TNFAIP3 -- SP1 -- VEGFA -- ADAM17 -- EIF2AK2 -- BIRC3 -- IRAK1 -- MAP4K4 -- TNFRSF1B -- TRAF1 -- MAP3K1 -- ZFP36 -- BIRC2 -- ATM -- IL4 -- HSPB1 -- CDKN2A -- FBXO31 -- PPM1A -- SOCS3 -- NGF -- SHC1 -- IFNB1 -- IRF1 -- RPAIN -- HIP1 -- OTUD7B -- XIAP -- ERBB2 -- MTOR -- PRNP -- IL16 -- HIF1A -- RPS6KA1 -- UBE2D3
82,MYD88 -- CHUK -- MAPK1 -- MAPK3 -- E2F1 -- RELA -- JUN -- RXRB -- TNFAIP3 -- SP1 -- VEGFA -- ADAM17 -- EIF2AK2 -- BIRC3 -- IRAK1 -- MAP4K4 -- TNFRSF1B -- TRAF1 -- MAP3K1 -- ZFP36 -- BIRC2 -- ATM -- IL4 -- HSPB1 -- CDKN2A -- FBXO31 -- PPM1A -- SOCS3 -- NGF -- SHC1 -- IFNB1 -- IRF1 -- RPAIN -- HIP1 -- OTUD7B -- XIAP -- ERBB2 -- MTOR -- PRNP -- IL16 -- HIF1A -- RPS6KA1 -- UBE2D3
83,MYD88 -- CHUK -- MAPK1 -- MAPK3 -- E2F1 -- RELA -- JUN -- RXRB -- TNFAIP3 -- SP1 -- VEGFA -- ADAM17 -- EIF2AK2 -- BIRC3 -- IRAK1 -- MAP4K4 -- TNFRSF1B -- CYLD -- MAP3K1 -- ZFP36 -- BIRC2 -- ATM -- IL4 -- HSPB1 -- CDKN2A -- FBXO31 -- PPM1A -- SOCS3 -- NGF -- SHC1 -- IFNB1 -- IRF1 -- RPAIN -- HIP1 -- OTUD7B -- XIAP -- ERBB2 -- MTOR -- PRNP -- IL16 -- HIF1A -- RPS6KA1 -- UBE2D3
84,MYD88 -- CHUK -- MAPK1 -- MAPK3 -- E2F1 -- RELA -- JUN -- RXRB -- TNFAIP3 -- SP1 -- VEGFA -- ADAM17 -- EIF2AK2 -- BIRC3 -- IRAK1 -- MAP4K4 -- TNFRSF1B -- TRAF1 -- MAP3K1 -- ZFP36 -- BIRC2 -- ATM -- IL4 -- HSPB1 -- CDKN2A -- FBXO31 -- PPM1A -- SOCS3 -- NGF -- SHC1 -- IFNB1 -- IRF1 -- RPAIN -- HIP1 -- OTUD7B -- XIAP -- ERBB2 -- MTOR -- PRNP -- IL16 -- HIF1A -- RPS6KA1 -- UBE2D3
85,MYD88 -- CHUK -- MAPK1 -- MAPK3 -- E2F1 -- RELA -- JUN -- RXRB -- TNFAIP3 -- SP1 -- VEGFA -- ADAM17 -- EIF2AK2 -- BIRC3 -- IRAK1 -- MAP4K4 -- TNFRSF1B -- CYLD -- MAP3K1 -- ZFP36 -- BIRC2 -- ATM -- IL4 -- HSPB1 -- CDKN2A -- FBXO31 -- PPM1A -- SOCS3 -- NGF -- SHC1 -- IFNB1 -- IRF1 -- RPAIN -- HIP1 -- OTUD7B -- XIAP -- ERBB2 -- MTOR -- PRNP -- IL16 -- HIF1A -- RPS6KA1 -- UBE2D3
86,MYD88 -- CHUK -- MAPK1 -- MAPK3 -- E2F1 -- RELA -- JUN -- RXRB -- TNFAIP3 -- SP1 -- VEGFA -- ADAM17 -- EIF2AK2 -- BIRC3 -- IRAK1 -- MAP4K4 -- TNFRSF1B -- CYLD -- MAP3K1 -- ZFP36 -- BIRC2 -- ATM -- IL4 -- HSPB1 -- CDKN2A -- FBXO31 -- PPM1A -- SOCS3 -- NGF -- SHC1 -- IFNB1 -- IRF1 -- RPAIN -- HIP1 -- OTUD7B -- XIAP -- ERBB2 -- MTOR -- PRNP -- IL16 -- HIF1A -- RPS6KA1 -- UBE2D3
87,MYD88 -- CHUK -- MAPK1 -- MAPK3 -- E2F1 -- RELA -- JUN -- RXRB -- TNFAIP3 -- SP1 -- VEGFA -- ADAM17 -- EIF2AK2 -- BIRC3 -- IRAK1 -- MAP4K4 -- TNFRSF1B -- TRAF1 -- MAP3K1 -- ZFP36 -- BIRC2 -- ATM -- IL4 -- HSPB1 -- CDKN2A -- FBXO31 -- PPM1A -- SOCS3 -- NGF -- SHC1 -- IFNB1 -- IRF1 -- RPAIN -- HIP1 -- OTUD7B -- XIAP -- ERBB2 -- MTOR -- PRNP -- IL16 -- HIF1A -- RPS6KA1 -- UBE2D3
88,MYD88 -- CHUK -- MAPK1 -- MAPK3 -- E2F1 -- RELA -- JUN -- RXRB -- TNFAIP3 -- SP1 -- VEGFA -- ADAM17 -- EIF2AK2 -- BIRC3 -- IRAK1 -- MAP4K4 -- TNFRSF1B -- CYLD -- MAP3K1 -- ZFP36 -- BIRC2 -- ATM -- IL4 -- HSPB1 -- CDKN2A -- FBXO31 -- PPM1A -- SOCS3 -- NGF -- SHC1 -- IFNB1 -- IRF1 -- RPAIN -- HIP1 -- OTUD7B -- XIAP -- ERBB2 -- MTOR -- PRNP -- IL16 -- HIF1A -- RPS6KA1 -- UBE2D3
89,MYD88 -- CHUK -- MAPK1 -- MAPK3 -- E2F1 -- RELA -- JUN -- RXRB -- TNFAIP3 -- SP1 -- VEGFA -- ADAM17 -- EIF2AK2 -- BIRC3 -- IRAK1 -- MAP4K4 -- TNFRSF1B -- CYLD -- MAP3K1 -- ZFP36 -- BIRC2 -- ATM -- IL4 -- HSPB1 -- CDKN2A -- FBXO31 -- PPM1A -- SOCS3 -- NGF -- SHC1 -- IFNB1 -- IRF1 -- RPAIN -- HIP1 -- OTUD7B -- XIAP -- ERBB2 -- MTOR -- PRNP -- IL16 -- HIF1A -- RPS6KA1 -- UBE2D3
90,MYD88 -- CHUK -- MAPK1 -- MAPK3 -- E2F1 -- RELA -- JUN -- RXRB -- TNFAIP3 -- SP1 -- VEGFA -- ADAM17 -- EIF2AK2 -- BIRC3 -- IRAK1 -- MAP4K4 -- TNFRSF1B -- TRAF1 -- MAP3K1 -- ZFP36 -- BIRC2 -- ATM -- IL4 -- HSPB1 -- CDKN2A -- FBXO31 -- PPM1A -- SOCS3 -- NGF -- SHC1 -- IFNB1 -- IRF1 -- RPAIN -- HIP1 -- OTUD7B -- XIAP -- ERBB2 -- MTOR -- PRNP -- IL16 -- HIF1A -- RPS6KA1 -- UBE2D3
91,MYD88 -- CHUK -- MAPK1 -- MAPK3 -- E2F1 -- RELA -- JUN -- RXRB -- TNFAIP3 -- SP1 -- VEGFA -- ADAM17 -- EIF2AK2 -- BIRC3 -- IRAK1 -- MAP4K4 -- TNFRSF1B -- TRAF1 -- MAP3K1 -- ZFP36 -- BIRC2 -- ATM -- IL4 -- HSPB1 -- CDKN2A -- FBXO31 -- PPM1A -- SOCS3 -- NGF -- SHC1 -- IFNB1 -- IRF1 -- RPAIN -- HIP1 -- OTUD7B -- XIAP -- ERBB2 -- MTOR -- PRNP -- IL16 -- HIF1A -- RPS6KA1 -- UBE2D3
92,MYD88 -- CHUK -- MAPK1 -- MAPK3 -- E2F1 -- RELA -- JUN -- RXRB -- TNFAIP3 -- SP1 -- VEGFA -- ADAM17 -- EIF2AK2 -- BIRC3 -- IRAK1 -- MAP4K4 -- TNFRSF1B -- CYLD -- MAP3K1 -- ZFP36 -- BIRC2 -- ATM -- IL4 -- HSPB1 -- CDKN2A -- FBXO31 -- PPM1A -- SOCS3 -- NGF -- SHC1 -- IFNB1 -- IRF1 -- RPAIN -- HIP1 -- OTUD7B -- XIAP -- ERBB2 -- MTOR -- PRNP -- IL16 -- HIF1A -- RPS6KA1 -- UBE2D3
93,MYD88 -- CHUK -- MAPK1 -- MAPK3 -- E2F1 -- RELA -- JUN -- RXRB -- TNFAIP3 -- SP1 -- VEGFA -- ADAM17 -- EIF2AK2 -- BIRC3 -- IRAK1 -- MAP4K4 -- TNFRSF1B -- CYLD -- MAP3K1 -- ZFP36 -- BIRC2 -- ATM -- IL4 -- HSPB1 -- CDKN2A -- FBXO31 -- PPM1A -- SOCS3 -- NGF -- SHC1 -- IFNB1 -- IRF1 -- RPAIN -- HIP1 -- OTUD7B -- XIAP -- ERBB2 -- MTOR -- PRNP -- IL16 -- HIF1A -- RPS6KA1 -- UBE2D3
94,MYD88 -- CHUK -- MAPK1 -- MAPK3 -- E2F1 -- RELA -- JUN -- RXRB -- TNFAIP3 -- SP1 -- VEGFA -- ADAM17 -- EIF2AK2 -- BIRC3 -- IRAK1 -- MAP4K4 -- TNFRSF1B -- TRAF1 -- MAP3K1 -- ZFP36 -- BIRC2 -- ATM -- IL4 -- HSPB1 -- CDKN2A -- FBXO31 -- PPM1A -- SOCS3 -- NGF -- SHC1 -- IFNB1 -- IRF1 -- RPAIN -- HIP1 -- OTUD7B -- XIAP -- ERBB2 -- MTOR -- PRNP -- IL16 -- HIF1A -- RPS6KA1 -- UBE2D3
95,MYD88 -- CHUK -- MAPK1 -- MAPK3 -- E2F1 -- RELA -- JUN -- RXRB -- TNFAIP3 -- SP1 -- VEGFA -- ADAM17 -- EIF2AK2 -- BIRC3 -- IRAK1 -- MAP4K4 -- TNFRSF1B -- CYLD -- MAP3K1 -- ZFP36 -- BIRC2 -- ATM -- IL4 -- HSPB1 -- CDKN2A -- FBXO31 -- PPM1A -- SOCS3 -- NGF -- SHC1 -- IFNB1 -- IRF1 -- RPAIN -- HIP1 -- OTUD7B -- XIAP -- ERBB2 -- MTOR -- PRNP -- IL16 -- HIF1A -- RPS6KA1 -- UBE2D3
96,MYD88 -- CHUK -- MAPK1 -- MAPK3 -- E2F1 -- RELA -- JUN -- RXRB -- TNFAIP3 -- SP1 -- VEGFA -- ADAM17 -- EIF2AK2 -- BIRC3 -- IRAK1 -- MAP4K4 -- TNFRSF1B -- CYLD -- MAP3K1 -- ZFP36 -- BIRC2 -- ATM -- IL4 -- HSPB1 -- CDKN2A -- FBXO31 -- PPM1A -- SOCS3 -- NGF -- SHC1 -- IFNB1 -- IRF1 -- RPAIN -- HIP1 -- OTUD7B -- XIAP -- ERBB2 -- MTOR -- PRNP -- IL16 -- HIF1A -- RPS6KA1 -- UBE2D3
97,MYD88 -- CHUK -- MAPK1 -- MAPK3 -- E2F1 -- RELA -- JUN -- RXRB -- TNFAIP3 -- SP1 -- VEGFA -- ADAM17 -- EIF2AK2 -- BIRC3 -- IRAK1 -- MAP4K4 -- TNFRSF1B -- CYLD -- MAP3K1 -- ZFP36 -- BIRC2 -- ATM -- IL4 -- HSPB1 -- CDKN2A -- FBXO31 -- PPM1A -- SOCS3 -- NGF -- SHC1 -- IFNB1 -- IRF1 -- RPAIN -- HIP1 -- OTUD7B -- XIAP -- ERBB2 -- MTOR -- PRNP -- IL16 -- HIF1A -- RPS6KA1 -- UBE2D3
98,MYD88 -- CHUK -- MAPK1 -- MAPK3 -- E2F1 -- RELA -- JUN -- RXRB -- TNFAIP3 -- SP1 -- VEGFA -- ADAM17 -- EIF2AK2 -- BIRC3 -- IRAK1 -- MAP4K4 -- TNFRSF1B -- CYLD -- MAP3K1 -- ZFP36 -- BIRC2 -- ATM -- IL4 -- HSPB1 -- CDKN2A -- FBXO31 -- PPM1A -- SOCS3 -- NGF -- SHC1 -- TNFRSF14 -- IFNB1 -- IRF1 -- RPAIN -- HIP1 -- OTUD7B -- XIAP -- ERBB2 -- MTOR -- PRNP -- IL16 -- HIF1A -- RPS6KA1 -- UBE2D3
99,MYD88 -- CHUK -- MAPK1 -- MAPK3 -- E2F1 -- RELA -- JUN -- RXRB -- TNFAIP3 -- SP1 -- VEGFA -- ADAM17 -- EIF2AK2 -- BIRC3 -- IRAK1 -- MAP4K4 -- TNFRSF1B -- TRAF1 -- MAP3K1 -- ZFP36 -- BIRC2 -- ATM -- IL4 -- HSPB1 -- CDKN2A -- FBXO31 -- PPM1A -- SOCS3 -- NGF -- SHC1 -- IFNB1 -- IRF1 -- RPAIN -- HIP1 -- OTUD7B -- XIAP -- ERBB2 -- MTOR -- PRNP -- IL16 -- HIF1A -- RPS6KA1 -- UBE2D3
100,MYD88 -- CHUK -- MAPK1 -- MAPK3 -- E2F1 -- RELA -- JUN -- RXRB -- TNFAIP3 -- SP1 -- VEGFA -- ADAM17 -- EIF2AK2 -- BIRC3 -- IRAK1 -- MAP4K4 -- TNFRSF1B -- CYLD -- MAP3K1 -- ZFP36 -- BIRC2 -- ATM -- IL4 -- HSPB1 -- CDKN2A -- FBXO31 -- PPM1A -- SOCS3 -- NGF -- SHC1 -- IFNB1 -- IRF1 -- RPAIN -- HIP1 -- OTUD7B -- XIAP -- ERBB2 -- MTOR -- PRNP -- IL16 -- HIF1A -- RPS6KA1 -- UBE2D3
101,MYD88 -- CHUK -- MAPK1 -- MAPK3 -- E2F1 -- RELA -- JUN -- RXRB -- TNFAIP3 -- SP1 -- VEGFA -- ADAM17 -- EIF2AK2 -- BIRC3 -- IRAK1 -- MAP4K4 -- TNFRSF1B -- TRAF1 -- MAP3K1 -- ZFP36 -- BIRC2 -- ATM -- IL4 -- HSPB1 -- CDKN2A -- FBXO31 -- PPM1A -- SOCS3 -- NGF -- SHC1 -- IFNB1 -- IRF1 -- RPAIN -- HIP1 -- OTUD7B -- XIAP -- ERBB2 -- MTOR -- PRNP -- IL16 -- HIF1A -- RPS6KA1 -- UBE2D3
102,MYD88 -- CHUK -- MAPK1 -- MAPK3 -- E2F1 -- RELA -- JUN -- RXRB -- TNFAIP3 -- SP1 -- VEGFA -- ADAM17 -- EIF2AK2 -- BIRC3 -- IRAK1 -- MAP4K4 -- TNFRSF1B -- CYLD -- MAP3K1 -- ZFP36 -- BIRC2 -- ATM -- IL4 -- HSPB1 -- CDKN2A -- FBXO31 -- PPM1A -- SOCS3 -- NGF -- SHC1 -- IFNB1 -- IRF1 -- RPAIN -- HIP1 -- OTUD7B -- XIAP -- ERBB2 -- MTOR -- PRNP -- IL16 -- HIF1A -- RPS6KA1 -- UBE2D3
103,MYD88 -- CHUK -- MAPK1 -- MAPK3 -- E2F1 -- RELA -- JUN -- RXRB -- TNFAIP3 -- SP1 -- VEGFA -- ADAM17 -- EIF2AK2 -- BIRC3 -- IRAK1 -- MAP4K4 -- TNFRSF1B -- CYLD -- MAP3K1 -- ZFP36 -- BIRC2 -- ATM -- IL4 -- HSPB1 -- CDKN2A -- FBXO31 -- PPM1A -- SOCS3 -- NGF -- SHC1 -- IFNB1 -- IRF1 -- RPAIN -- HIP1 -- OTUD7B -- XIAP -- ERBB2 -- MTOR -- PRNP -- IL16 -- HIF1A -- RPS6KA1 -- UBE2D3
104,MYD88 -- CHUK -- MAPK1 -- MAPK3 -- E2F1 -- RELA -- JUN -- RXRB -- TNFAIP3 -- SP1 -- VEGFA -- ADAM17 -- EIF2AK2 -- BIRC3 -- IRAK1 -- MAP4K4 -- TNFRSF1B -- TRAF1 -- MAP3K1 -- ZFP36 -- BIRC2 -- ATM -- IL4 -- HSPB1 -- CDKN2A -- FBXO31 -- PPM1A -- SOCS3 -- NGF -- SHC1 -- IFNB1 -- IRF1 -- RPAIN -- HIP1 -- OTUD7B -- XIAP -- ERBB2 -- MTOR -- PRNP -- IL16 -- HIF1A -- RPS6KA1 -- UBE2D3
105,MYD88 -- CHUK -- MAPK1 -- MAPK3 -- E2F1 -- RELA -- JUN -- RXRB -- TNFAIP3 -- SP1 -- VEGFA -- ADAM17 -- EIF2AK2 -- BIRC3 -- IRAK1 -- MAP4K4 -- TNFRSF1B -- TRAF1 -- MAP3K1 -- ZFP36 -- BIRC2 -- ATM -- IL4 -- HSPB1 -- CDKN2A -- FBXO31 -- PPM1A -- SOCS3 -- NGF -- SHC1 -- IFNB1 -- IRF1 -- RPAIN -- HIP1 -- OTUD7B -- XIAP -- ERBB2 -- MTOR -- PRNP -- IL16 -- HIF1A -- RPS6KA1 -- UBE2D3
106,MYD88 -- CHUK -- MAPK1 -- MAPK3 -- E2F1 -- RELA -- JUN -- RXRB -- TNFAIP3 -- SP1 -- VEGFA -- ADAM17 -- EIF2AK2 -- BIRC3 -- IRAK1 -- MAP4K4 -- TNFRSF1B -- TRAF1 -- MAP3K1 -- ZFP36 -- BIRC2 -- ATM -- IL4 -- HSPB1 -- CDKN2A -- FBXO31 -- PPM1A -- SOCS3 -- NGF -- SHC1 -- IFNB1 -- IRF1 -- RPAIN -- HIP1 -- OTUD7B -- XIAP -- ERBB2 -- MTOR -- PRNP -- IL16 -- HIF1A -- RPS6KA1 -- UBE2D3
107,MYD88 -- CHUK -- MAPK1 -- MAPK3 -- E2F1 -- RELA -- JUN -- RXRB -- TNFAIP3 -- SP1 -- VEGFA -- ADAM17 -- EIF2AK2 -- BIRC3 -- IRAK1 -- MAP4K4 -- TNFRSF1B -- TRAF1 -- MAP3K1 -- ZFP36 -- BIRC2 -- ATM -- IL4 -- HSPB1 -- CDKN2A -- FBXO31 -- PPM1A -- SOCS3 -- NGF -- SHC1 -- IFNB1 -- IRF1 -- RPAIN -- HIP1 -- OTUD7B -- XIAP -- ERBB2 -- MTOR -- PRNP -- IL16 -- HIF1A -- RPS6KA1 -- UBE2D3
108,MYD88 -- CHUK -- MAPK1 -- MAPK3 -- E2F1 -- RELA -- JUN -- RXRB -- TNFAIP3 -- SP1 -- VEGFA -- ADAM17 -- EIF2AK2 -- BIRC3 -- IRAK1 -- MAP4K4 -- TNFRSF1B -- TRAF1 -- MAP3K1 -- ZFP36 -- BIRC2 -- ATM -- IL4 -- HSPB1 -- CDKN2A -- FBXO31 -- PPM1A -- SOCS3 -- NGF -- SHC1 -- IFNB1 -- IRF1 -- RPAIN -- HIP1 -- OTUD7B -- XIAP -- ERBB2 -- MTOR -- PRNP -- IL16 -- HIF1A -- RPS6KA1 -- UBE2D3
109,MYD88 -- CHUK -- MAPK1 -- MAPK3 -- E2F1 -- RELA -- JUN -- RXRB -- TNFAIP3 -- SP1 -- VEGFA -- ADAM17 -- EIF2AK2 -- BIRC3 -- IRAK1 -- MAP4K4 -- TNFRSF1B -- CYLD -- MAP3K1 -- ZFP36 -- BIRC2 -- ATM -- IL4 -- HSPB1 -- CDKN2A -- FBXO31 -- PPM1A -- SOCS3 -- NGF -- SHC1 -- IFNB1 -- IRF1 -- RPAIN -- HIP1 -- OTUD7B -- XIAP -- ERBB2 -- MTOR -- PRNP -- IL16 -- HIF1A -- RPS6KA1 -- UBE2D3
110,MYD88 -- CHUK -- MAPK1 -- MAPK3 -- E2F1 -- RELA -- JUN -- RXRB -- TNFAIP3 -- SP1 -- VEGFA -- ADAM17 -- EIF2AK2 -- BIRC3 -- IRAK1 -- MAP4K4 -- TNFRSF1B -- TRAF1 -- MAP3K1 -- ZFP36 -- BIRC2 -- ATM -- IL4 -- HSPB1 -- CDKN2A -- FBXO31 -- PPM1A -- SOCS3 -- NGF -- SHC1 -- IFNB1 -- IRF1 -- RPAIN -- HIP1 -- OTUD7B -- XIAP -- ERBB2 -- MTOR -- PRNP -- IL16 -- HIF1A -- RPS6KA1 -- UBE2D3
111,MYD88 -- CHUK -- MAPK1 -- MAPK3 -- E2F1 -- RELA -- JUN -- RXRB -- TNFAIP3 -- SP1 -- VEGFA -- ADAM17 -- EIF2AK2 -- BIRC3 -- IRAK1 -- MAP4K4 -- TNFRSF1B -- CYLD -- MAP3K1 -- ZFP36 -- BIRC2 -- ATM -- IL4 -- HSPB1 -- CDKN2A -- FBXO31 -- PPM1A -- SOCS3 -- NGF -- SHC1 -- IFNB1 -- IRF1 -- RPAIN -- HIP1 -- OTUD7B -- XIAP -- ERBB2 -- MTOR -- PRNP -- IL16 -- HIF1A -- RPS6KA1 -- UBE2D3
112,MYD88 -- CHUK -- MAPK1 -- MAPK3 -- E2F1 -- RELA -- JUN -- RXRB -- TNFAIP3 -- SP1 -- VEGFA -- ADAM17 -- EIF2AK2 -- BIRC3 -- IRAK1 -- MAP4K4 -- TNFRSF1B -- TRAF1 -- MAP3K1 -- ZFP36 -- BIRC2 -- ATM -- IL4 -- HSPB1 -- CDKN2A -- FBXO31 -- PPM1A -- SOCS3 -- NGF -- SHC1 -- IFNB1 -- IRF1 -- RPAIN -- HIP1 -- OTUD7B -- XIAP -- ERBB2 -- MTOR -- PRNP -- IL16 -- HIF1A -- RPS6KA1 -- UBE2D3
113,MYD88 -- CHUK -- MAPK1 -- MAPK3 -- E2F1 -- RELA -- JUN -- RXRB -- TNFAIP3 -- SP1 -- VEGFA -- ADAM17 -- EIF2AK2 -- BIRC3 -- IRAK1 -- MAP4K4 -- TNFRSF1B -- TRAF1 -- MAP3K1 -- ZFP36 -- BIRC2 -- ATM -- IL4 -- HSPB1 -- CDKN2A -- FBXO31 -- PPM1A -- SOCS3 -- NGF -- SHC1 -- IFNB1 -- IRF1 -- RPAIN -- HIP1 -- OTUD7B -- XIAP -- ERBB2 -- MTOR -- PRNP -- IL16 -- HIF1A -- RPS6KA1 -- UBE2D3
114,MYD88 -- CHUK -- MAPK1 -- MAPK3 -- E2F1 -- RELA -- JUN -- RXRB -- TNFAIP3 -- SP1 -- VEGFA -- ADAM17 -- EIF2AK2 -- BIRC3 -- IRAK1 -- MAP4K4 -- TNFRSF1B -- CYLD -- MAP3K1 -- ZFP36 -- BIRC2 -- ATM -- IL4 -- HSPB1 -- CDKN2A -- FBXO31 -- PPM1A -- SOCS3 -- NGF -- SHC1 -- IFNB1 -- IRF1 -- RPAIN -- HIP1 -- OTUD7B -- XIAP -- ERBB2 -- MTOR -- PRNP -- IL16 -- HIF1A -- RPS6KA1 -- UBE2D3
115,MYD88 -- CHUK -- MAPK1 -- MAPK3 -- E2F1 -- RELA -- JUN -- RXRB -- TNFAIP3 -- SP1 -- VEGFA -- ADAM17 -- EIF2AK2 -- BIRC3 -- IRAK1 -- MAP4K4 -- TNFRSF1B -- CYLD -- MAP3K1 -- ZFP36 -- BIRC2 -- ATM -- IL4 -- HSPB1 -- CDKN2A -- FBXO31 -- PPM1A -- SOCS3 -- NGF -- SHC1 -- IFNB1 -- IRF1 -- RPAIN -- HIP1 -- OTUD7B -- XIAP -- ERBB2 -- MTOR -- PRNP -- IL16 -- HIF1A -- RPS6KA1 -- UBE2D3
116,MYD88 -- CHUK -- MAPK1 -- MAPK3 -- E2F1 -- RELA -- JUN -- RXRB -- TNFAIP3 -- SP1 -- VEGFA -- ADAM17 -- EIF2AK2 -- BIRC3 -- IRAK1 -- MAP4K4 -- TNFRSF1B -- CYLD -- MAP3K1 -- ZFP36 -- BIRC2 -- ATM -- IL4 -- HSPB1 -- CDKN2A -- FBXO31 -- PPM1A -- SOCS3 -- NGF -- SHC1 -- IFNB1 -- IRF1 -- RPAIN -- HIP1 -- OTUD7B -- XIAP -- ERBB2 -- MTOR -- PRNP -- IL16 -- HIF1A -- RPS6KA1 -- UBE2D3
117,MYD88 -- CHUK -- MAPK1 -- MAPK3 -- E2F1 -- RELA -- JUN -- RXRB -- TNFAIP3 -- SP1 -- VEGFA -- ADAM17 -- EIF2AK2 -- BIRC3 -- IRAK1 -- MAP4K4 -- TNFRSF1B -- TRAF1 -- MAP3K1 -- ZFP36 -- BIRC2 -- ATM -- IL4 -- HSPB1 -- CDKN2A -- FBXO31 -- PPM1A -- SOCS3 -- NGF -- SHC1 -- IFNB1 -- IRF1 -- RPAIN -- HIP1 -- OTUD7B -- XIAP -- ERBB2 -- MTOR -- PRNP -- NFE2L2 -- IL16 -- HIF1A -- RPS6KA1 -- UBE2D3
118,MYD88 -- CHUK -- MAPK1 -- MAPK3 -- E2F1 -- RELA -- JUN -- RXRB -- TNFAIP3 -- SP1 -- VEGFA -- ADAM17 -- EIF2AK2 -- BIRC3 -- IRAK1 -- MAP4K4 -- TNFRSF1B -- CYLD -- MAP3K1 -- ZFP36 -- BIRC2 -- ATM -- IL4 -- HSPB1 -- CDKN2A -- FBXO31 -- PPM1A -- SOCS3 -- NGF -- SHC1 -- IFNB1 -- IRF1 -- RPAIN -- HIP1 -- OTUD7B -- XIAP -- ERBB2 -- MTOR -- PRNP -- IL16 -- HIF1A -- RPS6KA1 -- UBE2D3
119,MYD88 -- CHUK -- MAPK1 -- MAPK3 -- E2F1 -- RELA -- JUN -- RXRB -- TNFAIP3 -- SP1 -- VEGFA -- ADAM17 -- EIF2AK2 -- BIRC3 -- IRAK1 -- MAP4K4 -- TNFRSF1B -- CYLD -- MAP3K1 -- ZFP36 -- BIRC2 -- ATM -- IL4 -- HSPB1 -- CDKN2A -- FBXO31 -- PPM1A -- SOCS3 -- NGF -- SHC1 -- IFNB1 -- IRF1 -- RPAIN -- HIP1 -- OTUD7B -- XIAP -- ERBB2 -- MTOR -- PRNP -- IL16 -- HIF1A -- RPS6KA1 -- UBE2D3
120,MYD88 -- CHUK -- MAPK1 -- MAPK3 -- E2F1 -- RELA -- JUN -- RXRB -- TNFAIP3 -- SP1 -- VEGFA -- ADAM17 -- EIF2AK2 -- BIRC3 -- IRAK1 -- MAP4K4 -- TNFRSF1B -- TRAF1 -- MAP3K1 -- ZFP36 -- BIRC2 -- ATM -- IL4 -- HSPB1 -- CDKN2A -- FBXO31 -- PPM1A -- SOCS3 -- NGF -- SHC1 -- IFNB1 -- IRF1 -- RPAIN -- HIP1 -- OTUD7B -- XIAP -- ERBB2 -- MTOR -- PRNP -- IL16 -- HIF1A -- RPS6KA1 -- UBE2D3
121,MYD88 -- CHUK -- MAPK1 -- MAPK3 -- E2F1 -- RELA -- JUN -- RXRB -- TNFAIP3 -- SP1 -- VEGFA -- ADAM17 -- EIF2AK2 -- BIRC3 -- IRAK1 -- MAP4K4 -- TNFRSF1B -- CYLD -- MAP3K1 -- ZFP36 -- BIRC2 -- ATM -- IL4 -- HSPB1 -- CDKN2A -- FBXO31 -- PPM1A -- SOCS3 -- NGF -- SHC1 -- IFNB1 -- IRF1 -- RPAIN -- HIP1 -- OTUD7B -- XIAP -- ERBB2 -- MTOR -- PRNP -- IL16 -- HIF1A -- RPS6KA1 -- UBE2D3
122,MYD88 -- CHUK -- MAPK1 -- MAPK3 -- E2F1 -- RELA -- JUN -- RXRB -- TNFAIP3 -- SP1 -- VEGFA -- ADAM17 -- EIF2AK2 -- BIRC3 -- IRAK1 -- MAP4K4 -- TNFRSF1B -- CYLD -- MAP3K1 -- ZFP36 -- BIRC2 -- ATM -- IL4 -- HSPB1 -- CDKN2A -- FBXO31 -- PPM1A -- SOCS3 -- NGF -- SHC1 -- IFNB1 -- IRF1 -- RPAIN -- HIP1 -- OTUD7B -- XIAP -- ERBB2 -- MTOR -- PRNP -- IL16 -- HIF1A -- RPS6KA1 -- UBE2D3
123,MYD88 -- CHUK -- MAPK1 -- MAPK3 -- E2F1 -- RELA -- JUN -- RXRB -- TNFAIP3 -- SP1 -- VEGFA -- ADAM17 -- EIF2AK2 -- BIRC3 -- IRAK1 -- MAP4K4 -- TNFRSF1B -- TRAF1 -- MAP3K1 -- ZFP36 -- BIRC2 -- ATM -- IL4 -- HSPB1 -- CDKN2A -- FBXO31 -- PPM1A -- SOCS3 -- NGF -- SHC1 -- IFNB1 -- IRF1 -- RPAIN -- HIP1 -- OTUD7B -- XIAP -- ERBB2 -- MTOR -- PRNP -- IL16 -- HIF1A -- RPS6KA1 -- UBE2D3
124,MYD88 -- CHUK -- MAPK1 -- MAPK3 -- E2F1 -- RELA -- JUN -- RXRB -- TNFAIP3 -- SP1 -- VEGFA -- ADAM17 -- EIF2AK2 -- BIRC3 -- IRAK1 -- MAP4K4 -- TNFRSF1B -- TRAF1 -- MAP3K1 -- ZFP36 -- BIRC2 -- ATM -- IL4 -- HSPB1 -- CDKN2A -- FBXO31 -- PPM1A -- SOCS3 -- NGF -- SHC1 -- IFNB1 -- IRF1 -- RPAIN -- HIP1 -- OTUD7B -- XIAP -- ERBB2 -- MTOR -- PRNP -- IL16 -- HIF1A -- RPS6KA1 -- UBE2D3
125,MYD88 -- CHUK -- MAPK1 -- MAPK3 -- E2F1 -- RELA -- JUN -- RXRB -- TNFAIP3 -- SP1 -- VEGFA -- ADAM17 -- EIF2AK2 -- BIRC3 -- IRAK1 -- MAP4K4 -- TNFRSF1B -- CYLD -- MAP3K1 -- ZFP36 -- BIRC2 -- ATM -- IL4 -- HSPB1 -- CDKN2A -- FBXO31 -- PPM1A -- SOCS3 -- NGF -- SHC1 -- IFNB1 -- IRF1 -- RPAIN -- HIP1 -- OTUD7B -- XIAP -- ERBB2 -- MTOR -- PRNP -- IL16 -- HIF1A -- RPS6KA1 -- UBE2D3
126,MYD88 -- CHUK -- MAPK1 -- MAPK3 -- E2F1 -- RELA -- JUN -- RXRB -- TNFAIP3 -- SP1 -- VEGFA -- ADAM17 -- EIF2AK2 -- BIRC3 -- IRAK1 -- MAP4K4 -- TNFRSF1B -- TRAF1 -- MAP3K1 -- ZFP36 -- BIRC2 -- ATM -- IL4 -- HSPB1 -- CDKN2A -- FBXO31 -- PPM1A -- SOCS3 -- NGF -- SHC1 -- IFNB1 -- IRF1 -- RPAIN -- HIP1 -- OTUD7B -- XIAP -- ERBB2 -- MTOR -- PRNP -- IL16 -- HIF1A -- RPS6KA1 -- UBE2D3
127,MYD88 -- CHUK -- MAPK1 -- MAPK3 -- E2F1 -- RELA -- JUN -- RXRB -- TNFAIP3 -- SP1 -- VEGFA -- ADAM17 -- EIF2AK2 -- BIRC3 -- IRAK1 -- MAP4K4 -- TNFRSF1B -- CYLD -- MAP3K1 -- ZFP36 -- BIRC2 -- ATM -- IL4 -- HSPB1 -- CDKN2A -- FBXO31 -- PPM1A -- SOCS3 -- NGF -- SHC1 -- IFNB1 -- IRF1 -- RPAIN -- HIP1 -- OTUD7B -- XIAP -- ERBB2 -- MTOR -- PRNP -- IL16 -- HIF1A -- RPS6KA1 -- UBE2D3
128,MYD88 -- CHUK -- MAPK1 -- MAPK3 -- E2F1 -- RELA -- JUN -- RXRB -- TNFAIP3 -- SP1 -- VEGFA -- ADAM17 -- EIF2AK2 -- BIRC3 -- IRAK1 -- MAP4K4 -- TNFRSF1B -- TRAF1 -- MAP3K1 -- ZFP36 -- BIRC2 -- ATM -- IL4 -- HSPB1 -- CDKN2A -- FBXO31 -- PPM1A -- SOCS3 -- NGF -- SHC1 -- IFNB1 -- IRF1 -- RPAIN -- HIP1 -- OTUD7B -- XIAP -- ERBB2 -- MTOR -- PRNP -- IL16 -- HIF1A -- RPS6KA1 -- UBE2D3
129,MYD88 -- CHUK -- MAPK1 -- MAPK3 -- E2F1 -- RELA -- JUN -- RXRB -- TNFAIP3 -- SP1 -- VEGFA -- ADAM17 -- EIF2AK2 -- BIRC3 -- IRAK1 -- MAP4K4 -- TNFRSF1B -- CYLD -- MAP3K1 -- ZFP36 -- BIRC2 -- ATM -- IL4 -- HSPB1 -- CDKN2A -- FBXO31 -- PPM1A -- SOCS3 -- NGF -- SHC1 -- IFNB1 -- IRF1 -- RPAIN -- HIP1 -- OTUD7B -- XIAP -- ERBB2 -- MTOR -- PRNP -- IL16 -- HIF1A -- RPS6KA1 -- UBE2D3
130,MYD88 -- CHUK -- MAPK1 -- MAPK3 -- E2F1 -- RELA -- JUN -- RXRB -- TNFAIP3 -- SP1 -- VEGFA -- ADAM17 -- EIF2AK2 -- BIRC3 -- IRAK1 -- MAP4K4 -- TNFRSF1B -- CYLD -- MAP3K1 -- ZFP36 -- BIRC2 -- ATM -- IL4 -- HSPB1 -- CDKN2A -- FBXO31 -- PPM1A -- SOCS3 -- NGF -- SHC1 -- IFNB1 -- IRF1 -- RPAIN -- HIP1 -- OTUD7B -- XIAP -- ERBB2 -- MTOR -- PRNP -- IL16 -- HIF1A -- RPS6KA1 -- UBE2D3
131,MYD88 -- CHUK -- MAPK1 -- MAPK3 -- E2F1 -- RELA -- JUN -- RXRB -- TNFAIP3 -- SP1 -- VEGFA -- ADAM17 -- EIF2AK2 -- BIRC3 -- IRAK1 -- MAP4K4 -- TNFRSF1B -- TRAF1 -- MAP3K1 -- ZFP36 -- BIRC2 -- ATM -- IL4 -- HSPB1 -- CDKN2A -- FBXO31 -- PPM1A -- SOCS3 -- NGF -- SHC1 -- IFNB1 -- IRF1 -- RPAIN -- HIP1 -- OTUD7B -- XIAP -- ERBB2 -- MTOR -- PRNP -- IL16 -- HIF1A -- RPS6KA1 -- UBE2D3
132,MYD88 -- CHUK -- MAPK1 -- MAPK3 -- E2F1 -- RELA -- JUN -- RXRB -- TNFAIP3 -- SP1 -- VEGFA -- ADAM17 -- EIF2AK2 -- BIRC3 -- IRAK1 -- MAP4K4 -- TNFRSF1B -- TRAF1 -- MAP3K1 -- ZFP36 -- BIRC2 -- ATM -- IL4 -- HSPB1 -- CDKN2A -- FBXO31 -- PPM1A -- SOCS3 -- NGF -- SHC1 -- IFNB1 -- IRF1 -- RPAIN -- HIP1 -- OTUD7B -- XIAP -- ERBB2 -- MTOR -- PRNP -- IL16 -- HIF1A -- RPS6KA1 -- UBE2D3
133,MYD88 -- CHUK -- MAPK1 -- MAPK3 -- E2F1 -- RELA -- JUN -- RXRB -- TNFAIP3 -- SP1 -- VEGFA -- ADAM17 -- EIF2AK2 -- BIRC3 -- IRAK1 -- MAP4K4 -- TNFRSF1B -- TRAF1 -- MAP3K1 -- ZFP36 -- BIRC2 -- ATM -- IL4 -- HSPB1 -- CDKN2A -- FBXO31 -- PPM1A -- SOCS3 -- NGF -- SHC1 -- IFNB1 -- IRF1 -- RPAIN -- HIP1 -- OTUD7B -- XIAP -- ERBB2 -- MTOR -- PRNP -- IL16 -- HIF1A -- RPS6KA1 -- UBE2D3
134,MYD88 -- CHUK -- MAPK1 -- MAPK3 -- E2F1 -- RELA -- JUN -- RXRB -- TNFAIP3 -- SP1 -- VEGFA -- ADAM17 -- EIF2AK2 -- BIRC3 -- IRAK1 -- MAP4K4 -- TNFRSF1B -- TRAF1 -- MAP3K1 -- ZFP36 -- BIRC2 -- ATM -- IL4 -- HSPB1 -- CDKN2A -- FBXO31 -- PPM1A -- SOCS3 -- NGF -- SHC1 -- IFNB1 -- IRF1 -- RPAIN -- HIP1 -- OTUD7B -- XIAP -- ERBB2 -- MTOR -- PRNP -- IL16 -- HIF1A -- RPS6KA1 -- UBE2D3
135,MYD88 -- CHUK -- MAPK1 -- MAPK3 -- E2F1 -- RELA -- JUN -- RXRB -- TNFAIP3 -- SP1 -- VEGFA -- ADAM17 -- EIF2AK2 -- BIRC3 -- IRAK1 -- MAP4K4 -- TNFRSF1B -- TRAF1 -- MAP3K1 -- ZFP36 -- BIRC2 -- ATM -- IL4 -- HSPB1 -- CDKN2A -- FBXO31 -- PPM1A -- SOCS3 -- NGF -- SHC1 -- IFNB1 -- IRF1 -- RPAIN -- HIP1 -- OTUD7B -- XIAP -- ERBB2 -- MTOR -- PRNP -- IL16 -- HIF1A -- RPS6KA1 -- UBE2D3
136,MYD88 -- CHUK -- MAPK1 -- MAPK3 -- E2F1 -- RELA -- JUN -- RXRB -- TNFAIP3 -- SP1 -- VEGFA -- ADAM17 -- EIF2AK2 -- BIRC3 -- IRAK1 -- MAP4K4 -- TNFRSF1B -- TRAF1 -- MAP3K1 -- ZFP36 -- BIRC2 -- ATM -- IL4 -- HSPB1 -- CDKN2A -- FBXO31 -- PPM1A -- SOCS3 -- NGF -- SHC1 -- IFNB1 -- IRF1 -- RPAIN -- HIP1 -- OTUD7B -- XIAP -- ERBB2 -- MTOR -- PRNP -- IL16 -- HIF1A -- RPS6KA1 -- UBE2D3
137,MYD88 -- CHUK -- MAPK1 -- MAPK3 -- E2F1 -- RELA -- JUN -- RXRB -- TNFAIP3 -- SP1 -- VEGFA -- ADAM17 -- EIF2AK2 -- BIRC3 -- IRAK1 -- MAP4K4 -- TNFRSF1B -- CYLD -- MAP3K1 -- ZFP36 -- BIRC2 -- ATM -- IL4 -- HSPB1 -- CDKN2A -- FBXO31 -- PPM1A -- SOCS3 -- NGF -- SHC1 -- IFNB1 -- IRF1 -- RPAIN -- HIP1 -- OTUD7B -- XIAP -- ERBB2 -- MTOR -- PRNP -- IL16 -- HIF1A -- RPS6KA1 -- UBE2D3
138,MYD88 -- CHUK -- MAPK1 -- MAPK3 -- E2F1 -- RELA -- JUN -- RXRB -- TNFAIP3 -- SP1 -- VEGFA -- ADAM17 -- EIF2AK2 -- BIRC3 -- IRAK1 -- MAP4K4 -- TNFRSF1B -- TRAF1 -- MAP3K1 -- ZFP36 -- BIRC2 -- ATM -- IL4 -- HSPB1 -- CDKN2A -- FBXO31 -- PPM1A -- SOCS3 -- NGF -- SHC1 -- IFNB1 -- IRF1 -- RPAIN -- HIP1 -- OTUD7B -- XIAP -- ERBB2 -- MTOR -- PRNP -- IL16 -- HIF1A -- RPS6KA1 -- UBE2D3
139,MYD88 -- CHUK -- MAPK1 -- MAPK3 -- E2F1 -- RELA -- JUN -- RXRB -- TNFAIP3 -- SP1 -- VEGFA -- ADAM17 -- EIF2AK2 -- BIRC3 -- IRAK1 -- MAP4K4 -- TNFRSF1B -- CYLD -- MAP3K1 -- ZFP36 -- BIRC2 -- ATM -- IL4 -- HSPB1 -- CDKN2A -- FBXO31 -- PPM1A -- SOCS3 -- NGF -- SHC1 -- IFNB1 -- IRF1 -- RPAIN -- HIP1 -- OTUD7B -- XIAP -- ERBB2 -- MTOR -- PRNP -- IL16 -- HIF1A -- RPS6KA1 -- UBE2D3
140,MYD88 -- CHUK -- MAPK1 -- MAPK3 -- E2F1 -- RELA -- JUN -- RXRB -- TNFAIP3 -- SP1 -- VEGFA -- ADAM17 -- EIF2AK2 -- BIRC3 -- IRAK1 -- MAP4K4 -- TNFRSF1B -- CYLD -- MAP3K1 -- ZFP36 -- BIRC2 -- ATM -- IL4 -- HSPB1 -- CDKN2A -- FBXO31 -- PPM1A -- SOCS3 -- NGF -- SHC1 -- IFNB1 -- IRF1 -- RPAIN -- HIP1 -- OTUD7B -- XIAP -- ERBB2 -- MTOR -- PRNP -- IL16 -- HIF1A -- RPS6KA1 -- UBE2D3
141,MYD88 -- CHUK -- MAPK1 -- MAPK3 -- E2F1 -- RELA -- JUN -- RXRB -- TNFAIP3 -- SP1 -- VEGFA -- ADAM17 -- EIF2AK2 -- BIRC3 -- IRAK1 -- MAP4K4 -- TNFRSF1B -- CYLD -- MAP3K1 -- ZFP36 -- BIRC2 -- ATM -- IL4 -- HSPB1 -- CDKN2A -- FBXO31 -- PPM1A -- SOCS3 -- NGF -- SHC1 -- IFNB1 -- IRF1 -- RPAIN -- HIP1 -- OTUD7B -- XIAP -- ERBB2 -- MTOR -- PRNP -- IL16 -- HIF1A -- RPS6KA1 -- UBE2D3
142,MYD88 -- CHUK -- MAPK1 -- MAPK3 -- E2F1 -- RELA -- JUN -- RXRB -- TNFAIP3 -- SP1 -- VEGFA -- ADAM17 -- EIF2AK2 -- BIRC3 -- IRAK1 -- MAP4K4 -- TNFRSF1B -- CYLD -- MAP3K1 -- ZFP36 -- BIRC2 -- ATM -- IL4 -- HSPB1 -- CDKN2A -- FBXO31 -- PPM1A -- SOCS3 -- NGF -- SHC1 -- IFNB1 -- IRF1 -- RPAIN -- HIP1 -- OTUD7B -- XIAP -- ERBB2 -- MTOR -- PRNP -- IL16 -- HIF1A -- RPS6KA1 -- UBE2D3
143,MYD88 -- CHUK -- MAPK1 -- MAPK3 -- E2F1 -- RELA -- JUN -- RXRB -- TNFAIP3 -- SP1 -- VEGFA -- ADAM17 -- EIF2AK2 -- BIRC3 -- IRAK1 -- MAP4K4 -- TNFRSF1B -- TRAF1 -- MAP3K1 -- ZFP36 -- BIRC2 -- ATM -- IL4 -- HSPB1 -- CDKN2A -- FBXO31 -- PPM1A -- SOCS3 -- NGF -- SHC1 -- IFNB1 -- IRF1 -- RPAIN -- HIP1 -- OTUD7B -- XIAP -- ERBB2 -- MTOR -- PRNP -- IL16 -- HIF1A -- RPS6KA1 -- UBE2D3
144,MYD88 -- CHUK -- MAPK1 -- MAPK3 -- E2F1 -- RELA -- JUN -- RXRB -- TNFAIP3 -- SP1 -- VEGFA -- ADAM17 -- EIF2AK2 -- BIRC3 -- IRAK1 -- MAP4K4 -- TNFRSF1B -- TRAF1 -- MAP3K1 -- ZFP36 -- BIRC2 -- ATM -- IL4 -- HSPB1 -- CDKN2A -- FBXO31 -- PPM1A -- SOCS3 -- NGF -- SHC1 -- IFNB1 -- IRF1 -- RPAIN -- HIP1 -- OTUD7B -- XIAP -- ERBB2 -- MTOR -- PRNP -- IL16 -- HIF1A -- RPS6KA1 -- UBE2D3
145,MYD88 -- CHUK -- MAPK1 -- MAPK3 -- E2F1 -- RELA -- JUN -- RXRB -- TNFAIP3 -- SP1 -- VEGFA -- ADAM17 -- EIF2AK2 -- BIRC3 -- IRAK1 -- MAP4K4 -- TNFRSF1B -- TRAF1 -- MAP3K1 -- ZFP36 -- BIRC2 -- ATM -- IL4 -- HSPB1 -- CDKN2A -- FBXO31 -- PPM1A -- SOCS3 -- NGF -- SHC1 -- IFNB1 -- IRF1 -- RPAIN -- HIP1 -- OTUD7B -- XIAP -- ERBB2 -- MTOR -- PRNP -- IL16 -- HIF1A -- RPS6KA1 -- UBE2D3
146,MYD88 -- CHUK -- MAPK1 -- MAPK3 -- E2F1 -- RELA -- JUN -- RXRB -- TNFAIP3 -- SP1 -- VEGFA -- ADAM17 -- EIF2AK2 -- BIRC3 -- IRAK1 -- MAP4K4 -- TNFRSF1B -- CYLD -- MAP3K1 -- ZFP36 -- BIRC2 -- ATM -- IL4 -- HSPB1 -- CDKN2A -- FBXO31 -- PPM1A -- SOCS3 -- NGF -- SHC1 -- IFNB1 -- IRF1 -- RPAIN -- HIP1 -- OTUD7B -- XIAP -- ERBB2 -- MTOR -- PRNP -- IL16 -- HIF1A -- RPS6KA1 -- UBE2D3
147,MYD88 -- CHUK -- MAPK1 -- MAPK3 -- E2F1 -- RELA -- JUN -- RXRB -- TNFAIP3 -- SP1 -- VEGFA -- ADAM17 -- EIF2AK2 -- BIRC3 -- IRAK1 -- MAP4K4 -- TNFRSF1B -- TRAF1 -- MAP3K1 -- ZFP36 -- BIRC2 -- ATM -- IL4 -- HSPB1 -- CDKN2A -- FBXO31 -- PPM1A -- SOCS3 -- NGF -- SHC1 -- IFNB1 -- IRF1 -- RPAIN -- HIP1 -- OTUD7B -- XIAP -- ERBB2 -- MTOR -- PRNP -- IL16 -- HIF1A -- RPS6KA1 -- UBE2D3
148,MYD88 -- CHUK -- MAPK1 -- MAPK3 -- E2F1 -- RELA -- JUN -- RXRB -- TNFAIP3 -- SP1 -- VEGFA -- ADAM17 -- EIF2AK2 -- BIRC3 -- IRAK1 -- MAP4K4 -- TNFRSF1B -- TRAF1 -- MAP3K1 -- ZFP36 -- BIRC2 -- ATM -- IL4 -- HSPB1 -- CDKN2A -- FBXO31 -- PPM1A -- SOCS3 -- NGF -- SHC1 -- IFNB1 -- IRF1 -- RPAIN -- HIP1 -- OTUD7B -- XIAP -- ERBB2 -- MTOR -- PRNP -- IL16 -- HIF1A -- RPS6KA1 -- UBE2D3
149,MYD88 -- CHUK -- MAPK1 -- MAPK3 -- E2F1 -- RELA -- JUN -- RXRB -- TNFAIP3 -- SP1 -- VEGFA -- ADAM17 -- EIF2AK2 -- BIRC3 -- IRAK1 -- MAP4K4 -- TNFRSF1B -- TRAF1 -- MAP3K1 -- ZFP36 -- BIRC2 -- ATM -- IL4 -- HSPB1 -- CDKN2A -- FBXO31 -- PPM1A -- SOCS3 -- NGF -- SHC1 -- IFNB1 -- IRF1 -- RPAIN -- HIP1 -- OTUD7B -- XIAP -- ERBB2 -- MTOR -- PRNP -- IL16 -- HIF1A -- RPS6KA1 -- UBE2D3
150,MYD88 -- CHUK -- MAPK1 -- MAPK3 -- E2F1 -- RELA -- JUN -- RXRB -- TNFAIP3 -- SP1 -- VEGFA -- ADAM17 -- EIF2AK2 -- BIRC3 -- IRAK1 -- MAP4K4 -- TNFRSF1B -- TRAF1 -- MAP3K1 -- ZFP36 -- BIRC2 -- ATM -- IL4 -- HSPB1 -- CDKN2A -- FBXO31 -- PPM1A -- SOCS3 -- NGF -- SHC1 -- IFNB1 -- IRF1 -- RPAIN -- HIP1 -- OTUD7B -- XIAP -- ERBB2 -- MTOR -- PRNP -- IL16 -- HIF1A -- RPS6KA1 -- UBE2D3
151,MYD88 -- CHUK -- MAPK1 -- MAPK3 -- E2F1 -- RELA -- JUN -- RXRB -- TNFAIP3 -- SP1 -- VEGFA -- ADAM17 -- EIF2AK2 -- BIRC3 -- IRAK1 -- MAP4K4 -- TNFRSF1B -- CYLD -- MAP3K1 -- ZFP36 -- BIRC2 -- ATM -- IL4 -- HSPB1 -- CDKN2A -- FBXO31 -- PPM1A -- SOCS3 -- NGF -- SHC1 -- IFNB1 -- IRF1 -- RPAIN -- HIP1 -- OTUD7B -- XIAP -- ERBB2 -- MTOR -- PRNP -- NFE2L2 -- IL16 -- HIF1A -- RPS6KA1 -- UBE2D3
152,MYD88 -- CHUK -- MAPK1 -- MAPK3 -- E2F1 -- RELA -- JUN -- RXRB -- TNFAIP3 -- SP1 -- VEGFA -- ADAM17 -- EIF2AK2 -- BIRC3 -- IRAK1 -- MAP4K4 -- TNFRSF1B -- TRAF1 -- MAP3K1 -- ZFP36 -- BIRC2 -- ATM -- IL4 -- HSPB1 -- CDKN2A -- FBXO31 -- PPM1A -- SOCS3 -- NGF -- SHC1 -- IFNB1 -- IRF1 -- RPAIN -- HIP1 -- OTUD7B -- XIAP -- ERBB2 -- MTOR -- PRNP -- IL16 -- HIF1A -- RPS6KA1 -- UBE2D3
153,MYD88 -- CHUK -- MAPK1 -- MAPK3 -- E2F1 -- RELA -- JUN -- RXRB -- TNFAIP3 -- SP1 -- VEGFA -- ADAM17 -- EIF2AK2 -- BIRC3 -- IRAK1 -- MAP4K4 -- TNFRSF1B -- CYLD -- MAP3K1 -- ZFP36 -- BIRC2 -- ATM -- IL4 -- HSPB1 -- CDKN2A -- FBXO31 -- PPM1A -- SOCS3 -- NGF -- SHC1 -- IFNB1 -- IRF1 -- RPAIN -- HIP1 -- OTUD7B -- XIAP -- ERBB2 -- MTOR -- PRNP -- IL16 -- HIF1A -- RPS6KA1 -- UBE2D3
154,MYD88 -- CHUK -- MAPK1 -- MAPK3 -- E2F1 -- RELA -- JUN -- RXRB -- TNFAIP3 -- SP1 -- VEGFA -- ADAM17 -- EIF2AK2 -- BIRC3 -- IRAK1 -- MAP4K4 -- TNFRSF1B -- TRAF1 -- MAP3K1 -- ZFP36 -- BIRC2 -- ATM -- IL4 -- HSPB1 -- CDKN2A -- FBXO31 -- PPM1A -- SOCS3 -- NGF -- SHC1 -- IFNB1 -- IRF1 -- RPAIN -- HIP1 -- OTUD7B -- XIAP -- ERBB2 -- MTOR -- PRNP -- IL16 -- HIF1A -- RPS6KA1 -- UBE2D3
155,MYD88 -- CHUK -- MAPK1 -- MAPK3 -- E2F1 -- RELA -- JUN -- RXRB -- TNFAIP3 -- SP1 -- VEGFA -- ADAM17 -- EIF2AK2 -- BIRC3 -- IRAK1 -- MAP4K4 -- TNFRSF1B -- TRAF1 -- MAP3K1 -- ZFP36 -- BIRC2 -- ATM -- IL4 -- HSPB1 -- CDKN2A -- FBXO31 -- PPM1A -- SOCS3 -- NGF -- SHC1 -- IFNB1 -- IRF1 -- RPAIN -- HIP1 -- OTUD7B -- XIAP -- ERBB2 -- MTOR -- PRNP -- IL16 -- HIF1A -- RPS6KA1 -- UBE2D3
156,MYD88 -- CHUK -- MAPK1 -- MAPK3 -- E2F1 -- RELA -- JUN -- RXRB -- TNFAIP3 -- SP1 -- VEGFA -- ADAM17 -- EIF2AK2 -- BIRC3 -- IRAK1 -- MAP4K4 -- TNFRSF1B -- TRAF1 -- MAP3K1 -- ZFP36 -- BIRC2 -- ATM -- IL4 -- HSPB1 -- CDKN2A -- FBXO31 -- PPM1A -- SOCS3 -- NGF -- SHC1 -- IFNB1 -- IRF1 -- RPAIN -- HIP1 -- OTUD7B -- XIAP -- ERBB2 -- MTOR -- PRNP -- IL16 -- HIF1A -- RPS6KA1 -- UBE2D3
157,MYD88 -- CHUK -- MAPK1 -- MAPK3 -- E2F1 -- RELA -- JUN -- RXRB -- TNFAIP3 -- SP1 -- VEGFA -- ADAM17 -- EIF2AK2 -- BIRC3 -- IRAK1 -- MAP4K4 -- TNFRSF1B -- CYLD -- MAP3K1 -- ZFP36 -- BIRC2 -- ATM -- IL4 -- HSPB1 -- CDKN2A -- FBXO31 -- PPM1A -- SOCS3 -- NGF -- SHC1 -- IFNB1 -- IRF1 -- RPAIN -- HIP1 -- OTUD7B -- XIAP -- ERBB2 -- MTOR -- PRNP -- IL16 -- HIF1A -- RPS6KA1 -- UBE2D3
158,MYD88 -- CHUK -- MAPK1 -- MAPK3 -- E2F1 -- RELA -- JUN -- RXRB -- TNFAIP3 -- SP1 -- VEGFA -- ADAM17 -- EIF2AK2 -- BIRC3 -- IRAK1 -- MAP4K4 -- TNFRSF1B -- CYLD -- MAP3K1 -- ZFP36 -- BIRC2 -- ATM -- IL4 -- HSPB1 -- CDKN2A -- FBXO31 -- PPM1A -- SOCS3 -- NGF -- SHC1 -- IFNB1 -- IRF1 -- RPAIN -- HIP1 -- OTUD7B -- XIAP -- ERBB2 -- MTOR -- PRNP -- IL16 -- HIF1A -- RPS6KA1 -- UBE2D3
159,MYD88 -- CHUK -- MAPK1 -- MAPK3 -- E2F1 -- RELA -- JUN -- RXRB -- TNFAIP3 -- SP1 -- VEGFA -- ADAM17 -- EIF2AK2 -- BIRC3 -- IRAK1 -- MAP4K4 -- TNFRSF1B -- CYLD -- MAP3K1 -- ZFP36 -- BIRC2 -- ATM -- IL4 -- HSPB1 -- CDKN2A -- FBXO31 -- PPM1A -- SOCS3 -- NGF -- SHC1 -- IFNB1 -- IRF1 -- RPAIN -- HIP1 -- OTUD7B -- XIAP -- ERBB2 -- MTOR -- PRNP -- IL16 -- HIF1A -- RPS6KA1 -- UBE2D3
160,MYD88 -- CHUK -- MAPK1 -- MAPK3 -- E2F1 -- RELA -- JUN -- RXRB -- TNFAIP3 -- SP1 -- VEGFA -- ADAM17 -- EIF2AK2 -- BIRC3 -- IRAK1 -- MAP4K4 -- TNFRSF1B -- CYLD -- MAP3K1 -- ZFP36 -- BIRC2 -- ATM -- IL4 -- HSPB1 -- CDKN2A -- FBXO31 -- PPM1A -- SOCS3 -- NGF -- SHC1 -- IFNB1 -- IRF1 -- RPAIN -- HIP1 -- OTUD7B -- XIAP -- ERBB2 -- MTOR -- PRNP -- IL16 -- HIF1A -- RPS6KA1 -- UBE2D3
161,MYD88 -- CHUK -- MAPK1 -- MAPK3 -- E2F1 -- RELA -- JUN -- RXRB -- TNFAIP3 -- SP1 -- VEGFA -- ADAM17 -- EIF2AK2 -- BIRC3 -- IRAK1 -- MAP4K4 -- TNFRSF1B -- TRAF1 -- MAP3K1 -- ZFP36 -- BIRC2 -- ATM -- IL4 -- HSPB1 -- CDKN2A -- FBXO31 -- PPM1A -- SOCS3 -- NGF -- SHC1 -- IFNB1 -- IRF1 -- RPAIN -- HIP1 -- OTUD7B -- XIAP -- ERBB2 -- MTOR -- PRNP -- IL16 -- HIF1A -- RPS6KA1 -- UBE2D3
162,MYD88 -- CHUK -- MAPK1 -- MAPK3 -- E2F1 -- RELA -- JUN -- RXRB -- TNFAIP3 -- SP1 -- VEGFA -- ADAM17 -- EIF2AK2 -- BIRC3 -- IRAK1 -- MAP4K4 -- TNFRSF1B -- TRAF1 -- MAP3K1 -- ZFP36 -- BIRC2 -- ATM -- IL4 -- HSPB1 -- CDKN2A -- FBXO31 -- PPM1A -- SOCS3 -- NGF -- SHC1 -- IFNB1 -- IRF1 -- RPAIN -- HIP1 -- OTUD7B -- XIAP -- ERBB2 -- MTOR -- PRNP -- IL16 -- HIF1A -- RPS6KA1 -- UBE2D3
163,MYD88 -- CHUK -- MAPK1 -- MAPK3 -- E2F1 -- RELA -- JUN -- RXRB -- TNFAIP3 -- SP1 -- VEGFA -- ADAM17 -- EIF2AK2 -- BIRC3 -- IRAK1 -- MAP4K4 -- TNFRSF1B -- CYLD -- MAP3K1 -- ZFP36 -- BIRC2 -- ATM -- IL4 -- HSPB1 -- CDKN2A -- FBXO31 -- PPM1A -- SOCS3 -- NGF -- SHC1 -- IFNB1 -- IRF1 -- RPAIN -- HIP1 -- OTUD7B -- XIAP -- ERBB2 -- MTOR -- PRNP -- IL16 -- HIF1A -- RPS6KA1 -- UBE2D3
164,MYD88 -- CHUK -- MAPK1 -- MAPK3 -- E2F1 -- RELA -- JUN -- TNF -- RXRB -- TNFAIP3 -- SP1 -- VEGFA -- ADAM17 -- EIF2AK2 -- BIRC3 -- IRAK1 -- MAP4K4 -- TNFRSF1B -- TRAF1 -- MAP3K1 -- ZFP36 -- BIRC2 -- ATM -- IL4 -- HSPB1 -- CDKN2A -- FBXO31 -- PPM1A -- SOCS3 -- NGF -- SHC1 -- TNFRSF14 -- IFNB1 -- IRF1 -- RPAIN -- HIP1 -- OTUD7B -- XIAP -- ERBB2 -- MTOR -- PRNP -- NFE2L2 -- IL16 -- HIF1A -- RPS6KA1 -- UBE2D3
165,MYD88 -- CHUK -- MAPK1 -- MAPK3 -- E2F1 -- RELA -- JUN -- RXRB -- TNFAIP3 -- SP1 -- VEGFA -- ADAM17 -- EIF2AK2 -- BIRC3 -- IRAK1 -- MAP4K4 -- TNFRSF1B -- CYLD -- MAP3K1 -- ZFP36 -- BIRC2 -- ATM -- IL4 -- HSPB1 -- CDKN2A -- FBXO31 -- PPM1A -- SOCS3 -- NGF -- SHC1 -- IFNB1 -- IRF1 -- RPAIN -- HIP1 -- OTUD7B -- XIAP -- ERBB2 -- MTOR -- PRNP -- IL16 -- HIF1A -- RPS6KA1 -- UBE2D3
166,MYD88 -- CHUK -- MAPK1 -- MAPK3 -- E2F1 -- RELA -- JUN -- RXRB -- TNFAIP3 -- SP1 -- VEGFA -- ADAM17 -- EIF2AK2 -- BIRC3 -- IRAK1 -- MAP4K4 -- TNFRSF1B -- CYLD -- MAP3K1 -- ZFP36 -- BIRC2 -- ATM -- IL4 -- HSPB1 -- CDKN2A -- FBXO31 -- PPM1A -- SOCS3 -- NGF -- SHC1 -- IFNB1 -- IRF1 -- RPAIN -- HIP1 -- OTUD7B -- XIAP -- ERBB2 -- MTOR -- PRNP -- IL16 -- HIF1A -- RPS6KA1 -- UBE2D3
167,MYD88 -- CHUK -- MAPK1 -- MAPK3 -- E2F1 -- RELA -- JUN -- RXRB -- TNFAIP3 -- SP1 -- VEGFA -- ADAM17 -- EIF2AK2 -- BIRC3 -- IRAK1 -- MAP4K4 -- TNFRSF1B -- CYLD -- MAP3K1 -- ZFP36 -- BIRC2 -- ATM -- IL4 -- HSPB1 -- CDKN2A -- FBXO31 -- PPM1A -- SOCS3 -- NGF -- SHC1 -- IFNB1 -- IRF1 -- RPAIN -- HIP1 -- OTUD7B -- XIAP -- ERBB2 -- MTOR -- PRNP -- IL16 -- HIF1A -- RPS6KA1 -- UBE2D3
168,MYD88 -- CHUK -- MAPK1 -- MAPK3 -- E2F1 -- RELA -- JUN -- RXRB -- TNFAIP3 -- SP1 -- VEGFA -- ADAM17 -- EIF2AK2 -- BIRC3 -- IRAK1 -- MAP4K4 -- TNFRSF1B -- CYLD -- MAP3K1 -- ZFP36 -- BIRC2 -- ATM -- IL4 -- HSPB1 -- CDKN2A -- FBXO31 -- PPM1A -- SOCS3 -- NGF -- SHC1 -- IFNB1 -- IRF1 -- RPAIN -- HIP1 -- OTUD7B -- XIAP -- ERBB2 -- MTOR -- PRNP -- IL16 -- HIF1A -- RPS6KA1 -- UBE2D3
169,MYD88 -- CHUK -- MAPK1 -- MAPK3 -- E2F1 -- RELA -- JUN -- RXRB -- TNFAIP3 -- SP1 -- VEGFA -- ADAM17 -- EIF2AK2 -- BIRC3 -- IRAK1 -- MAP4K4 -- TNFRSF1B -- TRAF1 -- MAP3K1 -- ZFP36 -- BIRC2 -- ATM -- IL4 -- HSPB1 -- CDKN2A -- FBXO31 -- PPM1A -- SOCS3 -- NGF -- SHC1 -- IFNB1 -- IRF1 -- RPAIN -- HIP1 -- OTUD7B -- XIAP -- ERBB2 -- MTOR -- PRNP -- IL16 -- HIF1A -- RPS6KA1 -- UBE2D3
170,MYD88 -- CHUK -- MAPK1 -- MAPK3 -- E2F1 -- RELA -- JUN -- RXRB -- TNFAIP3 -- SP1 -- VEGFA -- ADAM17 -- EIF2AK2 -- BIRC3 -- IRAK1 -- MAP4K4 -- TNFRSF1B -- TRAF1 -- MAP3K1 -- ZFP36 -- BIRC2 -- ATM -- IL4 -- HSPB1 -- CDKN2A -- FBXO31 -- PPM1A -- SOCS3 -- NGF -- SHC1 -- IFNB1 -- IRF1 -- RPAIN -- HIP1 -- OTUD7B -- XIAP -- ERBB2 -- MTOR -- PRNP -- IL16 -- HIF1A -- RPS6KA1 -- UBE2D3
171,MYD88 -- CHUK -- MAPK1 -- MAPK3 -- E2F1 -- RELA -- JUN -- RXRB -- TNFAIP3 -- SP1 -- VEGFA -- ADAM17 -- EIF2AK2 -- BIRC3 -- IRAK1 -- MAP4K4 -- TNFRSF1B -- CYLD -- MAP3K1 -- ZFP36 -- BIRC2 -- ATM -- IL4 -- HSPB1 -- CDKN2A -- FBXO31 -- PPM1A -- SOCS3 -- NGF -- SHC1 -- IFNB1 -- IRF1 -- RPAIN -- HIP1 -- OTUD7B -- XIAP -- ERBB2 -- MTOR -- PRNP -- IL16 -- HIF1A -- RPS6KA1 -- UBE2D3
172,MYD88 -- CHUK -- MAPK1 -- MAPK3 -- E2F1 -- RELA -- JUN -- RXRB -- TNFAIP3 -- SP1 -- VEGFA -- ADAM17 -- EIF2AK2 -- BIRC3 -- IRAK1 -- MAP4K4 -- TNFRSF1B -- CYLD -- MAP3K1 -- ZFP36 -- BIRC2 -- ATM -- IL4 -- HSPB1 -- CDKN2A -- FBXO31 -- PPM1A -- SOCS3 -- NGF -- SHC1 -- IFNB1 -- IRF1 -- RPAIN -- HIP1 -- OTUD7B -- XIAP -- ERBB2 -- MTOR -- PRNP -- IL16 -- HIF1A -- RPS6KA1 -- UBE2D3
173,MYD88 -- CHUK -- MAPK1 -- MAPK3 -- E2F1 -- RELA -- JUN -- RXRB -- TNFAIP3 -- SP1 -- VEGFA -- ADAM17 -- EIF2AK2 -- BIRC3 -- IRAK1 -- MAP4K4 -- TNFRSF1B -- TRAF1 -- MAP3K1 -- ZFP36 -- BIRC2 -- ATM -- IL4 -- HSPB1 -- CDKN2A -- FBXO31 -- PPM1A -- SOCS3 -- NGF -- SHC1 -- IFNB1 -- IRF1 -- RPAIN -- HIP1 -- OTUD7B -- XIAP -- ERBB2 -- MTOR -- PRNP -- IL16 -- HIF1A -- RPS6KA1 -- UBE2D3
174,MYD88 -- CHUK -- MAPK1 -- MAPK3 -- E2F1 -- RELA -- JUN -- RXRB -- TNFAIP3 -- SP1 -- VEGFA -- ADAM17 -- EIF2AK2 -- BIRC3 -- IRAK1 -- MAP4K4 -- TNFRSF1B -- CYLD -- MAP3K1 -- ZFP36 -- BIRC2 -- ATM -- IL4 -- HSPB1 -- CDKN2A -- FBXO31 -- PPM1A -- SOCS3 -- NGF -- SHC1 -- IFNB1 -- IRF1 -- RPAIN -- HIP1 -- OTUD7B -- XIAP -- ERBB2 -- MTOR -- PRNP -- IL16 -- HIF1A -- RPS6KA1 -- UBE2D3
175,MYD88 -- CHUK -- MAPK1 -- MAPK3 -- E2F1 -- RELA -- JUN -- RXRB -- TNFAIP3 -- SP1 -- VEGFA -- ADAM17 -- EIF2AK2 -- BIRC3 -- IRAK1 -- MAP4K4 -- TNFRSF1B -- CYLD -- MAP3K1 -- ZFP36 -- BIRC2 -- ATM -- IL4 -- HSPB1 -- CDKN2A -- FBXO31 -- PPM1A -- SOCS3 -- NGF -- SHC1 -- IFNB1 -- IRF1 -- RPAIN -- HIP1 -- OTUD7B -- XIAP -- ERBB2 -- MTOR -- PRNP -- IL16 -- HIF1A -- RPS6KA1 -- UBE2D3
176,MYD88 -- CHUK -- MAPK1 -- MAPK3 -- E2F1 -- RELA -- JUN -- RXRB -- TNFAIP3 -- SP1 -- VEGFA -- ADAM17 -- EIF2AK2 -- BIRC3 -- IRAK1 -- MAP4K4 -- TNFRSF1B -- CYLD -- MAP3K1 -- ZFP36 -- BIRC2 -- ATM -- IL4 -- HSPB1 -- CDKN2A -- FBXO31 -- PPM1A -- SOCS3 -- NGF -- SHC1 -- IFNB1 -- IRF1 -- RPAIN -- HIP1 -- OTUD7B -- XIAP -- ERBB2 -- MTOR -- PRNP -- IL16 -- HIF1A -- RPS6KA1 -- UBE2D3
177,MYD88 -- CHUK -- MAPK1 -- MAPK3 -- E2F1 -- RELA -- JUN -- RXRB -- TNFAIP3 -- SP1 -- VEGFA -- ADAM17 -- EIF2AK2 -- BIRC3 -- IRAK1 -- MAP4K4 -- TNFRSF1B -- TRAF1 -- MAP3K1 -- ZFP36 -- BIRC2 -- ATM -- IL4 -- HSPB1 -- CDKN2A -- FBXO31 -- PPM1A -- SOCS3 -- NGF -- SHC1 -- IFNB1 -- IRF1 -- RPAIN -- HIP1 -- OTUD7B -- XIAP -- ERBB2 -- MTOR -- PRNP -- IL16 -- HIF1A -- RPS6KA1 -- UBE2D3
178,MYD88 -- CHUK -- MAPK1 -- MAPK3 -- E2F1 -- RELA -- JUN -- RXRB -- TNFAIP3 -- SP1 -- VEGFA -- ADAM17 -- EIF2AK2 -- BIRC3 -- IRAK1 -- MAP4K4 -- TNFRSF1B -- CYLD -- MAP3K1 -- ZFP36 -- BIRC2 -- ATM -- IL4 -- HSPB1 -- CDKN2A -- FBXO31 -- PPM1A -- SOCS3 -- NGF -- SHC1 -- IFNB1 -- IRF1 -- RPAIN -- HIP1 -- OTUD7B -- XIAP -- ERBB2 -- MTOR -- PRNP -- IL16 -- HIF1A -- RPS6KA1 -- UBE2D3
179,MYD88 -- CHUK -- MAPK1 -- MAPK3 -- E2F1 -- RELA -- JUN -- RXRB -- TNFAIP3 -- SP1 -- VEGFA -- ADAM17 -- EIF2AK2 -- BIRC3 -- IRAK1 -- MAP4K4 -- TNFRSF1B -- TRAF1 -- MAP3K1 -- ZFP36 -- BIRC2 -- ATM -- IL4 -- HSPB1 -- CDKN2A -- FBXO31 -- PPM1A -- SOCS3 -- NGF -- SHC1 -- IFNB1 -- IRF1 -- RPAIN -- HIP1 -- OTUD7B -- XIAP -- ERBB2 -- MTOR -- PRNP -- IL16 -- HIF1A -- RPS6KA1 -- UBE2D3
180,MYD88 -- CHUK -- MAPK1 -- MAPK3 -- E2F1 -- RELA -- JUN -- RXRB -- TNFAIP3 -- SP1 -- VEGFA -- ADAM17 -- EIF2AK2 -- BIRC3 -- IRAK1 -- MAP4K4 -- TNFRSF1B -- CYLD -- MAP3K1 -- ZFP36 -- BIRC2 -- ATM -- IL4 -- HSPB1 -- CDKN2A -- FBXO31 -- PPM1A -- SOCS3 -- NGF -- SHC1 -- IFNB1 -- IRF1 -- RPAIN -- HIP1 -- OTUD7B -- XIAP -- ERBB2 -- MTOR -- PRNP -- IL16 -- HIF1A -- RPS6KA1 -- UBE2D3
181,MYD88 -- CHUK -- MAPK1 -- MAPK3 -- E2F1 -- RELA -- JUN -- RXRB -- TNFAIP3 -- SP1 -- VEGFA -- ADAM17 -- EIF2AK2 -- BIRC3 -- IRAK1 -- MAP4K4 -- TNFRSF1B -- TRAF1 -- MAP3K1 -- ZFP36 -- BIRC2 -- ATM -- IL4 -- HSPB1 -- CDKN2A -- FBXO31 -- PPM1A -- SOCS3 -- NGF -- SHC1 -- IFNB1 -- IRF1 -- RPAIN -- HIP1 -- OTUD7B -- XIAP -- ERBB2 -- MTOR -- PRNP -- IL16 -- HIF1A -- RPS6KA1 -- UBE2D3
182,MYD88 -- CHUK -- MAPK1 -- MAPK3 -- E2F1 -- RELA -- JUN -- RXRB -- TNFAIP3 -- SP1 -- VEGFA -- ADAM17 -- EIF2AK2 -- BIRC3 -- IRAK1 -- MAP4K4 -- TNFRSF1B -- TRAF1 -- MAP3K1 -- ZFP36 -- BIRC2 -- ATM -- IL4 -- HSPB1 -- CDKN2A -- FBXO31 -- PPM1A -- SOCS3 -- NGF -- SHC1 -- IFNB1 -- IRF1 -- RPAIN -- HIP1 -- OTUD7B -- XIAP -- ERBB2 -- MTOR -- PRNP -- IL16 -- HIF1A -- RPS6KA1 -- UBE2D3
183,MYD88 -- CHUK -- MAPK1 -- MAPK3 -- E2F1 -- RELA -- JUN -- RXRB -- TNFAIP3 -- SP1 -- VEGFA -- ADAM17 -- EIF2AK2 -- BIRC3 -- IRAK1 -- MAP4K4 -- TNFRSF1B -- CYLD -- MAP3K1 -- ZFP36 -- BIRC2 -- ATM -- IL4 -- HSPB1 -- CDKN2A -- FBXO31 -- PPM1A -- SOCS3 -- NGF -- SHC1 -- IFNB1 -- IRF1 -- RPAIN -- HIP1 -- OTUD7B -- XIAP -- ERBB2 -- MTOR -- PRNP -- IL16 -- HIF1A -- RPS6KA1 -- UBE2D3
184,MYD88 -- CHUK -- MAPK1 -- MAPK3 -- E2F1 -- RELA -- JUN -- RXRB -- TNFAIP3 -- SP1 -- VEGFA -- ADAM17 -- EIF2AK2 -- BIRC3 -- IRAK1 -- MAP4K4 -- TNFRSF1B -- TRAF1 -- MAP3K1 -- ZFP36 -- BIRC2 -- ATM -- IL4 -- HSPB1 -- CDKN2A -- FBXO31 -- PPM1A -- SOCS3 -- NGF -- SHC1 -- IFNB1 -- IRF1 -- RPAIN -- HIP1 -- OTUD7B -- XIAP -- ERBB2 -- MTOR -- PRNP -- IL16 -- HIF1A -- RPS6KA1 -- UBE2D3
185,MYD88 -- CHUK -- MAPK1 -- MAPK3 -- E2F1 -- RELA -- JUN -- RXRB -- TNFAIP3 -- SP1 -- VEGFA -- ADAM17 -- EIF2AK2 -- BIRC3 -- IRAK1 -- MAP4K4 -- TNFRSF1B -- TRAF1 -- MAP3K1 -- ZFP36 -- BIRC2 -- ATM -- IL4 -- HSPB1 -- CDKN2A -- FBXO31 -- PPM1A -- SOCS3 -- NGF -- SHC1 -- IFNB1 -- IRF1 -- RPAIN -- HIP1 -- OTUD7B -- XIAP -- ERBB2 -- MTOR -- PRNP -- IL16 -- HIF1A -- RPS6KA1 -- UBE2D3
186,MYD88 -- CHUK -- MAPK1 -- MAPK3 -- E2F1 -- RELA -- JUN -- RXRB -- TNFAIP3 -- SP1 -- VEGFA -- ADAM17 -- EIF2AK2 -- BIRC3 -- IRAK1 -- MAP4K4 -- TNFRSF1B -- CYLD -- MAP3K1 -- ZFP36 -- BIRC2 -- ATM -- IL4 -- HSPB1 -- CDKN2A -- FBXO31 -- PPM1A -- SOCS3 -- NGF -- SHC1 -- IFNB1 -- IRF1 -- RPAIN -- HIP1 -- OTUD7B -- XIAP -- ERBB2 -- MTOR -- PRNP -- IL16 -- HIF1A -- RPS6KA1 -- UBE2D3
187,MYD88 -- CHUK -- MAPK1 -- MAPK3 -- E2F1 -- RELA -- JUN -- RXRB -- TNFAIP3 -- SP1 -- VEGFA -- ADAM17 -- EIF2AK2 -- BIRC3 -- IRAK1 -- MAP4K4 -- TNFRSF1B -- CYLD -- MAP3K1 -- ZFP36 -- BIRC2 -- ATM -- IL4 -- HSPB1 -- CDKN2A -- FBXO31 -- PPM1A -- SOCS3 -- NGF -- SHC1 -- IFNB1 -- IRF1 -- RPAIN -- HIP1 -- OTUD7B -- XIAP -- ERBB2 -- MTOR -- PRNP -- IL16 -- HIF1A -- RPS6KA1 -- UBE2D3
188,MYD88 -- CHUK -- MAPK1 -- MAPK3 -- E2F1 -- RELA -- JUN -- RXRB -- TNFAIP3 -- SP1 -- VEGFA -- ADAM17 -- EIF2AK2 -- BIRC3 -- IRAK1 -- MAP4K4 -- TNFRSF1B -- CYLD -- MAP3K1 -- ZFP36 -- BIRC2 -- ATM -- IL4 -- HSPB1 -- CDKN2A -- FBXO31 -- PPM1A -- SOCS3 -- NGF -- SHC1 -- IFNB1 -- IRF1 -- RPAIN -- HIP1 -- OTUD7B -- XIAP -- ERBB2 -- MTOR -- PRNP -- IL16 -- HIF1A -- RPS6KA1 -- UBE2D3
189,MYD88 -- CHUK -- MAPK1 -- MAPK3 -- E2F1 -- RELA -- JUN -- RXRB -- TNFAIP3 -- SP1 -- VEGFA -- ADAM17 -- EIF2AK2 -- BIRC3 -- IRAK1 -- MAP4K4 -- TNFRSF1B -- TRAF1 -- MAP3K1 -- ZFP36 -- BIRC2 -- ATM -- IL4 -- HSPB1 -- CDKN2A -- FBXO31 -- PPM1A -- SOCS3 -- NGF -- SHC1 -- IFNB1 -- IRF1 -- RPAIN -- HIP1 -- OTUD7B -- XIAP -- ERBB2 -- MTOR -- PRNP -- IL16 -- HIF1A -- RPS6KA1 -- UBE2D3
190,MYD88 -- CHUK -- MAPK1 -- MAPK3 -- E2F1 -- RELA -- JUN -- RXRB -- TNFAIP3 -- SP1 -- VEGFA -- ADAM17 -- EIF2AK2 -- BIRC3 -- IRAK1 -- MAP4K4 -- TNFRSF1B -- CYLD -- MAP3K1 -- ZFP36 -- BIRC2 -- ATM -- IL4 -- HSPB1 -- CDKN2A -- FBXO31 -- PPM1A -- SOCS3 -- NGF -- SHC1 -- IFNB1 -- IRF1 -- RPAIN -- HIP1 -- OTUD7B -- XIAP -- ERBB2 -- MTOR -- PRNP -- IL16 -- HIF1A -- RPS6KA1 -- UBE2D3
191,MYD88 -- CHUK -- MAPK1 -- MAPK3 -- E2F1 -- RELA -- JUN -- RXRB -- TNFAIP3 -- SP1 -- VEGFA -- ADAM17 -- EIF2AK2 -- BIRC3 -- IRAK1 -- MAP4K4 -- TNFRSF1B -- TRAF1 -- MAP3K1 -- ZFP36 -- BIRC2 -- ATM -- IL4 -- HSPB1 -- CDKN2A -- FBXO31 -- PPM1A -- SOCS3 -- NGF -- SHC1 -- IFNB1 -- IRF1 -- RPAIN -- HIP1 -- OTUD7B -- XIAP -- ERBB2 -- MTOR -- PRNP -- IL16 -- HIF1A -- RPS6KA1 -- UBE2D3
192,MYD88 -- CHUK -- MAPK1 -- MAPK3 -- E2F1 -- RELA -- JUN -- RXRB -- TNFAIP3 -- SP1 -- VEGFA -- ADAM17 -- EIF2AK2 -- BIRC3 -- IRAK1 -- MAP4K4 -- TNFRSF1B -- TRAF1 -- MAP3K1 -- ZFP36 -- BIRC2 -- ATM -- IL4 -- HSPB1 -- CDKN2A -- FBXO31 -- PPM1A -- SOCS3 -- NGF -- SHC1 -- IFNB1 -- IRF1 -- RPAIN -- HIP1 -- OTUD7B -- XIAP -- ERBB2 -- MTOR -- PRNP -- IL16 -- HIF1A -- RPS6KA1 -- UBE2D3
193,MYD88 -- CHUK -- MAPK1 -- MAPK3 -- E2F1 -- RELA -- JUN -- RXRB -- TNFAIP3 -- SP1 -- VEGFA -- ADAM17 -- EIF2AK2 -- BIRC3 -- IRAK1 -- MAP4K4 -- TNFRSF1B -- TRAF1 -- MAP3K1 -- ZFP36 -- BIRC2 -- ATM -- IL4 -- HSPB1 -- CDKN2A -- FBXO31 -- PPM1A -- SOCS3 -- NGF -- SHC1 -- IFNB1 -- IRF1 -- RPAIN -- HIP1 -- OTUD7B -- XIAP -- ERBB2 -- MTOR -- PRNP -- IL16 -- HIF1A -- RPS6KA1 -- UBE2D3
194,MYD88 -- CHUK -- MAPK1 -- MAPK3 -- E2F1 -- RELA -- JUN -- RXRB -- TNFAIP3 -- SP1 -- VEGFA -- ADAM17 -- EIF2AK2 -- BIRC3 -- IRAK1 -- MAP4K4 -- TNFRSF1B -- CYLD -- MAP3K1 -- ZFP36 -- BIRC2 -- ATM -- IL4 -- HSPB1 -- CDKN2A -- FBXO31 -- PPM1A -- SOCS3 -- NGF -- SHC1 -- IFNB1 -- IRF1 -- RPAIN -- HIP1 -- OTUD7B -- XIAP -- ERBB2 -- MTOR -- PRNP -- IL16 -- HIF1A -- RPS6KA1 -- UBE2D3
195,MYD88 -- CHUK -- MAPK1 -- MAPK3 -- E2F1 -- RELA -- JUN -- RXRB -- TNFAIP3 -- SP1 -- VEGFA -- ADAM17 -- EIF2AK2 -- BIRC3 -- IRAK1 -- MAP4K4 -- TNFRSF1B -- TRAF1 -- MAP3K1 -- ZFP36 -- BIRC2 -- ATM -- IL4 -- HSPB1 -- CDKN2A -- FBXO31 -- PPM1A -- SOCS3 -- NGF -- SHC1 -- IFNB1 -- IRF1 -- RPAIN -- HIP1 -- OTUD7B -- XIAP -- ERBB2 -- MTOR -- PRNP -- IL16 -- HIF1A -- RPS6KA1 -- UBE2D3
196,MYD88 -- CHUK -- MAPK1 -- MAPK3 -- E2F1 -- RELA -- JUN -- RXRB -- TNFAIP3 -- SP1 -- VEGFA -- ADAM17 -- EIF2AK2 -- BIRC3 -- IRAK1 -- MAP4K4 -- TNFRSF1B -- TRAF1 -- MAP3K1 -- ZFP36 -- BIRC2 -- ATM -- IL4 -- HSPB1 -- CDKN2A -- FBXO31 -- PPM1A -- SOCS3 -- NGF -- SHC1 -- IFNB1 -- IRF1 -- RPAIN -- HIP1 -- OTUD7B -- XIAP -- ERBB2 -- MTOR -- PRNP -- IL16 -- HIF1A -- RPS6KA1 -- UBE2D3
197,MYD88 -- CHUK -- MAPK1 -- MAPK3 -- E2F1 -- RELA -- JUN -- RXRB -- TNFAIP3 -- SP1 -- VEGFA -- ADAM17 -- EIF2AK2 -- BIRC3 -- IRAK1 -- MAP4K4 -- TNFRSF1B -- CYLD -- MAP3K1 -- ZFP36 -- BIRC2 -- ATM -- IL4 -- HSPB1 -- CDKN2A -- FBXO31 -- PPM1A -- SOCS3 -- NGF -- SHC1 -- IFNB1 -- IRF1 -- RPAIN -- HIP1 -- OTUD7B -- XIAP -- ERBB2 -- MTOR -- PRNP -- IL16 -- HIF1A -- RPS6KA1 -- UBE2D3
198,MYD88 -- CHUK -- MAPK1 -- MAPK3 -- E2F1 -- RELA -- JUN -- RXRB -- TNFAIP3 -- SP1 -- VEGFA -- ADAM17 -- EIF2AK2 -- BIRC3 -- IRAK1 -- MAP4K4 -- TNFRSF1B -- CYLD -- MAP3K1 -- ZFP36 -- BIRC2 -- ATM -- IL4 -- HSPB1 -- CDKN2A -- FBXO31 -- PPM1A -- SOCS3 -- NGF -- SHC1 -- IFNB1 -- IRF1 -- RPAIN -- HIP1 -- OTUD7B -- XIAP -- ERBB2 -- MTOR -- PRNP -- IL16 -- HIF1A -- RPS6KA1 -- UBE2D3
199,MYD88 -- CHUK -- MAPK1 -- MAPK3 -- E2F1 -- RELA -- JUN -- RXRB -- TNFAIP3 -- SP1 -- VEGFA -- ADAM17 -- EIF2AK2 -- BIRC3 -- IRAK1 -- MAP4K4 -- TNFRSF1B -- TRAF1 -- MAP3K1 -- ZFP36 -- BIRC2 -- ATM -- IL4 -- HSPB1 -- CDKN2A -- FBXO31 -- PPM1A -- SOCS3 -- NGF -- SHC1 -- IFNB1 -- IRF1 -- RPAIN -- HIP1 -- OTUD7B -- XIAP -- ERBB2 -- MTOR -- PRNP -- IL16 -- HIF1A -- RPS6KA1 -- UBE2D3
200,MYD88 -- CHUK -- MAPK1 -- MAPK3 -- E2F1 -- RELA -- JUN -- RXRB -- TNFAIP3 -- SP1 -- VEGFA -- ADAM17 -- EIF2AK2 -- BIRC3 -- IRAK1 -- MAP4K4 -- TNFRSF1B -- TRAF1 -- MAP3K1 -- ZFP36 -- BIRC2 -- ATM -- IL4 -- HSPB1 -- CDKN2A -- FBXO31 -- PPM1A -- SOCS3 -- NGF -- SHC1 -- IFNB1 -- IRF1 -- RPAIN -- HIP1 -- OTUD7B -- XIAP -- ERBB2 -- MTOR -- PRNP -- IL16 -- HIF1A -- RPS6KA1 -- UBE2D3
201,MYD88 -- CHUK -- MAPK1 -- MAPK3 -- E2F1 -- RELA -- JUN -- RXRB -- TNFAIP3 -- SP1 -- VEGFA -- ADAM17 -- EIF2AK2 -- BIRC3 -- IRAK1 -- MAP4K4 -- TNFRSF1B -- CYLD -- MAP3K1 -- ZFP36 -- BIRC2 -- ATM -- IL4 -- HSPB1 -- CDKN2A -- FBXO31 -- PPM1A -- SOCS3 -- NGF -- SHC1 -- IFNB1 -- IRF1 -- RPAIN -- HIP1 -- OTUD7B -- XIAP -- ERBB2 -- MTOR -- PRNP -- IL16 -- HIF1A -- RPS6KA1 -- UBE2D3
202,MYD88 -- CHUK -- MAPK1 -- MAPK3 -- E2F1 -- RELA -- JUN -- RXRB -- TNFAIP3 -- SP1 -- VEGFA -- ADAM17 -- EIF2AK2 -- BIRC3 -- IRAK1 -- MAP4K4 -- TNFRSF1B -- CYLD -- MAP3K1 -- ZFP36 -- BIRC2 -- ATM -- IL4 -- HSPB1 -- CDKN2A -- FBXO31 -- PPM1A -- SOCS3 -- NGF -- SHC1 -- IFNB1 -- IRF1 -- RPAIN -- HIP1 -- OTUD7B -- XIAP -- ERBB2 -- MTOR -- PRNP -- IL16 -- HIF1A -- RPS6KA1 -- UBE2D3
203,MYD88 -- CHUK -- MAPK1 -- MAPK3 -- E2F1 -- RELA -- JUN -- RXRB -- TNFAIP3 -- SP1 -- VEGFA -- ADAM17 -- EIF2AK2 -- BIRC3 -- IRAK1 -- MAP4K4 -- TNFRSF1B -- TRAF1 -- MAP3K1 -- ZFP36 -- BIRC2 -- ATM -- IL4 -- HSPB1 -- CDKN2A -- FBXO31 -- PPM1A -- SOCS3 -- NGF -- SHC1 -- IFNB1 -- IRF1 -- RPAIN -- HIP1 -- OTUD7B -- XIAP -- ERBB2 -- MTOR -- PRNP -- IL16 -- HIF1A -- RPS6KA1 -- UBE2D3
204,MYD88 -- CHUK -- MAPK1 -- MAPK3 -- E2F1 -- RELA -- JUN -- RXRB -- TNFAIP3 -- SP1 -- VEGFA -- ADAM17 -- EIF2AK2 -- BIRC3 -- IRAK1 -- MAP4K4 -- TNFRSF1B -- CYLD -- MAP3K1 -- ZFP36 -- BIRC2 -- ATM -- IL4 -- HSPB1 -- CDKN2A -- FBXO31 -- PPM1A -- SOCS3 -- NGF -- SHC1 -- IFNB1 -- IRF1 -- RPAIN -- HIP1 -- OTUD7B -- XIAP -- ERBB2 -- MTOR -- PRNP -- IL16 -- HIF1A -- RPS6KA1 -- UBE2D3
205,MYD88 -- CHUK -- MAPK1 -- MAPK3 -- E2F1 -- RELA -- JUN -- RXRB -- TNFAIP3 -- SP1 -- VEGFA -- ADAM17 -- EIF2AK2 -- BIRC3 -- IRAK1 -- MAP4K4 -- TNFRSF1B -- CYLD -- MAP3K1 -- ZFP36 -- BIRC2 -- ATM -- IL4 -- HSPB1 -- CDKN2A -- FBXO31 -- PPM1A -- SOCS3 -- NGF -- SHC1 -- IFNB1 -- IRF1 -- RPAIN -- HIP1 -- OTUD7B -- XIAP -- ERBB2 -- MTOR -- PRNP -- IL16 -- HIF1A -- RPS6KA1 -- UBE2D3
206,MYD88 -- CHUK -- MAPK1 -- MAPK3 -- E2F1 -- RELA -- JUN -- RXRB -- TNFAIP3 -- SP1 -- VEGFA -- ADAM17 -- EIF2AK2 -- BIRC3 -- IRAK1 -- MAP4K4 -- TNFRSF1B -- TRAF1 -- MAP3K1 -- ZFP36 -- BIRC2 -- ATM -- IL4 -- HSPB1 -- CDKN2A -- FBXO31 -- PPM1A -- SOCS3 -- NGF -- SHC1 -- TNFRSF14 -- IFNB1 -- IRF1 -- RPAIN -- HIP1 -- OTUD7B -- XIAP -- ERBB2 -- MTOR -- PRNP -- IL16 -- HIF1A -- RPS6KA1 -- UBE2D3
207,MYD88 -- CHUK -- MAPK1 -- MAPK3 -- E2F1 -- RELA -- JUN -- RXRB -- TNFAIP3 -- SP1 -- VEGFA -- ADAM17 -- EIF2AK2 -- BIRC3 -- IRAK1 -- MAP4K4 -- TNFRSF1B -- CYLD -- MAP3K1 -- ZFP36 -- BIRC2 -- ATM -- IL4 -- HSPB1 -- CDKN2A -- FBXO31 -- PPM1A -- SOCS3 -- NGF -- SHC1 -- IFNB1 -- IRF1 -- RPAIN -- HIP1 -- OTUD7B -- XIAP -- ERBB2 -- MTOR -- PRNP -- IL16 -- HIF1A -- RPS6KA1 -- UBE2D3
208,MYD88 -- CHUK -- MAPK1 -- MAPK3 -- E2F1 -- RELA -- JUN -- RXRB -- TNFAIP3 -- SP1 -- VEGFA -- ADAM17 -- EIF2AK2 -- BIRC3 -- IRAK1 -- MAP4K4 -- TNFRSF1B -- CYLD -- MAP3K1 -- ZFP36 -- BIRC2 -- ATM -- IL4 -- HSPB1 -- CDKN2A -- FBXO31 -- PPM1A -- SOCS3 -- NGF -- SHC1 -- IFNB1 -- IRF1 -- RPAIN -- HIP1 -- OTUD7B -- XIAP -- ERBB2 -- MTOR -- PRNP -- IL16 -- HIF1A -- RPS6KA1 -- UBE2D3
209,MYD88 -- CHUK -- MAPK1 -- MAPK3 -- E2F1 -- RELA -- JUN -- RXRB -- TNFAIP3 -- SP1 -- VEGFA -- ADAM17 -- EIF2AK2 -- BIRC3 -- IRAK1 -- MAP4K4 -- TNFRSF1B -- TRAF1 -- MAP3K1 -- ZFP36 -- BIRC2 -- ATM -- IL4 -- HSPB1 -- CDKN2A -- FBXO31 -- PPM1A -- SOCS3 -- NGF -- SHC1 -- IFNB1 -- IRF1 -- RPAIN -- HIP1 -- OTUD7B -- XIAP -- ERBB2 -- MTOR -- PRNP -- IL16 -- HIF1A -- RPS6KA1 -- UBE2D3
210,MYD88 -- CHUK -- MAPK1 -- MAPK3 -- E2F1 -- RELA -- JUN -- RXRB -- TNFAIP3 -- SP1 -- VEGFA -- ADAM17 -- EIF2AK2 -- BIRC3 -- IRAK1 -- MAP4K4 -- TNFRSF1B -- CYLD -- MAP3K1 -- ZFP36 -- BIRC2 -- ATM -- IL4 -- HSPB1 -- CDKN2A -- FBXO31 -- PPM1A -- SOCS3 -- NGF -- SHC1 -- IFNB1 -- IRF1 -- RPAIN -- HIP1 -- OTUD7B -- XIAP -- ERBB2 -- MTOR -- PRNP -- IL16 -- HIF1A -- RPS6KA1 -- UBE2D3
211,MYD88 -- CHUK -- MAPK1 -- MAPK3 -- E2F1 -- RELA -- JUN -- RXRB -- TNFAIP3 -- SP1 -- VEGFA -- ADAM17 -- EIF2AK2 -- BIRC3 -- IRAK1 -- MAP4K4 -- TNFRSF1B -- TRAF1 -- MAP3K1 -- ZFP36 -- BIRC2 -- ATM -- IL4 -- HSPB1 -- CDKN2A -- FBXO31 -- PPM1A -- SOCS3 -- NGF -- SHC1 -- IFNB1 -- IRF1 -- RPAIN -- HIP1 -- OTUD7B -- XIAP -- ERBB2 -- MTOR -- PRNP -- IL16 -- HIF1A -- RPS6KA1 -- UBE2D3
212,MYD88 -- CHUK -- MAPK1 -- MAPK3 -- E2F1 -- RELA -- JUN -- RXRB -- TNFAIP3 -- SP1 -- VEGFA -- ADAM17 -- EIF2AK2 -- BIRC3 -- IRAK1 -- MAP4K4 -- TNFRSF1B -- TRAF1 -- MAP3K1 -- ZFP36 -- BIRC2 -- ATM -- IL4 -- HSPB1 -- CDKN2A -- FBXO31 -- PPM1A -- SOCS3 -- NGF -- SHC1 -- IFNB1 -- IRF1 -- RPAIN -- HIP1 -- OTUD7B -- XIAP -- ERBB2 -- MTOR -- PRNP -- IL16 -- HIF1A -- RPS6KA1 -- UBE2D3
213,MYD88 -- CHUK -- MAPK1 -- MAPK3 -- E2F1 -- RELA -- JUN -- RXRB -- TNFAIP3 -- SP1 -- VEGFA -- ADAM17 -- EIF2AK2 -- BIRC3 -- IRAK1 -- MAP4K4 -- TNFRSF1B -- CYLD -- MAP3K1 -- ZFP36 -- BIRC2 -- ATM -- IL4 -- HSPB1 -- CDKN2A -- FBXO31 -- PPM1A -- SOCS3 -- NGF -- SHC1 -- IFNB1 -- IRF1 -- RPAIN -- HIP1 -- OTUD7B -- XIAP -- ERBB2 -- MTOR -- PRNP -- IL16 -- HIF1A -- RPS6KA1 -- UBE2D3
214,MYD88 -- CHUK -- MAPK1 -- MAPK3 -- E2F1 -- RELA -- JUN -- RXRB -- TNFAIP3 -- SP1 -- VEGFA -- ADAM17 -- EIF2AK2 -- BIRC3 -- IRAK1 -- MAP4K4 -- TNFRSF1B -- TRAF1 -- MAP3K1 -- ZFP36 -- BIRC2 -- ATM -- IL4 -- HSPB1 -- CDKN2A -- FBXO31 -- PPM1A -- SOCS3 -- NGF -- SHC1 -- IFNB1 -- IRF1 -- RPAIN -- HIP1 -- OTUD7B -- XIAP -- ERBB2 -- MTOR -- PRNP -- IL16 -- HIF1A -- RPS6KA1 -- UBE2D3
215,MYD88 -- CHUK -- MAPK1 -- MAPK3 -- E2F1 -- RELA -- JUN -- RXRB -- TNFAIP3 -- SP1 -- VEGFA -- ADAM17 -- EIF2AK2 -- BIRC3 -- IRAK1 -- MAP4K4 -- TNFRSF1B -- TRAF1 -- MAP3K1 -- ZFP36 -- BIRC2 -- ATM -- IL4 -- HSPB1 -- CDKN2A -- FBXO31 -- PPM1A -- SOCS3 -- NGF -- SHC1 -- IFNB1 -- IRF1 -- RPAIN -- HIP1 -- OTUD7B -- XIAP -- ERBB2 -- MTOR -- PRNP -- IL16 -- HIF1A -- RPS6KA1 -- UBE2D3
216,MYD88 -- CHUK -- MAPK1 -- MAPK3 -- E2F1 -- RELA -- JUN -- RXRB -- TNFAIP3 -- SP1 -- VEGFA -- ADAM17 -- EIF2AK2 -- BIRC3 -- IRAK1 -- MAP4K4 -- TNFRSF1B -- CYLD -- MAP3K1 -- ZFP36 -- BIRC2 -- ATM -- IL4 -- HSPB1 -- CDKN2A -- FBXO31 -- PPM1A -- SOCS3 -- NGF -- SHC1 -- IFNB1 -- IRF1 -- RPAIN -- HIP1 -- OTUD7B -- XIAP -- ERBB2 -- MTOR -- PRNP -- IL16 -- HIF1A -- RPS6KA1 -- UBE2D3
217,MYD88 -- CHUK -- MAPK1 -- MAPK3 -- E2F1 -- RELA -- JUN -- TNF -- RXRB -- TNFAIP3 -- SP1 -- VEGFA -- ADAM17 -- EIF2AK2 -- BIRC3 -- IRAK1 -- MAP4K4 -- TNFRSF1B -- TRAF1 -- MAP3K1 -- ZFP36 -- BIRC2 -- ATM -- IL4 -- HSPB1 -- CDKN2A -- FBXO31 -- PPM1A -- SOCS3 -- NGF -- SHC1 -- TNFRSF14 -- IFNB1 -- IRF1 -- RPAIN -- HIP1 -- OTUD7B -- XIAP -- ERBB2 -- MTOR -- PRNP -- NFE2L2 -- IL16 -- HIF1A -- RPS6KA1 -- UBE2D3
218,MYD88 -- CHUK -- MAPK1 -- MAPK3 -- E2F1 -- RELA -- JUN -- RXRB -- TNFAIP3 -- SP1 -- VEGFA -- ADAM17 -- EIF2AK2 -- BIRC3 -- IRAK1 -- MAP4K4 -- TNFRSF1B -- CYLD -- MAP3K1 -- ZFP36 -- BIRC2 -- ATM -- IL4 -- HSPB1 -- CDKN2A -- FBXO31 -- PPM1A -- SOCS3 -- NGF -- SHC1 -- IFNB1 -- IRF1 -- RPAIN -- HIP1 -- OTUD7B -- XIAP -- ERBB2 -- MTOR -- PRNP -- IL16 -- HIF1A -- RPS6KA1 -- UBE2D3
219,MYD88 -- CHUK -- MAPK1 -- MAPK3 -- E2F1 -- RELA -- JUN -- RXRB -- TNFAIP3 -- SP1 -- VEGFA -- ADAM17 -- EIF2AK2 -- BIRC3 -- IRAK1 -- MAP4K4 -- TNFRSF1B -- CYLD -- MAP3K1 -- ZFP36 -- BIRC2 -- ATM -- IL4 -- HSPB1 -- CDKN2A -- FBXO31 -- PPM1A -- SOCS3 -- NGF -- SHC1 -- IFNB1 -- IRF1 -- RPAIN -- HIP1 -- OTUD7B -- XIAP -- ERBB2 -- MTOR -- PRNP -- IL16 -- HIF1A -- RPS6KA1 -- UBE2D3
220,MYD88 -- CHUK -- MAPK1 -- MAPK3 -- E2F1 -- RELA -- JUN -- RXRB -- TNFAIP3 -- SP1 -- VEGFA -- ADAM17 -- EIF2AK2 -- BIRC3 -- IRAK1 -- MAP4K4 -- TNFRSF1B -- CYLD -- MAP3K1 -- ZFP36 -- BIRC2 -- ATM -- IL4 -- HSPB1 -- CDKN2A -- FBXO31 -- PPM1A -- SOCS3 -- NGF -- SHC1 -- IFNB1 -- IRF1 -- RPAIN -- HIP1 -- OTUD7B -- XIAP -- ERBB2 -- MTOR -- PRNP -- IL16 -- HIF1A -- RPS6KA1 -- UBE2D3
221,MYD88 -- CHUK -- MAPK1 -- MAPK3 -- E2F1 -- RELA -- JUN -- RXRB -- TNFAIP3 -- SP1 -- VEGFA -- ADAM17 -- EIF2AK2 -- BIRC3 -- IRAK1 -- MAP4K4 -- TNFRSF1B -- TRAF1 -- MAP3K1 -- ZFP36 -- BIRC2 -- ATM -- IL4 -- HSPB1 -- CDKN2A -- FBXO31 -- PPM1A -- SOCS3 -- NGF -- SHC1 -- IFNB1 -- IRF1 -- RPAIN -- HIP1 -- OTUD7B -- XIAP -- ERBB2 -- MTOR -- PRNP -- IL16 -- HIF1A -- RPS6KA1 -- UBE2D3
222,MYD88 -- CHUK -- MAPK1 -- MAPK3 -- E2F1 -- RELA -- JUN -- RXRB -- TNFAIP3 -- SP1 -- VEGFA -- ADAM17 -- EIF2AK2 -- BIRC3 -- IRAK1 -- MAP4K4 -- TNFRSF1B -- TRAF1 -- MAP3K1 -- ZFP36 -- BIRC2 -- ATM -- IL4 -- HSPB1 -- CDKN2A -- FBXO31 -- PPM1A -- SOCS3 -- NGF -- SHC1 -- IFNB1 -- IRF1 -- RPAIN -- HIP1 -- OTUD7B -- XIAP -- ERBB2 -- MTOR -- PRNP -- IL16 -- HIF1A -- RPS6KA1 -- UBE2D3
223,MYD88 -- CHUK -- MAPK1 -- MAPK3 -- E2F1 -- RELA -- JUN -- RXRB -- TNFAIP3 -- SP1 -- VEGFA -- ADAM17 -- EIF2AK2 -- BIRC3 -- IRAK1 -- MAP4K4 -- TNFRSF1B -- TRAF1 -- MAP3K1 -- ZFP36 -- BIRC2 -- ATM -- IL4 -- HSPB1 -- CDKN2A -- FBXO31 -- PPM1A -- SOCS3 -- NGF -- SHC1 -- IFNB1 -- IRF1 -- RPAIN -- HIP1 -- OTUD7B -- XIAP -- ERBB2 -- MTOR -- PRNP -- IL16 -- HIF1A -- RPS6KA1 -- UBE2D3
224,MYD88 -- CHUK -- MAPK1 -- MAPK3 -- E2F1 -- RELA -- JUN -- RXRB -- TNFAIP3 -- SP1 -- VEGFA -- ADAM17 -- EIF2AK2 -- BIRC3 -- IRAK1 -- MAP4K4 -- TNFRSF1B -- CYLD -- MAP3K1 -- ZFP36 -- BIRC2 -- ATM -- IL4 -- HSPB1 -- CDKN2A -- FBXO31 -- PPM1A -- SOCS3 -- NGF -- SHC1 -- IFNB1 -- IRF1 -- RPAIN -- HIP1 -- OTUD7B -- XIAP -- ERBB2 -- MTOR -- PRNP -- IL16 -- HIF1A -- RPS6KA1 -- UBE2D3
225,MYD88 -- CHUK -- MAPK1 -- MAPK3 -- E2F1 -- RELA -- JUN -- RXRB -- TNFAIP3 -- SP1 -- VEGFA -- ADAM17 -- EIF2AK2 -- BIRC3 -- IRAK1 -- MAP4K4 -- TNFRSF1B -- TRAF1 -- MAP3K1 -- ZFP36 -- BIRC2 -- ATM -- IL4 -- HSPB1 -- CDKN2A -- FBXO31 -- PPM1A -- SOCS3 -- NGF -- SHC1 -- IFNB1 -- IRF1 -- RPAIN -- HIP1 -- OTUD7B -- XIAP -- ERBB2 -- MTOR -- PRNP -- IL16 -- HIF1A -- RPS6KA1 -- UBE2D3
226,MYD88 -- CHUK -- MAPK1 -- MAPK3 -- E2F1 -- RELA -- JUN -- RXRB -- TNFAIP3 -- SP1 -- VEGFA -- ADAM17 -- EIF2AK2 -- BIRC3 -- IRAK1 -- MAP4K4 -- TNFRSF1B -- TRAF1 -- MAP3K1 -- ZFP36 -- BIRC2 -- ATM -- IL4 -- HSPB1 -- CDKN2A -- FBXO31 -- PPM1A -- SOCS3 -- NGF -- SHC1 -- IFNB1 -- IRF1 -- RPAIN -- HIP1 -- OTUD7B -- XIAP -- ERBB2 -- MTOR -- PRNP -- IL16 -- HIF1A -- RPS6KA1 -- UBE2D3
227,MYD88 -- CHUK -- MAPK1 -- MAPK3 -- E2F1 -- RELA -- JUN -- RXRB -- TNFAIP3 -- SP1 -- VEGFA -- ADAM17 -- EIF2AK2 -- BIRC3 -- IRAK1 -- MAP4K4 -- TNFRSF1B -- TRAF1 -- MAP3K1 -- ZFP36 -- BIRC2 -- ATM -- IL4 -- HSPB1 -- CDKN2A -- FBXO31 -- PPM1A -- SOCS3 -- NGF -- SHC1 -- IFNB1 -- IRF1 -- RPAIN -- HIP1 -- OTUD7B -- XIAP -- ERBB2 -- MTOR -- PRNP -- IL16 -- HIF1A -- RPS6KA1 -- UBE2D3
228,MYD88 -- CHUK -- MAPK1 -- MAPK3 -- E2F1 -- RELA -- JUN -- RXRB -- TNFAIP3 -- SP1 -- VEGFA -- ADAM17 -- EIF2AK2 -- BIRC3 -- IRAK1 -- MAP4K4 -- TNFRSF1B -- TRAF1 -- MAP3K1 -- ZFP36 -- BIRC2 -- ATM -- IL4 -- HSPB1 -- CDKN2A -- FBXO31 -- PPM1A -- SOCS3 -- NGF -- SHC1 -- IFNB1 -- IRF1 -- RPAIN -- HIP1 -- OTUD7B -- XIAP -- ERBB2 -- MTOR -- PRNP -- IL16 -- HIF1A -- RPS6KA1 -- UBE2D3
229,MYD88 -- CHUK -- MAPK1 -- MAPK3 -- E2F1 -- RELA -- JUN -- RXRB -- TNFAIP3 -- SP1 -- VEGFA -- ADAM17 -- EIF2AK2 -- BIRC3 -- IRAK1 -- MAP4K4 -- TNFRSF1B -- CYLD -- MAP3K1 -- ZFP36 -- BIRC2 -- ATM -- IL4 -- HSPB1 -- CDKN2A -- FBXO31 -- PPM1A -- SOCS3 -- NGF -- SHC1 -- IFNB1 -- IRF1 -- RPAIN -- HIP1 -- OTUD7B -- XIAP -- ERBB2 -- MTOR -- PRNP -- IL16 -- HIF1A -- RPS6KA1 -- UBE2D3
230,MYD88 -- CHUK -- MAPK1 -- MAPK3 -- E2F1 -- RELA -- JUN -- RXRB -- TNFAIP3 -- SP1 -- VEGFA -- ADAM17 -- EIF2AK2 -- BIRC3 -- IRAK1 -- MAP4K4 -- TNFRSF1B -- CYLD -- MAP3K1 -- ZFP36 -- BIRC2 -- ATM -- IL4 -- HSPB1 -- CDKN2A -- FBXO31 -- PPM1A -- SOCS3 -- NGF -- SHC1 -- IFNB1 -- IRF1 -- RPAIN -- HIP1 -- OTUD7B -- XIAP -- ERBB2 -- MTOR -- PRNP -- IL16 -- HIF1A -- RPS6KA1 -- UBE2D3
231,MYD88 -- CHUK -- MAPK1 -- MAPK3 -- E2F1 -- RELA -- JUN -- RXRB -- TNFAIP3 -- SP1 -- VEGFA -- ADAM17 -- EIF2AK2 -- BIRC3 -- IRAK1 -- MAP4K4 -- TNFRSF1B -- CYLD -- MAP3K1 -- ZFP36 -- BIRC2 -- ATM -- IL4 -- HSPB1 -- CDKN2A -- FBXO31 -- PPM1A -- SOCS3 -- NGF -- SHC1 -- IFNB1 -- IRF1 -- RPAIN -- HIP1 -- OTUD7B -- XIAP -- ERBB2 -- MTOR -- PRNP -- IL16 -- HIF1A -- RPS6KA1 -- UBE2D3
232,MYD88 -- CHUK -- MAPK1 -- MAPK3 -- E2F1 -- RELA -- JUN -- RXRB -- TNFAIP3 -- SP1 -- VEGFA -- ADAM17 -- EIF2AK2 -- BIRC3 -- IRAK1 -- MAP4K4 -- TNFRSF1B -- CYLD -- MAP3K1 -- ZFP36 -- BIRC2 -- ATM -- IL4 -- HSPB1 -- CDKN2A -- FBXO31 -- PPM1A -- SOCS3 -- NGF -- SHC1 -- IFNB1 -- IRF1 -- RPAIN -- HIP1 -- OTUD7B -- XIAP -- ERBB2 -- MTOR -- PRNP -- IL16 -- HIF1A -- RPS6KA1 -- UBE2D3
233,MYD88 -- CHUK -- MAPK1 -- MAPK3 -- E2F1 -- RELA -- JUN -- RXRB -- TNFAIP3 -- SP1 -- VEGFA -- ADAM17 -- EIF2AK2 -- BIRC3 -- IRAK1 -- MAP4K4 -- TNFRSF1B -- CYLD -- MAP3K1 -- ZFP36 -- BIRC2 -- ATM -- IL4 -- HSPB1 -- CDKN2A -- FBXO31 -- PPM1A -- SOCS3 -- NGF -- SHC1 -- IFNB1 -- IRF1 -- RPAIN -- HIP1 -- OTUD7B -- XIAP -- ERBB2 -- MTOR -- PRNP -- IL16 -- HIF1A -- RPS6KA1 -- UBE2D3
234,MYD88 -- CHUK -- MAPK1 -- MAPK3 -- E2F1 -- RELA -- JUN -- RXRB -- TNFAIP3 -- SP1 -- VEGFA -- ADAM17 -- EIF2AK2 -- BIRC3 -- IRAK1 -- MAP4K4 -- TNFRSF1B -- CYLD -- MAP3K1 -- ZFP36 -- BIRC2 -- ATM -- IL4 -- HSPB1 -- CDKN2A -- FBXO31 -- PPM1A -- SOCS3 -- NGF -- SHC1 -- IFNB1 -- IRF1 -- RPAIN -- HIP1 -- OTUD7B -- XIAP -- ERBB2 -- MTOR -- PRNP -- IL16 -- HIF1A -- RPS6KA1 -- UBE2D3
235,MYD88 -- CHUK -- MAPK1 -- MAPK3 -- E2F1 -- RELA -- JUN -- RXRB -- TNFAIP3 -- SP1 -- VEGFA -- ADAM17 -- EIF2AK2 -- BIRC3 -- IRAK1 -- MAP4K4 -- TNFRSF1B -- TRAF1 -- MAP3K1 -- ZFP36 -- BIRC2 -- ATM -- IL4 -- HSPB1 -- CDKN2A -- FBXO31 -- PPM1A -- SOCS3 -- NGF -- SHC1 -- IFNB1 -- IRF1 -- RPAIN -- HIP1 -- OTUD7B -- XIAP -- ERBB2 -- MTOR -- PRNP -- IL16 -- HIF1A -- RPS6KA1 -- UBE2D3
236,MYD88 -- CHUK -- MAPK1 -- MAPK3 -- E2F1 -- RELA -- JUN -- RXRB -- TNFAIP3 -- SP1 -- VEGFA -- ADAM17 -- EIF2AK2 -- BIRC3 -- IRAK1 -- MAP4K4 -- TNFRSF1B -- TRAF1 -- MAP3K1 -- ZFP36 -- BIRC2 -- ATM -- IL4 -- HSPB1 -- CDKN2A -- FBXO31 -- PPM1A -- SOCS3 -- NGF -- SHC1 -- IFNB1 -- IRF1 -- RPAIN -- HIP1 -- OTUD7B -- XIAP -- ERBB2 -- MTOR -- PRNP -- IL16 -- HIF1A -- RPS6KA1 -- UBE2D3
237,MYD88 -- CHUK -- MAPK1 -- MAPK3 -- E2F1 -- RELA -- JUN -- RXRB -- TNFAIP3 -- SP1 -- VEGFA -- ADAM17 -- EIF2AK2 -- BIRC3 -- IRAK1 -- MAP4K4 -- TNFRSF1B -- CYLD -- MAP3K1 -- ZFP36 -- BIRC2 -- ATM -- IL4 -- HSPB1 -- CDKN2A -- FBXO31 -- PPM1A -- SOCS3 -- NGF -- SHC1 -- IFNB1 -- IRF1 -- RPAIN -- HIP1 -- OTUD7B -- XIAP -- ERBB2 -- MTOR -- PRNP -- IL16 -- HIF1A -- RPS6KA1 -- UBE2D3
238,MYD88 -- CHUK -- MAPK1 -- MAPK3 -- E2F1 -- RELA -- JUN -- RXRB -- TNFAIP3 -- SP1 -- VEGFA -- ADAM17 -- EIF2AK2 -- BIRC3 -- IRAK1 -- MAP4K4 -- TNFRSF1B -- CYLD -- MAP3K1 -- ZFP36 -- BIRC2 -- ATM -- IL4 -- HSPB1 -- CDKN2A -- FBXO31 -- PPM1A -- SOCS3 -- NGF -- SHC1 -- IFNB1 -- IRF1 -- RPAIN -- HIP1 -- OTUD7B -- XIAP -- ERBB2 -- MTOR -- PRNP -- IL16 -- HIF1A -- RPS6KA1 -- UBE2D3
239,MYD88 -- CHUK -- MAPK1 -- MAPK3 -- E2F1 -- RELA -- JUN -- RXRB -- TNFAIP3 -- SP1 -- VEGFA -- ADAM17 -- EIF2AK2 -- BIRC3 -- IRAK1 -- MAP4K4 -- TNFRSF1B -- CYLD -- MAP3K1 -- ZFP36 -- BIRC2 -- ATM -- IL4 -- HSPB1 -- CDKN2A -- FBXO31 -- PPM1A -- SOCS3 -- NGF -- SHC1 -- IFNB1 -- IRF1 -- RPAIN -- HIP1 -- OTUD7B -- XIAP -- ERBB2 -- MTOR -- PRNP -- IL16 -- HIF1A -- RPS6KA1 -- UBE2D3
240,MYD88 -- CHUK -- MAPK1 -- MAPK3 -- E2F1 -- RELA -- JUN -- RXRB -- TNFAIP3 -- SP1 -- VEGFA -- ADAM17 -- EIF2AK2 -- BIRC3 -- IRAK1 -- MAP4K4 -- TNFRSF1B -- CYLD -- MAP3K1 -- ZFP36 -- BIRC2 -- ATM -- IL4 -- HSPB1 -- CDKN2A -- FBXO31 -- PPM1A -- SOCS3 -- NGF -- SHC1 -- IFNB1 -- IRF1 -- RPAIN -- HIP1 -- OTUD7B -- XIAP -- ERBB2 -- MTOR -- PRNP -- IL16 -- HIF1A -- RPS6KA1 -- UBE2D3
241,MYD88 -- CHUK -- MAPK1 -- MAPK3 -- E2F1 -- RELA -- JUN -- RXRB -- TNFAIP3 -- SP1 -- VEGFA -- ADAM17 -- EIF2AK2 -- BIRC3 -- IRAK1 -- MAP4K4 -- TNFRSF1B -- CYLD -- MAP3K1 -- ZFP36 -- BIRC2 -- ATM -- IL4 -- HSPB1 -- CDKN2A -- FBXO31 -- PPM1A -- SOCS3 -- NGF -- SHC1 -- IFNB1 -- IRF1 -- RPAIN -- HIP1 -- OTUD7B -- XIAP -- ERBB2 -- MTOR -- PRNP -- IL16 -- HIF1A -- RPS6KA1 -- UBE2D3
242,MYD88 -- CHUK -- MAPK1 -- MAPK3 -- E2F1 -- RELA -- JUN -- RXRB -- TNFAIP3 -- SP1 -- VEGFA -- ADAM17 -- EIF2AK2 -- BIRC3 -- IRAK1 -- MAP4K4 -- TNFRSF1B -- TRAF1 -- MAP3K1 -- ZFP36 -- BIRC2 -- ATM -- IL4 -- HSPB1 -- CDKN2A -- FBXO31 -- PPM1A -- SOCS3 -- NGF -- SHC1 -- IFNB1 -- IRF1 -- RPAIN -- HIP1 -- OTUD7B -- XIAP -- ERBB2 -- MTOR -- PRNP -- IL16 -- HIF1A -- RPS6KA1 -- UBE2D3
243,MYD88 -- CHUK -- MAPK1 -- MAPK3 -- E2F1 -- RELA -- JUN -- RXRB -- TNFAIP3 -- SP1 -- VEGFA -- ADAM17 -- EIF2AK2 -- BIRC3 -- IRAK1 -- MAP4K4 -- TNFRSF1B -- TRAF1 -- MAP3K1 -- ZFP36 -- BIRC2 -- ATM -- IL4 -- HSPB1 -- CDKN2A -- FBXO31 -- PPM1A -- SOCS3 -- NGF -- SHC1 -- IFNB1 -- IRF1 -- RPAIN -- HIP1 -- OTUD7B -- XIAP -- ERBB2 -- MTOR -- PRNP -- IL16 -- HIF1A -- RPS6KA1 -- UBE2D3
244,MYD88 -- CHUK -- MAPK1 -- MAPK3 -- E2F1 -- RELA -- JUN -- RXRB -- TNFAIP3 -- SP1 -- VEGFA -- ADAM17 -- EIF2AK2 -- BIRC3 -- IRAK1 -- MAP4K4 -- TNFRSF1B -- CYLD -- MAP3K1 -- ZFP36 -- BIRC2 -- ATM -- IL4 -- HSPB1 -- CDKN2A -- FBXO31 -- PPM1A -- SOCS3 -- NGF -- SHC1 -- IFNB1 -- IRF1 -- RPAIN -- HIP1 -- OTUD7B -- XIAP -- ERBB2 -- MTOR -- PRNP -- IL16 -- HIF1A -- RPS6KA1 -- UBE2D3
245,MYD88 -- CHUK -- MAPK1 -- MAPK3 -- E2F1 -- RELA -- JUN -- RXRB -- TNFAIP3 -- SP1 -- VEGFA -- ADAM17 -- EIF2AK2 -- BIRC3 -- IRAK1 -- MAP4K4 -- TNFRSF1B -- TRAF1 -- MAP3K1 -- ZFP36 -- BIRC2 -- ATM -- IL4 -- HSPB1 -- CDKN2A -- FBXO31 -- PPM1A -- SOCS3 -- NGF -- SHC1 -- IFNB1 -- IRF1 -- RPAIN -- HIP1 -- OTUD7B -- XIAP -- ERBB2 -- MTOR -- PRNP -- IL16 -- HIF1A -- RPS6KA1 -- UBE2D3
246,MYD88 -- CHUK -- MAPK1 -- MAPK3 -- E2F1 -- RELA -- JUN -- RXRB -- TNFAIP3 -- SP1 -- VEGFA -- ADAM17 -- EIF2AK2 -- BIRC3 -- IRAK1 -- MAP4K4 -- TNFRSF1B -- CYLD -- MAP3K1 -- ZFP36 -- BIRC2 -- ATM -- IL4 -- HSPB1 -- CDKN2A -- FBXO31 -- PPM1A -- SOCS3 -- NGF -- SHC1 -- IFNB1 -- IRF1 -- RPAIN -- HIP1 -- OTUD7B -- XIAP -- ERBB2 -- MTOR -- PRNP -- IL16 -- HIF1A -- RPS6KA1 -- UBE2D3
247,MYD88 -- CHUK -- MAPK1 -- MAPK3 -- E2F1 -- RELA -- JUN -- RXRB -- TNFAIP3 -- SP1 -- VEGFA -- ADAM17 -- EIF2AK2 -- BIRC3 -- IRAK1 -- MAP4K4 -- TNFRSF1B -- TRAF1 -- MAP3K1 -- ZFP36 -- BIRC2 -- ATM -- IL4 -- HSPB1 -- CDKN2A -- FBXO31 -- PPM1A -- SOCS3 -- NGF -- SHC1 -- IFNB1 -- IRF1 -- RPAIN -- HIP1 -- OTUD7B -- XIAP -- ERBB2 -- MTOR -- PRNP -- IL16 -- HIF1A -- RPS6KA1 -- UBE2D3
248,MYD88 -- CHUK -- MAPK1 -- MAPK3 -- E2F1 -- RELA -- JUN -- RXRB -- TNFAIP3 -- SP1 -- VEGFA -- ADAM17 -- EIF2AK2 -- BIRC3 -- IRAK1 -- MAP4K4 -- TNFRSF1B -- TRAF1 -- MAP3K1 -- ZFP36 -- BIRC2 -- ATM -- IL4 -- HSPB1 -- CDKN2A -- FBXO31 -- PPM1A -- SOCS3 -- NGF -- SHC1 -- IFNB1 -- IRF1 -- RPAIN -- HIP1 -- OTUD7B -- XIAP -- ERBB2 -- MTOR -- PRNP -- IL16 -- HIF1A -- RPS6KA1 -- UBE2D3
249,MYD88 -- CHUK -- MAPK1 -- MAPK3 -- E2F1 -- RELA -- JUN -- RXRB -- TNFAIP3 -- SP1 -- VEGFA -- ADAM17 -- EIF2AK2 -- BIRC3 -- IRAK1 -- MAP4K4 -- TNFRSF1B -- CYLD -- MAP3K1 -- ZFP36 -- BIRC2 -- ATM -- IL4 -- HSPB1 -- CDKN2A -- FBXO31 -- PPM1A -- SOCS3 -- NGF -- SHC1 -- IFNB1 -- IRF1 -- RPAIN -- HIP1 -- OTUD7B -- XIAP -- ERBB2 -- MTOR -- PRNP -- IL16 -- HIF1A -- RPS6KA1 -- UBE2D3
250,MYD88 -- CHUK -- MAPK1 -- MAPK3 -- E2F1 -- RELA -- JUN -- RXRB -- TNFAIP3 -- SP1 -- VEGFA -- ADAM17 -- EIF2AK2 -- BIRC3 -- IRAK1 -- MAP4K4 -- TNFRSF1B -- TRAF1 -- MAP3K1 -- ZFP36 -- BIRC2 -- ATM -- IL4 -- HSPB1 -- CDKN2A -- FBXO31 -- PPM1A -- SOCS3 -- NGF -- SHC1 -- IFNB1 -- IRF1 -- RPAIN -- HIP1 -- OTUD7B -- XIAP -- ERBB2 -- MTOR -- PRNP -- IL16 -- HIF1A -- RPS6KA1 -- UBE2D3
251,MYD88 -- CHUK -- MAPK1 -- MAPK3 -- E2F1 -- RELA -- JUN -- RXRB -- TNFAIP3 -- SP1 -- VEGFA -- ADAM17 -- EIF2AK2 -- BIRC3 -- IRAK1 -- MAP4K4 -- TNFRSF1B -- TRAF1 -- MAP3K1 -- ZFP36 -- BIRC2 -- ATM -- IL4 -- HSPB1 -- CDKN2A -- FBXO31 -- PPM1A -- SOCS3 -- NGF -- SHC1 -- IFNB1 -- IRF1 -- RPAIN -- HIP1 -- OTUD7B -- XIAP -- ERBB2 -- MTOR -- PRNP -- IL16 -- HIF1A -- RPS6KA1 -- UBE2D3
252,MYD88 -- CHUK -- MAPK1 -- MAPK3 -- E2F1 -- RELA -- JUN -- RXRB -- TNFAIP3 -- SP1 -- VEGFA -- ADAM17 -- EIF2AK2 -- BIRC3 -- IRAK1 -- MAP4K4 -- TNFRSF1B -- TRAF1 -- MAP3K1 -- ZFP36 -- BIRC2 -- ATM -- IL4 -- HSPB1 -- CDKN2A -- FBXO31 -- PPM1A -- SOCS3 -- NGF -- SHC1 -- IFNB1 -- IRF1 -- RPAIN -- HIP1 -- OTUD7B -- XIAP -- ERBB2 -- MTOR -- PRNP -- IL16 -- HIF1A -- RPS6KA1 -- UBE2D3
253,MYD88 -- CHUK -- MAPK1 -- MAPK3 -- E2F1 -- RELA -- JUN -- RXRB -- TNFAIP3 -- SP1 -- VEGFA -- ADAM17 -- EIF2AK2 -- BIRC3 -- IRAK1 -- MAP4K4 -- TNFRSF1B -- TRAF1 -- MAP3K1 -- ZFP36 -- BIRC2 -- ATM -- IL4 -- HSPB1 -- CDKN2A -- FBXO31 -- PPM1A -- SOCS3 -- NGF -- SHC1 -- IFNB1 -- IRF1 -- RPAIN -- HIP1 -- OTUD7B -- XIAP -- ERBB2 -- MTOR -- PRNP -- IL16 -- HIF1A -- RPS6KA1 -- UBE2D3
254,MYD88 -- CHUK -- MAPK1 -- MAPK3 -- E2F1 -- RELA -- JUN -- RXRB -- TNFAIP3 -- SP1 -- VEGFA -- ADAM17 -- EIF2AK2 -- BIRC3 -- IRAK1 -- MAP4K4 -- TNFRSF1B -- TRAF1 -- MAP3K1 -- ZFP36 -- BIRC2 -- ATM -- IL4 -- HSPB1 -- CDKN2A -- FBXO31 -- PPM1A -- SOCS3 -- NGF -- SHC1 -- IFNB1 -- IRF1 -- RPAIN -- HIP1 -- OTUD7B -- XIAP -- ERBB2 -- MTOR -- PRNP -- IL16 -- HIF1A -- RPS6KA1 -- UBE2D3
255,MYD88 -- CHUK -- MAPK1 -- MAPK3 -- E2F1 -- RELA -- JUN -- RXRB -- TNFAIP3 -- SP1 -- VEGFA -- ADAM17 -- EIF2AK2 -- BIRC3 -- IRAK1 -- MAP4K4 -- TNFRSF1B -- CYLD -- MAP3K1 -- ZFP36 -- BIRC2 -- ATM -- IL4 -- HSPB1 -- CDKN2A -- FBXO31 -- PPM1A -- SOCS3 -- NGF -- SHC1 -- IFNB1 -- IRF1 -- RPAIN -- HIP1 -- OTUD7B -- XIAP -- ERBB2 -- MTOR -- PRNP -- IL16 -- HIF1A -- RPS6KA1 -- UBE2D3
256,MYD88 -- CHUK -- MAPK1 -- MAPK3 -- E2F1 -- RELA -- JUN -- RXRB -- TNFAIP3 -- SP1 -- VEGFA -- ADAM17 -- EIF2AK2 -- BIRC3 -- IRAK1 -- MAP4K4 -- TNFRSF1B -- CYLD -- MAP3K1 -- ZFP36 -- BIRC2 -- ATM -- IL4 -- HSPB1 -- CDKN2A -- FBXO31 -- PPM1A -- SOCS3 -- NGF -- SHC1 -- IFNB1 -- IRF1 -- RPAIN -- HIP1 -- OTUD7B -- XIAP -- ERBB2 -- MTOR -- PRNP -- IL16 -- HIF1A -- RPS6KA1 -- UBE2D3
257,MYD88 -- CHUK -- MAPK1 -- MAPK3 -- E2F1 -- RELA -- JUN -- RXRB -- TNFAIP3 -- SP1 -- VEGFA -- ADAM17 -- EIF2AK2 -- BIRC3 -- IRAK1 -- MAP4K4 -- TNFRSF1B -- CYLD -- MAP3K1 -- ZFP36 -- BIRC2 -- ATM -- IL4 -- HSPB1 -- CDKN2A -- FBXO31 -- PPM1A -- SOCS3 -- NGF -- SHC1 -- IFNB1 -- IRF1 -- RPAIN -- HIP1 -- OTUD7B -- XIAP -- ERBB2 -- MTOR -- PRNP -- IL16 -- HIF1A -- RPS6KA1 -- UBE2D3
258,MYD88 -- CHUK -- MAPK1 -- MAPK3 -- E2F1 -- RELA -- JUN -- RXRB -- TNFAIP3 -- SP1 -- VEGFA -- ADAM17 -- EIF2AK2 -- BIRC3 -- IRAK1 -- MAP4K4 -- TNFRSF1B -- TRAF1 -- MAP3K1 -- ZFP36 -- BIRC2 -- ATM -- IL4 -- HSPB1 -- CDKN2A -- FBXO31 -- PPM1A -- SOCS3 -- NGF -- SHC1 -- IFNB1 -- IRF1 -- RPAIN -- HIP1 -- OTUD7B -- XIAP -- ERBB2 -- MTOR -- PRNP -- IL16 -- HIF1A -- RPS6KA1 -- UBE2D3
259,MYD88 -- CHUK -- MAPK1 -- MAPK3 -- E2F1 -- RELA -- JUN -- RXRB -- TNFAIP3 -- SP1 -- VEGFA -- ADAM17 -- EIF2AK2 -- BIRC3 -- IRAK1 -- MAP4K4 -- TNFRSF1B -- CYLD -- MAP3K1 -- ZFP36 -- BIRC2 -- ATM -- IL4 -- HSPB1 -- CDKN2A -- FBXO31 -- PPM1A -- SOCS3 -- NGF -- SHC1 -- IFNB1 -- IRF1 -- RPAIN -- HIP1 -- OTUD7B -- XIAP -- ERBB2 -- MTOR -- PRNP -- IL16 -- HIF1A -- RPS6KA1 -- UBE2D3
260,MYD88 -- CHUK -- MAPK1 -- MAPK3 -- E2F1 -- RELA -- JUN -- RXRB -- TNFAIP3 -- SP1 -- VEGFA -- ADAM17 -- EIF2AK2 -- BIRC3 -- IRAK1 -- MAP4K4 -- TNFRSF1B -- CYLD -- MAP3K1 -- ZFP36 -- BIRC2 -- ATM -- IL4 -- HSPB1 -- CDKN2A -- FBXO31 -- PPM1A -- SOCS3 -- NGF -- SHC1 -- IFNB1 -- IRF1 -- RPAIN -- HIP1 -- OTUD7B -- XIAP -- ERBB2 -- MTOR -- PRNP -- IL16 -- HIF1A -- RPS6KA1 -- UBE2D3
261,MYD88 -- CHUK -- MAPK1 -- MAPK3 -- E2F1 -- RELA -- JUN -- RXRB -- TNFAIP3 -- SP1 -- VEGFA -- ADAM17 -- EIF2AK2 -- BIRC3 -- IRAK1 -- MAP4K4 -- TNFRSF1B -- TRAF1 -- MAP3K1 -- ZFP36 -- BIRC2 -- ATM -- IL4 -- HSPB1 -- CDKN2A -- FBXO31 -- PPM1A -- SOCS3 -- NGF -- SHC1 -- IFNB1 -- IRF1 -- RPAIN -- HIP1 -- OTUD7B -- XIAP -- ERBB2 -- MTOR -- PRNP -- IL16 -- HIF1A -- RPS6KA1 -- UBE2D3
262,MYD88 -- CHUK -- MAPK1 -- MAPK3 -- E2F1 -- RELA -- JUN -- RXRB -- TNFAIP3 -- SP1 -- VEGFA -- ADAM17 -- EIF2AK2 -- BIRC3 -- IRAK1 -- MAP4K4 -- TNFRSF1B -- CYLD -- MAP3K1 -- ZFP36 -- BIRC2 -- ATM -- IL4 -- HSPB1 -- CDKN2A -- FBXO31 -- PPM1A -- SOCS3 -- NGF -- SHC1 -- IFNB1 -- IRF1 -- RPAIN -- HIP1 -- OTUD7B -- XIAP -- ERBB2 -- MTOR -- PRNP -- IL16 -- HIF1A -- RPS6KA1 -- UBE2D3
263,MYD88 -- CHUK -- MAPK1 -- MAPK3 -- E2F1 -- RELA -- JUN -- RXRB -- TNFAIP3 -- SP1 -- VEGFA -- ADAM17 -- EIF2AK2 -- BIRC3 -- IRAK1 -- MAP4K4 -- TNFRSF1B -- CYLD -- MAP3K1 -- ZFP36 -- BIRC2 -- ATM -- IL4 -- HSPB1 -- CDKN2A -- FBXO31 -- PPM1A -- SOCS3 -- NGF -- SHC1 -- IFNB1 -- IRF1 -- RPAIN -- HIP1 -- OTUD7B -- XIAP -- ERBB2 -- MTOR -- PRNP -- IL16 -- HIF1A -- RPS6KA1 -- UBE2D3
264,MYD88 -- CHUK -- MAPK1 -- MAPK3 -- E2F1 -- RELA -- JUN -- RXRB -- TNFAIP3 -- SP1 -- VEGFA -- ADAM17 -- EIF2AK2 -- BIRC3 -- IRAK1 -- MAP4K4 -- TNFRSF1B -- TRAF1 -- MAP3K1 -- ZFP36 -- BIRC2 -- ATM -- IL4 -- HSPB1 -- CDKN2A -- FBXO31 -- PPM1A -- SOCS3 -- NGF -- SHC1 -- IFNB1 -- IRF1 -- RPAIN -- HIP1 -- OTUD7B -- XIAP -- ERBB2 -- MTOR -- PRNP -- IL16 -- HIF1A -- RPS6KA1 -- UBE2D3
265,MYD88 -- CHUK -- MAPK1 -- MAPK3 -- E2F1 -- RELA -- JUN -- RXRB -- TNFAIP3 -- SP1 -- VEGFA -- ADAM17 -- EIF2AK2 -- BIRC3 -- IRAK1 -- MAP4K4 -- TNFRSF1B -- CYLD -- MAP3K1 -- ZFP36 -- BIRC2 -- ATM -- IL4 -- HSPB1 -- CDKN2A -- FBXO31 -- PPM1A -- SOCS3 -- NGF -- SHC1 -- IFNB1 -- IRF1 -- RPAIN -- HIP1 -- OTUD7B -- XIAP -- ERBB2 -- MTOR -- PRNP -- IL16 -- HIF1A -- RPS6KA1 -- UBE2D3
800,MYD88 -- CHUK -- MAPK1 -- MAPK3 -- E2F1 -- RELA -- JUN -- RXRB -- TNFAIP3 -- SP1 -- VEGFA -- ADAM17 -- EIF2AK2 -- BIRC3 -- IRAK1 -- MAP4K4 -- TNFRSF1B -- CYLD -- MAP3K1 -- ZFP36 -- BIRC2 -- ATM -- IL4 -- HSPB1 -- CDKN2A -- FBXO31 -- PPM1A -- SOCS3 -- NGF -- SHC1 -- IFNB1 -- IRF1 -- RPAIN -- HIP1 -- OTUD7B -- XIAP -- ERBB2 -- MTOR -- PRNP -- IL16 -- HIF1A -- RPS6KA1 -- UBE2D3
267,MYD88 -- CHUK -- MAPK1 -- MAPK3 -- E2F1 -- RELA -- JUN -- RXRB -- TNFAIP3 -- SP1 -- VEGFA -- ADAM17 -- EIF2AK2 -- BIRC3 -- IRAK1 -- MAP4K4 -- TNFRSF1B -- CYLD -- MAP3K1 -- ZFP36 -- BIRC2 -- ATM -- IL4 -- HSPB1 -- CDKN2A -- FBXO31 -- PPM1A -- SOCS3 -- NGF -- SHC1 -- IFNB1 -- IRF1 -- RPAIN -- HIP1 -- OTUD7B -- XIAP -- ERBB2 -- MTOR -- PRNP -- IL16 -- HIF1A -- RPS6KA1 -- UBE2D3
268,MYD88 -- CHUK -- MAPK1 -- MAPK3 -- E2F1 -- RELA -- JUN -- RXRB -- TNFAIP3 -- SP1 -- VEGFA -- ADAM17 -- EIF2AK2 -- BIRC3 -- IRAK1 -- MAP4K4 -- TNFRSF1B -- CYLD -- MAP3K1 -- ZFP36 -- BIRC2 -- ATM -- IL4 -- HSPB1 -- CDKN2A -- FBXO31 -- PPM1A -- SOCS3 -- NGF -- SHC1 -- IFNB1 -- IRF1 -- RPAIN -- HIP1 -- OTUD7B -- XIAP -- ERBB2 -- MTOR -- PRNP -- IL16 -- HIF1A -- RPS6KA1 -- UBE2D3
269,MYD88 -- CHUK -- MAPK1 -- MAPK3 -- E2F1 -- RELA -- JUN -- RXRB -- TNFAIP3 -- SP1 -- VEGFA -- ADAM17 -- EIF2AK2 -- BIRC3 -- IRAK1 -- MAP4K4 -- TNFRSF1B -- TRAF1 -- MAP3K1 -- ZFP36 -- BIRC2 -- ATM -- IL4 -- HSPB1 -- CDKN2A -- FBXO31 -- PPM1A -- SOCS3 -- NGF -- SHC1 -- IFNB1 -- IRF1 -- RPAIN -- HIP1 -- OTUD7B -- XIAP -- ERBB2 -- MTOR -- PRNP -- IL16 -- HIF1A -- RPS6KA1 -- UBE2D3
270,MYD88 -- CHUK -- MAPK1 -- MAPK3 -- E2F1 -- RELA -- JUN -- RXRB -- TNFAIP3 -- SP1 -- VEGFA -- ADAM17 -- EIF2AK2 -- BIRC3 -- IRAK1 -- MAP4K4 -- TNFRSF1B -- TRAF1 -- MAP3K1 -- ZFP36 -- BIRC2 -- ATM -- IL4 -- HSPB1 -- CDKN2A -- FBXO31 -- PPM1A -- SOCS3 -- NGF -- SHC1 -- IFNB1 -- IRF1 -- RPAIN -- HIP1 -- OTUD7B -- XIAP -- ERBB2 -- MTOR -- PRNP -- IL16 -- HIF1A -- RPS6KA1 -- UBE2D3
271,MYD88 -- CHUK -- MAPK1 -- MAPK3 -- E2F1 -- RELA -- JUN -- RXRB -- TNFAIP3 -- SP1 -- VEGFA -- ADAM17 -- EIF2AK2 -- BIRC3 -- IRAK1 -- MAP4K4 -- TNFRSF1B -- CYLD -- MAP3K1 -- ZFP36 -- BIRC2 -- ATM -- IL4 -- HSPB1 -- CDKN2A -- FBXO31 -- PPM1A -- SOCS3 -- NGF -- SHC1 -- IFNB1 -- IRF1 -- RPAIN -- HIP1 -- OTUD7B -- XIAP -- ERBB2 -- MTOR -- PRNP -- IL16 -- HIF1A -- RPS6KA1 -- UBE2D3
272,MYD88 -- CHUK -- MAPK1 -- MAPK3 -- E2F1 -- RELA -- JUN -- RXRB -- TNFAIP3 -- SP1 -- VEGFA -- ADAM17 -- EIF2AK2 -- BIRC3 -- IRAK1 -- MAP4K4 -- TNFRSF1B -- CYLD -- MAP3K1 -- ZFP36 -- BIRC2 -- ATM -- IL4 -- HSPB1 -- CDKN2A -- FBXO31 -- PPM1A -- SOCS3 -- NGF -- SHC1 -- IFNB1 -- IRF1 -- RPAIN -- HIP1 -- OTUD7B -- XIAP -- ERBB2 -- MTOR -- PRNP -- IL16 -- HIF1A -- RPS6KA1 -- UBE2D3
273,MYD88 -- CHUK -- MAPK1 -- MAPK3 -- E2F1 -- RELA -- JUN -- RXRB -- TNFAIP3 -- SP1 -- VEGFA -- ADAM17 -- EIF2AK2 -- BIRC3 -- IRAK1 -- MAP4K4 -- TNFRSF1B -- CYLD -- MAP3K1 -- ZFP36 -- BIRC2 -- ATM -- IL4 -- HSPB1 -- CDKN2A -- FBXO31 -- PPM1A -- SOCS3 -- NGF -- SHC1 -- IFNB1 -- IRF1 -- RPAIN -- HIP1 -- OTUD7B -- XIAP -- ERBB2 -- MTOR -- PRNP -- IL16 -- HIF1A -- RPS6KA1 -- UBE2D3
274,MYD88 -- CHUK -- MAPK1 -- MAPK3 -- E2F1 -- RELA -- JUN -- RXRB -- TNFAIP3 -- SP1 -- VEGFA -- ADAM17 -- EIF2AK2 -- BIRC3 -- IRAK1 -- MAP4K4 -- TNFRSF1B -- CYLD -- MAP3K1 -- ZFP36 -- BIRC2 -- ATM -- IL4 -- HSPB1 -- CDKN2A -- FBXO31 -- PPM1A -- SOCS3 -- NGF -- SHC1 -- IFNB1 -- IRF1 -- RPAIN -- HIP1 -- OTUD7B -- XIAP -- ERBB2 -- MTOR -- PRNP -- IL16 -- HIF1A -- RPS6KA1 -- UBE2D3
275,MYD88 -- CHUK -- MAPK1 -- MAPK3 -- E2F1 -- RELA -- JUN -- RXRB -- TNFAIP3 -- SP1 -- VEGFA -- ADAM17 -- EIF2AK2 -- BIRC3 -- IRAK1 -- MAP4K4 -- TNFRSF1B -- TRAF1 -- MAP3K1 -- ZFP36 -- BIRC2 -- ATM -- IL4 -- HSPB1 -- CDKN2A -- FBXO31 -- PPM1A -- SOCS3 -- NGF -- SHC1 -- IFNB1 -- IRF1 -- RPAIN -- HIP1 -- OTUD7B -- XIAP -- ERBB2 -- MTOR -- PRNP -- IL16 -- HIF1A -- RPS6KA1 -- UBE2D3
276,MYD88 -- CHUK -- MAPK1 -- MAPK3 -- E2F1 -- RELA -- JUN -- RXRB -- TNFAIP3 -- SP1 -- VEGFA -- ADAM17 -- EIF2AK2 -- BIRC3 -- IRAK1 -- MAP4K4 -- TNFRSF1B -- TRAF1 -- MAP3K1 -- ZFP36 -- BIRC2 -- ATM -- IL4 -- HSPB1 -- CDKN2A -- FBXO31 -- PPM1A -- SOCS3 -- NGF -- SHC1 -- IFNB1 -- IRF1 -- RPAIN -- HIP1 -- OTUD7B -- XIAP -- ERBB2 -- MTOR -- PRNP -- IL16 -- HIF1A -- RPS6KA1 -- UBE2D3
277,MYD88 -- CHUK -- MAPK1 -- MAPK3 -- E2F1 -- RELA -- JUN -- RXRB -- TNFAIP3 -- SP1 -- VEGFA -- ADAM17 -- EIF2AK2 -- BIRC3 -- IRAK1 -- MAP4K4 -- TNFRSF1B -- TRAF1 -- MAP3K1 -- ZFP36 -- BIRC2 -- ATM -- IL4 -- HSPB1 -- CDKN2A -- FBXO31 -- PPM1A -- SOCS3 -- NGF -- SHC1 -- IFNB1 -- IRF1 -- RPAIN -- HIP1 -- OTUD7B -- XIAP -- ERBB2 -- MTOR -- PRNP -- IL16 -- HIF1A -- RPS6KA1 -- UBE2D3
278,MYD88 -- CHUK -- MAPK1 -- MAPK3 -- E2F1 -- RELA -- JUN -- RXRB -- TNFAIP3 -- SP1 -- VEGFA -- ADAM17 -- EIF2AK2 -- BIRC3 -- IRAK1 -- MAP4K4 -- TNFRSF1B -- CYLD -- MAP3K1 -- ZFP36 -- BIRC2 -- ATM -- IL4 -- HSPB1 -- CDKN2A -- FBXO31 -- PPM1A -- SOCS3 -- NGF -- SHC1 -- IFNB1 -- IRF1 -- RPAIN -- HIP1 -- OTUD7B -- XIAP -- ERBB2 -- MTOR -- PRNP -- IL16 -- HIF1A -- RPS6KA1 -- UBE2D3
279,MYD88 -- CHUK -- MAPK1 -- MAPK3 -- E2F1 -- RELA -- JUN -- RXRB -- TNFAIP3 -- SP1 -- VEGFA -- ADAM17 -- EIF2AK2 -- BIRC3 -- IRAK1 -- MAP4K4 -- TNFRSF1B -- CYLD -- MAP3K1 -- ZFP36 -- BIRC2 -- ATM -- IL4 -- HSPB1 -- CDKN2A -- FBXO31 -- PPM1A -- SOCS3 -- NGF -- SHC1 -- IFNB1 -- IRF1 -- RPAIN -- HIP1 -- OTUD7B -- XIAP -- ERBB2 -- MTOR -- PRNP -- IL16 -- HIF1A -- RPS6KA1 -- UBE2D3
280,MYD88 -- CHUK -- MAPK1 -- MAPK3 -- E2F1 -- RELA -- JUN -- RXRB -- TNFAIP3 -- SP1 -- VEGFA -- ADAM17 -- EIF2AK2 -- BIRC3 -- IRAK1 -- MAP4K4 -- TNFRSF1B -- CYLD -- MAP3K1 -- ZFP36 -- BIRC2 -- ATM -- IL4 -- HSPB1 -- CDKN2A -- FBXO31 -- PPM1A -- SOCS3 -- NGF -- SHC1 -- IFNB1 -- IRF1 -- RPAIN -- HIP1 -- OTUD7B -- XIAP -- ERBB2 -- MTOR -- PRNP -- IL16 -- HIF1A -- RPS6KA1 -- UBE2D3
281,MYD88 -- CHUK -- MAPK1 -- MAPK3 -- E2F1 -- RELA -- JUN -- RXRB -- TNFAIP3 -- SP1 -- VEGFA -- ADAM17 -- EIF2AK2 -- BIRC3 -- IRAK1 -- MAP4K4 -- TNFRSF1B -- CYLD -- MAP3K1 -- ZFP36 -- BIRC2 -- ATM -- IL4 -- HSPB1 -- CDKN2A -- FBXO31 -- PPM1A -- SOCS3 -- NGF -- SHC1 -- IFNB1 -- IRF1 -- RPAIN -- HIP1 -- OTUD7B -- XIAP -- ERBB2 -- MTOR -- PRNP -- IL16 -- HIF1A -- RPS6KA1 -- UBE2D3
282,MYD88 -- CHUK -- MAPK1 -- MAPK3 -- E2F1 -- RELA -- JUN -- RXRB -- TNFAIP3 -- SP1 -- VEGFA -- ADAM17 -- EIF2AK2 -- BIRC3 -- IRAK1 -- MAP4K4 -- TNFRSF1B -- TRAF1 -- MAP3K1 -- ZFP36 -- BIRC2 -- ATM -- IL4 -- HSPB1 -- CDKN2A -- FBXO31 -- PPM1A -- SOCS3 -- NGF -- SHC1 -- IFNB1 -- IRF1 -- RPAIN -- HIP1 -- OTUD7B -- XIAP -- ERBB2 -- MTOR -- PRNP -- IL16 -- HIF1A -- RPS6KA1 -- UBE2D3
283,MYD88 -- CHUK -- MAPK1 -- MAPK3 -- E2F1 -- RELA -- JUN -- RXRB -- TNFAIP3 -- SP1 -- VEGFA -- ADAM17 -- EIF2AK2 -- BIRC3 -- IRAK1 -- MAP4K4 -- TNFRSF1B -- CYLD -- MAP3K1 -- ZFP36 -- BIRC2 -- ATM -- IL4 -- HSPB1 -- CDKN2A -- FBXO31 -- PPM1A -- SOCS3 -- NGF -- SHC1 -- IFNB1 -- IRF1 -- RPAIN -- HIP1 -- OTUD7B -- XIAP -- ERBB2 -- MTOR -- PRNP -- IL16 -- HIF1A -- RPS6KA1 -- UBE2D3
284,MYD88 -- CHUK -- MAPK1 -- MAPK3 -- E2F1 -- RELA -- JUN -- RXRB -- TNFAIP3 -- SP1 -- VEGFA -- ADAM17 -- EIF2AK2 -- BIRC3 -- IRAK1 -- MAP4K4 -- TNFRSF1B -- CYLD -- MAP3K1 -- ZFP36 -- BIRC2 -- ATM -- IL4 -- HSPB1 -- CDKN2A -- FBXO31 -- PPM1A -- SOCS3 -- NGF -- SHC1 -- IFNB1 -- IRF1 -- RPAIN -- HIP1 -- OTUD7B -- XIAP -- ERBB2 -- MTOR -- PRNP -- IL16 -- HIF1A -- RPS6KA1 -- UBE2D3
285,MYD88 -- CHUK -- MAPK1 -- MAPK3 -- E2F1 -- RELA -- JUN -- RXRB -- TNFAIP3 -- SP1 -- VEGFA -- ADAM17 -- EIF2AK2 -- BIRC3 -- IRAK1 -- MAP4K4 -- TNFRSF1B -- TRAF1 -- MAP3K1 -- ZFP36 -- BIRC2 -- ATM -- IL4 -- HSPB1 -- CDKN2A -- FBXO31 -- PPM1A -- SOCS3 -- NGF -- SHC1 -- IFNB1 -- IRF1 -- RPAIN -- HIP1 -- OTUD7B -- XIAP -- ERBB2 -- MTOR -- PRNP -- IL16 -- HIF1A -- RPS6KA1 -- UBE2D3
286,MYD88 -- CHUK -- MAPK1 -- MAPK3 -- E2F1 -- RELA -- JUN -- RXRB -- TNFAIP3 -- SP1 -- VEGFA -- ADAM17 -- EIF2AK2 -- BIRC3 -- IRAK1 -- MAP4K4 -- TNFRSF1B -- CYLD -- MAP3K1 -- ZFP36 -- BIRC2 -- ATM -- IL4 -- HSPB1 -- CDKN2A -- FBXO31 -- PPM1A -- SOCS3 -- NGF -- SHC1 -- IFNB1 -- IRF1 -- RPAIN -- HIP1 -- OTUD7B -- XIAP -- ERBB2 -- MTOR -- PRNP -- IL16 -- HIF1A -- RPS6KA1 -- UBE2D3
287,MYD88 -- CHUK -- MAPK1 -- MAPK3 -- E2F1 -- RELA -- JUN -- RXRB -- TNFAIP3 -- SP1 -- VEGFA -- ADAM17 -- EIF2AK2 -- BIRC3 -- IRAK1 -- MAP4K4 -- TNFRSF1B -- TRAF1 -- MAP3K1 -- ZFP36 -- BIRC2 -- ATM -- IL4 -- HSPB1 -- CDKN2A -- FBXO31 -- PPM1A -- SOCS3 -- NGF -- SHC1 -- IFNB1 -- IRF1 -- RPAIN -- HIP1 -- OTUD7B -- XIAP -- ERBB2 -- MTOR -- PRNP -- IL16 -- HIF1A -- RPS6KA1 -- UBE2D3
288,MYD88 -- CHUK -- MAPK1 -- MAPK3 -- E2F1 -- RELA -- JUN -- RXRB -- TNFAIP3 -- SP1 -- VEGFA -- ADAM17 -- EIF2AK2 -- BIRC3 -- IRAK1 -- MAP4K4 -- TNFRSF1B -- TRAF1 -- MAP3K1 -- ZFP36 -- BIRC2 -- ATM -- IL4 -- HSPB1 -- CDKN2A -- FBXO31 -- PPM1A -- SOCS3 -- NGF -- SHC1 -- IFNB1 -- IRF1 -- RPAIN -- HIP1 -- OTUD7B -- XIAP -- ERBB2 -- MTOR -- PRNP -- IL16 -- HIF1A -- RPS6KA1 -- UBE2D3
289,MYD88 -- CHUK -- MAPK1 -- MAPK3 -- E2F1 -- RELA -- JUN -- RXRB -- TNFAIP3 -- SP1 -- VEGFA -- ADAM17 -- EIF2AK2 -- BIRC3 -- IRAK1 -- MAP4K4 -- TNFRSF1B -- CYLD -- MAP3K1 -- ZFP36 -- BIRC2 -- ATM -- IL4 -- HSPB1 -- CDKN2A -- FBXO31 -- PPM1A -- SOCS3 -- NGF -- SHC1 -- IFNB1 -- IRF1 -- RPAIN -- HIP1 -- OTUD7B -- XIAP -- ERBB2 -- MTOR -- PRNP -- IL16 -- HIF1A -- RPS6KA1 -- UBE2D3
290,MYD88 -- CHUK -- MAPK1 -- MAPK3 -- E2F1 -- RELA -- JUN -- RXRB -- TNFAIP3 -- SP1 -- VEGFA -- ADAM17 -- EIF2AK2 -- BIRC3 -- IRAK1 -- MAP4K4 -- TNFRSF1B -- TRAF1 -- MAP3K1 -- ZFP36 -- BIRC2 -- ATM -- IL4 -- HSPB1 -- CDKN2A -- FBXO31 -- PPM1A -- SOCS3 -- NGF -- SHC1 -- IFNB1 -- IRF1 -- RPAIN -- HIP1 -- OTUD7B -- XIAP -- ERBB2 -- MTOR -- PRNP -- IL16 -- HIF1A -- RPS6KA1 -- UBE2D3
291,MYD88 -- CHUK -- MAPK1 -- MAPK3 -- E2F1 -- RELA -- JUN -- RXRB -- TNFAIP3 -- SP1 -- VEGFA -- ADAM17 -- EIF2AK2 -- BIRC3 -- IRAK1 -- MAP4K4 -- TNFRSF1B -- TRAF1 -- MAP3K1 -- ZFP36 -- BIRC2 -- ATM -- IL4 -- HSPB1 -- CDKN2A -- FBXO31 -- PPM1A -- SOCS3 -- NGF -- SHC1 -- IFNB1 -- IRF1 -- RPAIN -- HIP1 -- OTUD7B -- XIAP -- ERBB2 -- MTOR -- PRNP -- IL16 -- HIF1A -- RPS6KA1 -- UBE2D3
292,MYD88 -- CHUK -- MAPK1 -- MAPK3 -- E2F1 -- RELA -- JUN -- RXRB -- TNFAIP3 -- SP1 -- VEGFA -- ADAM17 -- EIF2AK2 -- BIRC3 -- IRAK1 -- MAP4K4 -- TNFRSF1B -- CYLD -- MAP3K1 -- ZFP36 -- BIRC2 -- ATM -- IL4 -- HSPB1 -- CDKN2A -- FBXO31 -- PPM1A -- SOCS3 -- NGF -- SHC1 -- IFNB1 -- IRF1 -- RPAIN -- HIP1 -- OTUD7B -- XIAP -- ERBB2 -- MTOR -- PRNP -- IL16 -- HIF1A -- RPS6KA1 -- UBE2D3
293,MYD88 -- CHUK -- MAPK1 -- MAPK3 -- E2F1 -- RELA -- JUN -- RXRB -- TNFAIP3 -- SP1 -- VEGFA -- ADAM17 -- EIF2AK2 -- BIRC3 -- IRAK1 -- MAP4K4 -- TNFRSF1B -- TRAF1 -- MAP3K1 -- ZFP36 -- BIRC2 -- ATM -- IL4 -- HSPB1 -- CDKN2A -- FBXO31 -- PPM1A -- SOCS3 -- NGF -- SHC1 -- IFNB1 -- IRF1 -- RPAIN -- HIP1 -- OTUD7B -- XIAP -- ERBB2 -- MTOR -- PRNP -- IL16 -- HIF1A -- RPS6KA1 -- UBE2D3
294,MYD88 -- CHUK -- MAPK1 -- MAPK3 -- E2F1 -- RELA -- JUN -- RXRB -- TNFAIP3 -- SP1 -- VEGFA -- ADAM17 -- EIF2AK2 -- BIRC3 -- IRAK1 -- MAP4K4 -- TNFRSF1B -- TRAF1 -- MAP3K1 -- ZFP36 -- BIRC2 -- ATM -- IL4 -- HSPB1 -- CDKN2A -- FBXO31 -- PPM1A -- SOCS3 -- NGF -- SHC1 -- IFNB1 -- IRF1 -- RPAIN -- HIP1 -- OTUD7B -- XIAP -- ERBB2 -- MTOR -- PRNP -- IL16 -- HIF1A -- RPS6KA1 -- UBE2D3
295,MYD88 -- CHUK -- MAPK1 -- MAPK3 -- E2F1 -- RELA -- JUN -- RXRB -- TNFAIP3 -- SP1 -- VEGFA -- ADAM17 -- EIF2AK2 -- BIRC3 -- IRAK1 -- MAP4K4 -- TNFRSF1B -- TRAF1 -- MAP3K1 -- ZFP36 -- BIRC2 -- ATM -- IL4 -- HSPB1 -- CDKN2A -- FBXO31 -- PPM1A -- SOCS3 -- NGF -- SHC1 -- IFNB1 -- IRF1 -- RPAIN -- HIP1 -- OTUD7B -- XIAP -- ERBB2 -- MTOR -- PRNP -- IL16 -- HIF1A -- RPS6KA1 -- UBE2D3
296,MYD88 -- CHUK -- MAPK1 -- MAPK3 -- E2F1 -- RELA -- JUN -- RXRB -- TNFAIP3 -- SP1 -- VEGFA -- ADAM17 -- EIF2AK2 -- BIRC3 -- IRAK1 -- MAP4K4 -- TNFRSF1B -- CYLD -- MAP3K1 -- ZFP36 -- BIRC2 -- ATM -- IL4 -- HSPB1 -- CDKN2A -- FBXO31 -- PPM1A -- SOCS3 -- NGF -- SHC1 -- IFNB1 -- IRF1 -- RPAIN -- HIP1 -- OTUD7B -- XIAP -- ERBB2 -- MTOR -- PRNP -- IL16 -- HIF1A -- RPS6KA1 -- UBE2D3
297,MYD88 -- CHUK -- MAPK1 -- MAPK3 -- E2F1 -- RELA -- JUN -- RXRB -- TNFAIP3 -- SP1 -- VEGFA -- ADAM17 -- EIF2AK2 -- BIRC3 -- IRAK1 -- MAP4K4 -- TNFRSF1B -- TRAF1 -- MAP3K1 -- ZFP36 -- BIRC2 -- ATM -- IL4 -- HSPB1 -- CDKN2A -- FBXO31 -- PPM1A -- SOCS3 -- NGF -- SHC1 -- IFNB1 -- IRF1 -- RPAIN -- HIP1 -- OTUD7B -- XIAP -- ERBB2 -- MTOR -- PRNP -- IL16 -- HIF1A -- RPS6KA1 -- UBE2D3
298,MYD88 -- CHUK -- MAPK1 -- MAPK3 -- E2F1 -- RELA -- JUN -- RXRB -- TNFAIP3 -- SP1 -- VEGFA -- ADAM17 -- EIF2AK2 -- BIRC3 -- IRAK1 -- MAP4K4 -- TNFRSF1B -- CYLD -- MAP3K1 -- ZFP36 -- BIRC2 -- ATM -- IL4 -- HSPB1 -- CDKN2A -- FBXO31 -- PPM1A -- SOCS3 -- NGF -- SHC1 -- IFNB1 -- IRF1 -- RPAIN -- HIP1 -- OTUD7B -- XIAP -- ERBB2 -- MTOR -- PRNP -- IL16 -- HIF1A -- RPS6KA1 -- UBE2D3
299,MYD88 -- CHUK -- MAPK1 -- MAPK3 -- E2F1 -- RELA -- JUN -- RXRB -- TNFAIP3 -- SP1 -- VEGFA -- ADAM17 -- EIF2AK2 -- BIRC3 -- IRAK1 -- MAP4K4 -- TNFRSF1B -- CYLD -- MAP3K1 -- ZFP36 -- BIRC2 -- ATM -- IL4 -- HSPB1 -- CDKN2A -- FBXO31 -- PPM1A -- SOCS3 -- NGF -- SHC1 -- IFNB1 -- IRF1 -- RPAIN -- HIP1 -- OTUD7B -- XIAP -- ERBB2 -- MTOR -- PRNP -- IL16 -- HIF1A -- RPS6KA1 -- UBE2D3
300,MYD88 -- CHUK -- MAPK1 -- MAPK3 -- E2F1 -- RELA -- JUN -- RXRB -- TNFAIP3 -- SP1 -- VEGFA -- ADAM17 -- EIF2AK2 -- BIRC3 -- IRAK1 -- MAP4K4 -- TNFRSF1B -- CYLD -- MAP3K1 -- ZFP36 -- BIRC2 -- ATM -- IL4 -- HSPB1 -- CDKN2A -- FBXO31 -- PPM1A -- SOCS3 -- NGF -- SHC1 -- IFNB1 -- IRF1 -- RPAIN -- HIP1 -- OTUD7B -- XIAP -- ERBB2 -- MTOR -- PRNP -- NFE2L2 -- IL16 -- HIF1A -- RPS6KA1 -- UBE2D3
301,MYD88 -- CHUK -- MAPK1 -- MAPK3 -- E2F1 -- RELA -- JUN -- RXRB -- TNFAIP3 -- SP1 -- VEGFA -- ADAM17 -- EIF2AK2 -- BIRC3 -- IRAK1 -- MAP4K4 -- TNFRSF1B -- TRAF1 -- MAP3K1 -- ZFP36 -- BIRC2 -- ATM -- IL4 -- HSPB1 -- CDKN2A -- FBXO31 -- PPM1A -- SOCS3 -- NGF -- SHC1 -- IFNB1 -- IRF1 -- RPAIN -- HIP1 -- OTUD7B -- XIAP -- ERBB2 -- MTOR -- PRNP -- IL16 -- HIF1A -- RPS6KA1 -- UBE2D3
302,MYD88 -- CHUK -- MAPK1 -- MAPK3 -- E2F1 -- RELA -- JUN -- RXRB -- TNFAIP3 -- SP1 -- VEGFA -- ADAM17 -- EIF2AK2 -- BIRC3 -- IRAK1 -- MAP4K4 -- TNFRSF1B -- CYLD -- MAP3K1 -- ZFP36 -- BIRC2 -- ATM -- IL4 -- HSPB1 -- CDKN2A -- FBXO31 -- PPM1A -- SOCS3 -- NGF -- SHC1 -- IFNB1 -- IRF1 -- RPAIN -- HIP1 -- OTUD7B -- XIAP -- ERBB2 -- MTOR -- PRNP -- IL16 -- HIF1A -- RPS6KA1 -- UBE2D3
303,MYD88 -- CHUK -- MAPK1 -- MAPK3 -- E2F1 -- RELA -- JUN -- RXRB -- TNFAIP3 -- SP1 -- VEGFA -- ADAM17 -- EIF2AK2 -- BIRC3 -- IRAK1 -- MAP4K4 -- TNFRSF1B -- TRAF1 -- MAP3K1 -- ZFP36 -- BIRC2 -- ATM -- IL4 -- HSPB1 -- CDKN2A -- FBXO31 -- PPM1A -- SOCS3 -- NGF -- SHC1 -- IFNB1 -- IRF1 -- RPAIN -- HIP1 -- OTUD7B -- XIAP -- ERBB2 -- MTOR -- PRNP -- IL16 -- HIF1A -- RPS6KA1 -- UBE2D3
304,MYD88 -- CHUK -- MAPK1 -- MAPK3 -- E2F1 -- RELA -- JUN -- RXRB -- TNFAIP3 -- SP1 -- VEGFA -- ADAM17 -- EIF2AK2 -- BIRC3 -- IRAK1 -- MAP4K4 -- TNFRSF1B -- TRAF1 -- MAP3K1 -- ZFP36 -- BIRC2 -- ATM -- IL4 -- HSPB1 -- CDKN2A -- FBXO31 -- PPM1A -- SOCS3 -- NGF -- SHC1 -- IFNB1 -- IRF1 -- RPAIN -- HIP1 -- OTUD7B -- XIAP -- ERBB2 -- MTOR -- PRNP -- IL16 -- HIF1A -- RPS6KA1 -- UBE2D3
305,MYD88 -- CHUK -- MAPK1 -- MAPK3 -- E2F1 -- RELA -- JUN -- RXRB -- TNFAIP3 -- SP1 -- VEGFA -- ADAM17 -- EIF2AK2 -- BIRC3 -- IRAK1 -- MAP4K4 -- TNFRSF1B -- TRAF1 -- MAP3K1 -- ZFP36 -- BIRC2 -- ATM -- IL4 -- HSPB1 -- CDKN2A -- FBXO31 -- PPM1A -- SOCS3 -- NGF -- SHC1 -- TNFRSF14 -- IFNB1 -- IRF1 -- RPAIN -- HIP1 -- OTUD7B -- XIAP -- ERBB2 -- MTOR -- PRNP -- NFE2L2 -- IL16 -- HIF1A -- RPS6KA1 -- UBE2D3
306,MYD88 -- CHUK -- MAPK1 -- MAPK3 -- E2F1 -- RELA -- JUN -- RXRB -- TNFAIP3 -- SP1 -- VEGFA -- ADAM17 -- EIF2AK2 -- BIRC3 -- IRAK1 -- MAP4K4 -- TNFRSF1B -- CYLD -- MAP3K1 -- ZFP36 -- BIRC2 -- ATM -- IL4 -- HSPB1 -- CDKN2A -- FBXO31 -- PPM1A -- SOCS3 -- NGF -- SHC1 -- IFNB1 -- IRF1 -- RPAIN -- HIP1 -- OTUD7B -- XIAP -- ERBB2 -- MTOR -- PRNP -- IL16 -- HIF1A -- RPS6KA1 -- UBE2D3
307,MYD88 -- CHUK -- MAPK1 -- MAPK3 -- E2F1 -- RELA -- JUN -- RXRB -- TNFAIP3 -- SP1 -- VEGFA -- ADAM17 -- EIF2AK2 -- BIRC3 -- IRAK1 -- MAP4K4 -- TNFRSF1B -- TRAF1 -- MAP3K1 -- ZFP36 -- BIRC2 -- ATM -- IL4 -- HSPB1 -- CDKN2A -- FBXO31 -- PPM1A -- SOCS3 -- NGF -- SHC1 -- IFNB1 -- IRF1 -- RPAIN -- HIP1 -- OTUD7B -- XIAP -- ERBB2 -- MTOR -- PRNP -- IL16 -- HIF1A -- RPS6KA1 -- UBE2D3
308,MYD88 -- CHUK -- MAPK1 -- MAPK3 -- E2F1 -- RELA -- JUN -- RXRB -- TNFAIP3 -- SP1 -- VEGFA -- ADAM17 -- EIF2AK2 -- BIRC3 -- IRAK1 -- MAP4K4 -- TNFRSF1B -- TRAF1 -- MAP3K1 -- ZFP36 -- BIRC2 -- ATM -- IL4 -- HSPB1 -- CDKN2A -- FBXO31 -- PPM1A -- SOCS3 -- NGF -- SHC1 -- IFNB1 -- IRF1 -- RPAIN -- HIP1 -- OTUD7B -- XIAP -- ERBB2 -- MTOR -- PRNP -- IL16 -- HIF1A -- RPS6KA1 -- UBE2D3
309,MYD88 -- CHUK -- MAPK1 -- MAPK3 -- E2F1 -- RELA -- JUN -- RXRB -- TNFAIP3 -- SP1 -- VEGFA -- ADAM17 -- EIF2AK2 -- BIRC3 -- IRAK1 -- MAP4K4 -- TNFRSF1B -- TRAF1 -- MAP3K1 -- ZFP36 -- BIRC2 -- ATM -- IL4 -- HSPB1 -- CDKN2A -- FBXO31 -- PPM1A -- SOCS3 -- NGF -- SHC1 -- IFNB1 -- IRF1 -- RPAIN -- HIP1 -- OTUD7B -- XIAP -- ERBB2 -- MTOR -- PRNP -- IL16 -- HIF1A -- RPS6KA1 -- UBE2D3
310,MYD88 -- CHUK -- MAPK1 -- MAPK3 -- E2F1 -- RELA -- JUN -- RXRB -- TNFAIP3 -- SP1 -- VEGFA -- ADAM17 -- EIF2AK2 -- BIRC3 -- IRAK1 -- MAP4K4 -- TNFRSF1B -- CYLD -- MAP3K1 -- ZFP36 -- BIRC2 -- ATM -- IL4 -- HSPB1 -- CDKN2A -- FBXO31 -- PPM1A -- SOCS3 -- NGF -- SHC1 -- IFNB1 -- IRF1 -- RPAIN -- HIP1 -- OTUD7B -- XIAP -- ERBB2 -- MTOR -- PRNP -- IL16 -- HIF1A -- RPS6KA1 -- UBE2D3
311,MYD88 -- CHUK -- MAPK1 -- MAPK3 -- E2F1 -- RELA -- JUN -- RXRB -- TNFAIP3 -- SP1 -- VEGFA -- ADAM17 -- EIF2AK2 -- BIRC3 -- IRAK1 -- MAP4K4 -- TNFRSF1B -- CYLD -- MAP3K1 -- ZFP36 -- BIRC2 -- ATM -- IL4 -- HSPB1 -- CDKN2A -- FBXO31 -- PPM1A -- SOCS3 -- NGF -- SHC1 -- IFNB1 -- IRF1 -- RPAIN -- HIP1 -- OTUD7B -- XIAP -- ERBB2 -- MTOR -- PRNP -- IL16 -- HIF1A -- RPS6KA1 -- UBE2D3
312,MYD88 -- CHUK -- MAPK1 -- MAPK3 -- E2F1 -- RELA -- JUN -- RXRB -- TNFAIP3 -- SP1 -- VEGFA -- ADAM17 -- EIF2AK2 -- BIRC3 -- IRAK1 -- MAP4K4 -- TNFRSF1B -- CYLD -- MAP3K1 -- ZFP36 -- BIRC2 -- ATM -- IL4 -- HSPB1 -- CDKN2A -- FBXO31 -- PPM1A -- SOCS3 -- NGF -- SHC1 -- IFNB1 -- IRF1 -- RPAIN -- HIP1 -- OTUD7B -- XIAP -- ERBB2 -- MTOR -- PRNP -- IL16 -- HIF1A -- RPS6KA1 -- UBE2D3
313,MYD88 -- CHUK -- MAPK1 -- MAPK3 -- E2F1 -- RELA -- JUN -- RXRB -- TNFAIP3 -- SP1 -- VEGFA -- ADAM17 -- EIF2AK2 -- BIRC3 -- IRAK1 -- MAP4K4 -- TNFRSF1B -- CYLD -- MAP3K1 -- ZFP36 -- BIRC2 -- ATM -- IL4 -- HSPB1 -- CDKN2A -- FBXO31 -- PPM1A -- SOCS3 -- NGF -- SHC1 -- IFNB1 -- IRF1 -- RPAIN -- HIP1 -- OTUD7B -- XIAP -- ERBB2 -- MTOR -- PRNP -- IL16 -- HIF1A -- RPS6KA1 -- UBE2D3
314,MYD88 -- CHUK -- MAPK1 -- MAPK3 -- E2F1 -- RELA -- JUN -- RXRB -- TNFAIP3 -- SP1 -- VEGFA -- ADAM17 -- EIF2AK2 -- BIRC3 -- IRAK1 -- MAP4K4 -- TNFRSF1B -- CYLD -- MAP3K1 -- ZFP36 -- BIRC2 -- ATM -- IL4 -- HSPB1 -- CDKN2A -- FBXO31 -- PPM1A -- SOCS3 -- NGF -- SHC1 -- IFNB1 -- IRF1 -- RPAIN -- HIP1 -- OTUD7B -- XIAP -- ERBB2 -- MTOR -- PRNP -- IL16 -- HIF1A -- RPS6KA1 -- UBE2D3
315,MYD88 -- CHUK -- MAPK1 -- MAPK3 -- E2F1 -- RELA -- JUN -- RXRB -- TNFAIP3 -- SP1 -- VEGFA -- ADAM17 -- EIF2AK2 -- BIRC3 -- IRAK1 -- MAP4K4 -- TNFRSF1B -- TRAF1 -- MAP3K1 -- ZFP36 -- BIRC2 -- ATM -- IL4 -- HSPB1 -- CDKN2A -- FBXO31 -- PPM1A -- SOCS3 -- NGF -- SHC1 -- IFNB1 -- IRF1 -- RPAIN -- HIP1 -- OTUD7B -- XIAP -- ERBB2 -- MTOR -- PRNP -- IL16 -- HIF1A -- RPS6KA1 -- UBE2D3
316,MYD88 -- CHUK -- MAPK1 -- MAPK3 -- E2F1 -- RELA -- JUN -- RXRB -- TNFAIP3 -- SP1 -- VEGFA -- ADAM17 -- EIF2AK2 -- BIRC3 -- IRAK1 -- MAP4K4 -- TNFRSF1B -- CYLD -- MAP3K1 -- ZFP36 -- BIRC2 -- ATM -- IL4 -- HSPB1 -- CDKN2A -- FBXO31 -- PPM1A -- SOCS3 -- NGF -- SHC1 -- IFNB1 -- IRF1 -- RPAIN -- HIP1 -- OTUD7B -- XIAP -- ERBB2 -- MTOR -- PRNP -- IL16 -- HIF1A -- RPS6KA1 -- UBE2D3
317,MYD88 -- CHUK -- MAPK1 -- MAPK3 -- E2F1 -- RELA -- JUN -- RXRB -- TNFAIP3 -- SP1 -- VEGFA -- ADAM17 -- EIF2AK2 -- BIRC3 -- IRAK1 -- MAP4K4 -- TNFRSF1B -- TRAF1 -- MAP3K1 -- ZFP36 -- BIRC2 -- ATM -- IL4 -- HSPB1 -- CDKN2A -- FBXO31 -- PPM1A -- SOCS3 -- NGF -- SHC1 -- IFNB1 -- IRF1 -- RPAIN -- HIP1 -- OTUD7B -- XIAP -- ERBB2 -- MTOR -- PRNP -- IL16 -- HIF1A -- RPS6KA1 -- UBE2D3
318,MYD88 -- CHUK -- MAPK1 -- MAPK3 -- E2F1 -- RELA -- JUN -- RXRB -- TNFAIP3 -- SP1 -- VEGFA -- ADAM17 -- EIF2AK2 -- BIRC3 -- IRAK1 -- MAP4K4 -- TNFRSF1B -- CYLD -- MAP3K1 -- ZFP36 -- BIRC2 -- ATM -- IL4 -- HSPB1 -- CDKN2A -- FBXO31 -- PPM1A -- SOCS3 -- NGF -- SHC1 -- IFNB1 -- IRF1 -- RPAIN -- HIP1 -- OTUD7B -- XIAP -- ERBB2 -- MTOR -- PRNP -- IL16 -- HIF1A -- RPS6KA1 -- UBE2D3
319,MYD88 -- CHUK -- MAPK1 -- MAPK3 -- E2F1 -- RELA -- JUN -- RXRB -- TNFAIP3 -- SP1 -- VEGFA -- ADAM17 -- EIF2AK2 -- BIRC3 -- IRAK1 -- MAP4K4 -- TNFRSF1B -- TRAF1 -- MAP3K1 -- ZFP36 -- BIRC2 -- ATM -- IL4 -- HSPB1 -- CDKN2A -- FBXO31 -- PPM1A -- SOCS3 -- NGF -- SHC1 -- IFNB1 -- IRF1 -- RPAIN -- HIP1 -- OTUD7B -- XIAP -- ERBB2 -- MTOR -- PRNP -- IL16 -- HIF1A -- RPS6KA1 -- UBE2D3
320,MYD88 -- CHUK -- MAPK1 -- MAPK3 -- E2F1 -- RELA -- JUN -- RXRB -- TNFAIP3 -- SP1 -- VEGFA -- ADAM17 -- EIF2AK2 -- BIRC3 -- IRAK1 -- MAP4K4 -- TNFRSF1B -- CYLD -- MAP3K1 -- ZFP36 -- BIRC2 -- ATM -- IL4 -- HSPB1 -- CDKN2A -- FBXO31 -- PPM1A -- SOCS3 -- NGF -- SHC1 -- IFNB1 -- IRF1 -- RPAIN -- HIP1 -- OTUD7B -- XIAP -- ERBB2 -- MTOR -- PRNP -- IL16 -- HIF1A -- RPS6KA1 -- UBE2D3
321,MYD88 -- CHUK -- MAPK1 -- MAPK3 -- E2F1 -- RELA -- JUN -- RXRB -- TNFAIP3 -- SP1 -- VEGFA -- ADAM17 -- EIF2AK2 -- BIRC3 -- IRAK1 -- MAP4K4 -- TNFRSF1B -- TRAF1 -- MAP3K1 -- ZFP36 -- BIRC2 -- ATM -- IL4 -- HSPB1 -- CDKN2A -- FBXO31 -- PPM1A -- SOCS3 -- NGF -- SHC1 -- IFNB1 -- IRF1 -- RPAIN -- HIP1 -- OTUD7B -- XIAP -- ERBB2 -- MTOR -- PRNP -- IL16 -- HIF1A -- RPS6KA1 -- UBE2D3
322,MYD88 -- CHUK -- MAPK1 -- MAPK3 -- E2F1 -- RELA -- JUN -- RXRB -- TNFAIP3 -- SP1 -- VEGFA -- ADAM17 -- EIF2AK2 -- BIRC3 -- IRAK1 -- MAP4K4 -- TNFRSF1B -- CYLD -- MAP3K1 -- ZFP36 -- BIRC2 -- ATM -- IL4 -- HSPB1 -- CDKN2A -- FBXO31 -- PPM1A -- SOCS3 -- NGF -- SHC1 -- IFNB1 -- IRF1 -- RPAIN -- HIP1 -- OTUD7B -- XIAP -- ERBB2 -- MTOR -- PRNP -- IL16 -- HIF1A -- RPS6KA1 -- UBE2D3
323,MYD88 -- CHUK -- MAPK1 -- MAPK3 -- E2F1 -- RELA -- JUN -- RXRB -- TNFAIP3 -- SP1 -- VEGFA -- ADAM17 -- EIF2AK2 -- BIRC3 -- IRAK1 -- MAP4K4 -- TNFRSF1B -- TRAF1 -- MAP3K1 -- ZFP36 -- BIRC2 -- ATM -- IL4 -- HSPB1 -- CDKN2A -- FBXO31 -- PPM1A -- SOCS3 -- NGF -- SHC1 -- IFNB1 -- IRF1 -- RPAIN -- HIP1 -- OTUD7B -- XIAP -- ERBB2 -- MTOR -- PRNP -- IL16 -- HIF1A -- RPS6KA1 -- UBE2D3
324,MYD88 -- CHUK -- MAPK1 -- MAPK3 -- E2F1 -- RELA -- JUN -- RXRB -- TNFAIP3 -- SP1 -- VEGFA -- ADAM17 -- EIF2AK2 -- BIRC3 -- IRAK1 -- MAP4K4 -- TNFRSF1B -- CYLD -- MAP3K1 -- ZFP36 -- BIRC2 -- ATM -- IL4 -- HSPB1 -- CDKN2A -- FBXO31 -- PPM1A -- SOCS3 -- NGF -- SHC1 -- IFNB1 -- IRF1 -- RPAIN -- HIP1 -- OTUD7B -- XIAP -- ERBB2 -- MTOR -- PRNP -- IL16 -- HIF1A -- RPS6KA1 -- UBE2D3
325,MYD88 -- CHUK -- MAPK1 -- MAPK3 -- E2F1 -- RELA -- JUN -- RXRB -- TNFAIP3 -- SP1 -- VEGFA -- ADAM17 -- EIF2AK2 -- BIRC3 -- IRAK1 -- MAP4K4 -- TNFRSF1B -- TRAF1 -- MAP3K1 -- ZFP36 -- BIRC2 -- ATM -- IL4 -- HSPB1 -- CDKN2A -- FBXO31 -- PPM1A -- SOCS3 -- NGF -- SHC1 -- IFNB1 -- IRF1 -- RPAIN -- HIP1 -- OTUD7B -- XIAP -- ERBB2 -- MTOR -- PRNP -- IL16 -- HIF1A -- RPS6KA1 -- UBE2D3
326,MYD88 -- CHUK -- MAPK1 -- MAPK3 -- E2F1 -- RELA -- JUN -- RXRB -- TNFAIP3 -- SP1 -- VEGFA -- ADAM17 -- EIF2AK2 -- BIRC3 -- IRAK1 -- MAP4K4 -- TNFRSF1B -- TRAF1 -- MAP3K1 -- ZFP36 -- BIRC2 -- ATM -- IL4 -- HSPB1 -- CDKN2A -- FBXO31 -- PPM1A -- SOCS3 -- NGF -- SHC1 -- IFNB1 -- IRF1 -- RPAIN -- HIP1 -- OTUD7B -- XIAP -- ERBB2 -- MTOR -- PRNP -- IL16 -- HIF1A -- RPS6KA1 -- UBE2D3
327,MYD88 -- CHUK -- MAPK1 -- MAPK3 -- E2F1 -- RELA -- JUN -- RXRB -- TNFAIP3 -- SP1 -- VEGFA -- ADAM17 -- EIF2AK2 -- BIRC3 -- IRAK1 -- MAP4K4 -- TNFRSF1B -- CYLD -- MAP3K1 -- ZFP36 -- BIRC2 -- ATM -- IL4 -- HSPB1 -- CDKN2A -- FBXO31 -- PPM1A -- SOCS3 -- NGF -- SHC1 -- IFNB1 -- IRF1 -- RPAIN -- HIP1 -- OTUD7B -- XIAP -- ERBB2 -- MTOR -- PRNP -- IL16 -- HIF1A -- RPS6KA1 -- UBE2D3
328,MYD88 -- CHUK -- MAPK1 -- MAPK3 -- E2F1 -- RELA -- JUN -- RXRB -- TNFAIP3 -- SP1 -- VEGFA -- ADAM17 -- EIF2AK2 -- BIRC3 -- IRAK1 -- MAP4K4 -- TNFRSF1B -- TRAF1 -- MAP3K1 -- ZFP36 -- BIRC2 -- ATM -- IL4 -- HSPB1 -- CDKN2A -- FBXO31 -- PPM1A -- SOCS3 -- NGF -- SHC1 -- IFNB1 -- IRF1 -- RPAIN -- HIP1 -- OTUD7B -- XIAP -- ERBB2 -- MTOR -- PRNP -- IL16 -- HIF1A -- RPS6KA1 -- UBE2D3
329,MYD88 -- CHUK -- MAPK1 -- MAPK3 -- E2F1 -- RELA -- JUN -- RXRB -- TNFAIP3 -- SP1 -- VEGFA -- ADAM17 -- EIF2AK2 -- BIRC3 -- IRAK1 -- MAP4K4 -- TNFRSF1B -- CYLD -- MAP3K1 -- ZFP36 -- BIRC2 -- ATM -- IL4 -- HSPB1 -- CDKN2A -- FBXO31 -- PPM1A -- SOCS3 -- NGF -- SHC1 -- IFNB1 -- IRF1 -- RPAIN -- HIP1 -- OTUD7B -- XIAP -- ERBB2 -- MTOR -- PRNP -- IL16 -- HIF1A -- RPS6KA1 -- UBE2D3
330,MYD88 -- CHUK -- MAPK1 -- MAPK3 -- E2F1 -- RELA -- JUN -- RXRB -- TNFAIP3 -- SP1 -- VEGFA -- ADAM17 -- EIF2AK2 -- BIRC3 -- IRAK1 -- MAP4K4 -- TNFRSF1B -- CYLD -- MAP3K1 -- ZFP36 -- BIRC2 -- ATM -- IL4 -- HSPB1 -- CDKN2A -- FBXO31 -- PPM1A -- SOCS3 -- NGF -- SHC1 -- IFNB1 -- IRF1 -- RPAIN -- HIP1 -- OTUD7B -- XIAP -- ERBB2 -- MTOR -- PRNP -- IL16 -- HIF1A -- RPS6KA1 -- UBE2D3
331,MYD88 -- CHUK -- MAPK1 -- MAPK3 -- E2F1 -- RELA -- JUN -- RXRB -- TNFAIP3 -- SP1 -- VEGFA -- ADAM17 -- EIF2AK2 -- BIRC3 -- IRAK1 -- MAP4K4 -- TNFRSF1B -- TRAF1 -- MAP3K1 -- ZFP36 -- BIRC2 -- ATM -- IL4 -- HSPB1 -- CDKN2A -- FBXO31 -- PPM1A -- SOCS3 -- NGF -- SHC1 -- IFNB1 -- IRF1 -- RPAIN -- HIP1 -- OTUD7B -- XIAP -- ERBB2 -- MTOR -- PRNP -- IL16 -- HIF1A -- RPS6KA1 -- UBE2D3
332,MYD88 -- CHUK -- MAPK1 -- MAPK3 -- E2F1 -- RELA -- JUN -- RXRB -- TNFAIP3 -- SP1 -- VEGFA -- ADAM17 -- EIF2AK2 -- BIRC3 -- IRAK1 -- MAP4K4 -- TNFRSF1B -- CYLD -- MAP3K1 -- ZFP36 -- BIRC2 -- ATM -- IL4 -- HSPB1 -- CDKN2A -- FBXO31 -- PPM1A -- SOCS3 -- NGF -- SHC1 -- IFNB1 -- IRF1 -- RPAIN -- HIP1 -- OTUD7B -- XIAP -- ERBB2 -- MTOR -- PRNP -- IL16 -- HIF1A -- RPS6KA1 -- UBE2D3
333,MYD88 -- CHUK -- MAPK1 -- MAPK3 -- E2F1 -- RELA -- JUN -- RXRB -- TNFAIP3 -- SP1 -- VEGFA -- ADAM17 -- EIF2AK2 -- BIRC3 -- IRAK1 -- MAP4K4 -- TNFRSF1B -- TRAF1 -- MAP3K1 -- ZFP36 -- BIRC2 -- ATM -- IL4 -- HSPB1 -- CDKN2A -- FBXO31 -- PPM1A -- SOCS3 -- NGF -- SHC1 -- IFNB1 -- IRF1 -- RPAIN -- HIP1 -- OTUD7B -- XIAP -- ERBB2 -- MTOR -- PRNP -- IL16 -- HIF1A -- RPS6KA1 -- UBE2D3
334,MYD88 -- CHUK -- MAPK1 -- MAPK3 -- E2F1 -- RELA -- JUN -- RXRB -- TNFAIP3 -- SP1 -- VEGFA -- ADAM17 -- EIF2AK2 -- BIRC3 -- IRAK1 -- MAP4K4 -- TNFRSF1B -- CYLD -- MAP3K1 -- ZFP36 -- BIRC2 -- ATM -- IL4 -- HSPB1 -- CDKN2A -- FBXO31 -- PPM1A -- SOCS3 -- NGF -- SHC1 -- IFNB1 -- IRF1 -- RPAIN -- HIP1 -- OTUD7B -- XIAP -- ERBB2 -- MTOR -- PRNP -- IL16 -- HIF1A -- RPS6KA1 -- UBE2D3
335,MYD88 -- CHUK -- MAPK1 -- MAPK3 -- E2F1 -- RELA -- JUN -- RXRB -- TNFAIP3 -- SP1 -- VEGFA -- ADAM17 -- EIF2AK2 -- BIRC3 -- IRAK1 -- MAP4K4 -- TNFRSF1B -- CYLD -- MAP3K1 -- ZFP36 -- BIRC2 -- ATM -- IL4 -- HSPB1 -- CDKN2A -- FBXO31 -- PPM1A -- SOCS3 -- NGF -- SHC1 -- IFNB1 -- IRF1 -- RPAIN -- HIP1 -- OTUD7B -- XIAP -- ERBB2 -- MTOR -- PRNP -- IL16 -- HIF1A -- RPS6KA1 -- UBE2D3
336,MYD88 -- CHUK -- MAPK1 -- MAPK3 -- E2F1 -- RELA -- JUN -- RXRB -- TNFAIP3 -- SP1 -- VEGFA -- ADAM17 -- EIF2AK2 -- BIRC3 -- IRAK1 -- MAP4K4 -- TNFRSF1B -- CYLD -- MAP3K1 -- ZFP36 -- BIRC2 -- ATM -- IL4 -- HSPB1 -- CDKN2A -- FBXO31 -- PPM1A -- SOCS3 -- NGF -- SHC1 -- IFNB1 -- IRF1 -- RPAIN -- HIP1 -- OTUD7B -- XIAP -- ERBB2 -- MTOR -- PRNP -- IL16 -- HIF1A -- RPS6KA1 -- UBE2D3
337,MYD88 -- CHUK -- MAPK1 -- MAPK3 -- E2F1 -- RELA -- JUN -- RXRB -- TNFAIP3 -- SP1 -- VEGFA -- ADAM17 -- EIF2AK2 -- BIRC3 -- IRAK1 -- MAP4K4 -- TNFRSF1B -- TRAF1 -- MAP3K1 -- ZFP36 -- BIRC2 -- ATM -- IL4 -- HSPB1 -- CDKN2A -- FBXO31 -- PPM1A -- SOCS3 -- NGF -- SHC1 -- IFNB1 -- IRF1 -- RPAIN -- HIP1 -- OTUD7B -- XIAP -- ERBB2 -- MTOR -- PRNP -- IL16 -- HIF1A -- RPS6KA1 -- UBE2D3
338,MYD88 -- CHUK -- MAPK1 -- MAPK3 -- E2F1 -- RELA -- JUN -- RXRB -- TNFAIP3 -- SP1 -- VEGFA -- ADAM17 -- EIF2AK2 -- BIRC3 -- IRAK1 -- MAP4K4 -- TNFRSF1B -- CYLD -- MAP3K1 -- ZFP36 -- BIRC2 -- ATM -- IL4 -- HSPB1 -- CDKN2A -- FBXO31 -- PPM1A -- SOCS3 -- NGF -- SHC1 -- IFNB1 -- IRF1 -- RPAIN -- HIP1 -- OTUD7B -- XIAP -- ERBB2 -- MTOR -- PRNP -- IL16 -- HIF1A -- RPS6KA1 -- UBE2D3
801,MYD88 -- CHUK -- MAPK1 -- MAPK3 -- E2F1 -- RELA -- JUN -- RXRB -- TNFAIP3 -- SP1 -- VEGFA -- ADAM17 -- EIF2AK2 -- BIRC3 -- IRAK1 -- MAP4K4 -- TNFRSF1B -- TRAF1 -- MAP3K1 -- ZFP36 -- BIRC2 -- ATM -- IL4 -- HSPB1 -- CDKN2A -- FBXO31 -- PPM1A -- SOCS3 -- NGF -- SHC1 -- IFNB1 -- IRF1 -- RPAIN -- HIP1 -- OTUD7B -- XIAP -- ERBB2 -- MTOR -- PRNP -- IL16 -- HIF1A -- RPS6KA1 -- UBE2D3
340,MYD88 -- CHUK -- MAPK1 -- MAPK3 -- E2F1 -- RELA -- JUN -- RXRB -- TNFAIP3 -- SP1 -- VEGFA -- ADAM17 -- EIF2AK2 -- BIRC3 -- IRAK1 -- MAP4K4 -- TNFRSF1B -- CYLD -- MAP3K1 -- ZFP36 -- BIRC2 -- ATM -- IL4 -- HSPB1 -- CDKN2A -- FBXO31 -- PPM1A -- SOCS3 -- NGF -- SHC1 -- IFNB1 -- IRF1 -- RPAIN -- HIP1 -- OTUD7B -- XIAP -- ERBB2 -- MTOR -- PRNP -- IL16 -- HIF1A -- RPS6KA1 -- UBE2D3
341,MYD88 -- CHUK -- MAPK1 -- MAPK3 -- E2F1 -- RELA -- JUN -- RXRB -- TNFAIP3 -- SP1 -- VEGFA -- ADAM17 -- EIF2AK2 -- BIRC3 -- IRAK1 -- MAP4K4 -- TNFRSF1B -- TRAF1 -- MAP3K1 -- ZFP36 -- BIRC2 -- ATM -- IL4 -- HSPB1 -- CDKN2A -- FBXO31 -- PPM1A -- SOCS3 -- NGF -- SHC1 -- IFNB1 -- IRF1 -- RPAIN -- HIP1 -- OTUD7B -- XIAP -- ERBB2 -- MTOR -- PRNP -- IL16 -- HIF1A -- RPS6KA1 -- UBE2D3
342,MYD88 -- CHUK -- MAPK1 -- MAPK3 -- E2F1 -- RELA -- JUN -- RXRB -- TNFAIP3 -- SP1 -- VEGFA -- ADAM17 -- EIF2AK2 -- BIRC3 -- IRAK1 -- MAP4K4 -- TNFRSF1B -- TRAF1 -- MAP3K1 -- ZFP36 -- BIRC2 -- ATM -- IL4 -- HSPB1 -- CDKN2A -- FBXO31 -- PPM1A -- SOCS3 -- NGF -- SHC1 -- IFNB1 -- IRF1 -- RPAIN -- HIP1 -- OTUD7B -- XIAP -- ERBB2 -- MTOR -- PRNP -- IL16 -- HIF1A -- RPS6KA1 -- UBE2D3
343,MYD88 -- CHUK -- MAPK1 -- MAPK3 -- E2F1 -- RELA -- JUN -- RXRB -- TNFAIP3 -- SP1 -- VEGFA -- ADAM17 -- EIF2AK2 -- BIRC3 -- IRAK1 -- MAP4K4 -- TNFRSF1B -- CYLD -- MAP3K1 -- ZFP36 -- BIRC2 -- ATM -- IL4 -- HSPB1 -- CDKN2A -- FBXO31 -- PPM1A -- SOCS3 -- NGF -- SHC1 -- IFNB1 -- IRF1 -- RPAIN -- HIP1 -- OTUD7B -- XIAP -- ERBB2 -- MTOR -- PRNP -- IL16 -- HIF1A -- RPS6KA1 -- UBE2D3
344,MYD88 -- CHUK -- MAPK1 -- MAPK3 -- E2F1 -- RELA -- JUN -- RXRB -- TNFAIP3 -- SP1 -- VEGFA -- ADAM17 -- EIF2AK2 -- BIRC3 -- IRAK1 -- MAP4K4 -- TNFRSF1B -- TRAF1 -- MAP3K1 -- ZFP36 -- BIRC2 -- ATM -- IL4 -- HSPB1 -- CDKN2A -- FBXO31 -- PPM1A -- SOCS3 -- NGF -- SHC1 -- IFNB1 -- IRF1 -- RPAIN -- HIP1 -- OTUD7B -- XIAP -- ERBB2 -- MTOR -- PRNP -- IL16 -- HIF1A -- RPS6KA1 -- UBE2D3
345,MYD88 -- CHUK -- MAPK1 -- MAPK3 -- E2F1 -- RELA -- JUN -- RXRB -- TNFAIP3 -- SP1 -- VEGFA -- ADAM17 -- EIF2AK2 -- BIRC3 -- IRAK1 -- MAP4K4 -- TNFRSF1B -- CYLD -- MAP3K1 -- ZFP36 -- BIRC2 -- ATM -- IL4 -- HSPB1 -- CDKN2A -- FBXO31 -- PPM1A -- SOCS3 -- NGF -- SHC1 -- IFNB1 -- IRF1 -- RPAIN -- HIP1 -- OTUD7B -- XIAP -- ERBB2 -- MTOR -- PRNP -- IL16 -- HIF1A -- RPS6KA1 -- UBE2D3
346,MYD88 -- CHUK -- MAPK1 -- MAPK3 -- E2F1 -- RELA -- JUN -- RXRB -- TNFAIP3 -- SP1 -- VEGFA -- ADAM17 -- EIF2AK2 -- BIRC3 -- IRAK1 -- MAP4K4 -- TNFRSF1B -- TRAF1 -- MAP3K1 -- ZFP36 -- BIRC2 -- ATM -- IL4 -- HSPB1 -- CDKN2A -- FBXO31 -- PPM1A -- SOCS3 -- NGF -- SHC1 -- IFNB1 -- IRF1 -- RPAIN -- HIP1 -- OTUD7B -- XIAP -- ERBB2 -- MTOR -- PRNP -- IL16 -- HIF1A -- RPS6KA1 -- UBE2D3
347,MYD88 -- CHUK -- MAPK1 -- MAPK3 -- E2F1 -- RELA -- JUN -- RXRB -- TNFAIP3 -- SP1 -- VEGFA -- ADAM17 -- EIF2AK2 -- BIRC3 -- IRAK1 -- MAP4K4 -- TNFRSF1B -- TRAF1 -- MAP3K1 -- ZFP36 -- BIRC2 -- ATM -- IL4 -- HSPB1 -- CDKN2A -- FBXO31 -- PPM1A -- SOCS3 -- NGF -- SHC1 -- IFNB1 -- IRF1 -- RPAIN -- HIP1 -- OTUD7B -- XIAP -- ERBB2 -- MTOR -- PRNP -- IL16 -- HIF1A -- RPS6KA1 -- UBE2D3
348,MYD88 -- CHUK -- MAPK1 -- MAPK3 -- E2F1 -- RELA -- JUN -- RXRB -- TNFAIP3 -- SP1 -- VEGFA -- ADAM17 -- EIF2AK2 -- BIRC3 -- IRAK1 -- MAP4K4 -- TNFRSF1B -- CYLD -- MAP3K1 -- ZFP36 -- BIRC2 -- ATM -- IL4 -- HSPB1 -- CDKN2A -- FBXO31 -- PPM1A -- SOCS3 -- NGF -- SHC1 -- IFNB1 -- IRF1 -- RPAIN -- HIP1 -- OTUD7B -- XIAP -- ERBB2 -- MTOR -- PRNP -- IL16 -- HIF1A -- RPS6KA1 -- UBE2D3
349,MYD88 -- CHUK -- MAPK1 -- MAPK3 -- E2F1 -- RELA -- JUN -- RXRB -- TNFAIP3 -- SP1 -- VEGFA -- ADAM17 -- EIF2AK2 -- BIRC3 -- IRAK1 -- MAP4K4 -- TNFRSF1B -- TRAF1 -- MAP3K1 -- ZFP36 -- BIRC2 -- ATM -- IL4 -- HSPB1 -- CDKN2A -- FBXO31 -- PPM1A -- SOCS3 -- NGF -- SHC1 -- IFNB1 -- IRF1 -- RPAIN -- HIP1 -- OTUD7B -- XIAP -- ERBB2 -- MTOR -- PRNP -- IL16 -- HIF1A -- RPS6KA1 -- UBE2D3
350,MYD88 -- CHUK -- MAPK1 -- MAPK3 -- E2F1 -- RELA -- JUN -- RXRB -- TNFAIP3 -- SP1 -- VEGFA -- ADAM17 -- EIF2AK2 -- BIRC3 -- IRAK1 -- MAP4K4 -- TNFRSF1B -- TRAF1 -- MAP3K1 -- ZFP36 -- BIRC2 -- ATM -- IL4 -- HSPB1 -- CDKN2A -- FBXO31 -- PPM1A -- SOCS3 -- NGF -- SHC1 -- IFNB1 -- IRF1 -- RPAIN -- HIP1 -- OTUD7B -- XIAP -- ERBB2 -- MTOR -- PRNP -- IL16 -- HIF1A -- RPS6KA1 -- UBE2D3
351,MYD88 -- CHUK -- MAPK1 -- MAPK3 -- E2F1 -- RELA -- JUN -- RXRB -- TNFAIP3 -- SP1 -- VEGFA -- ADAM17 -- EIF2AK2 -- BIRC3 -- IRAK1 -- MAP4K4 -- TNFRSF1B -- CYLD -- MAP3K1 -- ZFP36 -- BIRC2 -- ATM -- IL4 -- HSPB1 -- CDKN2A -- FBXO31 -- PPM1A -- SOCS3 -- NGF -- SHC1 -- IFNB1 -- IRF1 -- RPAIN -- HIP1 -- OTUD7B -- XIAP -- ERBB2 -- MTOR -- PRNP -- IL16 -- HIF1A -- RPS6KA1 -- UBE2D3
352,MYD88 -- CHUK -- MAPK1 -- MAPK3 -- E2F1 -- RELA -- JUN -- RXRB -- TNFAIP3 -- SP1 -- VEGFA -- ADAM17 -- EIF2AK2 -- BIRC3 -- IRAK1 -- MAP4K4 -- TNFRSF1B -- TRAF1 -- MAP3K1 -- ZFP36 -- BIRC2 -- ATM -- IL4 -- HSPB1 -- CDKN2A -- FBXO31 -- PPM1A -- SOCS3 -- NGF -- SHC1 -- IFNB1 -- IRF1 -- RPAIN -- HIP1 -- OTUD7B -- XIAP -- ERBB2 -- MTOR -- PRNP -- IL16 -- HIF1A -- RPS6KA1 -- UBE2D3
353,MYD88 -- CHUK -- MAPK1 -- MAPK3 -- E2F1 -- RELA -- JUN -- RXRB -- TNFAIP3 -- SP1 -- VEGFA -- ADAM17 -- EIF2AK2 -- BIRC3 -- IRAK1 -- MAP4K4 -- TNFRSF1B -- TRAF1 -- MAP3K1 -- ZFP36 -- BIRC2 -- ATM -- IL4 -- HSPB1 -- CDKN2A -- FBXO31 -- PPM1A -- SOCS3 -- NGF -- SHC1 -- IFNB1 -- IRF1 -- RPAIN -- HIP1 -- OTUD7B -- XIAP -- ERBB2 -- MTOR -- PRNP -- IL16 -- HIF1A -- RPS6KA1 -- UBE2D3
354,MYD88 -- CHUK -- MAPK1 -- MAPK3 -- E2F1 -- RELA -- JUN -- RXRB -- TNFAIP3 -- SP1 -- VEGFA -- ADAM17 -- EIF2AK2 -- BIRC3 -- IRAK1 -- MAP4K4 -- TNFRSF1B -- TRAF1 -- MAP3K1 -- ZFP36 -- BIRC2 -- ATM -- IL4 -- HSPB1 -- CDKN2A -- FBXO31 -- PPM1A -- SOCS3 -- NGF -- SHC1 -- IFNB1 -- IRF1 -- RPAIN -- HIP1 -- OTUD7B -- XIAP -- ERBB2 -- MTOR -- PRNP -- IL16 -- HIF1A -- RPS6KA1 -- UBE2D3
355,MYD88 -- CHUK -- MAPK1 -- MAPK3 -- E2F1 -- RELA -- JUN -- RXRB -- TNFAIP3 -- SP1 -- VEGFA -- ADAM17 -- EIF2AK2 -- BIRC3 -- IRAK1 -- MAP4K4 -- TNFRSF1B -- TRAF1 -- MAP3K1 -- ZFP36 -- BIRC2 -- ATM -- IL4 -- HSPB1 -- CDKN2A -- FBXO31 -- PPM1A -- SOCS3 -- NGF -- SHC1 -- IFNB1 -- IRF1 -- RPAIN -- HIP1 -- OTUD7B -- XIAP -- ERBB2 -- MTOR -- PRNP -- IL16 -- HIF1A -- RPS6KA1 -- UBE2D3
356,MYD88 -- CHUK -- MAPK1 -- MAPK3 -- E2F1 -- RELA -- JUN -- RXRB -- TNFAIP3 -- SP1 -- VEGFA -- ADAM17 -- EIF2AK2 -- BIRC3 -- IRAK1 -- MAP4K4 -- TNFRSF1B -- CYLD -- MAP3K1 -- ZFP36 -- BIRC2 -- ATM -- IL4 -- HSPB1 -- CDKN2A -- FBXO31 -- PPM1A -- SOCS3 -- NGF -- SHC1 -- IFNB1 -- IRF1 -- RPAIN -- HIP1 -- OTUD7B -- XIAP -- ERBB2 -- MTOR -- PRNP -- IL16 -- HIF1A -- RPS6KA1 -- UBE2D3
357,MYD88 -- CHUK -- MAPK1 -- MAPK3 -- E2F1 -- RELA -- JUN -- RXRB -- TNFAIP3 -- SP1 -- VEGFA -- ADAM17 -- EIF2AK2 -- BIRC3 -- IRAK1 -- MAP4K4 -- TNFRSF1B -- TRAF1 -- MAP3K1 -- ZFP36 -- BIRC2 -- ATM -- IL4 -- HSPB1 -- CDKN2A -- FBXO31 -- PPM1A -- SOCS3 -- NGF -- SHC1 -- IFNB1 -- IRF1 -- RPAIN -- HIP1 -- OTUD7B -- XIAP -- ERBB2 -- MTOR -- PRNP -- IL16 -- HIF1A -- RPS6KA1 -- UBE2D3
358,MYD88 -- CHUK -- MAPK1 -- MAPK3 -- E2F1 -- RELA -- JUN -- RXRB -- TNFAIP3 -- SP1 -- VEGFA -- ADAM17 -- EIF2AK2 -- BIRC3 -- IRAK1 -- MAP4K4 -- TNFRSF1B -- CYLD -- MAP3K1 -- ZFP36 -- BIRC2 -- ATM -- IL4 -- HSPB1 -- CDKN2A -- FBXO31 -- PPM1A -- SOCS3 -- NGF -- SHC1 -- IFNB1 -- IRF1 -- RPAIN -- HIP1 -- OTUD7B -- XIAP -- ERBB2 -- MTOR -- PRNP -- IL16 -- HIF1A -- RPS6KA1 -- UBE2D3
359,MYD88 -- CHUK -- MAPK1 -- MAPK3 -- E2F1 -- RELA -- JUN -- RXRB -- TNFAIP3 -- SP1 -- VEGFA -- ADAM17 -- EIF2AK2 -- BIRC3 -- IRAK1 -- MAP4K4 -- TNFRSF1B -- CYLD -- MAP3K1 -- ZFP36 -- BIRC2 -- ATM -- IL4 -- HSPB1 -- CDKN2A -- FBXO31 -- PPM1A -- SOCS3 -- NGF -- SHC1 -- IFNB1 -- IRF1 -- RPAIN -- HIP1 -- OTUD7B -- XIAP -- ERBB2 -- MTOR -- PRNP -- IL16 -- HIF1A -- RPS6KA1 -- UBE2D3
360,MYD88 -- CHUK -- MAPK1 -- MAPK3 -- E2F1 -- RELA -- JUN -- RXRB -- TNFAIP3 -- SP1 -- VEGFA -- ADAM17 -- EIF2AK2 -- BIRC3 -- IRAK1 -- MAP4K4 -- TNFRSF1B -- CYLD -- MAP3K1 -- ZFP36 -- BIRC2 -- ATM -- IL4 -- HSPB1 -- CDKN2A -- FBXO31 -- PPM1A -- SOCS3 -- NGF -- SHC1 -- IFNB1 -- IRF1 -- RPAIN -- HIP1 -- OTUD7B -- XIAP -- ERBB2 -- MTOR -- PRNP -- IL16 -- HIF1A -- RPS6KA1 -- UBE2D3
361,MYD88 -- CHUK -- MAPK1 -- MAPK3 -- E2F1 -- RELA -- JUN -- RXRB -- TNFAIP3 -- SP1 -- VEGFA -- ADAM17 -- EIF2AK2 -- BIRC3 -- IRAK1 -- MAP4K4 -- TNFRSF1B -- TRAF1 -- MAP3K1 -- ZFP36 -- BIRC2 -- ATM -- IL4 -- HSPB1 -- CDKN2A -- FBXO31 -- PPM1A -- SOCS3 -- NGF -- SHC1 -- IFNB1 -- IRF1 -- RPAIN -- HIP1 -- OTUD7B -- XIAP -- ERBB2 -- MTOR -- PRNP -- IL16 -- HIF1A -- RPS6KA1 -- UBE2D3
362,MYD88 -- CHUK -- MAPK1 -- MAPK3 -- E2F1 -- RELA -- JUN -- RXRB -- TNFAIP3 -- SP1 -- VEGFA -- ADAM17 -- EIF2AK2 -- BIRC3 -- IRAK1 -- MAP4K4 -- TNFRSF1B -- CYLD -- MAP3K1 -- ZFP36 -- BIRC2 -- ATM -- IL4 -- HSPB1 -- CDKN2A -- FBXO31 -- PPM1A -- SOCS3 -- NGF -- SHC1 -- IFNB1 -- IRF1 -- RPAIN -- HIP1 -- OTUD7B -- XIAP -- ERBB2 -- MTOR -- PRNP -- IL16 -- HIF1A -- RPS6KA1 -- UBE2D3
363,MYD88 -- CHUK -- MAPK1 -- MAPK3 -- E2F1 -- RELA -- JUN -- RXRB -- TNFAIP3 -- SP1 -- VEGFA -- ADAM17 -- EIF2AK2 -- BIRC3 -- IRAK1 -- MAP4K4 -- TNFRSF1B -- CYLD -- MAP3K1 -- ZFP36 -- BIRC2 -- ATM -- IL4 -- HSPB1 -- CDKN2A -- FBXO31 -- PPM1A -- SOCS3 -- NGF -- SHC1 -- IFNB1 -- IRF1 -- RPAIN -- HIP1 -- OTUD7B -- XIAP -- ERBB2 -- MTOR -- PRNP -- IL16 -- HIF1A -- RPS6KA1 -- UBE2D3
364,MYD88 -- CHUK -- MAPK1 -- MAPK3 -- E2F1 -- RELA -- JUN -- RXRB -- TNFAIP3 -- SP1 -- VEGFA -- ADAM17 -- EIF2AK2 -- BIRC3 -- IRAK1 -- MAP4K4 -- TNFRSF1B -- CYLD -- MAP3K1 -- ZFP36 -- BIRC2 -- ATM -- IL4 -- HSPB1 -- CDKN2A -- FBXO31 -- PPM1A -- SOCS3 -- NGF -- SHC1 -- IFNB1 -- IRF1 -- RPAIN -- HIP1 -- OTUD7B -- XIAP -- ERBB2 -- MTOR -- PRNP -- IL16 -- HIF1A -- RPS6KA1 -- UBE2D3
365,MYD88 -- CHUK -- MAPK1 -- MAPK3 -- E2F1 -- RELA -- JUN -- RXRB -- TNFAIP3 -- SP1 -- VEGFA -- ADAM17 -- EIF2AK2 -- BIRC3 -- IRAK1 -- MAP4K4 -- TNFRSF1B -- TRAF1 -- MAP3K1 -- ZFP36 -- BIRC2 -- ATM -- IL4 -- HSPB1 -- CDKN2A -- FBXO31 -- PPM1A -- SOCS3 -- NGF -- SHC1 -- IFNB1 -- IRF1 -- RPAIN -- HIP1 -- OTUD7B -- XIAP -- ERBB2 -- MTOR -- PRNP -- IL16 -- HIF1A -- RPS6KA1 -- UBE2D3
366,MYD88 -- CHUK -- MAPK1 -- MAPK3 -- E2F1 -- RELA -- JUN -- RXRB -- TNFAIP3 -- SP1 -- VEGFA -- ADAM17 -- EIF2AK2 -- BIRC3 -- IRAK1 -- MAP4K4 -- TNFRSF1B -- CYLD -- MAP3K1 -- ZFP36 -- BIRC2 -- ATM -- IL4 -- HSPB1 -- CDKN2A -- FBXO31 -- PPM1A -- SOCS3 -- NGF -- SHC1 -- IFNB1 -- IRF1 -- RPAIN -- HIP1 -- OTUD7B -- XIAP -- ERBB2 -- MTOR -- PRNP -- IL16 -- HIF1A -- RPS6KA1 -- UBE2D3
367,MYD88 -- CHUK -- MAPK1 -- MAPK3 -- E2F1 -- RELA -- JUN -- RXRB -- TNFAIP3 -- SP1 -- VEGFA -- ADAM17 -- EIF2AK2 -- BIRC3 -- IRAK1 -- MAP4K4 -- TNFRSF1B -- TRAF1 -- MAP3K1 -- ZFP36 -- BIRC2 -- ATM -- IL4 -- HSPB1 -- CDKN2A -- FBXO31 -- PPM1A -- SOCS3 -- NGF -- SHC1 -- IFNB1 -- IRF1 -- RPAIN -- HIP1 -- OTUD7B -- XIAP -- ERBB2 -- MTOR -- PRNP -- IL16 -- HIF1A -- RPS6KA1 -- UBE2D3
368,MYD88 -- CHUK -- MAPK1 -- MAPK3 -- E2F1 -- RELA -- JUN -- RXRB -- TNFAIP3 -- SP1 -- VEGFA -- ADAM17 -- EIF2AK2 -- BIRC3 -- IRAK1 -- MAP4K4 -- TNFRSF1B -- TRAF1 -- MAP3K1 -- ZFP36 -- BIRC2 -- ATM -- IL4 -- HSPB1 -- CDKN2A -- FBXO31 -- PPM1A -- SOCS3 -- NGF -- SHC1 -- IFNB1 -- IRF1 -- RPAIN -- HIP1 -- OTUD7B -- XIAP -- ERBB2 -- MTOR -- PRNP -- IL16 -- HIF1A -- RPS6KA1 -- UBE2D3
369,MYD88 -- CHUK -- MAPK1 -- MAPK3 -- E2F1 -- RELA -- JUN -- RXRB -- TNFAIP3 -- SP1 -- VEGFA -- ADAM17 -- EIF2AK2 -- BIRC3 -- IRAK1 -- MAP4K4 -- TNFRSF1B -- TRAF1 -- MAP3K1 -- ZFP36 -- BIRC2 -- ATM -- IL4 -- HSPB1 -- CDKN2A -- FBXO31 -- PPM1A -- SOCS3 -- NGF -- SHC1 -- IFNB1 -- IRF1 -- RPAIN -- HIP1 -- OTUD7B -- XIAP -- ERBB2 -- MTOR -- PRNP -- NFE2L2 -- IL16 -- HIF1A -- RPS6KA1 -- UBE2D3
370,MYD88 -- CHUK -- MAPK1 -- MAPK3 -- E2F1 -- RELA -- JUN -- RXRB -- TNFAIP3 -- SP1 -- VEGFA -- ADAM17 -- EIF2AK2 -- BIRC3 -- IRAK1 -- MAP4K4 -- TNFRSF1B -- TRAF1 -- MAP3K1 -- ZFP36 -- BIRC2 -- ATM -- IL4 -- HSPB1 -- CDKN2A -- FBXO31 -- PPM1A -- SOCS3 -- NGF -- SHC1 -- IFNB1 -- IRF1 -- RPAIN -- HIP1 -- OTUD7B -- XIAP -- ERBB2 -- MTOR -- PRNP -- IL16 -- HIF1A -- RPS6KA1 -- UBE2D3
371,MYD88 -- CHUK -- MAPK1 -- MAPK3 -- E2F1 -- RELA -- JUN -- RXRB -- TNFAIP3 -- SP1 -- VEGFA -- ADAM17 -- EIF2AK2 -- BIRC3 -- IRAK1 -- MAP4K4 -- TNFRSF1B -- CYLD -- MAP3K1 -- ZFP36 -- BIRC2 -- ATM -- IL4 -- HSPB1 -- CDKN2A -- FBXO31 -- PPM1A -- SOCS3 -- NGF -- SHC1 -- IFNB1 -- IRF1 -- RPAIN -- HIP1 -- OTUD7B -- XIAP -- ERBB2 -- MTOR -- PRNP -- IL16 -- HIF1A -- RPS6KA1 -- UBE2D3
372,MYD88 -- CHUK -- MAPK1 -- MAPK3 -- E2F1 -- RELA -- JUN -- RXRB -- TNFAIP3 -- SP1 -- VEGFA -- ADAM17 -- EIF2AK2 -- BIRC3 -- IRAK1 -- MAP4K4 -- TNFRSF1B -- CYLD -- MAP3K1 -- ZFP36 -- BIRC2 -- ATM -- IL4 -- HSPB1 -- CDKN2A -- FBXO31 -- PPM1A -- SOCS3 -- NGF -- SHC1 -- IFNB1 -- IRF1 -- RPAIN -- HIP1 -- OTUD7B -- XIAP -- ERBB2 -- MTOR -- PRNP -- IL16 -- HIF1A -- RPS6KA1 -- UBE2D3
373,MYD88 -- CHUK -- MAPK1 -- MAPK3 -- E2F1 -- RELA -- JUN -- RXRB -- TNFAIP3 -- SP1 -- VEGFA -- ADAM17 -- EIF2AK2 -- BIRC3 -- IRAK1 -- MAP4K4 -- TNFRSF1B -- TRAF1 -- MAP3K1 -- ZFP36 -- BIRC2 -- ATM -- IL4 -- HSPB1 -- CDKN2A -- FBXO31 -- PPM1A -- SOCS3 -- NGF -- SHC1 -- IFNB1 -- IRF1 -- RPAIN -- HIP1 -- OTUD7B -- XIAP -- ERBB2 -- MTOR -- PRNP -- IL16 -- HIF1A -- RPS6KA1 -- UBE2D3
374,MYD88 -- CHUK -- MAPK1 -- MAPK3 -- E2F1 -- RELA -- JUN -- RXRB -- TNFAIP3 -- SP1 -- VEGFA -- ADAM17 -- EIF2AK2 -- BIRC3 -- IRAK1 -- MAP4K4 -- TNFRSF1B -- CYLD -- MAP3K1 -- ZFP36 -- BIRC2 -- ATM -- IL4 -- HSPB1 -- CDKN2A -- FBXO31 -- PPM1A -- SOCS3 -- NGF -- SHC1 -- IFNB1 -- IRF1 -- RPAIN -- HIP1 -- OTUD7B -- XIAP -- ERBB2 -- MTOR -- PRNP -- IL16 -- HIF1A -- RPS6KA1 -- UBE2D3
375,MYD88 -- CHUK -- MAPK1 -- MAPK3 -- E2F1 -- RELA -- JUN -- RXRB -- TNFAIP3 -- SP1 -- VEGFA -- ADAM17 -- EIF2AK2 -- BIRC3 -- IRAK1 -- MAP4K4 -- TNFRSF1B -- CYLD -- MAP3K1 -- ZFP36 -- BIRC2 -- ATM -- IL4 -- HSPB1 -- CDKN2A -- FBXO31 -- PPM1A -- SOCS3 -- NGF -- SHC1 -- IFNB1 -- IRF1 -- RPAIN -- HIP1 -- OTUD7B -- XIAP -- ERBB2 -- MTOR -- PRNP -- IL16 -- HIF1A -- RPS6KA1 -- UBE2D3
376,MYD88 -- CHUK -- MAPK1 -- MAPK3 -- E2F1 -- RELA -- JUN -- RXRB -- TNFAIP3 -- SP1 -- VEGFA -- ADAM17 -- EIF2AK2 -- BIRC3 -- IRAK1 -- MAP4K4 -- TNFRSF1B -- TRAF1 -- MAP3K1 -- ZFP36 -- BIRC2 -- ATM -- IL4 -- HSPB1 -- CDKN2A -- FBXO31 -- PPM1A -- SOCS3 -- NGF -- SHC1 -- IFNB1 -- IRF1 -- RPAIN -- HIP1 -- OTUD7B -- XIAP -- ERBB2 -- MTOR -- PRNP -- IL16 -- HIF1A -- RPS6KA1 -- UBE2D3
377,MYD88 -- CHUK -- MAPK1 -- MAPK3 -- E2F1 -- RELA -- JUN -- RXRB -- TNFAIP3 -- SP1 -- VEGFA -- ADAM17 -- EIF2AK2 -- BIRC3 -- IRAK1 -- MAP4K4 -- TNFRSF1B -- CYLD -- MAP3K1 -- ZFP36 -- BIRC2 -- ATM -- IL4 -- HSPB1 -- CDKN2A -- FBXO31 -- PPM1A -- SOCS3 -- NGF -- SHC1 -- IFNB1 -- IRF1 -- RPAIN -- HIP1 -- OTUD7B -- XIAP -- ERBB2 -- MTOR -- PRNP -- IL16 -- HIF1A -- RPS6KA1 -- UBE2D3
378,MYD88 -- CHUK -- MAPK1 -- MAPK3 -- E2F1 -- RELA -- JUN -- RXRB -- TNFAIP3 -- SP1 -- VEGFA -- ADAM17 -- EIF2AK2 -- BIRC3 -- IRAK1 -- MAP4K4 -- TNFRSF1B -- CYLD -- MAP3K1 -- ZFP36 -- BIRC2 -- ATM -- IL4 -- HSPB1 -- CDKN2A -- FBXO31 -- PPM1A -- SOCS3 -- NGF -- SHC1 -- IFNB1 -- IRF1 -- RPAIN -- HIP1 -- OTUD7B -- XIAP -- ERBB2 -- MTOR -- PRNP -- IL16 -- HIF1A -- RPS6KA1 -- UBE2D3
379,MYD88 -- CHUK -- MAPK1 -- MAPK3 -- E2F1 -- RELA -- JUN -- RXRB -- TNFAIP3 -- SP1 -- VEGFA -- ADAM17 -- EIF2AK2 -- BIRC3 -- IRAK1 -- MAP4K4 -- TNFRSF1B -- TRAF1 -- MAP3K1 -- ZFP36 -- BIRC2 -- ATM -- IL4 -- HSPB1 -- CDKN2A -- FBXO31 -- PPM1A -- SOCS3 -- NGF -- SHC1 -- IFNB1 -- IRF1 -- RPAIN -- HIP1 -- OTUD7B -- XIAP -- ERBB2 -- MTOR -- PRNP -- IL16 -- HIF1A -- RPS6KA1 -- UBE2D3
380,MYD88 -- CHUK -- MAPK1 -- MAPK3 -- E2F1 -- RELA -- JUN -- RXRB -- TNFAIP3 -- SP1 -- VEGFA -- ADAM17 -- EIF2AK2 -- BIRC3 -- IRAK1 -- MAP4K4 -- TNFRSF1B -- CYLD -- MAP3K1 -- ZFP36 -- BIRC2 -- ATM -- IL4 -- HSPB1 -- CDKN2A -- FBXO31 -- PPM1A -- SOCS3 -- NGF -- SHC1 -- IFNB1 -- IRF1 -- RPAIN -- HIP1 -- OTUD7B -- XIAP -- ERBB2 -- MTOR -- PRNP -- IL16 -- HIF1A -- RPS6KA1 -- UBE2D3
381,MYD88 -- CHUK -- MAPK1 -- MAPK3 -- E2F1 -- RELA -- JUN -- RXRB -- TNFAIP3 -- SP1 -- VEGFA -- ADAM17 -- EIF2AK2 -- BIRC3 -- IRAK1 -- MAP4K4 -- TNFRSF1B -- TRAF1 -- MAP3K1 -- ZFP36 -- BIRC2 -- ATM -- IL4 -- HSPB1 -- CDKN2A -- FBXO31 -- PPM1A -- SOCS3 -- NGF -- SHC1 -- IFNB1 -- IRF1 -- RPAIN -- HIP1 -- OTUD7B -- XIAP -- ERBB2 -- MTOR -- PRNP -- IL16 -- HIF1A -- RPS6KA1 -- UBE2D3
382,MYD88 -- CHUK -- MAPK1 -- MAPK3 -- E2F1 -- RELA -- JUN -- RXRB -- TNFAIP3 -- SP1 -- VEGFA -- ADAM17 -- EIF2AK2 -- BIRC3 -- IRAK1 -- MAP4K4 -- TNFRSF1B -- TRAF1 -- MAP3K1 -- ZFP36 -- BIRC2 -- ATM -- IL4 -- HSPB1 -- CDKN2A -- FBXO31 -- PPM1A -- SOCS3 -- NGF -- SHC1 -- IFNB1 -- IRF1 -- RPAIN -- HIP1 -- OTUD7B -- XIAP -- ERBB2 -- MTOR -- PRNP -- IL16 -- HIF1A -- RPS6KA1 -- UBE2D3
383,MYD88 -- CHUK -- MAPK1 -- MAPK3 -- E2F1 -- RELA -- JUN -- RXRB -- TNFAIP3 -- SP1 -- VEGFA -- ADAM17 -- EIF2AK2 -- BIRC3 -- IRAK1 -- MAP4K4 -- TNFRSF1B -- CYLD -- MAP3K1 -- ZFP36 -- BIRC2 -- ATM -- IL4 -- HSPB1 -- CDKN2A -- FBXO31 -- PPM1A -- SOCS3 -- NGF -- SHC1 -- IFNB1 -- IRF1 -- RPAIN -- HIP1 -- OTUD7B -- XIAP -- ERBB2 -- MTOR -- PRNP -- IL16 -- HIF1A -- RPS6KA1 -- UBE2D3
384,MYD88 -- CHUK -- MAPK1 -- MAPK3 -- E2F1 -- RELA -- JUN -- RXRB -- TNFAIP3 -- SP1 -- VEGFA -- ADAM17 -- EIF2AK2 -- BIRC3 -- IRAK1 -- MAP4K4 -- TNFRSF1B -- TRAF1 -- MAP3K1 -- ZFP36 -- BIRC2 -- ATM -- IL4 -- HSPB1 -- CDKN2A -- FBXO31 -- PPM1A -- SOCS3 -- NGF -- SHC1 -- IFNB1 -- IRF1 -- RPAIN -- HIP1 -- OTUD7B -- XIAP -- ERBB2 -- MTOR -- PRNP -- IL16 -- HIF1A -- RPS6KA1 -- UBE2D3
385,MYD88 -- CHUK -- MAPK1 -- MAPK3 -- E2F1 -- RELA -- JUN -- RXRB -- TNFAIP3 -- SP1 -- VEGFA -- ADAM17 -- EIF2AK2 -- BIRC3 -- IRAK1 -- MAP4K4 -- TNFRSF1B -- TRAF1 -- MAP3K1 -- ZFP36 -- BIRC2 -- ATM -- IL4 -- HSPB1 -- CDKN2A -- FBXO31 -- PPM1A -- SOCS3 -- NGF -- SHC1 -- IFNB1 -- IRF1 -- RPAIN -- HIP1 -- OTUD7B -- XIAP -- ERBB2 -- MTOR -- PRNP -- IL16 -- HIF1A -- RPS6KA1 -- UBE2D3
386,MYD88 -- CHUK -- MAPK1 -- MAPK3 -- E2F1 -- RELA -- JUN -- RXRB -- TNFAIP3 -- SP1 -- VEGFA -- ADAM17 -- EIF2AK2 -- BIRC3 -- IRAK1 -- MAP4K4 -- TNFRSF1B -- TRAF1 -- MAP3K1 -- ZFP36 -- BIRC2 -- ATM -- IL4 -- HSPB1 -- CDKN2A -- FBXO31 -- PPM1A -- SOCS3 -- NGF -- SHC1 -- IFNB1 -- IRF1 -- RPAIN -- HIP1 -- OTUD7B -- XIAP -- ERBB2 -- MTOR -- PRNP -- IL16 -- HIF1A -- RPS6KA1 -- UBE2D3
387,MYD88 -- CHUK -- MAPK1 -- MAPK3 -- E2F1 -- RELA -- JUN -- RXRB -- TNFAIP3 -- SP1 -- VEGFA -- ADAM17 -- EIF2AK2 -- BIRC3 -- IRAK1 -- MAP4K4 -- TNFRSF1B -- CYLD -- MAP3K1 -- ZFP36 -- BIRC2 -- ATM -- IL4 -- HSPB1 -- CDKN2A -- FBXO31 -- PPM1A -- SOCS3 -- NGF -- SHC1 -- IFNB1 -- IRF1 -- RPAIN -- HIP1 -- OTUD7B -- XIAP -- ERBB2 -- MTOR -- PRNP -- IL16 -- HIF1A -- RPS6KA1 -- UBE2D3
388,MYD88 -- CHUK -- MAPK1 -- MAPK3 -- E2F1 -- RELA -- JUN -- RXRB -- TNFAIP3 -- SP1 -- VEGFA -- ADAM17 -- EIF2AK2 -- BIRC3 -- IRAK1 -- MAP4K4 -- TNFRSF1B -- TRAF1 -- MAP3K1 -- ZFP36 -- BIRC2 -- ATM -- IL4 -- HSPB1 -- CDKN2A -- FBXO31 -- PPM1A -- SOCS3 -- NGF -- SHC1 -- IFNB1 -- IRF1 -- RPAIN -- HIP1 -- OTUD7B -- XIAP -- ERBB2 -- MTOR -- PRNP -- IL16 -- HIF1A -- RPS6KA1 -- UBE2D3
389,MYD88 -- CHUK -- MAPK1 -- MAPK3 -- E2F1 -- RELA -- JUN -- RXRB -- TNFAIP3 -- SP1 -- VEGFA -- ADAM17 -- EIF2AK2 -- BIRC3 -- IRAK1 -- MAP4K4 -- TNFRSF1B -- TRAF1 -- MAP3K1 -- ZFP36 -- BIRC2 -- ATM -- IL4 -- HSPB1 -- CDKN2A -- FBXO31 -- PPM1A -- SOCS3 -- NGF -- SHC1 -- IFNB1 -- IRF1 -- RPAIN -- HIP1 -- OTUD7B -- XIAP -- ERBB2 -- MTOR -- PRNP -- IL16 -- HIF1A -- RPS6KA1 -- UBE2D3
390,MYD88 -- CHUK -- MAPK1 -- MAPK3 -- E2F1 -- RELA -- JUN -- RXRB -- TNFAIP3 -- SP1 -- VEGFA -- ADAM17 -- EIF2AK2 -- BIRC3 -- IRAK1 -- MAP4K4 -- TNFRSF1B -- TRAF1 -- MAP3K1 -- ZFP36 -- BIRC2 -- ATM -- IL4 -- HSPB1 -- CDKN2A -- FBXO31 -- PPM1A -- SOCS3 -- NGF -- SHC1 -- IFNB1 -- IRF1 -- RPAIN -- HIP1 -- OTUD7B -- XIAP -- ERBB2 -- MTOR -- PRNP -- IL16 -- HIF1A -- RPS6KA1 -- UBE2D3
391,MYD88 -- CHUK -- MAPK1 -- MAPK3 -- E2F1 -- RELA -- JUN -- RXRB -- TNFAIP3 -- SP1 -- VEGFA -- ADAM17 -- EIF2AK2 -- BIRC3 -- IRAK1 -- MAP4K4 -- TNFRSF1B -- CYLD -- MAP3K1 -- ZFP36 -- BIRC2 -- ATM -- IL4 -- HSPB1 -- CDKN2A -- FBXO31 -- PPM1A -- SOCS3 -- NGF -- SHC1 -- IFNB1 -- IRF1 -- RPAIN -- HIP1 -- OTUD7B -- XIAP -- ERBB2 -- MTOR -- PRNP -- IL16 -- HIF1A -- RPS6KA1 -- UBE2D3
392,MYD88 -- CHUK -- MAPK1 -- MAPK3 -- E2F1 -- RELA -- JUN -- RXRB -- TNFAIP3 -- SP1 -- VEGFA -- ADAM17 -- EIF2AK2 -- BIRC3 -- IRAK1 -- MAP4K4 -- TNFRSF1B -- TRAF1 -- MAP3K1 -- ZFP36 -- BIRC2 -- ATM -- IL4 -- HSPB1 -- CDKN2A -- FBXO31 -- PPM1A -- SOCS3 -- NGF -- SHC1 -- IFNB1 -- IRF1 -- RPAIN -- HIP1 -- OTUD7B -- XIAP -- ERBB2 -- MTOR -- PRNP -- IL16 -- HIF1A -- RPS6KA1 -- UBE2D3
393,MYD88 -- CHUK -- MAPK1 -- MAPK3 -- E2F1 -- RELA -- JUN -- RXRB -- TNFAIP3 -- SP1 -- VEGFA -- ADAM17 -- EIF2AK2 -- BIRC3 -- IRAK1 -- MAP4K4 -- TNFRSF1B -- CYLD -- MAP3K1 -- ZFP36 -- BIRC2 -- ATM -- IL4 -- HSPB1 -- CDKN2A -- FBXO31 -- PPM1A -- SOCS3 -- NGF -- SHC1 -- IFNB1 -- IRF1 -- RPAIN -- HIP1 -- OTUD7B -- XIAP -- ERBB2 -- MTOR -- PRNP -- IL16 -- HIF1A -- RPS6KA1 -- UBE2D3
394,MYD88 -- CHUK -- MAPK1 -- MAPK3 -- E2F1 -- RELA -- JUN -- RXRB -- TNFAIP3 -- SP1 -- VEGFA -- ADAM17 -- EIF2AK2 -- BIRC3 -- IRAK1 -- MAP4K4 -- TNFRSF1B -- TRAF1 -- MAP3K1 -- ZFP36 -- BIRC2 -- ATM -- IL4 -- HSPB1 -- CDKN2A -- FBXO31 -- PPM1A -- SOCS3 -- NGF -- SHC1 -- IFNB1 -- IRF1 -- RPAIN -- HIP1 -- OTUD7B -- XIAP -- ERBB2 -- MTOR -- PRNP -- IL16 -- HIF1A -- RPS6KA1 -- UBE2D3
395,MYD88 -- CHUK -- MAPK1 -- MAPK3 -- E2F1 -- RELA -- JUN -- RXRB -- TNFAIP3 -- SP1 -- VEGFA -- ADAM17 -- EIF2AK2 -- BIRC3 -- IRAK1 -- MAP4K4 -- TNFRSF1B -- CYLD -- MAP3K1 -- ZFP36 -- BIRC2 -- ATM -- IL4 -- HSPB1 -- CDKN2A -- FBXO31 -- PPM1A -- SOCS3 -- NGF -- SHC1 -- IFNB1 -- IRF1 -- RPAIN -- HIP1 -- OTUD7B -- XIAP -- ERBB2 -- MTOR -- PRNP -- IL16 -- HIF1A -- RPS6KA1 -- UBE2D3
396,MYD88 -- CHUK -- MAPK1 -- MAPK3 -- E2F1 -- RELA -- JUN -- RXRB -- TNFAIP3 -- SP1 -- VEGFA -- ADAM17 -- EIF2AK2 -- BIRC3 -- IRAK1 -- MAP4K4 -- TNFRSF1B -- CYLD -- MAP3K1 -- ZFP36 -- BIRC2 -- ATM -- IL4 -- HSPB1 -- CDKN2A -- FBXO31 -- PPM1A -- SOCS3 -- NGF -- SHC1 -- IFNB1 -- IRF1 -- RPAIN -- HIP1 -- OTUD7B -- XIAP -- ERBB2 -- MTOR -- PRNP -- IL16 -- HIF1A -- RPS6KA1 -- UBE2D3
397,MYD88 -- CHUK -- MAPK1 -- MAPK3 -- E2F1 -- RELA -- JUN -- RXRB -- TNFAIP3 -- SP1 -- VEGFA -- ADAM17 -- EIF2AK2 -- BIRC3 -- IRAK1 -- MAP4K4 -- TNFRSF1B -- CYLD -- MAP3K1 -- ZFP36 -- BIRC2 -- ATM -- IL4 -- HSPB1 -- CDKN2A -- FBXO31 -- PPM1A -- SOCS3 -- NGF -- SHC1 -- IFNB1 -- IRF1 -- RPAIN -- HIP1 -- OTUD7B -- XIAP -- ERBB2 -- MTOR -- PRNP -- IL16 -- HIF1A -- RPS6KA1 -- UBE2D3
398,MYD88 -- CHUK -- MAPK1 -- MAPK3 -- E2F1 -- RELA -- JUN -- RXRB -- TNFAIP3 -- SP1 -- VEGFA -- ADAM17 -- EIF2AK2 -- BIRC3 -- IRAK1 -- MAP4K4 -- TNFRSF1B -- TRAF1 -- MAP3K1 -- ZFP36 -- BIRC2 -- ATM -- IL4 -- HSPB1 -- CDKN2A -- FBXO31 -- PPM1A -- SOCS3 -- NGF -- SHC1 -- IFNB1 -- IRF1 -- RPAIN -- HIP1 -- OTUD7B -- XIAP -- ERBB2 -- MTOR -- PRNP -- IL16 -- HIF1A -- RPS6KA1 -- UBE2D3
399,MYD88 -- CHUK -- MAPK1 -- MAPK3 -- E2F1 -- RELA -- JUN -- RXRB -- TNFAIP3 -- SP1 -- VEGFA -- ADAM17 -- EIF2AK2 -- BIRC3 -- IRAK1 -- MAP4K4 -- TNFRSF1B -- TRAF1 -- MAP3K1 -- ZFP36 -- BIRC2 -- ATM -- IL4 -- HSPB1 -- CDKN2A -- FBXO31 -- PPM1A -- SOCS3 -- NGF -- SHC1 -- IFNB1 -- IRF1 -- RPAIN -- HIP1 -- OTUD7B -- XIAP -- ERBB2 -- MTOR -- PRNP -- IL16 -- HIF1A -- RPS6KA1 -- UBE2D3
400,MYD88 -- CHUK -- MAPK1 -- MAPK3 -- E2F1 -- RELA -- JUN -- RXRB -- TNFAIP3 -- SP1 -- VEGFA -- ADAM17 -- EIF2AK2 -- BIRC3 -- IRAK1 -- MAP4K4 -- TNFRSF1B -- CYLD -- MAP3K1 -- ZFP36 -- BIRC2 -- ATM -- IL4 -- HSPB1 -- CDKN2A -- FBXO31 -- PPM1A -- SOCS3 -- NGF -- SHC1 -- IFNB1 -- IRF1 -- RPAIN -- HIP1 -- OTUD7B -- XIAP -- ERBB2 -- MTOR -- PRNP -- IL16 -- HIF1A -- RPS6KA1 -- UBE2D3
401,MYD88 -- CHUK -- MAPK1 -- MAPK3 -- E2F1 -- RELA -- JUN -- RXRB -- TNFAIP3 -- SP1 -- VEGFA -- ADAM17 -- EIF2AK2 -- BIRC3 -- IRAK1 -- MAP4K4 -- TNFRSF1B -- TRAF1 -- MAP3K1 -- ZFP36 -- BIRC2 -- ATM -- IL4 -- HSPB1 -- CDKN2A -- FBXO31 -- PPM1A -- SOCS3 -- NGF -- SHC1 -- IFNB1 -- IRF1 -- RPAIN -- HIP1 -- OTUD7B -- XIAP -- ERBB2 -- MTOR -- PRNP -- IL16 -- HIF1A -- RPS6KA1 -- UBE2D3
402,MYD88 -- CHUK -- MAPK1 -- MAPK3 -- E2F1 -- RELA -- JUN -- RXRB -- TNFAIP3 -- SP1 -- VEGFA -- ADAM17 -- EIF2AK2 -- BIRC3 -- IRAK1 -- MAP4K4 -- TNFRSF1B -- TRAF1 -- MAP3K1 -- ZFP36 -- BIRC2 -- ATM -- IL4 -- HSPB1 -- CDKN2A -- FBXO31 -- PPM1A -- SOCS3 -- NGF -- SHC1 -- IFNB1 -- IRF1 -- RPAIN -- HIP1 -- OTUD7B -- XIAP -- ERBB2 -- MTOR -- PRNP -- IL16 -- HIF1A -- RPS6KA1 -- UBE2D3
403,MYD88 -- CHUK -- MAPK1 -- MAPK3 -- E2F1 -- RELA -- JUN -- RXRB -- TNFAIP3 -- SP1 -- VEGFA -- ADAM17 -- EIF2AK2 -- BIRC3 -- IRAK1 -- MAP4K4 -- TNFRSF1B -- CYLD -- MAP3K1 -- ZFP36 -- BIRC2 -- ATM -- IL4 -- HSPB1 -- CDKN2A -- FBXO31 -- PPM1A -- SOCS3 -- NGF -- SHC1 -- IFNB1 -- IRF1 -- RPAIN -- HIP1 -- OTUD7B -- XIAP -- ERBB2 -- MTOR -- PRNP -- IL16 -- HIF1A -- RPS6KA1 -- UBE2D3
404,MYD88 -- CHUK -- MAPK1 -- MAPK3 -- E2F1 -- RELA -- JUN -- RXRB -- TNFAIP3 -- SP1 -- VEGFA -- ADAM17 -- EIF2AK2 -- BIRC3 -- IRAK1 -- MAP4K4 -- TNFRSF1B -- TRAF1 -- MAP3K1 -- ZFP36 -- BIRC2 -- ATM -- IL4 -- HSPB1 -- CDKN2A -- FBXO31 -- PPM1A -- SOCS3 -- NGF -- SHC1 -- IFNB1 -- IRF1 -- RPAIN -- HIP1 -- OTUD7B -- XIAP -- ERBB2 -- MTOR -- PRNP -- IL16 -- HIF1A -- RPS6KA1 -- UBE2D3
405,MYD88 -- CHUK -- MAPK1 -- MAPK3 -- E2F1 -- RELA -- JUN -- RXRB -- TNFAIP3 -- SP1 -- VEGFA -- ADAM17 -- EIF2AK2 -- BIRC3 -- IRAK1 -- MAP4K4 -- TNFRSF1B -- CYLD -- MAP3K1 -- ZFP36 -- BIRC2 -- ATM -- IL4 -- HSPB1 -- CDKN2A -- FBXO31 -- PPM1A -- SOCS3 -- NGF -- SHC1 -- IFNB1 -- IRF1 -- RPAIN -- HIP1 -- OTUD7B -- XIAP -- ERBB2 -- MTOR -- PRNP -- IL16 -- HIF1A -- RPS6KA1 -- UBE2D3
406,MYD88 -- CHUK -- MAPK1 -- MAPK3 -- E2F1 -- RELA -- JUN -- RXRB -- TNFAIP3 -- SP1 -- VEGFA -- ADAM17 -- EIF2AK2 -- BIRC3 -- IRAK1 -- MAP4K4 -- TNFRSF1B -- TRAF1 -- MAP3K1 -- ZFP36 -- BIRC2 -- ATM -- IL4 -- HSPB1 -- CDKN2A -- FBXO31 -- PPM1A -- SOCS3 -- NGF -- SHC1 -- IFNB1 -- IRF1 -- RPAIN -- HIP1 -- OTUD7B -- XIAP -- ERBB2 -- MTOR -- PRNP -- IL16 -- HIF1A -- RPS6KA1 -- UBE2D3
407,MYD88 -- CHUK -- MAPK1 -- MAPK3 -- E2F1 -- RELA -- JUN -- RXRB -- TNFAIP3 -- SP1 -- VEGFA -- ADAM17 -- EIF2AK2 -- BIRC3 -- IRAK1 -- MAP4K4 -- TNFRSF1B -- TRAF1 -- MAP3K1 -- ZFP36 -- BIRC2 -- ATM -- IL4 -- HSPB1 -- CDKN2A -- FBXO31 -- PPM1A -- SOCS3 -- NGF -- SHC1 -- IFNB1 -- IRF1 -- RPAIN -- HIP1 -- OTUD7B -- XIAP -- ERBB2 -- MTOR -- PRNP -- IL16 -- HIF1A -- RPS6KA1 -- UBE2D3
408,MYD88 -- CHUK -- MAPK1 -- MAPK3 -- E2F1 -- RELA -- JUN -- RXRB -- TNFAIP3 -- SP1 -- VEGFA -- ADAM17 -- EIF2AK2 -- BIRC3 -- IRAK1 -- MAP4K4 -- TNFRSF1B -- TRAF1 -- MAP3K1 -- ZFP36 -- BIRC2 -- ATM -- IL4 -- HSPB1 -- CDKN2A -- FBXO31 -- PPM1A -- SOCS3 -- NGF -- SHC1 -- IFNB1 -- IRF1 -- RPAIN -- HIP1 -- OTUD7B -- XIAP -- ERBB2 -- MTOR -- PRNP -- IL16 -- HIF1A -- RPS6KA1 -- UBE2D3
409,MYD88 -- CHUK -- MAPK1 -- MAPK3 -- E2F1 -- RELA -- JUN -- RXRB -- TNFAIP3 -- SP1 -- VEGFA -- ADAM17 -- EIF2AK2 -- BIRC3 -- IRAK1 -- MAP4K4 -- TNFRSF1B -- TRAF1 -- MAP3K1 -- ZFP36 -- BIRC2 -- ATM -- IL4 -- HSPB1 -- CDKN2A -- FBXO31 -- PPM1A -- SOCS3 -- NGF -- SHC1 -- IFNB1 -- IRF1 -- RPAIN -- HIP1 -- OTUD7B -- XIAP -- ERBB2 -- MTOR -- PRNP -- IL16 -- HIF1A -- RPS6KA1 -- UBE2D3
410,MYD88 -- CHUK -- MAPK1 -- MAPK3 -- E2F1 -- RELA -- JUN -- RXRB -- TNFAIP3 -- SP1 -- VEGFA -- ADAM17 -- EIF2AK2 -- BIRC3 -- IRAK1 -- MAP4K4 -- TNFRSF1B -- CYLD -- MAP3K1 -- ZFP36 -- BIRC2 -- ATM -- IL4 -- HSPB1 -- CDKN2A -- FBXO31 -- PPM1A -- SOCS3 -- NGF -- SHC1 -- IFNB1 -- IRF1 -- RPAIN -- HIP1 -- OTUD7B -- XIAP -- ERBB2 -- MTOR -- PRNP -- IL16 -- HIF1A -- RPS6KA1 -- UBE2D3
411,MYD88 -- CHUK -- MAPK1 -- MAPK3 -- E2F1 -- RELA -- JUN -- RXRB -- TNFAIP3 -- SP1 -- VEGFA -- ADAM17 -- EIF2AK2 -- BIRC3 -- IRAK1 -- MAP4K4 -- TNFRSF1B -- TRAF1 -- MAP3K1 -- ZFP36 -- BIRC2 -- ATM -- IL4 -- HSPB1 -- CDKN2A -- FBXO31 -- PPM1A -- SOCS3 -- NGF -- SHC1 -- IFNB1 -- IRF1 -- RPAIN -- HIP1 -- OTUD7B -- XIAP -- ERBB2 -- MTOR -- PRNP -- IL16 -- HIF1A -- RPS6KA1 -- UBE2D3
412,MYD88 -- CHUK -- MAPK1 -- MAPK3 -- E2F1 -- RELA -- JUN -- RXRB -- TNFAIP3 -- SP1 -- VEGFA -- ADAM17 -- EIF2AK2 -- BIRC3 -- IRAK1 -- MAP4K4 -- TNFRSF1B -- TRAF1 -- MAP3K1 -- ZFP36 -- BIRC2 -- ATM -- IL4 -- HSPB1 -- CDKN2A -- FBXO31 -- PPM1A -- SOCS3 -- NGF -- SHC1 -- IFNB1 -- IRF1 -- RPAIN -- HIP1 -- OTUD7B -- XIAP -- ERBB2 -- MTOR -- PRNP -- IL16 -- HIF1A -- RPS6KA1 -- UBE2D3
413,MYD88 -- CHUK -- MAPK1 -- MAPK3 -- E2F1 -- RELA -- JUN -- RXRB -- TNFAIP3 -- SP1 -- VEGFA -- ADAM17 -- EIF2AK2 -- BIRC3 -- IRAK1 -- MAP4K4 -- TNFRSF1B -- TRAF1 -- MAP3K1 -- ZFP36 -- BIRC2 -- ATM -- IL4 -- HSPB1 -- CDKN2A -- FBXO31 -- PPM1A -- SOCS3 -- NGF -- SHC1 -- IFNB1 -- IRF1 -- RPAIN -- HIP1 -- OTUD7B -- XIAP -- ERBB2 -- MTOR -- PRNP -- IL16 -- HIF1A -- RPS6KA1 -- UBE2D3
414,MYD88 -- CHUK -- MAPK1 -- MAPK3 -- E2F1 -- RELA -- JUN -- RXRB -- TNFAIP3 -- SP1 -- VEGFA -- ADAM17 -- EIF2AK2 -- BIRC3 -- IRAK1 -- MAP4K4 -- TNFRSF1B -- TRAF1 -- MAP3K1 -- ZFP36 -- BIRC2 -- ATM -- IL4 -- HSPB1 -- CDKN2A -- FBXO31 -- PPM1A -- SOCS3 -- NGF -- SHC1 -- IFNB1 -- IRF1 -- RPAIN -- HIP1 -- OTUD7B -- XIAP -- ERBB2 -- MTOR -- PRNP -- IL16 -- HIF1A -- RPS6KA1 -- UBE2D3
415,MYD88 -- CHUK -- MAPK1 -- MAPK3 -- E2F1 -- RELA -- JUN -- RXRB -- TNFAIP3 -- SP1 -- VEGFA -- ADAM17 -- EIF2AK2 -- BIRC3 -- IRAK1 -- MAP4K4 -- TNFRSF1B -- CYLD -- MAP3K1 -- ZFP36 -- BIRC2 -- ATM -- IL4 -- HSPB1 -- CDKN2A -- FBXO31 -- PPM1A -- SOCS3 -- NGF -- SHC1 -- IFNB1 -- IRF1 -- RPAIN -- HIP1 -- OTUD7B -- XIAP -- ERBB2 -- MTOR -- PRNP -- IL16 -- HIF1A -- RPS6KA1 -- UBE2D3
416,MYD88 -- CHUK -- MAPK1 -- MAPK3 -- E2F1 -- RELA -- JUN -- RXRB -- TNFAIP3 -- SP1 -- VEGFA -- ADAM17 -- EIF2AK2 -- BIRC3 -- IRAK1 -- MAP4K4 -- TNFRSF1B -- TRAF1 -- MAP3K1 -- ZFP36 -- BIRC2 -- ATM -- IL4 -- HSPB1 -- CDKN2A -- FBXO31 -- PPM1A -- SOCS3 -- NGF -- SHC1 -- IFNB1 -- IRF1 -- RPAIN -- HIP1 -- OTUD7B -- XIAP -- ERBB2 -- MTOR -- PRNP -- IL16 -- HIF1A -- RPS6KA1 -- UBE2D3
417,MYD88 -- CHUK -- MAPK1 -- MAPK3 -- E2F1 -- RELA -- JUN -- RXRB -- TNFAIP3 -- SP1 -- VEGFA -- ADAM17 -- EIF2AK2 -- BIRC3 -- IRAK1 -- MAP4K4 -- TNFRSF1B -- TRAF1 -- MAP3K1 -- ZFP36 -- BIRC2 -- ATM -- IL4 -- HSPB1 -- CDKN2A -- FBXO31 -- PPM1A -- SOCS3 -- NGF -- SHC1 -- IFNB1 -- IRF1 -- RPAIN -- HIP1 -- OTUD7B -- XIAP -- ERBB2 -- MTOR -- PRNP -- IL16 -- HIF1A -- RPS6KA1 -- UBE2D3
418,MYD88 -- CHUK -- MAPK1 -- MAPK3 -- E2F1 -- RELA -- JUN -- RXRB -- TNFAIP3 -- SP1 -- VEGFA -- ADAM17 -- EIF2AK2 -- BIRC3 -- IRAK1 -- MAP4K4 -- TNFRSF1B -- TRAF1 -- MAP3K1 -- ZFP36 -- BIRC2 -- ATM -- IL4 -- HSPB1 -- CDKN2A -- FBXO31 -- PPM1A -- SOCS3 -- NGF -- SHC1 -- IFNB1 -- IRF1 -- RPAIN -- HIP1 -- OTUD7B -- XIAP -- ERBB2 -- MTOR -- PRNP -- IL16 -- HIF1A -- RPS6KA1 -- UBE2D3
419,MYD88 -- CHUK -- MAPK1 -- MAPK3 -- E2F1 -- RELA -- JUN -- RXRB -- TNFAIP3 -- SP1 -- VEGFA -- ADAM17 -- EIF2AK2 -- BIRC3 -- IRAK1 -- MAP4K4 -- TNFRSF1B -- TRAF1 -- MAP3K1 -- ZFP36 -- BIRC2 -- ATM -- IL4 -- HSPB1 -- CDKN2A -- FBXO31 -- PPM1A -- SOCS3 -- NGF -- SHC1 -- IFNB1 -- IRF1 -- RPAIN -- HIP1 -- OTUD7B -- XIAP -- ERBB2 -- MTOR -- PRNP -- IL16 -- HIF1A -- RPS6KA1 -- UBE2D3
420,MYD88 -- CHUK -- MAPK1 -- MAPK3 -- E2F1 -- RELA -- JUN -- RXRB -- TNFAIP3 -- SP1 -- VEGFA -- ADAM17 -- EIF2AK2 -- BIRC3 -- IRAK1 -- MAP4K4 -- TNFRSF1B -- TRAF1 -- MAP3K1 -- ZFP36 -- BIRC2 -- ATM -- IL4 -- HSPB1 -- CDKN2A -- FBXO31 -- PPM1A -- SOCS3 -- NGF -- SHC1 -- IFNB1 -- IRF1 -- RPAIN -- HIP1 -- OTUD7B -- XIAP -- ERBB2 -- MTOR -- PRNP -- IL16 -- HIF1A -- RPS6KA1 -- UBE2D3
421,MYD88 -- CHUK -- MAPK1 -- MAPK3 -- E2F1 -- RELA -- JUN -- RXRB -- TNFAIP3 -- SP1 -- VEGFA -- ADAM17 -- EIF2AK2 -- BIRC3 -- IRAK1 -- MAP4K4 -- TNFRSF1B -- TRAF1 -- MAP3K1 -- ZFP36 -- BIRC2 -- ATM -- IL4 -- HSPB1 -- CDKN2A -- FBXO31 -- PPM1A -- SOCS3 -- NGF -- SHC1 -- IFNB1 -- IRF1 -- RPAIN -- HIP1 -- OTUD7B -- XIAP -- ERBB2 -- MTOR -- PRNP -- IL16 -- HIF1A -- RPS6KA1 -- UBE2D3
422,MYD88 -- CHUK -- MAPK1 -- MAPK3 -- E2F1 -- RELA -- JUN -- RXRB -- TNFAIP3 -- SP1 -- VEGFA -- ADAM17 -- EIF2AK2 -- BIRC3 -- IRAK1 -- MAP4K4 -- TNFRSF1B -- TRAF1 -- MAP3K1 -- ZFP36 -- BIRC2 -- ATM -- IL4 -- HSPB1 -- CDKN2A -- FBXO31 -- PPM1A -- SOCS3 -- NGF -- SHC1 -- IFNB1 -- IRF1 -- RPAIN -- HIP1 -- OTUD7B -- XIAP -- ERBB2 -- MTOR -- PRNP -- IL16 -- HIF1A -- RPS6KA1 -- UBE2D3
423,MYD88 -- CHUK -- MAPK1 -- MAPK3 -- E2F1 -- RELA -- JUN -- RXRB -- TNFAIP3 -- SP1 -- VEGFA -- ADAM17 -- EIF2AK2 -- BIRC3 -- IRAK1 -- MAP4K4 -- TNFRSF1B -- TRAF1 -- MAP3K1 -- ZFP36 -- BIRC2 -- ATM -- IL4 -- HSPB1 -- CDKN2A -- FBXO31 -- PPM1A -- SOCS3 -- NGF -- SHC1 -- IFNB1 -- IRF1 -- RPAIN -- HIP1 -- OTUD7B -- XIAP -- ERBB2 -- MTOR -- PRNP -- IL16 -- HIF1A -- RPS6KA1 -- UBE2D3
424,MYD88 -- CHUK -- MAPK1 -- MAPK3 -- E2F1 -- RELA -- JUN -- RXRB -- TNFAIP3 -- SP1 -- VEGFA -- ADAM17 -- EIF2AK2 -- BIRC3 -- IRAK1 -- MAP4K4 -- TNFRSF1B -- TRAF1 -- MAP3K1 -- ZFP36 -- BIRC2 -- ATM -- IL4 -- HSPB1 -- CDKN2A -- FBXO31 -- PPM1A -- SOCS3 -- NGF -- SHC1 -- IFNB1 -- IRF1 -- RPAIN -- HIP1 -- OTUD7B -- XIAP -- ERBB2 -- MTOR -- PRNP -- IL16 -- HIF1A -- RPS6KA1 -- UBE2D3
425,MYD88 -- CHUK -- MAPK1 -- MAPK3 -- E2F1 -- RELA -- JUN -- RXRB -- TNFAIP3 -- SP1 -- VEGFA -- ADAM17 -- EIF2AK2 -- BIRC3 -- IRAK1 -- MAP4K4 -- TNFRSF1B -- TRAF1 -- MAP3K1 -- ZFP36 -- BIRC2 -- ATM -- IL4 -- HSPB1 -- CDKN2A -- FBXO31 -- PPM1A -- SOCS3 -- NGF -- SHC1 -- IFNB1 -- IRF1 -- RPAIN -- HIP1 -- OTUD7B -- XIAP -- ERBB2 -- MTOR -- PRNP -- IL16 -- HIF1A -- RPS6KA1 -- UBE2D3
426,MYD88 -- CHUK -- MAPK1 -- MAPK3 -- E2F1 -- RELA -- JUN -- RXRB -- TNFAIP3 -- SP1 -- VEGFA -- ADAM17 -- EIF2AK2 -- BIRC3 -- IRAK1 -- MAP4K4 -- TNFRSF1B -- TRAF1 -- MAP3K1 -- ZFP36 -- BIRC2 -- ATM -- IL4 -- HSPB1 -- CDKN2A -- FBXO31 -- PPM1A -- SOCS3 -- NGF -- SHC1 -- IFNB1 -- IRF1 -- RPAIN -- HIP1 -- OTUD7B -- XIAP -- ERBB2 -- MTOR -- PRNP -- IL16 -- HIF1A -- RPS6KA1 -- UBE2D3
427,MYD88 -- CHUK -- MAPK1 -- MAPK3 -- E2F1 -- RELA -- JUN -- RXRB -- TNFAIP3 -- SP1 -- VEGFA -- ADAM17 -- EIF2AK2 -- BIRC3 -- IRAK1 -- MAP4K4 -- TNFRSF1B -- CYLD -- MAP3K1 -- ZFP36 -- BIRC2 -- ATM -- IL4 -- HSPB1 -- CDKN2A -- FBXO31 -- PPM1A -- SOCS3 -- NGF -- SHC1 -- IFNB1 -- IRF1 -- RPAIN -- HIP1 -- OTUD7B -- XIAP -- ERBB2 -- MTOR -- PRNP -- IL16 -- HIF1A -- RPS6KA1 -- UBE2D3
428,MYD88 -- CHUK -- MAPK1 -- MAPK3 -- E2F1 -- RELA -- JUN -- RXRB -- TNFAIP3 -- SP1 -- VEGFA -- ADAM17 -- EIF2AK2 -- BIRC3 -- IRAK1 -- MAP4K4 -- TNFRSF1B -- TRAF1 -- MAP3K1 -- ZFP36 -- BIRC2 -- ATM -- IL4 -- HSPB1 -- CDKN2A -- FBXO31 -- PPM1A -- SOCS3 -- NGF -- SHC1 -- IFNB1 -- IRF1 -- RPAIN -- HIP1 -- OTUD7B -- XIAP -- ERBB2 -- MTOR -- PRNP -- IL16 -- HIF1A -- RPS6KA1 -- UBE2D3
429,MYD88 -- CHUK -- MAPK1 -- MAPK3 -- E2F1 -- RELA -- JUN -- RXRB -- TNFAIP3 -- SP1 -- VEGFA -- ADAM17 -- EIF2AK2 -- BIRC3 -- IRAK1 -- MAP4K4 -- TNFRSF1B -- TRAF1 -- MAP3K1 -- ZFP36 -- BIRC2 -- ATM -- IL4 -- HSPB1 -- CDKN2A -- FBXO31 -- PPM1A -- SOCS3 -- NGF -- SHC1 -- IFNB1 -- IRF1 -- RPAIN -- HIP1 -- OTUD7B -- XIAP -- ERBB2 -- MTOR -- PRNP -- IL16 -- HIF1A -- RPS6KA1 -- UBE2D3
430,MYD88 -- CHUK -- MAPK1 -- MAPK3 -- E2F1 -- RELA -- JUN -- RXRB -- TNFAIP3 -- SP1 -- VEGFA -- ADAM17 -- EIF2AK2 -- BIRC3 -- IRAK1 -- MAP4K4 -- TNFRSF1B -- CYLD -- MAP3K1 -- ZFP36 -- BIRC2 -- ATM -- IL4 -- HSPB1 -- CDKN2A -- FBXO31 -- PPM1A -- SOCS3 -- NGF -- SHC1 -- IFNB1 -- IRF1 -- RPAIN -- HIP1 -- OTUD7B -- XIAP -- ERBB2 -- MTOR -- PRNP -- IL16 -- HIF1A -- RPS6KA1 -- UBE2D3
431,MYD88 -- CHUK -- MAPK1 -- MAPK3 -- E2F1 -- RELA -- JUN -- RXRB -- TNFAIP3 -- SP1 -- VEGFA -- ADAM17 -- EIF2AK2 -- BIRC3 -- IRAK1 -- MAP4K4 -- TNFRSF1B -- CYLD -- MAP3K1 -- ZFP36 -- BIRC2 -- ATM -- IL4 -- HSPB1 -- CDKN2A -- FBXO31 -- PPM1A -- SOCS3 -- NGF -- SHC1 -- IFNB1 -- IRF1 -- RPAIN -- HIP1 -- OTUD7B -- XIAP -- ERBB2 -- MTOR -- PRNP -- IL16 -- HIF1A -- RPS6KA1 -- UBE2D3
432,MYD88 -- CHUK -- MAPK1 -- MAPK3 -- E2F1 -- RELA -- JUN -- RXRB -- TNFAIP3 -- SP1 -- VEGFA -- ADAM17 -- EIF2AK2 -- BIRC3 -- IRAK1 -- MAP4K4 -- TNFRSF1B -- CYLD -- MAP3K1 -- ZFP36 -- BIRC2 -- ATM -- IL4 -- HSPB1 -- CDKN2A -- FBXO31 -- PPM1A -- SOCS3 -- NGF -- SHC1 -- IFNB1 -- IRF1 -- RPAIN -- HIP1 -- OTUD7B -- XIAP -- ERBB2 -- MTOR -- PRNP -- IL16 -- HIF1A -- RPS6KA1 -- UBE2D3
433,MYD88 -- CHUK -- MAPK1 -- MAPK3 -- E2F1 -- RELA -- JUN -- RXRB -- TNFAIP3 -- SP1 -- VEGFA -- ADAM17 -- EIF2AK2 -- BIRC3 -- IRAK1 -- MAP4K4 -- TNFRSF1B -- CYLD -- MAP3K1 -- ZFP36 -- BIRC2 -- ATM -- IL4 -- HSPB1 -- CDKN2A -- FBXO31 -- PPM1A -- SOCS3 -- NGF -- SHC1 -- IFNB1 -- IRF1 -- RPAIN -- HIP1 -- OTUD7B -- XIAP -- ERBB2 -- MTOR -- PRNP -- IL16 -- HIF1A -- RPS6KA1 -- UBE2D3
434,MYD88 -- CHUK -- MAPK1 -- MAPK3 -- E2F1 -- RELA -- JUN -- RXRB -- TNFAIP3 -- SP1 -- VEGFA -- ADAM17 -- EIF2AK2 -- BIRC3 -- IRAK1 -- MAP4K4 -- TNFRSF1B -- TRAF1 -- MAP3K1 -- ZFP36 -- BIRC2 -- ATM -- IL4 -- HSPB1 -- CDKN2A -- FBXO31 -- PPM1A -- SOCS3 -- NGF -- SHC1 -- IFNB1 -- IRF1 -- RPAIN -- HIP1 -- OTUD7B -- XIAP -- ERBB2 -- MTOR -- PRNP -- IL16 -- HIF1A -- RPS6KA1 -- UBE2D3
435,MYD88 -- CHUK -- MAPK1 -- MAPK3 -- E2F1 -- RELA -- JUN -- RXRB -- TNFAIP3 -- SP1 -- VEGFA -- ADAM17 -- EIF2AK2 -- BIRC3 -- IRAK1 -- MAP4K4 -- TNFRSF1B -- TRAF1 -- MAP3K1 -- ZFP36 -- BIRC2 -- ATM -- IL4 -- HSPB1 -- CDKN2A -- FBXO31 -- PPM1A -- SOCS3 -- NGF -- SHC1 -- IFNB1 -- IRF1 -- RPAIN -- HIP1 -- OTUD7B -- XIAP -- ERBB2 -- MTOR -- PRNP -- IL16 -- HIF1A -- RPS6KA1 -- UBE2D3
436,MYD88 -- CHUK -- MAPK1 -- MAPK3 -- E2F1 -- RELA -- JUN -- RXRB -- TNFAIP3 -- SP1 -- VEGFA -- ADAM17 -- EIF2AK2 -- BIRC3 -- IRAK1 -- MAP4K4 -- TNFRSF1B -- CYLD -- MAP3K1 -- ZFP36 -- BIRC2 -- ATM -- IL4 -- HSPB1 -- CDKN2A -- FBXO31 -- PPM1A -- SOCS3 -- NGF -- SHC1 -- IFNB1 -- IRF1 -- RPAIN -- HIP1 -- OTUD7B -- XIAP -- ERBB2 -- MTOR -- PRNP -- IL16 -- HIF1A -- RPS6KA1 -- UBE2D3
437,MYD88 -- CHUK -- MAPK1 -- MAPK3 -- E2F1 -- RELA -- JUN -- RXRB -- TNFAIP3 -- SP1 -- VEGFA -- ADAM17 -- EIF2AK2 -- BIRC3 -- IRAK1 -- MAP4K4 -- TNFRSF1B -- CYLD -- MAP3K1 -- ZFP36 -- BIRC2 -- ATM -- IL4 -- HSPB1 -- CDKN2A -- FBXO31 -- PPM1A -- SOCS3 -- NGF -- SHC1 -- IFNB1 -- IRF1 -- RPAIN -- HIP1 -- OTUD7B -- XIAP -- ERBB2 -- MTOR -- PRNP -- IL16 -- HIF1A -- RPS6KA1 -- UBE2D3
438,MYD88 -- CHUK -- MAPK1 -- MAPK3 -- E2F1 -- RELA -- JUN -- RXRB -- TNFAIP3 -- SP1 -- VEGFA -- ADAM17 -- EIF2AK2 -- BIRC3 -- IRAK1 -- MAP4K4 -- TNFRSF1B -- TRAF1 -- MAP3K1 -- ZFP36 -- BIRC2 -- ATM -- IL4 -- HSPB1 -- CDKN2A -- FBXO31 -- PPM1A -- SOCS3 -- NGF -- SHC1 -- IFNB1 -- IRF1 -- RPAIN -- HIP1 -- OTUD7B -- XIAP -- ERBB2 -- MTOR -- PRNP -- IL16 -- HIF1A -- RPS6KA1 -- UBE2D3
439,MYD88 -- CHUK -- MAPK1 -- MAPK3 -- E2F1 -- RELA -- JUN -- RXRB -- TNFAIP3 -- SP1 -- VEGFA -- ADAM17 -- EIF2AK2 -- BIRC3 -- IRAK1 -- MAP4K4 -- TNFRSF1B -- TRAF1 -- MAP3K1 -- ZFP36 -- BIRC2 -- ATM -- IL4 -- HSPB1 -- CDKN2A -- FBXO31 -- PPM1A -- SOCS3 -- NGF -- SHC1 -- IFNB1 -- IRF1 -- RPAIN -- HIP1 -- OTUD7B -- XIAP -- ERBB2 -- MTOR -- PRNP -- IL16 -- HIF1A -- RPS6KA1 -- UBE2D3
440,MYD88 -- CHUK -- MAPK1 -- MAPK3 -- E2F1 -- RELA -- JUN -- RXRB -- TNFAIP3 -- SP1 -- VEGFA -- ADAM17 -- EIF2AK2 -- BIRC3 -- IRAK1 -- MAP4K4 -- TNFRSF1B -- TRAF1 -- MAP3K1 -- ZFP36 -- BIRC2 -- ATM -- IL4 -- HSPB1 -- CDKN2A -- FBXO31 -- PPM1A -- SOCS3 -- NGF -- SHC1 -- IFNB1 -- IRF1 -- RPAIN -- HIP1 -- OTUD7B -- XIAP -- ERBB2 -- MTOR -- PRNP -- IL16 -- HIF1A -- RPS6KA1 -- UBE2D3
441,MYD88 -- CHUK -- MAPK1 -- MAPK3 -- E2F1 -- RELA -- JUN -- RXRB -- TNFAIP3 -- SP1 -- VEGFA -- ADAM17 -- EIF2AK2 -- BIRC3 -- IRAK1 -- MAP4K4 -- TNFRSF1B -- CYLD -- MAP3K1 -- ZFP36 -- BIRC2 -- ATM -- IL4 -- HSPB1 -- CDKN2A -- FBXO31 -- PPM1A -- SOCS3 -- NGF -- SHC1 -- IFNB1 -- IRF1 -- RPAIN -- HIP1 -- OTUD7B -- XIAP -- ERBB2 -- MTOR -- PRNP -- IL16 -- HIF1A -- RPS6KA1 -- UBE2D3
442,MYD88 -- CHUK -- MAPK1 -- MAPK3 -- E2F1 -- RELA -- JUN -- RXRB -- TNFAIP3 -- SP1 -- VEGFA -- ADAM17 -- EIF2AK2 -- BIRC3 -- IRAK1 -- MAP4K4 -- TNFRSF1B -- TRAF1 -- MAP3K1 -- ZFP36 -- BIRC2 -- ATM -- IL4 -- HSPB1 -- CDKN2A -- FBXO31 -- PPM1A -- SOCS3 -- NGF -- SHC1 -- IFNB1 -- IRF1 -- RPAIN -- HIP1 -- OTUD7B -- XIAP -- ERBB2 -- MTOR -- PRNP -- IL16 -- HIF1A -- RPS6KA1 -- UBE2D3
443,MYD88 -- CHUK -- MAPK1 -- MAPK3 -- E2F1 -- RELA -- JUN -- RXRB -- TNFAIP3 -- SP1 -- VEGFA -- ADAM17 -- EIF2AK2 -- BIRC3 -- IRAK1 -- MAP4K4 -- TNFRSF1B -- CYLD -- MAP3K1 -- ZFP36 -- BIRC2 -- ATM -- IL4 -- HSPB1 -- CDKN2A -- FBXO31 -- PPM1A -- SOCS3 -- NGF -- SHC1 -- IFNB1 -- IRF1 -- RPAIN -- HIP1 -- OTUD7B -- XIAP -- ERBB2 -- MTOR -- PRNP -- IL16 -- HIF1A -- RPS6KA1 -- UBE2D3
444,MYD88 -- CHUK -- MAPK1 -- MAPK3 -- E2F1 -- RELA -- JUN -- RXRB -- TNFAIP3 -- SP1 -- VEGFA -- ADAM17 -- EIF2AK2 -- BIRC3 -- IRAK1 -- MAP4K4 -- TNFRSF1B -- TRAF1 -- MAP3K1 -- ZFP36 -- BIRC2 -- ATM -- IL4 -- HSPB1 -- CDKN2A -- FBXO31 -- PPM1A -- SOCS3 -- NGF -- SHC1 -- IFNB1 -- IRF1 -- RPAIN -- HIP1 -- OTUD7B -- XIAP -- ERBB2 -- MTOR -- PRNP -- IL16 -- HIF1A -- RPS6KA1 -- UBE2D3
445,MYD88 -- CHUK -- MAPK1 -- MAPK3 -- E2F1 -- RELA -- JUN -- RXRB -- TNFAIP3 -- SP1 -- VEGFA -- ADAM17 -- EIF2AK2 -- BIRC3 -- IRAK1 -- MAP4K4 -- TNFRSF1B -- TRAF1 -- MAP3K1 -- ZFP36 -- BIRC2 -- ATM -- IL4 -- HSPB1 -- CDKN2A -- FBXO31 -- PPM1A -- SOCS3 -- NGF -- SHC1 -- IFNB1 -- IRF1 -- RPAIN -- HIP1 -- OTUD7B -- XIAP -- ERBB2 -- MTOR -- PRNP -- IL16 -- HIF1A -- RPS6KA1 -- UBE2D3
446,MYD88 -- CHUK -- MAPK1 -- MAPK3 -- E2F1 -- RELA -- JUN -- RXRB -- TNFAIP3 -- SP1 -- VEGFA -- ADAM17 -- EIF2AK2 -- BIRC3 -- IRAK1 -- MAP4K4 -- TNFRSF1B -- CYLD -- MAP3K1 -- ZFP36 -- BIRC2 -- ATM -- IL4 -- HSPB1 -- CDKN2A -- FBXO31 -- PPM1A -- SOCS3 -- NGF -- SHC1 -- IFNB1 -- IRF1 -- RPAIN -- HIP1 -- OTUD7B -- XIAP -- ERBB2 -- MTOR -- PRNP -- IL16 -- HIF1A -- RPS6KA1 -- UBE2D3
447,MYD88 -- CHUK -- MAPK1 -- MAPK3 -- E2F1 -- RELA -- JUN -- RXRB -- TNFAIP3 -- SP1 -- VEGFA -- ADAM17 -- EIF2AK2 -- BIRC3 -- IRAK1 -- MAP4K4 -- TNFRSF1B -- TRAF1 -- MAP3K1 -- ZFP36 -- BIRC2 -- ATM -- IL4 -- HSPB1 -- CDKN2A -- FBXO31 -- PPM1A -- SOCS3 -- NGF -- SHC1 -- IFNB1 -- IRF1 -- RPAIN -- HIP1 -- OTUD7B -- XIAP -- ERBB2 -- MTOR -- PRNP -- IL16 -- HIF1A -- RPS6KA1 -- UBE2D3
448,MYD88 -- CHUK -- MAPK1 -- MAPK3 -- E2F1 -- RELA -- JUN -- RXRB -- TNFAIP3 -- SP1 -- VEGFA -- ADAM17 -- EIF2AK2 -- BIRC3 -- IRAK1 -- MAP4K4 -- TNFRSF1B -- TRAF1 -- MAP3K1 -- ZFP36 -- BIRC2 -- ATM -- IL4 -- HSPB1 -- CDKN2A -- FBXO31 -- PPM1A -- SOCS3 -- NGF -- SHC1 -- IFNB1 -- IRF1 -- RPAIN -- HIP1 -- OTUD7B -- XIAP -- ERBB2 -- MTOR -- PRNP -- IL16 -- HIF1A -- RPS6KA1 -- UBE2D3
449,MYD88 -- CHUK -- MAPK1 -- MAPK3 -- E2F1 -- RELA -- JUN -- RXRB -- TNFAIP3 -- SP1 -- VEGFA -- ADAM17 -- EIF2AK2 -- BIRC3 -- IRAK1 -- MAP4K4 -- TNFRSF1B -- TRAF1 -- MAP3K1 -- ZFP36 -- BIRC2 -- ATM -- IL4 -- HSPB1 -- CDKN2A -- FBXO31 -- PPM1A -- SOCS3 -- NGF -- SHC1 -- IFNB1 -- IRF1 -- RPAIN -- HIP1 -- OTUD7B -- XIAP -- ERBB2 -- MTOR -- PRNP -- IL16 -- HIF1A -- RPS6KA1 -- UBE2D3
450,MYD88 -- CHUK -- MAPK1 -- MAPK3 -- E2F1 -- RELA -- JUN -- RXRB -- TNFAIP3 -- SP1 -- VEGFA -- ADAM17 -- EIF2AK2 -- BIRC3 -- IRAK1 -- MAP4K4 -- TNFRSF1B -- TRAF1 -- MAP3K1 -- ZFP36 -- BIRC2 -- ATM -- IL4 -- HSPB1 -- CDKN2A -- FBXO31 -- PPM1A -- SOCS3 -- NGF -- SHC1 -- IFNB1 -- IRF1 -- RPAIN -- HIP1 -- OTUD7B -- XIAP -- ERBB2 -- MTOR -- PRNP -- IL16 -- HIF1A -- RPS6KA1 -- UBE2D3
451,MYD88 -- CHUK -- MAPK1 -- MAPK3 -- E2F1 -- RELA -- JUN -- RXRB -- TNFAIP3 -- SP1 -- VEGFA -- ADAM17 -- EIF2AK2 -- BIRC3 -- IRAK1 -- MAP4K4 -- TNFRSF1B -- TRAF1 -- MAP3K1 -- ZFP36 -- BIRC2 -- ATM -- IL4 -- HSPB1 -- CDKN2A -- FBXO31 -- PPM1A -- SOCS3 -- NGF -- SHC1 -- IFNB1 -- IRF1 -- RPAIN -- HIP1 -- OTUD7B -- XIAP -- ERBB2 -- MTOR -- PRNP -- IL16 -- HIF1A -- RPS6KA1 -- UBE2D3
452,MYD88 -- CHUK -- MAPK1 -- MAPK3 -- E2F1 -- RELA -- JUN -- RXRB -- TNFAIP3 -- SP1 -- VEGFA -- ADAM17 -- EIF2AK2 -- BIRC3 -- IRAK1 -- MAP4K4 -- TNFRSF1B -- CYLD -- MAP3K1 -- ZFP36 -- BIRC2 -- ATM -- IL4 -- HSPB1 -- CDKN2A -- FBXO31 -- PPM1A -- SOCS3 -- NGF -- SHC1 -- IFNB1 -- IRF1 -- RPAIN -- HIP1 -- OTUD7B -- XIAP -- ERBB2 -- MTOR -- PRNP -- IL16 -- HIF1A -- RPS6KA1 -- UBE2D3
453,MYD88 -- CHUK -- MAPK1 -- MAPK3 -- E2F1 -- RELA -- JUN -- RXRB -- TNFAIP3 -- SP1 -- VEGFA -- ADAM17 -- EIF2AK2 -- BIRC3 -- IRAK1 -- MAP4K4 -- TNFRSF1B -- TRAF1 -- MAP3K1 -- ZFP36 -- BIRC2 -- ATM -- IL4 -- HSPB1 -- CDKN2A -- FBXO31 -- PPM1A -- SOCS3 -- NGF -- SHC1 -- IFNB1 -- IRF1 -- RPAIN -- HIP1 -- OTUD7B -- XIAP -- ERBB2 -- MTOR -- PRNP -- IL16 -- HIF1A -- RPS6KA1 -- UBE2D3
454,MYD88 -- CHUK -- MAPK1 -- MAPK3 -- E2F1 -- RELA -- JUN -- RXRB -- TNFAIP3 -- SP1 -- VEGFA -- ADAM17 -- EIF2AK2 -- BIRC3 -- IRAK1 -- MAP4K4 -- TNFRSF1B -- CYLD -- MAP3K1 -- ZFP36 -- BIRC2 -- ATM -- IL4 -- HSPB1 -- CDKN2A -- FBXO31 -- PPM1A -- SOCS3 -- NGF -- SHC1 -- IFNB1 -- IRF1 -- RPAIN -- HIP1 -- OTUD7B -- XIAP -- ERBB2 -- MTOR -- PRNP -- IL16 -- HIF1A -- RPS6KA1 -- UBE2D3
455,MYD88 -- CHUK -- MAPK1 -- MAPK3 -- E2F1 -- RELA -- JUN -- RXRB -- TNFAIP3 -- SP1 -- VEGFA -- ADAM17 -- EIF2AK2 -- BIRC3 -- IRAK1 -- MAP4K4 -- TNFRSF1B -- CYLD -- MAP3K1 -- ZFP36 -- BIRC2 -- ATM -- IL4 -- HSPB1 -- CDKN2A -- FBXO31 -- PPM1A -- SOCS3 -- NGF -- SHC1 -- IFNB1 -- IRF1 -- RPAIN -- HIP1 -- OTUD7B -- XIAP -- ERBB2 -- MTOR -- PRNP -- IL16 -- HIF1A -- RPS6KA1 -- UBE2D3
456,MYD88 -- CHUK -- MAPK1 -- MAPK3 -- E2F1 -- RELA -- JUN -- RXRB -- TNFAIP3 -- SP1 -- VEGFA -- ADAM17 -- EIF2AK2 -- BIRC3 -- IRAK1 -- MAP4K4 -- TNFRSF1B -- TRAF1 -- MAP3K1 -- ZFP36 -- BIRC2 -- ATM -- IL4 -- HSPB1 -- CDKN2A -- FBXO31 -- PPM1A -- SOCS3 -- NGF -- SHC1 -- IFNB1 -- IRF1 -- RPAIN -- HIP1 -- OTUD7B -- XIAP -- ERBB2 -- MTOR -- PRNP -- IL16 -- HIF1A -- RPS6KA1 -- UBE2D3
457,MYD88 -- CHUK -- MAPK1 -- MAPK3 -- E2F1 -- RELA -- JUN -- RXRB -- TNFAIP3 -- SP1 -- VEGFA -- ADAM17 -- EIF2AK2 -- BIRC3 -- IRAK1 -- MAP4K4 -- TNFRSF1B -- TRAF1 -- MAP3K1 -- ZFP36 -- BIRC2 -- ATM -- IL4 -- HSPB1 -- CDKN2A -- FBXO31 -- PPM1A -- SOCS3 -- NGF -- SHC1 -- IFNB1 -- IRF1 -- RPAIN -- HIP1 -- OTUD7B -- XIAP -- ERBB2 -- MTOR -- PRNP -- IL16 -- HIF1A -- RPS6KA1 -- UBE2D3
458,MYD88 -- CHUK -- MAPK1 -- MAPK3 -- E2F1 -- RELA -- JUN -- RXRB -- TNFAIP3 -- SP1 -- VEGFA -- ADAM17 -- EIF2AK2 -- BIRC3 -- IRAK1 -- MAP4K4 -- TNFRSF1B -- CYLD -- MAP3K1 -- ZFP36 -- BIRC2 -- ATM -- IL4 -- HSPB1 -- CDKN2A -- FBXO31 -- PPM1A -- SOCS3 -- NGF -- SHC1 -- IFNB1 -- IRF1 -- RPAIN -- HIP1 -- OTUD7B -- XIAP -- ERBB2 -- MTOR -- PRNP -- IL16 -- HIF1A -- RPS6KA1 -- UBE2D3
459,MYD88 -- CHUK -- MAPK1 -- MAPK3 -- E2F1 -- RELA -- JUN -- RXRB -- TNFAIP3 -- SP1 -- VEGFA -- ADAM17 -- EIF2AK2 -- BIRC3 -- IRAK1 -- MAP4K4 -- TNFRSF1B -- CYLD -- MAP3K1 -- ZFP36 -- BIRC2 -- ATM -- IL4 -- HSPB1 -- CDKN2A -- FBXO31 -- PPM1A -- SOCS3 -- NGF -- SHC1 -- IFNB1 -- IRF1 -- RPAIN -- HIP1 -- OTUD7B -- XIAP -- ERBB2 -- MTOR -- PRNP -- IL16 -- HIF1A -- RPS6KA1 -- UBE2D3
460,MYD88 -- CHUK -- MAPK1 -- MAPK3 -- E2F1 -- RELA -- JUN -- RXRB -- TNFAIP3 -- SP1 -- VEGFA -- ADAM17 -- EIF2AK2 -- BIRC3 -- IRAK1 -- MAP4K4 -- TNFRSF1B -- CYLD -- MAP3K1 -- ZFP36 -- BIRC2 -- ATM -- IL4 -- HSPB1 -- CDKN2A -- FBXO31 -- PPM1A -- SOCS3 -- NGF -- SHC1 -- IFNB1 -- IRF1 -- RPAIN -- HIP1 -- OTUD7B -- XIAP -- ERBB2 -- MTOR -- PRNP -- IL16 -- HIF1A -- RPS6KA1 -- UBE2D3
461,MYD88 -- CHUK -- MAPK1 -- MAPK3 -- E2F1 -- RELA -- JUN -- RXRB -- TNFAIP3 -- SP1 -- VEGFA -- ADAM17 -- EIF2AK2 -- BIRC3 -- IRAK1 -- MAP4K4 -- TNFRSF1B -- TRAF1 -- MAP3K1 -- ZFP36 -- BIRC2 -- ATM -- IL4 -- HSPB1 -- CDKN2A -- FBXO31 -- PPM1A -- SOCS3 -- NGF -- SHC1 -- IFNB1 -- IRF1 -- RPAIN -- HIP1 -- OTUD7B -- XIAP -- ERBB2 -- MTOR -- PRNP -- IL16 -- HIF1A -- RPS6KA1 -- UBE2D3
462,MYD88 -- CHUK -- MAPK1 -- MAPK3 -- E2F1 -- RELA -- JUN -- RXRB -- TNFAIP3 -- SP1 -- VEGFA -- ADAM17 -- EIF2AK2 -- BIRC3 -- IRAK1 -- MAP4K4 -- TNFRSF1B -- TRAF1 -- MAP3K1 -- ZFP36 -- BIRC2 -- ATM -- IL4 -- HSPB1 -- CDKN2A -- FBXO31 -- PPM1A -- SOCS3 -- NGF -- SHC1 -- IFNB1 -- IRF1 -- RPAIN -- HIP1 -- OTUD7B -- XIAP -- ERBB2 -- MTOR -- PRNP -- IL16 -- HIF1A -- RPS6KA1 -- UBE2D3
463,MYD88 -- CHUK -- MAPK1 -- MAPK3 -- E2F1 -- RELA -- JUN -- RXRB -- TNFAIP3 -- SP1 -- VEGFA -- ADAM17 -- EIF2AK2 -- BIRC3 -- IRAK1 -- MAP4K4 -- TNFRSF1B -- CYLD -- MAP3K1 -- ZFP36 -- BIRC2 -- ATM -- IL4 -- HSPB1 -- CDKN2A -- FBXO31 -- PPM1A -- SOCS3 -- NGF -- SHC1 -- IFNB1 -- IRF1 -- RPAIN -- HIP1 -- OTUD7B -- XIAP -- ERBB2 -- MTOR -- PRNP -- IL16 -- HIF1A -- RPS6KA1 -- UBE2D3
464,MYD88 -- CHUK -- MAPK1 -- MAPK3 -- E2F1 -- RELA -- JUN -- RXRB -- TNFAIP3 -- SP1 -- VEGFA -- ADAM17 -- EIF2AK2 -- BIRC3 -- IRAK1 -- MAP4K4 -- TNFRSF1B -- CYLD -- MAP3K1 -- ZFP36 -- BIRC2 -- ATM -- IL4 -- HSPB1 -- CDKN2A -- FBXO31 -- PPM1A -- SOCS3 -- NGF -- SHC1 -- IFNB1 -- IRF1 -- RPAIN -- HIP1 -- OTUD7B -- XIAP -- ERBB2 -- MTOR -- PRNP -- IL16 -- HIF1A -- RPS6KA1 -- UBE2D3
465,MYD88 -- CHUK -- MAPK1 -- MAPK3 -- E2F1 -- RELA -- JUN -- RXRB -- TNFAIP3 -- SP1 -- VEGFA -- ADAM17 -- EIF2AK2 -- BIRC3 -- IRAK1 -- MAP4K4 -- TNFRSF1B -- CYLD -- MAP3K1 -- ZFP36 -- BIRC2 -- ATM -- IL4 -- HSPB1 -- CDKN2A -- FBXO31 -- PPM1A -- SOCS3 -- NGF -- SHC1 -- IFNB1 -- IRF1 -- RPAIN -- HIP1 -- OTUD7B -- XIAP -- ERBB2 -- MTOR -- PRNP -- IL16 -- HIF1A -- RPS6KA1 -- UBE2D3
466,MYD88 -- CHUK -- MAPK1 -- MAPK3 -- E2F1 -- RELA -- JUN -- RXRB -- TNFAIP3 -- SP1 -- VEGFA -- ADAM17 -- EIF2AK2 -- BIRC3 -- IRAK1 -- MAP4K4 -- TNFRSF1B -- TRAF1 -- MAP3K1 -- ZFP36 -- BIRC2 -- ATM -- IL4 -- HSPB1 -- CDKN2A -- FBXO31 -- PPM1A -- SOCS3 -- NGF -- SHC1 -- IFNB1 -- IRF1 -- RPAIN -- HIP1 -- OTUD7B -- XIAP -- ERBB2 -- MTOR -- PRNP -- IL16 -- HIF1A -- RPS6KA1 -- UBE2D3
467,MYD88 -- CHUK -- MAPK1 -- MAPK3 -- E2F1 -- RELA -- JUN -- RXRB -- TNFAIP3 -- SP1 -- VEGFA -- ADAM17 -- EIF2AK2 -- BIRC3 -- IRAK1 -- MAP4K4 -- TNFRSF1B -- TRAF1 -- MAP3K1 -- ZFP36 -- BIRC2 -- ATM -- IL4 -- HSPB1 -- CDKN2A -- FBXO31 -- PPM1A -- SOCS3 -- NGF -- SHC1 -- IFNB1 -- IRF1 -- RPAIN -- HIP1 -- OTUD7B -- XIAP -- ERBB2 -- MTOR -- PRNP -- IL16 -- HIF1A -- RPS6KA1 -- UBE2D3
468,MYD88 -- CHUK -- MAPK1 -- MAPK3 -- E2F1 -- RELA -- JUN -- RXRB -- TNFAIP3 -- SP1 -- VEGFA -- ADAM17 -- EIF2AK2 -- BIRC3 -- IRAK1 -- MAP4K4 -- TNFRSF1B -- CYLD -- MAP3K1 -- ZFP36 -- BIRC2 -- ATM -- IL4 -- HSPB1 -- CDKN2A -- FBXO31 -- PPM1A -- SOCS3 -- NGF -- SHC1 -- IFNB1 -- IRF1 -- RPAIN -- HIP1 -- OTUD7B -- XIAP -- ERBB2 -- MTOR -- PRNP -- IL16 -- HIF1A -- RPS6KA1 -- UBE2D3
469,MYD88 -- CHUK -- MAPK1 -- MAPK3 -- E2F1 -- RELA -- JUN -- RXRB -- TNFAIP3 -- SP1 -- VEGFA -- ADAM17 -- EIF2AK2 -- BIRC3 -- IRAK1 -- MAP4K4 -- TNFRSF1B -- CYLD -- MAP3K1 -- ZFP36 -- BIRC2 -- ATM -- IL4 -- HSPB1 -- CDKN2A -- FBXO31 -- PPM1A -- SOCS3 -- NGF -- SHC1 -- IFNB1 -- IRF1 -- RPAIN -- HIP1 -- OTUD7B -- XIAP -- ERBB2 -- MTOR -- PRNP -- IL16 -- HIF1A -- RPS6KA1 -- UBE2D3
470,MYD88 -- CHUK -- MAPK1 -- MAPK3 -- E2F1 -- RELA -- JUN -- RXRB -- TNFAIP3 -- SP1 -- VEGFA -- ADAM17 -- EIF2AK2 -- BIRC3 -- IRAK1 -- MAP4K4 -- TNFRSF1B -- CYLD -- MAP3K1 -- ZFP36 -- BIRC2 -- ATM -- IL4 -- HSPB1 -- CDKN2A -- FBXO31 -- PPM1A -- SOCS3 -- NGF -- SHC1 -- IFNB1 -- IRF1 -- RPAIN -- HIP1 -- OTUD7B -- XIAP -- ERBB2 -- MTOR -- PRNP -- IL16 -- HIF1A -- RPS6KA1 -- UBE2D3
471,MYD88 -- CHUK -- MAPK1 -- MAPK3 -- E2F1 -- RELA -- JUN -- RXRB -- TNFAIP3 -- SP1 -- VEGFA -- ADAM17 -- EIF2AK2 -- BIRC3 -- IRAK1 -- MAP4K4 -- TNFRSF1B -- TRAF1 -- MAP3K1 -- ZFP36 -- BIRC2 -- ATM -- IL4 -- HSPB1 -- CDKN2A -- FBXO31 -- PPM1A -- SOCS3 -- NGF -- SHC1 -- IFNB1 -- IRF1 -- RPAIN -- HIP1 -- OTUD7B -- XIAP -- ERBB2 -- MTOR -- PRNP -- NFE2L2 -- IL16 -- HIF1A -- RPS6KA1 -- UBE2D3
472,MYD88 -- CHUK -- MAPK1 -- MAPK3 -- E2F1 -- RELA -- JUN -- RXRB -- TNFAIP3 -- SP1 -- VEGFA -- ADAM17 -- EIF2AK2 -- BIRC3 -- IRAK1 -- MAP4K4 -- TNFRSF1B -- TRAF1 -- MAP3K1 -- ZFP36 -- BIRC2 -- ATM -- IL4 -- HSPB1 -- CDKN2A -- FBXO31 -- PPM1A -- SOCS3 -- NGF -- SHC1 -- IFNB1 -- IRF1 -- RPAIN -- HIP1 -- OTUD7B -- XIAP -- ERBB2 -- MTOR -- PRNP -- IL16 -- HIF1A -- RPS6KA1 -- UBE2D3
473,MYD88 -- CHUK -- MAPK1 -- MAPK3 -- E2F1 -- RELA -- JUN -- RXRB -- TNFAIP3 -- SP1 -- VEGFA -- ADAM17 -- EIF2AK2 -- BIRC3 -- IRAK1 -- MAP4K4 -- TNFRSF1B -- TRAF1 -- MAP3K1 -- ZFP36 -- BIRC2 -- ATM -- IL4 -- HSPB1 -- CDKN2A -- FBXO31 -- PPM1A -- SOCS3 -- NGF -- SHC1 -- IFNB1 -- IRF1 -- RPAIN -- HIP1 -- OTUD7B -- XIAP -- ERBB2 -- MTOR -- PRNP -- IL16 -- HIF1A -- RPS6KA1 -- UBE2D3
474,MYD88 -- CHUK -- MAPK1 -- MAPK3 -- E2F1 -- RELA -- JUN -- RXRB -- TNFAIP3 -- SP1 -- VEGFA -- ADAM17 -- EIF2AK2 -- BIRC3 -- IRAK1 -- MAP4K4 -- TNFRSF1B -- CYLD -- MAP3K1 -- ZFP36 -- BIRC2 -- ATM -- IL4 -- HSPB1 -- CDKN2A -- FBXO31 -- PPM1A -- SOCS3 -- NGF -- SHC1 -- IFNB1 -- IRF1 -- RPAIN -- HIP1 -- OTUD7B -- XIAP -- ERBB2 -- MTOR -- PRNP -- IL16 -- HIF1A -- RPS6KA1 -- UBE2D3
475,MYD88 -- CHUK -- MAPK1 -- MAPK3 -- E2F1 -- RELA -- JUN -- RXRB -- TNFAIP3 -- SP1 -- VEGFA -- ADAM17 -- EIF2AK2 -- BIRC3 -- IRAK1 -- MAP4K4 -- TNFRSF1B -- TRAF1 -- MAP3K1 -- ZFP36 -- BIRC2 -- ATM -- IL4 -- HSPB1 -- CDKN2A -- FBXO31 -- PPM1A -- SOCS3 -- NGF -- SHC1 -- IFNB1 -- IRF1 -- RPAIN -- HIP1 -- OTUD7B -- XIAP -- ERBB2 -- MTOR -- PRNP -- IL16 -- HIF1A -- RPS6KA1 -- UBE2D3
476,MYD88 -- CHUK -- MAPK1 -- MAPK3 -- E2F1 -- RELA -- JUN -- RXRB -- TNFAIP3 -- SP1 -- VEGFA -- ADAM17 -- EIF2AK2 -- BIRC3 -- IRAK1 -- MAP4K4 -- TNFRSF1B -- TRAF1 -- MAP3K1 -- ZFP36 -- BIRC2 -- ATM -- IL4 -- HSPB1 -- CDKN2A -- FBXO31 -- PPM1A -- SOCS3 -- NGF -- SHC1 -- IFNB1 -- IRF1 -- RPAIN -- HIP1 -- OTUD7B -- XIAP -- ERBB2 -- MTOR -- PRNP -- IL16 -- HIF1A -- RPS6KA1 -- UBE2D3
477,MYD88 -- CHUK -- MAPK1 -- MAPK3 -- E2F1 -- RELA -- JUN -- RXRB -- TNFAIP3 -- SP1 -- VEGFA -- ADAM17 -- EIF2AK2 -- BIRC3 -- IRAK1 -- MAP4K4 -- TNFRSF1B -- CYLD -- MAP3K1 -- ZFP36 -- BIRC2 -- ATM -- IL4 -- HSPB1 -- CDKN2A -- FBXO31 -- PPM1A -- SOCS3 -- NGF -- SHC1 -- IFNB1 -- IRF1 -- RPAIN -- HIP1 -- OTUD7B -- XIAP -- ERBB2 -- MTOR -- PRNP -- IL16 -- HIF1A -- RPS6KA1 -- UBE2D3
478,MYD88 -- CHUK -- MAPK1 -- MAPK3 -- E2F1 -- RELA -- JUN -- RXRB -- TNFAIP3 -- SP1 -- VEGFA -- ADAM17 -- EIF2AK2 -- BIRC3 -- IRAK1 -- MAP4K4 -- TNFRSF1B -- CYLD -- MAP3K1 -- ZFP36 -- BIRC2 -- ATM -- IL4 -- HSPB1 -- CDKN2A -- FBXO31 -- PPM1A -- SOCS3 -- NGF -- SHC1 -- IFNB1 -- IRF1 -- RPAIN -- HIP1 -- OTUD7B -- XIAP -- ERBB2 -- MTOR -- PRNP -- IL16 -- HIF1A -- RPS6KA1 -- UBE2D3
479,MYD88 -- CHUK -- MAPK1 -- MAPK3 -- E2F1 -- RELA -- JUN -- RXRB -- TNFAIP3 -- SP1 -- VEGFA -- ADAM17 -- EIF2AK2 -- BIRC3 -- IRAK1 -- MAP4K4 -- TNFRSF1B -- TRAF1 -- MAP3K1 -- ZFP36 -- BIRC2 -- ATM -- IL4 -- HSPB1 -- CDKN2A -- FBXO31 -- PPM1A -- SOCS3 -- NGF -- SHC1 -- IFNB1 -- IRF1 -- RPAIN -- HIP1 -- OTUD7B -- XIAP -- ERBB2 -- MTOR -- PRNP -- IL16 -- HIF1A -- RPS6KA1 -- UBE2D3
480,MYD88 -- CHUK -- MAPK1 -- MAPK3 -- E2F1 -- RELA -- JUN -- RXRB -- TNFAIP3 -- SP1 -- VEGFA -- ADAM17 -- EIF2AK2 -- BIRC3 -- IRAK1 -- MAP4K4 -- TNFRSF1B -- CYLD -- MAP3K1 -- ZFP36 -- BIRC2 -- ATM -- IL4 -- HSPB1 -- CDKN2A -- FBXO31 -- PPM1A -- SOCS3 -- NGF -- SHC1 -- IFNB1 -- IRF1 -- RPAIN -- HIP1 -- OTUD7B -- XIAP -- ERBB2 -- MTOR -- PRNP -- IL16 -- HIF1A -- RPS6KA1 -- UBE2D3
481,MYD88 -- CHUK -- MAPK1 -- MAPK3 -- E2F1 -- RELA -- JUN -- RXRB -- TNFAIP3 -- SP1 -- VEGFA -- ADAM17 -- EIF2AK2 -- BIRC3 -- IRAK1 -- MAP4K4 -- TNFRSF1B -- TRAF1 -- MAP3K1 -- ZFP36 -- BIRC2 -- ATM -- IL4 -- HSPB1 -- CDKN2A -- FBXO31 -- PPM1A -- SOCS3 -- NGF -- SHC1 -- IFNB1 -- IRF1 -- RPAIN -- HIP1 -- OTUD7B -- XIAP -- ERBB2 -- MTOR -- PRNP -- IL16 -- HIF1A -- RPS6KA1 -- UBE2D3
482,MYD88 -- CHUK -- MAPK1 -- MAPK3 -- E2F1 -- RELA -- JUN -- RXRB -- TNFAIP3 -- SP1 -- VEGFA -- ADAM17 -- EIF2AK2 -- BIRC3 -- IRAK1 -- MAP4K4 -- TNFRSF1B -- CYLD -- MAP3K1 -- ZFP36 -- BIRC2 -- ATM -- IL4 -- HSPB1 -- CDKN2A -- FBXO31 -- PPM1A -- SOCS3 -- NGF -- SHC1 -- IFNB1 -- IRF1 -- RPAIN -- HIP1 -- OTUD7B -- XIAP -- ERBB2 -- MTOR -- PRNP -- IL16 -- HIF1A -- RPS6KA1 -- UBE2D3
483,MYD88 -- CHUK -- MAPK1 -- MAPK3 -- E2F1 -- RELA -- JUN -- RXRB -- TNFAIP3 -- SP1 -- VEGFA -- ADAM17 -- EIF2AK2 -- BIRC3 -- IRAK1 -- MAP4K4 -- TNFRSF1B -- CYLD -- MAP3K1 -- ZFP36 -- BIRC2 -- ATM -- IL4 -- HSPB1 -- CDKN2A -- FBXO31 -- PPM1A -- SOCS3 -- NGF -- SHC1 -- IFNB1 -- IRF1 -- RPAIN -- HIP1 -- OTUD7B -- XIAP -- ERBB2 -- MTOR -- PRNP -- IL16 -- HIF1A -- RPS6KA1 -- UBE2D3
484,MYD88 -- CHUK -- MAPK1 -- MAPK3 -- E2F1 -- RELA -- JUN -- RXRB -- TNFAIP3 -- SP1 -- VEGFA -- ADAM17 -- EIF2AK2 -- BIRC3 -- IRAK1 -- MAP4K4 -- TNFRSF1B -- CYLD -- MAP3K1 -- ZFP36 -- BIRC2 -- ATM -- IL4 -- HSPB1 -- CDKN2A -- FBXO31 -- PPM1A -- SOCS3 -- NGF -- SHC1 -- IFNB1 -- IRF1 -- RPAIN -- HIP1 -- OTUD7B -- XIAP -- ERBB2 -- MTOR -- PRNP -- IL16 -- HIF1A -- RPS6KA1 -- UBE2D3
485,MYD88 -- CHUK -- MAPK1 -- MAPK3 -- E2F1 -- RELA -- JUN -- RXRB -- TNFAIP3 -- SP1 -- VEGFA -- ADAM17 -- EIF2AK2 -- BIRC3 -- IRAK1 -- MAP4K4 -- TNFRSF1B -- TRAF1 -- MAP3K1 -- ZFP36 -- BIRC2 -- ATM -- IL4 -- HSPB1 -- CDKN2A -- FBXO31 -- PPM1A -- SOCS3 -- NGF -- SHC1 -- IFNB1 -- IRF1 -- RPAIN -- HIP1 -- OTUD7B -- XIAP -- ERBB2 -- MTOR -- PRNP -- IL16 -- HIF1A -- RPS6KA1 -- UBE2D3
486,MYD88 -- CHUK -- MAPK1 -- MAPK3 -- E2F1 -- RELA -- JUN -- RXRB -- TNFAIP3 -- SP1 -- VEGFA -- ADAM17 -- EIF2AK2 -- BIRC3 -- IRAK1 -- MAP4K4 -- TNFRSF1B -- TRAF1 -- MAP3K1 -- ZFP36 -- BIRC2 -- ATM -- IL4 -- HSPB1 -- CDKN2A -- FBXO31 -- PPM1A -- SOCS3 -- NGF -- SHC1 -- IFNB1 -- IRF1 -- RPAIN -- HIP1 -- OTUD7B -- XIAP -- ERBB2 -- MTOR -- PRNP -- IL16 -- HIF1A -- RPS6KA1 -- UBE2D3
487,MYD88 -- CHUK -- MAPK1 -- MAPK3 -- E2F1 -- RELA -- JUN -- RXRB -- TNFAIP3 -- SP1 -- VEGFA -- ADAM17 -- EIF2AK2 -- BIRC3 -- IRAK1 -- MAP4K4 -- TNFRSF1B -- CYLD -- MAP3K1 -- ZFP36 -- BIRC2 -- ATM -- IL4 -- HSPB1 -- CDKN2A -- FBXO31 -- PPM1A -- SOCS3 -- NGF -- SHC1 -- IFNB1 -- IRF1 -- RPAIN -- HIP1 -- OTUD7B -- XIAP -- ERBB2 -- MTOR -- PRNP -- IL16 -- HIF1A -- RPS6KA1 -- UBE2D3
488,MYD88 -- CHUK -- MAPK1 -- MAPK3 -- E2F1 -- RELA -- JUN -- RXRB -- TNFAIP3 -- SP1 -- VEGFA -- ADAM17 -- EIF2AK2 -- BIRC3 -- IRAK1 -- MAP4K4 -- TNFRSF1B -- CYLD -- MAP3K1 -- ZFP36 -- BIRC2 -- ATM -- IL4 -- HSPB1 -- CDKN2A -- FBXO31 -- PPM1A -- SOCS3 -- NGF -- SHC1 -- IFNB1 -- IRF1 -- RPAIN -- HIP1 -- OTUD7B -- XIAP -- ERBB2 -- MTOR -- PRNP -- IL16 -- HIF1A -- RPS6KA1 -- UBE2D3
489,MYD88 -- CHUK -- MAPK1 -- MAPK3 -- E2F1 -- RELA -- JUN -- RXRB -- TNFAIP3 -- SP1 -- VEGFA -- ADAM17 -- EIF2AK2 -- BIRC3 -- IRAK1 -- MAP4K4 -- TNFRSF1B -- CYLD -- MAP3K1 -- ZFP36 -- BIRC2 -- ATM -- IL4 -- HSPB1 -- CDKN2A -- FBXO31 -- PPM1A -- SOCS3 -- NGF -- SHC1 -- IFNB1 -- IRF1 -- RPAIN -- HIP1 -- OTUD7B -- XIAP -- ERBB2 -- MTOR -- PRNP -- IL16 -- HIF1A -- RPS6KA1 -- UBE2D3
490,MYD88 -- CHUK -- MAPK1 -- MAPK3 -- E2F1 -- RELA -- JUN -- RXRB -- TNFAIP3 -- SP1 -- VEGFA -- ADAM17 -- EIF2AK2 -- BIRC3 -- IRAK1 -- MAP4K4 -- TNFRSF1B -- CYLD -- MAP3K1 -- ZFP36 -- BIRC2 -- ATM -- IL4 -- HSPB1 -- CDKN2A -- FBXO31 -- PPM1A -- SOCS3 -- NGF -- SHC1 -- IFNB1 -- IRF1 -- RPAIN -- HIP1 -- OTUD7B -- XIAP -- ERBB2 -- MTOR -- PRNP -- IL16 -- HIF1A -- RPS6KA1 -- UBE2D3
491,MYD88 -- CHUK -- MAPK1 -- MAPK3 -- E2F1 -- RELA -- JUN -- RXRB -- TNFAIP3 -- SP1 -- VEGFA -- ADAM17 -- EIF2AK2 -- BIRC3 -- IRAK1 -- MAP4K4 -- TNFRSF1B -- TRAF1 -- MAP3K1 -- ZFP36 -- BIRC2 -- ATM -- IL4 -- HSPB1 -- CDKN2A -- FBXO31 -- PPM1A -- SOCS3 -- NGF -- SHC1 -- IFNB1 -- IRF1 -- RPAIN -- HIP1 -- OTUD7B -- XIAP -- ERBB2 -- MTOR -- PRNP -- IL16 -- HIF1A -- RPS6KA1 -- UBE2D3
492,MYD88 -- CHUK -- MAPK1 -- MAPK3 -- E2F1 -- RELA -- JUN -- RXRB -- TNFAIP3 -- SP1 -- VEGFA -- ADAM17 -- EIF2AK2 -- BIRC3 -- IRAK1 -- MAP4K4 -- TNFRSF1B -- CYLD -- MAP3K1 -- ZFP36 -- BIRC2 -- ATM -- IL4 -- HSPB1 -- CDKN2A -- FBXO31 -- PPM1A -- SOCS3 -- NGF -- SHC1 -- IFNB1 -- IRF1 -- RPAIN -- HIP1 -- OTUD7B -- XIAP -- ERBB2 -- MTOR -- PRNP -- IL16 -- HIF1A -- RPS6KA1 -- UBE2D3
493,MYD88 -- CHUK -- MAPK1 -- MAPK3 -- E2F1 -- RELA -- JUN -- RXRB -- TNFAIP3 -- SP1 -- VEGFA -- ADAM17 -- EIF2AK2 -- BIRC3 -- IRAK1 -- MAP4K4 -- TNFRSF1B -- TRAF1 -- MAP3K1 -- ZFP36 -- BIRC2 -- ATM -- IL4 -- HSPB1 -- CDKN2A -- FBXO31 -- PPM1A -- SOCS3 -- NGF -- SHC1 -- IFNB1 -- IRF1 -- RPAIN -- HIP1 -- OTUD7B -- XIAP -- ERBB2 -- MTOR -- PRNP -- IL16 -- HIF1A -- RPS6KA1 -- UBE2D3
494,MYD88 -- CHUK -- MAPK1 -- MAPK3 -- E2F1 -- RELA -- JUN -- RXRB -- TNFAIP3 -- SP1 -- VEGFA -- ADAM17 -- EIF2AK2 -- BIRC3 -- IRAK1 -- MAP4K4 -- TNFRSF1B -- TRAF1 -- MAP3K1 -- ZFP36 -- BIRC2 -- ATM -- IL4 -- HSPB1 -- CDKN2A -- FBXO31 -- PPM1A -- SOCS3 -- NGF -- SHC1 -- IFNB1 -- IRF1 -- RPAIN -- HIP1 -- OTUD7B -- XIAP -- ERBB2 -- MTOR -- PRNP -- IL16 -- HIF1A -- RPS6KA1 -- UBE2D3
495,MYD88 -- CHUK -- MAPK1 -- MAPK3 -- E2F1 -- RELA -- JUN -- RXRB -- TNFAIP3 -- SP1 -- VEGFA -- ADAM17 -- EIF2AK2 -- BIRC3 -- IRAK1 -- MAP4K4 -- TNFRSF1B -- TRAF1 -- MAP3K1 -- ZFP36 -- BIRC2 -- ATM -- IL4 -- HSPB1 -- CDKN2A -- FBXO31 -- PPM1A -- SOCS3 -- NGF -- SHC1 -- IFNB1 -- IRF1 -- RPAIN -- HIP1 -- OTUD7B -- XIAP -- ERBB2 -- MTOR -- PRNP -- IL16 -- HIF1A -- RPS6KA1 -- UBE2D3
496,MYD88 -- CHUK -- MAPK1 -- MAPK3 -- E2F1 -- RELA -- JUN -- RXRB -- TNFAIP3 -- SP1 -- VEGFA -- ADAM17 -- EIF2AK2 -- BIRC3 -- IRAK1 -- MAP4K4 -- TNFRSF1B -- CYLD -- MAP3K1 -- ZFP36 -- BIRC2 -- ATM -- IL4 -- HSPB1 -- CDKN2A -- FBXO31 -- PPM1A -- SOCS3 -- NGF -- SHC1 -- IFNB1 -- IRF1 -- RPAIN -- HIP1 -- OTUD7B -- XIAP -- ERBB2 -- MTOR -- PRNP -- IL16 -- HIF1A -- RPS6KA1 -- UBE2D3
497,MYD88 -- CHUK -- MAPK1 -- MAPK3 -- E2F1 -- RELA -- JUN -- RXRB -- TNFAIP3 -- SP1 -- VEGFA -- ADAM17 -- EIF2AK2 -- BIRC3 -- IRAK1 -- MAP4K4 -- TNFRSF1B -- CYLD -- MAP3K1 -- ZFP36 -- BIRC2 -- ATM -- IL4 -- HSPB1 -- CDKN2A -- FBXO31 -- PPM1A -- SOCS3 -- NGF -- SHC1 -- IFNB1 -- IRF1 -- RPAIN -- HIP1 -- OTUD7B -- XIAP -- ERBB2 -- MTOR -- PRNP -- IL16 -- HIF1A -- RPS6KA1 -- UBE2D3
498,MYD88 -- CHUK -- MAPK1 -- MAPK3 -- E2F1 -- RELA -- JUN -- RXRB -- TNFAIP3 -- SP1 -- VEGFA -- ADAM17 -- EIF2AK2 -- BIRC3 -- IRAK1 -- MAP4K4 -- TNFRSF1B -- TRAF1 -- MAP3K1 -- ZFP36 -- BIRC2 -- ATM -- IL4 -- HSPB1 -- CDKN2A -- FBXO31 -- PPM1A -- SOCS3 -- NGF -- SHC1 -- IFNB1 -- IRF1 -- RPAIN -- HIP1 -- OTUD7B -- XIAP -- ERBB2 -- MTOR -- PRNP -- IL16 -- HIF1A -- RPS6KA1 -- UBE2D3
499,MYD88 -- CHUK -- MAPK1 -- MAPK3 -- E2F1 -- RELA -- JUN -- RXRB -- TNFAIP3 -- SP1 -- VEGFA -- ADAM17 -- EIF2AK2 -- BIRC3 -- IRAK1 -- MAP4K4 -- TNFRSF1B -- TRAF1 -- MAP3K1 -- ZFP36 -- BIRC2 -- ATM -- IL4 -- HSPB1 -- CDKN2A -- FBXO31 -- PPM1A -- SOCS3 -- NGF -- SHC1 -- IFNB1 -- IRF1 -- RPAIN -- HIP1 -- OTUD7B -- XIAP -- ERBB2 -- MTOR -- PRNP -- IL16 -- HIF1A -- RPS6KA1 -- UBE2D3
500,MYD88 -- CHUK -- MAPK1 -- MAPK3 -- E2F1 -- RELA -- JUN -- RXRB -- TNFAIP3 -- SP1 -- VEGFA -- ADAM17 -- EIF2AK2 -- BIRC3 -- IRAK1 -- MAP4K4 -- TNFRSF1B -- TRAF1 -- MAP3K1 -- ZFP36 -- BIRC2 -- ATM -- IL4 -- HSPB1 -- CDKN2A -- FBXO31 -- PPM1A -- SOCS3 -- NGF -- SHC1 -- IFNB1 -- IRF1 -- RPAIN -- HIP1 -- OTUD7B -- XIAP -- ERBB2 -- MTOR -- PRNP -- IL16 -- HIF1A -- RPS6KA1 -- UBE2D3
501,MYD88 -- CHUK -- MAPK1 -- MAPK3 -- E2F1 -- RELA -- JUN -- RXRB -- TNFAIP3 -- SP1 -- VEGFA -- ADAM17 -- EIF2AK2 -- BIRC3 -- IRAK1 -- MAP4K4 -- TNFRSF1B -- TRAF1 -- MAP3K1 -- ZFP36 -- BIRC2 -- ATM -- IL4 -- HSPB1 -- CDKN2A -- FBXO31 -- PPM1A -- SOCS3 -- NGF -- SHC1 -- IFNB1 -- IRF1 -- RPAIN -- HIP1 -- OTUD7B -- XIAP -- ERBB2 -- MTOR -- PRNP -- IL16 -- HIF1A -- RPS6KA1 -- UBE2D3
502,MYD88 -- CHUK -- MAPK1 -- MAPK3 -- E2F1 -- RELA -- JUN -- RXRB -- TNFAIP3 -- SP1 -- VEGFA -- ADAM17 -- EIF2AK2 -- BIRC3 -- IRAK1 -- MAP4K4 -- TNFRSF1B -- TRAF1 -- MAP3K1 -- ZFP36 -- BIRC2 -- ATM -- IL4 -- HSPB1 -- CDKN2A -- FBXO31 -- PPM1A -- SOCS3 -- NGF -- SHC1 -- IFNB1 -- IRF1 -- RPAIN -- HIP1 -- OTUD7B -- XIAP -- ERBB2 -- MTOR -- PRNP -- IL16 -- HIF1A -- RPS6KA1 -- UBE2D3
503,MYD88 -- CHUK -- MAPK1 -- MAPK3 -- E2F1 -- RELA -- JUN -- RXRB -- TNFAIP3 -- SP1 -- VEGFA -- ADAM17 -- EIF2AK2 -- BIRC3 -- IRAK1 -- MAP4K4 -- TNFRSF1B -- TRAF1 -- MAP3K1 -- ZFP36 -- BIRC2 -- ATM -- IL4 -- HSPB1 -- CDKN2A -- FBXO31 -- PPM1A -- SOCS3 -- NGF -- SHC1 -- IFNB1 -- IRF1 -- RPAIN -- HIP1 -- OTUD7B -- XIAP -- ERBB2 -- MTOR -- PRNP -- IL16 -- HIF1A -- RPS6KA1 -- UBE2D3
504,MYD88 -- CHUK -- MAPK1 -- MAPK3 -- E2F1 -- RELA -- JUN -- RXRB -- TNFAIP3 -- SP1 -- VEGFA -- ADAM17 -- EIF2AK2 -- BIRC3 -- IRAK1 -- MAP4K4 -- TNFRSF1B -- TRAF1 -- MAP3K1 -- ZFP36 -- BIRC2 -- ATM -- IL4 -- HSPB1 -- CDKN2A -- FBXO31 -- PPM1A -- SOCS3 -- NGF -- SHC1 -- IFNB1 -- IRF1 -- RPAIN -- HIP1 -- OTUD7B -- XIAP -- ERBB2 -- MTOR -- PRNP -- IL16 -- HIF1A -- RPS6KA1 -- UBE2D3
505,MYD88 -- CHUK -- MAPK1 -- MAPK3 -- E2F1 -- RELA -- JUN -- RXRB -- TNFAIP3 -- SP1 -- VEGFA -- ADAM17 -- EIF2AK2 -- BIRC3 -- IRAK1 -- MAP4K4 -- TNFRSF1B -- TRAF1 -- MAP3K1 -- ZFP36 -- BIRC2 -- ATM -- IL4 -- HSPB1 -- CDKN2A -- FBXO31 -- PPM1A -- SOCS3 -- NGF -- SHC1 -- IFNB1 -- IRF1 -- RPAIN -- HIP1 -- OTUD7B -- XIAP -- ERBB2 -- MTOR -- PRNP -- IL16 -- HIF1A -- RPS6KA1 -- UBE2D3
506,MYD88 -- CHUK -- MAPK1 -- MAPK3 -- E2F1 -- RELA -- JUN -- RXRB -- TNFAIP3 -- SP1 -- VEGFA -- ADAM17 -- EIF2AK2 -- BIRC3 -- IRAK1 -- MAP4K4 -- TNFRSF1B -- TRAF1 -- MAP3K1 -- ZFP36 -- BIRC2 -- ATM -- IL4 -- HSPB1 -- CDKN2A -- FBXO31 -- PPM1A -- SOCS3 -- NGF -- SHC1 -- IFNB1 -- IRF1 -- RPAIN -- HIP1 -- OTUD7B -- XIAP -- ERBB2 -- MTOR -- PRNP -- IL16 -- HIF1A -- RPS6KA1 -- UBE2D3
507,MYD88 -- CHUK -- MAPK1 -- MAPK3 -- E2F1 -- RELA -- JUN -- RXRB -- TNFAIP3 -- SP1 -- VEGFA -- ADAM17 -- EIF2AK2 -- BIRC3 -- IRAK1 -- MAP4K4 -- TNFRSF1B -- CYLD -- MAP3K1 -- ZFP36 -- BIRC2 -- ATM -- IL4 -- HSPB1 -- CDKN2A -- FBXO31 -- PPM1A -- SOCS3 -- NGF -- SHC1 -- IFNB1 -- IRF1 -- RPAIN -- HIP1 -- OTUD7B -- XIAP -- ERBB2 -- MTOR -- PRNP -- IL16 -- HIF1A -- RPS6KA1 -- UBE2D3
508,MYD88 -- CHUK -- MAPK1 -- MAPK3 -- E2F1 -- RELA -- JUN -- RXRB -- TNFAIP3 -- SP1 -- VEGFA -- ADAM17 -- EIF2AK2 -- BIRC3 -- IRAK1 -- MAP4K4 -- TNFRSF1B -- TRAF1 -- MAP3K1 -- ZFP36 -- BIRC2 -- ATM -- IL4 -- HSPB1 -- CDKN2A -- FBXO31 -- PPM1A -- SOCS3 -- NGF -- SHC1 -- IFNB1 -- IRF1 -- RPAIN -- HIP1 -- OTUD7B -- XIAP -- ERBB2 -- MTOR -- PRNP -- IL16 -- HIF1A -- RPS6KA1 -- UBE2D3
509,MYD88 -- CHUK -- MAPK1 -- MAPK3 -- E2F1 -- RELA -- JUN -- RXRB -- TNFAIP3 -- SP1 -- VEGFA -- ADAM17 -- EIF2AK2 -- BIRC3 -- IRAK1 -- MAP4K4 -- TNFRSF1B -- CYLD -- MAP3K1 -- ZFP36 -- BIRC2 -- ATM -- IL4 -- HSPB1 -- CDKN2A -- FBXO31 -- PPM1A -- SOCS3 -- NGF -- SHC1 -- IFNB1 -- IRF1 -- RPAIN -- HIP1 -- OTUD7B -- XIAP -- ERBB2 -- MTOR -- PRNP -- IL16 -- HIF1A -- RPS6KA1 -- UBE2D3
510,MYD88 -- CHUK -- MAPK1 -- MAPK3 -- E2F1 -- RELA -- JUN -- RXRB -- TNFAIP3 -- SP1 -- VEGFA -- ADAM17 -- EIF2AK2 -- BIRC3 -- IRAK1 -- MAP4K4 -- TNFRSF1B -- TRAF1 -- MAP3K1 -- ZFP36 -- BIRC2 -- ATM -- IL4 -- HSPB1 -- CDKN2A -- FBXO31 -- PPM1A -- SOCS3 -- NGF -- SHC1 -- IFNB1 -- IRF1 -- RPAIN -- HIP1 -- OTUD7B -- XIAP -- ERBB2 -- MTOR -- PRNP -- IL16 -- HIF1A -- RPS6KA1 -- UBE2D3
511,MYD88 -- CHUK -- MAPK1 -- MAPK3 -- E2F1 -- RELA -- JUN -- RXRB -- TNFAIP3 -- SP1 -- VEGFA -- ADAM17 -- EIF2AK2 -- BIRC3 -- IRAK1 -- MAP4K4 -- TNFRSF1B -- CYLD -- MAP3K1 -- ZFP36 -- BIRC2 -- ATM -- IL4 -- HSPB1 -- CDKN2A -- FBXO31 -- PPM1A -- SOCS3 -- NGF -- SHC1 -- IFNB1 -- IRF1 -- RPAIN -- HIP1 -- OTUD7B -- XIAP -- ERBB2 -- MTOR -- PRNP -- IL16 -- HIF1A -- RPS6KA1 -- UBE2D3
512,MYD88 -- CHUK -- MAPK1 -- MAPK3 -- E2F1 -- RELA -- JUN -- RXRB -- TNFAIP3 -- SP1 -- VEGFA -- ADAM17 -- EIF2AK2 -- BIRC3 -- IRAK1 -- MAP4K4 -- TNFRSF1B -- CYLD -- MAP3K1 -- ZFP36 -- BIRC2 -- ATM -- IL4 -- HSPB1 -- CDKN2A -- FBXO31 -- PPM1A -- SOCS3 -- NGF -- SHC1 -- IFNB1 -- IRF1 -- RPAIN -- HIP1 -- OTUD7B -- XIAP -- ERBB2 -- MTOR -- PRNP -- IL16 -- HIF1A -- RPS6KA1 -- UBE2D3
513,MYD88 -- CHUK -- MAPK1 -- MAPK3 -- E2F1 -- RELA -- JUN -- RXRB -- TNFAIP3 -- SP1 -- VEGFA -- ADAM17 -- EIF2AK2 -- BIRC3 -- IRAK1 -- MAP4K4 -- TNFRSF1B -- CYLD -- MAP3K1 -- ZFP36 -- BIRC2 -- ATM -- IL4 -- HSPB1 -- CDKN2A -- FBXO31 -- PPM1A -- SOCS3 -- NGF -- SHC1 -- IFNB1 -- IRF1 -- RPAIN -- HIP1 -- OTUD7B -- XIAP -- ERBB2 -- MTOR -- PRNP -- IL16 -- HIF1A -- RPS6KA1 -- UBE2D3
514,MYD88 -- CHUK -- MAPK1 -- MAPK3 -- E2F1 -- RELA -- JUN -- RXRB -- TNFAIP3 -- SP1 -- VEGFA -- ADAM17 -- EIF2AK2 -- BIRC3 -- IRAK1 -- MAP4K4 -- TNFRSF1B -- CYLD -- MAP3K1 -- ZFP36 -- BIRC2 -- ATM -- IL4 -- HSPB1 -- CDKN2A -- FBXO31 -- PPM1A -- SOCS3 -- NGF -- SHC1 -- IFNB1 -- IRF1 -- RPAIN -- HIP1 -- OTUD7B -- XIAP -- ERBB2 -- MTOR -- PRNP -- IL16 -- HIF1A -- RPS6KA1 -- UBE2D3
515,MYD88 -- CHUK -- MAPK1 -- MAPK3 -- E2F1 -- RELA -- JUN -- RXRB -- TNFAIP3 -- SP1 -- VEGFA -- ADAM17 -- EIF2AK2 -- BIRC3 -- IRAK1 -- MAP4K4 -- TNFRSF1B -- CYLD -- MAP3K1 -- ZFP36 -- BIRC2 -- ATM -- IL4 -- HSPB1 -- CDKN2A -- FBXO31 -- PPM1A -- SOCS3 -- NGF -- SHC1 -- IFNB1 -- IRF1 -- RPAIN -- HIP1 -- OTUD7B -- XIAP -- ERBB2 -- MTOR -- PRNP -- IL16 -- HIF1A -- RPS6KA1 -- UBE2D3
516,MYD88 -- CHUK -- MAPK1 -- MAPK3 -- E2F1 -- RELA -- JUN -- RXRB -- TNFAIP3 -- SP1 -- VEGFA -- ADAM17 -- EIF2AK2 -- BIRC3 -- IRAK1 -- MAP4K4 -- TNFRSF1B -- TRAF1 -- MAP3K1 -- ZFP36 -- BIRC2 -- ATM -- IL4 -- HSPB1 -- CDKN2A -- FBXO31 -- PPM1A -- SOCS3 -- NGF -- SHC1 -- IFNB1 -- IRF1 -- RPAIN -- HIP1 -- OTUD7B -- XIAP -- ERBB2 -- MTOR -- PRNP -- IL16 -- HIF1A -- RPS6KA1 -- UBE2D3
517,MYD88 -- CHUK -- MAPK1 -- MAPK3 -- E2F1 -- RELA -- JUN -- RXRB -- TNFAIP3 -- SP1 -- VEGFA -- ADAM17 -- EIF2AK2 -- BIRC3 -- IRAK1 -- MAP4K4 -- TNFRSF1B -- CYLD -- MAP3K1 -- ZFP36 -- BIRC2 -- ATM -- IL4 -- HSPB1 -- CDKN2A -- FBXO31 -- PPM1A -- SOCS3 -- NGF -- SHC1 -- IFNB1 -- IRF1 -- RPAIN -- HIP1 -- OTUD7B -- XIAP -- ERBB2 -- MTOR -- PRNP -- IL16 -- HIF1A -- RPS6KA1 -- UBE2D3
518,MYD88 -- CHUK -- MAPK1 -- MAPK3 -- E2F1 -- RELA -- JUN -- RXRB -- TNFAIP3 -- SP1 -- VEGFA -- ADAM17 -- EIF2AK2 -- BIRC3 -- IRAK1 -- MAP4K4 -- TNFRSF1B -- TRAF1 -- MAP3K1 -- ZFP36 -- BIRC2 -- ATM -- IL4 -- HSPB1 -- CDKN2A -- FBXO31 -- PPM1A -- SOCS3 -- NGF -- SHC1 -- IFNB1 -- IRF1 -- RPAIN -- HIP1 -- OTUD7B -- XIAP -- ERBB2 -- MTOR -- PRNP -- IL16 -- HIF1A -- RPS6KA1 -- UBE2D3
519,MYD88 -- CHUK -- MAPK1 -- MAPK3 -- E2F1 -- RELA -- JUN -- RXRB -- TNFAIP3 -- SP1 -- VEGFA -- ADAM17 -- EIF2AK2 -- BIRC3 -- IRAK1 -- MAP4K4 -- TNFRSF1B -- TRAF1 -- MAP3K1 -- ZFP36 -- BIRC2 -- ATM -- IL4 -- HSPB1 -- CDKN2A -- FBXO31 -- PPM1A -- SOCS3 -- NGF -- SHC1 -- IFNB1 -- IRF1 -- RPAIN -- HIP1 -- OTUD7B -- XIAP -- ERBB2 -- MTOR -- PRNP -- IL16 -- HIF1A -- RPS6KA1 -- UBE2D3
520,MYD88 -- CHUK -- MAPK1 -- MAPK3 -- E2F1 -- RELA -- JUN -- RXRB -- TNFAIP3 -- SP1 -- VEGFA -- ADAM17 -- EIF2AK2 -- BIRC3 -- IRAK1 -- MAP4K4 -- TNFRSF1B -- TRAF1 -- MAP3K1 -- ZFP36 -- BIRC2 -- ATM -- IL4 -- HSPB1 -- CDKN2A -- FBXO31 -- PPM1A -- SOCS3 -- NGF -- SHC1 -- IFNB1 -- IRF1 -- RPAIN -- HIP1 -- OTUD7B -- XIAP -- ERBB2 -- MTOR -- PRNP -- IL16 -- HIF1A -- RPS6KA1 -- UBE2D3
521,MYD88 -- CHUK -- MAPK1 -- MAPK3 -- E2F1 -- RELA -- JUN -- RXRB -- TNFAIP3 -- SP1 -- VEGFA -- ADAM17 -- EIF2AK2 -- BIRC3 -- IRAK1 -- MAP4K4 -- TNFRSF1B -- TRAF1 -- MAP3K1 -- ZFP36 -- BIRC2 -- ATM -- IL4 -- HSPB1 -- CDKN2A -- FBXO31 -- PPM1A -- SOCS3 -- NGF -- SHC1 -- IFNB1 -- IRF1 -- RPAIN -- HIP1 -- OTUD7B -- XIAP -- ERBB2 -- MTOR -- PRNP -- IL16 -- HIF1A -- RPS6KA1 -- UBE2D3
522,MYD88 -- CHUK -- MAPK1 -- MAPK3 -- E2F1 -- RELA -- JUN -- RXRB -- TNFAIP3 -- SP1 -- VEGFA -- ADAM17 -- EIF2AK2 -- BIRC3 -- IRAK1 -- MAP4K4 -- TNFRSF1B -- TRAF1 -- MAP3K1 -- ZFP36 -- BIRC2 -- ATM -- IL4 -- HSPB1 -- CDKN2A -- FBXO31 -- PPM1A -- SOCS3 -- NGF -- SHC1 -- IFNB1 -- IRF1 -- RPAIN -- HIP1 -- OTUD7B -- XIAP -- ERBB2 -- MTOR -- PRNP -- IL16 -- HIF1A -- RPS6KA1 -- UBE2D3
523,MYD88 -- CHUK -- MAPK1 -- MAPK3 -- E2F1 -- RELA -- JUN -- RXRB -- TNFAIP3 -- SP1 -- VEGFA -- ADAM17 -- EIF2AK2 -- BIRC3 -- IRAK1 -- MAP4K4 -- TNFRSF1B -- TRAF1 -- MAP3K1 -- ZFP36 -- BIRC2 -- ATM -- IL4 -- HSPB1 -- CDKN2A -- FBXO31 -- PPM1A -- SOCS3 -- NGF -- SHC1 -- IFNB1 -- IRF1 -- RPAIN -- HIP1 -- OTUD7B -- XIAP -- ERBB2 -- MTOR -- PRNP -- IL16 -- HIF1A -- RPS6KA1 -- UBE2D3
524,MYD88 -- CHUK -- MAPK1 -- MAPK3 -- E2F1 -- RELA -- JUN -- RXRB -- TNFAIP3 -- SP1 -- VEGFA -- ADAM17 -- EIF2AK2 -- BIRC3 -- IRAK1 -- MAP4K4 -- TNFRSF1B -- CYLD -- MAP3K1 -- ZFP36 -- BIRC2 -- ATM -- IL4 -- HSPB1 -- CDKN2A -- FBXO31 -- PPM1A -- SOCS3 -- NGF -- SHC1 -- IFNB1 -- IRF1 -- RPAIN -- HIP1 -- OTUD7B -- XIAP -- ERBB2 -- MTOR -- PRNP -- IL16 -- HIF1A -- RPS6KA1 -- UBE2D3
525,MYD88 -- CHUK -- MAPK1 -- MAPK3 -- E2F1 -- RELA -- JUN -- RXRB -- TNFAIP3 -- SP1 -- VEGFA -- ADAM17 -- EIF2AK2 -- BIRC3 -- IRAK1 -- MAP4K4 -- TNFRSF1B -- TRAF1 -- MAP3K1 -- ZFP36 -- BIRC2 -- ATM -- IL4 -- HSPB1 -- CDKN2A -- FBXO31 -- PPM1A -- SOCS3 -- NGF -- SHC1 -- IFNB1 -- IRF1 -- RPAIN -- HIP1 -- OTUD7B -- XIAP -- ERBB2 -- MTOR -- PRNP -- IL16 -- HIF1A -- RPS6KA1 -- UBE2D3
526,MYD88 -- CHUK -- MAPK1 -- MAPK3 -- E2F1 -- RELA -- JUN -- RXRB -- TNFAIP3 -- SP1 -- VEGFA -- ADAM17 -- EIF2AK2 -- BIRC3 -- IRAK1 -- MAP4K4 -- TNFRSF1B -- CYLD -- MAP3K1 -- ZFP36 -- BIRC2 -- ATM -- IL4 -- HSPB1 -- CDKN2A -- FBXO31 -- PPM1A -- SOCS3 -- NGF -- SHC1 -- IFNB1 -- IRF1 -- RPAIN -- HIP1 -- OTUD7B -- XIAP -- ERBB2 -- MTOR -- PRNP -- IL16 -- HIF1A -- RPS6KA1 -- UBE2D3
527,MYD88 -- CHUK -- MAPK1 -- MAPK3 -- E2F1 -- RELA -- JUN -- RXRB -- TNFAIP3 -- SP1 -- VEGFA -- ADAM17 -- EIF2AK2 -- BIRC3 -- IRAK1 -- MAP4K4 -- TNFRSF1B -- TRAF1 -- MAP3K1 -- ZFP36 -- BIRC2 -- ATM -- IL4 -- HSPB1 -- CDKN2A -- FBXO31 -- PPM1A -- SOCS3 -- NGF -- SHC1 -- IFNB1 -- IRF1 -- RPAIN -- HIP1 -- OTUD7B -- XIAP -- ERBB2 -- MTOR -- PRNP -- IL16 -- HIF1A -- RPS6KA1 -- UBE2D3
528,MYD88 -- CHUK -- MAPK1 -- MAPK3 -- E2F1 -- RELA -- JUN -- RXRB -- TNFAIP3 -- SP1 -- VEGFA -- ADAM17 -- EIF2AK2 -- BIRC3 -- IRAK1 -- MAP4K4 -- TNFRSF1B -- TRAF1 -- MAP3K1 -- ZFP36 -- BIRC2 -- ATM -- IL4 -- HSPB1 -- CDKN2A -- FBXO31 -- PPM1A -- SOCS3 -- NGF -- SHC1 -- IFNB1 -- IRF1 -- RPAIN -- HIP1 -- OTUD7B -- XIAP -- ERBB2 -- MTOR -- PRNP -- IL16 -- HIF1A -- RPS6KA1 -- UBE2D3
529,MYD88 -- CHUK -- MAPK1 -- MAPK3 -- E2F1 -- RELA -- JUN -- RXRB -- TNFAIP3 -- SP1 -- VEGFA -- ADAM17 -- EIF2AK2 -- BIRC3 -- IRAK1 -- MAP4K4 -- TNFRSF1B -- TRAF1 -- MAP3K1 -- ZFP36 -- BIRC2 -- ATM -- IL4 -- HSPB1 -- CDKN2A -- FBXO31 -- PPM1A -- SOCS3 -- NGF -- SHC1 -- IFNB1 -- IRF1 -- RPAIN -- HIP1 -- OTUD7B -- XIAP -- ERBB2 -- MTOR -- PRNP -- IL16 -- HIF1A -- RPS6KA1 -- UBE2D3
530,MYD88 -- CHUK -- MAPK1 -- MAPK3 -- E2F1 -- RELA -- JUN -- RXRB -- TNFAIP3 -- SP1 -- VEGFA -- ADAM17 -- EIF2AK2 -- BIRC3 -- IRAK1 -- MAP4K4 -- TNFRSF1B -- CYLD -- MAP3K1 -- ZFP36 -- BIRC2 -- ATM -- IL4 -- HSPB1 -- CDKN2A -- FBXO31 -- PPM1A -- SOCS3 -- NGF -- SHC1 -- IFNB1 -- IRF1 -- RPAIN -- HIP1 -- OTUD7B -- XIAP -- ERBB2 -- MTOR -- PRNP -- IL16 -- HIF1A -- RPS6KA1 -- UBE2D3
531,MYD88 -- CHUK -- MAPK1 -- MAPK3 -- E2F1 -- RELA -- JUN -- RXRB -- TNFAIP3 -- SP1 -- VEGFA -- ADAM17 -- EIF2AK2 -- BIRC3 -- IRAK1 -- MAP4K4 -- TNFRSF1B -- CYLD -- MAP3K1 -- ZFP36 -- BIRC2 -- ATM -- IL4 -- HSPB1 -- CDKN2A -- FBXO31 -- PPM1A -- SOCS3 -- NGF -- SHC1 -- IFNB1 -- IRF1 -- RPAIN -- HIP1 -- OTUD7B -- XIAP -- ERBB2 -- MTOR -- PRNP -- IL16 -- HIF1A -- RPS6KA1 -- UBE2D3
532,MYD88 -- CHUK -- MAPK1 -- MAPK3 -- E2F1 -- RELA -- JUN -- RXRB -- TNFAIP3 -- SP1 -- VEGFA -- ADAM17 -- EIF2AK2 -- BIRC3 -- IRAK1 -- MAP4K4 -- TNFRSF1B -- CYLD -- MAP3K1 -- ZFP36 -- BIRC2 -- ATM -- IL4 -- HSPB1 -- CDKN2A -- FBXO31 -- PPM1A -- SOCS3 -- NGF -- SHC1 -- IFNB1 -- IRF1 -- RPAIN -- HIP1 -- OTUD7B -- XIAP -- ERBB2 -- MTOR -- PRNP -- IL16 -- HIF1A -- RPS6KA1 -- UBE2D3
533,MYD88 -- CHUK -- MAPK1 -- MAPK3 -- E2F1 -- RELA -- JUN -- RXRB -- TNFAIP3 -- SP1 -- VEGFA -- ADAM17 -- EIF2AK2 -- BIRC3 -- IRAK1 -- MAP4K4 -- TNFRSF1B -- CYLD -- MAP3K1 -- ZFP36 -- BIRC2 -- ATM -- IL4 -- HSPB1 -- CDKN2A -- FBXO31 -- PPM1A -- SOCS3 -- NGF -- SHC1 -- IFNB1 -- IRF1 -- RPAIN -- HIP1 -- OTUD7B -- XIAP -- ERBB2 -- MTOR -- PRNP -- IL16 -- HIF1A -- RPS6KA1 -- UBE2D3
534,MYD88 -- CHUK -- MAPK1 -- MAPK3 -- E2F1 -- RELA -- JUN -- RXRB -- TNFAIP3 -- SP1 -- VEGFA -- ADAM17 -- EIF2AK2 -- BIRC3 -- IRAK1 -- MAP4K4 -- TNFRSF1B -- TRAF1 -- MAP3K1 -- ZFP36 -- BIRC2 -- ATM -- IL4 -- HSPB1 -- CDKN2A -- FBXO31 -- PPM1A -- SOCS3 -- NGF -- SHC1 -- IFNB1 -- IRF1 -- RPAIN -- HIP1 -- OTUD7B -- XIAP -- ERBB2 -- MTOR -- PRNP -- IL16 -- HIF1A -- RPS6KA1 -- UBE2D3
535,MYD88 -- CHUK -- MAPK1 -- MAPK3 -- E2F1 -- RELA -- JUN -- RXRB -- TNFAIP3 -- SP1 -- VEGFA -- ADAM17 -- EIF2AK2 -- BIRC3 -- IRAK1 -- MAP4K4 -- TNFRSF1B -- CYLD -- MAP3K1 -- ZFP36 -- BIRC2 -- ATM -- IL4 -- HSPB1 -- CDKN2A -- FBXO31 -- PPM1A -- SOCS3 -- NGF -- SHC1 -- IFNB1 -- IRF1 -- RPAIN -- HIP1 -- OTUD7B -- XIAP -- ERBB2 -- MTOR -- PRNP -- IL16 -- HIF1A -- RPS6KA1 -- UBE2D3
536,MYD88 -- CHUK -- MAPK1 -- MAPK3 -- E2F1 -- RELA -- JUN -- RXRB -- TNFAIP3 -- SP1 -- VEGFA -- ADAM17 -- EIF2AK2 -- BIRC3 -- IRAK1 -- MAP4K4 -- TNFRSF1B -- TRAF1 -- MAP3K1 -- ZFP36 -- BIRC2 -- ATM -- IL4 -- HSPB1 -- CDKN2A -- FBXO31 -- PPM1A -- SOCS3 -- NGF -- SHC1 -- IFNB1 -- IRF1 -- RPAIN -- HIP1 -- OTUD7B -- XIAP -- ERBB2 -- MTOR -- PRNP -- IL16 -- HIF1A -- RPS6KA1 -- UBE2D3
537,MYD88 -- CHUK -- MAPK1 -- MAPK3 -- E2F1 -- RELA -- JUN -- RXRB -- TNFAIP3 -- SP1 -- VEGFA -- ADAM17 -- EIF2AK2 -- BIRC3 -- IRAK1 -- MAP4K4 -- TNFRSF1B -- TRAF1 -- MAP3K1 -- ZFP36 -- BIRC2 -- ATM -- IL4 -- HSPB1 -- CDKN2A -- FBXO31 -- PPM1A -- SOCS3 -- NGF -- SHC1 -- IFNB1 -- IRF1 -- RPAIN -- HIP1 -- OTUD7B -- XIAP -- ERBB2 -- MTOR -- PRNP -- IL16 -- HIF1A -- RPS6KA1 -- UBE2D3
538,MYD88 -- CHUK -- MAPK1 -- MAPK3 -- E2F1 -- RELA -- JUN -- RXRB -- TNFAIP3 -- SP1 -- VEGFA -- ADAM17 -- EIF2AK2 -- BIRC3 -- IRAK1 -- MAP4K4 -- TNFRSF1B -- TRAF1 -- MAP3K1 -- ZFP36 -- BIRC2 -- ATM -- IL4 -- HSPB1 -- CDKN2A -- FBXO31 -- PPM1A -- SOCS3 -- NGF -- SHC1 -- IFNB1 -- IRF1 -- RPAIN -- HIP1 -- OTUD7B -- XIAP -- ERBB2 -- MTOR -- PRNP -- IL16 -- HIF1A -- RPS6KA1 -- UBE2D3
539,MYD88 -- CHUK -- MAPK1 -- MAPK3 -- E2F1 -- RELA -- JUN -- RXRB -- TNFAIP3 -- SP1 -- VEGFA -- ADAM17 -- EIF2AK2 -- BIRC3 -- IRAK1 -- MAP4K4 -- TNFRSF1B -- CYLD -- MAP3K1 -- ZFP36 -- BIRC2 -- ATM -- IL4 -- HSPB1 -- CDKN2A -- FBXO31 -- PPM1A -- SOCS3 -- NGF -- SHC1 -- IFNB1 -- IRF1 -- RPAIN -- HIP1 -- OTUD7B -- XIAP -- ERBB2 -- MTOR -- PRNP -- IL16 -- HIF1A -- RPS6KA1 -- UBE2D3
540,MYD88 -- CHUK -- MAPK1 -- MAPK3 -- E2F1 -- RELA -- JUN -- RXRB -- TNFAIP3 -- SP1 -- VEGFA -- ADAM17 -- EIF2AK2 -- BIRC3 -- IRAK1 -- MAP4K4 -- TNFRSF1B -- TRAF1 -- MAP3K1 -- ZFP36 -- BIRC2 -- ATM -- IL4 -- HSPB1 -- CDKN2A -- FBXO31 -- PPM1A -- SOCS3 -- NGF -- SHC1 -- IFNB1 -- IRF1 -- RPAIN -- HIP1 -- OTUD7B -- XIAP -- ERBB2 -- MTOR -- PRNP -- IL16 -- HIF1A -- RPS6KA1 -- UBE2D3
541,MYD88 -- CHUK -- MAPK1 -- MAPK3 -- E2F1 -- RELA -- JUN -- RXRB -- TNFAIP3 -- SP1 -- VEGFA -- ADAM17 -- EIF2AK2 -- BIRC3 -- IRAK1 -- MAP4K4 -- TNFRSF1B -- TRAF1 -- MAP3K1 -- ZFP36 -- BIRC2 -- ATM -- IL4 -- HSPB1 -- CDKN2A -- FBXO31 -- PPM1A -- SOCS3 -- NGF -- SHC1 -- IFNB1 -- IRF1 -- RPAIN -- HIP1 -- OTUD7B -- XIAP -- ERBB2 -- MTOR -- PRNP -- IL16 -- HIF1A -- RPS6KA1 -- UBE2D3
542,MYD88 -- CHUK -- MAPK1 -- MAPK3 -- E2F1 -- RELA -- JUN -- RXRB -- TNFAIP3 -- SP1 -- VEGFA -- ADAM17 -- EIF2AK2 -- BIRC3 -- IRAK1 -- MAP4K4 -- TNFRSF1B -- TRAF1 -- MAP3K1 -- ZFP36 -- BIRC2 -- ATM -- IL4 -- HSPB1 -- CDKN2A -- FBXO31 -- PPM1A -- SOCS3 -- NGF -- SHC1 -- IFNB1 -- IRF1 -- RPAIN -- HIP1 -- OTUD7B -- XIAP -- ERBB2 -- MTOR -- PRNP -- IL16 -- HIF1A -- RPS6KA1 -- UBE2D3
543,MYD88 -- CHUK -- MAPK1 -- MAPK3 -- E2F1 -- RELA -- JUN -- RXRB -- TNFAIP3 -- SP1 -- VEGFA -- ADAM17 -- EIF2AK2 -- BIRC3 -- IRAK1 -- MAP4K4 -- TNFRSF1B -- CYLD -- MAP3K1 -- ZFP36 -- BIRC2 -- ATM -- IL4 -- HSPB1 -- CDKN2A -- FBXO31 -- PPM1A -- SOCS3 -- NGF -- SHC1 -- IFNB1 -- IRF1 -- RPAIN -- HIP1 -- OTUD7B -- XIAP -- ERBB2 -- MTOR -- PRNP -- IL16 -- HIF1A -- RPS6KA1 -- UBE2D3
544,MYD88 -- CHUK -- MAPK1 -- MAPK3 -- E2F1 -- RELA -- JUN -- RXRB -- TNFAIP3 -- SP1 -- VEGFA -- ADAM17 -- EIF2AK2 -- BIRC3 -- IRAK1 -- MAP4K4 -- TNFRSF1B -- CYLD -- MAP3K1 -- ZFP36 -- BIRC2 -- ATM -- IL4 -- HSPB1 -- CDKN2A -- FBXO31 -- PPM1A -- SOCS3 -- NGF -- SHC1 -- IFNB1 -- IRF1 -- RPAIN -- HIP1 -- OTUD7B -- XIAP -- ERBB2 -- MTOR -- PRNP -- IL16 -- HIF1A -- RPS6KA1 -- UBE2D3
545,MYD88 -- CHUK -- MAPK1 -- MAPK3 -- E2F1 -- RELA -- JUN -- RXRB -- TNFAIP3 -- SP1 -- VEGFA -- ADAM17 -- EIF2AK2 -- BIRC3 -- IRAK1 -- MAP4K4 -- TNFRSF1B -- CYLD -- MAP3K1 -- ZFP36 -- BIRC2 -- ATM -- IL4 -- HSPB1 -- CDKN2A -- FBXO31 -- PPM1A -- SOCS3 -- NGF -- SHC1 -- IFNB1 -- IRF1 -- RPAIN -- HIP1 -- OTUD7B -- XIAP -- ERBB2 -- MTOR -- PRNP -- IL16 -- HIF1A -- RPS6KA1 -- UBE2D3
546,MYD88 -- CHUK -- MAPK1 -- MAPK3 -- E2F1 -- RELA -- JUN -- RXRB -- TNFAIP3 -- SP1 -- VEGFA -- ADAM17 -- EIF2AK2 -- BIRC3 -- IRAK1 -- MAP4K4 -- TNFRSF1B -- TRAF1 -- MAP3K1 -- ZFP36 -- BIRC2 -- ATM -- IL4 -- HSPB1 -- CDKN2A -- FBXO31 -- PPM1A -- SOCS3 -- NGF -- SHC1 -- TNFRSF14 -- IFNB1 -- IRF1 -- RPAIN -- HIP1 -- OTUD7B -- XIAP -- ERBB2 -- MTOR -- PRNP -- IL16 -- HIF1A -- RPS6KA1 -- UBE2D3
547,MYD88 -- CHUK -- MAPK1 -- MAPK3 -- E2F1 -- RELA -- JUN -- RXRB -- TNFAIP3 -- SP1 -- VEGFA -- ADAM17 -- EIF2AK2 -- BIRC3 -- IRAK1 -- MAP4K4 -- TNFRSF1B -- TRAF1 -- MAP3K1 -- ZFP36 -- BIRC2 -- ATM -- IL4 -- HSPB1 -- CDKN2A -- FBXO31 -- PPM1A -- SOCS3 -- NGF -- SHC1 -- IFNB1 -- IRF1 -- RPAIN -- HIP1 -- OTUD7B -- XIAP -- ERBB2 -- MTOR -- PRNP -- IL16 -- HIF1A -- RPS6KA1 -- UBE2D3
548,MYD88 -- CHUK -- MAPK1 -- MAPK3 -- E2F1 -- RELA -- JUN -- RXRB -- TNFAIP3 -- SP1 -- VEGFA -- ADAM17 -- EIF2AK2 -- BIRC3 -- IRAK1 -- MAP4K4 -- TNFRSF1B -- TRAF1 -- MAP3K1 -- ZFP36 -- BIRC2 -- ATM -- IL4 -- HSPB1 -- CDKN2A -- FBXO31 -- PPM1A -- SOCS3 -- NGF -- SHC1 -- IFNB1 -- IRF1 -- RPAIN -- HIP1 -- OTUD7B -- XIAP -- ERBB2 -- MTOR -- PRNP -- IL16 -- HIF1A -- RPS6KA1 -- UBE2D3
549,MYD88 -- CHUK -- MAPK1 -- MAPK3 -- E2F1 -- RELA -- JUN -- RXRB -- TNFAIP3 -- SP1 -- VEGFA -- ADAM17 -- EIF2AK2 -- BIRC3 -- IRAK1 -- MAP4K4 -- TNFRSF1B -- CYLD -- MAP3K1 -- ZFP36 -- BIRC2 -- ATM -- IL4 -- HSPB1 -- CDKN2A -- FBXO31 -- PPM1A -- SOCS3 -- NGF -- SHC1 -- IFNB1 -- IRF1 -- RPAIN -- HIP1 -- OTUD7B -- XIAP -- ERBB2 -- MTOR -- PRNP -- IL16 -- HIF1A -- RPS6KA1 -- UBE2D3
550,MYD88 -- CHUK -- MAPK1 -- MAPK3 -- E2F1 -- RELA -- JUN -- RXRB -- TNFAIP3 -- SP1 -- VEGFA -- ADAM17 -- EIF2AK2 -- BIRC3 -- IRAK1 -- MAP4K4 -- TNFRSF1B -- TRAF1 -- MAP3K1 -- ZFP36 -- BIRC2 -- ATM -- IL4 -- HSPB1 -- CDKN2A -- FBXO31 -- PPM1A -- SOCS3 -- NGF -- SHC1 -- IFNB1 -- IRF1 -- RPAIN -- HIP1 -- OTUD7B -- XIAP -- ERBB2 -- MTOR -- PRNP -- IL16 -- HIF1A -- RPS6KA1 -- UBE2D3
551,MYD88 -- CHUK -- MAPK1 -- MAPK3 -- E2F1 -- RELA -- JUN -- RXRB -- TNFAIP3 -- SP1 -- VEGFA -- ADAM17 -- EIF2AK2 -- BIRC3 -- IRAK1 -- MAP4K4 -- TNFRSF1B -- CYLD -- MAP3K1 -- ZFP36 -- BIRC2 -- ATM -- IL4 -- HSPB1 -- CDKN2A -- FBXO31 -- PPM1A -- SOCS3 -- NGF -- SHC1 -- IFNB1 -- IRF1 -- RPAIN -- HIP1 -- OTUD7B -- XIAP -- ERBB2 -- MTOR -- PRNP -- IL16 -- HIF1A -- RPS6KA1 -- UBE2D3
552,MYD88 -- CHUK -- MAPK1 -- MAPK3 -- E2F1 -- RELA -- JUN -- RXRB -- TNFAIP3 -- SP1 -- VEGFA -- ADAM17 -- EIF2AK2 -- BIRC3 -- IRAK1 -- MAP4K4 -- TNFRSF1B -- CYLD -- MAP3K1 -- ZFP36 -- BIRC2 -- ATM -- IL4 -- HSPB1 -- CDKN2A -- FBXO31 -- PPM1A -- SOCS3 -- NGF -- SHC1 -- IFNB1 -- IRF1 -- RPAIN -- HIP1 -- OTUD7B -- XIAP -- ERBB2 -- MTOR -- PRNP -- IL16 -- HIF1A -- RPS6KA1 -- UBE2D3
553,MYD88 -- CHUK -- MAPK1 -- MAPK3 -- E2F1 -- RELA -- JUN -- RXRB -- TNFAIP3 -- SP1 -- VEGFA -- ADAM17 -- EIF2AK2 -- BIRC3 -- IRAK1 -- MAP4K4 -- TNFRSF1B -- TRAF1 -- MAP3K1 -- ZFP36 -- BIRC2 -- ATM -- IL4 -- HSPB1 -- CDKN2A -- FBXO31 -- PPM1A -- SOCS3 -- NGF -- SHC1 -- IFNB1 -- IRF1 -- RPAIN -- HIP1 -- OTUD7B -- XIAP -- ERBB2 -- MTOR -- PRNP -- IL16 -- HIF1A -- RPS6KA1 -- UBE2D3
554,MYD88 -- CHUK -- MAPK1 -- MAPK3 -- E2F1 -- RELA -- JUN -- RXRB -- TNFAIP3 -- SP1 -- VEGFA -- ADAM17 -- EIF2AK2 -- BIRC3 -- IRAK1 -- MAP4K4 -- TNFRSF1B -- CYLD -- MAP3K1 -- ZFP36 -- BIRC2 -- ATM -- IL4 -- HSPB1 -- CDKN2A -- FBXO31 -- PPM1A -- SOCS3 -- NGF -- SHC1 -- IFNB1 -- IRF1 -- RPAIN -- HIP1 -- OTUD7B -- XIAP -- ERBB2 -- MTOR -- PRNP -- IL16 -- HIF1A -- RPS6KA1 -- UBE2D3
555,MYD88 -- CHUK -- MAPK1 -- MAPK3 -- E2F1 -- RELA -- JUN -- RXRB -- TNFAIP3 -- SP1 -- VEGFA -- ADAM17 -- EIF2AK2 -- BIRC3 -- IRAK1 -- MAP4K4 -- TNFRSF1B -- CYLD -- MAP3K1 -- ZFP36 -- BIRC2 -- ATM -- IL4 -- HSPB1 -- CDKN2A -- FBXO31 -- PPM1A -- SOCS3 -- NGF -- SHC1 -- IFNB1 -- IRF1 -- RPAIN -- HIP1 -- OTUD7B -- XIAP -- ERBB2 -- MTOR -- PRNP -- IL16 -- HIF1A -- RPS6KA1 -- UBE2D3
556,MYD88 -- CHUK -- MAPK1 -- MAPK3 -- E2F1 -- RELA -- JUN -- RXRB -- TNFAIP3 -- SP1 -- VEGFA -- ADAM17 -- EIF2AK2 -- BIRC3 -- IRAK1 -- MAP4K4 -- TNFRSF1B -- CYLD -- MAP3K1 -- ZFP36 -- BIRC2 -- ATM -- IL4 -- HSPB1 -- CDKN2A -- FBXO31 -- PPM1A -- SOCS3 -- NGF -- SHC1 -- IFNB1 -- IRF1 -- RPAIN -- HIP1 -- OTUD7B -- XIAP -- ERBB2 -- MTOR -- PRNP -- IL16 -- HIF1A -- RPS6KA1 -- UBE2D3
557,MYD88 -- CHUK -- MAPK1 -- MAPK3 -- E2F1 -- RELA -- JUN -- RXRB -- TNFAIP3 -- SP1 -- VEGFA -- ADAM17 -- EIF2AK2 -- BIRC3 -- IRAK1 -- MAP4K4 -- TNFRSF1B -- CYLD -- MAP3K1 -- ZFP36 -- BIRC2 -- ATM -- IL4 -- HSPB1 -- CDKN2A -- FBXO31 -- PPM1A -- SOCS3 -- NGF -- SHC1 -- IFNB1 -- IRF1 -- RPAIN -- HIP1 -- OTUD7B -- XIAP -- ERBB2 -- MTOR -- PRNP -- IL16 -- HIF1A -- RPS6KA1 -- UBE2D3
558,MYD88 -- CHUK -- MAPK1 -- MAPK3 -- E2F1 -- RELA -- JUN -- RXRB -- TNFAIP3 -- SP1 -- VEGFA -- ADAM17 -- EIF2AK2 -- BIRC3 -- IRAK1 -- MAP4K4 -- TNFRSF1B -- CYLD -- MAP3K1 -- ZFP36 -- BIRC2 -- ATM -- IL4 -- HSPB1 -- CDKN2A -- FBXO31 -- PPM1A -- SOCS3 -- NGF -- SHC1 -- IFNB1 -- IRF1 -- RPAIN -- HIP1 -- OTUD7B -- XIAP -- ERBB2 -- MTOR -- PRNP -- IL16 -- HIF1A -- RPS6KA1 -- UBE2D3
559,MYD88 -- CHUK -- MAPK1 -- MAPK3 -- E2F1 -- RELA -- JUN -- RXRB -- TNFAIP3 -- SP1 -- VEGFA -- ADAM17 -- EIF2AK2 -- BIRC3 -- IRAK1 -- MAP4K4 -- TNFRSF1B -- TRAF1 -- MAP3K1 -- ZFP36 -- BIRC2 -- ATM -- IL4 -- HSPB1 -- CDKN2A -- FBXO31 -- PPM1A -- SOCS3 -- NGF -- SHC1 -- IFNB1 -- IRF1 -- RPAIN -- HIP1 -- OTUD7B -- XIAP -- ERBB2 -- MTOR -- PRNP -- IL16 -- HIF1A -- RPS6KA1 -- UBE2D3
560,MYD88 -- CHUK -- MAPK1 -- MAPK3 -- E2F1 -- RELA -- JUN -- RXRB -- TNFAIP3 -- SP1 -- VEGFA -- ADAM17 -- EIF2AK2 -- BIRC3 -- IRAK1 -- MAP4K4 -- TNFRSF1B -- TRAF1 -- MAP3K1 -- ZFP36 -- BIRC2 -- ATM -- IL4 -- HSPB1 -- CDKN2A -- FBXO31 -- PPM1A -- SOCS3 -- NGF -- SHC1 -- IFNB1 -- IRF1 -- RPAIN -- HIP1 -- OTUD7B -- XIAP -- ERBB2 -- MTOR -- PRNP -- IL16 -- HIF1A -- RPS6KA1 -- UBE2D3
561,MYD88 -- CHUK -- MAPK1 -- MAPK3 -- E2F1 -- RELA -- JUN -- RXRB -- TNFAIP3 -- SP1 -- VEGFA -- ADAM17 -- EIF2AK2 -- BIRC3 -- IRAK1 -- MAP4K4 -- TNFRSF1B -- TRAF1 -- MAP3K1 -- ZFP36 -- BIRC2 -- ATM -- IL4 -- HSPB1 -- CDKN2A -- FBXO31 -- PPM1A -- SOCS3 -- NGF -- SHC1 -- IFNB1 -- IRF1 -- RPAIN -- HIP1 -- OTUD7B -- XIAP -- ERBB2 -- MTOR -- PRNP -- IL16 -- HIF1A -- RPS6KA1 -- UBE2D3
562,MYD88 -- CHUK -- MAPK1 -- MAPK3 -- E2F1 -- RELA -- JUN -- RXRB -- TNFAIP3 -- SP1 -- VEGFA -- ADAM17 -- EIF2AK2 -- BIRC3 -- IRAK1 -- MAP4K4 -- TNFRSF1B -- TRAF1 -- MAP3K1 -- ZFP36 -- BIRC2 -- ATM -- IL4 -- HSPB1 -- CDKN2A -- FBXO31 -- PPM1A -- SOCS3 -- NGF -- SHC1 -- IFNB1 -- IRF1 -- RPAIN -- HIP1 -- OTUD7B -- XIAP -- ERBB2 -- MTOR -- PRNP -- IL16 -- HIF1A -- RPS6KA1 -- UBE2D3
563,MYD88 -- CHUK -- MAPK1 -- MAPK3 -- E2F1 -- RELA -- JUN -- RXRB -- TNFAIP3 -- SP1 -- VEGFA -- ADAM17 -- EIF2AK2 -- BIRC3 -- IRAK1 -- MAP4K4 -- TNFRSF1B -- TRAF1 -- MAP3K1 -- ZFP36 -- BIRC2 -- ATM -- IL4 -- HSPB1 -- CDKN2A -- FBXO31 -- PPM1A -- SOCS3 -- NGF -- SHC1 -- IFNB1 -- IRF1 -- RPAIN -- HIP1 -- OTUD7B -- XIAP -- ERBB2 -- MTOR -- PRNP -- IL16 -- HIF1A -- RPS6KA1 -- UBE2D3
564,MYD88 -- CHUK -- MAPK1 -- MAPK3 -- E2F1 -- RELA -- JUN -- RXRB -- TNFAIP3 -- SP1 -- VEGFA -- ADAM17 -- EIF2AK2 -- BIRC3 -- IRAK1 -- MAP4K4 -- TNFRSF1B -- TRAF1 -- MAP3K1 -- ZFP36 -- BIRC2 -- ATM -- IL4 -- HSPB1 -- CDKN2A -- FBXO31 -- PPM1A -- SOCS3 -- NGF -- SHC1 -- IFNB1 -- IRF1 -- RPAIN -- HIP1 -- OTUD7B -- XIAP -- ERBB2 -- MTOR -- PRNP -- IL16 -- HIF1A -- RPS6KA1 -- UBE2D3
565,MYD88 -- CHUK -- MAPK1 -- MAPK3 -- E2F1 -- RELA -- JUN -- RXRB -- TNFAIP3 -- SP1 -- VEGFA -- ADAM17 -- EIF2AK2 -- BIRC3 -- IRAK1 -- MAP4K4 -- TNFRSF1B -- TRAF1 -- MAP3K1 -- ZFP36 -- BIRC2 -- ATM -- IL4 -- HSPB1 -- CDKN2A -- FBXO31 -- PPM1A -- SOCS3 -- NGF -- SHC1 -- IFNB1 -- IRF1 -- RPAIN -- HIP1 -- OTUD7B -- XIAP -- ERBB2 -- MTOR -- PRNP -- IL16 -- HIF1A -- RPS6KA1 -- UBE2D3
566,MYD88 -- CHUK -- MAPK1 -- MAPK3 -- E2F1 -- RELA -- JUN -- RXRB -- TNFAIP3 -- SP1 -- VEGFA -- ADAM17 -- EIF2AK2 -- BIRC3 -- IRAK1 -- MAP4K4 -- TNFRSF1B -- CYLD -- MAP3K1 -- ZFP36 -- BIRC2 -- ATM -- IL4 -- HSPB1 -- CDKN2A -- FBXO31 -- PPM1A -- SOCS3 -- NGF -- SHC1 -- IFNB1 -- IRF1 -- RPAIN -- HIP1 -- OTUD7B -- XIAP -- ERBB2 -- MTOR -- PRNP -- IL16 -- HIF1A -- RPS6KA1 -- UBE2D3
567,MYD88 -- CHUK -- MAPK1 -- MAPK3 -- E2F1 -- RELA -- JUN -- RXRB -- TNFAIP3 -- SP1 -- VEGFA -- ADAM17 -- EIF2AK2 -- BIRC3 -- IRAK1 -- MAP4K4 -- TNFRSF1B -- CYLD -- MAP3K1 -- ZFP36 -- BIRC2 -- ATM -- IL4 -- HSPB1 -- CDKN2A -- FBXO31 -- PPM1A -- SOCS3 -- NGF -- SHC1 -- IFNB1 -- IRF1 -- RPAIN -- HIP1 -- OTUD7B -- XIAP -- ERBB2 -- MTOR -- PRNP -- IL16 -- HIF1A -- RPS6KA1 -- UBE2D3
568,MYD88 -- CHUK -- MAPK1 -- MAPK3 -- E2F1 -- RELA -- JUN -- RXRB -- TNFAIP3 -- SP1 -- VEGFA -- ADAM17 -- EIF2AK2 -- BIRC3 -- IRAK1 -- MAP4K4 -- TNFRSF1B -- CYLD -- MAP3K1 -- ZFP36 -- BIRC2 -- ATM -- IL4 -- HSPB1 -- CDKN2A -- FBXO31 -- PPM1A -- SOCS3 -- NGF -- SHC1 -- IFNB1 -- IRF1 -- RPAIN -- HIP1 -- OTUD7B -- XIAP -- ERBB2 -- MTOR -- PRNP -- IL16 -- HIF1A -- RPS6KA1 -- UBE2D3
569,MYD88 -- CHUK -- MAPK1 -- MAPK3 -- E2F1 -- RELA -- JUN -- RXRB -- TNFAIP3 -- SP1 -- VEGFA -- ADAM17 -- EIF2AK2 -- BIRC3 -- IRAK1 -- MAP4K4 -- TNFRSF1B -- TRAF1 -- MAP3K1 -- ZFP36 -- BIRC2 -- ATM -- IL4 -- HSPB1 -- CDKN2A -- FBXO31 -- PPM1A -- SOCS3 -- NGF -- SHC1 -- IFNB1 -- IRF1 -- RPAIN -- HIP1 -- OTUD7B -- XIAP -- ERBB2 -- MTOR -- PRNP -- IL16 -- HIF1A -- RPS6KA1 -- UBE2D3
570,MYD88 -- CHUK -- MAPK1 -- MAPK3 -- E2F1 -- RELA -- JUN -- RXRB -- TNFAIP3 -- SP1 -- VEGFA -- ADAM17 -- EIF2AK2 -- BIRC3 -- IRAK1 -- MAP4K4 -- TNFRSF1B -- TRAF1 -- MAP3K1 -- ZFP36 -- BIRC2 -- ATM -- IL4 -- HSPB1 -- CDKN2A -- FBXO31 -- PPM1A -- SOCS3 -- NGF -- SHC1 -- IFNB1 -- IRF1 -- RPAIN -- HIP1 -- OTUD7B -- XIAP -- ERBB2 -- MTOR -- PRNP -- IL16 -- HIF1A -- RPS6KA1 -- UBE2D3
571,MYD88 -- CHUK -- MAPK1 -- MAPK3 -- E2F1 -- RELA -- JUN -- RXRB -- TNFAIP3 -- SP1 -- VEGFA -- ADAM17 -- EIF2AK2 -- BIRC3 -- IRAK1 -- MAP4K4 -- TNFRSF1B -- TRAF1 -- MAP3K1 -- ZFP36 -- BIRC2 -- ATM -- IL4 -- HSPB1 -- CDKN2A -- FBXO31 -- PPM1A -- SOCS3 -- NGF -- SHC1 -- IFNB1 -- IRF1 -- RPAIN -- HIP1 -- OTUD7B -- XIAP -- ERBB2 -- MTOR -- PRNP -- IL16 -- HIF1A -- RPS6KA1 -- UBE2D3
572,MYD88 -- CHUK -- MAPK1 -- MAPK3 -- E2F1 -- RELA -- JUN -- RXRB -- TNFAIP3 -- SP1 -- VEGFA -- ADAM17 -- EIF2AK2 -- BIRC3 -- IRAK1 -- MAP4K4 -- TNFRSF1B -- TRAF1 -- MAP3K1 -- ZFP36 -- BIRC2 -- ATM -- IL4 -- HSPB1 -- CDKN2A -- FBXO31 -- PPM1A -- SOCS3 -- NGF -- SHC1 -- IFNB1 -- IRF1 -- RPAIN -- HIP1 -- OTUD7B -- XIAP -- ERBB2 -- MTOR -- PRNP -- IL16 -- HIF1A -- RPS6KA1 -- UBE2D3
573,MYD88 -- CHUK -- MAPK1 -- MAPK3 -- E2F1 -- RELA -- JUN -- RXRB -- TNFAIP3 -- SP1 -- VEGFA -- ADAM17 -- EIF2AK2 -- BIRC3 -- IRAK1 -- MAP4K4 -- TNFRSF1B -- TRAF1 -- MAP3K1 -- ZFP36 -- BIRC2 -- ATM -- IL4 -- HSPB1 -- CDKN2A -- FBXO31 -- PPM1A -- SOCS3 -- NGF -- SHC1 -- IFNB1 -- IRF1 -- RPAIN -- HIP1 -- OTUD7B -- XIAP -- ERBB2 -- MTOR -- PRNP -- IL16 -- HIF1A -- RPS6KA1 -- UBE2D3
574,MYD88 -- CHUK -- MAPK1 -- MAPK3 -- E2F1 -- RELA -- JUN -- RXRB -- TNFAIP3 -- SP1 -- VEGFA -- ADAM17 -- EIF2AK2 -- BIRC3 -- IRAK1 -- MAP4K4 -- TNFRSF1B -- TRAF1 -- MAP3K1 -- ZFP36 -- BIRC2 -- ATM -- IL4 -- HSPB1 -- CDKN2A -- FBXO31 -- PPM1A -- SOCS3 -- NGF -- SHC1 -- IFNB1 -- IRF1 -- RPAIN -- HIP1 -- OTUD7B -- XIAP -- ERBB2 -- MTOR -- PRNP -- IL16 -- HIF1A -- RPS6KA1 -- UBE2D3
575,MYD88 -- CHUK -- MAPK1 -- MAPK3 -- E2F1 -- RELA -- JUN -- RXRB -- TNFAIP3 -- SP1 -- VEGFA -- ADAM17 -- EIF2AK2 -- BIRC3 -- IRAK1 -- MAP4K4 -- TNFRSF1B -- CYLD -- MAP3K1 -- ZFP36 -- BIRC2 -- ATM -- IL4 -- HSPB1 -- CDKN2A -- FBXO31 -- PPM1A -- SOCS3 -- NGF -- SHC1 -- IFNB1 -- IRF1 -- RPAIN -- HIP1 -- OTUD7B -- XIAP -- ERBB2 -- MTOR -- PRNP -- IL16 -- HIF1A -- RPS6KA1 -- UBE2D3
576,MYD88 -- CHUK -- MAPK1 -- MAPK3 -- E2F1 -- RELA -- JUN -- RXRB -- TNFAIP3 -- SP1 -- VEGFA -- ADAM17 -- EIF2AK2 -- BIRC3 -- IRAK1 -- MAP4K4 -- TNFRSF1B -- CYLD -- MAP3K1 -- ZFP36 -- BIRC2 -- ATM -- IL4 -- HSPB1 -- CDKN2A -- FBXO31 -- PPM1A -- SOCS3 -- NGF -- SHC1 -- IFNB1 -- IRF1 -- RPAIN -- HIP1 -- OTUD7B -- XIAP -- ERBB2 -- MTOR -- PRNP -- IL16 -- HIF1A -- RPS6KA1 -- UBE2D3
577,MYD88 -- CHUK -- MAPK1 -- MAPK3 -- E2F1 -- RELA -- JUN -- RXRB -- TNFAIP3 -- SP1 -- VEGFA -- ADAM17 -- EIF2AK2 -- BIRC3 -- IRAK1 -- MAP4K4 -- TNFRSF1B -- TRAF1 -- MAP3K1 -- ZFP36 -- BIRC2 -- ATM -- IL4 -- HSPB1 -- CDKN2A -- FBXO31 -- PPM1A -- SOCS3 -- NGF -- SHC1 -- IFNB1 -- IRF1 -- RPAIN -- HIP1 -- OTUD7B -- XIAP -- ERBB2 -- MTOR -- PRNP -- IL16 -- HIF1A -- RPS6KA1 -- UBE2D3
578,MYD88 -- CHUK -- MAPK1 -- MAPK3 -- E2F1 -- RELA -- JUN -- RXRB -- TNFAIP3 -- SP1 -- VEGFA -- ADAM17 -- EIF2AK2 -- BIRC3 -- IRAK1 -- MAP4K4 -- TNFRSF1B -- CYLD -- MAP3K1 -- ZFP36 -- BIRC2 -- ATM -- IL4 -- HSPB1 -- CDKN2A -- FBXO31 -- PPM1A -- SOCS3 -- NGF -- SHC1 -- IFNB1 -- IRF1 -- RPAIN -- HIP1 -- OTUD7B -- XIAP -- ERBB2 -- MTOR -- PRNP -- IL16 -- HIF1A -- RPS6KA1 -- UBE2D3
579,MYD88 -- CHUK -- MAPK1 -- MAPK3 -- E2F1 -- RELA -- JUN -- RXRB -- TNFAIP3 -- SP1 -- VEGFA -- ADAM17 -- EIF2AK2 -- BIRC3 -- IRAK1 -- MAP4K4 -- TNFRSF1B -- CYLD -- MAP3K1 -- ZFP36 -- BIRC2 -- ATM -- IL4 -- HSPB1 -- CDKN2A -- FBXO31 -- PPM1A -- SOCS3 -- NGF -- SHC1 -- IFNB1 -- IRF1 -- RPAIN -- HIP1 -- OTUD7B -- XIAP -- ERBB2 -- MTOR -- PRNP -- IL16 -- HIF1A -- RPS6KA1 -- UBE2D3
580,MYD88 -- CHUK -- MAPK1 -- MAPK3 -- E2F1 -- RELA -- JUN -- RXRB -- TNFAIP3 -- SP1 -- VEGFA -- ADAM17 -- EIF2AK2 -- BIRC3 -- IRAK1 -- MAP4K4 -- TNFRSF1B -- TRAF1 -- MAP3K1 -- ZFP36 -- BIRC2 -- ATM -- IL4 -- HSPB1 -- CDKN2A -- FBXO31 -- PPM1A -- SOCS3 -- NGF -- SHC1 -- IFNB1 -- IRF1 -- RPAIN -- HIP1 -- OTUD7B -- XIAP -- ERBB2 -- MTOR -- PRNP -- IL16 -- HIF1A -- RPS6KA1 -- UBE2D3
581,MYD88 -- CHUK -- MAPK1 -- MAPK3 -- E2F1 -- RELA -- JUN -- RXRB -- TNFAIP3 -- SP1 -- VEGFA -- ADAM17 -- EIF2AK2 -- BIRC3 -- IRAK1 -- MAP4K4 -- TNFRSF1B -- TRAF1 -- MAP3K1 -- ZFP36 -- BIRC2 -- ATM -- IL4 -- HSPB1 -- CDKN2A -- FBXO31 -- PPM1A -- SOCS3 -- NGF -- SHC1 -- IFNB1 -- IRF1 -- RPAIN -- HIP1 -- OTUD7B -- XIAP -- ERBB2 -- MTOR -- PRNP -- IL16 -- HIF1A -- RPS6KA1 -- UBE2D3
582,MYD88 -- CHUK -- MAPK1 -- MAPK3 -- E2F1 -- RELA -- JUN -- RXRB -- TNFAIP3 -- SP1 -- VEGFA -- ADAM17 -- EIF2AK2 -- BIRC3 -- IRAK1 -- MAP4K4 -- TNFRSF1B -- CYLD -- MAP3K1 -- ZFP36 -- BIRC2 -- ATM -- IL4 -- HSPB1 -- CDKN2A -- FBXO31 -- PPM1A -- SOCS3 -- NGF -- SHC1 -- IFNB1 -- IRF1 -- RPAIN -- HIP1 -- OTUD7B -- XIAP -- ERBB2 -- MTOR -- PRNP -- IL16 -- HIF1A -- RPS6KA1 -- UBE2D3
583,MYD88 -- CHUK -- MAPK1 -- MAPK3 -- E2F1 -- RELA -- JUN -- RXRB -- TNFAIP3 -- SP1 -- VEGFA -- ADAM17 -- EIF2AK2 -- BIRC3 -- IRAK1 -- MAP4K4 -- TNFRSF1B -- TRAF1 -- MAP3K1 -- ZFP36 -- BIRC2 -- ATM -- IL4 -- HSPB1 -- CDKN2A -- FBXO31 -- PPM1A -- SOCS3 -- NGF -- SHC1 -- IFNB1 -- IRF1 -- RPAIN -- HIP1 -- OTUD7B -- XIAP -- ERBB2 -- MTOR -- PRNP -- IL16 -- HIF1A -- RPS6KA1 -- UBE2D3
584,MYD88 -- CHUK -- MAPK1 -- MAPK3 -- E2F1 -- RELA -- JUN -- RXRB -- TNFAIP3 -- SP1 -- VEGFA -- ADAM17 -- EIF2AK2 -- BIRC3 -- IRAK1 -- MAP4K4 -- TNFRSF1B -- CYLD -- MAP3K1 -- ZFP36 -- BIRC2 -- ATM -- IL4 -- HSPB1 -- CDKN2A -- FBXO31 -- PPM1A -- SOCS3 -- NGF -- SHC1 -- IFNB1 -- IRF1 -- RPAIN -- HIP1 -- OTUD7B -- XIAP -- ERBB2 -- MTOR -- PRNP -- IL16 -- HIF1A -- RPS6KA1 -- UBE2D3
585,MYD88 -- CHUK -- MAPK1 -- MAPK3 -- E2F1 -- RELA -- JUN -- RXRB -- TNFAIP3 -- SP1 -- VEGFA -- ADAM17 -- EIF2AK2 -- BIRC3 -- IRAK1 -- MAP4K4 -- TNFRSF1B -- CYLD -- MAP3K1 -- ZFP36 -- BIRC2 -- ATM -- IL4 -- HSPB1 -- CDKN2A -- FBXO31 -- PPM1A -- SOCS3 -- NGF -- SHC1 -- IFNB1 -- IRF1 -- RPAIN -- HIP1 -- OTUD7B -- XIAP -- ERBB2 -- MTOR -- PRNP -- IL16 -- HIF1A -- RPS6KA1 -- UBE2D3
586,MYD88 -- CHUK -- MAPK1 -- MAPK3 -- E2F1 -- RELA -- JUN -- RXRB -- TNFAIP3 -- SP1 -- VEGFA -- ADAM17 -- EIF2AK2 -- BIRC3 -- IRAK1 -- MAP4K4 -- TNFRSF1B -- TRAF1 -- MAP3K1 -- ZFP36 -- BIRC2 -- ATM -- IL4 -- HSPB1 -- CDKN2A -- FBXO31 -- PPM1A -- SOCS3 -- NGF -- SHC1 -- IFNB1 -- IRF1 -- RPAIN -- HIP1 -- OTUD7B -- XIAP -- ERBB2 -- MTOR -- PRNP -- IL16 -- HIF1A -- RPS6KA1 -- UBE2D3
587,MYD88 -- CHUK -- MAPK1 -- MAPK3 -- E2F1 -- RELA -- JUN -- RXRB -- TNFAIP3 -- SP1 -- VEGFA -- ADAM17 -- EIF2AK2 -- BIRC3 -- IRAK1 -- MAP4K4 -- TNFRSF1B -- CYLD -- MAP3K1 -- ZFP36 -- BIRC2 -- ATM -- IL4 -- HSPB1 -- CDKN2A -- FBXO31 -- PPM1A -- SOCS3 -- NGF -- SHC1 -- IFNB1 -- IRF1 -- RPAIN -- HIP1 -- OTUD7B -- XIAP -- ERBB2 -- MTOR -- PRNP -- IL16 -- HIF1A -- RPS6KA1 -- UBE2D3
588,MYD88 -- CHUK -- MAPK1 -- MAPK3 -- E2F1 -- RELA -- JUN -- RXRB -- TNFAIP3 -- SP1 -- VEGFA -- ADAM17 -- EIF2AK2 -- BIRC3 -- IRAK1 -- MAP4K4 -- TNFRSF1B -- CYLD -- MAP3K1 -- ZFP36 -- BIRC2 -- ATM -- IL4 -- HSPB1 -- CDKN2A -- FBXO31 -- PPM1A -- SOCS3 -- NGF -- SHC1 -- IFNB1 -- IRF1 -- RPAIN -- HIP1 -- OTUD7B -- XIAP -- ERBB2 -- MTOR -- PRNP -- IL16 -- HIF1A -- RPS6KA1 -- UBE2D3
589,MYD88 -- CHUK -- MAPK1 -- MAPK3 -- E2F1 -- RELA -- JUN -- RXRB -- TNFAIP3 -- SP1 -- VEGFA -- ADAM17 -- EIF2AK2 -- BIRC3 -- IRAK1 -- MAP4K4 -- TNFRSF1B -- CYLD -- MAP3K1 -- ZFP36 -- BIRC2 -- ATM -- IL4 -- HSPB1 -- CDKN2A -- FBXO31 -- PPM1A -- SOCS3 -- NGF -- SHC1 -- IFNB1 -- IRF1 -- RPAIN -- HIP1 -- OTUD7B -- XIAP -- ERBB2 -- MTOR -- PRNP -- IL16 -- HIF1A -- RPS6KA1 -- UBE2D3
590,MYD88 -- CHUK -- MAPK1 -- MAPK3 -- E2F1 -- RELA -- JUN -- RXRB -- TNFAIP3 -- SP1 -- VEGFA -- ADAM17 -- EIF2AK2 -- BIRC3 -- IRAK1 -- MAP4K4 -- TNFRSF1B -- CYLD -- MAP3K1 -- ZFP36 -- BIRC2 -- ATM -- IL4 -- HSPB1 -- CDKN2A -- FBXO31 -- PPM1A -- SOCS3 -- NGF -- SHC1 -- IFNB1 -- IRF1 -- RPAIN -- HIP1 -- OTUD7B -- XIAP -- ERBB2 -- MTOR -- PRNP -- IL16 -- HIF1A -- RPS6KA1 -- UBE2D3
591,MYD88 -- CHUK -- MAPK1 -- MAPK3 -- E2F1 -- RELA -- JUN -- RXRB -- TNFAIP3 -- SP1 -- VEGFA -- ADAM17 -- EIF2AK2 -- BIRC3 -- IRAK1 -- MAP4K4 -- TNFRSF1B -- TRAF1 -- MAP3K1 -- ZFP36 -- BIRC2 -- ATM -- IL4 -- HSPB1 -- CDKN2A -- FBXO31 -- PPM1A -- SOCS3 -- NGF -- SHC1 -- IFNB1 -- IRF1 -- RPAIN -- HIP1 -- OTUD7B -- XIAP -- ERBB2 -- MTOR -- PRNP -- IL16 -- HIF1A -- RPS6KA1 -- UBE2D3
592,MYD88 -- CHUK -- MAPK1 -- MAPK3 -- E2F1 -- RELA -- JUN -- RXRB -- TNFAIP3 -- SP1 -- VEGFA -- ADAM17 -- EIF2AK2 -- BIRC3 -- IRAK1 -- MAP4K4 -- TNFRSF1B -- CYLD -- MAP3K1 -- ZFP36 -- BIRC2 -- ATM -- IL4 -- HSPB1 -- CDKN2A -- FBXO31 -- PPM1A -- SOCS3 -- NGF -- SHC1 -- IFNB1 -- IRF1 -- RPAIN -- HIP1 -- OTUD7B -- XIAP -- ERBB2 -- MTOR -- PRNP -- IL16 -- HIF1A -- RPS6KA1 -- UBE2D3
593,MYD88 -- CHUK -- MAPK1 -- MAPK3 -- E2F1 -- RELA -- JUN -- RXRB -- TNFAIP3 -- SP1 -- VEGFA -- ADAM17 -- EIF2AK2 -- BIRC3 -- IRAK1 -- MAP4K4 -- TNFRSF1B -- CYLD -- MAP3K1 -- ZFP36 -- BIRC2 -- ATM -- IL4 -- HSPB1 -- CDKN2A -- FBXO31 -- PPM1A -- SOCS3 -- NGF -- SHC1 -- IFNB1 -- IRF1 -- RPAIN -- HIP1 -- OTUD7B -- XIAP -- ERBB2 -- MTOR -- PRNP -- IL16 -- HIF1A -- RPS6KA1 -- UBE2D3
594,MYD88 -- CHUK -- MAPK1 -- MAPK3 -- E2F1 -- RELA -- JUN -- RXRB -- TNFAIP3 -- SP1 -- VEGFA -- ADAM17 -- EIF2AK2 -- BIRC3 -- IRAK1 -- MAP4K4 -- TNFRSF1B -- TRAF1 -- MAP3K1 -- ZFP36 -- BIRC2 -- ATM -- IL4 -- HSPB1 -- CDKN2A -- FBXO31 -- PPM1A -- SOCS3 -- NGF -- SHC1 -- IFNB1 -- IRF1 -- RPAIN -- HIP1 -- OTUD7B -- XIAP -- ERBB2 -- MTOR -- PRNP -- IL16 -- HIF1A -- RPS6KA1 -- UBE2D3
595,MYD88 -- CHUK -- MAPK1 -- MAPK3 -- E2F1 -- RELA -- JUN -- RXRB -- TNFAIP3 -- SP1 -- VEGFA -- ADAM17 -- EIF2AK2 -- BIRC3 -- IRAK1 -- MAP4K4 -- TNFRSF1B -- CYLD -- MAP3K1 -- ZFP36 -- BIRC2 -- ATM -- IL4 -- HSPB1 -- CDKN2A -- FBXO31 -- PPM1A -- SOCS3 -- NGF -- SHC1 -- IFNB1 -- IRF1 -- RPAIN -- HIP1 -- OTUD7B -- XIAP -- ERBB2 -- MTOR -- PRNP -- IL16 -- HIF1A -- RPS6KA1 -- UBE2D3
596,MYD88 -- CHUK -- MAPK1 -- MAPK3 -- E2F1 -- RELA -- JUN -- RXRB -- TNFAIP3 -- SP1 -- VEGFA -- ADAM17 -- EIF2AK2 -- BIRC3 -- IRAK1 -- MAP4K4 -- TNFRSF1B -- TRAF1 -- MAP3K1 -- ZFP36 -- BIRC2 -- ATM -- IL4 -- HSPB1 -- CDKN2A -- FBXO31 -- PPM1A -- SOCS3 -- NGF -- SHC1 -- IFNB1 -- IRF1 -- RPAIN -- HIP1 -- OTUD7B -- XIAP -- ERBB2 -- MTOR -- PRNP -- IL16 -- HIF1A -- RPS6KA1 -- UBE2D3
597,MYD88 -- CHUK -- MAPK1 -- MAPK3 -- E2F1 -- RELA -- JUN -- RXRB -- TNFAIP3 -- SP1 -- VEGFA -- ADAM17 -- EIF2AK2 -- BIRC3 -- IRAK1 -- MAP4K4 -- TNFRSF1B -- TRAF1 -- MAP3K1 -- ZFP36 -- BIRC2 -- ATM -- IL4 -- HSPB1 -- CDKN2A -- FBXO31 -- PPM1A -- SOCS3 -- NGF -- SHC1 -- IFNB1 -- IRF1 -- RPAIN -- HIP1 -- OTUD7B -- XIAP -- ERBB2 -- MTOR -- PRNP -- IL16 -- HIF1A -- RPS6KA1 -- UBE2D3
598,MYD88 -- CHUK -- MAPK1 -- MAPK3 -- E2F1 -- RELA -- JUN -- RXRB -- TNFAIP3 -- SP1 -- VEGFA -- ADAM17 -- EIF2AK2 -- BIRC3 -- IRAK1 -- MAP4K4 -- TNFRSF1B -- CYLD -- MAP3K1 -- ZFP36 -- BIRC2 -- ATM -- IL4 -- HSPB1 -- CDKN2A -- FBXO31 -- PPM1A -- SOCS3 -- NGF -- SHC1 -- IFNB1 -- IRF1 -- RPAIN -- HIP1 -- OTUD7B -- XIAP -- ERBB2 -- MTOR -- PRNP -- IL16 -- HIF1A -- RPS6KA1 -- UBE2D3
599,MYD88 -- CHUK -- MAPK1 -- MAPK3 -- E2F1 -- RELA -- JUN -- RXRB -- TNFAIP3 -- SP1 -- VEGFA -- ADAM17 -- EIF2AK2 -- BIRC3 -- IRAK1 -- MAP4K4 -- TNFRSF1B -- TRAF1 -- MAP3K1 -- ZFP36 -- BIRC2 -- ATM -- IL4 -- HSPB1 -- CDKN2A -- FBXO31 -- PPM1A -- SOCS3 -- NGF -- SHC1 -- IFNB1 -- IRF1 -- RPAIN -- HIP1 -- OTUD7B -- XIAP -- ERBB2 -- MTOR -- PRNP -- IL16 -- HIF1A -- RPS6KA1 -- UBE2D3
600,MYD88 -- CHUK -- MAPK1 -- MAPK3 -- E2F1 -- RELA -- JUN -- RXRB -- TNFAIP3 -- SP1 -- VEGFA -- ADAM17 -- EIF2AK2 -- BIRC3 -- IRAK1 -- MAP4K4 -- TNFRSF1B -- CYLD -- MAP3K1 -- ZFP36 -- BIRC2 -- ATM -- IL4 -- HSPB1 -- CDKN2A -- FBXO31 -- PPM1A -- SOCS3 -- NGF -- SHC1 -- IFNB1 -- IRF1 -- RPAIN -- HIP1 -- OTUD7B -- XIAP -- ERBB2 -- MTOR -- PRNP -- IL16 -- HIF1A -- RPS6KA1 -- UBE2D3
601,MYD88 -- CHUK -- MAPK1 -- MAPK3 -- E2F1 -- RELA -- JUN -- RXRB -- TNFAIP3 -- SP1 -- VEGFA -- ADAM17 -- EIF2AK2 -- BIRC3 -- IRAK1 -- MAP4K4 -- TNFRSF1B -- CYLD -- MAP3K1 -- ZFP36 -- BIRC2 -- ATM -- IL4 -- HSPB1 -- CDKN2A -- FBXO31 -- PPM1A -- SOCS3 -- NGF -- SHC1 -- IFNB1 -- IRF1 -- RPAIN -- HIP1 -- OTUD7B -- XIAP -- ERBB2 -- MTOR -- PRNP -- IL16 -- HIF1A -- RPS6KA1 -- UBE2D3
602,MYD88 -- CHUK -- MAPK1 -- MAPK3 -- E2F1 -- RELA -- JUN -- RXRB -- TNFAIP3 -- SP1 -- VEGFA -- ADAM17 -- EIF2AK2 -- BIRC3 -- IRAK1 -- MAP4K4 -- TNFRSF1B -- CYLD -- MAP3K1 -- ZFP36 -- BIRC2 -- ATM -- IL4 -- HSPB1 -- CDKN2A -- FBXO31 -- PPM1A -- SOCS3 -- NGF -- SHC1 -- IFNB1 -- IRF1 -- RPAIN -- HIP1 -- OTUD7B -- XIAP -- ERBB2 -- MTOR -- PRNP -- IL16 -- HIF1A -- RPS6KA1 -- UBE2D3
603,MYD88 -- CHUK -- MAPK1 -- MAPK3 -- E2F1 -- RELA -- JUN -- RXRB -- TNFAIP3 -- SP1 -- VEGFA -- ADAM17 -- EIF2AK2 -- BIRC3 -- IRAK1 -- MAP4K4 -- TNFRSF1B -- TRAF1 -- MAP3K1 -- ZFP36 -- BIRC2 -- ATM -- IL4 -- HSPB1 -- CDKN2A -- FBXO31 -- PPM1A -- SOCS3 -- NGF -- SHC1 -- IFNB1 -- IRF1 -- RPAIN -- HIP1 -- OTUD7B -- XIAP -- ERBB2 -- MTOR -- PRNP -- IL16 -- HIF1A -- RPS6KA1 -- UBE2D3
604,MYD88 -- CHUK -- MAPK1 -- MAPK3 -- E2F1 -- RELA -- JUN -- RXRB -- TNFAIP3 -- SP1 -- VEGFA -- ADAM17 -- EIF2AK2 -- BIRC3 -- IRAK1 -- MAP4K4 -- TNFRSF1B -- CYLD -- MAP3K1 -- ZFP36 -- BIRC2 -- ATM -- IL4 -- HSPB1 -- CDKN2A -- FBXO31 -- PPM1A -- SOCS3 -- NGF -- SHC1 -- IFNB1 -- IRF1 -- RPAIN -- HIP1 -- OTUD7B -- XIAP -- ERBB2 -- MTOR -- PRNP -- IL16 -- HIF1A -- RPS6KA1 -- UBE2D3
605,MYD88 -- CHUK -- MAPK1 -- MAPK3 -- E2F1 -- RELA -- JUN -- RXRB -- TNFAIP3 -- SP1 -- VEGFA -- ADAM17 -- EIF2AK2 -- BIRC3 -- IRAK1 -- MAP4K4 -- TNFRSF1B -- CYLD -- MAP3K1 -- ZFP36 -- BIRC2 -- ATM -- IL4 -- HSPB1 -- CDKN2A -- FBXO31 -- PPM1A -- SOCS3 -- NGF -- SHC1 -- IFNB1 -- IRF1 -- RPAIN -- HIP1 -- OTUD7B -- XIAP -- ERBB2 -- MTOR -- PRNP -- IL16 -- HIF1A -- RPS6KA1 -- UBE2D3
606,MYD88 -- CHUK -- MAPK1 -- MAPK3 -- E2F1 -- RELA -- JUN -- RXRB -- TNFAIP3 -- SP1 -- VEGFA -- ADAM17 -- EIF2AK2 -- BIRC3 -- IRAK1 -- MAP4K4 -- TNFRSF1B -- TRAF1 -- MAP3K1 -- ZFP36 -- BIRC2 -- ATM -- IL4 -- HSPB1 -- CDKN2A -- FBXO31 -- PPM1A -- SOCS3 -- NGF -- SHC1 -- IFNB1 -- IRF1 -- RPAIN -- HIP1 -- OTUD7B -- XIAP -- ERBB2 -- MTOR -- PRNP -- IL16 -- HIF1A -- RPS6KA1 -- UBE2D3
607,MYD88 -- CHUK -- MAPK1 -- MAPK3 -- E2F1 -- RELA -- JUN -- RXRB -- TNFAIP3 -- SP1 -- VEGFA -- ADAM17 -- EIF2AK2 -- BIRC3 -- IRAK1 -- MAP4K4 -- TNFRSF1B -- TRAF1 -- MAP3K1 -- ZFP36 -- BIRC2 -- ATM -- IL4 -- HSPB1 -- CDKN2A -- FBXO31 -- PPM1A -- SOCS3 -- NGF -- SHC1 -- IFNB1 -- IRF1 -- RPAIN -- HIP1 -- OTUD7B -- XIAP -- ERBB2 -- MTOR -- PRNP -- IL16 -- HIF1A -- RPS6KA1 -- UBE2D3
608,MYD88 -- CHUK -- MAPK1 -- MAPK3 -- E2F1 -- RELA -- JUN -- RXRB -- TNFAIP3 -- SP1 -- VEGFA -- ADAM17 -- EIF2AK2 -- BIRC3 -- IRAK1 -- MAP4K4 -- TNFRSF1B -- TRAF1 -- MAP3K1 -- ZFP36 -- BIRC2 -- ATM -- IL4 -- HSPB1 -- CDKN2A -- FBXO31 -- PPM1A -- SOCS3 -- NGF -- SHC1 -- IFNB1 -- IRF1 -- RPAIN -- HIP1 -- OTUD7B -- XIAP -- ERBB2 -- MTOR -- PRNP -- IL16 -- HIF1A -- RPS6KA1 -- UBE2D3
609,MYD88 -- CHUK -- MAPK1 -- MAPK3 -- E2F1 -- RELA -- JUN -- RXRB -- TNFAIP3 -- SP1 -- VEGFA -- ADAM17 -- EIF2AK2 -- BIRC3 -- IRAK1 -- MAP4K4 -- TNFRSF1B -- CYLD -- MAP3K1 -- ZFP36 -- BIRC2 -- ATM -- IL4 -- HSPB1 -- CDKN2A -- FBXO31 -- PPM1A -- SOCS3 -- NGF -- SHC1 -- IFNB1 -- IRF1 -- RPAIN -- HIP1 -- OTUD7B -- XIAP -- ERBB2 -- MTOR -- PRNP -- IL16 -- HIF1A -- RPS6KA1 -- UBE2D3
610,MYD88 -- CHUK -- MAPK1 -- MAPK3 -- E2F1 -- RELA -- JUN -- RXRB -- TNFAIP3 -- SP1 -- VEGFA -- ADAM17 -- EIF2AK2 -- BIRC3 -- IRAK1 -- MAP4K4 -- TNFRSF1B -- CYLD -- MAP3K1 -- ZFP36 -- BIRC2 -- ATM -- IL4 -- HSPB1 -- CDKN2A -- FBXO31 -- PPM1A -- SOCS3 -- NGF -- SHC1 -- IFNB1 -- IRF1 -- RPAIN -- HIP1 -- OTUD7B -- XIAP -- ERBB2 -- MTOR -- PRNP -- IL16 -- HIF1A -- RPS6KA1 -- UBE2D3
611,MYD88 -- CHUK -- MAPK1 -- MAPK3 -- E2F1 -- RELA -- JUN -- RXRB -- TNFAIP3 -- SP1 -- VEGFA -- ADAM17 -- EIF2AK2 -- BIRC3 -- IRAK1 -- MAP4K4 -- TNFRSF1B -- CYLD -- MAP3K1 -- ZFP36 -- BIRC2 -- ATM -- IL4 -- HSPB1 -- CDKN2A -- FBXO31 -- PPM1A -- SOCS3 -- NGF -- SHC1 -- IFNB1 -- IRF1 -- RPAIN -- HIP1 -- OTUD7B -- XIAP -- ERBB2 -- MTOR -- PRNP -- IL16 -- HIF1A -- RPS6KA1 -- UBE2D3
612,MYD88 -- CHUK -- MAPK1 -- MAPK3 -- E2F1 -- RELA -- JUN -- RXRB -- TNFAIP3 -- SP1 -- VEGFA -- ADAM17 -- EIF2AK2 -- BIRC3 -- IRAK1 -- MAP4K4 -- TNFRSF1B -- CYLD -- MAP3K1 -- ZFP36 -- BIRC2 -- ATM -- IL4 -- HSPB1 -- CDKN2A -- FBXO31 -- PPM1A -- SOCS3 -- NGF -- SHC1 -- IFNB1 -- IRF1 -- RPAIN -- HIP1 -- OTUD7B -- XIAP -- ERBB2 -- MTOR -- PRNP -- IL16 -- HIF1A -- RPS6KA1 -- UBE2D3
613,MYD88 -- CHUK -- MAPK1 -- MAPK3 -- E2F1 -- RELA -- JUN -- RXRB -- TNFAIP3 -- SP1 -- VEGFA -- ADAM17 -- EIF2AK2 -- BIRC3 -- IRAK1 -- MAP4K4 -- TNFRSF1B -- TRAF1 -- MAP3K1 -- ZFP36 -- BIRC2 -- ATM -- IL4 -- HSPB1 -- CDKN2A -- FBXO31 -- PPM1A -- SOCS3 -- NGF -- SHC1 -- IFNB1 -- IRF1 -- RPAIN -- HIP1 -- OTUD7B -- XIAP -- ERBB2 -- MTOR -- PRNP -- IL16 -- HIF1A -- RPS6KA1 -- UBE2D3
614,MYD88 -- CHUK -- MAPK1 -- MAPK3 -- E2F1 -- RELA -- JUN -- RXRB -- TNFAIP3 -- SP1 -- VEGFA -- ADAM17 -- EIF2AK2 -- BIRC3 -- IRAK1 -- MAP4K4 -- TNFRSF1B -- CYLD -- MAP3K1 -- ZFP36 -- BIRC2 -- ATM -- IL4 -- HSPB1 -- CDKN2A -- FBXO31 -- PPM1A -- SOCS3 -- NGF -- SHC1 -- IFNB1 -- IRF1 -- RPAIN -- HIP1 -- OTUD7B -- XIAP -- ERBB2 -- MTOR -- PRNP -- IL16 -- HIF1A -- RPS6KA1 -- UBE2D3
615,MYD88 -- CHUK -- MAPK1 -- MAPK3 -- E2F1 -- RELA -- JUN -- RXRB -- TNFAIP3 -- SP1 -- VEGFA -- ADAM17 -- EIF2AK2 -- BIRC3 -- IRAK1 -- MAP4K4 -- TNFRSF1B -- CYLD -- MAP3K1 -- ZFP36 -- BIRC2 -- ATM -- IL4 -- HSPB1 -- CDKN2A -- FBXO31 -- PPM1A -- SOCS3 -- NGF -- SHC1 -- IFNB1 -- IRF1 -- RPAIN -- HIP1 -- OTUD7B -- XIAP -- ERBB2 -- MTOR -- PRNP -- IL16 -- HIF1A -- RPS6KA1 -- UBE2D3
616,MYD88 -- CHUK -- MAPK1 -- MAPK3 -- E2F1 -- RELA -- JUN -- RXRB -- TNFAIP3 -- SP1 -- VEGFA -- ADAM17 -- EIF2AK2 -- BIRC3 -- IRAK1 -- MAP4K4 -- TNFRSF1B -- CYLD -- MAP3K1 -- ZFP36 -- BIRC2 -- ATM -- IL4 -- HSPB1 -- CDKN2A -- FBXO31 -- PPM1A -- SOCS3 -- NGF -- SHC1 -- IFNB1 -- IRF1 -- RPAIN -- HIP1 -- OTUD7B -- XIAP -- ERBB2 -- MTOR -- PRNP -- IL16 -- HIF1A -- RPS6KA1 -- UBE2D3
617,MYD88 -- CHUK -- MAPK1 -- MAPK3 -- E2F1 -- RELA -- JUN -- RXRB -- TNFAIP3 -- SP1 -- VEGFA -- ADAM17 -- EIF2AK2 -- BIRC3 -- IRAK1 -- MAP4K4 -- TNFRSF1B -- TRAF1 -- MAP3K1 -- ZFP36 -- BIRC2 -- ATM -- IL4 -- HSPB1 -- CDKN2A -- FBXO31 -- PPM1A -- SOCS3 -- NGF -- SHC1 -- IFNB1 -- IRF1 -- RPAIN -- HIP1 -- OTUD7B -- XIAP -- ERBB2 -- MTOR -- PRNP -- IL16 -- HIF1A -- RPS6KA1 -- UBE2D3
618,MYD88 -- CHUK -- MAPK1 -- MAPK3 -- E2F1 -- RELA -- JUN -- RXRB -- TNFAIP3 -- SP1 -- VEGFA -- ADAM17 -- EIF2AK2 -- BIRC3 -- IRAK1 -- MAP4K4 -- TNFRSF1B -- CYLD -- MAP3K1 -- ZFP36 -- BIRC2 -- ATM -- IL4 -- HSPB1 -- CDKN2A -- FBXO31 -- PPM1A -- SOCS3 -- NGF -- SHC1 -- IFNB1 -- IRF1 -- RPAIN -- HIP1 -- OTUD7B -- XIAP -- ERBB2 -- MTOR -- PRNP -- IL16 -- HIF1A -- RPS6KA1 -- UBE2D3
619,MYD88 -- CHUK -- MAPK1 -- MAPK3 -- E2F1 -- RELA -- JUN -- RXRB -- TNFAIP3 -- SP1 -- VEGFA -- ADAM17 -- EIF2AK2 -- BIRC3 -- IRAK1 -- MAP4K4 -- TNFRSF1B -- TRAF1 -- MAP3K1 -- ZFP36 -- BIRC2 -- ATM -- IL4 -- HSPB1 -- CDKN2A -- FBXO31 -- PPM1A -- SOCS3 -- NGF -- SHC1 -- IFNB1 -- IRF1 -- RPAIN -- HIP1 -- OTUD7B -- XIAP -- ERBB2 -- MTOR -- PRNP -- IL16 -- HIF1A -- RPS6KA1 -- UBE2D3
620,MYD88 -- CHUK -- MAPK1 -- MAPK3 -- E2F1 -- RELA -- JUN -- RXRB -- TNFAIP3 -- SP1 -- VEGFA -- ADAM17 -- EIF2AK2 -- BIRC3 -- IRAK1 -- MAP4K4 -- TNFRSF1B -- TRAF1 -- MAP3K1 -- ZFP36 -- BIRC2 -- ATM -- IL4 -- HSPB1 -- CDKN2A -- FBXO31 -- PPM1A -- SOCS3 -- NGF -- SHC1 -- IFNB1 -- IRF1 -- RPAIN -- HIP1 -- OTUD7B -- XIAP -- ERBB2 -- MTOR -- PRNP -- IL16 -- HIF1A -- RPS6KA1 -- UBE2D3
621,MYD88 -- CHUK -- MAPK1 -- MAPK3 -- E2F1 -- RELA -- JUN -- RXRB -- TNFAIP3 -- SP1 -- VEGFA -- ADAM17 -- EIF2AK2 -- BIRC3 -- IRAK1 -- MAP4K4 -- TNFRSF1B -- TRAF1 -- MAP3K1 -- ZFP36 -- BIRC2 -- ATM -- IL4 -- HSPB1 -- CDKN2A -- FBXO31 -- PPM1A -- SOCS3 -- NGF -- SHC1 -- IFNB1 -- IRF1 -- RPAIN -- HIP1 -- OTUD7B -- XIAP -- ERBB2 -- MTOR -- PRNP -- IL16 -- HIF1A -- RPS6KA1 -- UBE2D3
622,MYD88 -- CHUK -- MAPK1 -- MAPK3 -- E2F1 -- RELA -- JUN -- RXRB -- TNFAIP3 -- SP1 -- VEGFA -- ADAM17 -- EIF2AK2 -- BIRC3 -- IRAK1 -- MAP4K4 -- TNFRSF1B -- CYLD -- MAP3K1 -- ZFP36 -- BIRC2 -- ATM -- IL4 -- HSPB1 -- CDKN2A -- FBXO31 -- PPM1A -- SOCS3 -- NGF -- SHC1 -- IFNB1 -- IRF1 -- RPAIN -- HIP1 -- OTUD7B -- XIAP -- ERBB2 -- MTOR -- PRNP -- IL16 -- HIF1A -- RPS6KA1 -- UBE2D3
623,MYD88 -- CHUK -- MAPK1 -- MAPK3 -- E2F1 -- RELA -- JUN -- RXRB -- TNFAIP3 -- SP1 -- VEGFA -- ADAM17 -- EIF2AK2 -- BIRC3 -- IRAK1 -- MAP4K4 -- TNFRSF1B -- TRAF1 -- MAP3K1 -- ZFP36 -- BIRC2 -- ATM -- IL4 -- HSPB1 -- CDKN2A -- FBXO31 -- PPM1A -- SOCS3 -- NGF -- SHC1 -- IFNB1 -- IRF1 -- RPAIN -- HIP1 -- OTUD7B -- XIAP -- ERBB2 -- MTOR -- PRNP -- IL16 -- HIF1A -- RPS6KA1 -- UBE2D3
624,MYD88 -- CHUK -- MAPK1 -- MAPK3 -- E2F1 -- RELA -- JUN -- RXRB -- TNFAIP3 -- SP1 -- VEGFA -- ADAM17 -- EIF2AK2 -- BIRC3 -- IRAK1 -- MAP4K4 -- TNFRSF1B -- CYLD -- MAP3K1 -- ZFP36 -- BIRC2 -- ATM -- IL4 -- HSPB1 -- CDKN2A -- FBXO31 -- PPM1A -- SOCS3 -- NGF -- SHC1 -- IFNB1 -- IRF1 -- RPAIN -- HIP1 -- OTUD7B -- XIAP -- ERBB2 -- MTOR -- PRNP -- IL16 -- HIF1A -- RPS6KA1 -- UBE2D3
625,MYD88 -- CHUK -- MAPK1 -- MAPK3 -- E2F1 -- RELA -- JUN -- RXRB -- TNFAIP3 -- SP1 -- VEGFA -- ADAM17 -- EIF2AK2 -- BIRC3 -- IRAK1 -- MAP4K4 -- TNFRSF1B -- CYLD -- MAP3K1 -- ZFP36 -- BIRC2 -- ATM -- IL4 -- HSPB1 -- CDKN2A -- FBXO31 -- PPM1A -- SOCS3 -- NGF -- SHC1 -- IFNB1 -- IRF1 -- RPAIN -- HIP1 -- OTUD7B -- XIAP -- ERBB2 -- MTOR -- PRNP -- IL16 -- HIF1A -- RPS6KA1 -- UBE2D3
626,MYD88 -- CHUK -- MAPK1 -- MAPK3 -- E2F1 -- RELA -- JUN -- RXRB -- TNFAIP3 -- SP1 -- VEGFA -- ADAM17 -- EIF2AK2 -- BIRC3 -- IRAK1 -- MAP4K4 -- TNFRSF1B -- CYLD -- MAP3K1 -- ZFP36 -- BIRC2 -- ATM -- IL4 -- HSPB1 -- CDKN2A -- FBXO31 -- PPM1A -- SOCS3 -- NGF -- SHC1 -- IFNB1 -- IRF1 -- RPAIN -- HIP1 -- OTUD7B -- XIAP -- ERBB2 -- MTOR -- PRNP -- IL16 -- HIF1A -- RPS6KA1 -- UBE2D3
627,MYD88 -- CHUK -- MAPK1 -- MAPK3 -- E2F1 -- RELA -- JUN -- RXRB -- TNFAIP3 -- SP1 -- VEGFA -- ADAM17 -- EIF2AK2 -- BIRC3 -- IRAK1 -- MAP4K4 -- TNFRSF1B -- CYLD -- MAP3K1 -- ZFP36 -- BIRC2 -- ATM -- IL4 -- HSPB1 -- CDKN2A -- FBXO31 -- PPM1A -- SOCS3 -- NGF -- SHC1 -- IFNB1 -- IRF1 -- RPAIN -- HIP1 -- OTUD7B -- XIAP -- ERBB2 -- MTOR -- PRNP -- IL16 -- HIF1A -- RPS6KA1 -- UBE2D3
628,MYD88 -- CHUK -- MAPK1 -- MAPK3 -- E2F1 -- RELA -- JUN -- RXRB -- TNFAIP3 -- SP1 -- VEGFA -- ADAM17 -- EIF2AK2 -- BIRC3 -- IRAK1 -- MAP4K4 -- TNFRSF1B -- CYLD -- MAP3K1 -- ZFP36 -- BIRC2 -- ATM -- IL4 -- HSPB1 -- CDKN2A -- FBXO31 -- PPM1A -- SOCS3 -- NGF -- SHC1 -- IFNB1 -- IRF1 -- RPAIN -- HIP1 -- OTUD7B -- XIAP -- ERBB2 -- MTOR -- PRNP -- IL16 -- HIF1A -- RPS6KA1 -- UBE2D3
629,MYD88 -- CHUK -- MAPK1 -- MAPK3 -- E2F1 -- RELA -- JUN -- RXRB -- TNFAIP3 -- SP1 -- VEGFA -- ADAM17 -- EIF2AK2 -- BIRC3 -- IRAK1 -- MAP4K4 -- TNFRSF1B -- CYLD -- MAP3K1 -- ZFP36 -- BIRC2 -- ATM -- IL4 -- HSPB1 -- CDKN2A -- FBXO31 -- PPM1A -- SOCS3 -- NGF -- SHC1 -- IFNB1 -- IRF1 -- RPAIN -- HIP1 -- OTUD7B -- XIAP -- ERBB2 -- MTOR -- PRNP -- IL16 -- HIF1A -- RPS6KA1 -- UBE2D3
630,MYD88 -- CHUK -- MAPK1 -- MAPK3 -- E2F1 -- RELA -- JUN -- RXRB -- TNFAIP3 -- SP1 -- VEGFA -- ADAM17 -- EIF2AK2 -- BIRC3 -- IRAK1 -- MAP4K4 -- TNFRSF1B -- TRAF1 -- MAP3K1 -- ZFP36 -- BIRC2 -- ATM -- IL4 -- HSPB1 -- CDKN2A -- FBXO31 -- PPM1A -- SOCS3 -- NGF -- SHC1 -- IFNB1 -- IRF1 -- RPAIN -- HIP1 -- OTUD7B -- XIAP -- ERBB2 -- MTOR -- PRNP -- IL16 -- HIF1A -- RPS6KA1 -- UBE2D3
631,MYD88 -- CHUK -- MAPK1 -- MAPK3 -- E2F1 -- RELA -- JUN -- RXRB -- TNFAIP3 -- SP1 -- VEGFA -- ADAM17 -- EIF2AK2 -- BIRC3 -- IRAK1 -- MAP4K4 -- TNFRSF1B -- CYLD -- MAP3K1 -- ZFP36 -- BIRC2 -- ATM -- IL4 -- HSPB1 -- CDKN2A -- FBXO31 -- PPM1A -- SOCS3 -- NGF -- SHC1 -- IFNB1 -- IRF1 -- RPAIN -- HIP1 -- OTUD7B -- XIAP -- ERBB2 -- MTOR -- PRNP -- NFE2L2 -- IL16 -- HIF1A -- RPS6KA1 -- UBE2D3
632,MYD88 -- CHUK -- MAPK1 -- MAPK3 -- E2F1 -- RELA -- JUN -- RXRB -- TNFAIP3 -- SP1 -- VEGFA -- ADAM17 -- EIF2AK2 -- BIRC3 -- IRAK1 -- MAP4K4 -- TNFRSF1B -- TRAF1 -- MAP3K1 -- ZFP36 -- BIRC2 -- ATM -- IL4 -- HSPB1 -- CDKN2A -- FBXO31 -- PPM1A -- SOCS3 -- NGF -- SHC1 -- IFNB1 -- IRF1 -- RPAIN -- HIP1 -- OTUD7B -- XIAP -- ERBB2 -- MTOR -- PRNP -- IL16 -- HIF1A -- RPS6KA1 -- UBE2D3
633,MYD88 -- CHUK -- MAPK1 -- MAPK3 -- E2F1 -- RELA -- JUN -- RXRB -- TNFAIP3 -- SP1 -- VEGFA -- ADAM17 -- EIF2AK2 -- BIRC3 -- IRAK1 -- MAP4K4 -- TNFRSF1B -- TRAF1 -- MAP3K1 -- ZFP36 -- BIRC2 -- ATM -- IL4 -- HSPB1 -- CDKN2A -- FBXO31 -- PPM1A -- SOCS3 -- NGF -- SHC1 -- IFNB1 -- IRF1 -- RPAIN -- HIP1 -- OTUD7B -- XIAP -- ERBB2 -- MTOR -- PRNP -- IL16 -- HIF1A -- RPS6KA1 -- UBE2D3
634,MYD88 -- CHUK -- MAPK1 -- MAPK3 -- E2F1 -- RELA -- JUN -- RXRB -- TNFAIP3 -- SP1 -- VEGFA -- ADAM17 -- EIF2AK2 -- BIRC3 -- IRAK1 -- MAP4K4 -- TNFRSF1B -- TRAF1 -- MAP3K1 -- ZFP36 -- BIRC2 -- ATM -- IL4 -- HSPB1 -- CDKN2A -- FBXO31 -- PPM1A -- SOCS3 -- NGF -- SHC1 -- IFNB1 -- IRF1 -- RPAIN -- HIP1 -- OTUD7B -- XIAP -- ERBB2 -- MTOR -- PRNP -- IL16 -- HIF1A -- RPS6KA1 -- UBE2D3
635,MYD88 -- CHUK -- MAPK1 -- MAPK3 -- E2F1 -- RELA -- JUN -- RXRB -- TNFAIP3 -- SP1 -- VEGFA -- ADAM17 -- EIF2AK2 -- BIRC3 -- IRAK1 -- MAP4K4 -- TNFRSF1B -- CYLD -- MAP3K1 -- ZFP36 -- BIRC2 -- ATM -- IL4 -- HSPB1 -- CDKN2A -- FBXO31 -- PPM1A -- SOCS3 -- NGF -- SHC1 -- IFNB1 -- IRF1 -- RPAIN -- HIP1 -- OTUD7B -- XIAP -- ERBB2 -- MTOR -- PRNP -- IL16 -- HIF1A -- RPS6KA1 -- UBE2D3
636,MYD88 -- CHUK -- MAPK1 -- MAPK3 -- E2F1 -- RELA -- JUN -- RXRB -- TNFAIP3 -- SP1 -- VEGFA -- ADAM17 -- EIF2AK2 -- BIRC3 -- IRAK1 -- MAP4K4 -- TNFRSF1B -- TRAF1 -- MAP3K1 -- ZFP36 -- BIRC2 -- ATM -- IL4 -- HSPB1 -- CDKN2A -- FBXO31 -- PPM1A -- SOCS3 -- NGF -- SHC1 -- IFNB1 -- IRF1 -- RPAIN -- HIP1 -- OTUD7B -- XIAP -- ERBB2 -- MTOR -- PRNP -- IL16 -- HIF1A -- RPS6KA1 -- UBE2D3
637,MYD88 -- CHUK -- MAPK1 -- MAPK3 -- E2F1 -- RELA -- JUN -- RXRB -- TNFAIP3 -- SP1 -- VEGFA -- ADAM17 -- EIF2AK2 -- BIRC3 -- IRAK1 -- MAP4K4 -- TNFRSF1B -- TRAF1 -- MAP3K1 -- ZFP36 -- BIRC2 -- ATM -- IL4 -- HSPB1 -- CDKN2A -- FBXO31 -- PPM1A -- SOCS3 -- NGF -- SHC1 -- IFNB1 -- IRF1 -- RPAIN -- HIP1 -- OTUD7B -- XIAP -- ERBB2 -- MTOR -- PRNP -- IL16 -- HIF1A -- RPS6KA1 -- UBE2D3
638,MYD88 -- CHUK -- MAPK1 -- MAPK3 -- E2F1 -- RELA -- JUN -- RXRB -- TNFAIP3 -- SP1 -- VEGFA -- ADAM17 -- EIF2AK2 -- BIRC3 -- IRAK1 -- MAP4K4 -- TNFRSF1B -- CYLD -- MAP3K1 -- ZFP36 -- BIRC2 -- ATM -- IL4 -- HSPB1 -- CDKN2A -- FBXO31 -- PPM1A -- SOCS3 -- NGF -- SHC1 -- IFNB1 -- IRF1 -- RPAIN -- HIP1 -- OTUD7B -- XIAP -- ERBB2 -- MTOR -- PRNP -- IL16 -- HIF1A -- RPS6KA1 -- UBE2D3
639,MYD88 -- CHUK -- MAPK1 -- MAPK3 -- E2F1 -- RELA -- JUN -- RXRB -- TNFAIP3 -- SP1 -- VEGFA -- ADAM17 -- EIF2AK2 -- BIRC3 -- IRAK1 -- MAP4K4 -- TNFRSF1B -- TRAF1 -- MAP3K1 -- ZFP36 -- BIRC2 -- ATM -- IL4 -- HSPB1 -- CDKN2A -- FBXO31 -- PPM1A -- SOCS3 -- NGF -- SHC1 -- IFNB1 -- IRF1 -- RPAIN -- HIP1 -- OTUD7B -- XIAP -- ERBB2 -- MTOR -- PRNP -- IL16 -- HIF1A -- RPS6KA1 -- UBE2D3
640,MYD88 -- CHUK -- MAPK1 -- MAPK3 -- E2F1 -- RELA -- JUN -- RXRB -- TNFAIP3 -- SP1 -- VEGFA -- ADAM17 -- EIF2AK2 -- BIRC3 -- IRAK1 -- MAP4K4 -- TNFRSF1B -- CYLD -- MAP3K1 -- ZFP36 -- BIRC2 -- ATM -- IL4 -- HSPB1 -- CDKN2A -- FBXO31 -- PPM1A -- SOCS3 -- NGF -- SHC1 -- IFNB1 -- IRF1 -- RPAIN -- HIP1 -- OTUD7B -- XIAP -- ERBB2 -- MTOR -- PRNP -- IL16 -- HIF1A -- RPS6KA1 -- UBE2D3
641,MYD88 -- CHUK -- MAPK1 -- MAPK3 -- E2F1 -- RELA -- JUN -- RXRB -- TNFAIP3 -- SP1 -- VEGFA -- ADAM17 -- EIF2AK2 -- BIRC3 -- IRAK1 -- MAP4K4 -- TNFRSF1B -- CYLD -- MAP3K1 -- ZFP36 -- BIRC2 -- ATM -- IL4 -- HSPB1 -- CDKN2A -- FBXO31 -- PPM1A -- SOCS3 -- NGF -- SHC1 -- IFNB1 -- IRF1 -- RPAIN -- HIP1 -- OTUD7B -- XIAP -- ERBB2 -- MTOR -- PRNP -- IL16 -- HIF1A -- RPS6KA1 -- UBE2D3
642,MYD88 -- CHUK -- MAPK1 -- MAPK3 -- E2F1 -- RELA -- JUN -- RXRB -- TNFAIP3 -- SP1 -- VEGFA -- ADAM17 -- EIF2AK2 -- BIRC3 -- IRAK1 -- MAP4K4 -- TNFRSF1B -- CYLD -- MAP3K1 -- ZFP36 -- BIRC2 -- ATM -- IL4 -- HSPB1 -- CDKN2A -- FBXO31 -- PPM1A -- SOCS3 -- NGF -- SHC1 -- IFNB1 -- IRF1 -- RPAIN -- HIP1 -- OTUD7B -- XIAP -- ERBB2 -- MTOR -- PRNP -- IL16 -- HIF1A -- RPS6KA1 -- UBE2D3
643,MYD88 -- CHUK -- MAPK1 -- MAPK3 -- E2F1 -- RELA -- JUN -- RXRB -- TNFAIP3 -- SP1 -- VEGFA -- ADAM17 -- EIF2AK2 -- BIRC3 -- IRAK1 -- MAP4K4 -- TNFRSF1B -- TRAF1 -- MAP3K1 -- ZFP36 -- BIRC2 -- ATM -- IL4 -- HSPB1 -- CDKN2A -- FBXO31 -- PPM1A -- SOCS3 -- NGF -- SHC1 -- IFNB1 -- IRF1 -- RPAIN -- HIP1 -- OTUD7B -- XIAP -- ERBB2 -- MTOR -- PRNP -- IL16 -- HIF1A -- RPS6KA1 -- UBE2D3
644,MYD88 -- CHUK -- MAPK1 -- MAPK3 -- E2F1 -- RELA -- JUN -- RXRB -- TNFAIP3 -- SP1 -- VEGFA -- ADAM17 -- EIF2AK2 -- BIRC3 -- IRAK1 -- MAP4K4 -- TNFRSF1B -- CYLD -- MAP3K1 -- ZFP36 -- BIRC2 -- ATM -- IL4 -- HSPB1 -- CDKN2A -- FBXO31 -- PPM1A -- SOCS3 -- NGF -- SHC1 -- IFNB1 -- IRF1 -- RPAIN -- HIP1 -- OTUD7B -- XIAP -- ERBB2 -- MTOR -- PRNP -- IL16 -- HIF1A -- RPS6KA1 -- UBE2D3
645,MYD88 -- CHUK -- MAPK1 -- MAPK3 -- E2F1 -- RELA -- JUN -- RXRB -- TNFAIP3 -- SP1 -- VEGFA -- ADAM17 -- EIF2AK2 -- BIRC3 -- IRAK1 -- MAP4K4 -- TNFRSF1B -- TRAF1 -- MAP3K1 -- ZFP36 -- BIRC2 -- ATM -- IL4 -- HSPB1 -- CDKN2A -- FBXO31 -- PPM1A -- SOCS3 -- NGF -- SHC1 -- IFNB1 -- IRF1 -- RPAIN -- HIP1 -- OTUD7B -- XIAP -- ERBB2 -- MTOR -- PRNP -- IL16 -- HIF1A -- RPS6KA1 -- UBE2D3
646,MYD88 -- CHUK -- MAPK1 -- MAPK3 -- E2F1 -- RELA -- JUN -- RXRB -- TNFAIP3 -- SP1 -- VEGFA -- ADAM17 -- EIF2AK2 -- BIRC3 -- IRAK1 -- MAP4K4 -- TNFRSF1B -- CYLD -- MAP3K1 -- ZFP36 -- BIRC2 -- ATM -- IL4 -- HSPB1 -- CDKN2A -- FBXO31 -- PPM1A -- SOCS3 -- NGF -- SHC1 -- IFNB1 -- IRF1 -- RPAIN -- HIP1 -- OTUD7B -- XIAP -- ERBB2 -- MTOR -- PRNP -- IL16 -- HIF1A -- RPS6KA1 -- UBE2D3
647,MYD88 -- CHUK -- MAPK1 -- MAPK3 -- E2F1 -- RELA -- JUN -- RXRB -- TNFAIP3 -- SP1 -- VEGFA -- ADAM17 -- EIF2AK2 -- BIRC3 -- IRAK1 -- MAP4K4 -- TNFRSF1B -- CYLD -- MAP3K1 -- ZFP36 -- BIRC2 -- ATM -- IL4 -- HSPB1 -- CDKN2A -- FBXO31 -- PPM1A -- SOCS3 -- NGF -- SHC1 -- IFNB1 -- IRF1 -- RPAIN -- HIP1 -- OTUD7B -- XIAP -- ERBB2 -- MTOR -- PRNP -- IL16 -- HIF1A -- RPS6KA1 -- UBE2D3
648,MYD88 -- CHUK -- MAPK1 -- MAPK3 -- E2F1 -- RELA -- JUN -- RXRB -- TNFAIP3 -- SP1 -- VEGFA -- ADAM17 -- EIF2AK2 -- BIRC3 -- IRAK1 -- MAP4K4 -- TNFRSF1B -- TRAF1 -- MAP3K1 -- ZFP36 -- BIRC2 -- ATM -- IL4 -- HSPB1 -- CDKN2A -- FBXO31 -- PPM1A -- SOCS3 -- NGF -- SHC1 -- IFNB1 -- IRF1 -- RPAIN -- HIP1 -- OTUD7B -- XIAP -- ERBB2 -- MTOR -- PRNP -- IL16 -- HIF1A -- RPS6KA1 -- UBE2D3
649,MYD88 -- CHUK -- MAPK1 -- MAPK3 -- E2F1 -- RELA -- JUN -- RXRB -- TNFAIP3 -- SP1 -- VEGFA -- ADAM17 -- EIF2AK2 -- BIRC3 -- IRAK1 -- MAP4K4 -- TNFRSF1B -- CYLD -- MAP3K1 -- ZFP36 -- BIRC2 -- ATM -- IL4 -- HSPB1 -- CDKN2A -- FBXO31 -- PPM1A -- SOCS3 -- NGF -- SHC1 -- IFNB1 -- IRF1 -- RPAIN -- HIP1 -- OTUD7B -- XIAP -- ERBB2 -- MTOR -- PRNP -- IL16 -- HIF1A -- RPS6KA1 -- UBE2D3
650,MYD88 -- CHUK -- MAPK1 -- MAPK3 -- E2F1 -- RELA -- JUN -- RXRB -- TNFAIP3 -- SP1 -- VEGFA -- ADAM17 -- EIF2AK2 -- BIRC3 -- IRAK1 -- MAP4K4 -- TNFRSF1B -- TRAF1 -- MAP3K1 -- ZFP36 -- BIRC2 -- ATM -- IL4 -- HSPB1 -- CDKN2A -- FBXO31 -- PPM1A -- SOCS3 -- NGF -- SHC1 -- IFNB1 -- IRF1 -- RPAIN -- HIP1 -- OTUD7B -- XIAP -- ERBB2 -- MTOR -- PRNP -- IL16 -- HIF1A -- RPS6KA1 -- UBE2D3
651,MYD88 -- CHUK -- MAPK1 -- MAPK3 -- E2F1 -- RELA -- JUN -- RXRB -- TNFAIP3 -- SP1 -- VEGFA -- ADAM17 -- EIF2AK2 -- BIRC3 -- IRAK1 -- MAP4K4 -- TNFRSF1B -- TRAF1 -- MAP3K1 -- ZFP36 -- BIRC2 -- ATM -- IL4 -- HSPB1 -- CDKN2A -- FBXO31 -- PPM1A -- SOCS3 -- NGF -- SHC1 -- IFNB1 -- IRF1 -- RPAIN -- HIP1 -- OTUD7B -- XIAP -- ERBB2 -- MTOR -- PRNP -- IL16 -- HIF1A -- RPS6KA1 -- UBE2D3
652,MYD88 -- CHUK -- MAPK1 -- MAPK3 -- E2F1 -- RELA -- JUN -- RXRB -- TNFAIP3 -- SP1 -- VEGFA -- ADAM17 -- EIF2AK2 -- BIRC3 -- IRAK1 -- MAP4K4 -- TNFRSF1B -- TRAF1 -- MAP3K1 -- ZFP36 -- BIRC2 -- ATM -- IL4 -- HSPB1 -- CDKN2A -- FBXO31 -- PPM1A -- SOCS3 -- NGF -- SHC1 -- IFNB1 -- IRF1 -- RPAIN -- HIP1 -- OTUD7B -- XIAP -- ERBB2 -- MTOR -- PRNP -- IL16 -- HIF1A -- RPS6KA1 -- UBE2D3
653,MYD88 -- CHUK -- MAPK1 -- MAPK3 -- E2F1 -- RELA -- JUN -- RXRB -- TNFAIP3 -- SP1 -- VEGFA -- ADAM17 -- EIF2AK2 -- BIRC3 -- IRAK1 -- MAP4K4 -- TNFRSF1B -- CYLD -- MAP3K1 -- ZFP36 -- BIRC2 -- ATM -- IL4 -- HSPB1 -- CDKN2A -- FBXO31 -- PPM1A -- SOCS3 -- NGF -- SHC1 -- IFNB1 -- IRF1 -- RPAIN -- HIP1 -- OTUD7B -- XIAP -- ERBB2 -- MTOR -- PRNP -- IL16 -- HIF1A -- RPS6KA1 -- UBE2D3
654,MYD88 -- CHUK -- MAPK1 -- MAPK3 -- E2F1 -- RELA -- JUN -- RXRB -- TNFAIP3 -- SP1 -- VEGFA -- ADAM17 -- EIF2AK2 -- BIRC3 -- IRAK1 -- MAP4K4 -- TNFRSF1B -- CYLD -- MAP3K1 -- ZFP36 -- BIRC2 -- ATM -- IL4 -- HSPB1 -- CDKN2A -- FBXO31 -- PPM1A -- SOCS3 -- NGF -- SHC1 -- IFNB1 -- IRF1 -- RPAIN -- HIP1 -- OTUD7B -- XIAP -- ERBB2 -- MTOR -- PRNP -- IL16 -- HIF1A -- RPS6KA1 -- UBE2D3
655,MYD88 -- CHUK -- MAPK1 -- MAPK3 -- E2F1 -- RELA -- JUN -- RXRB -- TNFAIP3 -- SP1 -- VEGFA -- ADAM17 -- EIF2AK2 -- BIRC3 -- IRAK1 -- MAP4K4 -- TNFRSF1B -- TRAF1 -- MAP3K1 -- ZFP36 -- BIRC2 -- ATM -- IL4 -- HSPB1 -- CDKN2A -- FBXO31 -- PPM1A -- SOCS3 -- NGF -- SHC1 -- IFNB1 -- IRF1 -- RPAIN -- HIP1 -- OTUD7B -- XIAP -- ERBB2 -- MTOR -- PRNP -- IL16 -- HIF1A -- RPS6KA1 -- UBE2D3
656,MYD88 -- CHUK -- MAPK1 -- MAPK3 -- E2F1 -- RELA -- JUN -- RXRB -- TNFAIP3 -- SP1 -- VEGFA -- ADAM17 -- EIF2AK2 -- BIRC3 -- IRAK1 -- MAP4K4 -- TNFRSF1B -- TRAF1 -- MAP3K1 -- ZFP36 -- BIRC2 -- ATM -- IL4 -- HSPB1 -- CDKN2A -- FBXO31 -- PPM1A -- SOCS3 -- NGF -- SHC1 -- IFNB1 -- IRF1 -- RPAIN -- HIP1 -- OTUD7B -- XIAP -- ERBB2 -- MTOR -- PRNP -- IL16 -- HIF1A -- RPS6KA1 -- UBE2D3
657,MYD88 -- CHUK -- MAPK1 -- MAPK3 -- E2F1 -- RELA -- JUN -- RXRB -- TNFAIP3 -- SP1 -- VEGFA -- ADAM17 -- EIF2AK2 -- BIRC3 -- IRAK1 -- MAP4K4 -- TNFRSF1B -- TRAF1 -- MAP3K1 -- ZFP36 -- BIRC2 -- ATM -- IL4 -- HSPB1 -- CDKN2A -- FBXO31 -- PPM1A -- SOCS3 -- NGF -- SHC1 -- IFNB1 -- IRF1 -- RPAIN -- HIP1 -- OTUD7B -- XIAP -- ERBB2 -- MTOR -- PRNP -- IL16 -- HIF1A -- RPS6KA1 -- UBE2D3
658,MYD88 -- CHUK -- MAPK1 -- MAPK3 -- E2F1 -- RELA -- JUN -- RXRB -- TNFAIP3 -- SP1 -- VEGFA -- ADAM17 -- EIF2AK2 -- BIRC3 -- IRAK1 -- MAP4K4 -- TNFRSF1B -- TRAF1 -- MAP3K1 -- ZFP36 -- BIRC2 -- ATM -- IL4 -- HSPB1 -- CDKN2A -- FBXO31 -- PPM1A -- SOCS3 -- NGF -- SHC1 -- IFNB1 -- IRF1 -- RPAIN -- HIP1 -- OTUD7B -- XIAP -- ERBB2 -- MTOR -- PRNP -- IL16 -- HIF1A -- RPS6KA1 -- UBE2D3
659,MYD88 -- CHUK -- MAPK1 -- MAPK3 -- E2F1 -- RELA -- JUN -- RXRB -- TNFAIP3 -- SP1 -- VEGFA -- ADAM17 -- EIF2AK2 -- BIRC3 -- IRAK1 -- MAP4K4 -- TNFRSF1B -- CYLD -- MAP3K1 -- ZFP36 -- BIRC2 -- ATM -- IL4 -- HSPB1 -- CDKN2A -- FBXO31 -- PPM1A -- SOCS3 -- NGF -- SHC1 -- IFNB1 -- IRF1 -- RPAIN -- HIP1 -- OTUD7B -- XIAP -- ERBB2 -- MTOR -- PRNP -- IL16 -- HIF1A -- RPS6KA1 -- UBE2D3
660,MYD88 -- CHUK -- MAPK1 -- MAPK3 -- E2F1 -- RELA -- JUN -- RXRB -- TNFAIP3 -- SP1 -- VEGFA -- ADAM17 -- EIF2AK2 -- BIRC3 -- IRAK1 -- MAP4K4 -- TNFRSF1B -- CYLD -- MAP3K1 -- ZFP36 -- BIRC2 -- ATM -- IL4 -- HSPB1 -- CDKN2A -- FBXO31 -- PPM1A -- SOCS3 -- NGF -- SHC1 -- IFNB1 -- IRF1 -- RPAIN -- HIP1 -- OTUD7B -- XIAP -- ERBB2 -- MTOR -- PRNP -- IL16 -- HIF1A -- RPS6KA1 -- UBE2D3
661,MYD88 -- CHUK -- MAPK1 -- MAPK3 -- E2F1 -- RELA -- JUN -- RXRB -- TNFAIP3 -- SP1 -- VEGFA -- ADAM17 -- EIF2AK2 -- BIRC3 -- IRAK1 -- MAP4K4 -- TNFRSF1B -- TRAF1 -- MAP3K1 -- ZFP36 -- BIRC2 -- ATM -- IL4 -- HSPB1 -- CDKN2A -- FBXO31 -- PPM1A -- SOCS3 -- NGF -- SHC1 -- IFNB1 -- IRF1 -- RPAIN -- HIP1 -- OTUD7B -- XIAP -- ERBB2 -- MTOR -- PRNP -- IL16 -- HIF1A -- RPS6KA1 -- UBE2D3
662,MYD88 -- CHUK -- MAPK1 -- MAPK3 -- E2F1 -- RELA -- JUN -- RXRB -- TNFAIP3 -- SP1 -- VEGFA -- ADAM17 -- EIF2AK2 -- BIRC3 -- IRAK1 -- MAP4K4 -- TNFRSF1B -- TRAF1 -- MAP3K1 -- ZFP36 -- BIRC2 -- ATM -- IL4 -- HSPB1 -- CDKN2A -- FBXO31 -- PPM1A -- SOCS3 -- NGF -- SHC1 -- IFNB1 -- IRF1 -- RPAIN -- HIP1 -- OTUD7B -- XIAP -- ERBB2 -- MTOR -- PRNP -- IL16 -- HIF1A -- RPS6KA1 -- UBE2D3
663,MYD88 -- CHUK -- MAPK1 -- MAPK3 -- E2F1 -- RELA -- JUN -- RXRB -- TNFAIP3 -- SP1 -- VEGFA -- ADAM17 -- EIF2AK2 -- BIRC3 -- IRAK1 -- MAP4K4 -- TNFRSF1B -- CYLD -- MAP3K1 -- ZFP36 -- BIRC2 -- ATM -- IL4 -- HSPB1 -- CDKN2A -- FBXO31 -- PPM1A -- SOCS3 -- NGF -- SHC1 -- IFNB1 -- IRF1 -- RPAIN -- HIP1 -- OTUD7B -- XIAP -- ERBB2 -- MTOR -- PRNP -- IL16 -- HIF1A -- RPS6KA1 -- UBE2D3
664,MYD88 -- CHUK -- MAPK1 -- MAPK3 -- E2F1 -- RELA -- JUN -- RXRB -- TNFAIP3 -- SP1 -- VEGFA -- ADAM17 -- EIF2AK2 -- BIRC3 -- IRAK1 -- MAP4K4 -- TNFRSF1B -- TRAF1 -- MAP3K1 -- ZFP36 -- BIRC2 -- ATM -- IL4 -- HSPB1 -- CDKN2A -- FBXO31 -- PPM1A -- SOCS3 -- NGF -- SHC1 -- IFNB1 -- IRF1 -- RPAIN -- HIP1 -- OTUD7B -- XIAP -- ERBB2 -- MTOR -- PRNP -- IL16 -- HIF1A -- RPS6KA1 -- UBE2D3
665,MYD88 -- CHUK -- MAPK1 -- MAPK3 -- E2F1 -- RELA -- JUN -- RXRB -- TNFAIP3 -- SP1 -- VEGFA -- ADAM17 -- EIF2AK2 -- BIRC3 -- IRAK1 -- MAP4K4 -- TNFRSF1B -- CYLD -- MAP3K1 -- ZFP36 -- BIRC2 -- ATM -- IL4 -- HSPB1 -- CDKN2A -- FBXO31 -- PPM1A -- SOCS3 -- NGF -- SHC1 -- IFNB1 -- IRF1 -- RPAIN -- HIP1 -- OTUD7B -- XIAP -- ERBB2 -- MTOR -- PRNP -- IL16 -- HIF1A -- RPS6KA1 -- UBE2D3
666,MYD88 -- CHUK -- MAPK1 -- MAPK3 -- E2F1 -- RELA -- JUN -- RXRB -- TNFAIP3 -- SP1 -- VEGFA -- ADAM17 -- EIF2AK2 -- BIRC3 -- IRAK1 -- MAP4K4 -- TNFRSF1B -- CYLD -- MAP3K1 -- ZFP36 -- BIRC2 -- ATM -- IL4 -- HSPB1 -- CDKN2A -- FBXO31 -- PPM1A -- SOCS3 -- NGF -- SHC1 -- IFNB1 -- IRF1 -- RPAIN -- HIP1 -- OTUD7B -- XIAP -- ERBB2 -- MTOR -- PRNP -- IL16 -- HIF1A -- RPS6KA1 -- UBE2D3
667,MYD88 -- CHUK -- MAPK1 -- MAPK3 -- E2F1 -- RELA -- JUN -- RXRB -- TNFAIP3 -- SP1 -- VEGFA -- ADAM17 -- EIF2AK2 -- BIRC3 -- IRAK1 -- MAP4K4 -- TNFRSF1B -- TRAF1 -- MAP3K1 -- ZFP36 -- BIRC2 -- ATM -- IL4 -- HSPB1 -- CDKN2A -- FBXO31 -- PPM1A -- SOCS3 -- NGF -- SHC1 -- IFNB1 -- IRF1 -- RPAIN -- HIP1 -- OTUD7B -- XIAP -- ERBB2 -- MTOR -- PRNP -- IL16 -- HIF1A -- RPS6KA1 -- UBE2D3
668,MYD88 -- CHUK -- MAPK1 -- MAPK3 -- E2F1 -- RELA -- JUN -- RXRB -- TNFAIP3 -- SP1 -- VEGFA -- ADAM17 -- EIF2AK2 -- BIRC3 -- IRAK1 -- MAP4K4 -- TNFRSF1B -- TRAF1 -- MAP3K1 -- ZFP36 -- BIRC2 -- ATM -- IL4 -- HSPB1 -- CDKN2A -- FBXO31 -- PPM1A -- SOCS3 -- NGF -- SHC1 -- IFNB1 -- IRF1 -- RPAIN -- HIP1 -- OTUD7B -- XIAP -- ERBB2 -- MTOR -- PRNP -- IL16 -- HIF1A -- RPS6KA1 -- UBE2D3
669,MYD88 -- CHUK -- MAPK1 -- MAPK3 -- E2F1 -- RELA -- JUN -- RXRB -- TNFAIP3 -- SP1 -- VEGFA -- ADAM17 -- EIF2AK2 -- BIRC3 -- IRAK1 -- MAP4K4 -- TNFRSF1B -- CYLD -- MAP3K1 -- ZFP36 -- BIRC2 -- ATM -- IL4 -- HSPB1 -- CDKN2A -- FBXO31 -- PPM1A -- SOCS3 -- NGF -- SHC1 -- IFNB1 -- IRF1 -- RPAIN -- HIP1 -- OTUD7B -- XIAP -- ERBB2 -- MTOR -- PRNP -- IL16 -- HIF1A -- RPS6KA1 -- UBE2D3
670,MYD88 -- CHUK -- MAPK1 -- MAPK3 -- E2F1 -- RELA -- JUN -- RXRB -- TNFAIP3 -- SP1 -- VEGFA -- ADAM17 -- EIF2AK2 -- BIRC3 -- IRAK1 -- MAP4K4 -- TNFRSF1B -- TRAF1 -- MAP3K1 -- ZFP36 -- BIRC2 -- ATM -- IL4 -- HSPB1 -- CDKN2A -- FBXO31 -- PPM1A -- SOCS3 -- NGF -- SHC1 -- IFNB1 -- IRF1 -- RPAIN -- HIP1 -- OTUD7B -- XIAP -- ERBB2 -- MTOR -- PRNP -- IL16 -- HIF1A -- RPS6KA1 -- UBE2D3
671,MYD88 -- CHUK -- MAPK1 -- MAPK3 -- E2F1 -- RELA -- JUN -- RXRB -- TNFAIP3 -- SP1 -- VEGFA -- ADAM17 -- EIF2AK2 -- BIRC3 -- IRAK1 -- MAP4K4 -- TNFRSF1B -- CYLD -- MAP3K1 -- ZFP36 -- BIRC2 -- ATM -- IL4 -- HSPB1 -- CDKN2A -- FBXO31 -- PPM1A -- SOCS3 -- NGF -- SHC1 -- IFNB1 -- IRF1 -- RPAIN -- HIP1 -- OTUD7B -- XIAP -- ERBB2 -- MTOR -- PRNP -- IL16 -- HIF1A -- RPS6KA1 -- UBE2D3
672,MYD88 -- CHUK -- MAPK1 -- MAPK3 -- E2F1 -- RELA -- JUN -- RXRB -- TNFAIP3 -- SP1 -- VEGFA -- ADAM17 -- EIF2AK2 -- BIRC3 -- IRAK1 -- MAP4K4 -- TNFRSF1B -- CYLD -- MAP3K1 -- ZFP36 -- BIRC2 -- ATM -- IL4 -- HSPB1 -- CDKN2A -- FBXO31 -- PPM1A -- SOCS3 -- NGF -- SHC1 -- IFNB1 -- IRF1 -- RPAIN -- HIP1 -- OTUD7B -- XIAP -- ERBB2 -- MTOR -- PRNP -- IL16 -- HIF1A -- RPS6KA1 -- UBE2D3
673,MYD88 -- CHUK -- MAPK1 -- MAPK3 -- E2F1 -- RELA -- JUN -- RXRB -- TNFAIP3 -- SP1 -- VEGFA -- ADAM17 -- EIF2AK2 -- BIRC3 -- IRAK1 -- MAP4K4 -- TNFRSF1B -- TRAF1 -- MAP3K1 -- ZFP36 -- BIRC2 -- ATM -- IL4 -- HSPB1 -- CDKN2A -- FBXO31 -- PPM1A -- SOCS3 -- NGF -- SHC1 -- IFNB1 -- IRF1 -- RPAIN -- HIP1 -- OTUD7B -- XIAP -- ERBB2 -- MTOR -- PRNP -- IL16 -- HIF1A -- RPS6KA1 -- UBE2D3
674,MYD88 -- CHUK -- MAPK1 -- MAPK3 -- E2F1 -- RELA -- JUN -- RXRB -- TNFAIP3 -- SP1 -- VEGFA -- ADAM17 -- EIF2AK2 -- BIRC3 -- IRAK1 -- MAP4K4 -- TNFRSF1B -- CYLD -- MAP3K1 -- ZFP36 -- BIRC2 -- ATM -- IL4 -- HSPB1 -- CDKN2A -- FBXO31 -- PPM1A -- SOCS3 -- NGF -- SHC1 -- IFNB1 -- IRF1 -- RPAIN -- HIP1 -- OTUD7B -- XIAP -- ERBB2 -- MTOR -- PRNP -- IL16 -- HIF1A -- RPS6KA1 -- UBE2D3
675,MYD88 -- CHUK -- MAPK1 -- MAPK3 -- E2F1 -- RELA -- JUN -- RXRB -- TNFAIP3 -- SP1 -- VEGFA -- ADAM17 -- EIF2AK2 -- BIRC3 -- IRAK1 -- MAP4K4 -- TNFRSF1B -- TRAF1 -- MAP3K1 -- ZFP36 -- BIRC2 -- ATM -- IL4 -- HSPB1 -- CDKN2A -- FBXO31 -- PPM1A -- SOCS3 -- NGF -- SHC1 -- IFNB1 -- IRF1 -- RPAIN -- HIP1 -- OTUD7B -- XIAP -- ERBB2 -- MTOR -- PRNP -- IL16 -- HIF1A -- RPS6KA1 -- UBE2D3
676,MYD88 -- CHUK -- MAPK1 -- MAPK3 -- E2F1 -- RELA -- JUN -- RXRB -- TNFAIP3 -- SP1 -- VEGFA -- ADAM17 -- EIF2AK2 -- BIRC3 -- IRAK1 -- MAP4K4 -- TNFRSF1B -- TRAF1 -- MAP3K1 -- ZFP36 -- BIRC2 -- ATM -- IL4 -- HSPB1 -- CDKN2A -- FBXO31 -- PPM1A -- SOCS3 -- NGF -- SHC1 -- IFNB1 -- IRF1 -- RPAIN -- HIP1 -- OTUD7B -- XIAP -- ERBB2 -- MTOR -- PRNP -- IL16 -- HIF1A -- RPS6KA1 -- UBE2D3
677,MYD88 -- CHUK -- MAPK1 -- MAPK3 -- E2F1 -- RELA -- JUN -- RXRB -- TNFAIP3 -- SP1 -- VEGFA -- ADAM17 -- EIF2AK2 -- BIRC3 -- IRAK1 -- MAP4K4 -- TNFRSF1B -- CYLD -- MAP3K1 -- ZFP36 -- BIRC2 -- ATM -- IL4 -- HSPB1 -- CDKN2A -- FBXO31 -- PPM1A -- SOCS3 -- NGF -- SHC1 -- IFNB1 -- IRF1 -- RPAIN -- HIP1 -- OTUD7B -- XIAP -- ERBB2 -- MTOR -- PRNP -- IL16 -- HIF1A -- RPS6KA1 -- UBE2D3
678,MYD88 -- CHUK -- MAPK1 -- MAPK3 -- E2F1 -- RELA -- JUN -- RXRB -- TNFAIP3 -- SP1 -- VEGFA -- ADAM17 -- EIF2AK2 -- BIRC3 -- IRAK1 -- MAP4K4 -- TNFRSF1B -- CYLD -- MAP3K1 -- ZFP36 -- BIRC2 -- ATM -- IL4 -- HSPB1 -- CDKN2A -- FBXO31 -- PPM1A -- SOCS3 -- NGF -- SHC1 -- IFNB1 -- IRF1 -- RPAIN -- HIP1 -- OTUD7B -- XIAP -- ERBB2 -- MTOR -- PRNP -- IL16 -- HIF1A -- RPS6KA1 -- UBE2D3
679,MYD88 -- CHUK -- MAPK1 -- MAPK3 -- E2F1 -- RELA -- JUN -- RXRB -- TNFAIP3 -- SP1 -- VEGFA -- ADAM17 -- EIF2AK2 -- BIRC3 -- IRAK1 -- MAP4K4 -- TNFRSF1B -- TRAF1 -- MAP3K1 -- ZFP36 -- BIRC2 -- ATM -- IL4 -- HSPB1 -- CDKN2A -- FBXO31 -- PPM1A -- SOCS3 -- NGF -- SHC1 -- IFNB1 -- IRF1 -- RPAIN -- HIP1 -- OTUD7B -- XIAP -- ERBB2 -- MTOR -- PRNP -- IL16 -- HIF1A -- RPS6KA1 -- UBE2D3
680,MYD88 -- CHUK -- MAPK1 -- MAPK3 -- E2F1 -- RELA -- JUN -- RXRB -- TNFAIP3 -- SP1 -- VEGFA -- ADAM17 -- EIF2AK2 -- BIRC3 -- IRAK1 -- MAP4K4 -- TNFRSF1B -- TRAF1 -- MAP3K1 -- ZFP36 -- BIRC2 -- ATM -- IL4 -- HSPB1 -- CDKN2A -- FBXO31 -- PPM1A -- SOCS3 -- NGF -- SHC1 -- IFNB1 -- IRF1 -- RPAIN -- HIP1 -- OTUD7B -- XIAP -- ERBB2 -- MTOR -- PRNP -- IL16 -- HIF1A -- RPS6KA1 -- UBE2D3
681,MYD88 -- CHUK -- MAPK1 -- MAPK3 -- E2F1 -- RELA -- JUN -- RXRB -- TNFAIP3 -- SP1 -- VEGFA -- ADAM17 -- EIF2AK2 -- BIRC3 -- IRAK1 -- MAP4K4 -- TNFRSF1B -- TRAF1 -- MAP3K1 -- ZFP36 -- BIRC2 -- ATM -- IL4 -- HSPB1 -- CDKN2A -- FBXO31 -- PPM1A -- SOCS3 -- NGF -- SHC1 -- IFNB1 -- IRF1 -- RPAIN -- HIP1 -- OTUD7B -- XIAP -- ERBB2 -- MTOR -- PRNP -- IL16 -- HIF1A -- RPS6KA1 -- UBE2D3
682,MYD88 -- CHUK -- MAPK1 -- MAPK3 -- E2F1 -- RELA -- JUN -- RXRB -- TNFAIP3 -- SP1 -- VEGFA -- ADAM17 -- EIF2AK2 -- BIRC3 -- IRAK1 -- MAP4K4 -- TNFRSF1B -- CYLD -- MAP3K1 -- ZFP36 -- BIRC2 -- ATM -- IL4 -- HSPB1 -- CDKN2A -- FBXO31 -- PPM1A -- SOCS3 -- NGF -- SHC1 -- IFNB1 -- IRF1 -- RPAIN -- HIP1 -- OTUD7B -- XIAP -- ERBB2 -- MTOR -- PRNP -- IL16 -- HIF1A -- RPS6KA1 -- UBE2D3
683,MYD88 -- CHUK -- MAPK1 -- MAPK3 -- E2F1 -- RELA -- JUN -- RXRB -- TNFAIP3 -- SP1 -- VEGFA -- ADAM17 -- EIF2AK2 -- BIRC3 -- IRAK1 -- MAP4K4 -- TNFRSF1B -- CYLD -- MAP3K1 -- ZFP36 -- BIRC2 -- ATM -- IL4 -- HSPB1 -- CDKN2A -- FBXO31 -- PPM1A -- SOCS3 -- NGF -- SHC1 -- IFNB1 -- IRF1 -- RPAIN -- HIP1 -- OTUD7B -- XIAP -- ERBB2 -- MTOR -- PRNP -- IL16 -- HIF1A -- RPS6KA1 -- UBE2D3
684,MYD88 -- CHUK -- MAPK1 -- MAPK3 -- E2F1 -- RELA -- JUN -- RXRB -- TNFAIP3 -- SP1 -- VEGFA -- ADAM17 -- EIF2AK2 -- BIRC3 -- IRAK1 -- MAP4K4 -- TNFRSF1B -- TRAF1 -- MAP3K1 -- ZFP36 -- BIRC2 -- ATM -- IL4 -- HSPB1 -- CDKN2A -- FBXO31 -- PPM1A -- SOCS3 -- NGF -- SHC1 -- IFNB1 -- IRF1 -- RPAIN -- HIP1 -- OTUD7B -- XIAP -- ERBB2 -- MTOR -- PRNP -- IL16 -- HIF1A -- RPS6KA1 -- UBE2D3
685,MYD88 -- CHUK -- MAPK1 -- MAPK3 -- E2F1 -- RELA -- JUN -- RXRB -- TNFAIP3 -- SP1 -- VEGFA -- ADAM17 -- EIF2AK2 -- BIRC3 -- IRAK1 -- MAP4K4 -- TNFRSF1B -- CYLD -- MAP3K1 -- ZFP36 -- BIRC2 -- ATM -- IL4 -- HSPB1 -- CDKN2A -- FBXO31 -- PPM1A -- SOCS3 -- NGF -- SHC1 -- IFNB1 -- IRF1 -- RPAIN -- HIP1 -- OTUD7B -- XIAP -- ERBB2 -- MTOR -- PRNP -- IL16 -- HIF1A -- RPS6KA1 -- UBE2D3
686,MYD88 -- CHUK -- MAPK1 -- MAPK3 -- E2F1 -- RELA -- JUN -- RXRB -- TNFAIP3 -- SP1 -- VEGFA -- ADAM17 -- EIF2AK2 -- BIRC3 -- IRAK1 -- MAP4K4 -- TNFRSF1B -- TRAF1 -- MAP3K1 -- ZFP36 -- BIRC2 -- ATM -- IL4 -- HSPB1 -- CDKN2A -- FBXO31 -- PPM1A -- SOCS3 -- NGF -- SHC1 -- IFNB1 -- IRF1 -- RPAIN -- HIP1 -- OTUD7B -- XIAP -- ERBB2 -- MTOR -- PRNP -- IL16 -- HIF1A -- RPS6KA1 -- UBE2D3
687,MYD88 -- CHUK -- MAPK1 -- MAPK3 -- E2F1 -- RELA -- JUN -- RXRB -- TNFAIP3 -- SP1 -- VEGFA -- ADAM17 -- EIF2AK2 -- BIRC3 -- IRAK1 -- MAP4K4 -- TNFRSF1B -- CYLD -- MAP3K1 -- ZFP36 -- BIRC2 -- ATM -- IL4 -- HSPB1 -- CDKN2A -- FBXO31 -- PPM1A -- SOCS3 -- NGF -- SHC1 -- IFNB1 -- IRF1 -- RPAIN -- HIP1 -- OTUD7B -- XIAP -- ERBB2 -- MTOR -- PRNP -- IL16 -- HIF1A -- RPS6KA1 -- UBE2D3
688,MYD88 -- CHUK -- MAPK1 -- MAPK3 -- E2F1 -- RELA -- JUN -- RXRB -- TNFAIP3 -- SP1 -- VEGFA -- ADAM17 -- EIF2AK2 -- BIRC3 -- IRAK1 -- MAP4K4 -- TNFRSF1B -- CYLD -- MAP3K1 -- ZFP36 -- BIRC2 -- ATM -- IL4 -- HSPB1 -- CDKN2A -- FBXO31 -- PPM1A -- SOCS3 -- NGF -- SHC1 -- IFNB1 -- IRF1 -- RPAIN -- HIP1 -- OTUD7B -- XIAP -- ERBB2 -- MTOR -- PRNP -- IL16 -- HIF1A -- RPS6KA1 -- UBE2D3
689,MYD88 -- CHUK -- MAPK1 -- MAPK3 -- E2F1 -- RELA -- JUN -- RXRB -- TNFAIP3 -- SP1 -- VEGFA -- ADAM17 -- EIF2AK2 -- BIRC3 -- IRAK1 -- MAP4K4 -- TNFRSF1B -- TRAF1 -- MAP3K1 -- ZFP36 -- BIRC2 -- ATM -- IL4 -- HSPB1 -- CDKN2A -- FBXO31 -- PPM1A -- SOCS3 -- NGF -- SHC1 -- IFNB1 -- IRF1 -- RPAIN -- HIP1 -- OTUD7B -- XIAP -- ERBB2 -- MTOR -- PRNP -- IL16 -- HIF1A -- RPS6KA1 -- UBE2D3
690,MYD88 -- CHUK -- MAPK1 -- MAPK3 -- E2F1 -- RELA -- JUN -- RXRB -- TNFAIP3 -- SP1 -- VEGFA -- ADAM17 -- EIF2AK2 -- BIRC3 -- IRAK1 -- MAP4K4 -- TNFRSF1B -- CYLD -- MAP3K1 -- ZFP36 -- BIRC2 -- ATM -- IL4 -- HSPB1 -- CDKN2A -- FBXO31 -- PPM1A -- SOCS3 -- NGF -- SHC1 -- IFNB1 -- IRF1 -- RPAIN -- HIP1 -- OTUD7B -- XIAP -- ERBB2 -- MTOR -- PRNP -- IL16 -- HIF1A -- RPS6KA1 -- UBE2D3
691,MYD88 -- CHUK -- MAPK1 -- MAPK3 -- E2F1 -- RELA -- JUN -- RXRB -- TNFAIP3 -- SP1 -- VEGFA -- ADAM17 -- EIF2AK2 -- BIRC3 -- IRAK1 -- MAP4K4 -- TNFRSF1B -- TRAF1 -- MAP3K1 -- ZFP36 -- BIRC2 -- ATM -- IL4 -- HSPB1 -- CDKN2A -- FBXO31 -- PPM1A -- SOCS3 -- NGF -- SHC1 -- IFNB1 -- IRF1 -- RPAIN -- HIP1 -- OTUD7B -- XIAP -- ERBB2 -- MTOR -- PRNP -- IL16 -- HIF1A -- RPS6KA1 -- UBE2D3
692,MYD88 -- CHUK -- MAPK1 -- MAPK3 -- E2F1 -- RELA -- JUN -- RXRB -- TNFAIP3 -- SP1 -- VEGFA -- ADAM17 -- EIF2AK2 -- BIRC3 -- IRAK1 -- MAP4K4 -- TNFRSF1B -- CYLD -- MAP3K1 -- ZFP36 -- BIRC2 -- ATM -- IL4 -- HSPB1 -- CDKN2A -- FBXO31 -- PPM1A -- SOCS3 -- NGF -- SHC1 -- IFNB1 -- IRF1 -- RPAIN -- HIP1 -- OTUD7B -- XIAP -- ERBB2 -- MTOR -- PRNP -- IL16 -- HIF1A -- RPS6KA1 -- UBE2D3
693,MYD88 -- CHUK -- MAPK1 -- MAPK3 -- E2F1 -- RELA -- JUN -- RXRB -- TNFAIP3 -- SP1 -- VEGFA -- ADAM17 -- EIF2AK2 -- BIRC3 -- IRAK1 -- MAP4K4 -- TNFRSF1B -- TRAF1 -- MAP3K1 -- ZFP36 -- BIRC2 -- ATM -- IL4 -- HSPB1 -- CDKN2A -- FBXO31 -- PPM1A -- SOCS3 -- NGF -- SHC1 -- IFNB1 -- IRF1 -- RPAIN -- HIP1 -- OTUD7B -- XIAP -- ERBB2 -- MTOR -- PRNP -- IL16 -- HIF1A -- RPS6KA1 -- UBE2D3
694,MYD88 -- CHUK -- MAPK1 -- MAPK3 -- E2F1 -- RELA -- JUN -- RXRB -- TNFAIP3 -- SP1 -- VEGFA -- ADAM17 -- EIF2AK2 -- BIRC3 -- IRAK1 -- MAP4K4 -- TNFRSF1B -- TRAF1 -- MAP3K1 -- ZFP36 -- BIRC2 -- ATM -- IL4 -- HSPB1 -- CDKN2A -- FBXO31 -- PPM1A -- SOCS3 -- NGF -- SHC1 -- IFNB1 -- IRF1 -- RPAIN -- HIP1 -- OTUD7B -- XIAP -- ERBB2 -- MTOR -- PRNP -- IL16 -- HIF1A -- RPS6KA1 -- UBE2D3
695,MYD88 -- CHUK -- MAPK1 -- MAPK3 -- E2F1 -- RELA -- JUN -- RXRB -- TNFAIP3 -- SP1 -- VEGFA -- ADAM17 -- EIF2AK2 -- BIRC3 -- IRAK1 -- MAP4K4 -- TNFRSF1B -- CYLD -- MAP3K1 -- ZFP36 -- BIRC2 -- ATM -- IL4 -- HSPB1 -- CDKN2A -- FBXO31 -- PPM1A -- SOCS3 -- NGF -- SHC1 -- IFNB1 -- IRF1 -- RPAIN -- HIP1 -- OTUD7B -- XIAP -- ERBB2 -- MTOR -- PRNP -- IL16 -- HIF1A -- RPS6KA1 -- UBE2D3
696,MYD88 -- CHUK -- MAPK1 -- MAPK3 -- E2F1 -- RELA -- JUN -- RXRB -- TNFAIP3 -- SP1 -- VEGFA -- ADAM17 -- EIF2AK2 -- BIRC3 -- IRAK1 -- MAP4K4 -- TNFRSF1B -- CYLD -- MAP3K1 -- ZFP36 -- BIRC2 -- ATM -- IL4 -- HSPB1 -- CDKN2A -- FBXO31 -- PPM1A -- SOCS3 -- NGF -- SHC1 -- IFNB1 -- IRF1 -- RPAIN -- HIP1 -- OTUD7B -- XIAP -- ERBB2 -- MTOR -- PRNP -- IL16 -- HIF1A -- RPS6KA1 -- UBE2D3
697,MYD88 -- CHUK -- MAPK1 -- MAPK3 -- E2F1 -- RELA -- JUN -- RXRB -- TNFAIP3 -- SP1 -- VEGFA -- ADAM17 -- EIF2AK2 -- BIRC3 -- IRAK1 -- MAP4K4 -- TNFRSF1B -- CYLD -- MAP3K1 -- ZFP36 -- BIRC2 -- ATM -- IL4 -- HSPB1 -- CDKN2A -- FBXO31 -- PPM1A -- SOCS3 -- NGF -- SHC1 -- IFNB1 -- IRF1 -- RPAIN -- HIP1 -- OTUD7B -- XIAP -- ERBB2 -- MTOR -- PRNP -- IL16 -- HIF1A -- RPS6KA1 -- UBE2D3
698,MYD88 -- CHUK -- MAPK1 -- MAPK3 -- E2F1 -- RELA -- JUN -- RXRB -- TNFAIP3 -- SP1 -- VEGFA -- ADAM17 -- EIF2AK2 -- BIRC3 -- IRAK1 -- MAP4K4 -- TNFRSF1B -- TRAF1 -- MAP3K1 -- ZFP36 -- BIRC2 -- ATM -- IL4 -- HSPB1 -- CDKN2A -- FBXO31 -- PPM1A -- SOCS3 -- NGF -- SHC1 -- IFNB1 -- IRF1 -- RPAIN -- HIP1 -- OTUD7B -- XIAP -- ERBB2 -- MTOR -- PRNP -- IL16 -- HIF1A -- RPS6KA1 -- UBE2D3
699,MYD88 -- CHUK -- MAPK1 -- MAPK3 -- E2F1 -- RELA -- JUN -- RXRB -- TNFAIP3 -- SP1 -- VEGFA -- ADAM17 -- EIF2AK2 -- BIRC3 -- IRAK1 -- MAP4K4 -- TNFRSF1B -- TRAF1 -- MAP3K1 -- ZFP36 -- BIRC2 -- ATM -- IL4 -- HSPB1 -- CDKN2A -- FBXO31 -- PPM1A -- SOCS3 -- NGF -- SHC1 -- IFNB1 -- IRF1 -- RPAIN -- HIP1 -- OTUD7B -- XIAP -- ERBB2 -- MTOR -- PRNP -- IL16 -- HIF1A -- RPS6KA1 -- UBE2D3
700,MYD88 -- CHUK -- MAPK1 -- MAPK3 -- E2F1 -- RELA -- JUN -- RXRB -- TNFAIP3 -- SP1 -- VEGFA -- ADAM17 -- EIF2AK2 -- BIRC3 -- IRAK1 -- MAP4K4 -- TNFRSF1B -- CYLD -- MAP3K1 -- ZFP36 -- BIRC2 -- ATM -- IL4 -- HSPB1 -- CDKN2A -- FBXO31 -- PPM1A -- SOCS3 -- NGF -- SHC1 -- IFNB1 -- IRF1 -- RPAIN -- HIP1 -- OTUD7B -- XIAP -- ERBB2 -- MTOR -- PRNP -- NFE2L2 -- IL16 -- HIF1A -- RPS6KA1 -- UBE2D3
701,MYD88 -- CHUK -- MAPK1 -- MAPK3 -- E2F1 -- RELA -- JUN -- RXRB -- TNFAIP3 -- SP1 -- VEGFA -- ADAM17 -- EIF2AK2 -- BIRC3 -- IRAK1 -- MAP4K4 -- TNFRSF1B -- CYLD -- MAP3K1 -- ZFP36 -- BIRC2 -- ATM -- IL4 -- HSPB1 -- CDKN2A -- FBXO31 -- PPM1A -- SOCS3 -- NGF -- SHC1 -- IFNB1 -- IRF1 -- RPAIN -- HIP1 -- OTUD7B -- XIAP -- ERBB2 -- MTOR -- PRNP -- IL16 -- HIF1A -- RPS6KA1 -- UBE2D3
702,MYD88 -- CHUK -- MAPK1 -- MAPK3 -- E2F1 -- RELA -- JUN -- RXRB -- TNFAIP3 -- SP1 -- VEGFA -- ADAM17 -- EIF2AK2 -- BIRC3 -- IRAK1 -- MAP4K4 -- TNFRSF1B -- TRAF1 -- MAP3K1 -- ZFP36 -- BIRC2 -- ATM -- IL4 -- HSPB1 -- CDKN2A -- FBXO31 -- PPM1A -- SOCS3 -- NGF -- SHC1 -- IFNB1 -- IRF1 -- RPAIN -- HIP1 -- OTUD7B -- XIAP -- ERBB2 -- MTOR -- PRNP -- IL16 -- HIF1A -- RPS6KA1 -- UBE2D3
703,MYD88 -- CHUK -- MAPK1 -- MAPK3 -- E2F1 -- RELA -- JUN -- RXRB -- TNFAIP3 -- SP1 -- VEGFA -- ADAM17 -- EIF2AK2 -- BIRC3 -- IRAK1 -- MAP4K4 -- TNFRSF1B -- TRAF1 -- MAP3K1 -- ZFP36 -- BIRC2 -- ATM -- IL4 -- HSPB1 -- CDKN2A -- FBXO31 -- PPM1A -- SOCS3 -- NGF -- SHC1 -- IFNB1 -- IRF1 -- RPAIN -- HIP1 -- OTUD7B -- XIAP -- ERBB2 -- MTOR -- PRNP -- IL16 -- HIF1A -- RPS6KA1 -- UBE2D3
704,MYD88 -- CHUK -- MAPK1 -- MAPK3 -- E2F1 -- RELA -- JUN -- RXRB -- TNFAIP3 -- SP1 -- VEGFA -- ADAM17 -- EIF2AK2 -- BIRC3 -- IRAK1 -- MAP4K4 -- TNFRSF1B -- TRAF1 -- MAP3K1 -- ZFP36 -- BIRC2 -- ATM -- IL4 -- HSPB1 -- CDKN2A -- FBXO31 -- PPM1A -- SOCS3 -- NGF -- SHC1 -- IFNB1 -- IRF1 -- RPAIN -- HIP1 -- OTUD7B -- XIAP -- ERBB2 -- MTOR -- PRNP -- IL16 -- HIF1A -- RPS6KA1 -- UBE2D3
705,MYD88 -- CHUK -- MAPK1 -- MAPK3 -- E2F1 -- RELA -- JUN -- RXRB -- TNFAIP3 -- SP1 -- VEGFA -- ADAM17 -- EIF2AK2 -- BIRC3 -- IRAK1 -- MAP4K4 -- TNFRSF1B -- CYLD -- MAP3K1 -- ZFP36 -- BIRC2 -- ATM -- IL4 -- HSPB1 -- CDKN2A -- FBXO31 -- PPM1A -- SOCS3 -- NGF -- SHC1 -- IFNB1 -- IRF1 -- RPAIN -- HIP1 -- OTUD7B -- XIAP -- ERBB2 -- MTOR -- PRNP -- IL16 -- HIF1A -- RPS6KA1 -- UBE2D3
706,MYD88 -- CHUK -- MAPK1 -- MAPK3 -- E2F1 -- RELA -- JUN -- RXRB -- TNFAIP3 -- SP1 -- VEGFA -- ADAM17 -- EIF2AK2 -- BIRC3 -- IRAK1 -- MAP4K4 -- TNFRSF1B -- CYLD -- MAP3K1 -- ZFP36 -- BIRC2 -- ATM -- IL4 -- HSPB1 -- CDKN2A -- FBXO31 -- PPM1A -- SOCS3 -- NGF -- SHC1 -- IFNB1 -- IRF1 -- RPAIN -- HIP1 -- OTUD7B -- XIAP -- ERBB2 -- MTOR -- PRNP -- IL16 -- HIF1A -- RPS6KA1 -- UBE2D3
707,MYD88 -- CHUK -- MAPK1 -- MAPK3 -- E2F1 -- RELA -- JUN -- RXRB -- TNFAIP3 -- SP1 -- VEGFA -- ADAM17 -- EIF2AK2 -- BIRC3 -- IRAK1 -- MAP4K4 -- TNFRSF1B -- CYLD -- MAP3K1 -- ZFP36 -- BIRC2 -- ATM -- IL4 -- HSPB1 -- CDKN2A -- FBXO31 -- PPM1A -- SOCS3 -- NGF -- SHC1 -- IFNB1 -- IRF1 -- RPAIN -- HIP1 -- OTUD7B -- XIAP -- ERBB2 -- MTOR -- PRNP -- IL16 -- HIF1A -- RPS6KA1 -- UBE2D3
708,MYD88 -- CHUK -- MAPK1 -- MAPK3 -- E2F1 -- RELA -- JUN -- RXRB -- TNFAIP3 -- SP1 -- VEGFA -- ADAM17 -- EIF2AK2 -- BIRC3 -- IRAK1 -- MAP4K4 -- TNFRSF1B -- TRAF1 -- MAP3K1 -- ZFP36 -- BIRC2 -- ATM -- IL4 -- HSPB1 -- CDKN2A -- FBXO31 -- PPM1A -- SOCS3 -- NGF -- SHC1 -- IFNB1 -- IRF1 -- RPAIN -- HIP1 -- OTUD7B -- XIAP -- ERBB2 -- MTOR -- PRNP -- IL16 -- HIF1A -- RPS6KA1 -- UBE2D3
709,MYD88 -- CHUK -- MAPK1 -- MAPK3 -- E2F1 -- RELA -- JUN -- RXRB -- TNFAIP3 -- SP1 -- VEGFA -- ADAM17 -- EIF2AK2 -- BIRC3 -- IRAK1 -- MAP4K4 -- TNFRSF1B -- CYLD -- MAP3K1 -- ZFP36 -- BIRC2 -- ATM -- IL4 -- HSPB1 -- CDKN2A -- FBXO31 -- PPM1A -- SOCS3 -- NGF -- SHC1 -- IFNB1 -- IRF1 -- RPAIN -- HIP1 -- OTUD7B -- XIAP -- ERBB2 -- MTOR -- PRNP -- IL16 -- HIF1A -- RPS6KA1 -- UBE2D3
710,MYD88 -- CHUK -- MAPK1 -- MAPK3 -- E2F1 -- RELA -- JUN -- RXRB -- TNFAIP3 -- SP1 -- VEGFA -- ADAM17 -- EIF2AK2 -- BIRC3 -- IRAK1 -- MAP4K4 -- TNFRSF1B -- CYLD -- MAP3K1 -- ZFP36 -- BIRC2 -- ATM -- IL4 -- HSPB1 -- CDKN2A -- FBXO31 -- PPM1A -- SOCS3 -- NGF -- SHC1 -- IFNB1 -- IRF1 -- RPAIN -- HIP1 -- OTUD7B -- XIAP -- ERBB2 -- MTOR -- PRNP -- IL16 -- HIF1A -- RPS6KA1 -- UBE2D3
711,MYD88 -- CHUK -- MAPK1 -- MAPK3 -- E2F1 -- RELA -- JUN -- RXRB -- TNFAIP3 -- SP1 -- VEGFA -- ADAM17 -- EIF2AK2 -- BIRC3 -- IRAK1 -- MAP4K4 -- TNFRSF1B -- CYLD -- MAP3K1 -- ZFP36 -- BIRC2 -- ATM -- IL4 -- HSPB1 -- CDKN2A -- FBXO31 -- PPM1A -- SOCS3 -- NGF -- SHC1 -- IFNB1 -- IRF1 -- RPAIN -- HIP1 -- OTUD7B -- XIAP -- ERBB2 -- MTOR -- PRNP -- IL16 -- HIF1A -- RPS6KA1 -- UBE2D3
712,MYD88 -- CHUK -- MAPK1 -- MAPK3 -- E2F1 -- RELA -- JUN -- RXRB -- TNFAIP3 -- SP1 -- VEGFA -- ADAM17 -- EIF2AK2 -- BIRC3 -- IRAK1 -- MAP4K4 -- TNFRSF1B -- TRAF1 -- MAP3K1 -- ZFP36 -- BIRC2 -- ATM -- IL4 -- HSPB1 -- CDKN2A -- FBXO31 -- PPM1A -- SOCS3 -- NGF -- SHC1 -- IFNB1 -- IRF1 -- RPAIN -- HIP1 -- OTUD7B -- XIAP -- ERBB2 -- MTOR -- PRNP -- IL16 -- HIF1A -- RPS6KA1 -- UBE2D3
713,MYD88 -- CHUK -- MAPK1 -- MAPK3 -- E2F1 -- RELA -- JUN -- RXRB -- TNFAIP3 -- SP1 -- VEGFA -- ADAM17 -- EIF2AK2 -- BIRC3 -- IRAK1 -- MAP4K4 -- TNFRSF1B -- TRAF1 -- MAP3K1 -- ZFP36 -- BIRC2 -- ATM -- IL4 -- HSPB1 -- CDKN2A -- FBXO31 -- PPM1A -- SOCS3 -- NGF -- SHC1 -- IFNB1 -- IRF1 -- RPAIN -- HIP1 -- OTUD7B -- XIAP -- ERBB2 -- MTOR -- PRNP -- IL16 -- HIF1A -- RPS6KA1 -- UBE2D3
714,MYD88 -- CHUK -- MAPK1 -- MAPK3 -- E2F1 -- RELA -- JUN -- RXRB -- TNFAIP3 -- SP1 -- VEGFA -- ADAM17 -- EIF2AK2 -- BIRC3 -- IRAK1 -- MAP4K4 -- TNFRSF1B -- TRAF1 -- MAP3K1 -- ZFP36 -- BIRC2 -- ATM -- IL4 -- HSPB1 -- CDKN2A -- FBXO31 -- PPM1A -- SOCS3 -- NGF -- SHC1 -- IFNB1 -- IRF1 -- RPAIN -- HIP1 -- OTUD7B -- XIAP -- ERBB2 -- MTOR -- PRNP -- IL16 -- HIF1A -- RPS6KA1 -- UBE2D3
715,MYD88 -- CHUK -- MAPK1 -- MAPK3 -- E2F1 -- RELA -- JUN -- RXRB -- TNFAIP3 -- SP1 -- VEGFA -- ADAM17 -- EIF2AK2 -- BIRC3 -- IRAK1 -- MAP4K4 -- TNFRSF1B -- CYLD -- MAP3K1 -- ZFP36 -- BIRC2 -- ATM -- IL4 -- HSPB1 -- CDKN2A -- FBXO31 -- PPM1A -- SOCS3 -- NGF -- SHC1 -- IFNB1 -- IRF1 -- RPAIN -- HIP1 -- OTUD7B -- XIAP -- ERBB2 -- MTOR -- PRNP -- IL16 -- HIF1A -- RPS6KA1 -- UBE2D3
716,MYD88 -- CHUK -- MAPK1 -- MAPK3 -- E2F1 -- RELA -- JUN -- RXRB -- TNFAIP3 -- SP1 -- VEGFA -- ADAM17 -- EIF2AK2 -- BIRC3 -- IRAK1 -- MAP4K4 -- TNFRSF1B -- TRAF1 -- MAP3K1 -- ZFP36 -- BIRC2 -- ATM -- IL4 -- HSPB1 -- CDKN2A -- FBXO31 -- PPM1A -- SOCS3 -- NGF -- SHC1 -- IFNB1 -- IRF1 -- RPAIN -- HIP1 -- OTUD7B -- XIAP -- ERBB2 -- MTOR -- PRNP -- IL16 -- HIF1A -- RPS6KA1 -- UBE2D3
717,MYD88 -- CHUK -- MAPK1 -- MAPK3 -- E2F1 -- RELA -- JUN -- RXRB -- TNFAIP3 -- SP1 -- VEGFA -- ADAM17 -- EIF2AK2 -- BIRC3 -- IRAK1 -- MAP4K4 -- TNFRSF1B -- TRAF1 -- MAP3K1 -- ZFP36 -- BIRC2 -- ATM -- IL4 -- HSPB1 -- CDKN2A -- FBXO31 -- PPM1A -- SOCS3 -- NGF -- SHC1 -- IFNB1 -- IRF1 -- RPAIN -- HIP1 -- OTUD7B -- XIAP -- ERBB2 -- MTOR -- PRNP -- IL16 -- HIF1A -- RPS6KA1 -- UBE2D3
718,MYD88 -- CHUK -- MAPK1 -- MAPK3 -- E2F1 -- RELA -- JUN -- RXRB -- TNFAIP3 -- SP1 -- VEGFA -- ADAM17 -- EIF2AK2 -- BIRC3 -- IRAK1 -- MAP4K4 -- TNFRSF1B -- TRAF1 -- MAP3K1 -- ZFP36 -- BIRC2 -- ATM -- IL4 -- HSPB1 -- CDKN2A -- FBXO31 -- PPM1A -- SOCS3 -- NGF -- SHC1 -- IFNB1 -- IRF1 -- RPAIN -- HIP1 -- OTUD7B -- XIAP -- ERBB2 -- MTOR -- PRNP -- IL16 -- HIF1A -- RPS6KA1 -- UBE2D3
719,MYD88 -- CHUK -- MAPK1 -- MAPK3 -- E2F1 -- RELA -- JUN -- RXRB -- TNFAIP3 -- SP1 -- VEGFA -- ADAM17 -- EIF2AK2 -- BIRC3 -- IRAK1 -- MAP4K4 -- TNFRSF1B -- TRAF1 -- MAP3K1 -- ZFP36 -- BIRC2 -- ATM -- IL4 -- HSPB1 -- CDKN2A -- FBXO31 -- PPM1A -- SOCS3 -- NGF -- SHC1 -- IFNB1 -- IRF1 -- RPAIN -- HIP1 -- OTUD7B -- XIAP -- ERBB2 -- MTOR -- PRNP -- IL16 -- HIF1A -- RPS6KA1 -- UBE2D3
720,MYD88 -- CHUK -- MAPK1 -- MAPK3 -- E2F1 -- RELA -- JUN -- RXRB -- TNFAIP3 -- SP1 -- VEGFA -- ADAM17 -- EIF2AK2 -- BIRC3 -- IRAK1 -- MAP4K4 -- TNFRSF1B -- TRAF1 -- MAP3K1 -- ZFP36 -- BIRC2 -- ATM -- IL4 -- HSPB1 -- CDKN2A -- FBXO31 -- PPM1A -- SOCS3 -- NGF -- SHC1 -- IFNB1 -- IRF1 -- RPAIN -- HIP1 -- OTUD7B -- XIAP -- ERBB2 -- MTOR -- PRNP -- IL16 -- HIF1A -- RPS6KA1 -- UBE2D3
721,MYD88 -- CHUK -- MAPK1 -- MAPK3 -- E2F1 -- RELA -- JUN -- RXRB -- TNFAIP3 -- SP1 -- VEGFA -- ADAM17 -- EIF2AK2 -- BIRC3 -- IRAK1 -- MAP4K4 -- TNFRSF1B -- TRAF1 -- MAP3K1 -- ZFP36 -- BIRC2 -- ATM -- IL4 -- HSPB1 -- CDKN2A -- FBXO31 -- PPM1A -- SOCS3 -- NGF -- SHC1 -- IFNB1 -- IRF1 -- RPAIN -- HIP1 -- OTUD7B -- XIAP -- ERBB2 -- MTOR -- PRNP -- IL16 -- HIF1A -- RPS6KA1 -- UBE2D3
722,MYD88 -- CHUK -- MAPK1 -- MAPK3 -- E2F1 -- RELA -- JUN -- RXRB -- TNFAIP3 -- SP1 -- VEGFA -- ADAM17 -- EIF2AK2 -- BIRC3 -- IRAK1 -- MAP4K4 -- TNFRSF1B -- CYLD -- MAP3K1 -- ZFP36 -- BIRC2 -- ATM -- IL4 -- HSPB1 -- CDKN2A -- FBXO31 -- PPM1A -- SOCS3 -- NGF -- SHC1 -- IFNB1 -- IRF1 -- RPAIN -- HIP1 -- OTUD7B -- XIAP -- ERBB2 -- MTOR -- PRNP -- IL16 -- HIF1A -- RPS6KA1 -- UBE2D3
723,MYD88 -- CHUK -- MAPK1 -- MAPK3 -- E2F1 -- RELA -- JUN -- RXRB -- TNFAIP3 -- SP1 -- VEGFA -- ADAM17 -- EIF2AK2 -- BIRC3 -- IRAK1 -- MAP4K4 -- TNFRSF1B -- TRAF1 -- MAP3K1 -- ZFP36 -- BIRC2 -- ATM -- IL4 -- HSPB1 -- CDKN2A -- FBXO31 -- PPM1A -- SOCS3 -- NGF -- SHC1 -- IFNB1 -- IRF1 -- RPAIN -- HIP1 -- OTUD7B -- XIAP -- ERBB2 -- MTOR -- PRNP -- IL16 -- HIF1A -- RPS6KA1 -- UBE2D3
724,MYD88 -- CHUK -- MAPK1 -- MAPK3 -- E2F1 -- RELA -- JUN -- RXRB -- TNFAIP3 -- SP1 -- VEGFA -- ADAM17 -- EIF2AK2 -- BIRC3 -- IRAK1 -- MAP4K4 -- TNFRSF1B -- CYLD -- MAP3K1 -- ZFP36 -- BIRC2 -- ATM -- IL4 -- HSPB1 -- CDKN2A -- FBXO31 -- PPM1A -- SOCS3 -- NGF -- SHC1 -- IFNB1 -- IRF1 -- RPAIN -- HIP1 -- OTUD7B -- XIAP -- ERBB2 -- MTOR -- PRNP -- IL16 -- HIF1A -- RPS6KA1 -- UBE2D3
725,MYD88 -- CHUK -- MAPK1 -- MAPK3 -- E2F1 -- RELA -- JUN -- RXRB -- TNFAIP3 -- SP1 -- VEGFA -- ADAM17 -- EIF2AK2 -- BIRC3 -- IRAK1 -- MAP4K4 -- TNFRSF1B -- CYLD -- MAP3K1 -- ZFP36 -- BIRC2 -- ATM -- IL4 -- HSPB1 -- CDKN2A -- FBXO31 -- PPM1A -- SOCS3 -- NGF -- SHC1 -- IFNB1 -- IRF1 -- RPAIN -- HIP1 -- OTUD7B -- XIAP -- ERBB2 -- MTOR -- PRNP -- IL16 -- HIF1A -- RPS6KA1 -- UBE2D3
726,MYD88 -- CHUK -- MAPK1 -- MAPK3 -- E2F1 -- RELA -- JUN -- RXRB -- TNFAIP3 -- SP1 -- VEGFA -- ADAM17 -- EIF2AK2 -- BIRC3 -- IRAK1 -- MAP4K4 -- TNFRSF1B -- CYLD -- MAP3K1 -- ZFP36 -- BIRC2 -- ATM -- IL4 -- HSPB1 -- CDKN2A -- FBXO31 -- PPM1A -- SOCS3 -- NGF -- SHC1 -- IFNB1 -- IRF1 -- RPAIN -- HIP1 -- OTUD7B -- XIAP -- ERBB2 -- MTOR -- PRNP -- IL16 -- HIF1A -- RPS6KA1 -- UBE2D3
727,MYD88 -- CHUK -- MAPK1 -- MAPK3 -- E2F1 -- RELA -- JUN -- RXRB -- TNFAIP3 -- SP1 -- VEGFA -- ADAM17 -- EIF2AK2 -- BIRC3 -- IRAK1 -- MAP4K4 -- TNFRSF1B -- CYLD -- MAP3K1 -- ZFP36 -- BIRC2 -- ATM -- IL4 -- HSPB1 -- CDKN2A -- FBXO31 -- PPM1A -- SOCS3 -- NGF -- SHC1 -- IFNB1 -- IRF1 -- RPAIN -- HIP1 -- OTUD7B -- XIAP -- ERBB2 -- MTOR -- PRNP -- IL16 -- HIF1A -- RPS6KA1 -- UBE2D3
728,MYD88 -- CHUK -- MAPK1 -- MAPK3 -- E2F1 -- RELA -- JUN -- RXRB -- TNFAIP3 -- SP1 -- VEGFA -- ADAM17 -- EIF2AK2 -- BIRC3 -- IRAK1 -- MAP4K4 -- TNFRSF1B -- CYLD -- MAP3K1 -- ZFP36 -- BIRC2 -- ATM -- IL4 -- HSPB1 -- CDKN2A -- FBXO31 -- PPM1A -- SOCS3 -- NGF -- SHC1 -- IFNB1 -- IRF1 -- RPAIN -- HIP1 -- OTUD7B -- XIAP -- ERBB2 -- MTOR -- PRNP -- IL16 -- HIF1A -- RPS6KA1 -- UBE2D3
729,MYD88 -- CHUK -- MAPK1 -- MAPK3 -- E2F1 -- RELA -- JUN -- RXRB -- TNFAIP3 -- SP1 -- VEGFA -- ADAM17 -- EIF2AK2 -- BIRC3 -- IRAK1 -- MAP4K4 -- TNFRSF1B -- TRAF1 -- MAP3K1 -- ZFP36 -- BIRC2 -- ATM -- IL4 -- HSPB1 -- CDKN2A -- FBXO31 -- PPM1A -- SOCS3 -- NGF -- SHC1 -- IFNB1 -- IRF1 -- RPAIN -- HIP1 -- OTUD7B -- XIAP -- ERBB2 -- MTOR -- PRNP -- IL16 -- HIF1A -- RPS6KA1 -- UBE2D3
730,MYD88 -- CHUK -- MAPK1 -- MAPK3 -- E2F1 -- RELA -- JUN -- RXRB -- TNFAIP3 -- SP1 -- VEGFA -- ADAM17 -- EIF2AK2 -- BIRC3 -- IRAK1 -- MAP4K4 -- TNFRSF1B -- TRAF1 -- MAP3K1 -- ZFP36 -- BIRC2 -- ATM -- IL4 -- HSPB1 -- CDKN2A -- FBXO31 -- PPM1A -- SOCS3 -- NGF -- SHC1 -- IFNB1 -- IRF1 -- RPAIN -- HIP1 -- OTUD7B -- XIAP -- ERBB2 -- MTOR -- PRNP -- IL16 -- HIF1A -- RPS6KA1 -- UBE2D3
731,MYD88 -- CHUK -- MAPK1 -- MAPK3 -- E2F1 -- RELA -- JUN -- RXRB -- TNFAIP3 -- SP1 -- VEGFA -- ADAM17 -- EIF2AK2 -- BIRC3 -- IRAK1 -- MAP4K4 -- TNFRSF1B -- CYLD -- MAP3K1 -- ZFP36 -- BIRC2 -- ATM -- IL4 -- HSPB1 -- CDKN2A -- FBXO31 -- PPM1A -- SOCS3 -- NGF -- SHC1 -- IFNB1 -- IRF1 -- RPAIN -- HIP1 -- OTUD7B -- XIAP -- ERBB2 -- MTOR -- PRNP -- IL16 -- HIF1A -- RPS6KA1 -- UBE2D3
732,MYD88 -- CHUK -- MAPK1 -- MAPK3 -- E2F1 -- RELA -- JUN -- RXRB -- TNFAIP3 -- SP1 -- VEGFA -- ADAM17 -- EIF2AK2 -- BIRC3 -- IRAK1 -- MAP4K4 -- TNFRSF1B -- TRAF1 -- MAP3K1 -- ZFP36 -- BIRC2 -- ATM -- IL4 -- HSPB1 -- CDKN2A -- FBXO31 -- PPM1A -- SOCS3 -- NGF -- SHC1 -- IFNB1 -- IRF1 -- RPAIN -- HIP1 -- OTUD7B -- XIAP -- ERBB2 -- MTOR -- PRNP -- IL16 -- HIF1A -- RPS6KA1 -- UBE2D3
733,MYD88 -- CHUK -- MAPK1 -- MAPK3 -- E2F1 -- RELA -- JUN -- RXRB -- TNFAIP3 -- SP1 -- VEGFA -- ADAM17 -- EIF2AK2 -- BIRC3 -- IRAK1 -- MAP4K4 -- TNFRSF1B -- CYLD -- MAP3K1 -- ZFP36 -- BIRC2 -- ATM -- IL4 -- HSPB1 -- CDKN2A -- FBXO31 -- PPM1A -- SOCS3 -- NGF -- SHC1 -- IFNB1 -- IRF1 -- RPAIN -- HIP1 -- OTUD7B -- XIAP -- ERBB2 -- MTOR -- PRNP -- IL16 -- HIF1A -- RPS6KA1 -- UBE2D3
734,MYD88 -- CHUK -- MAPK1 -- MAPK3 -- E2F1 -- RELA -- JUN -- RXRB -- TNFAIP3 -- SP1 -- VEGFA -- ADAM17 -- EIF2AK2 -- BIRC3 -- IRAK1 -- MAP4K4 -- TNFRSF1B -- CYLD -- MAP3K1 -- ZFP36 -- BIRC2 -- ATM -- IL4 -- HSPB1 -- CDKN2A -- FBXO31 -- PPM1A -- SOCS3 -- NGF -- SHC1 -- IFNB1 -- IRF1 -- RPAIN -- HIP1 -- OTUD7B -- XIAP -- ERBB2 -- MTOR -- PRNP -- IL16 -- HIF1A -- RPS6KA1 -- UBE2D3
735,MYD88 -- CHUK -- MAPK1 -- MAPK3 -- E2F1 -- RELA -- JUN -- RXRB -- TNFAIP3 -- SP1 -- VEGFA -- ADAM17 -- EIF2AK2 -- BIRC3 -- IRAK1 -- MAP4K4 -- TNFRSF1B -- CYLD -- MAP3K1 -- ZFP36 -- BIRC2 -- ATM -- IL4 -- HSPB1 -- CDKN2A -- FBXO31 -- PPM1A -- SOCS3 -- NGF -- SHC1 -- IFNB1 -- IRF1 -- RPAIN -- HIP1 -- OTUD7B -- XIAP -- ERBB2 -- MTOR -- PRNP -- IL16 -- HIF1A -- RPS6KA1 -- UBE2D3
736,MYD88 -- CHUK -- MAPK1 -- MAPK3 -- E2F1 -- RELA -- JUN -- RXRB -- TNFAIP3 -- SP1 -- VEGFA -- ADAM17 -- EIF2AK2 -- BIRC3 -- IRAK1 -- MAP4K4 -- TNFRSF1B -- CYLD -- MAP3K1 -- ZFP36 -- BIRC2 -- ATM -- IL4 -- HSPB1 -- CDKN2A -- FBXO31 -- PPM1A -- SOCS3 -- NGF -- SHC1 -- IFNB1 -- IRF1 -- RPAIN -- HIP1 -- OTUD7B -- XIAP -- ERBB2 -- MTOR -- PRNP -- IL16 -- HIF1A -- RPS6KA1 -- UBE2D3
737,MYD88 -- CHUK -- MAPK1 -- MAPK3 -- E2F1 -- RELA -- JUN -- RXRB -- TNFAIP3 -- SP1 -- VEGFA -- ADAM17 -- EIF2AK2 -- BIRC3 -- IRAK1 -- MAP4K4 -- TNFRSF1B -- TRAF1 -- MAP3K1 -- ZFP36 -- BIRC2 -- ATM -- IL4 -- HSPB1 -- CDKN2A -- FBXO31 -- PPM1A -- SOCS3 -- NGF -- SHC1 -- IFNB1 -- IRF1 -- RPAIN -- HIP1 -- OTUD7B -- XIAP -- ERBB2 -- MTOR -- PRNP -- IL16 -- HIF1A -- RPS6KA1 -- UBE2D3
738,MYD88 -- CHUK -- MAPK1 -- MAPK3 -- E2F1 -- RELA -- JUN -- RXRB -- TNFAIP3 -- SP1 -- VEGFA -- ADAM17 -- EIF2AK2 -- BIRC3 -- IRAK1 -- MAP4K4 -- TNFRSF1B -- TRAF1 -- MAP3K1 -- ZFP36 -- BIRC2 -- ATM -- IL4 -- HSPB1 -- CDKN2A -- FBXO31 -- PPM1A -- SOCS3 -- NGF -- SHC1 -- IFNB1 -- IRF1 -- RPAIN -- HIP1 -- OTUD7B -- XIAP -- ERBB2 -- MTOR -- PRNP -- IL16 -- HIF1A -- RPS6KA1 -- UBE2D3
739,MYD88 -- CHUK -- MAPK1 -- MAPK3 -- E2F1 -- RELA -- JUN -- RXRB -- TNFAIP3 -- SP1 -- VEGFA -- ADAM17 -- EIF2AK2 -- BIRC3 -- IRAK1 -- MAP4K4 -- TNFRSF1B -- TRAF1 -- MAP3K1 -- ZFP36 -- BIRC2 -- ATM -- IL4 -- HSPB1 -- CDKN2A -- FBXO31 -- PPM1A -- SOCS3 -- NGF -- SHC1 -- IFNB1 -- IRF1 -- RPAIN -- HIP1 -- OTUD7B -- XIAP -- ERBB2 -- MTOR -- PRNP -- IL16 -- HIF1A -- RPS6KA1 -- UBE2D3
740,MYD88 -- CHUK -- MAPK1 -- MAPK3 -- E2F1 -- RELA -- JUN -- RXRB -- TNFAIP3 -- SP1 -- VEGFA -- ADAM17 -- EIF2AK2 -- BIRC3 -- IRAK1 -- MAP4K4 -- TNFRSF1B -- CYLD -- MAP3K1 -- ZFP36 -- BIRC2 -- ATM -- IL4 -- HSPB1 -- CDKN2A -- FBXO31 -- PPM1A -- SOCS3 -- NGF -- SHC1 -- IFNB1 -- IRF1 -- RPAIN -- HIP1 -- OTUD7B -- XIAP -- ERBB2 -- MTOR -- PRNP -- IL16 -- HIF1A -- RPS6KA1 -- UBE2D3
741,MYD88 -- CHUK -- MAPK1 -- MAPK3 -- E2F1 -- RELA -- JUN -- RXRB -- TNFAIP3 -- SP1 -- VEGFA -- ADAM17 -- EIF2AK2 -- BIRC3 -- IRAK1 -- MAP4K4 -- TNFRSF1B -- CYLD -- MAP3K1 -- ZFP36 -- BIRC2 -- ATM -- IL4 -- HSPB1 -- CDKN2A -- FBXO31 -- PPM1A -- SOCS3 -- NGF -- SHC1 -- IFNB1 -- IRF1 -- RPAIN -- HIP1 -- OTUD7B -- XIAP -- ERBB2 -- MTOR -- PRNP -- IL16 -- HIF1A -- RPS6KA1 -- UBE2D3
742,MYD88 -- CHUK -- MAPK1 -- MAPK3 -- E2F1 -- RELA -- JUN -- RXRB -- TNFAIP3 -- SP1 -- VEGFA -- ADAM17 -- EIF2AK2 -- BIRC3 -- IRAK1 -- MAP4K4 -- TNFRSF1B -- TRAF1 -- MAP3K1 -- ZFP36 -- BIRC2 -- ATM -- IL4 -- HSPB1 -- CDKN2A -- FBXO31 -- PPM1A -- SOCS3 -- NGF -- SHC1 -- IFNB1 -- IRF1 -- RPAIN -- HIP1 -- OTUD7B -- XIAP -- ERBB2 -- MTOR -- PRNP -- IL16 -- HIF1A -- RPS6KA1 -- UBE2D3
743,MYD88 -- CHUK -- MAPK1 -- MAPK3 -- E2F1 -- RELA -- JUN -- RXRB -- TNFAIP3 -- SP1 -- VEGFA -- ADAM17 -- EIF2AK2 -- BIRC3 -- IRAK1 -- MAP4K4 -- TNFRSF1B -- CYLD -- MAP3K1 -- ZFP36 -- BIRC2 -- ATM -- IL4 -- HSPB1 -- CDKN2A -- FBXO31 -- PPM1A -- SOCS3 -- NGF -- SHC1 -- IFNB1 -- IRF1 -- RPAIN -- HIP1 -- OTUD7B -- XIAP -- ERBB2 -- MTOR -- PRNP -- IL16 -- HIF1A -- RPS6KA1 -- UBE2D3
744,MYD88 -- CHUK -- MAPK1 -- MAPK3 -- E2F1 -- RELA -- JUN -- RXRB -- TNFAIP3 -- SP1 -- VEGFA -- ADAM17 -- EIF2AK2 -- BIRC3 -- IRAK1 -- MAP4K4 -- TNFRSF1B -- CYLD -- MAP3K1 -- ZFP36 -- BIRC2 -- ATM -- IL4 -- HSPB1 -- CDKN2A -- FBXO31 -- PPM1A -- SOCS3 -- NGF -- SHC1 -- IFNB1 -- IRF1 -- RPAIN -- HIP1 -- OTUD7B -- XIAP -- ERBB2 -- MTOR -- PRNP -- IL16 -- HIF1A -- RPS6KA1 -- UBE2D3
745,MYD88 -- CHUK -- MAPK1 -- MAPK3 -- E2F1 -- RELA -- JUN -- RXRB -- TNFAIP3 -- SP1 -- VEGFA -- ADAM17 -- EIF2AK2 -- BIRC3 -- IRAK1 -- MAP4K4 -- TNFRSF1B -- CYLD -- MAP3K1 -- ZFP36 -- BIRC2 -- ATM -- IL4 -- HSPB1 -- CDKN2A -- FBXO31 -- PPM1A -- SOCS3 -- NGF -- SHC1 -- IFNB1 -- IRF1 -- RPAIN -- HIP1 -- OTUD7B -- XIAP -- ERBB2 -- MTOR -- PRNP -- IL16 -- HIF1A -- RPS6KA1 -- UBE2D3
746,MYD88 -- CHUK -- MAPK1 -- MAPK3 -- E2F1 -- RELA -- JUN -- RXRB -- TNFAIP3 -- SP1 -- VEGFA -- ADAM17 -- EIF2AK2 -- BIRC3 -- IRAK1 -- MAP4K4 -- TNFRSF1B -- CYLD -- MAP3K1 -- ZFP36 -- BIRC2 -- ATM -- IL4 -- HSPB1 -- CDKN2A -- FBXO31 -- PPM1A -- SOCS3 -- NGF -- SHC1 -- IFNB1 -- IRF1 -- RPAIN -- HIP1 -- OTUD7B -- XIAP -- ERBB2 -- MTOR -- PRNP -- IL16 -- HIF1A -- RPS6KA1 -- UBE2D3
747,MYD88 -- CHUK -- MAPK1 -- MAPK3 -- E2F1 -- RELA -- JUN -- RXRB -- TNFAIP3 -- SP1 -- VEGFA -- ADAM17 -- EIF2AK2 -- BIRC3 -- IRAK1 -- MAP4K4 -- TNFRSF1B -- CYLD -- MAP3K1 -- ZFP36 -- BIRC2 -- ATM -- IL4 -- HSPB1 -- CDKN2A -- FBXO31 -- PPM1A -- SOCS3 -- NGF -- SHC1 -- IFNB1 -- IRF1 -- RPAIN -- HIP1 -- OTUD7B -- XIAP -- ERBB2 -- MTOR -- PRNP -- IL16 -- HIF1A -- RPS6KA1 -- UBE2D3
748,MYD88 -- CHUK -- MAPK1 -- MAPK3 -- E2F1 -- RELA -- JUN -- RXRB -- TNFAIP3 -- SP1 -- VEGFA -- ADAM17 -- EIF2AK2 -- BIRC3 -- IRAK1 -- MAP4K4 -- TNFRSF1B -- CYLD -- MAP3K1 -- ZFP36 -- BIRC2 -- ATM -- IL4 -- HSPB1 -- CDKN2A -- FBXO31 -- PPM1A -- SOCS3 -- NGF -- SHC1 -- IFNB1 -- IRF1 -- RPAIN -- HIP1 -- OTUD7B -- XIAP -- ERBB2 -- MTOR -- PRNP -- IL16 -- HIF1A -- RPS6KA1 -- UBE2D3
749,MYD88 -- CHUK -- MAPK1 -- MAPK3 -- E2F1 -- RELA -- JUN -- RXRB -- TNFAIP3 -- SP1 -- VEGFA -- ADAM17 -- EIF2AK2 -- BIRC3 -- IRAK1 -- MAP4K4 -- TNFRSF1B -- TRAF1 -- MAP3K1 -- ZFP36 -- BIRC2 -- ATM -- IL4 -- HSPB1 -- CDKN2A -- FBXO31 -- PPM1A -- SOCS3 -- NGF -- SHC1 -- IFNB1 -- IRF1 -- RPAIN -- HIP1 -- OTUD7B -- XIAP -- ERBB2 -- MTOR -- PRNP -- IL16 -- HIF1A -- RPS6KA1 -- UBE2D3
750,MYD88 -- CHUK -- MAPK1 -- MAPK3 -- E2F1 -- RELA -- JUN -- RXRB -- TNFAIP3 -- SP1 -- VEGFA -- ADAM17 -- EIF2AK2 -- BIRC3 -- IRAK1 -- MAP4K4 -- TNFRSF1B -- CYLD -- MAP3K1 -- ZFP36 -- BIRC2 -- ATM -- IL4 -- HSPB1 -- CDKN2A -- FBXO31 -- PPM1A -- SOCS3 -- NGF -- SHC1 -- IFNB1 -- IRF1 -- RPAIN -- HIP1 -- OTUD7B -- XIAP -- ERBB2 -- MTOR -- PRNP -- IL16 -- HIF1A -- RPS6KA1 -- UBE2D3
751,MYD88 -- CHUK -- MAPK1 -- MAPK3 -- E2F1 -- RELA -- JUN -- RXRB -- TNFAIP3 -- SP1 -- VEGFA -- ADAM17 -- EIF2AK2 -- BIRC3 -- IRAK1 -- MAP4K4 -- TNFRSF1B -- TRAF1 -- MAP3K1 -- ZFP36 -- BIRC2 -- ATM -- IL4 -- HSPB1 -- CDKN2A -- FBXO31 -- PPM1A -- SOCS3 -- NGF -- SHC1 -- IFNB1 -- IRF1 -- RPAIN -- HIP1 -- OTUD7B -- XIAP -- ERBB2 -- MTOR -- PRNP -- IL16 -- HIF1A -- RPS6KA1 -- UBE2D3
752,MYD88 -- CHUK -- MAPK1 -- MAPK3 -- E2F1 -- RELA -- JUN -- RXRB -- TNFAIP3 -- SP1 -- VEGFA -- ADAM17 -- EIF2AK2 -- BIRC3 -- IRAK1 -- MAP4K4 -- TNFRSF1B -- TRAF1 -- MAP3K1 -- ZFP36 -- BIRC2 -- ATM -- IL4 -- HSPB1 -- CDKN2A -- FBXO31 -- PPM1A -- SOCS3 -- NGF -- SHC1 -- IFNB1 -- IRF1 -- RPAIN -- HIP1 -- OTUD7B -- XIAP -- ERBB2 -- MTOR -- PRNP -- IL16 -- HIF1A -- RPS6KA1 -- UBE2D3
753,MYD88 -- CHUK -- MAPK1 -- MAPK3 -- E2F1 -- RELA -- JUN -- RXRB -- TNFAIP3 -- SP1 -- VEGFA -- ADAM17 -- EIF2AK2 -- BIRC3 -- IRAK1 -- MAP4K4 -- TNFRSF1B -- TRAF1 -- MAP3K1 -- ZFP36 -- BIRC2 -- ATM -- IL4 -- HSPB1 -- CDKN2A -- FBXO31 -- PPM1A -- SOCS3 -- NGF -- SHC1 -- IFNB1 -- IRF1 -- RPAIN -- HIP1 -- OTUD7B -- XIAP -- ERBB2 -- MTOR -- PRNP -- IL16 -- HIF1A -- RPS6KA1 -- UBE2D3
754,MYD88 -- CHUK -- MAPK1 -- MAPK3 -- E2F1 -- RELA -- JUN -- RXRB -- TNFAIP3 -- SP1 -- VEGFA -- ADAM17 -- EIF2AK2 -- BIRC3 -- IRAK1 -- MAP4K4 -- TNFRSF1B -- TRAF1 -- MAP3K1 -- ZFP36 -- BIRC2 -- ATM -- IL4 -- HSPB1 -- CDKN2A -- FBXO31 -- PPM1A -- SOCS3 -- NGF -- SHC1 -- IFNB1 -- IRF1 -- RPAIN -- HIP1 -- OTUD7B -- XIAP -- ERBB2 -- MTOR -- PRNP -- IL16 -- HIF1A -- RPS6KA1 -- UBE2D3
755,MYD88 -- CHUK -- MAPK1 -- MAPK3 -- E2F1 -- RELA -- JUN -- RXRB -- TNFAIP3 -- SP1 -- VEGFA -- ADAM17 -- EIF2AK2 -- BIRC3 -- IRAK1 -- MAP4K4 -- TNFRSF1B -- TRAF1 -- MAP3K1 -- ZFP36 -- BIRC2 -- ATM -- IL4 -- HSPB1 -- CDKN2A -- FBXO31 -- PPM1A -- SOCS3 -- NGF -- SHC1 -- IFNB1 -- IRF1 -- RPAIN -- HIP1 -- OTUD7B -- XIAP -- ERBB2 -- MTOR -- PRNP -- IL16 -- HIF1A -- RPS6KA1 -- UBE2D3
756,MYD88 -- CHUK -- MAPK1 -- MAPK3 -- E2F1 -- RELA -- JUN -- RXRB -- TNFAIP3 -- SP1 -- VEGFA -- ADAM17 -- EIF2AK2 -- BIRC3 -- IRAK1 -- MAP4K4 -- TNFRSF1B -- TRAF1 -- MAP3K1 -- ZFP36 -- BIRC2 -- ATM -- IL4 -- HSPB1 -- CDKN2A -- FBXO31 -- PPM1A -- SOCS3 -- NGF -- SHC1 -- IFNB1 -- IRF1 -- RPAIN -- HIP1 -- OTUD7B -- XIAP -- ERBB2 -- MTOR -- PRNP -- IL16 -- HIF1A -- RPS6KA1 -- UBE2D3
757,MYD88 -- CHUK -- MAPK1 -- MAPK3 -- E2F1 -- RELA -- JUN -- RXRB -- TNFAIP3 -- SP1 -- VEGFA -- ADAM17 -- EIF2AK2 -- BIRC3 -- IRAK1 -- MAP4K4 -- TNFRSF1B -- TRAF1 -- MAP3K1 -- ZFP36 -- BIRC2 -- ATM -- IL4 -- HSPB1 -- CDKN2A -- FBXO31 -- PPM1A -- SOCS3 -- NGF -- SHC1 -- IFNB1 -- IRF1 -- RPAIN -- HIP1 -- OTUD7B -- XIAP -- ERBB2 -- MTOR -- PRNP -- IL16 -- HIF1A -- RPS6KA1 -- UBE2D3
758,MYD88 -- CHUK -- MAPK1 -- MAPK3 -- E2F1 -- RELA -- JUN -- RXRB -- TNFAIP3 -- SP1 -- VEGFA -- ADAM17 -- EIF2AK2 -- BIRC3 -- IRAK1 -- MAP4K4 -- TNFRSF1B -- CYLD -- MAP3K1 -- ZFP36 -- BIRC2 -- ATM -- IL4 -- HSPB1 -- CDKN2A -- FBXO31 -- PPM1A -- SOCS3 -- NGF -- SHC1 -- IFNB1 -- IRF1 -- RPAIN -- HIP1 -- OTUD7B -- XIAP -- ERBB2 -- MTOR -- PRNP -- IL16 -- HIF1A -- RPS6KA1 -- UBE2D3
759,MYD88 -- CHUK -- MAPK1 -- MAPK3 -- E2F1 -- RELA -- JUN -- RXRB -- TNFAIP3 -- SP1 -- VEGFA -- ADAM17 -- EIF2AK2 -- BIRC3 -- IRAK1 -- MAP4K4 -- TNFRSF1B -- CYLD -- MAP3K1 -- ZFP36 -- BIRC2 -- ATM -- IL4 -- HSPB1 -- CDKN2A -- FBXO31 -- PPM1A -- SOCS3 -- NGF -- SHC1 -- IFNB1 -- IRF1 -- RPAIN -- HIP1 -- OTUD7B -- XIAP -- ERBB2 -- MTOR -- PRNP -- IL16 -- HIF1A -- RPS6KA1 -- UBE2D3
760,MYD88 -- CHUK -- MAPK1 -- MAPK3 -- E2F1 -- RELA -- JUN -- RXRB -- TNFAIP3 -- SP1 -- VEGFA -- ADAM17 -- EIF2AK2 -- BIRC3 -- IRAK1 -- MAP4K4 -- TNFRSF1B -- CYLD -- MAP3K1 -- ZFP36 -- BIRC2 -- ATM -- IL4 -- HSPB1 -- CDKN2A -- FBXO31 -- PPM1A -- SOCS3 -- NGF -- SHC1 -- IFNB1 -- IRF1 -- RPAIN -- HIP1 -- OTUD7B -- XIAP -- ERBB2 -- MTOR -- PRNP -- IL16 -- HIF1A -- RPS6KA1 -- UBE2D3
761,MYD88 -- CHUK -- MAPK1 -- MAPK3 -- E2F1 -- RELA -- JUN -- RXRB -- TNFAIP3 -- SP1 -- VEGFA -- ADAM17 -- EIF2AK2 -- BIRC3 -- IRAK1 -- MAP4K4 -- TNFRSF1B -- CYLD -- MAP3K1 -- ZFP36 -- BIRC2 -- ATM -- IL4 -- HSPB1 -- CDKN2A -- FBXO31 -- PPM1A -- SOCS3 -- NGF -- SHC1 -- IFNB1 -- IRF1 -- RPAIN -- HIP1 -- OTUD7B -- XIAP -- ERBB2 -- MTOR -- PRNP -- IL16 -- HIF1A -- RPS6KA1 -- UBE2D3
762,MYD88 -- CHUK -- MAPK1 -- MAPK3 -- E2F1 -- RELA -- JUN -- RXRB -- TNFAIP3 -- SP1 -- VEGFA -- ADAM17 -- EIF2AK2 -- BIRC3 -- IRAK1 -- MAP4K4 -- TNFRSF1B -- CYLD -- MAP3K1 -- ZFP36 -- BIRC2 -- ATM -- IL4 -- HSPB1 -- CDKN2A -- FBXO31 -- PPM1A -- SOCS3 -- NGF -- SHC1 -- IFNB1 -- IRF1 -- RPAIN -- HIP1 -- OTUD7B -- XIAP -- ERBB2 -- MTOR -- PRNP -- IL16 -- HIF1A -- RPS6KA1 -- UBE2D3
763,MYD88 -- CHUK -- MAPK1 -- MAPK3 -- E2F1 -- RELA -- JUN -- RXRB -- TNFAIP3 -- SP1 -- VEGFA -- ADAM17 -- EIF2AK2 -- BIRC3 -- IRAK1 -- MAP4K4 -- TNFRSF1B -- CYLD -- MAP3K1 -- ZFP36 -- BIRC2 -- ATM -- IL4 -- HSPB1 -- CDKN2A -- FBXO31 -- PPM1A -- SOCS3 -- NGF -- SHC1 -- IFNB1 -- IRF1 -- RPAIN -- HIP1 -- OTUD7B -- XIAP -- ERBB2 -- MTOR -- PRNP -- IL16 -- HIF1A -- RPS6KA1 -- UBE2D3
764,MYD88 -- CHUK -- MAPK1 -- MAPK3 -- E2F1 -- RELA -- JUN -- RXRB -- TNFAIP3 -- SP1 -- VEGFA -- ADAM17 -- EIF2AK2 -- BIRC3 -- IRAK1 -- MAP4K4 -- TNFRSF1B -- TRAF1 -- MAP3K1 -- ZFP36 -- BIRC2 -- ATM -- IL4 -- HSPB1 -- CDKN2A -- FBXO31 -- PPM1A -- SOCS3 -- NGF -- SHC1 -- IFNB1 -- IRF1 -- RPAIN -- HIP1 -- OTUD7B -- XIAP -- ERBB2 -- MTOR -- PRNP -- IL16 -- HIF1A -- RPS6KA1 -- UBE2D3
765,MYD88 -- CHUK -- MAPK1 -- MAPK3 -- E2F1 -- RELA -- JUN -- RXRB -- TNFAIP3 -- SP1 -- VEGFA -- ADAM17 -- EIF2AK2 -- BIRC3 -- IRAK1 -- MAP4K4 -- TNFRSF1B -- TRAF1 -- MAP3K1 -- ZFP36 -- BIRC2 -- ATM -- IL4 -- HSPB1 -- CDKN2A -- FBXO31 -- PPM1A -- SOCS3 -- NGF -- SHC1 -- IFNB1 -- IRF1 -- RPAIN -- HIP1 -- OTUD7B -- XIAP -- ERBB2 -- MTOR -- PRNP -- IL16 -- HIF1A -- RPS6KA1 -- UBE2D3
766,MYD88 -- CHUK -- MAPK1 -- MAPK3 -- E2F1 -- RELA -- JUN -- RXRB -- TNFAIP3 -- SP1 -- VEGFA -- ADAM17 -- EIF2AK2 -- BIRC3 -- IRAK1 -- MAP4K4 -- TNFRSF1B -- CYLD -- MAP3K1 -- ZFP36 -- BIRC2 -- ATM -- IL4 -- HSPB1 -- CDKN2A -- FBXO31 -- PPM1A -- SOCS3 -- NGF -- SHC1 -- IFNB1 -- IRF1 -- RPAIN -- HIP1 -- OTUD7B -- XIAP -- ERBB2 -- MTOR -- PRNP -- IL16 -- HIF1A -- RPS6KA1 -- UBE2D3
767,MYD88 -- CHUK -- MAPK1 -- MAPK3 -- E2F1 -- RELA -- JUN -- RXRB -- TNFAIP3 -- SP1 -- VEGFA -- ADAM17 -- EIF2AK2 -- BIRC3 -- IRAK1 -- MAP4K4 -- TNFRSF1B -- TRAF1 -- MAP3K1 -- ZFP36 -- BIRC2 -- ATM -- IL4 -- HSPB1 -- CDKN2A -- FBXO31 -- PPM1A -- SOCS3 -- NGF -- SHC1 -- IFNB1 -- IRF1 -- RPAIN -- HIP1 -- OTUD7B -- XIAP -- ERBB2 -- MTOR -- PRNP -- IL16 -- HIF1A -- RPS6KA1 -- UBE2D3
768,MYD88 -- CHUK -- MAPK1 -- MAPK3 -- E2F1 -- RELA -- JUN -- RXRB -- TNFAIP3 -- SP1 -- VEGFA -- ADAM17 -- EIF2AK2 -- BIRC3 -- IRAK1 -- MAP4K4 -- TNFRSF1B -- TRAF1 -- MAP3K1 -- ZFP36 -- BIRC2 -- ATM -- IL4 -- HSPB1 -- CDKN2A -- FBXO31 -- PPM1A -- SOCS3 -- NGF -- SHC1 -- IFNB1 -- IRF1 -- RPAIN -- HIP1 -- OTUD7B -- XIAP -- ERBB2 -- MTOR -- PRNP -- IL16 -- HIF1A -- RPS6KA1 -- UBE2D3
769,MYD88 -- CHUK -- MAPK1 -- MAPK3 -- E2F1 -- RELA -- JUN -- RXRB -- TNFAIP3 -- SP1 -- VEGFA -- ADAM17 -- EIF2AK2 -- BIRC3 -- IRAK1 -- MAP4K4 -- TNFRSF1B -- CYLD -- MAP3K1 -- ZFP36 -- BIRC2 -- ATM -- IL4 -- HSPB1 -- CDKN2A -- FBXO31 -- PPM1A -- SOCS3 -- NGF -- SHC1 -- IFNB1 -- IRF1 -- RPAIN -- HIP1 -- OTUD7B -- XIAP -- ERBB2 -- MTOR -- PRNP -- IL16 -- HIF1A -- RPS6KA1 -- UBE2D3
770,MYD88 -- CHUK -- MAPK1 -- MAPK3 -- E2F1 -- RELA -- JUN -- RXRB -- TNFAIP3 -- SP1 -- VEGFA -- ADAM17 -- EIF2AK2 -- BIRC3 -- IRAK1 -- MAP4K4 -- TNFRSF1B -- TRAF1 -- MAP3K1 -- ZFP36 -- BIRC2 -- ATM -- IL4 -- HSPB1 -- CDKN2A -- FBXO31 -- PPM1A -- SOCS3 -- NGF -- SHC1 -- IFNB1 -- IRF1 -- RPAIN -- HIP1 -- OTUD7B -- XIAP -- ERBB2 -- MTOR -- PRNP -- IL16 -- HIF1A -- RPS6KA1 -- UBE2D3
771,MYD88 -- CHUK -- MAPK1 -- MAPK3 -- E2F1 -- RELA -- JUN -- RXRB -- TNFAIP3 -- SP1 -- VEGFA -- ADAM17 -- EIF2AK2 -- BIRC3 -- IRAK1 -- MAP4K4 -- TNFRSF1B -- TRAF1 -- MAP3K1 -- ZFP36 -- BIRC2 -- ATM -- IL4 -- HSPB1 -- CDKN2A -- FBXO31 -- PPM1A -- SOCS3 -- NGF -- SHC1 -- IFNB1 -- IRF1 -- RPAIN -- HIP1 -- OTUD7B -- XIAP -- ERBB2 -- MTOR -- PRNP -- NFE2L2 -- IL16 -- HIF1A -- RPS6KA1 -- UBE2D3
772,MYD88 -- CHUK -- MAPK1 -- MAPK3 -- E2F1 -- RELA -- JUN -- RXRB -- TNFAIP3 -- SP1 -- VEGFA -- ADAM17 -- EIF2AK2 -- BIRC3 -- IRAK1 -- MAP4K4 -- TNFRSF1B -- TRAF1 -- MAP3K1 -- ZFP36 -- BIRC2 -- ATM -- IL4 -- HSPB1 -- CDKN2A -- FBXO31 -- PPM1A -- SOCS3 -- NGF -- SHC1 -- IFNB1 -- IRF1 -- RPAIN -- HIP1 -- OTUD7B -- XIAP -- ERBB2 -- MTOR -- PRNP -- IL16 -- HIF1A -- RPS6KA1 -- UBE2D3
773,MYD88 -- CHUK -- MAPK1 -- MAPK3 -- E2F1 -- RELA -- JUN -- RXRB -- TNFAIP3 -- SP1 -- VEGFA -- ADAM17 -- EIF2AK2 -- BIRC3 -- IRAK1 -- MAP4K4 -- TNFRSF1B -- CYLD -- MAP3K1 -- ZFP36 -- BIRC2 -- ATM -- IL4 -- HSPB1 -- CDKN2A -- FBXO31 -- PPM1A -- SOCS3 -- NGF -- SHC1 -- IFNB1 -- IRF1 -- RPAIN -- HIP1 -- OTUD7B -- XIAP -- ERBB2 -- MTOR -- PRNP -- IL16 -- HIF1A -- RPS6KA1 -- UBE2D3
774,MYD88 -- CHUK -- MAPK1 -- MAPK3 -- E2F1 -- RELA -- JUN -- RXRB -- TNFAIP3 -- SP1 -- VEGFA -- ADAM17 -- EIF2AK2 -- BIRC3 -- IRAK1 -- MAP4K4 -- TNFRSF1B -- TRAF1 -- MAP3K1 -- ZFP36 -- BIRC2 -- ATM -- IL4 -- HSPB1 -- CDKN2A -- FBXO31 -- PPM1A -- SOCS3 -- NGF -- SHC1 -- IFNB1 -- IRF1 -- RPAIN -- HIP1 -- OTUD7B -- XIAP -- ERBB2 -- MTOR -- PRNP -- IL16 -- HIF1A -- RPS6KA1 -- UBE2D3
775,MYD88 -- CHUK -- MAPK1 -- MAPK3 -- E2F1 -- RELA -- JUN -- RXRB -- TNFAIP3 -- SP1 -- VEGFA -- ADAM17 -- EIF2AK2 -- BIRC3 -- IRAK1 -- MAP4K4 -- TNFRSF1B -- CYLD -- MAP3K1 -- ZFP36 -- BIRC2 -- ATM -- IL4 -- HSPB1 -- CDKN2A -- FBXO31 -- PPM1A -- SOCS3 -- NGF -- SHC1 -- IFNB1 -- IRF1 -- RPAIN -- HIP1 -- OTUD7B -- XIAP -- ERBB2 -- MTOR -- PRNP -- IL16 -- HIF1A -- RPS6KA1 -- UBE2D3
776,MYD88 -- CHUK -- MAPK1 -- MAPK3 -- E2F1 -- RELA -- JUN -- RXRB -- TNFAIP3 -- SP1 -- VEGFA -- ADAM17 -- EIF2AK2 -- BIRC3 -- IRAK1 -- MAP4K4 -- TNFRSF1B -- TRAF1 -- MAP3K1 -- ZFP36 -- BIRC2 -- ATM -- IL4 -- HSPB1 -- CDKN2A -- FBXO31 -- PPM1A -- SOCS3 -- NGF -- SHC1 -- IFNB1 -- IRF1 -- RPAIN -- HIP1 -- OTUD7B -- XIAP -- ERBB2 -- MTOR -- PRNP -- IL16 -- HIF1A -- RPS6KA1 -- UBE2D3
777,MYD88 -- CHUK -- MAPK1 -- MAPK3 -- E2F1 -- RELA -- JUN -- RXRB -- TNFAIP3 -- SP1 -- VEGFA -- ADAM17 -- EIF2AK2 -- BIRC3 -- IRAK1 -- MAP4K4 -- TNFRSF1B -- CYLD -- MAP3K1 -- ZFP36 -- BIRC2 -- ATM -- IL4 -- HSPB1 -- CDKN2A -- FBXO31 -- PPM1A -- SOCS3 -- NGF -- SHC1 -- IFNB1 -- IRF1 -- RPAIN -- HIP1 -- OTUD7B -- XIAP -- ERBB2 -- MTOR -- PRNP -- IL16 -- HIF1A -- RPS6KA1 -- UBE2D3
778,MYD88 -- CHUK -- MAPK1 -- MAPK3 -- E2F1 -- RELA -- JUN -- RXRB -- TNFAIP3 -- SP1 -- VEGFA -- ADAM17 -- EIF2AK2 -- BIRC3 -- IRAK1 -- MAP4K4 -- TNFRSF1B -- TRAF1 -- MAP3K1 -- ZFP36 -- BIRC2 -- ATM -- IL4 -- HSPB1 -- CDKN2A -- FBXO31 -- PPM1A -- SOCS3 -- NGF -- SHC1 -- IFNB1 -- IRF1 -- RPAIN -- HIP1 -- OTUD7B -- XIAP -- ERBB2 -- MTOR -- PRNP -- IL16 -- HIF1A -- RPS6KA1 -- UBE2D3
779,MYD88 -- CHUK -- MAPK1 -- MAPK3 -- E2F1 -- RELA -- JUN -- RXRB -- TNFAIP3 -- SP1 -- VEGFA -- ADAM17 -- EIF2AK2 -- BIRC3 -- IRAK1 -- MAP4K4 -- TNFRSF1B -- CYLD -- MAP3K1 -- ZFP36 -- BIRC2 -- ATM -- IL4 -- HSPB1 -- CDKN2A -- FBXO31 -- PPM1A -- SOCS3 -- NGF -- SHC1 -- IFNB1 -- IRF1 -- RPAIN -- HIP1 -- OTUD7B -- XIAP -- ERBB2 -- MTOR -- PRNP -- IL16 -- HIF1A -- RPS6KA1 -- UBE2D3
780,MYD88 -- CHUK -- MAPK1 -- MAPK3 -- E2F1 -- RELA -- JUN -- RXRB -- TNFAIP3 -- SP1 -- VEGFA -- ADAM17 -- EIF2AK2 -- BIRC3 -- IRAK1 -- MAP4K4 -- TNFRSF1B -- CYLD -- MAP3K1 -- ZFP36 -- BIRC2 -- ATM -- IL4 -- HSPB1 -- CDKN2A -- FBXO31 -- PPM1A -- SOCS3 -- NGF -- SHC1 -- IFNB1 -- IRF1 -- RPAIN -- HIP1 -- OTUD7B -- XIAP -- ERBB2 -- MTOR -- PRNP -- IL16 -- HIF1A -- RPS6KA1 -- UBE2D3
781,MYD88 -- CHUK -- MAPK1 -- MAPK3 -- E2F1 -- RELA -- JUN -- RXRB -- TNFAIP3 -- SP1 -- VEGFA -- ADAM17 -- EIF2AK2 -- BIRC3 -- IRAK1 -- MAP4K4 -- TNFRSF1B -- TRAF1 -- MAP3K1 -- ZFP36 -- BIRC2 -- ATM -- IL4 -- HSPB1 -- CDKN2A -- FBXO31 -- PPM1A -- SOCS3 -- NGF -- SHC1 -- IFNB1 -- IRF1 -- RPAIN -- HIP1 -- OTUD7B -- XIAP -- ERBB2 -- MTOR -- PRNP -- IL16 -- HIF1A -- RPS6KA1 -- UBE2D3
782,MYD88 -- CHUK -- MAPK1 -- MAPK3 -- E2F1 -- RELA -- JUN -- RXRB -- TNFAIP3 -- SP1 -- VEGFA -- ADAM17 -- EIF2AK2 -- BIRC3 -- IRAK1 -- MAP4K4 -- TNFRSF1B -- CYLD -- MAP3K1 -- ZFP36 -- BIRC2 -- ATM -- IL4 -- HSPB1 -- CDKN2A -- FBXO31 -- PPM1A -- SOCS3 -- NGF -- SHC1 -- IFNB1 -- IRF1 -- RPAIN -- HIP1 -- OTUD7B -- XIAP -- ERBB2 -- MTOR -- PRNP -- IL16 -- HIF1A -- RPS6KA1 -- UBE2D3
783,MYD88 -- CHUK -- MAPK1 -- MAPK3 -- E2F1 -- RELA -- JUN -- RXRB -- TNFAIP3 -- SP1 -- VEGFA -- ADAM17 -- EIF2AK2 -- BIRC3 -- IRAK1 -- MAP4K4 -- TNFRSF1B -- CYLD -- MAP3K1 -- ZFP36 -- BIRC2 -- ATM -- IL4 -- HSPB1 -- CDKN2A -- FBXO31 -- PPM1A -- SOCS3 -- NGF -- SHC1 -- IFNB1 -- IRF1 -- RPAIN -- HIP1 -- OTUD7B -- XIAP -- ERBB2 -- MTOR -- PRNP -- IL16 -- HIF1A -- RPS6KA1 -- UBE2D3
784,MYD88 -- CHUK -- MAPK1 -- MAPK3 -- E2F1 -- RELA -- JUN -- RXRB -- TNFAIP3 -- SP1 -- VEGFA -- ADAM17 -- EIF2AK2 -- BIRC3 -- IRAK1 -- MAP4K4 -- TNFRSF1B -- CYLD -- MAP3K1 -- ZFP36 -- BIRC2 -- ATM -- IL4 -- HSPB1 -- CDKN2A -- FBXO31 -- PPM1A -- SOCS3 -- NGF -- SHC1 -- IFNB1 -- IRF1 -- RPAIN -- HIP1 -- OTUD7B -- XIAP -- ERBB2 -- MTOR -- PRNP -- IL16 -- HIF1A -- RPS6KA1 -- UBE2D3
785,MYD88 -- CHUK -- MAPK1 -- MAPK3 -- E2F1 -- RELA -- JUN -- RXRB -- TNFAIP3 -- SP1 -- VEGFA -- ADAM17 -- EIF2AK2 -- BIRC3 -- IRAK1 -- MAP4K4 -- TNFRSF1B -- TRAF1 -- MAP3K1 -- ZFP36 -- BIRC2 -- ATM -- IL4 -- HSPB1 -- CDKN2A -- FBXO31 -- PPM1A -- SOCS3 -- NGF -- SHC1 -- IFNB1 -- IRF1 -- RPAIN -- HIP1 -- OTUD7B -- XIAP -- ERBB2 -- MTOR -- PRNP -- IL16 -- HIF1A -- RPS6KA1 -- UBE2D3
786,MYD88 -- CHUK -- MAPK1 -- MAPK3 -- E2F1 -- RELA -- JUN -- RXRB -- TNFAIP3 -- SP1 -- VEGFA -- ADAM17 -- EIF2AK2 -- BIRC3 -- IRAK1 -- MAP4K4 -- TNFRSF1B -- CYLD -- MAP3K1 -- ZFP36 -- BIRC2 -- ATM -- IL4 -- HSPB1 -- CDKN2A -- FBXO31 -- PPM1A -- SOCS3 -- NGF -- SHC1 -- IFNB1 -- IRF1 -- RPAIN -- HIP1 -- OTUD7B -- XIAP -- ERBB2 -- MTOR -- PRNP -- IL16 -- HIF1A -- RPS6KA1 -- UBE2D3
787,MYD88 -- CHUK -- MAPK1 -- MAPK3 -- E2F1 -- RELA -- JUN -- RXRB -- TNFAIP3 -- SP1 -- VEGFA -- ADAM17 -- EIF2AK2 -- BIRC3 -- IRAK1 -- MAP4K4 -- TNFRSF1B -- CYLD -- MAP3K1 -- ZFP36 -- BIRC2 -- ATM -- IL4 -- HSPB1 -- CDKN2A -- FBXO31 -- PPM1A -- SOCS3 -- NGF -- SHC1 -- IFNB1 -- IRF1 -- RPAIN -- HIP1 -- OTUD7B -- XIAP -- ERBB2 -- MTOR -- PRNP -- IL16 -- HIF1A -- RPS6KA1 -- UBE2D3
788,MYD88 -- CHUK -- MAPK1 -- MAPK3 -- E2F1 -- RELA -- JUN -- RXRB -- TNFAIP3 -- SP1 -- VEGFA -- ADAM17 -- EIF2AK2 -- BIRC3 -- IRAK1 -- MAP4K4 -- TNFRSF1B -- TRAF1 -- MAP3K1 -- ZFP36 -- BIRC2 -- ATM -- IL4 -- HSPB1 -- CDKN2A -- FBXO31 -- PPM1A -- SOCS3 -- NGF -- SHC1 -- IFNB1 -- IRF1 -- RPAIN -- HIP1 -- OTUD7B -- XIAP -- ERBB2 -- MTOR -- PRNP -- IL16 -- HIF1A -- RPS6KA1 -- UBE2D3
789,MYD88 -- CHUK -- MAPK1 -- MAPK3 -- E2F1 -- RELA -- JUN -- RXRB -- TNFAIP3 -- SP1 -- VEGFA -- ADAM17 -- EIF2AK2 -- BIRC3 -- IRAK1 -- MAP4K4 -- TNFRSF1B -- TRAF1 -- MAP3K1 -- ZFP36 -- BIRC2 -- ATM -- IL4 -- HSPB1 -- CDKN2A -- FBXO31 -- PPM1A -- SOCS3 -- NGF -- SHC1 -- IFNB1 -- IRF1 -- RPAIN -- HIP1 -- OTUD7B -- XIAP -- ERBB2 -- MTOR -- PRNP -- IL16 -- HIF1A -- RPS6KA1 -- UBE2D3
790,MYD88 -- CHUK -- MAPK1 -- MAPK3 -- E2F1 -- RELA -- JUN -- RXRB -- TNFAIP3 -- SP1 -- VEGFA -- ADAM17 -- EIF2AK2 -- BIRC3 -- IRAK1 -- MAP4K4 -- TNFRSF1B -- TRAF1 -- MAP3K1 -- ZFP36 -- BIRC2 -- ATM -- IL4 -- HSPB1 -- CDKN2A -- FBXO31 -- PPM1A -- SOCS3 -- NGF -- SHC1 -- IFNB1 -- IRF1 -- RPAIN -- HIP1 -- OTUD7B -- XIAP -- ERBB2 -- MTOR -- PRNP -- IL16 -- HIF1A -- RPS6KA1 -- UBE2D3
791,MYD88 -- CHUK -- MAPK1 -- MAPK3 -- E2F1 -- RELA -- JUN -- RXRB -- TNFAIP3 -- SP1 -- VEGFA -- ADAM17 -- EIF2AK2 -- BIRC3 -- IRAK1 -- MAP4K4 -- TNFRSF1B -- CYLD -- MAP3K1 -- ZFP36 -- BIRC2 -- ATM -- IL4 -- HSPB1 -- CDKN2A -- FBXO31 -- PPM1A -- SOCS3 -- NGF -- SHC1 -- IFNB1 -- IRF1 -- RPAIN -- HIP1 -- OTUD7B -- XIAP -- ERBB2 -- MTOR -- PRNP -- IL16 -- HIF1A -- RPS6KA1 -- UBE2D3
792,MYD88 -- CHUK -- MAPK1 -- MAPK3 -- E2F1 -- RELA -- JUN -- RXRB -- TNFAIP3 -- SP1 -- VEGFA -- ADAM17 -- EIF2AK2 -- BIRC3 -- IRAK1 -- MAP4K4 -- TNFRSF1B -- TRAF1 -- MAP3K1 -- ZFP36 -- BIRC2 -- ATM -- IL4 -- HSPB1 -- CDKN2A -- FBXO31 -- PPM1A -- SOCS3 -- NGF -- SHC1 -- IFNB1 -- IRF1 -- RPAIN -- HIP1 -- OTUD7B -- XIAP -- ERBB2 -- MTOR -- PRNP -- IL16 -- HIF1A -- RPS6KA1 -- UBE2D3
793,MYD88 -- CHUK -- MAPK1 -- MAPK3 -- E2F1 -- RELA -- JUN -- RXRB -- TNFAIP3 -- SP1 -- VEGFA -- ADAM17 -- EIF2AK2 -- BIRC3 -- IRAK1 -- MAP4K4 -- TNFRSF1B -- CYLD -- MAP3K1 -- ZFP36 -- BIRC2 -- ATM -- IL4 -- HSPB1 -- CDKN2A -- FBXO31 -- PPM1A -- SOCS3 -- NGF -- SHC1 -- IFNB1 -- IRF1 -- RPAIN -- HIP1 -- OTUD7B -- XIAP -- ERBB2 -- MTOR -- PRNP -- IL16 -- HIF1A -- RPS6KA1 -- UBE2D3
794,MYD88 -- CHUK -- MAPK1 -- MAPK3 -- E2F1 -- RELA -- JUN -- RXRB -- TNFAIP3 -- SP1 -- VEGFA -- ADAM17 -- EIF2AK2 -- BIRC3 -- IRAK1 -- MAP4K4 -- TNFRSF1B -- CYLD -- MAP3K1 -- ZFP36 -- BIRC2 -- ATM -- IL4 -- HSPB1 -- CDKN2A -- FBXO31 -- PPM1A -- SOCS3 -- NGF -- SHC1 -- IFNB1 -- IRF1 -- RPAIN -- HIP1 -- OTUD7B -- XIAP -- ERBB2 -- MTOR -- PRNP -- IL16 -- HIF1A -- RPS6KA1 -- UBE2D3
795,MYD88 -- CHUK -- MAPK1 -- MAPK3 -- E2F1 -- RELA -- JUN -- RXRB -- TNFAIP3 -- SP1 -- VEGFA -- ADAM17 -- EIF2AK2 -- BIRC3 -- IRAK1 -- MAP4K4 -- TNFRSF1B -- TRAF1 -- MAP3K1 -- ZFP36 -- BIRC2 -- ATM -- IL4 -- HSPB1 -- CDKN2A -- FBXO31 -- PPM1A -- SOCS3 -- NGF -- SHC1 -- IFNB1 -- IRF1 -- RPAIN -- HIP1 -- OTUD7B -- XIAP -- ERBB2 -- MTOR -- PRNP -- IL16 -- HIF1A -- RPS6KA1 -- UBE2D3
796,MYD88 -- CHUK -- MAPK1 -- MAPK3 -- E2F1 -- RELA -- JUN -- RXRB -- TNFAIP3 -- SP1 -- VEGFA -- ADAM17 -- EIF2AK2 -- BIRC3 -- IRAK1 -- MAP4K4 -- TNFRSF1B -- TRAF1 -- MAP3K1 -- ZFP36 -- BIRC2 -- ATM -- IL4 -- HSPB1 -- CDKN2A -- FBXO31 -- PPM1A -- SOCS3 -- NGF -- SHC1 -- IFNB1 -- IRF1 -- RPAIN -- HIP1 -- OTUD7B -- XIAP -- ERBB2 -- MTOR -- PRNP -- IL16 -- HIF1A -- RPS6KA1 -- UBE2D3
797,MYD88 -- CHUK -- MAPK1 -- MAPK3 -- E2F1 -- RELA -- JUN -- RXRB -- TNFAIP3 -- SP1 -- VEGFA -- ADAM17 -- EIF2AK2 -- BIRC3 -- IRAK1 -- MAP4K4 -- TNFRSF1B -- CYLD -- MAP3K1 -- ZFP36 -- BIRC2 -- ATM -- IL4 -- HSPB1 -- CDKN2A -- FBXO31 -- PPM1A -- SOCS3 -- NGF -- SHC1 -- IFNB1 -- IRF1 -- RPAIN -- HIP1 -- OTUD7B -- XIAP -- ERBB2 -- MTOR -- PRNP -- IL16 -- HIF1A -- RPS6KA1 -- UBE2D3
798,MYD88 -- CHUK -- MAPK1 -- MAPK3 -- E2F1 -- RELA -- JUN -- RXRB -- TNFAIP3 -- SP1 -- VEGFA -- ADAM17 -- EIF2AK2 -- BIRC3 -- IRAK1 -- MAP4K4 -- TNFRSF1B -- TRAF1 -- MAP3K1 -- ZFP36 -- BIRC2 -- ATM -- IL4 -- HSPB1 -- CDKN2A -- FBXO31 -- PPM1A -- SOCS3 -- NGF -- SHC1 -- IFNB1 -- IRF1 -- RPAIN -- HIP1 -- OTUD7B -- XIAP -- ERBB2 -- MTOR -- PRNP -- IL16 -- HIF1A -- RPS6KA1 -- UBE2D3
799,MYD88 -- CHUK -- MAPK1 -- MAPK3 -- E2F1 -- RELA -- JUN -- RXRB -- TNFAIP3 -- SP1 -- VEGFA -- ADAM17 -- EIF2AK2 -- BIRC3 -- IRAK1 -- MAP4K4 -- TNFRSF1B -- TRAF1 -- MAP3K1 -- ZFP36 -- BIRC2 -- ATM -- IL4 -- HSPB1 -- CDKN2A -- FBXO31 -- PPM1A -- SOCS3 -- NGF -- SHC1 -- IFNB1 -- IRF1 -- RPAIN -- HIP1 -- OTUD7B -- XIAP -- ERBB2 -- MTOR -- PRNP -- IL16 -- HIF1A -- RPS6KA1 -- UBE2D3
